#
# Compatibility version : 4.3
# File ID : FJ4185
# Representation ID : BP29040
# Build-up logic : FMA 3.0 is_a
# Concept ID : FMA65908
# English name : Left second intercostobrachial nerve
# Bounds(mm): (68.175400,-90.375500,1184.674300)-(188.225400,-48.009900,1331.452400)
# Volume(cm3): 0.571100
#
v 68.5253 -62.2865 1329.75
v 68.3468 -62.6688 1329.97
v 68.2561 -62.6718 1330.75
v 68.2066 -62.2685 1330.35
v 68.3189 -62.2773 1329.96
v 68.461 -62.0691 1329.95
v 68.3958 -62.0893 1330.92
v 68.5466 -63.2319 1330.52
v 68.5112 -62.4609 1331.2
v 68.4227 -61.8846 1330.37
v 69.5218 -62.7483 1329.29
v 70.0261 -62.2099 1329.19
v 69.4638 -63.2993 1329.69
v 68.7408 -63.2308 1330.93
v 68.7078 -62.8545 1331.25
v 68.7445 -62.4676 1331.34
v 68.7128 -62.0774 1331.22
v 69.7472 -63.5396 1330.25
v 70.0819 -63.4601 1330.58
v 69.1224 -63.0741 1331.24
v 69.1323 -62.8535 1331.36
v 69.1536 -62.472 1331.42
v 69.1283 -62.0893 1331.33
v 70.4577 -63.1989 1330.8
v 70.6026 -62.8028 1330.93
v 70.3218 -62.3621 1331.02
v 68.748 -61.7775 1330.92
v 69.1241 -61.8753 1331.19
v 69.7783 -61.6858 1329.91
v 70.0553 -61.7577 1330.64
v 70.2749 -61.9763 1330.83
v 80.4451 -63.8367 1325.07
v 80.4875 -64.78 1325.87
v 80.3204 -62.8744 1326.45
v 81.4301 -64.4458 1324.82
v 81.4232 -63.4236 1326.62
v 83.9623 -64.0517 1325.73
v 82.7589 -63.3473 1325.86
v 83.6096 -49.4407 1308.93
v 84.421 -50.0055 1308.08
v 84.705 -49.6436 1307.45
v 84.5241 -50.0722 1308.72
v 83.9445 -49.4545 1309.37
v 85.0079 -49.7066 1309.22
v 83.4431 -48.8748 1308.74
v 83.6152 -49.0857 1308.18
v 83.5583 -48.6645 1308.36
v 83.5865 -48.4809 1308.76
v 84.4417 -48.7635 1307.72
v 83.9212 -48.2285 1308.36
v 83.9198 -48.161 1308.76
v 84.7386 -48.373 1307.94
v 84.3029 -48.0414 1308.55
v 83.7053 -49.0601 1309.34
v 83.5535 -48.8676 1309.13
v 83.911 -48.4829 1309.32
v 84.3225 -48.8886 1309.61
v 84.3189 -48.1466 1309.11
v 84.3453 -48.3145 1309.34
v 84.5252 -65.1859 1324.99
v 85.0009 -63.9403 1323.45
v 84.2004 -63.4928 1324.16
v 84.5474 -64.9927 1325.24
v 85.023 -48.2316 1308.38
v 85.4706 -49.374 1309.2
v 85.304 -48.8708 1309.22
v 85.2381 -48.4565 1308.93
v 86.4236 -63.6585 1323.81
v 89.4499 -50.3837 1305.68
v 90.4197 -65.2669 1321.12
v 90.443 -65.9101 1322.8
v 91.374 -64.8081 1320.98
v 89.305 -64.4543 1323.43
v 90.8383 -64.4677 1322.53
v 89.9129 -52.6845 1305.36
v 91.2941 -51.1945 1305.26
v 90.7556 -51.1854 1306.06
v 91.2378 -66.1794 1321.27
v 90.6208 -65.5652 1322.99
v 91.4967 -66.2867 1322
v 92.5707 -65.3278 1322.24
v 91.6524 -64.4822 1321.56
v 92.2181 -53.6338 1304.74
v 93.409 -52.7436 1303
v 92.928 -52.7344 1305.12
v 93.2827 -53.5569 1304.8
v 95.4566 -65.1708 1320.37
v 94.3784 -54.0357 1302.24
v 94.6915 -54.7464 1302.33
v 97.5544 -67.0703 1318.33
v 96.4801 -66.1143 1318.62
v 96.1926 -55.6975 1302.37
v 96.9501 -54.5109 1303.06
v 97.102 -55.4677 1302.89
v 96.3215 -53.687 1302.23
v 98.2053 -67.3704 1319.42
v 98.6333 -67.619 1318.74
v 97.6717 -65.7605 1319.75
v 98.585 -56.8683 1300.78
v 99.7768 -57.5086 1300.82
v 97.6708 -55.3582 1300.69
v 97.945 -54.8995 1300.86
v 98.0663 -54.6187 1302.18
v 99.7361 -66.9903 1319.2
v 100.647 -66.2311 1317.57
v 100.576 -66.7095 1318.78
v 99.0615 -56.8091 1300.2
v 101.392 -56.4616 1300.92
v 100.547 -55.8844 1300.21
v 101.493 -67.653 1318.32
v 102.681 -58.3218 1298.58
v 100.999 -56.0105 1300.52
v 103.146 -57.8046 1298.53
v 103.177 -58.0458 1300.42
v 104.924 -68.8339 1315.37
v 106.48 -68.6434 1314.21
v 105.208 -68.0351 1316.77
v 104.593 -67.0373 1316.31
v 104.795 -59.9508 1298.05
v 103.902 -59.0677 1299.94
v 107.078 -69.3338 1315.33
v 108.401 -68.5239 1313.43
v 110.849 -70.0593 1312.47
v 109.57 -68.465 1314.58
v 108.71 -62.1696 1297.03
v 111.659 -70.5105 1312.68
v 111.509 -68.6414 1312.83
v 112.729 -69.1143 1311.84
v 113.15 -63.9343 1294.62
v 112.019 -63.5389 1296.59
v 112.709 -62.9719 1294.78
v 114.432 -64.9945 1294.46
v 114.035 -63.1635 1294.55
v 113.117 -62.3279 1295.65
v 113.453 -62.5596 1295.97
v 113.182 -62.9985 1296.54
v 115.098 -69.5202 1311.54
v 115.144 -64.5745 1295.71
v 117.669 -66.6644 1293.64
v 117.532 -64.8692 1294.6
v 117.161 -65.1104 1294.94
v 119.578 -71.0526 1308.41
v 119.432 -71.1897 1310.15
v 119.129 -67.0698 1293.62
v 119.557 -66.7733 1293.8
v 118.702 -66.2677 1292.2
v 118.953 -65.5657 1292.51
v 119.915 -65.7089 1293.03
v 118.811 -71.6409 1310.37
v 120.205 -70.8125 1308.8
v 120.769 -71.1854 1309.31
v 121.22 -67.0153 1291.14
v 121.113 -66.9582 1293.11
v 121.553 -68.4205 1291.37
v 122.902 -68.8677 1290.37
v 121.851 -67.9395 1292.62
v 121.52 -66.5847 1291.53
v 123.29 -69.1465 1291.23
v 124.839 -68.4266 1289.32
v 125.339 -69.4164 1288.8
v 125.511 -69.1967 1290.78
v 124.896 -68.0797 1290.82
v 125.507 -68.1931 1290.13
v 126.451 -70.3274 1289.76
v 127.19 -70.8832 1288.52
v 126.173 -68.5641 1289.11
v 127.86 -69.553 1289.33
v 129.255 -71.1223 1286.47
v 129.414 -70.0593 1286.87
v 129.26 -71.2814 1288.28
v 129.263 -71.6217 1286.87
v 130.503 -72.0977 1287.02
v 129.645 -70.6506 1286.3
v 131.007 -70.4412 1286.44
v 131.237 -75.2188 1303.82
v 132.389 -71.8308 1286.62
v 132.277 -71.0054 1286.24
v 134.189 -73.4239 1283.54
v 134.376 -73.6629 1283.95
v 133.861 -72.4542 1283.49
v 133.863 -72.0461 1283.7
v 133.9 -71.725 1284.07
v 135.185 -74.9136 1302.04
v 135.129 -73.2987 1284.64
v 134.414 -73.0909 1283.11
v 135.791 -72.2451 1283.4
v 135.402 -72.6203 1284.57
v 134.014 -75.7486 1301.57
v 135.813 -75.1566 1301.11
v 135.134 -75.6519 1300.9
v 134.883 -75.6033 1302.56
v 135.376 -75.3093 1302.33
v 137.675 -74.0196 1280.85
v 137.631 -73.577 1281.02
v 136.446 -74.239 1283.27
v 138.349 -76.8252 1299.36
v 138.41 -76.8251 1300.54
v 138.337 -77.0439 1299.63
v 139.064 -75.0972 1280.04
v 137.677 -76.0833 1301.29
v 137.618 -73.2059 1281.37
v 138.479 -74.1747 1282.47
v 140.102 -76.6677 1298.43
v 141.564 -77.9296 1298.19
v 141.362 -77.6206 1297.64
v 141.102 -77.4677 1299.06
v 141.302 -76.6677 1298.59
v 141.702 -77.2349 1298.95
v 141.913 -76.7361 1298.64
v 142.102 -77.0677 1298.55
v 140.902 -76.6677 1300.04
v 141.797 -76.4739 1299.59
v 142.091 -76.3933 1299.03
v 145.077 -78.4677 1295.08
v 144.459 -78.4605 1296.72
v 144.691 -78.2527 1296.7
v 145.321 -76.4554 1275.44
v 144.663 -77.0215 1277.66
v 145.157 -77.2049 1298.13
v 143.931 -75.5469 1278.41
v 146.302 -78.2161 1294.55
v 145.649 -78.9867 1294.96
v 146.51 -79.1843 1294.88
v 145.876 -77.541 1275.1
v 146.003 -76.139 1275.49
v 145.075 -77.4738 1276.84
v 146.668 -77.9114 1275.95
v 146.702 -77.7286 1297.15
v 148.504 -79.7857 1292.73
v 146.293 -77.9662 1275.31
v 147.502 -78.6677 1294.45
v 147.976 -79.2431 1294.01
v 147.672 -78.0197 1297.11
v 147.869 -78.9041 1297.48
v 146.99 -76.3244 1275.45
v 147.799 -77.4013 1275.66
v 149.372 -79.8137 1291.48
v 149.502 -79.6604 1296.15
v 149.903 -79.1987 1272.33
v 149.267 -78.4675 1274.31
v 149.102 -78.9786 1292.75
v 149.289 -79.4252 1291.57
v 148.765 -79.1686 1296.29
v 149.702 -79.0677 1296.04
v 148.492 -78.5661 1297.28
v 151.502 -80.4677 1289.35
v 150.999 -80.2654 1290.81
v 151.769 -79.8677 1290.15
v 150.154 -79.6213 1291.97
v 150.902 -80.0677 1296.6
v 150.93 -79.7112 1296.61
v 150.526 -78.0778 1271.47
v 150.701 -78.9839 1271.08
v 150.198 -79.2707 1272.79
v 151.584 -78.8819 1272.58
v 152.748 -81.4677 1295.55
v 152.034 -80.2949 1288.62
v 152.253 -80.7698 1288.98
v 153.424 -80.5025 1288.24
v 151.81 -79.8517 1296.04
v 152.956 -80.5472 1295.94
v 153.203 -80.6628 1295.54
v 152.304 -78.4031 1271.71
v 152.279 -78.1761 1271.06
v 153.518 -79.1034 1270.89
v 153.697 -81.0587 1287.55
v 153.902 -81.4677 1295.95
v 154.498 -82.1532 1294.89
v 154.481 -79.8498 1267.57
v 154.163 -80.4677 1268.15
v 153.486 -80.158 1270.34
v 153.502 -80.2677 1287.54
v 154.557 -79.013 1268.45
v 156.102 -83.8661 1294.95
v 156.291 -82.8766 1295.33
v 156.619 -83.1997 1294.75
v 155.502 -81.6255 1284.95
v 155.702 -81.4677 1284.06
v 156.135 -81.4345 1284.63
v 156.129 -80.3395 1265.84
v 155.73 -79.6948 1268.67
v 155.086 -80.063 1269.36
v 155.666 -81.0367 1284.38
v 155.781 -80.97 1284.71
v 158.253 -81.2326 1263.34
v 157.654 -81.4677 1264.35
v 156.944 -81.4337 1266
v 157.261 -81.1727 1266.71
v 157.702 -81.5474 1281.75
v 158.189 -82.0894 1281.61
v 157.047 -80.064 1265.23
v 157.728 -79.8978 1265.43
v 156.603 -79.59 1267.19
v 159.157 -85.9401 1294.16
v 159.454 -86.5213 1294.33
v 159.759 -86.3163 1293.84
v 159.511 -86.0623 1294.02
v 158.596 -85.9031 1294.78
v 159.305 -85.7051 1294.15
v 159.502 -85.6677 1294.23
v 159.702 -85.7599 1294.15
v 159.718 -81.6667 1261.41
v 159.794 -81.2585 1261.32
v 158.532 -81.1994 1265.51
v 158.275 -82.3009 1280.64
v 158.302 -82.0677 1280.41
v 158.464 -81.8734 1281.16
v 159.808 -80.6059 1262.16
v 158.279 -80.6723 1263.47
v 158.898 -80.4957 1264.99
v 161.287 -87.8375 1293.88
v 159.984 -86.0832 1293.64
v 160.608 -87.4183 1294.35
v 160.702 -86.7822 1293.75
v 160.702 -86.3724 1294.35
v 160.702 -86.2677 1294.16
v 159.501 -86.2853 1294.95
v 160.102 -86.0677 1294.83
v 159.943 -85.6908 1294.4
v 160.719 -82.9771 1277.21
v 161.302 -83.0677 1276.1
v 161.302 -82.8677 1276.02
v 160.875 -82.8262 1277.49
v 161.398 -81.6912 1258.87
v 159.867 -82.0395 1261.55
v 161.177 -82.2425 1261.45
v 160.992 -82.5342 1276.82
v 161.326 -82.6677 1276.75
v 160.374 -82.6313 1277.36
v 160.902 -82.488 1277.15
v 161.502 -87.6677 1294.5
v 162.502 -88.0677 1293.23
v 162.725 -87.7143 1293.7
v 162.702 -88.6849 1293.75
v 162.702 -87.8677 1294.04
v 162.783 -87.8394 1293.38
v 162.368 -82.67 1258.38
v 161.502 -83.163 1276.15
v 161.554 -83.0677 1276.35
v 161.502 -82.8677 1275.94
v 161.502 -82.6724 1276.15
v 161.702 -82.8709 1276.15
v 162.199 -81.4458 1257.9
v 161.861 -82.2567 1258.28
v 162.545 -81.2299 1257.89
v 162.016 -81.6534 1260.87
v 161.372 -80.9248 1261.24
v 164.268 -89.2305 1292.53
v 164.302 -89.3755 1293.15
v 164.55 -89.0725 1292.35
v 163.169 -88.9358 1293.32
v 164.495 -88.6677 1293.15
v 164.549 -89.0638 1293.25
v 163.502 -86.8677 1290.31
v 163.656 -87.0252 1291.27
v 163.702 -86.5005 1290.75
v 163.767 -86.6511 1291.08
v 164.026 -87.3548 1290.19
v 164.502 -87.388 1290.15
v 163.578 -82.7736 1257.39
v 164.268 -82.2901 1253.89
v 163.31 -81.8431 1255.79
v 163.682 -81.4851 1255.79
v 163.165 -81.219 1257.88
v 164.092 -82.0927 1257.45
v 164.381 -81.5057 1256.21
v 163.533 -82.4434 1258.15
v 163.748 -81.6644 1257.91
v 164.85 -89.6414 1292.56
v 165.702 -89.0849 1292.15
v 166.102 -89.4677 1291.61
v 166.102 -89.2599 1292.35
v 165.302 -87.4943 1289.15
v 164.596 -88.8117 1292.51
v 165.832 -87.2677 1287.55
v 165.572 -86.7487 1288.28
v 165.907 -86.8551 1288.51
v 165.053 -87.0814 1289.77
v 165.132 -82.8867 1252.7
v 166.241 -82.8771 1253.01
v 164.841 -81.5206 1254.25
v 165.289 -81.8045 1252.59
v 166.266 -89.8313 1291.52
v 167.163 -89.8768 1291
v 166.314 -90.0449 1291.74
v 166.227 -89.9737 1292.17
v 166.902 -89.3911 1291.75
v 167.102 -90.03 1291.84
v 167.635 -89.8215 1291.63
v 166.3 -87.5408 1287.53
v 166.386 -87.4704 1287.82
v 167.702 -87.2677 1285.08
v 167.754 -87.0677 1284.95
v 166.656 -83.2425 1250.61
v 166.517 -83.1861 1251.66
v 167.774 -82.5185 1250.37
v 166.785 -82.0988 1252.15
v 169.102 -90.0677 1289.9
v 168.204 -89.6129 1291.07
v 168.218 -90.2709 1290.6
v 168.209 -90.3112 1291
v 168.699 -90.3637 1290.55
v 168.79 -90.0691 1290.94
v 168.542 -89.618 1290.43
v 169.132 -90.3113 1290.14
v 169.123 -90.3032 1290.52
v 168.502 -87.413 1284.75
v 168.702 -87.0677 1284.92
v 168.033 -86.7264 1285.28
v 170.146 -90.2206 1289.73
v 170.302 -90.1286 1289.35
v 170.756 -89.6287 1288.87
v 169.585 -89.5453 1289.88
v 169.502 -89.6474 1290.35
v 169.71 -89.8464 1290.38
v 170.318 -90.0677 1289.95
v 169.502 -86.7004 1283.15
v 169.937 -86.6731 1283.36
v 169.833 -87.0511 1282.81
v 170.302 -87.1693 1282.55
v 170.375 -87.0536 1283.05
v 171.302 -89.1911 1288.75
v 171.502 -89.8474 1288.75
v 171.702 -89.7599 1288.95
v 171.702 -89.2677 1289.06
v 171.382 -86.7035 1281.57
v 172.378 -86.6677 1281.55
v 172.302 -86.4161 1281.15
v 172.149 -82.8455 1238.73
v 172.917 -88.8111 1287.53
v 172.795 -88.5804 1287.71
v 173.468 -88.4812 1287.92
v 173.617 -88.155 1287.6
v 174.153 -87.8164 1287.12
v 173.542 -86.6745 1280.27
v 174.102 -86.7724 1280.15
v 172.702 -86.913 1281.15
v 174.016 -86.6731 1280.47
v 173.738 -83.7789 1237.42
v 172.349 -83.3974 1238.27
v 172.295 -83.7454 1239.92
v 174.676 -87.6971 1286.47
v 174.302 -86.7224 1279.95
v 174.415 -86.6677 1280.15
v 174.302 -86.3065 1279.95
v 174.302 -86.2677 1280.16
v 174.55 -86.4677 1280.15
v 175.051 -87.3788 1286.4
v 175.581 -87.4677 1285.95
v 175.007 -83.4514 1232.74
v 174.787 -83.8976 1233.99
v 174.594 -82.8972 1234.1
v 175.123 -83.6078 1235.09
v 174.6 -83.0465 1236.28
v 173.675 -82.6198 1236.88
v 176.225 -87.4677 1285.95
v 175.987 -86.9979 1286.21
v 176.472 -87.0677 1286.15
v 176.46 -86.9082 1285.53
v 176.702 -87.228 1285.55
v 177.171 -86.876 1285.17
v 177.265 -86.8677 1285.75
v 177.183 -86.669 1285.71
v 177.338 -86.5011 1285.36
v 177.104 -83.8837 1228.35
v 176.718 -83.2641 1228.99
v 177.21 -83.9991 1229.68
v 176.468 -83.4566 1232.37
v 177.228 -78.2727 1206.74
v 177.327 -77.9086 1207.55
v 176.99 -78.4742 1209.2
v 177.05 -78.0624 1208.67
v 177.125 -78.6576 1209.56
v 176.876 -78.2683 1209.85
v 176.865 -78.0845 1210.78
v 176.818 -78.4771 1211.51
v 176.791 -78.2724 1212.36
v 176.918 -78.0308 1212.13
v 177.114 -78.7966 1211.95
v 177.117 -77.942 1212.33
v 177.315 -78.7788 1211.58
v 176.848 -78.6836 1213.57
v 177.114 -78.9177 1213.09
v 177.125 -79.0613 1213.85
v 177.11 -78.234 1213.9
v 177.013 -78.8677 1215.15
v 177.228 -79.4906 1215.57
v 177.335 -77.8397 1209.14
v 177.1 -77.8711 1210.74
v 177.326 -77.8651 1210.93
v 177.595 -86.6677 1284.95
v 177.867 -86.8687 1284.96
v 178.302 -86.8942 1284.95
v 178.45 -86.668 1284.63
v 178.509 -86.3735 1284.76
v 178.702 -86.6677 1285.1
v 178.102 -86.9099 1285.15
v 178.133 -86.6677 1285.35
v 178.141 -86.3757 1285.14
v 179.009 -83.6348 1222.83
v 179.051 -83.8216 1225.54
v 178.884 -82.781 1225.79
v 177.552 -82.9086 1228.19
v 177.791 -83.0553 1228.62
v 178.437 -83.4421 1227.58
v 177.537 -83.6579 1229.78
v 177.645 -83.2807 1229.47
v 178.456 -81.3836 1219.05
v 177.502 -79.5318 1215.15
v 177.579 -79.8677 1217.15
v 177.702 -80.2849 1216.75
v 178.102 -79.6677 1217.38
v 178.39 -80.0655 1216.62
v 178.344 -79.6844 1217
v 178.022 -80.8749 1218.1
v 178.302 -78.1599 1199.95
v 177.985 -78.0635 1201.06
v 178.502 -78.3443 1201.75
v 177.773 -78.2718 1203.03
v 177.71 -78.0584 1203.41
v 178.086 -78.538 1203.2
v 178.505 -78.0554 1202.94
v 178.302 -78.5192 1203.55
v 177.51 -78.6212 1206.11
v 177.723 -78.6998 1206.03
v 178.065 -77.9062 1205.29
v 177.487 -78.7098 1207.26
v 177.493 -78.7309 1208.19
v 177.704 -78.7076 1207.34
v 177.489 -78.7061 1209.43
v 177.796 -78.4608 1209.03
v 177.85 -78.0677 1208.55
v 177.513 -78.6617 1210.72
v 177.734 -78.2677 1210.73
v 177.504 -78.7028 1211.87
v 177.504 -78.8439 1212.99
v 177.694 -78.4677 1212.75
v 177.493 -79.1384 1214.12
v 177.494 -78.1373 1213.25
v 177.716 -79.2162 1214.67
v 177.756 -78.8621 1214.1
v 177.867 -78.9087 1214.66
v 177.73 -78.4832 1213.94
v 177.502 -78.7599 1215.75
v 177.533 -78.4419 1214.75
v 178.102 -76.5308 1193.22
v 178.292 -76.2689 1192.75
v 177.991 -76.6677 1194.95
v 178.057 -76.4568 1194.67
v 178.102 -76.9255 1194.75
v 178.113 -76.5597 1195.07
v 178.302 -76.4677 1195.12
v 178.582 -76.8677 1195.15
v 178.566 -76.6677 1194.95
v 178.502 -77.3224 1196.15
v 178.163 -77.6677 1198.15
v 178.29 -77.0754 1197.61
v 178.502 -77.1911 1198.35
v 178.741 -77.2677 1197.35
v 178.302 -77.438 1199.75
v 178.019 -77.8677 1200.35
v 177.982 -77.8583 1201.22
v 178.302 -77.6349 1201.55
v 178.483 -77.6343 1201.13
v 177.913 -77.8286 1203.12
v 178.114 -77.7869 1203.49
v 177.699 -77.8709 1205.35
v 177.888 -76.0654 1191.8
v 177.725 -75.8677 1191.75
v 178.085 -76.0603 1191.78
v 177.902 -75.8677 1191.49
v 177.902 -75.5974 1191.75
v 178.102 -76.2677 1192.33
v 178.24 -76.0604 1192.14
v 178.208 -75.8731 1191.77
v 178.248 -75.8713 1192.15
v 178.102 -75.6224 1191.75
v 177.895 -76.2614 1192.58
v 177.86 -76.2859 1193.28
v 177.785 -76.0677 1192.35
v 177.819 -76.0686 1192.76
v 177.813 -75.8677 1192.35
v 177.904 -76.1914 1192.33
v 178.051 -76.0909 1193.4
v 178.101 -75.8231 1192.54
v 178.388 -76.2677 1193.15
v 178.302 -76.0677 1192.41
v 178.338 -76.0677 1192.75
v 178.3 -76.0968 1193.33
v 179.191 -86.3553 1284.71
v 179.302 -86.8677 1284.54
v 179.404 -86.4684 1284.79
v 179.902 -86.8786 1284.55
v 180.221 -86.6859 1284.57
v 180.471 -83.7467 1218.44
v 179.499 -83.4739 1220.73
v 179.464 -83.2558 1220.89
v 179.482 -83.4561 1221.15
v 179.44 -83.1521 1220.06
v 179.502 -83.0397 1220.95
v 179.721 -83.5351 1220.26
v 179.832 -83.2677 1219.95
v 179.702 -83.1359 1219.95
v 179.902 -82.6849 1219.75
v 180.102 -82.9443 1219.95
v 180.102 -82.788 1220.95
v 180.302 -82.8677 1220.48
v 180.658 -83.0677 1220.15
v 179.428 -83.245 1221.59
v 179.519 -83.2677 1221.15
v 179.63 -83.9738 1222.62
v 179.702 -83.023 1221.15
v 180.413 -83.2408 1222.36
v 180.646 -83.2677 1221.15
v 179.302 -82.8677 1225.22
v 180.575 -82.3996 1220.55
v 180.502 -82.6677 1220.42
v 180.565 -82.3658 1221.79
v 179.302 -82.6677 1223.31
v 182.102 -87.0677 1283.52
v 180.702 -87.0536 1284.15
v 180.582 -86.6747 1283.95
v 181.302 -86.8677 1284.22
v 181.174 -86.6633 1284.04
v 181.502 -87.0677 1283.65
v 181.628 -87.0529 1284.09
v 181.702 -86.7443 1283.75
v 181.702 -86.7443 1283.95
v 182.102 -87.2677 1283.74
v 182.247 -87.0677 1283.75
v 182.116 -87.0677 1283.95
v 182.151 -86.8677 1283.75
v 182.185 -83.0807 1212.63
v 181.302 -83.5505 1214.75
v 181.293 -83.633 1216.24
v 181.591 -83.0677 1216.55
v 180.927 -83.6339 1219.15
v 180.702 -82.9874 1220.35
v 180.92 -83.1588 1220.94
v 183.502 -82.8099 1201.15
v 182.902 -82.8605 1206.75
v 182.68 -82.2569 1204.38
v 182.502 -82.0677 1204.95
v 182.902 -81.8677 1204.51
v 183.08 -81.2095 1204.66
v 182.363 -82.6677 1205.95
v 182.504 -82.4565 1205.02
v 182.302 -82.4677 1206.18
v 182.378 -82.1942 1205.77
v 182.402 -82.2662 1206.23
v 182.507 -82.0767 1206.06
v 182.664 -82.1567 1206.7
v 182.709 -81.9575 1205.98
v 182.902 -82.0471 1206.05
v 182.93 -82.2899 1206.7
v 183.129 -82.4677 1206.15
v 183.094 -82.1393 1205.83
v 182.302 -82.2193 1208.15
v 182.569 -79.6722 1201.57
v 182.522 -80.3845 1202.73
v 182.542 -80.1861 1202.91
v 182.715 -80.4444 1202.42
v 183.177 -80.4797 1202.73
v 183.219 -80.3226 1203
v 183.097 -79.7081 1202.38
v 182.703 -80.4962 1203.76
v 182.901 -80.517 1203.83
v 182.86 -78.0677 1191.15
v 182.902 -78.082 1190.95
v 183.102 -78.1951 1190.95
v 183.102 -78.2318 1191.15
v 183.302 -78.0677 1190.96
v 183.332 -78.0677 1191.15
v 182.902 -78.1169 1193.15
v 183.29 -78.0762 1194.29
v 182.747 -78.0677 1196.15
v 183.102 -78.3224 1196.35
v 183.293 -78.2692 1197.01
v 183.345 -78.0776 1196.47
v 182.703 -78.2867 1198.02
v 182.901 -78.5671 1197.96
v 182.902 -77.9286 1197.95
v 183.115 -78.6223 1198.15
v 183.102 -78.0005 1198.35
v 183.339 -78.309 1197.85
v 183.343 -78.0759 1197.2
v 182.659 -78.9197 1199.79
v 182.902 -78.4005 1199.75
v 183.079 -79.1013 1199.67
v 183.101 -78.4424 1199.78
v 183.287 -79.0539 1200.15
v 183.317 -78.4653 1199.12
v 182.645 -78.8774 1200.34
v 182.9 -78.8154 1200.76
v 183.232 -78.9164 1200.61
v 183.092 -78.9028 1200.89
v 182.703 -79.4871 1201.97
v 182.902 -79.4988 1202.14
v 182.869 -77.867 1191.41
v 182.905 -77.8677 1190.95
v 182.91 -77.827 1191.28
v 183.102 -77.8677 1190.84
v 183.249 -77.8719 1190.96
v 183.102 -77.7599 1190.95
v 183.307 -77.8698 1191.37
v 182.778 -77.8818 1195.06
v 182.91 -77.6915 1194.24
v 183.104 -77.6506 1194.51
v 182.776 -77.879 1196.35
v 182.912 -77.7521 1196.47
v 183.335 -77.8816 1195.54
v 183.102 -77.8161 1197.35
v 185.166 -82.8698 1192.35
v 185.088 -82.9434 1193.39
v 184.548 -82.8544 1195.88
v 184.902 -82.8724 1195.35
v 184.843 -82.5019 1193.76
v 185.33 -82.5033 1194.02
v 184.412 -82.6712 1195.54
v 184.502 -82.1911 1196.75
v 183.851 -82.4646 1198.08
v 184.102 -82.1568 1197.95
v 184.036 -82.4695 1200.78
v 185.404 -81.6933 1210.08
v 185.404 -81.4748 1210.08
v 183.764 -82.3523 1214.27
v 184.097 -81.8677 1213.15
v 184.302 -81.5201 1213.15
v 184.496 -82.1309 1213.99
v 184.482 -81.5302 1213.58
v 184.902 -81.6677 1213.27
v 186.888 -83.2677 1184.95
v 186.894 -83.0677 1184.95
v 186.907 -82.9499 1185.37
v 186.491 -83.2677 1187.15
v 186.661 -83.0616 1185.93
v 186.663 -82.8061 1186.82
v 186.892 -83.0476 1187.12
v 186.9 -82.8537 1185.97
v 186.901 -82.8723 1186.54
v 186.08 -82.8616 1188.35
v 186.192 -83.1946 1189.04
v 186.681 -82.8573 1187.7
v 185.663 -82.8677 1189.95
v 186.305 -82.8503 1189.72
v 186.106 -82.6917 1188.87
v 185.983 -82.6008 1189.89
v 186.858 -81.4584 1205.62
v 186.039 -81.4708 1208.19
v 186.302 -81.7599 1208.15
v 186.452 -81.2627 1206.84
v 186.727 -81.4687 1208.04
v 185.766 -81.2698 1209.37
v 186.08 -81.2196 1209.52
v 186.484 -81.7298 1208.32
v 185.586 -81.9674 1210.33
v 185.615 -81.2486 1210.16
v 186.719 -81.0365 1206.68
v 187.096 -83.4047 1185.01
v 187.08 -83.3669 1185.49
v 187.102 -83.2677 1184.67
v 187.102 -83.0677 1184.68
v 187.102 -82.9286 1184.95
v 187.102 -82.9068 1185.35
v 187.302 -83.2788 1184.75
v 187.295 -83.3314 1184.95
v 187.285 -83.2794 1185.18
v 187.369 -83.2677 1184.95
v 187.36 -83.0677 1184.95
v 187.289 -83.0667 1185.29
v 187.102 -83.0569 1186.15
v 187.902 -81.2677 1201.76
v 187.902 -81.3224 1202.55
v 187.219 -81.2677 1203.95
v 187.19 -81.455 1206.19
v 187.902 -81.0677 1201.56
v 187.902 -80.8005 1201.75
v 188.225 -81.0677 1201.75
v 188.102 -80.8677 1201.7
v 187.447 -81.0677 1202.95
v 187.702 -80.8568 1202.35
v 187.702 -80.8443 1203.15
v 187.963 -81.0677 1203.06
v 187.902 -80.8317 1202.55
v 188.163 -81.0677 1202.15
v 188.109 -80.8794 1201.95
v 187.266 -80.9587 1204.26
v 187.513 -81.0677 1204.95
v 68.2066 -62.2685 1330.35
v 68.5466 -63.2319 1330.52
v 68.4227 -61.8846 1330.37
v 68.748 -61.7775 1330.92
v 84.705 -49.6436 1307.45
v 83.9445 -49.4545 1309.37
v 83.6152 -49.0857 1308.18
v 83.5583 -48.6645 1308.36
v 83.7053 -49.0601 1309.34
v 84.3453 -48.3145 1309.34
v 91.2378 -66.1794 1321.27
v 93.2827 -53.5569 1304.8
v 97.102 -55.4677 1302.89
v 118.702 -66.2677 1292.2
v 118.953 -65.5657 1292.51
v 121.22 -67.0153 1291.14
v 121.52 -66.5847 1291.53
v 131.237 -75.2188 1303.82
v 135.134 -75.6519 1300.9
v 134.883 -75.6033 1302.56
v 135.376 -75.3093 1302.33
v 141.362 -77.6206 1297.64
v 141.102 -77.4677 1299.06
v 141.102 -77.4677 1299.06
v 141.102 -77.4677 1299.06
v 141.302 -76.6677 1298.59
v 141.302 -76.6677 1298.59
v 141.702 -77.2349 1298.95
v 141.702 -77.2349 1298.95
v 141.913 -76.7361 1298.64
v 142.102 -77.0677 1298.55
v 142.102 -77.0677 1298.55
v 142.102 -77.0677 1298.55
v 140.902 -76.6677 1300.04
v 142.091 -76.3933 1299.03
v 142.091 -76.3933 1299.03
v 145.077 -78.4677 1295.08
v 145.157 -77.2049 1298.13
v 146.302 -78.2161 1294.55
v 145.876 -77.541 1275.1
v 146.702 -77.7286 1297.15
v 146.702 -77.7286 1297.15
v 147.502 -78.6677 1294.45
v 147.672 -78.0197 1297.11
v 147.869 -78.9041 1297.48
v 147.869 -78.9041 1297.48
v 147.869 -78.9041 1297.48
v 149.502 -79.6604 1296.15
v 149.102 -78.9786 1292.75
v 149.102 -78.9786 1292.75
v 149.102 -78.9786 1292.75
v 149.289 -79.4252 1291.57
v 149.289 -79.4252 1291.57
v 149.702 -79.0677 1296.04
v 149.702 -79.0677 1296.04
v 151.769 -79.8677 1290.15
v 151.769 -79.8677 1290.15
v 150.154 -79.6213 1291.97
v 150.902 -80.0677 1296.6
v 150.902 -80.0677 1296.6
v 150.93 -79.7112 1296.61
v 150.526 -78.0778 1271.47
v 152.748 -81.4677 1295.55
v 152.748 -81.4677 1295.55
v 152.034 -80.2949 1288.62
v 152.034 -80.2949 1288.62
v 152.253 -80.7698 1288.98
v 153.424 -80.5025 1288.24
v 151.81 -79.8517 1296.04
v 153.203 -80.6628 1295.54
v 153.203 -80.6628 1295.54
v 152.279 -78.1761 1271.06
v 153.697 -81.0587 1287.55
v 153.902 -81.4677 1295.95
v 153.902 -81.4677 1295.95
v 154.498 -82.1532 1294.89
v 154.481 -79.8498 1267.57
v 153.502 -80.2677 1287.54
v 156.102 -83.8661 1294.95
v 156.102 -83.8661 1294.95
v 156.102 -83.8661 1294.95
v 156.102 -83.8661 1294.95
v 156.291 -82.8766 1295.33
v 156.619 -83.1997 1294.75
v 155.502 -81.6255 1284.95
v 155.502 -81.6255 1284.95
v 155.702 -81.4677 1284.06
v 155.702 -81.4677 1284.06
v 156.135 -81.4345 1284.63
v 156.129 -80.3395 1265.84
v 155.666 -81.0367 1284.38
v 155.781 -80.97 1284.71
v 155.781 -80.97 1284.71
v 157.654 -81.4677 1264.35
v 157.702 -81.5474 1281.75
v 157.702 -81.5474 1281.75
v 158.189 -82.0894 1281.61
v 159.157 -85.9401 1294.16
v 159.454 -86.5213 1294.33
v 159.454 -86.5213 1294.33
v 159.759 -86.3163 1293.84
v 159.759 -86.3163 1293.84
v 158.596 -85.9031 1294.78
v 158.275 -82.3009 1280.64
v 158.302 -82.0677 1280.41
v 158.464 -81.8734 1281.16
v 159.808 -80.6059 1262.16
v 161.287 -87.8375 1293.88
v 159.984 -86.0832 1293.64
v 159.984 -86.0832 1293.64
v 160.608 -87.4183 1294.35
v 160.702 -86.7822 1293.75
v 160.702 -86.7822 1293.75
v 160.702 -86.7822 1293.75
v 160.702 -86.7822 1293.75
v 160.702 -86.7822 1293.75
v 160.702 -86.3724 1294.35
v 160.702 -86.3724 1294.35
v 160.702 -86.2677 1294.16
v 160.702 -86.2677 1294.16
v 159.501 -86.2853 1294.95
v 160.102 -86.0677 1294.83
v 159.943 -85.6908 1294.4
v 160.719 -82.9771 1277.21
v 161.302 -83.0677 1276.1
v 161.302 -82.8677 1276.02
v 161.302 -82.8677 1276.02
v 160.875 -82.8262 1277.49
v 160.992 -82.5342 1276.82
v 161.326 -82.6677 1276.75
v 160.374 -82.6313 1277.36
v 160.902 -82.488 1277.15
v 161.502 -87.6677 1294.5
v 162.502 -88.0677 1293.23
v 162.725 -87.7143 1293.7
v 162.702 -88.6849 1293.75
v 162.702 -88.6849 1293.75
v 162.702 -87.8677 1294.04
v 161.502 -83.163 1276.15
v 161.502 -83.163 1276.15
v 161.502 -83.163 1276.15
v 161.502 -83.163 1276.15
v 161.554 -83.0677 1276.35
v 161.554 -83.0677 1276.35
v 161.502 -82.8677 1275.94
v 161.502 -82.8677 1275.94
v 161.502 -82.8677 1275.94
v 161.502 -82.6724 1276.15
v 161.502 -82.6724 1276.15
v 161.702 -82.8709 1276.15
v 161.702 -82.8709 1276.15
v 161.702 -82.8709 1276.15
v 161.702 -82.8709 1276.15
v 164.268 -89.2305 1292.53
v 164.302 -89.3755 1293.15
v 164.55 -89.0725 1292.35
v 164.495 -88.6677 1293.15
v 164.495 -88.6677 1293.15
v 163.502 -86.8677 1290.31
v 163.502 -86.8677 1290.31
v 163.656 -87.0252 1291.27
v 163.702 -86.5005 1290.75
v 164.502 -87.388 1290.15
v 164.85 -89.6414 1292.56
v 166.102 -89.4677 1291.61
v 165.302 -87.4943 1289.15
v 165.832 -87.2677 1287.55
v 165.832 -87.2677 1287.55
v 165.572 -86.7487 1288.28
v 165.907 -86.8551 1288.51
v 165.053 -87.0814 1289.77
v 166.314 -90.0449 1291.74
v 166.227 -89.9737 1292.17
v 166.902 -89.3911 1291.75
v 167.635 -89.8215 1291.63
v 166.386 -87.4704 1287.82
v 167.702 -87.2677 1285.08
v 167.754 -87.0677 1284.95
v 169.102 -90.0677 1289.9
v 168.204 -89.6129 1291.07
v 168.542 -89.618 1290.43
v 168.502 -87.413 1284.75
v 168.502 -87.413 1284.75
v 168.502 -87.413 1284.75
v 168.702 -87.0677 1284.92
v 168.033 -86.7264 1285.28
v 168.033 -86.7264 1285.28
v 168.033 -86.7264 1285.28
v 170.302 -90.1286 1289.35
v 170.756 -89.6287 1288.87
v 169.585 -89.5453 1289.88
v 169.502 -89.6474 1290.35
v 169.71 -89.8464 1290.38
v 169.502 -86.7004 1283.15
v 169.502 -86.7004 1283.15
v 169.502 -86.7004 1283.15
v 169.937 -86.6731 1283.36
v 169.937 -86.6731 1283.36
v 169.833 -87.0511 1282.81
v 170.302 -87.1693 1282.55
v 170.375 -87.0536 1283.05
v 170.375 -87.0536 1283.05
v 171.302 -89.1911 1288.75
v 171.502 -89.8474 1288.75
v 171.702 -89.7599 1288.95
v 171.702 -89.7599 1288.95
v 171.702 -89.2677 1289.06
v 171.702 -89.2677 1289.06
v 171.702 -89.2677 1289.06
v 171.382 -86.7035 1281.57
v 171.382 -86.7035 1281.57
v 172.378 -86.6677 1281.55
v 172.302 -86.4161 1281.15
v 172.302 -86.4161 1281.15
v 172.302 -86.4161 1281.15
v 172.917 -88.8111 1287.53
v 173.468 -88.4812 1287.92
v 173.617 -88.155 1287.6
v 173.542 -86.6745 1280.27
v 174.102 -86.7724 1280.15
v 174.302 -86.7224 1279.95
v 174.302 -86.7224 1279.95
v 174.302 -86.7224 1279.95
v 174.302 -86.7224 1279.95
v 174.415 -86.6677 1280.15
v 174.415 -86.6677 1280.15
v 174.302 -86.3065 1279.95
v 174.302 -86.3065 1279.95
v 174.302 -86.3065 1279.95
v 174.302 -86.2677 1280.16
v 174.302 -86.2677 1280.16
v 174.55 -86.4677 1280.15
v 174.55 -86.4677 1280.15
v 174.55 -86.4677 1280.15
v 174.55 -86.4677 1280.15
v 175.581 -87.4677 1285.95
v 175.581 -87.4677 1285.95
v 174.594 -82.8972 1234.1
v 173.675 -82.6198 1236.88
v 176.225 -87.4677 1285.95
v 176.225 -87.4677 1285.95
v 176.225 -87.4677 1285.95
v 175.987 -86.9979 1286.21
v 176.472 -87.0677 1286.15
v 176.472 -87.0677 1286.15
v 176.46 -86.9082 1285.53
v 176.46 -86.9082 1285.53
v 176.702 -87.228 1285.55
v 176.702 -87.228 1285.55
v 176.702 -87.228 1285.55
v 177.265 -86.8677 1285.75
v 177.265 -86.8677 1285.75
v 177.338 -86.5011 1285.36
v 177.104 -83.8837 1228.35
v 176.718 -83.2641 1228.99
v 176.718 -83.2641 1228.99
v 177.21 -83.9991 1229.68
v 177.114 -78.7966 1211.95
v 176.848 -78.6836 1213.57
v 176.848 -78.6836 1213.57
v 177.114 -78.9177 1213.09
v 177.125 -79.0613 1213.85
v 177.013 -78.8677 1215.15
v 177.595 -86.6677 1284.95
v 178.302 -86.8942 1284.95
v 178.302 -86.8942 1284.95
v 178.45 -86.668 1284.63
v 178.702 -86.6677 1285.1
v 178.102 -86.9099 1285.15
v 178.133 -86.6677 1285.35
v 178.141 -86.3757 1285.14
v 179.009 -83.6348 1222.83
v 179.009 -83.6348 1222.83
v 179.009 -83.6348 1222.83
v 177.552 -82.9086 1228.19
v 177.502 -79.5318 1215.15
v 177.579 -79.8677 1217.15
v 177.702 -80.2849 1216.75
v 178.102 -79.6677 1217.38
v 178.39 -80.0655 1216.62
v 178.39 -80.0655 1216.62
v 178.302 -78.1599 1199.95
v 178.302 -78.1599 1199.95
v 178.302 -78.1599 1199.95
v 177.985 -78.0635 1201.06
v 178.502 -78.3443 1201.75
v 178.502 -78.3443 1201.75
v 178.086 -78.538 1203.2
v 178.505 -78.0554 1202.94
v 177.489 -78.7061 1209.43
v 177.85 -78.0677 1208.55
v 177.734 -78.2677 1210.73
v 177.694 -78.4677 1212.75
v 177.867 -78.9087 1214.66
v 177.502 -78.7599 1215.75
v 177.533 -78.4419 1214.75
v 178.102 -76.5308 1193.22
v 177.991 -76.6677 1194.95
v 178.102 -76.9255 1194.75
v 178.102 -76.9255 1194.75
v 178.302 -76.4677 1195.12
v 178.582 -76.8677 1195.15
v 178.502 -77.3224 1196.15
v 178.502 -77.3224 1196.15
v 178.163 -77.6677 1198.15
v 178.29 -77.0754 1197.61
v 178.502 -77.1911 1198.35
v 178.741 -77.2677 1197.35
v 178.741 -77.2677 1197.35
v 178.302 -77.438 1199.75
v 178.019 -77.8677 1200.35
v 178.019 -77.8677 1200.35
v 178.483 -77.6343 1201.13
v 178.114 -77.7869 1203.49
v 177.725 -75.8677 1191.75
v 177.725 -75.8677 1191.75
v 178.085 -76.0603 1191.78
v 177.902 -75.8677 1191.49
v 177.902 -75.8677 1191.49
v 177.902 -75.8677 1191.49
v 177.902 -75.8677 1191.49
v 177.902 -75.8677 1191.49
v 177.902 -75.5974 1191.75
v 177.902 -75.5974 1191.75
v 177.902 -75.5974 1191.75
v 178.102 -76.2677 1192.33
v 178.24 -76.0604 1192.14
v 178.208 -75.8731 1191.77
v 178.208 -75.8731 1191.77
v 178.102 -75.6224 1191.75
v 178.102 -75.6224 1191.75
v 178.102 -75.6224 1191.75
v 177.86 -76.2859 1193.28
v 177.785 -76.0677 1192.35
v 177.819 -76.0686 1192.76
v 177.819 -76.0686 1192.76
v 177.813 -75.8677 1192.35
v 178.101 -75.8231 1192.54
v 178.101 -75.8231 1192.54
v 178.388 -76.2677 1193.15
v 178.388 -76.2677 1193.15
v 178.302 -76.0677 1192.41
v 178.302 -76.0677 1192.41
v 178.338 -76.0677 1192.75
v 178.3 -76.0968 1193.33
v 179.191 -86.3553 1284.71
v 179.302 -86.8677 1284.54
v 179.902 -86.8786 1284.55
v 180.221 -86.6859 1284.57
v 180.221 -86.6859 1284.57
v 180.471 -83.7467 1218.44
v 180.471 -83.7467 1218.44
v 180.471 -83.7467 1218.44
v 180.471 -83.7467 1218.44
v 179.499 -83.4739 1220.73
v 179.499 -83.4739 1220.73
v 179.499 -83.4739 1220.73
v 179.482 -83.4561 1221.15
v 179.44 -83.1521 1220.06
v 179.721 -83.5351 1220.26
v 179.721 -83.5351 1220.26
v 179.721 -83.5351 1220.26
v 179.832 -83.2677 1219.95
v 179.832 -83.2677 1219.95
v 179.832 -83.2677 1219.95
v 179.832 -83.2677 1219.95
v 179.702 -83.1359 1219.95
v 179.902 -82.6849 1219.75
v 180.102 -82.9443 1219.95
v 180.102 -82.9443 1219.95
v 180.102 -82.9443 1219.95
v 180.102 -82.9443 1219.95
v 180.102 -82.788 1220.95
v 180.102 -82.788 1220.95
v 180.102 -82.788 1220.95
v 180.302 -82.8677 1220.48
v 180.302 -82.8677 1220.48
v 180.302 -82.8677 1220.48
v 180.302 -82.8677 1220.48
v 180.658 -83.0677 1220.15
v 180.658 -83.0677 1220.15
v 179.428 -83.245 1221.59
v 179.519 -83.2677 1221.15
v 179.63 -83.9738 1222.62
v 179.702 -83.023 1221.15
v 179.702 -83.023 1221.15
v 180.413 -83.2408 1222.36
v 180.646 -83.2677 1221.15
v 180.646 -83.2677 1221.15
v 180.646 -83.2677 1221.15
v 179.302 -82.8677 1225.22
v 180.575 -82.3996 1220.55
v 180.502 -82.6677 1220.42
v 180.502 -82.6677 1220.42
v 180.502 -82.6677 1220.42
v 179.302 -82.6677 1223.31
v 179.302 -82.6677 1223.31
v 182.102 -87.0677 1283.52
v 182.102 -87.0677 1283.52
v 182.102 -87.0677 1283.52
v 180.702 -87.0536 1284.15
v 180.702 -87.0536 1284.15
v 180.702 -87.0536 1284.15
v 180.582 -86.6747 1283.95
v 180.582 -86.6747 1283.95
v 180.582 -86.6747 1283.95
v 181.302 -86.8677 1284.22
v 181.174 -86.6633 1284.04
v 181.502 -87.0677 1283.65
v 181.502 -87.0677 1283.65
v 181.628 -87.0529 1284.09
v 181.702 -86.7443 1283.75
v 181.702 -86.7443 1283.95
v 182.102 -87.2677 1283.74
v 182.102 -87.2677 1283.74
v 182.102 -87.2677 1283.74
v 182.247 -87.0677 1283.75
v 182.247 -87.0677 1283.75
v 182.247 -87.0677 1283.75
v 182.116 -87.0677 1283.95
v 182.116 -87.0677 1283.95
v 182.116 -87.0677 1283.95
v 182.151 -86.8677 1283.75
v 182.151 -86.8677 1283.75
v 182.151 -86.8677 1283.75
v 181.302 -83.5505 1214.75
v 181.302 -83.5505 1214.75
v 181.293 -83.633 1216.24
v 181.591 -83.0677 1216.55
v 180.702 -82.9874 1220.35
v 180.702 -82.9874 1220.35
v 180.702 -82.9874 1220.35
v 183.502 -82.8099 1201.15
v 182.902 -82.8605 1206.75
v 182.902 -82.8605 1206.75
v 182.502 -82.0677 1204.95
v 182.502 -82.0677 1204.95
v 182.902 -81.8677 1204.51
v 182.902 -81.8677 1204.51
v 182.902 -81.8677 1204.51
v 182.902 -81.8677 1204.51
v 182.363 -82.6677 1205.95
v 182.302 -82.4677 1206.18
v 182.302 -82.4677 1206.18
v 182.507 -82.0767 1206.06
v 182.664 -82.1567 1206.7
v 183.129 -82.4677 1206.15
v 183.129 -82.4677 1206.15
v 182.302 -82.2193 1208.15
v 182.302 -82.2193 1208.15
v 182.715 -80.4444 1202.42
v 182.715 -80.4444 1202.42
v 183.177 -80.4797 1202.73
v 182.86 -78.0677 1191.15
v 182.902 -78.082 1190.95
v 182.902 -78.082 1190.95
v 183.102 -78.1951 1190.95
v 183.102 -78.1951 1190.95
v 183.102 -78.2318 1191.15
v 183.102 -78.2318 1191.15
v 183.302 -78.0677 1190.96
v 183.302 -78.0677 1190.96
v 183.302 -78.0677 1190.96
v 183.332 -78.0677 1191.15
v 182.902 -78.1169 1193.15
v 182.902 -78.1169 1193.15
v 183.29 -78.0762 1194.29
v 183.29 -78.0762 1194.29
v 182.747 -78.0677 1196.15
v 183.102 -78.3224 1196.35
v 182.703 -78.2867 1198.02
v 182.703 -78.2867 1198.02
v 182.902 -77.9286 1197.95
v 183.115 -78.6223 1198.15
v 183.102 -78.0005 1198.35
v 183.343 -78.0759 1197.2
v 182.659 -78.9197 1199.79
v 182.902 -78.4005 1199.75
v 183.079 -79.1013 1199.67
v 183.079 -79.1013 1199.67
v 183.101 -78.4424 1199.78
v 183.317 -78.4653 1199.12
v 182.905 -77.8677 1190.95
v 182.905 -77.8677 1190.95
v 183.102 -77.8677 1190.84
v 183.102 -77.8677 1190.84
v 183.249 -77.8719 1190.96
v 183.249 -77.8719 1190.96
v 183.102 -77.7599 1190.95
v 183.102 -77.7599 1190.95
v 183.102 -77.7599 1190.95
v 183.307 -77.8698 1191.37
v 183.104 -77.6506 1194.51
v 183.335 -77.8816 1195.54
v 183.102 -77.8161 1197.35
v 184.902 -82.8724 1195.35
v 185.33 -82.5033 1194.02
v 184.502 -82.1911 1196.75
v 184.036 -82.4695 1200.78
v 184.036 -82.4695 1200.78
v 183.764 -82.3523 1214.27
v 184.302 -81.5201 1213.15
v 184.496 -82.1309 1213.99
v 184.902 -81.6677 1213.27
v 184.902 -81.6677 1213.27
v 186.888 -83.2677 1184.95
v 186.894 -83.0677 1184.95
v 186.491 -83.2677 1187.15
v 186.491 -83.2677 1187.15
v 186.491 -83.2677 1187.15
v 186.491 -83.2677 1187.15
v 186.661 -83.0616 1185.93
v 186.661 -83.0616 1185.93
v 186.663 -82.8061 1186.82
v 186.663 -82.8061 1186.82
v 186.663 -82.8061 1186.82
v 186.892 -83.0476 1187.12
v 186.892 -83.0476 1187.12
v 186.9 -82.8537 1185.97
v 186.08 -82.8616 1188.35
v 186.192 -83.1946 1189.04
v 186.681 -82.8573 1187.7
v 185.663 -82.8677 1189.95
v 185.663 -82.8677 1189.95
v 185.663 -82.8677 1189.95
v 186.305 -82.8503 1189.72
v 185.983 -82.6008 1189.89
v 185.983 -82.6008 1189.89
v 186.858 -81.4584 1205.62
v 186.039 -81.4708 1208.19
v 186.302 -81.7599 1208.15
v 186.452 -81.2627 1206.84
v 186.727 -81.4687 1208.04
v 186.727 -81.4687 1208.04
v 185.766 -81.2698 1209.37
v 185.766 -81.2698 1209.37
v 186.08 -81.2196 1209.52
v 185.586 -81.9674 1210.33
v 185.615 -81.2486 1210.16
v 186.719 -81.0365 1206.68
v 187.096 -83.4047 1185.01
v 187.102 -83.2677 1184.67
v 187.102 -83.2677 1184.67
v 187.102 -83.2677 1184.67
v 187.102 -83.0677 1184.68
v 187.102 -83.0677 1184.68
v 187.102 -83.0677 1184.68
v 187.102 -82.9286 1184.95
v 187.102 -82.9286 1184.95
v 187.102 -82.9068 1185.35
v 187.302 -83.2788 1184.75
v 187.302 -83.2788 1184.75
v 187.302 -83.2788 1184.75
v 187.285 -83.2794 1185.18
v 187.369 -83.2677 1184.95
v 187.369 -83.2677 1184.95
v 187.36 -83.0677 1184.95
v 187.36 -83.0677 1184.95
v 187.36 -83.0677 1184.95
v 187.289 -83.0667 1185.29
v 187.102 -83.0569 1186.15
v 187.102 -83.0569 1186.15
v 187.902 -81.2677 1201.76
v 187.902 -81.2677 1201.76
v 187.902 -81.2677 1201.76
v 187.902 -81.3224 1202.55
v 187.219 -81.2677 1203.95
v 187.219 -81.2677 1203.95
v 187.19 -81.455 1206.19
v 187.902 -81.0677 1201.56
v 187.902 -81.0677 1201.56
v 187.902 -81.0677 1201.56
v 187.902 -80.8005 1201.75
v 187.902 -80.8005 1201.75
v 188.225 -81.0677 1201.75
v 188.225 -81.0677 1201.75
v 188.225 -81.0677 1201.75
v 188.102 -80.8677 1201.7
v 188.102 -80.8677 1201.7
v 188.102 -80.8677 1201.7
v 187.447 -81.0677 1202.95
v 187.447 -81.0677 1202.95
v 187.447 -81.0677 1202.95
v 187.702 -80.8568 1202.35
v 187.702 -80.8568 1202.35
v 187.702 -80.8568 1202.35
v 187.702 -80.8568 1202.35
v 187.702 -80.8443 1203.15
v 187.702 -80.8443 1203.15
v 187.963 -81.0677 1203.06
v 187.963 -81.0677 1203.06
v 187.902 -80.8317 1202.55
v 188.163 -81.0677 1202.15
v 188.163 -81.0677 1202.15
v 188.163 -81.0677 1202.15
v 188.163 -81.0677 1202.15
v 188.109 -80.8794 1201.95
v 188.109 -80.8794 1201.95
v 187.513 -81.0677 1204.95
v 187.513 -81.0677 1204.95
vn -0.541402 0.181998 -0.820829
vn -0.784975 -0.349223 -0.51172
vn -0.9155 -0.271309 0.29707
vn -0.967805 -0.156621 -0.197034
vn -0.838664 0.216862 -0.499614
vn -0.547842 0.651981 -0.524205
vn -0.80596 0.4204 0.416765
vn -0.856907 -0.498475 0.131274
vn -0.697926 0.0290145 0.715582
vn -0.223757 0.940587 -0.2554
vn -0.416646 -0.207503 -0.88507
vn -0.280965 0.516887 -0.808632
vn -0.374306 -0.756998 -0.535582
vn -0.388675 -0.806892 0.444812
vn -0.494015 -0.394877 0.77461
vn -0.323733 0.0380147 0.945385
vn -0.421235 0.4628 0.779985
vn -0.158847 -0.9866 0.0372431
vn 0.0521312 -0.866552 0.496357
vn -0.0409403 -0.672004 0.739415
vn 0.0215052 -0.320436 0.947026
vn 0.111554 0.0359979 0.993106
vn 0.0507458 0.392262 0.918453
vn 0.228235 -0.562569 0.794623
vn 0.318938 -0.180228 0.930482
vn 0.345986 0.244184 0.905907
vn -0.505867 0.705718 0.496044
vn 0.0210077 0.743101 0.668849
vn -0.0964122 0.958954 -0.266666
vn 0.172535 0.92332 0.343092
vn 0.315685 0.621396 0.717085
vn -0.357337 0.0457322 -0.932855
vn -0.199474 -0.960857 -0.192259
vn 0.156032 0.983597 0.0905045
vn -0.366384 -0.528345 -0.765907
vn 0.371916 0.487651 0.789857
vn 0.381348 0.12844 0.915465
vn 0.308539 0.800137 0.514379
vn -0.827102 -0.533456 0.176994
vn -0.612167 -0.726027 -0.313267
vn -0.600985 -0.470423 -0.646157
vn -0.347209 -0.884035 0.312935
vn -0.247448 -0.583602 0.77342
vn 0.0769791 -0.575348 0.814278
vn -0.999508 0.0308976 -0.00535941
vn -0.856606 -0.380148 -0.348873
vn -0.917476 0.334981 -0.214536
vn -0.824892 0.554889 0.107944
vn -0.406755 0.348459 -0.844468
vn -0.488055 0.741937 -0.459708
vn -0.490047 0.857735 0.155386
vn -0.0378869 0.792404 -0.608818
vn -0.0562175 0.986135 -0.156134
vn -0.811983 -0.32115 0.487386
vn -0.885764 0.136199 0.443702
vn -0.522171 0.541054 0.65924
vn -0.00320729 0.0419677 0.999114
vn 0.0141171 0.922585 0.385536
vn -0.259155 0.602284 0.755045
vn 0.0337577 -0.919934 0.390618
vn -0.268998 0.470605 -0.84034
vn -0.0564648 0.892894 -0.446712
vn 0.180831 -0.70159 0.689254
vn 0.320871 0.945333 -0.0581933
vn 0.376505 -0.113278 0.919463
vn 0.479509 0.353701 0.803098
vn 0.47615 0.753129 0.453958
vn 0.168743 0.983167 0.070066
vn 0.224923 0.896735 -0.38115
vn -0.394099 -0.167051 -0.903759
vn 0.151045 -0.740564 0.654791
vn -0.152934 0.724023 -0.672609
vn 0.388135 0.544924 0.743242
vn 0.306872 0.859098 0.409611
vn -0.446493 -0.89428 -0.0301137
vn 0.484385 0.865436 0.12803
vn 0.580174 0.534509 0.614572
vn -0.382639 -0.585858 -0.714393
vn 0.307173 -0.351244 0.884462
vn -0.0562447 -0.96832 0.243295
vn 0.408232 0.213243 0.887623
vn 0.0942659 0.980542 -0.172194
vn -0.129327 -0.842165 0.523481
vn -0.119043 0.598102 -0.792529
vn 0.482782 0.0486785 0.874387
vn 0.35815 -0.246441 0.900553
vn 0.257554 0.948797 0.182893
vn -0.462965 -0.0259035 -0.885998
vn -0.573999 -0.584745 -0.573235
vn -0.413838 -0.590818 -0.692584
vn -0.367668 0.136048 -0.919952
vn -0.287274 -0.897262 0.335254
vn 0.51014 0.245081 0.824435
vn -0.0822035 -0.774221 0.627554
vn 0.280795 0.897851 -0.339144
vn 0.0618707 -0.849206 0.524425
vn -0.205351 -0.978031 -0.0358685
vn 0.396024 0.690147 0.605691
vn -0.523794 -0.810827 -0.26115
vn -0.342957 -0.893658 0.289407
vn -0.327068 0.180344 -0.927633
vn 0.0112023 0.678452 -0.734559
vn 0.56163 0.692034 0.453498
vn 0.37817 -0.104615 0.919806
vn 0.0317078 0.92935 -0.367835
vn 0.436177 0.339359 0.833418
vn -0.531598 -0.403796 -0.744548
vn 0.544936 0.559942 0.624107
vn 0.255401 0.854612 -0.452115
vn 0.27207 -0.478464 0.834895
vn -0.416127 -0.110147 -0.902611
vn 0.485158 0.869792 0.089914
vn -0.100996 0.478968 -0.872003
vn 0.364915 -0.0285085 0.930604
vn -0.358127 -0.857616 -0.369108
vn -0.451974 -0.313007 -0.835312
vn 0.414463 -0.00352603 0.910059
vn 0.297278 0.932769 0.20388
vn -0.54231 -0.619296 -0.567779
vn 0.00853149 -0.607365 0.794377
vn -0.089767 -0.956557 0.277382
vn -0.264997 0.487211 -0.832107
vn -0.424232 -0.727001 -0.539904
vn 0.443629 0.6015 0.664372
vn -0.460544 -0.887481 -0.01663
vn -0.295375 -0.943914 -0.147578
vn 0.148507 0.972257 -0.180725
vn -0.0515807 0.834116 -0.549172
vn -0.489137 -0.326306 -0.808869
vn -0.164828 -0.789734 0.590891
vn -0.230271 0.281844 -0.931418
vn -0.532053 -0.753623 -0.385968
vn 0.105966 0.733991 -0.670842
vn 0.378479 0.903182 -0.202522
vn 0.530494 0.784538 0.321055
vn 0.438218 0.173733 0.88192
vn 0.338776 0.908311 0.24536
vn 0.193725 -0.353931 0.914988
vn -0.369925 -0.91492 0.161483
vn 0.544316 0.529931 0.650302
vn 0.42482 0.0685439 0.902679
vn -0.141737 0.702848 -0.697077
vn 0.457155 0.156179 0.875567
vn -0.0543758 -0.747597 0.661923
vn 0.257287 -0.336924 0.905696
vn -0.522706 -0.334871 -0.783989
vn 0.27307 0.896244 -0.349542
vn 0.43716 0.897886 0.0518826
vn 0.258564 -0.524927 0.810923
vn 0.183104 0.970741 -0.155355
vn 0.445439 0.713295 0.541104
vn -0.231439 0.457718 -0.858447
vn 0.496289 0.144313 0.856079
vn -0.523034 -0.774478 -0.355835
vn -0.567907 -0.38122 -0.729489
vn 0.200161 -0.518323 0.831431
vn -0.0428007 0.688591 -0.723886
vn -0.206693 -0.907017 0.366875
vn -0.203409 0.587971 -0.782889
vn -0.486789 0.0527105 -0.871928
vn 0.409331 -0.224921 0.884228
vn 0.559364 0.642512 0.523727
vn 0.4303 0.897716 0.0945899
vn 0.016803 -0.794934 0.606463
vn -0.349594 -0.935242 0.0557378
vn 0.132872 0.89264 -0.430743
vn 0.579246 0.346165 0.738
vn -0.577435 -0.210705 -0.788779
vn -0.0566909 0.798405 -0.599446
vn 0.236622 -0.60018 0.764064
vn -0.538442 -0.742792 -0.39792
vn -0.0739922 -0.900322 0.428889
vn -0.38529 0.365544 -0.847307
vn 0.228403 0.947852 -0.222279
vn -0.293752 -0.950898 -0.0974856
vn 0.503701 -0.11821 0.855752
vn 0.525386 0.77844 0.343513
vn -0.582383 -0.629524 -0.514324
vn -0.351922 -0.936008 -0.00627403
vn -0.486403 0.215632 -0.846708
vn -0.262515 0.617113 -0.741794
vn -0.0283515 0.850162 -0.525758
vn 0.339544 0.900066 0.273112
vn 0.296809 -0.579637 0.758897
vn -0.599795 -0.213919 -0.771028
vn 0.249982 0.957084 -0.146627
vn 0.610606 0.322241 0.72341
vn -0.448045 -0.697452 -0.559299
vn 0.00539301 0.878063 -0.478514
vn -0.307431 0.419153 -0.854282
vn 0.42018 -0.0454541 0.906302
vn 0.451363 0.24813 0.857148
vn -0.571359 0.00705215 -0.82067
vn -0.360899 0.508631 -0.781695
vn 0.0139095 -0.874086 0.485573
vn -0.50083 -0.553282 -0.665619
vn 0.175248 -0.718948 0.672609
vn -0.417318 -0.825942 -0.379032
vn -0.615973 -0.460193 -0.639374
vn 0.300744 -0.38011 0.874682
vn -0.0681029 0.835126 -0.545826
vn 0.539491 -0.135342 0.831043
vn -0.296013 0.569671 -0.766714
vn -0.161005 -0.975479 0.15006
vn -0.470841 -0.749642 -0.46513
vn 0.0851596 -0.859826 0.503435
vn 0.0882405 0.946437 -0.310597
vn 0.121545 -0.782216 0.611036
vn 0.00864792 0.8439 -0.536431
vn 0.355981 -0.933857 -0.0344792
vn 0.0641109 -0.780322 0.622083
vn 0.406985 0.628933 0.662425
vn 0.271367 0.950162 0.15347
vn -0.597605 -0.0374176 -0.800917
vn 0.297586 -0.693369 0.656264
vn 0.549402 -0.203841 0.810312
vn -0.500941 0.309022 -0.808433
vn 0.289367 -0.64005 0.71176
vn 0.401297 0.782565 0.475975
vn 0.624467 0.492959 0.605832
vn -0.427491 0.493334 -0.757544
vn -0.458995 -0.834306 -0.305379
vn 0.0586512 -0.930424 0.361761
vn -0.625793 -0.137916 -0.767699
vn -0.0700328 0.859601 -0.506143
vn -0.124508 -0.947798 0.29356
vn 0.105612 -0.846222 0.522259
vn 0.24307 0.943018 -0.22723
vn -0.303986 -0.951323 -0.0507613
vn -0.453564 -0.868539 -0.199801
vn 0.672201 0.141115 0.726796
vn 0.523584 -0.442501 0.728047
vn 0.292526 0.925815 -0.239366
vn -0.191353 -0.935514 0.29698
vn 0.412869 0.90331 0.116493
vn 0.602138 -0.034068 0.797665
vn -0.682265 -0.422101 -0.596946
vn -0.465178 -0.599912 -0.650934
vn -0.502207 -0.822306 -0.267583
vn 0.356328 -0.615428 0.70305
vn -0.00750137 0.948256 -0.317418
vn -0.414388 0.618985 -0.667188
vn -0.320147 -0.0474527 -0.946179
vn -0.26476 0.0710585 -0.961693
vn 0.43511 0.493875 0.752839
vn -0.6339 -0.655747 -0.410082
vn 0.433454 -0.695913 0.572558
vn 0.560155 0.787602 0.256729
vn 0.708419 0.306507 0.635764
vn 0.00566293 -0.594631 0.803978
vn 0.247906 -0.0127171 0.968701
vn -0.174354 0.824098 -0.538947
vn -0.676136 -0.198257 -0.709602
vn -0.100876 -0.959387 0.263439
vn 0.603636 -0.180194 0.77663
vn -0.50605 -0.696781 -0.50834
vn -0.75387 -0.154262 -0.638658
vn 0.0975637 -0.946132 0.308733
vn 0.662989 -0.383598 0.642882
vn 0.490161 0.774079 0.40068
vn 0.529897 0.701734 0.476212
vn 0.149312 0.501216 -0.852343
vn 0.627797 0.591713 0.505714
vn 0.0675791 0.952761 -0.296106
vn 0.693491 0.192274 0.694335
vn 0.127074 -0.939536 0.318
vn 0.118492 -0.199888 0.972628
vn -0.451685 -0.432092 -0.780562
vn -0.716305 -0.103649 -0.690047
vn -0.647404 -0.596317 -0.474631
vn 0.249232 -0.802085 0.542718
vn -0.243983 0.871432 -0.425533
vn -0.0857701 0.923574 -0.373704
vn -0.505526 -0.498615 -0.70415
vn 0.463092 0.45326 0.761644
vn 0.22801 0.479226 -0.847558
vn -0.523073 -0.81981 -0.233038
vn -0.653252 -0.671288 -0.350193
vn 0.539452 -0.651951 0.532871
vn -0.76116 -0.22929 -0.606681
vn 0.730524 0.338324 0.593188
vn 0.628542 -0.29797 0.718435
vn -0.103438 0.952558 -0.286241
vn 0.686093 0.625293 0.371867
vn -0.792571 -0.0473164 -0.607942
vn -0.76438 -0.287942 -0.5769
vn -0.238707 -0.970699 0.0276049
vn 0.354666 -0.785437 0.507248
vn -0.514821 0.698635 -0.496859
vn 0.22356 -0.92062 0.320124
vn -0.420912 0.724922 -0.545271
vn 0.0882829 0.982516 -0.163913
vn 0.46652 0.863517 0.191565
vn -0.563371 -0.483169 -0.670195
vn -0.523384 -0.559413 -0.64275
vn -0.197672 0.430115 -0.880867
vn -0.460112 0.122572 -0.879359
vn -0.445017 -0.668266 0.596138
vn -0.0743954 0.424932 -0.902163
vn 0.232613 0.687159 -0.688262
vn -0.0619915 0.85477 -0.515292
vn -0.812121 -0.219698 -0.540547
vn -0.749069 0.321808 -0.579081
vn 0.718147 -0.268345 0.642071
vn -0.74014 -0.526514 -0.418301
vn -0.591244 0.603259 -0.535265
vn 0.827224 0.249994 0.503194
vn 0.0434502 0.988835 -0.142541
vn -0.635224 0.465385 -0.616367
vn 0.755596 0.408186 0.512308
vn -0.556961 -0.80975 -0.184663
vn -0.647731 -0.0366475 -0.760987
vn -0.577588 -0.812631 -0.0776097
vn -0.432447 -0.795636 -0.424208
vn 0.616975 0.706411 0.34688
vn 0.676512 0.483974 0.555068
vn -0.364654 -0.654421 0.66239
vn 0.310109 0.13547 0.941
vn 0.608272 0.729897 0.311858
vn -0.64179 -0.703298 -0.30574
vn -0.702148 -0.612862 -0.362475
vn -0.819273 -0.213419 -0.532207
vn 0.833566 0.166676 0.526675
vn -0.827437 0.167971 -0.535849
vn -0.610162 -0.724553 -0.320506
vn 0.372162 -0.842391 0.389708
vn -0.501524 0.71208 -0.491341
vn 0.49266 0.865184 0.0934977
vn -0.781333 -0.437118 -0.445473
vn 0.342986 0.93923 0.0144417
vn -0.300284 -0.715417 0.630879
vn -0.477134 -0.289562 -0.829757
vn 0.560799 0.737818 0.375672
vn -0.458173 -0.887595 0.0474625
vn 0.418633 0.105342 0.902025
vn 0.245908 0.770472 -0.588134
vn -0.285483 -0.9557 -0.0716716
vn -0.0894018 -0.578913 -0.810474
vn 0.262769 -0.898978 0.350416
vn -0.231541 -0.47056 -0.851447
vn -0.358394 0.737176 -0.572822
vn 0.849395 -0.0377323 0.526407
vn -0.635547 0.61443 -0.4675
vn -0.776734 -0.460253 -0.429944
vn -0.295611 0.912693 -0.282145
vn 0.830631 -0.0132159 0.556666
vn 0.510713 0.833987 0.208896
vn -0.504576 -0.703542 -0.500432
vn 0.221029 -0.440808 0.869962
vn -0.456555 -0.0938554 -0.884731
vn -0.472919 -0.867752 -0.152822
vn 0.527565 0.758392 0.382774
vn 0.376483 -0.14276 0.915358
vn -0.683419 0.0265896 -0.729542
vn 0.531266 -0.573914 0.623201
vn -0.27252 0.869545 -0.411855
vn 0.652771 0.527863 0.54337
vn -0.38849 -0.887093 -0.249284
vn 0.581404 -0.555209 0.594737
vn 0.303136 -0.91809 0.255382
vn -0.871835 0.0708327 -0.484651
vn -0.712808 0.528423 -0.461166
vn -0.496859 0.790808 -0.357428
vn 0.1803 0.9836 -0.00474368
vn 0.872042 -0.0582208 0.485956
vn 0.491791 0.849513 0.19097
vn 0.692272 -0.551274 0.465677
vn 0.79203 0.446926 0.415867
vn -0.233823 -0.957403 0.169432
vn 0.190793 0.954774 -0.228047
vn -0.451941 0.143605 -0.880413
vn 0.482155 0.698865 0.528313
vn -0.00371081 -0.998815 0.0485196
vn 0.0893788 0.819665 -0.565828
vn -0.546692 -0.734731 -0.40162
vn -0.5966 0.627582 -0.50021
vn 0.296647 0.936471 0.187145
vn 0.701614 -0.397239 0.591556
vn -0.677848 -0.662205 -0.319386
vn 0.694663 -0.602903 0.392365
vn -0.104151 0.984488 -0.141192
vn -0.587709 0.722631 -0.363871
vn -0.490253 -0.34269 -0.801384
vn -0.495834 -0.244196 -0.833377
vn -0.463722 -0.698673 -0.544809
vn -0.0806556 -0.963841 0.25398
vn 0.433697 0.760749 0.482875
vn 0.341232 -0.522157 0.781609
vn 0.470689 0.572142 0.671644
vn -0.168136 -0.976774 -0.132822
vn 0.237443 -0.958099 0.160209
vn -0.358479 -0.87109 -0.335701
vn -0.610139 0.658455 -0.440645
vn -0.240422 -0.968044 -0.0713386
vn 0.212065 -0.963405 0.16395
vn 0.891659 -0.0548852 0.449369
vn 0.776693 0.515364 0.362144
vn -0.387608 -0.585009 -0.712408
vn 0.0941779 0.990892 0.0962447
vn -0.349453 -0.795352 -0.495276
vn 0.0769407 -0.948029 0.308742
vn -0.0295103 -0.998911 -0.0361423
vn 0.458169 -0.402657 0.792432
vn 0.0227169 0.997755 -0.0630049
vn -0.118293 -0.938392 -0.324696
vn 0.268216 -0.895777 0.354461
vn 0.251488 -0.955303 0.155402
vn 0.689462 -0.496082 0.527773
vn 0.193284 0.967114 0.165322
vn 0.221495 -0.973664 0.0540213
vn -0.336528 -0.553629 -0.761738
vn -0.319623 -0.499847 -0.804981
vn -0.00432833 0.991822 0.127554
vn 0.0245586 0.972129 0.233155
vn 0.539654 -0.0536753 0.840174
vn 0.540429 -0.432217 0.72189
vn -0.679859 0.0755802 -0.729437
vn 0.649045 0.298265 0.699842
vn -0.438299 -0.713048 -0.547226
vn -0.421184 -0.648147 -0.634436
vn 0.662926 -0.00718254 0.748651
vn -0.562174 0.641191 -0.522336
vn -0.189949 -0.622136 -0.759517
vn 0.388997 -0.914239 0.113354
vn 0.372647 0.500364 0.781517
vn -0.473329 -0.470672 -0.744599
vn 0.566953 -0.257707 0.782401
vn -0.491197 0.476121 -0.729407
vn -0.764915 0.49821 -0.408279
vn -0.0946617 -0.70237 -0.70549
vn -0.601289 0.678857 -0.421433
vn 0.556241 -0.0770756 0.827439
vn -0.183575 0.890825 0.41561
vn -0.392457 0.910461 0.130528
vn -0.317703 -0.744497 -0.587188
vn -0.252352 -0.828299 -0.500239
vn 0.384766 -0.810802 0.441085
vn 0.478053 -0.604723 0.637006
vn 0.39069 -0.893918 0.21971
vn -0.852726 -0.316876 -0.415269
vn 0.0657839 -0.995318 0.0708124
vn -0.584934 0.31903 -0.745702
vn -0.248092 -0.851911 -0.461192
vn 0.309558 -0.92484 0.22101
vn -0.451298 0.16918 -0.87619
vn -0.163182 0.969402 -0.183387
vn 0.566027 -0.269722 0.779014
vn -0.524992 0.80149 -0.28635
vn 0 -0.812175 -0.583414
vn -0.902599 -0.0873297 -0.421531
vn -0.40356 -0.899447 -0.167732
vn -0.497269 0.828655 -0.257013
vn 0.791158 -0.472397 0.388472
vn 0.819966 0.4376 0.369
vn -0.441637 0.859832 -0.256215
vn 0.00170877 -0.797316 -0.60356
vn -0.154161 0.897727 0.412698
vn 0.553897 -0.620116 0.555566
vn -0.556682 0.364205 -0.746632
vn 0 -0.857805 -0.513976
vn -0.344939 -0.342241 -0.874007
vn 0.444186 -0.779995 0.440803
vn 0.203851 0.615973 0.760935
vn -0.369693 0.846866 -0.382289
vn -0.881645 -0.302756 -0.361997
vn -0.921844 -0.026933 -0.386625
vn -0.107473 -0.993703 -0.0316685
vn 0.912389 -0.0405334 0.407313
vn -0.984268 -0.120954 -0.128787
vn -0.565582 0.822298 -0.0627984
vn -0.841214 -0.533035 -0.0907347
vn -0.811283 0.578819 -0.082384
vn -0.472779 -0.880051 -0.0446139
vn -0.996401 0.0223698 -0.0817591
vn -0.905999 0.422022 -0.0326094
vn -0.907077 -0.417943 -0.0503523
vn -0.957358 0.281823 0.0635668
vn -0.684755 0.724925 0.0747925
vn -0.689628 -0.721573 -0.0611942
vn -0.147181 0.983072 0.109118
vn 0.272886 -0.96043 -0.0557429
vn -0.990746 -0.13573 0.000665699
vn -0.719214 -0.689915 -0.0821499
vn -0.662209 -0.735706 -0.142182
vn -0.517683 0.824295 0.229219
vn -0.742799 0.585979 0.323847
vn -0.828991 -0.557545 -0.0437975
vn -0.0795368 0.99682 -0.00487313
vn -0.424832 0.905269 -0.00250152
vn 0.358497 0.932013 0.0532119
vn -0.348634 -0.296434 -0.889147
vn -0.146376 -0.748066 -0.64728
vn -0.124108 -0.874296 -0.469258
vn -0.229744 -0.689589 -0.686793
vn -0.225692 0.814487 -0.534484
vn 0.29126 -0.714092 0.636585
vn 0.372408 -0.739829 0.560326
vn 0.378691 -0.617621 0.689302
vn -0.116069 0.987458 -0.107023
vn -0.915239 -0.236702 -0.326051
vn 0.725893 -0.647375 0.232346
vn 0.445242 0.854956 0.266101
vn -0.453745 0.875594 -0.165684
vn 0.601294 0.752646 0.268271
vn 0.928526 0.065428 0.365456
vn 0.854906 -0.376402 0.357012
vn 0.869193 0.345902 0.353349
vn -0.826296 0.149085 0.543146
vn -0.500893 -0.830296 -0.244365
vn -0.954399 -0.178524 0.239272
vn -0.73605 -0.655989 -0.167059
vn 0.536824 0.787039 0.303955
vn 0.2735 -0.727559 -0.629171
vn 0.760255 0.639008 0.116967
vn -0.929004 -0.332554 0.162356
vn -0.725876 -0.672262 -0.145493
vn -0.776561 -0.606897 -0.169202
vn 0.140908 -0.985788 -0.0914707
vn -0.850599 -0.5056 -0.144394
vn -0.911389 0.39828 -0.103646
vn 0.143084 -0.986976 -0.0735187
vn 0.979968 -0.18351 0.0773806
vn 0.601315 -0.798676 0.0231803
vn -0.646353 -0.754829 -0.111629
vn -0.0611116 -0.99704 -0.0466524
vn 0.412379 0.908962 0.061087
vn -0.341581 -0.938448 -0.051353
vn -0.0469127 -0.998899 -0.000830906
vn 0.326158 -0.945041 0.0227782
vn -0.0141219 -0.999821 -0.012576
vn 0.879209 -0.470492 0.0750288
vn 0.581247 0.810809 0.0688552
vn 0.69298 -0.720764 0.0166989
vn 0.899181 -0.437566 0.00324133
vn 0.666449 -0.743273 -0.0582365
vn 0.609932 -0.780404 -0.137671
vn 0.855964 -0.504596 -0.112727
vn 0.349262 -0.891122 -0.289687
vn 0.550656 0.828131 0.10477
vn 0.5819 -0.712922 -0.391325
vn 0.891732 -0.403308 -0.20532
vn 0.909812 -0.293589 -0.293338
vn 0.918596 0.395007 0.0122712
vn -0.494454 0.755295 0.430169
vn -0.0227715 0.968533 0.247841
vn -0.610156 -0.773814 -0.170063
vn 0.806524 -0.548256 -0.221212
vn -0.928331 -0.369786 -0.0382142
vn -0.671202 0.701617 0.23921
vn -0.831198 -0.546659 -0.10136
vn -0.627151 0.741437 0.238649
vn 0.670335 0.729649 0.13514
vn 0.444427 -0.846083 -0.294326
vn 0.90944 0.41492 0.0275761
vn 0.396886 -0.847058 -0.353518
vn -0.811265 -0.574873 -0.10663
vn -0.587161 0.791632 0.168999
vn -0.149205 0.96965 0.193695
vn 0.853809 -0.504715 -0.127566
vn -0.75556 0.652934 0.0529831
vn -0.803968 -0.576044 -0.147678
vn -0.86005 0.509099 -0.0336638
vn -0.215545 0.974302 0.0653991
vn 0.0630463 0.989028 0.133602
vn -0.5428 0.839658 -0.0185093
vn 0.664043 0.739324 0.111569
vn -0.301345 0.953287 -0.0208676
vn -0.449683 -0.831504 -0.326169
vn -0.703507 -0.646931 -0.294209
vn -0.0202204 -0.891681 -0.452212
vn -0.641069 -0.629512 -0.439027
vn -0.726315 0.474398 -0.497407
vn -0.271109 -0.922067 -0.27621
vn 0.726384 -0.631683 -0.270818
vn 0.704989 -0.486736 -0.515828
vn 0.943514 0.331313 -0.00348649
vn 0.120298 0.962307 0.243912
vn -0.708032 -0.691931 -0.141144
vn -0.845266 -0.528548 -0.0785053
vn -0.783311 -0.612402 -0.106713
vn -0.927883 -0.372768 0.00879305
vn -0.952915 0.279065 0.11864
vn -0.55137 -0.806847 -0.212106
vn -0.415001 0.870464 0.2647
vn -0.305991 0.898241 0.315489
vn 0.630985 -0.744464 -0.218245
vn 0.834822 -0.50861 -0.210683
vn 0.797031 0.603275 0.0283101
vn 0.804034 0.588758 0.0830299
vn -0.0173767 0.95932 -0.281785
vn -0.243304 -0.794053 -0.557031
vn 0.323749 0.550059 0.769819
vn 0.242587 -0.611041 0.753512
vn 0.337811 0.580954 0.740524
vn -0.925267 -0.054485 -0.375384
vn -0.89409 -0.447662 -0.0142346
vn -0.974517 -0.0262315 0.222774
vn -0.989518 0.126025 -0.0705156
vn -0.674189 -0.687289 -0.270377
vn -0.82575 0.240486 0.510199
vn -0.925267 -0.054485 -0.375384
vn -0.739147 0.66674 -0.0954981
vn -0.0320733 -0.653589 -0.756169
vn 0.371244 -0.5091 -0.776528
vn -0.763226 0.637852 -0.103106
vn 0.654569 0.708096 0.26484
vn 0.904188 0.204859 -0.374803
vn 0.211905 0.959297 -0.186667
vn -0.878531 0.420556 -0.226531
vn -0.960019 0.279916 0.00320602
vn -0.4166 -0.896966 -0.147975
vn -0.468559 0.554277 0.687917
vn 0.912416 -0.1948 0.359932
vn 0.57813 0.804102 0.138515
vn 0.509391 0.805833 0.301918
vn -0.829756 0.429435 -0.356497
vn -0.633362 0.706313 -0.316187
vn 0.127361 0.980375 0.150478
vn -0.769661 0.58155 -0.26348
vn -0.147642 -0.737397 -0.659126
vn -0.0227828 -0.932581 0.360242
vn -0.00144265 0.936807 -0.349844
vn 0.311395 0.651871 0.691446
vn 0.0690648 0.979009 -0.191757
vn -0.455635 -0.523312 -0.720098
vn 0.0839383 -0.7592 0.645422
vn 0.146718 0.985976 -0.0795269
vn 0.208592 0.978003 0
vn -0.198887 -0.829686 -0.521599
vn 0.729846 -0.509679 -0.455579
vn 0.165163 -0.718345 0.675797
vn 0.198476 0.722288 -0.662501
vn 0.891218 -0.439436 0.112363
vn -0.980633 -0.144063 -0.13268
vn 0.124929 -0.991686 -0.030838
vn 0.985181 -0.0407372 0.166608
vn 0.769586 -0.621386 0.147024
vn 0.930572 -0.36102 -0.0608319
vn 0.449773 -0.887039 0.104238
vn -0.276154 -0.960126 -0.0435459
vn -0.102438 -0.992132 -0.0719716
vn -0.920852 0.309471 -0.237191
vn -0.902065 -0.348253 -0.25495
vn -0.786479 0.543327 -0.293679
vn 0.715113 0.571171 0.402962
vn -0.974869 -0.137144 -0.175564
vn -0.980771 0.0483741 -0.189073
vn -0.980176 -0.0975084 -0.172474
vn -0.991088 0.121278 -0.0551073
vn -0.87916 0.475358 0.0333656
vn -0.711991 0.656029 0.25039
vn -0.43544 0.873978 0.215764
vn -0.0647002 0.891516 0.448344
vn 0.478967 0.784356 0.394179
vn 0.689836 0.688596 0.223521
vn 0.977768 0.0945152 0.18718
vn 0.835167 0.467262 0.290106
vn -0.823045 0.562704 -0.0772051
vn -0.998298 -0.0160143 -0.0560794
vn -0.953588 -0.231135 -0.192993
vn -0.902048 0.386478 0.19221
vn -0.813915 -0.483145 -0.322665
vn 0.911283 -0.368821 -0.183122
vn 0.963351 0.214652 0.16087
vn 0.618999 0.673764 0.403587
vn -0.37957 0.790099 0.481322
vn 0.228377 0.816076 0.530909
vn -0.676578 -0.73607 -0.0210731
vn -0.344409 -0.159234 -0.925217
vn 0.0335894 -0.321739 -0.946232
vn -0.537051 -0.840187 -0.0752426
vn 0.2448 -0.312126 -0.91796
vn 0.580706 -0.813 -0.0425636
vn -0.855666 -0.517204 -0.0183259
vn 0.355038 -0.934702 -0.0167259
vn -0.997952 0.0612154 -0.0185723
vn -0.406165 -0.904977 -0.126677
vn 0.853899 -0.513031 -0.0874929
vn 0.938662 -0.342256 -0.0421312
vn -0.892151 0.443389 0.0864436
vn -0.479667 -0.851694 -0.211039
vn -0.817796 0.567096 0.098038
vn -0.045308 -0.971545 -0.232483
vn -0.00301695 0.969877 0.243577
vn 0.946545 -0.315944 -0.0650551
vn 0.996537 -0.082737 -0.0082262
vn -0.592359 -0.747373 -0.300907
vn -0.774574 0.604764 0.185189
vn 0.209527 -0.889037 -0.407076
vn 0.151345 0.924666 0.349411
vn 0.948415 -0.304213 -0.0892394
vn 0.998229 0.0422844 0.0418533
vn -0.893287 0.425663 0.14439
vn -0.21593 0.893763 0.393143
vn 0.866014 0.448147 0.221776
vn 0.413875 0.820992 0.393294
vn -0.677133 0.661699 0.321939
vn -0.00243497 0.876487 0.48142
vn -0.907921 0.416788 -0.0443546
vn -0.491709 0.00654749 -0.870735
vn -0.617037 0.784634 -0.0601183
vn -0.150937 -0.220455 -0.963648
vn 0.587312 0.405589 -0.700401
vn -0.365645 0.66862 -0.647496
vn 0.969527 0.22483 -0.0973135
vn -0.992388 0.122065 -0.016328
vn -0.592049 0.805817 -0.0117003
vn -0.115 0.993196 0.018343
vn -0.876081 0.481237 0.0298675
vn -0.379099 0.923211 0.0629701
vn 0.999105 -0.0420904 -0.00421474
vn 0.70703 0.702663 0.079828
vn -0.832243 -0.535473 -0.143667
vn -0.601401 -0.793203 -0.0956329
vn -0.396065 -0.915948 -0.0645874
vn -0.0618876 -0.9979 0.0191219
vn -0.942674 0.250409 -0.22059
vn 0.622077 0.77752 0.0921023
vn -0.890568 -0.411205 -0.19442
vn -0.178671 0.98 -0.0876199
vn -0.961719 0.185752 -0.201478
vn -0.572008 0.805997 -0.152238
vn 0.707887 -0.694135 0.13066
vn -0.837051 -0.410145 -0.362114
vn -0.857751 0.42403 -0.290624
vn -0.70085 -0.59954 -0.386472
vn -0.909154 0.0313399 -0.415279
vn -0.774225 0.561366 -0.292309
vn 0.392064 -0.917188 0.0710733
vn 0.217751 0.958677 0.183093
vn 0.480607 0.830639 0.281169
vn -0.489944 -0.843252 -0.221092
vn -0.86822 0.028572 -0.495356
vn -0.481614 0.863648 -0.14886
vn -0.52815 -0.843784 -0.0953209
vn -0.973908 -0.10027 -0.203589
vn -0.954802 0.199734 -0.220137
vn 0.569826 -0.800967 0.183713
vn -0.507272 0.844861 -0.169955
vn 0.610963 0.781844 0.124279
vn -0.950809 -0.0620498 -0.3035
vn -0.517226 -0.852682 -0.0735605
vn 0.750835 0.652433 0.10285
vn -0.645978 -0.756263 -0.103823
vn 0.728261 0.67433 0.122125
vn -0.414495 0.891278 -0.183894
vn -0.505419 0.848433 -0.157204
vn -0.583807 -0.781666 -0.219471
vn -0.728363 -0.626925 -0.276499
vn -0.662853 -0.700662 -0.264005
vn -0.95837 -0.0820584 -0.273482
vn 0.851949 -0.458236 0.253382
vn -0.84158 0.487318 -0.232946
vn 0.1206 0.987948 0.0970319
vn 0.534909 -0.838855 0.100967
vn 0.314671 -0.948495 0.0366
vn -0.682198 0.705927 -0.190456
vn -0.601731 0.78835 -0.128156
vn -0.489944 -0.843252 -0.221092
vn 0.552961 -0.812977 0.18249
vn -0.78983 0.0267844 -0.612741
vn -0.789055 0.0288388 -0.613645
vn -0.435203 0.87123 -0.227059
vn -0.222261 0.969394 -0.104288
vn 0.346217 -0.898787 -0.268914
vn 0.507773 -0.861475 0.00521828
vn 0.568037 -0.797944 0.201541
vn 0.65378 -0.756548 0.0143867
vn 0.559689 0.628608 -0.540001
vn 0.963003 -0.0973174 0.251305
vn 0.78856 -0.56711 0.23782
vn -0.90689 -0.299447 -0.29645
vn -0.547421 -0.814586 -0.191781
vn -0.894277 -0.379807 -0.236674
vn 0.757032 -0.637009 0.145333
vn -0.949634 -0.0428082 -0.310423
vn -0.918962 0.269083 -0.288277
vn 0.666502 -0.744801 0.0323466
vn 0.0081 0.581358 -0.813608
vn -0.949719 0.0823982 -0.302068
vn 0.213287 0.963559 0.161437
vn -0.547949 0.833286 -0.0733929
vn 0.833559 -0.527615 0.163714
vn 0.738732 0.64103 0.208222
vn 0.799089 -0.582023 0.150686
vn 0.270483 0.957603 0.0991686
vn -0.739502 0.655102 -0.154852
vn 0.464329 0.872616 0.151462
vn -0.901244 0.431783 -0.0363741
vn -0.362859 -0.903211 -0.229224
vn -0.809222 0.586853 0.0276289
vn -0.0415519 0.994317 0.0980208
vn -0.463121 0.12935 -0.876805
vn -0.732487 -0.405339 0.546959
vn -0.52724 0.18843 -0.828561
vn -0.520971 0.343204 -0.781537
vn -0.497358 0.0960569 0.862211
vn 0.379407 0.586498 0.715591
vn -0.229368 -0.956279 -0.181441
vn 0.0125459 -0.718819 0.695084
vn 0.34604 -0.165543 0.9235
vn -0.251246 0.326305 -0.911263
vn -0.108953 0.544642 -0.831561
vn -0.336846 0.292563 -0.894953
vn 0.264551 0.929008 -0.25876
vn 0.116657 -0.767883 0.629879
vn -0.495889 -0.394824 -0.773439
vn 0.207615 -0.635305 0.743831
vn 0.412601 0.170052 0.894898
vn -0.542387 -0.124385 -0.83087
vn 0.33461 -0.474832 0.813984
vn 0.355981 -0.933857 -0.0344792
vn 0.472108 -0.314835 0.823403
vn 0.109458 0.3164 -0.94229
vn 0.450418 0.853539 0.261906
vn 0.355981 -0.933857 -0.0344792
vn -0.429006 -0.594621 -0.679985
vn -0.149065 0.207955 -0.966713
vn -0.282091 -0.155254 -0.946742
vn 0.582967 0.00624978 0.812471
vn 0.443491 0.861349 0.247776
vn 0.380628 0.131105 0.915387
vn -0.0517989 0.764131 -0.642978
vn 0.190572 0.958313 -0.212882
vn -0.633005 0.0440986 -0.77289
vn 0.238203 0.961223 -0.138958
vn 0.065225 0.953547 -0.294097
vn -0.571949 -0.703267 -0.422243
vn -0.0429471 0.762491 -0.645572
vn -0.261784 0.192122 -0.945811
vn 0.450418 0.853539 0.261906
vn 0.444308 0.795363 0.412295
vn 0.293854 -0.0131366 0.95576
vn -0.5003 -0.856483 -0.127026
vn 0.00566293 -0.594631 0.803978
vn -0.172845 -0.927415 0.331702
vn 0.69368 0.447942 0.564054
vn 0.457205 0.845466 0.275955
vn 0.456027 0.873766 0.169033
vn -0.212944 0.858512 -0.466489
vn -0.684143 0.0230375 -0.728984
vn 0.298166 0.875846 -0.37946
vn 0.0827808 0.457756 -0.885216
vn 0.700634 -0.244418 0.670352
vn 0.693719 0.45971 0.554455
vn 0.630345 -0.384249 0.67455
vn 0.167801 -0.149005 0.974495
vn -0.56856 -0.817643 0.0905554
vn 0.466689 0.619468 0.631237
vn -0.593402 0.215713 -0.775463
vn 0.00566293 -0.594631 0.803978
vn -0.56856 -0.817643 0.0905554
vn -0.405747 0.742538 -0.532923
vn -0.655126 0.412573 -0.632924
vn -0.449595 -0.870343 -0.200918
vn 0.709213 0.58325 0.396026
vn 0.323697 0.870856 -0.369906
vn 0.304644 0.819855 -0.484799
vn 0.563037 0.826012 0.0263404
vn 0.506478 0.820524 0.264991
vn 0.589385 -0.560338 0.581934
vn 0.401681 0.356896 0.843373
vn -0.462634 -0.648662 0.604324
vn 0.0748948 0.357218 -0.931013
vn -0.465109 0.608658 -0.642814
vn 0.501304 0.840836 0.204177
vn -0.56856 -0.817643 0.0905554
vn 0.0393891 -0.35193 0.935197
vn -0.529926 -0.690417 0.492445
vn -0.631095 -0.759011 -0.160068
vn 0.605677 0.79299 0.0657426
vn 0.580136 0.805451 -0.121206
vn 0.0507097 -0.96778 0.24664
vn 0.356045 -0.841771 0.405776
vn -0.788251 -0.112446 -0.604993
vn -0.692901 0.389945 -0.606491
vn 0.794817 0.364189 0.48542
vn -0.628331 0.413116 -0.659193
vn -0.623851 0.523067 -0.580699
vn 0.0147368 0.978808 -0.204251
vn 0.480604 0.865165 0.143212
vn -0.44164 -0.880665 -0.171416
vn -0.00799342 0.98045 -0.196604
vn 0.383411 0.920639 0.0736213
vn 0.836322 0.0531668 0.545655
vn -0.209566 0.222981 -0.95203
vn -0.615042 -0.776091 -0.139306
vn -0.471577 -0.359047 -0.805419
vn -0.539902 -0.663521 -0.517924
vn -0.657031 -0.0195872 -0.753609
vn -0.621388 -0.774095 -0.121052
vn 0.0696347 -0.973419 0.218189
vn -0.788355 -0.383092 -0.48139
vn 0.488404 0.858353 0.157135
vn -0.535698 0.675966 -0.506062
vn -0.494949 -0.342143 -0.798726
vn 0.118408 0.868632 -0.481102
vn -0.468275 0.609766 -0.639456
vn -0.337207 -0.713302 0.614404
vn 1 0 0
vn -0.449715 -0.287457 -0.84565
vn 0.19976 0.650696 -0.732592
vn 0.458446 -0.647472 0.608774
vn -0.0618658 -0.992882 0.101777
vn 1 0 0
vn 0.398709 0.827452 -0.395417
vn 1 0 0
vn 0.516602 -0.536721 0.667123
vn 0.196483 -0.00546146 0.980492
vn 0.622106 0.706997 0.336361
vn 0.181204 0.838097 -0.514547
vn 0.208198 -0.925763 0.315619
vn -0.231541 -0.47056 -0.851447
vn -0.418733 0.72378 -0.548457
vn -0.365894 -0.346387 -0.863792
vn 0.262892 -0.902593 0.340901
vn 0.30439 0.952521 -0.00710136
vn 0.799207 0.256566 0.543545
vn -0.544106 0.675715 -0.49735
vn 0.762757 0.425359 0.487106
vn 0.273903 -0.117071 0.954606
vn -0.0264842 0.537592 -0.842789
vn 0.422504 0.879205 -0.220203
vn -0.304301 -0.769966 0.56085
vn 0.152275 -0.438024 0.885973
vn 0.575578 0.742239 0.343207
vn -0.400301 -0.906088 -0.13698
vn 0.269048 -0.894881 0.356092
vn 0.647118 -0.443132 -0.620381
vn 0.823926 -0.564205 0.0530961
vn 0.844835 -0.0996915 0.525657
vn 0.823926 -0.564205 0.0530961
vn -0.276565 0.70514 -0.652908
vn 0.647118 -0.443132 -0.620381
vn 0.588746 0.593112 -0.549178
vn 0.550526 0.820256 0.155243
vn 0.588746 0.593112 -0.549178
vn 0.690633 0.695755 0.197358
vn 0.647118 -0.443132 -0.620381
vn 0.823926 -0.564205 0.0530961
vn 0.588746 0.593112 -0.549178
vn -0.481046 -0.195149 -0.8547
vn -0.278219 -0.941857 0.188412
vn -0.17082 0.54014 -0.824057
vn 0.513166 0.266255 0.815947
vn 0.333931 0.938674 -0.0859141
vn -0.643255 -0.554944 -0.527504
vn -0.468789 0.686473 -0.55587
vn 0.718984 0.13239 0.682301
vn 0.38797 0.892519 0.229977
vn -0.0637637 -0.994943 0.0775988
vn -0.495109 -0.72912 -0.472495
vn -0.0676604 0.820294 -0.567926
vn 0.681956 -0.455009 0.572628
vn -0.68914 0.452918 -0.565643
vn -0.78567 -0.172719 -0.594046
vn 0.219558 0.967271 0.127208
vn 0.695108 0.494594 0.521729
vn 0.738209 0.294871 0.606712
vn -0.154224 -0.986463 0.0557253
vn 0.283616 -0.467132 0.837466
vn 0.0652045 0.967513 -0.244268
vn 0.46565 -0.145697 0.872893
vn 0.72187 -0.43658 0.536937
vn -0.742076 -0.210679 -0.636347
vn -0.738266 -0.138879 -0.660058
vn -0.490453 0.386905 -0.780872
vn 0.425598 0.585134 0.690279
vn -0.402797 0.442563 -0.801182
vn 0.631651 -0.601189 0.489479
vn -0.344147 -0.865878 -0.363069
vn 0.329523 -0.929324 0.166648
vn 0.673763 0.474069 0.566835
vn 0.591797 0.623501 0.510904
vn -0.509427 0.774141 -0.375753
vn -0.0515377 0.998396 -0.0234555
vn 0.0621111 -0.975016 -0.213273
vn -0.586753 0.480063 -0.652121
vn -0.499785 0.441622 -0.745108
vn 0.396758 0.521881 0.755131
vn 0.399632 0.562034 0.724163
vn -0.528345 0.77082 -0.355933
vn -0.064774 0.99789 0.00453593
vn -0.468256 0.684954 -0.558188
vn -0.064774 0.99789 0.00453593
vn 0.335181 0.824817 0.455337
vn -0.693154 -0.0327903 -0.720043
vn 0.226709 -0.964471 0.135641
vn 0.597141 -0.601182 0.531039
vn 0.271913 -0.94557 0.178776
vn -0.0862907 0.948946 0.303405
vn 0.301711 -0.952381 -0.0440446
vn 0.561191 -0.112981 0.819939
vn 0.62665 -0.622039 0.469443
vn 0.553328 -0.0285789 0.832473
vn -0.0943374 0.930477 0.353994
vn 0.189894 0.645803 0.739512
vn -0.636761 0.143872 -0.757519
vn -0.482603 0.544553 -0.685971
vn 0.32472 0.747785 0.579115
vn -0.0779482 0.996427 0.032523
vn 0.260814 0.838681 0.478111
vn -0.163182 0.969402 -0.183387
vn -0.570519 0.172462 -0.802973
vn 0.154867 0.64166 0.751191
vn -0.172586 0.879731 0.443043
vn -0.463639 0.243255 -0.851978
vn 0.277791 -0.936072 0.215875
vn -0.388421 0 -0.921482
vn 0.316388 -0.945244 0.0800772
vn 0.789729 -0.535705 -0.298911
vn 0.62698 0 -0.779036
vn 0.576235 -0.390883 0.717749
vn 0.789729 -0.535705 -0.298911
vn -0.163182 0.969402 -0.183387
vn 0.62698 0 -0.779036
vn 0.618556 0.772048 -0.146052
vn 0.316631 0.701892 0.638038
vn 0.618556 0.772048 -0.146052
vn 0.789729 -0.535705 -0.298911
vn 0.62698 0 -0.779036
vn 0.618556 0.772048 -0.146052
vn 0.430028 0.515652 0.741066
vn -0.511718 0.07419 -0.855945
vn -0.270529 -0.274794 -0.92266
vn -0.836285 0.36963 -0.404971
vn 0.445292 0.879273 0.169099
vn 0.431807 -0.901183 -0.0375798
vn 0.553897 -0.620116 0.555566
vn 0.511385 -0.853671 0.0986472
vn -0.0872413 0.914661 0.394694
vn 0.511495 -0.0126443 0.859193
vn 0.241058 0.504246 0.829233
vn -0.435092 0.844708 -0.31171
vn -0.381023 -0.222689 -0.897347
vn -0.305717 -0.405787 -0.861321
vn 0.430439 -0.846433 0.313487
vn 0.113986 -0.932512 -0.342679
vn 0.474101 -0.610309 0.634626
vn 0.346876 0.32299 0.880542
vn -0.0573485 0.911855 0.406487
vn -0.30107 -0.945758 -0.122058
vn -0.553415 0.803002 -0.22118
vn -0.840162 0.424213 -0.337892
vn 0.55941 -0.79322 0.240545
vn -0.0751688 -0.995049 -0.0650128
vn -0.899783 0.406186 0.159385
vn -0.814515 -0.577488 -0.0554254
vn 0.0286053 -0.987791 -0.153135
vn -0.00476711 -0.962468 -0.271353
vn -0.960348 -0.254647 0.113517
vn -0.378499 0.645521 -0.663356
vn 0.280272 -0.82404 0.492347
vn -0.0164379 -0.99438 -0.104589
vn -0.295245 0.433182 -0.851577
vn 0.36213 0.175376 0.915481
vn 0.0267212 -0.969709 -0.242799
vn 0.358376 0.245982 0.900589
vn 0.149478 0.795018 0.58788
vn -0.900679 0.350378 -0.256931
vn -0.582477 -0.788949 -0.195655
vn -0.523457 0.850125 -0.0572763
vn 0.314465 0.931187 0.1844
vn 0.284163 -0.882087 -0.375731
vn -0.571374 0.591191 0.569232
vn 0.0969747 -0.826958 -0.553838
vn -0.376241 0.646687 0.663505
vn 0.79452 -0.406026 -0.451532
vn 0.944486 0.159381 -0.287306
vn 0.0781255 -0.990836 -0.110179
vn 0.68407 -0.717608 -0.130718
vn -0.178795 -0.958809 -0.220722
vn -0.995786 0.00285892 -0.0916657
vn 0.64468 -0.7499 -0.148451
vn 0.974638 -0.218108 0.050095
vn -0.52794 -0.839974 -0.125394
vn 0.721171 0.684943 0.103756
vn 0.627265 -0.778049 0.0343163
vn 0.995955 -0.0390625 0.0809241
vn 0.783272 0.618219 0.0655071
vn 0.934481 0.355981 0.00479627
vn 0.884889 0.465051 0.0264488
vn 0.494742 0.823801 0.276735
vn 0.714633 0.68241 0.153679
vn 0.531585 -0.814918 -0.230922
vn -0.829453 0.522515 0.197449
vn 0.354209 -0.88689 -0.296585
vn -0.178795 -0.958809 -0.220722
vn -0.322108 0.915669 0.240409
vn 0.978797 -0.171794 -0.111551
vn -0.178795 -0.958809 -0.220722
vn 0.798735 -0.586938 -0.132388
vn -0.964916 0.256879 0.0543156
vn -0.748636 0.652973 0.114764
vn 0.704911 0.699922 0.114934
vn 0.99285 -0.116633 0.0254095
vn 0.73422 0.668233 0.119939
vn 0.0184723 0.990185 0.138534
vn -0.911193 0.411852 0.0102199
vn -0.984837 0.166392 -0.0490959
vn 0.758233 0.639538 0.126782
vn -0.0397126 0.997721 0.0545471
vn -0.927482 0.348545 0.135254
vn -0.726315 0.474398 -0.497407
vn 0.696576 -0.564556 -0.442785
vn -0.726315 0.474398 -0.497407
vn -0.0305714 -0.83733 -0.545842
vn 0.0859586 0.687617 -0.720968
vn 0.603596 -0.425972 -0.673958
vn 0.657212 0.221366 -0.720465
vn -0.831063 0.542814 0.121193
vn -0.123955 0.945682 0.300535
vn 0.0859586 0.687617 -0.720968
vn 0.667393 -0.697475 -0.260989
vn 0.985896 -0.0310618 -0.164448
vn 0.978544 0.178136 -0.103532
vn 0.657212 0.221366 -0.720465
vn 0.0859586 0.687617 -0.720968
vn 0.657212 0.221366 -0.720465
vn 0.833432 0.55119 0.039756
vn -0.792719 0.568019 0.221249
vn -0.983845 0.13834 0.113625
vn -0.581144 0.749387 0.317318
vn -0.98674 0.138747 0.0842246
vn -0.381212 0.845018 0.374995
vn 0.743775 0.660201 0.104561
vn 0.106977 0.946933 0.303108
vn 0.960645 0.277741 -0.0044965
vn 0.948394 -0.219873 -0.228482
vn 0.974142 -0.0281438 -0.224178
vn 0.79162 0.605822 0.0794834
vn 0.960962 -0.221982 -0.165153
vn 0.0934043 0.962936 0.253041
vn 0.250141 0.821895 0.511779
vn -0.0201728 -0.991112 0.131493
vn -0.0201728 -0.991112 0.131493
vn 0.201671 -0.609329 0.766842
vn 0.26824 -0.213787 0.939331
vn 0.231585 0.972655 -0.0176087
vn -0.610949 -0.769937 -0.184223
vn -0.701972 -0.689912 -0.176797
vn -0.0142961 -0.998289 -0.0567067
vn 0.231585 0.972655 -0.0176087
vn -0.699206 -0.681531 -0.215932
vn -0.523457 0.850125 -0.0572763
vn -0.523457 0.850125 -0.0572763
vn -0.234985 -0.701073 -0.67326
vn -0.712058 -0.65543 -0.251763
vn -0.412214 -0.573125 -0.708242
vn 0.231585 0.972655 -0.0176087
vn -0.925267 -0.054485 -0.375384
vn -0.541864 -0.533361 -0.649546
vn 0 0 -1
vn -0.824263 -0.537129 -0.179119
vn 0 0 -1
vn 0.882382 0.139109 -0.449501
vn 0 0 -1
vn 0.22896 -0.477767 -0.848125
vn 0.851197 0.36697 -0.375228
vn 0.242338 0.967169 -0.0765229
vn -0.657124 0.690881 -0.301448
vn -0.429741 0.884782 0.180232
vn -0.0853438 0.725918 0.682465
vn -0.706485 0.584827 -0.398568
vn 0.219858 0.920739 -0.322339
vn -0.3029 0.0120787 -0.952946
vn 0.72502 0.66026 0.195968
vn 0.71181 0.687009 0.146105
vn 0.930572 -0.36102 -0.0608319
vn -0.429741 0.884782 0.180232
vn -0.64044 0.478507 0.600723
vn 0.347855 -0.934904 0.070369
vn -0.785612 0.586974 -0.19564
vn -0.429741 0.884782 0.180232
vn 0.527663 -0.84039 0.123758
vn 0.930572 -0.36102 -0.0608319
vn 0.62585 -0.769117 0.129502
vn -0.46785 -0.823264 -0.321484
vn 0.917308 -0.0187684 0.397737
vn -0.31389 0.947894 -0.0544974
vn -0.3029 0.0120787 -0.952946
vn -0.799979 -0.407323 -0.440592
vn -0.840213 0.406082 -0.35936
vn -0.457747 0.880857 -0.120663
vn -0.845304 0.40316 -0.350604
vn -0.0487293 0.49385 -0.868181
vn 0.729846 -0.509679 -0.455579
vn 0.785546 0.37746 -0.490348
vn -0.330221 -0.643099 -0.690925
vn 0.123537 -0.710343 0.692929
vn -0.244153 -0.897037 -0.368394
vn -0.272711 0.432233 -0.859537
vn -0.361026 -0.521364 -0.773201
vn -0.170718 0.349573 -0.921224
vn 0.260093 -0.22744 0.938415
vn 0.296425 0.743953 0.598887
vn -0.198887 -0.829686 -0.521599
vn -0.21328 0.21889 -0.952155
vn 0.260093 -0.22744 0.938415
vn 0.0378631 0.614172 -0.788264
vn 0.358383 0.603873 0.711968
vn 0.102498 -0.774365 0.624382
vn 0.729846 -0.509679 -0.455579
vn 0.707003 -0.534571 0.463013
vn 0.707003 -0.534571 0.463013
vn 0.785546 0.37746 -0.490348
vn 0.776203 0.372971 0.508332
vn 0.251879 -0.241035 0.937262
vn 0.552358 0.495052 0.670689
vn 0.707003 -0.534571 0.463013
vn 0.264967 0.964257 0
vn 0.631057 0.490776 0.600754
vn 0.785546 0.37746 -0.490348
vn -0.00951215 -0.996997 -0.0768517
vn -0.552793 -0.816269 -0.167703
vn 0.730151 -0.67898 0.0765914
vn 0.400696 0.907419 0.126622
vn 0.143871 0.906844 -0.396151
vn -0.3029 0.0120787 -0.952946
vn -0.698023 -0.586365 -0.411023
vn 0.584552 -0.804695 0.10376
vn 0.868572 -0.483902 0.106875
vn 0.562437 -0.825153 0.0527936
vn -0.730362 0.548303 -0.407352
vn -0.195287 -0.818771 -0.539886
vn 0.0634312 -0.822338 -0.565452
vn 0.778873 -0.546993 -0.306848
vn -0.102127 0.992808 -0.0624739
vn 0.756887 0.6406 0.129436
vn -0.409757 -0.907097 -0.0963023
vn -0.846439 0.532385 -0.010335
vn -0.701972 -0.689912 -0.176797
vn 0.162746 0.98319 0.0827762
vn 0.340747 0.922073 0.1835
vn 0.913572 -0.357107 -0.194579
vn 0.771376 0.622745 0.131027
vn 0.183394 0.978505 0.0943115
vn 0.419064 0.899617 0.122778
vn 0.113906 -0.849957 -0.514392
vn -0.462154 -0.770911 -0.438305
vn 0.265259 -0.834601 -0.482783
vn -0.991455 0.0794648 -0.103448
vn -0.524096 -0.844717 -0.108516
vn -0.978184 0.0130253 -0.207332
vn -0.486197 -0.859534 -0.157522
vn 0.536469 -0.830095 -0.152127
vn 0.566848 -0.820003 -0.0792385
vn -0.0486066 -0.997442 0.0524189
vn 0.558076 -0.820861 -0.1214
vn 0.628773 0.168178 -0.759184
vn 0.952069 0.27081 -0.142218
vn 0.997959 0.0407792 -0.0491445
vn 0.146753 -0.989063 -0.0147299
vn -0.57709 -0.816517 -0.0163639
vn 0.581224 -0.813725 0.0054626
vn 0.983313 -0.181802 -0.00666411
vn -0.645986 -0.756836 -0.0995021
vn 0.622913 -0.775942 -0.0994682
vn -0.82216 -0.549531 -0.148554
vn -0.999702 0.00253903 -0.0242655
vn -0.124099 0.975256 0.182961
vn 0.697292 -0.699552 -0.156237
vn 0.759152 0.632876 0.152173
vn 0.772827 0.625589 0.106661
vn -0.988652 -0.119111 -0.0915387
vn 0.0472205 0.949536 0.310082
vn 0.720206 -0.648136 -0.247432
vn -0.304572 -0.892791 -0.331904
vn 0.709752 0.66096 0.243687
vn 0.758196 0.624009 0.189081
vn -0.885164 0.44894 -0.122217
vn -0.365645 0.66862 -0.647496
vn 0.587312 0.405589 -0.700401
vn -0.365645 0.66862 -0.647496
vn 0.956392 0.258346 -0.136276
vn 0.60732 0.789365 -0.0898035
vn -0.348959 0.935344 -0.0579671
vn 0.509709 0.618042 -0.598516
vn 0.561855 0.825176 -0.058329
vn 0.615284 0.787292 -0.0399636
vn 0.610375 0.79209 0.00601173
vn 0.689628 0.723088 0.0394683
vn -0.0494847 0.991677 0.118859
vn 0.824303 -0.532346 0.192696
vn 0.920119 -0.334371 0.203906
vn 0.697524 0.707316 0.114736
vn 0.940725 -0.299537 0.159101
vn 0.740828 0.658771 0.131133
vn 0.298539 -0.954027 0.0266004
vn -0.150092 0.988239 0.0292724
vn 0.881981 -0.32751 0.338889
vn 0.904139 -0.236361 0.355903
vn 0.872432 0.370563 0.318663
vn -0.935218 -0.0598115 -0.348983
vn -0.593696 0.760234 -0.26376
vn -0.957909 -0.229176 -0.172884
vn 0.351174 -0.925651 0.140879
vn -0.970419 0.0594157 -0.234003
vn -0.602745 -0.795314 -0.0646101
vn -0.658071 0.733049 -0.171995
vn -0.951752 0.295385 -0.0831581
vn -0.621291 0.753455 -0.215181
vn 0.525349 0.844284 0.105793
vn 0.0547208 0.996872 0.0570252
vn 0.860824 -0.471738 0.190907
vn 0.748425 0.644469 0.156583
vn 0.558115 0.827111 0.0662899
vn -0.349979 0.925135 -0.147105
vn 0.66633 -0.725342 0.172867
vn -0.0409106 0.993953 -0.101899
vn -0.673155 0.717184 -0.180304
vn -0.9757 -0.0851494 -0.201888
vn -0.943408 -0.220842 -0.247406
vn 0.826055 -0.520579 0.215942
vn 0.605666 0.79081 0.088252
vn 0.138543 0.98776 -0.0716632
vn -0.933453 -0.232177 -0.27342
vn -0.940667 0.166475 -0.29569
vn 0.187579 -0.981867 -0.0274016
vn -0.774965 0.602902 -0.189574
vn 0.848644 0.43772 0.296992
vn 0.970363 -0.0474418 0.236948
vn -0.69905 0.690008 -0.187665
vn -0.151484 0.988371 -0.0132738
vn 0.848644 0.43772 0.296992
vn -0.629323 -0.710202 -0.315541
vn -0.0399883 0.998439 0.0389933
vn 0.181463 0.977514 0.107414
vn 0.274871 -0.96046 -0.0443048
vn -0.443273 -0.828149 -0.343043
vn 0.0909111 -0.923912 -0.371647
vn 0.359196 0.0438112 -0.932233
vn -0.510445 0.762797 -0.396971
vn 0.559689 0.628608 -0.540001
vn 0.359196 0.0438112 -0.932233
vn 0.431611 0.800187 -0.416429
vn 0.561308 0.827172 0.0268309
vn 0.651204 0.754738 0.0793968
vn 0.653561 0.418613 -0.630572
vn 0.359196 0.0438112 -0.932233
vn 0.946303 0.044328 -0.320229
vn 0.946979 -0.168234 0.273731
vn 0.959466 -0.0782353 0.270747
vn 0.946303 0.044328 -0.320229
vn 0.946303 0.044328 -0.320229
vn 0.978269 0.0458254 0.202215
vn 0.472578 0.876137 0.0951506
vn 0.599176 0.798055 0.064004
vn 0.713609 0.690238 0.119724
vn 0.967861 -0.134875 0.212258
vn -0.526714 -0.848008 -0.0587819
vn 0.523557 -0.849951 -0.0589166
vn 0.383525 -0.65631 -0.649742
vn 0.650192 -0.755751 0.0780425
vn -0.921568 0.334132 -0.197658
vn -0.569042 -0.784369 -0.246893
vn 0.969788 0.0251603 0.242648
vn 0.383525 -0.65631 -0.649742
vn 0.0081 0.581358 -0.813608
vn 0.50496 0.114827 -0.855471
vn 0.0081 0.581358 -0.813608
vn 0.270483 0.957603 0.0991686
vn 0.383525 -0.65631 -0.649742
vn 0.50496 0.114827 -0.855471
vn 0.879937 0.469718 0.0712403
vn 0.325736 0.944768 0.0361876
vn 0.50496 0.114827 -0.855471
vn 0.85085 0.525408 0.00104203
vn -0.594238 -0.784853 -0.175745
vn -0.942429 0.295891 -0.155806
vn -0.621064 0.779656 -0.0801051
vn -0.654158 0.756266 -0.011813
vn -0.907212 0.320609 -0.272353
vn 0.0742426 0.977711 -0.196391
vn 0.53005 0.686753 0.497411
vn 0.582564 0.790866 0.187483
vn -0.108722 0.993951 -0.0155257
vn 0.970363 -0.0474418 0.236948
vn 0.717883 0.669023 0.192493
vn 0.0742426 0.977711 -0.196391
vn 0.252273 0.8965 -0.364205
vn 0.793976 0.582392 0.174418
vn 0.901215 0.40986 0.140806
vn 0.53005 0.686753 0.497411
vn 0.879937 0.469718 0.0712403
vn 0.53005 0.686753 0.497411
vn 0.82015 0.50245 0.273675
vn 0.965792 -0.119792 0.229991
g grp1
usemtl mtl1
f 2//2 4//4 5//5 
f 1//1 11//11 2//2 
f 5//5 1//1 2//2 
f 6//6 1//1 5//5 
f 13//13 2//2 11//11 
f 1//1 12//12 11//11 
f 1//1 6//6 12//12 
f 12//12 6//6 29//29 
f 2//2 3//3 4//4 
f 3//3 7//7 789//789 
f 3//3 9//9 7//7 
f 2//2 8//8 3//3 
f 15//15 9//9 3//3 
f 789//789 6//6 5//5 
f 29//29 6//6 10//10 
f 791//791 6//6 789//789 
f 7//7 791//791 789//789 
f 27//27 791//791 7//7 
f 13//13 18//18 790//790 
f 2//2 13//13 790//790 
f 18//18 14//14 790//790 
f 14//14 3//3 8//8 
f 15//15 3//3 14//14 
f 15//15 16//16 9//9 
f 7//7 9//9 17//17 
f 17//17 9//9 16//16 
f 7//7 17//17 27//27 
f 29//29 10//10 792//792 
f 33//33 18//18 13//13 
f 33//33 60//60 18//18 
f 11//11 12//12 32//32 
f 12//12 29//29 62//62 
f 14//14 18//18 19//19 
f 21//21 22//22 16//16 
f 15//15 21//21 16//16 
f 22//22 23//23 16//16 
f 23//23 17//17 16//16 
f 27//27 17//17 28//28 
f 28//28 17//17 23//23 
f 60//60 19//19 18//18 
f 14//14 19//19 20//20 
f 21//21 15//15 20//20 
f 15//15 14//14 20//20 
f 24//24 20//20 19//19 
f 24//24 21//21 20//20 
f 21//21 24//24 25//25 
f 25//25 22//22 21//21 
f 25//25 26//26 22//22 
f 26//26 23//23 22//22 
f 23//23 26//26 31//31 
f 31//31 28//28 23//23 
f 19//19 63//63 24//24 
f 24//24 79//79 25//25 
f 63//63 19//19 60//60 
f 63//63 79//79 24//24 
f 37//37 25//25 79//79 
f 37//37 26//26 25//25 
f 792//792 28//28 30//30 
f 29//29 792//792 30//30 
f 31//31 30//30 28//28 
f 11//11 35//35 13//13 
f 29//29 30//30 34//34 
f 31//31 38//38 30//30 
f 30//30 38//38 34//34 
f 36//36 26//26 37//37 
f 31//31 26//26 36//36 
f 35//35 11//11 32//32 
f 62//62 29//29 34//34 
f 32//32 12//12 61//61 
f 36//36 38//38 31//31 
f 78//78 33//33 35//35 
f 33//33 13//13 35//35 
f 80//80 60//60 33//33 
f 61//61 12//12 62//62 
f 73//73 36//36 37//37 
f 73//73 38//38 36//36 
f 46//46 39//39 45//45 
f 46//46 40//40 39//39 
f 55//55 45//45 39//39 
f 40//40 46//46 41//41 
f 40//40 75//75 42//42 
f 39//39 40//40 42//42 
f 75//75 83//83 42//42 
f 39//39 54//54 55//55 
f 42//42 43//43 39//39 
f 794//794 54//54 39//39 
f 797//797 43//43 57//57 
f 44//44 43//43 42//42 
f 57//57 43//43 44//44 
f 83//83 44//44 42//42 
f 86//86 65//65 44//44 
f 65//65 57//57 44//44 
f 46//46 45//45 47//47 
f 45//45 48//48 47//47 
f 55//55 48//48 45//45 
f 55//55 56//56 48//48 
f 49//49 796//796 50//50 
f 48//48 50//50 47//47 
f 49//49 793//793 795//795 
f 796//796 49//49 795//795 
f 50//50 48//48 51//51 
f 51//51 48//48 56//56 
f 52//52 49//49 50//50 
f 52//52 50//50 53//53 
f 53//53 50//50 51//51 
f 56//56 58//58 51//51 
f 51//51 58//58 53//53 
f 53//53 64//64 52//52 
f 58//58 67//67 64//64 
f 58//58 64//64 53//53 
f 797//797 56//56 55//55 
f 57//57 56//56 797//797 
f 56//56 57//57 59//59 
f 59//59 58//58 56//56 
f 67//67 58//58 798//798 
f 80//80 33//33 799//799 
f 79//79 63//63 71//71 
f 71//71 63//63 60//60 
f 70//70 35//35 32//32 
f 70//70 32//32 61//61 
f 62//62 34//34 68//68 
f 34//34 38//38 68//68 
f 83//83 800//800 44//44 
f 65//65 86//86 85//85 
f 84//84 49//49 52//52 
f 69//69 84//84 52//52 
f 69//69 52//52 64//64 
f 67//67 76//76 64//64 
f 77//77 76//76 67//67 
f 66//66 65//65 85//85 
f 65//65 66//66 57//57 
f 66//66 798//798 57//57 
f 66//66 67//67 798//798 
f 67//67 66//66 77//77 
f 72//72 62//62 82//82 
f 62//62 68//68 82//82 
f 72//72 61//61 62//62 
f 81//81 37//37 79//79 
f 73//73 37//37 81//81 
f 78//78 35//35 70//70 
f 38//38 74//74 68//68 
f 97//97 80//80 799//799 
f 80//80 71//71 60//60 
f 82//82 68//68 74//74 
f 87//87 82//82 74//74 
f 73//73 74//74 38//38 
f 89//89 75//75 40//40 
f 66//66 85//85 77//77 
f 76//76 69//69 64//64 
f 61//61 91//91 70//70 
f 72//72 91//91 61//61 
f 71//71 80//80 96//96 
f 105//105 72//72 82//82 
f 105//105 82//82 87//87 
f 99//99 75//75 89//89 
f 40//40 41//41 89//89 
f 49//49 88//88 793//793 
f 49//49 84//84 88//88 
f 97//97 96//96 80//80 
f 110//110 104//104 79//79 
f 71//71 96//96 110//110 
f 79//79 104//104 81//81 
f 98//98 73//73 81//81 
f 110//110 79//79 71//71 
f 122//122 72//72 105//105 
f 98//98 74//74 73//73 
f 75//75 99//99 92//92 
f 92//92 83//83 75//75 
f 89//89 41//41 88//88 
f 85//85 93//93 77//77 
f 84//84 69//69 95//95 
f 76//76 95//95 69//69 
f 98//98 87//87 74//74 
f 95//95 102//102 84//84 
f 77//77 103//103 76//76 
f 93//93 103//103 77//77 
f 90//90 78//78 70//70 
f 91//91 90//90 70//70 
f 98//98 81//81 106//106 
f 99//99 100//100 92//92 
f 92//92 120//120 94//94 
f 94//94 83//83 92//92 
f 101//101 84//84 102//102 
f 88//88 84//84 101//101 
f 83//83 94//94 800//800 
f 801//801 85//85 86//86 
f 799//799 90//90 97//97 
f 122//122 91//91 72//72 
f 104//104 106//106 81//81 
f 106//106 124//124 98//98 
f 98//98 118//118 87//87 
f 98//98 124//124 118//118 
f 107//107 89//89 88//88 
f 89//89 107//107 99//99 
f 107//107 88//88 101//101 
f 93//93 85//85 801//801 
f 101//101 102//102 113//113 
f 109//109 102//102 95//95 
f 108//108 103//103 93//93 
f 116//116 90//90 91//91 
f 91//91 122//122 116//116 
f 97//97 90//90 115//115 
f 111//111 119//119 107//107 
f 111//111 107//107 101//101 
f 111//111 101//101 113//113 
f 109//109 113//113 102//102 
f 112//112 103//103 108//108 
f 120//120 114//114 801//801 
f 93//93 801//801 114//114 
f 109//109 95//95 112//112 
f 76//76 112//112 95//95 
f 103//103 112//112 76//76 
f 106//106 104//104 117//117 
f 97//97 121//121 96//96 
f 110//110 117//117 104//104 
f 96//96 149//149 110//110 
f 124//124 106//106 117//117 
f 118//118 105//105 87//87 
f 119//119 99//99 107//107 
f 120//120 92//92 100//100 
f 135//135 112//112 108//108 
f 134//134 112//112 135//135 
f 134//134 109//109 112//112 
f 108//108 93//93 114//114 
f 115//115 90//90 116//116 
f 149//149 96//96 121//121 
f 129//129 111//111 131//131 
f 131//131 111//111 113//113 
f 109//109 133//133 113//113 
f 113//113 133//133 131//131 
f 134//134 133//133 109//109 
f 121//121 97//97 115//115 
f 121//121 115//115 126//126 
f 110//110 149//149 117//117 
f 118//118 124//124 137//137 
f 120//120 100//100 130//130 
f 125//125 100//100 99//99 
f 99//99 119//119 125//125 
f 115//115 123//123 126//126 
f 128//128 122//122 105//105 
f 142//142 122//122 128//128 
f 123//123 115//115 116//116 
f 128//128 105//105 127//127 
f 118//118 127//127 105//105 
f 127//127 118//118 137//137 
f 151//151 137//137 124//124 
f 130//130 100//100 125//125 
f 129//129 119//119 111//111 
f 114//114 120//120 138//138 
f 129//129 132//132 119//119 
f 119//119 132//132 125//125 
f 138//138 136//136 114//114 
f 143//143 117//117 149//149 
f 117//117 143//143 124//124 
f 150//150 128//128 127//127 
f 125//125 139//139 130//130 
f 125//125 132//132 139//139 
f 108//108 114//114 136//136 
f 130//130 138//138 120//120 
f 150//150 142//142 128//128 
f 150//150 127//127 137//137 
f 140//140 136//136 141//141 
f 108//108 140//140 135//135 
f 148//148 134//134 135//135 
f 135//135 140//140 148//148 
f 140//140 108//108 136//136 
f 150//150 137//137 151//151 
f 144//144 130//130 139//139 
f 154//154 132//132 129//129 
f 134//134 147//147 133//133 
f 148//148 147//147 134//134 
f 131//131 146//146 129//129 
f 141//141 136//136 138//138 
f 144//144 138//138 130//130 
f 132//132 154//154 139//139 
f 140//140 141//141 153//153 
f 131//131 133//133 803//803 
f 122//122 190//190 116//116 
f 190//190 122//122 142//142 
f 143//143 151//151 124//124 
f 129//129 146//146 154//154 
f 803//803 802//802 131//131 
f 802//802 803//803 152//152 
f 157//157 152//152 803//803 
f 144//144 145//145 138//138 
f 145//145 141//141 138//138 
f 126//126 123//123 188//188 
f 155//155 802//802 152//152 
f 146//146 155//155 154//154 
f 158//158 139//139 154//154 
f 158//158 144//144 139//139 
f 144//144 158//158 156//156 
f 156//156 153//153 145//145 
f 145//145 153//153 141//141 
f 144//144 156//156 145//145 
f 148//148 805//805 147//147 
f 148//148 162//162 163//163 
f 140//140 162//162 148//148 
f 126//126 188//188 175//175 
f 188//188 123//123 116//116 
f 188//188 116//116 807//807 
f 175//175 121//121 126//126 
f 189//189 142//142 150//150 
f 157//157 166//166 152//152 
f 155//155 152//152 160//160 
f 153//153 162//162 140//140 
f 148//148 166//166 805//805 
f 192//192 183//183 151//151 
f 183//183 150//150 151//151 
f 192//192 151//151 143//143 
f 165//165 158//158 154//154 
f 171//171 154//154 155//155 
f 171//171 165//165 154//154 
f 161//161 167//167 153//153 
f 159//159 160//160 804//804 
f 166//166 159//159 152//152 
f 163//163 166//166 148//148 
f 167//167 162//162 153//153 
f 153//153 156//156 161//161 
f 164//164 158//158 165//165 
f 164//164 161//161 156//156 
f 164//164 156//156 158//158 
f 163//163 162//162 177//177 
f 160//160 168//168 155//155 
f 172//172 164//164 165//165 
f 170//170 164//164 172//172 
f 159//159 173//173 160//160 
f 173//173 159//159 169//169 
f 159//159 166//166 169//169 
f 163//163 174//174 166//166 
f 174//174 163//163 177//177 
f 190//190 142//142 189//189 
f 183//183 189//189 150//150 
f 179//179 172//172 165//165 
f 168//168 171//171 155//155 
f 168//168 160//160 173//173 
f 164//164 170//170 161//161 
f 174//174 169//169 166//166 
f 168//168 173//173 180//180 
f 167//167 161//161 176//176 
f 121//121 806//806 149//149 
f 192//192 143//143 191//191 
f 171//171 168//168 178//178 
f 179//179 171//171 178//178 
f 171//171 179//179 165//165 
f 176//176 187//187 167//167 
f 172//172 184//184 170//170 
f 176//176 161//161 170//170 
f 181//181 180//180 173//173 
f 169//169 181//181 173//173 
f 186//186 174//174 177//177 
f 177//177 167//167 187//187 
f 167//167 177//177 162//162 
f 806//806 808//808 149//149 
f 191//191 143//143 149//149 
f 185//185 168//168 180//180 
f 178//178 168//168 185//185 
f 169//169 182//182 181//181 
f 182//182 169//169 174//174 
f 170//170 184//184 176//176 
f 202//202 187//187 176//176 
f 184//184 202//202 176//176 
f 808//808 806//806 197//197 
f 230//230 178//178 199//199 
f 193//193 199//199 185//185 
f 199//199 178//178 185//185 
f 179//179 178//178 230//230 
f 195//195 184//184 172//172 
f 195//195 172//172 179//179 
f 180//180 193//193 185//185 
f 194//194 193//193 180//180 
f 194//194 180//180 181//181 
f 194//194 181//181 201//201 
f 201//201 181//181 182//182 
f 201//201 182//182 174//174 
f 188//188 198//198 175//175 
f 175//175 198//198 204//204 
f 198//198 188//188 196//196 
f 204//204 197//197 806//806 
f 188//188 807//807 196//196 
f 808//808 197//197 200//200 
f 192//192 191//191 200//200 
f 184//184 195//195 218//218 
f 190//190 189//189 203//203 
f 205//205 196//196 807//807 
f 810//810 190//190 203//203 
f 200//200 197//197 211//211 
f 192//192 212//212 183//183 
f 194//194 201//201 225//225 
f 225//225 201//201 186//186 
f 186//186 201//201 174//174 
f 186//186 177//177 235//235 
f 218//218 202//202 184//184 
f 202//202 220//220 187//187 
f 187//187 220//220 177//177 
f 205//205 198//198 196//196 
f 197//197 208//208 211//211 
f 211//211 192//192 200//200 
f 224//224 199//199 193//193 
f 220//220 235//235 177//177 
f 218//218 236//236 202//202 
f 202//202 236//236 220//220 
f 205//205 204//204 198//198 
f 205//205 222//222 204//204 
f 810//810 203//203 214//214 
f 204//204 206//206 197//197 
f 811//811 208//208 197//197 
f 207//207 203//203 189//189 
f 206//206 204//204 215//215 
f 812//812 210//210 816//816 
f 209//209 207//207 189//189 
f 819//819 238//238 817//817 
f 814//814 818//818 819//819 
f 215//215 216//216 813//813 
f 820//820 813//813 216//216 
f 243//243 819//819 818//818 
f 213//213 189//189 183//183 
f 212//212 213//213 183//183 
f 212//212 809//809 822//822 
f 828//828 230//230 199//199 
f 193//193 194//194 217//217 
f 214//214 203//203 221//221 
f 819//819 243//243 238//238 
f 208//208 836//836 211//211 
f 823//823 209//209 189//189 
f 822//822 245//245 212//212 
f 245//245 219//219 212//212 
f 212//212 219//219 213//213 
f 228//228 824//824 826//826 
f 193//193 217//217 224//224 
f 217//217 194//194 225//225 
f 222//222 810//810 214//214 
f 232//232 231//231 216//216 
f 223//223 204//204 222//222 
f 223//223 215//215 204//204 
f 215//215 223//223 232//232 
f 215//215 232//232 216//216 
f 226//226 179//179 230//230 
f 195//195 179//179 226//226 
f 218//218 195//195 226//226 
f 207//207 827//827 203//203 
f 815//815 821//821 831//831 
f 231//231 820//820 216//216 
f 209//209 823//823 829//829 
f 230//230 828//828 239//239 
f 254//254 226//226 230//230 
f 227//227 226//226 254//254 
f 229//229 222//222 237//237 
f 223//223 222//222 229//229 
f 222//222 214//214 237//237 
f 214//214 221//221 242//242 
f 840//840 827//827 241//241 
f 241//241 827//827 207//207 
f 836//836 234//234 211//211 
f 830//830 243//243 818//818 
f 833//833 245//245 822//822 
f 252//252 217//217 225//225 
f 264//264 225//225 235//235 
f 218//218 226//226 227//227 
f 235//235 220//220 263//263 
f 240//240 218//218 227//227 
f 218//218 240//240 236//236 
f 826//826 233//233 228//228 
f 235//235 225//225 186//186 
f 223//223 229//229 247//247 
f 232//232 223//223 247//247 
f 240//240 227//227 254//254 
f 237//237 825//825 841//841 
f 232//232 249//249 231//231 
f 249//249 837//837 231//231 
f 838//838 815//815 831//831 
f 243//243 830//830 244//244 
f 842//842 228//228 233//233 
f 832//832 219//219 245//245 
f 252//252 225//225 264//264 
f 217//217 253//253 224//224 
f 253//253 217//217 850//850 
f 220//220 236//236 263//263 
f 237//237 841//841 257//257 
f 853//853 840//840 272//272 
f 258//258 247//247 229//229 
f 247//247 846//846 232//232 
f 237//237 246//246 229//229 
f 246//246 855//855 229//229 
f 243//243 268//268 238//238 
f 256//256 834//834 238//238 
f 835//835 851//851 250//250 
f 239//239 828//828 253//253 
f 239//239 254//254 230//230 
f 272//272 840//840 241//241 
f 243//243 244//244 268//268 
f 847//847 251//251 833//833 
f 251//251 245//245 833//833 
f 849//849 260//260 245//245 
f 832//832 245//245 260//260 
f 270//270 239//239 253//253 
f 239//239 287//287 254//254 
f 237//237 257//257 246//246 
f 866//866 839//839 248//248 
f 266//266 247//247 258//258 
f 247//247 259//259 844//844 
f 247//247 844//844 846//846 
f 845//845 837//837 249//249 
f 256//256 238//238 268//268 
f 240//240 254//254 271//271 
f 240//240 255//255 236//236 
f 255//255 263//263 236//236 
f 233//233 857//857 842//842 
f 235//235 263//263 860//860 
f 256//256 268//268 274//274 
f 867//867 848//848 852//852 
f 287//287 239//239 270//270 
f 246//246 278//278 277//277 
f 246//246 257//257 875//875 
f 248//248 284//284 866//866 
f 856//856 284//284 248//248 
f 277//277 855//855 246//246 
f 873//873 266//266 258//258 
f 861//861 259//259 247//247 
f 261//261 260//260 849//849 
f 843//843 262//262 864//864 
f 842//842 857//857 858//858 
f 847//847 267//267 251//251 
f 859//859 260//260 261//261 
f 850//850 269//269 253//253 
f 271//271 255//255 240//240 
f 265//265 263//263 255//255 
f 279//279 861//861 874//874 
f 261//261 849//849 862//862 
f 868//868 267//267 847//847 
f 276//276 864//864 262//262 
f 275//275 261//261 862//862 
f 253//253 269//269 270//270 
f 270//270 269//269 286//286 
f 287//287 271//271 254//254 
f 270//270 882//882 287//287 
f 286//286 269//269 280//280 
f 282//282 255//255 271//271 
f 880//880 283//283 272//272 
f 854//854 879//879 876//876 
f 283//283 853//853 272//272 
f 877//877 284//284 856//856 
f 861//861 279//279 259//259 
f 865//865 252//252 273//273 
f 273//273 252//252 264//264 
f 273//273 264//264 293//293 
f 255//255 282//282 265//265 
f 281//281 263//263 265//265 
f 263//263 293//293 860//860 
f 295//295 274//274 268//268 
f 271//271 288//288 282//282 
f 305//305 277//277 278//278 
f 306//306 876//876 879//879 
f 859//859 261//261 871//871 
f 871//871 872//872 859//859 
f 878//878 865//865 291//291 
f 281//281 310//310 293//293 
f 304//304 310//310 281//281 
f 304//304 281//281 282//282 
f 281//281 265//265 282//282 
f 273//273 291//291 865//865 
f 273//273 293//293 292//292 
f 263//263 281//281 293//293 
f 294//294 295//295 268//268 
f 299//299 886//886 864//864 
f 276//276 299//299 864//864 
f 869//869 298//298 863//863 
f 318//318 275//275 862//862 
f 286//286 280//280 285//285 
f 287//287 326//326 288//288 
f 304//304 288//288 326//326 
f 271//271 287//287 288//288 
f 893//893 305//305 278//278 
f 306//306 879//879 289//289 
f 880//880 883//883 283//283 
f 279//279 874//874 290//290 
f 885//885 307//307 877//877 
f 877//877 307//307 284//284 
f 894//894 884//884 881//881 
f 892//892 290//290 874//874 
f 291//291 309//309 878//878 
f 878//878 309//309 285//285 
f 308//308 291//291 292//292 
f 293//293 347//347 292//292 
f 291//291 273//273 292//292 
f 288//288 304//304 282//282 
f 891//891 870//870 887//887 
f 887//887 313//313 891//891 
f 296//296 886//886 297//297 
f 889//889 295//295 294//294 
f 297//297 886//886 299//299 
f 890//890 297//297 312//312 
f 897//897 299//299 301//301 
f 312//312 297//297 299//299 
f 298//298 899//899 317//317 
f 298//298 317//317 863//863 
f 871//871 319//319 872//872 
f 300//300 299//299 276//276 
f 300//300 276//276 911//911 
f 301//301 300//300 911//911 
f 301//301 299//299 300//300 
f 910//910 319//319 871//871 
f 318//318 862//862 909//909 
f 285//285 302//302 286//286 
f 303//303 302//302 285//285 
f 325//325 287//287 882//882 
f 325//325 286//286 302//302 
f 329//329 320//320 305//305 
f 305//305 893//893 329//329 
f 919//919 306//306 289//289 
f 307//307 885//885 323//323 
f 290//290 892//892 912//912 
f 285//285 309//309 303//303 
f 895//895 309//309 291//291 
f 303//303 309//309 895//895 
f 308//308 292//292 347//347 
f 304//304 346//346 310//310 
f 293//293 310//310 347//347 
f 311//311 334//334 313//313 
f 899//899 924//924 331//331 
f 896//896 888//888 332//332 
f 358//358 314//314 889//889 
f 354//354 890//890 312//312 
f 331//331 317//317 899//899 
f 947//947 358//358 889//889 
f 948//948 898//898 301//301 
f 311//311 313//313 887//887 
f 910//910 315//315 319//319 
f 314//314 295//295 889//889 
f 316//316 319//319 315//315 
f 905//905 900//900 907//907 
f 332//332 888//888 901//901 
f 336//336 902//902 906//906 
f 921//921 318//318 909//909 
f 339//339 916//916 912//912 
f 321//321 320//320 329//329 
f 329//329 322//322 321//321 
f 914//914 919//919 327//327 
f 913//913 340//340 338//338 
f 321//321 927//927 320//320 
f 928//928 339//339 912//912 
f 340//340 913//913 915//915 
f 931//931 342//342 323//323 
f 933//933 914//914 341//341 
f 341//341 914//914 327//327 
f 936//936 328//328 938//938 
f 323//323 342//342 918//918 
f 916//916 290//290 912//912 
f 302//302 344//344 325//325 
f 302//302 324//324 344//344 
f 324//324 303//303 343//343 
f 343//343 303//303 895//895 
f 303//303 324//324 302//302 
f 325//325 337//337 287//287 
f 337//337 326//326 287//287 
f 310//310 346//346 347//347 
f 326//326 346//346 304//304 
f 328//328 917//917 330//330 
f 323//323 918//918 920//920 
f 328//328 936//936 917//917 
f 330//330 884//884 894//894 
f 327//327 919//919 289//289 
f 917//917 884//884 330//330 
f 307//307 323//323 920//920 
f 353//353 921//921 925//925 
f 353//353 335//335 921//921 
f 921//921 335//335 318//318 
f 926//926 315//315 910//910 
f 926//926 333//333 315//315 
f 906//906 923//923 336//336 
f 351//351 334//334 311//311 
f 925//925 349//349 353//353 
f 352//352 333//333 926//926 
f 353//353 945//945 335//335 
f 375//375 358//358 947//947 
f 356//356 301//301 911//911 
f 316//316 357//357 319//319 
f 948//948 301//301 356//356 
f 357//357 950//950 319//319 
f 355//355 908//908 903//903 
f 903//903 359//359 355//355 
f 902//902 336//336 922//922 
f 395//395 360//360 337//337 
f 929//929 934//934 939//939 
f 932//932 930//930 940//940 
f 941//941 935//935 937//937 
f 324//324 361//361 344//344 
f 362//362 361//361 324//324 
f 362//362 324//324 343//343 
f 363//363 343//343 345//345 
f 362//362 343//343 363//363 
f 363//363 345//345 381//381 
f 381//381 345//345 364//364 
f 344//344 337//337 325//325 
f 345//345 343//343 895//895 
f 360//360 326//326 337//337 
f 367//367 346//346 326//326 
f 368//368 366//366 347//347 
f 368//368 347//347 346//346 
f 345//345 308//308 364//364 
f 364//364 308//308 347//347 
f 347//347 366//366 364//364 
f 348//348 351//351 311//311 
f 369//369 943//943 351//351 
f 348//348 952//952 351//351 
f 383//383 942//942 350//350 
f 374//374 922//922 336//336 
f 923//923 374//374 336//336 
f 942//942 896//896 332//332 
f 332//332 350//350 942//942 
f 944//944 922//922 374//374 
f 351//351 943//943 334//334 
f 923//923 946//946 374//374 
f 955//955 948//948 376//376 
f 377//377 950//950 357//357 
f 358//358 951//951 904//904 
f 948//948 356//356 376//376 
f 949//949 357//357 316//316 
f 394//394 395//395 337//337 
f 394//394 337//337 379//379 
f 361//361 379//379 344//344 
f 362//362 382//382 361//361 
f 363//363 382//382 362//362 
f 381//381 382//382 363//363 
f 344//344 379//379 337//337 
f 381//381 364//364 366//366 
f 367//367 380//380 365//365 
f 367//367 360//360 380//380 
f 326//326 360//360 367//367 
f 367//367 365//365 346//346 
f 365//365 368//368 346//346 
f 371//371 384//384 383//383 
f 348//348 383//383 385//385 
f 952//952 348//348 385//385 
f 386//386 943//943 369//369 
f 371//371 383//383 350//350 
f 369//369 960//960 386//386 
f 353//353 349//349 961//961 
f 944//944 374//374 953//953 
f 370//370 953//953 374//374 
f 387//387 370//370 372//372 
f 370//370 946//946 372//372 
f 353//353 372//372 945//945 
f 387//387 372//372 389//389 
f 389//389 372//372 353//353 
f 390//390 358//358 375//375 
f 390//390 373//373 358//358 
f 391//391 373//373 390//390 
f 946//946 370//370 374//374 
f 950//950 377//377 957//957 
f 373//373 951//951 358//358 
f 964//964 378//378 954//954 
f 378//378 359//359 954//954 
f 408//408 378//378 964//964 
f 958//958 959//959 973//973 
f 959//959 958//958 357//357 
f 359//359 378//378 355//355 
f 949//949 959//959 357//357 
f 380//380 360//360 395//395 
f 429//429 361//361 382//382 
f 397//397 368//368 365//365 
f 368//368 397//397 366//366 
f 397//397 365//365 396//396 
f 396//396 365//365 380//380 
f 400//400 385//385 383//383 
f 400//400 383//383 384//384 
f 400//400 384//384 398//398 
f 953//953 962//962 404//404 
f 962//962 399//399 404//404 
f 960//960 400//400 401//401 
f 960//960 401//401 386//386 
f 401//401 388//388 386//386 
f 403//403 388//388 401//401 
f 384//384 371//371 967//967 
f 388//388 353//353 961//961 
f 953//953 370//370 962//962 
f 388//388 963//963 353//353 
f 389//389 968//968 387//387 
f 403//403 963//963 388//388 
f 407//407 391//391 390//390 
f 964//964 970//970 408//408 
f 376//376 393//393 955//955 
f 392//392 390//390 375//375 
f 966//966 965//965 956//956 
f 377//377 409//409 957//957 
f 973//973 974//974 958//958 
f 395//395 394//394 441//441 
f 395//395 441//441 439//439 
f 439//439 380//380 395//395 
f 455//455 429//429 382//382 
f 396//396 380//380 453//453 
f 969//969 967//967 371//371 
f 402//402 401//401 400//400 
f 403//403 415//415 963//963 
f 981//981 968//968 389//389 
f 400//400 405//405 402//402 
f 406//406 401//401 402//402 
f 405//405 400//400 398//398 
f 401//401 406//406 403//403 
f 413//413 404//404 399//399 
f 406//406 416//416 403//403 
f 416//416 415//415 403//403 
f 967//967 969//969 979//979 
f 405//405 406//406 402//402 
f 414//414 413//413 399//399 
f 980//980 968//968 981//981 
f 419//419 971//971 392//392 
f 965//965 966//966 987//987 
f 417//417 987//987 966//966 
f 393//393 376//376 975//975 
f 392//392 971//971 390//390 
f 982//982 393//393 975//975 
f 974//974 973//973 418//418 
f 379//379 451//451 394//394 
f 440//440 451//451 379//379 
f 361//361 440//440 379//379 
f 394//394 451//451 441//441 
f 453//453 380//380 439//439 
f 455//455 382//382 381//381 
f 411//411 405//405 398//398 
f 398//398 412//412 411//411 
f 977//977 410//410 405//405 
f 422//422 967//967 979//979 
f 422//422 978//978 967//967 
f 991//991 413//413 414//414 
f 981//981 425//425 980//980 
f 416//416 995//995 415//415 
f 423//423 411//411 412//412 
f 405//405 410//410 406//406 
f 406//406 410//410 416//416 
f 973//973 421//421 418//418 
f 971//971 419//419 420//420 
f 989//989 408//408 970//970 
f 990//990 972//972 988//988 
f 426//426 420//420 419//419 
f 998//998 987//987 417//417 
f 983//983 976//976 985//985 
f 440//440 429//429 450//450 
f 361//361 429//429 440//440 
f 430//430 456//456 423//423 
f 423//423 412//412 430//430 
f 991//991 414//414 996//996 
f 977//977 992//992 410//410 
f 992//992 424//424 410//410 
f 424//424 416//416 410//410 
f 992//992 1028//1028 424//424 
f 995//995 416//416 432//432 
f 416//416 993//993 432//432 
f 978//978 431//431 1004//1004 
f 978//978 422//422 431//431 
f 431//431 422//422 433//433 
f 1006//1006 991//991 996//996 
f 420//420 426//426 435//435 
f 1007//1007 999//999 428//428 
f 999//999 984//984 428//428 
f 985//985 1001//1001 983//983 
f 436//436 420//420 435//435 
f 418//418 421//421 427//427 
f 1000//1000 1002//1002 986//986 
f 1008//1008 437//437 988//988 
f 437//437 990//990 988//988 
f 427//427 421//421 437//437 
f 1007//1007 428//428 445//445 
f 429//429 455//455 452//452 
f 1027//1027 381//381 366//366 
f 430//430 449//449 456//456 
f 434//434 431//431 433//433 
f 431//431 448//448 442//442 
f 431//431 442//442 1004//1004 
f 431//431 434//434 448//448 
f 433//433 997//997 1005//1005 
f 1024//1024 1004//1004 442//442 
f 434//434 433//433 457//457 
f 433//433 1005//1005 457//457 
f 458//458 994//994 1029//1029 
f 435//435 443//443 436//436 
f 1009//1009 1007//1007 445//445 
f 1008//1008 1010//1010 444//444 
f 447//447 438//438 1013//1013 
f 444//444 438//438 1008//1008 
f 446//446 1015//1015 1003//1003 
f 1002//1002 1000//1000 1018//1018 
f 1008//1008 438//438 437//437 
f 427//427 437//437 438//438 
f 438//438 447//447 427//427 
f 429//429 1026//1026 450//450 
f 450//450 451//451 440//440 
f 1027//1027 366//366 397//397 
f 454//454 397//397 396//396 
f 454//454 396//396 453//453 
f 1027//1027 397//397 454//454 
f 993//993 1032//1032 432//432 
f 448//448 434//434 457//457 
f 1033//1033 457//457 1005//1005 
f 1014//1014 1011//1011 1020//1020 
f 1021//1021 1012//1012 1016//1016 
f 1019//1019 1022//1022 1017//1017 
f 1023//1023 1018//1018 1000//1000 
f 448//448 459//459 442//442 
f 442//442 459//459 1024//1024 
f 1034//1034 448//448 457//457 
f 1026//1026 466//466 450//450 
f 1043//1043 452//452 503//503 
f 451//451 439//439 441//441 
f 503//503 452//452 455//455 
f 491//491 461//461 1035//1035 
f 1034//1034 464//464 1052//1052 
f 449//449 460//460 456//456 
f 461//461 1036//1036 1035//1035 
f 1036//1036 1025//1025 1035//1035 
f 463//463 457//457 1033//1033 
f 462//462 1030//1030 1037//1037 
f 1029//1029 1039//1039 458//458 
f 1033//1033 1040//1040 463//463 
f 464//464 1034//1034 457//457 
f 1041//1041 1031//1031 463//463 
f 1037//1037 497//497 462//462 
f 500//500 465//465 466//466 
f 1060//1060 1044//1044 619//619 
f 503//503 1184//1184 1043//1043 
f 451//451 450//450 465//465 
f 465//465 450//450 466//466 
f 1042//1042 467//467 451//451 
f 468//468 506//506 507//507 
f 467//467 439//439 451//451 
f 1045//1045 453//453 439//439 
f 504//504 454//454 507//507 
f 1063//1063 1027//1027 504//504 
f 454//454 504//504 1027//1027 
f 453//453 1045//1045 506//506 
f 453//453 506//506 468//468 
f 453//453 468//468 454//454 
f 507//507 454//454 468//468 
f 510//510 487//487 515//515 
f 487//487 511//511 515//515 
f 509//509 511//511 487//487 
f 519//519 524//524 469//469 
f 520//520 519//519 469//469 
f 469//469 524//524 471//471 
f 469//469 471//471 474//474 
f 474//474 472//472 469//469 
f 472//472 520//520 469//469 
f 520//520 472//472 470//470 
f 524//524 527//527 471//471 
f 527//527 528//528 473//473 
f 471//471 527//527 473//473 
f 470//470 567//567 520//520 
f 471//471 473//473 476//476 
f 471//471 476//476 474//474 
f 488//488 470//470 472//472 
f 528//528 530//530 473//473 
f 474//474 475//475 472//472 
f 474//474 476//476 475//475 
f 473//473 479//479 476//476 
f 489//489 472//472 475//475 
f 473//473 530//530 1046//1046 
f 530//530 481//481 1046//1046 
f 1078//1078 533//533 481//481 
f 476//476 482//482 477//477 
f 1047//1047 485//485 477//477 
f 476//476 477//477 475//475 
f 477//477 478//478 475//475 
f 485//485 478//478 477//477 
f 479//479 483//483 476//476 
f 475//475 478//478 489//489 
f 489//489 478//478 480//480 
f 478//478 485//485 480//480 
f 1046//1046 481//481 1049//1049 
f 489//489 480//480 490//490 
f 490//490 480//480 539//539 
f 539//539 480//480 485//485 
f 481//481 536//536 1049//1049 
f 535//535 536//536 481//481 
f 476//476 483//483 1048//1048 
f 483//483 484//484 1048//1048 
f 486//486 485//485 1047//1047 
f 1050//1050 1049//1049 538//538 
f 1049//1049 536//536 538//538 
f 539//539 485//485 545//545 
f 1048//1048 487//487 1051//1051 
f 487//487 1048//1048 484//484 
f 487//487 510//510 1051//1051 
f 1065//1065 544//544 486//486 
f 485//485 486//486 544//544 
f 538//538 1064//1064 1050//1050 
f 509//509 487//487 484//484 
f 544//544 545//545 485//485 
f 472//472 489//489 488//488 
f 488//488 489//489 490//490 
f 461//461 492//492 1036//1036 
f 492//492 461//461 491//491 
f 492//492 1057//1057 1038//1038 
f 494//494 492//492 491//491 
f 492//492 494//494 493//493 
f 493//493 1057//1057 492//492 
f 1052//1052 464//464 495//495 
f 495//495 1055//1055 1052//1052 
f 495//495 464//464 499//499 
f 593//593 496//496 1053//1053 
f 495//495 499//499 590//590 
f 1134//1134 1059//1059 592//592 
f 493//493 494//494 591//591 
f 1135//1135 1136//1136 1054//1054 
f 498//498 462//462 497//497 
f 1040//1040 1058//1058 463//463 
f 463//463 1059//1059 1041//1041 
f 1058//1058 592//592 463//463 
f 592//592 1059//1059 463//463 
f 497//497 1053//1053 496//496 
f 498//498 497//497 496//496 
f 1056//1056 592//592 1058//1058 
f 1061//1061 611//611 1042//1042 
f 1060//1060 619//619 609//609 
f 505//505 501//501 613//613 
f 504//504 615//615 502//502 
f 1063//1063 504//504 502//502 
f 1179//1179 504//504 505//505 
f 504//504 507//507 505//505 
f 505//505 507//507 506//506 
f 506//506 1045//1045 501//501 
f 506//506 501//501 505//505 
f 596//596 508//508 515//515 
f 511//511 599//599 596//596 
f 1147//1147 1066//1066 603//603 
f 1066//1066 513//513 603//603 
f 606//606 514//514 512//512 
f 1064//1064 540//540 1066//1066 
f 544//544 1065//1065 1067//1067 
f 513//513 1066//1066 540//540 
f 508//508 510//510 515//515 
f 511//511 596//596 515//515 
f 1067//1067 1065//1065 508//508 
f 556//556 516//516 561//561 
f 550//550 516//516 556//556 
f 1070//1070 518//518 521//521 
f 559//559 1074//1074 1071//1071 
f 522//522 1075//1075 1096//1096 
f 516//516 519//519 517//517 
f 516//516 517//517 561//561 
f 1073//1073 562//562 1099//1099 
f 519//519 516//516 1076//1076 
f 519//519 520//520 1073//1073 
f 1073//1073 520//520 562//562 
f 520//520 565//565 562//562 
f 567//567 565//565 520//520 
f 518//518 523//523 521//521 
f 1075//1075 522//522 523//523 
f 531//531 523//523 522//522 
f 519//519 1076//1076 524//524 
f 566//566 526//526 1077//1077 
f 1077//1077 526//526 532//532 
f 522//522 1079//1079 531//531 
f 1076//1076 525//525 524//524 
f 521//521 523//523 525//525 
f 523//523 529//529 525//525 
f 531//531 529//529 523//523 
f 524//524 525//525 527//527 
f 525//525 529//529 527//527 
f 527//527 529//529 528//528 
f 567//567 488//488 526//526 
f 526//526 488//488 532//532 
f 532//532 488//488 490//490 
f 530//530 528//528 529//529 
f 531//531 1078//1078 529//529 
f 533//533 1078//1078 531//531 
f 531//531 534//534 533//533 
f 531//531 1079//1079 534//534 
f 535//535 481//481 533//533 
f 535//535 533//533 534//534 
f 490//490 1080//1080 532//532 
f 536//536 535//535 534//534 
f 536//536 534//534 537//537 
f 1081//1081 1080//1080 539//539 
f 539//539 1080//1080 490//490 
f 538//538 541//541 540//540 
f 541//541 538//538 536//536 
f 542//542 540//540 541//541 
f 541//541 536//536 537//537 
f 541//541 1081//1081 543//543 
f 541//541 543//543 542//542 
f 539//539 543//543 1081//1081 
f 1084//1084 543//543 539//539 
f 538//538 540//540 1064//1064 
f 1083//1083 514//514 1084//1084 
f 540//540 542//542 1068//1068 
f 1082//1082 1084//1084 514//514 
f 1082//1082 543//543 1084//1084 
f 1082//1082 514//514 1069//1069 
f 1083//1083 512//512 514//514 
f 578//578 546//546 579//579 
f 546//546 550//550 579//579 
f 578//578 573//573 546//546 
f 586//586 553//553 1085//1085 
f 1085//1085 553//553 1087//1087 
f 587//587 547//547 1114//1114 
f 547//547 1085//1085 1114//1114 
f 586//586 1085//1085 547//547 
f 1090//1090 1128//1128 554//554 
f 554//554 1128//1128 589//589 
f 554//554 589//589 552//552 
f 550//550 548//548 579//579 
f 1086//1086 549//549 1121//1121 
f 551//551 549//549 1086//1086 
f 551//551 1086//1086 557//557 
f 551//551 557//557 1089//1089 
f 551//551 1089//1089 549//549 
f 553//553 555//555 1087//1087 
f 1090//1090 554//554 559//559 
f 1097//1097 554//554 552//552 
f 556//556 548//548 550//550 
f 1086//1086 1093//1093 557//557 
f 1093//1093 1100//1100 557//557 
f 1091//1091 1072//1072 1088//1088 
f 1089//1089 557//557 558//558 
f 559//559 1071//1071 1092//1092 
f 559//559 1092//1092 1090//1090 
f 1095//1095 1097//1097 552//552 
f 1094//1094 1099//1099 560//560 
f 558//558 557//557 564//564 
f 557//557 1098//1098 564//564 
f 1077//1077 1097//1097 1101//1101 
f 1101//1101 1097//1097 1095//1095 
f 562//562 560//560 1099//1099 
f 562//562 563//563 560//560 
f 1098//1098 563//563 564//564 
f 1101//1101 566//566 1077//1077 
f 563//563 562//562 565//565 
f 563//563 565//565 1102//1102 
f 565//565 567//567 1102//1102 
f 564//564 563//563 1102//1102 
f 1102//1102 567//567 526//526 
f 567//567 470//470 488//488 
f 568//568 583//583 580//580 
f 571//571 568//568 569//569 
f 568//568 580//580 569//569 
f 1122//1122 582//582 1103//1103 
f 572//572 1106//1106 1104//1104 
f 1103//1103 582//582 1111//1111 
f 568//568 1107//1107 570//570 
f 570//570 573//573 568//568 
f 568//568 573//573 583//583 
f 578//578 583//583 573//573 
f 577//577 1112//1112 585//585 
f 1118//1118 1108//1108 1113//1113 
f 1114//1114 1105//1105 574//574 
f 1114//1114 574//574 587//587 
f 1105//1105 1109//1109 575//575 
f 1105//1105 575//575 574//574 
f 1115//1115 1116//1116 576//576 
f 1115//1115 576//576 1130//1130 
f 1110//1110 1119//1119 1117//1117 
f 1116//1116 1120//1120 576//576 
f 1126//1126 576//576 1120//1120 
f 583//583 578//578 580//580 
f 580//580 578//578 581//581 
f 578//578 579//579 581//581 
f 1121//1121 584//584 1123//1123 
f 1122//1122 1124//1124 582//582 
f 1123//1123 585//585 1125//1125 
f 1112//1112 1125//1125 585//585 
f 1123//1123 584//584 585//585 
f 1133//1133 584//584 1089//1089 
f 1131//1131 1126//1126 588//588 
f 1131//1131 576//576 1126//1126 
f 588//588 1126//1126 589//589 
f 584//584 1133//1133 1127//1127 
f 587//587 1132//1132 547//547 
f 547//547 1132//1132 1129//1129 
f 1128//1128 588//588 589//589 
f 584//584 1121//1121 549//549 
f 584//584 549//549 1089//1089 
f 1136//1136 1135//1135 621//621 
f 591//591 494//494 1189//1189 
f 622//622 495//495 590//590 
f 622//622 590//590 624//624 
f 594//594 1196//1196 592//592 
f 592//592 1196//1196 1134//1134 
f 594//594 592//592 1056//1056 
f 593//593 1137//1137 496//496 
f 1055//1055 495//495 1192//1192 
f 593//593 1190//1190 1137//1137 
f 602//602 605//605 658//658 
f 595//595 601//601 1151//1151 
f 596//596 597//597 508//508 
f 597//597 600//600 508//508 
f 597//597 610//610 600//600 
f 598//598 597//597 596//596 
f 1148//1148 596//596 599//599 
f 1149//1149 1147//1147 603//603 
f 610//610 597//597 598//598 
f 600//600 1171//1171 612//612 
f 1143//1143 1150//1150 1139//1139 
f 603//603 1152//1152 1149//1149 
f 1153//1153 1155//1155 1157//1157 
f 604//604 1158//1158 603//603 
f 1156//1156 607//607 1159//1159 
f 1164//1164 1161//1161 617//617 
f 637//637 501//501 1172//1172 
f 1237//1237 1160//1160 608//608 
f 1160//1160 1165//1165 608//608 
f 1238//1238 1168//1168 614//614 
f 1176//1176 1169//1169 638//638 
f 608//608 1165//1165 1218//1218 
f 1181//1181 1219//1219 1166//1166 
f 1220//1220 1182//1182 727//727 
f 1061//1061 1140//1140 611//611 
f 1161//1161 609//609 619//619 
f 1060//1060 609//609 598//598 
f 610//610 598//598 609//609 
f 1144//1144 1140//1140 1061//1061 
f 1145//1145 1062//1062 1146//1146 
f 609//609 1173//1173 610//610 
f 1162//1162 1174//1174 1170//1170 
f 1161//1161 619//619 617//617 
f 1177//1177 1175//1175 501//501 
f 1177//1177 639//639 1175//1175 
f 611//611 467//467 1042//1042 
f 501//501 1045//1045 1172//1172 
f 505//505 613//613 1179//1179 
f 603//603 513//513 604//604 
f 508//508 612//612 1067//1067 
f 508//508 600//600 612//612 
f 612//612 1163//1163 1067//1067 
f 1156//1156 1069//1069 607//607 
f 514//514 606//606 1167//1167 
f 514//514 607//607 1069//1069 
f 1183//1183 616//616 727//727 
f 1183//1183 1185//1185 616//616 
f 502//502 615//615 618//618 
f 1180//1180 1184//1184 503//503 
f 1180//1180 503//503 618//618 
f 618//618 1063//1063 502//502 
f 494//494 1193//1193 1189//1189 
f 626//626 1137//1137 1190//1190 
f 623//623 1196//1196 594//594 
f 1193//1193 625//625 1189//1189 
f 1199//1199 1195//1195 1138//1138 
f 629//629 1191//1191 1197//1197 
f 624//624 627//627 622//622 
f 1197//1197 620//620 629//629 
f 1190//1190 1202//1202 626//626 
f 1186//1186 1198//1198 1194//1194 
f 1186//1186 1194//1194 1200//1200 
f 627//627 624//624 628//628 
f 623//623 1201//1201 1196//1196 
f 626//626 1202//1202 631//631 
f 1208//1208 1195//1195 1199//1199 
f 632//632 1186//1186 1200//1200 
f 1211//1211 627//627 628//628 
f 1209//1209 1201//1201 623//623 
f 1209//1209 1212//1212 1201//1201 
f 1203//1203 1187//1187 630//630 
f 1210//1210 1204//1204 1205//1205 
f 1188//1188 1213//1213 1206//1206 
f 1212//1212 1209//1209 1207//1207 
f 646//646 634//634 648//648 
f 1230//1230 641//641 1214//1214 
f 1231//1231 602//602 658//658 
f 1214//1214 641//641 635//635 
f 1222//1222 633//633 1216//1216 
f 1215//1215 1141//1141 1232//1232 
f 1141//1141 1154//1154 1232//1232 
f 1214//1214 635//635 1142//1142 
f 633//633 636//636 637//637 
f 637//637 1216//1216 633//633 
f 1142//1142 635//635 1172//1172 
f 635//635 637//637 1172//1172 
f 614//614 1217//1217 1238//1238 
f 636//636 1177//1177 637//637 
f 1220//1220 726//726 1178//1178 
f 1289//1289 729//729 1177//1177 
f 729//729 639//639 1177//1177 
f 637//637 1177//1177 501//501 
f 727//727 726//726 1220//1220 
f 727//727 616//616 728//728 
f 1290//1290 1180//1180 618//618 
f 719//719 715//715 1230//1230 
f 715//715 640//640 1230//1230 
f 716//716 640//640 715//715 
f 640//640 641//641 1230//1230 
f 1221//1221 723//723 1223//1223 
f 656//656 1222//1222 1287//1287 
f 633//633 656//656 636//636 
f 1222//1222 656//656 633//633 
f 1175//1175 639//639 729//729 
f 721//721 719//719 646//646 
f 1284//1284 723//723 1221//1221 
f 721//721 642//642 722//722 
f 722//722 642//642 644//644 
f 649//649 642//642 647//647 
f 643//643 642//642 649//649 
f 643//643 660//660 662//662 
f 646//646 647//647 721//721 
f 721//721 647//647 642//642 
f 1224//1224 644//644 642//642 
f 1226//1226 1225//1225 1239//1239 
f 1227//1227 663//663 1235//1235 
f 645//645 667//667 654//654 
f 1235//1235 663//663 664//664 
f 656//656 664//664 657//657 
f 657//657 664//664 645//645 
f 1241//1241 1226//1226 1239//1239 
f 647//647 646//646 649//649 
f 646//646 648//648 649//649 
f 1231//1231 650//650 649//649 
f 643//643 649//649 660//660 
f 651//651 649//649 650//650 
f 650//650 1231//1231 658//658 
f 651//651 650//650 658//658 
f 660//660 649//649 661//661 
f 649//649 651//651 661//661 
f 653//653 651//651 652//652 
f 1233//1233 1238//1238 1234//1234 
f 654//654 653//653 1234//1234 
f 657//657 654//654 655//655 
f 1234//1234 655//655 654//654 
f 657//657 645//645 654//654 
f 657//657 655//655 656//656 
f 1234//1234 1238//1238 1217//1217 
f 1217//1217 655//655 1234//1234 
f 636//636 656//656 655//655 
f 613//613 1291//1291 1179//1179 
f 697//697 661//661 666//666 
f 662//662 660//660 659//659 
f 659//659 660//660 661//661 
f 697//697 666//666 698//698 
f 665//665 696//696 698//698 
f 1239//1239 689//689 1241//1241 
f 1267//1267 691//691 663//663 
f 663//663 691//691 664//664 
f 691//691 695//695 664//664 
f 665//665 664//664 695//695 
f 695//695 696//696 665//665 
f 651//651 653//653 666//666 
f 661//661 651//651 666//666 
f 654//654 667//667 653//653 
f 653//653 667//667 666//666 
f 666//666 667//667 698//698 
f 667//667 645//645 665//665 
f 667//667 665//665 698//698 
f 665//665 645//645 664//664 
f 702//702 669//669 700//700 
f 1243//1243 671//671 668//668 
f 1271//1271 1244//1244 1242//1242 
f 699//699 1271//1271 1242//1242 
f 669//669 702//702 670//670 
f 1245//1245 671//671 1243//1243 
f 670//670 702//702 672//672 
f 1249//1249 1247//1247 1246//1246 
f 703//703 1250//1250 1273//1273 
f 1247//1247 1249//1249 673//673 
f 705//705 1252//1252 1251//1251 
f 1275//1275 705//705 1251//1251 
f 671//671 674//674 668//668 
f 668//668 674//674 706//706 
f 1242//1242 706//706 699//699 
f 1248//1248 675//675 1253//1253 
f 1247//1247 673//673 1255//1255 
f 1252//1252 705//705 711//711 
f 1252//1252 711//711 1256//1256 
f 706//706 674//674 676//676 
f 1254//1254 677//677 1257//1257 
f 676//676 709//709 706//706 
f 1253//1253 675//675 1258//1258 
f 675//675 679//679 1258//1258 
f 678//678 1258//1258 679//679 
f 678//678 679//679 686//686 
f 1256//1256 711//711 679//679 
f 686//686 679//679 711//711 
f 712//712 1264//1264 1282//1282 
f 709//709 676//676 680//680 
f 1268//1268 687//687 681//681 
f 681//681 1257//1257 677//677 
f 1259//1259 1257//1257 681//681 
f 687//687 1259//1259 681//681 
f 680//680 688//688 682//682 
f 682//682 710//710 709//709 
f 709//709 680//680 682//682 
f 677//677 683//683 681//681 
f 683//683 1268//1268 681//681 
f 1266//1266 684//684 1261//1261 
f 1261//1261 1283//1283 710//710 
f 1283//1283 1261//1261 684//684 
f 1267//1267 1262//1262 691//691 
f 1263//1263 1264//1264 712//712 
f 1262//1262 1258//1258 678//678 
f 685//685 1262//1262 678//678 
f 691//691 1262//1262 685//685 
f 691//691 685//685 692//692 
f 678//678 686//686 685//685 
f 692//692 685//685 686//686 
f 1263//1263 1270//1270 1264//1264 
f 1265//1265 659//659 693//693 
f 688//688 693//693 694//694 
f 693//693 1260//1260 1265//1265 
f 680//680 693//693 688//688 
f 1266//1266 694//694 690//690 
f 684//684 1266//1266 690//690 
f 691//691 692//692 695//695 
f 1270//1270 1269//1269 695//695 
f 1269//1269 1270//1270 1263//1263 
f 687//687 1268//1268 1240//1240 
f 1265//1265 662//662 659//659 
f 661//661 697//697 659//659 
f 693//693 659//659 697//697 
f 693//693 697//697 694//694 
f 698//698 694//694 697//697 
f 696//696 694//694 698//698 
f 696//696 690//690 694//694 
f 696//696 695//695 1269//1269 
f 701//701 699//699 707//707 
f 1274//1274 1272//1272 704//704 
f 1271//1271 699//699 701//701 
f 1271//1271 701//701 1277//1277 
f 701//701 707//707 1277//1277 
f 1277//1277 707//707 708//708 
f 703//703 1273//1273 1278//1278 
f 1276//1276 1279//1279 1280//1280 
f 1280//1280 1279//1279 1281//1281 
f 699//699 706//706 707//707 
f 1280//1280 1281//1281 1282//1282 
f 706//706 709//709 707//707 
f 707//707 709//709 710//710 
f 707//707 710//710 708//708 
f 708//708 710//710 1283//1283 
f 712//712 1282//1282 1281//1281 
f 744//744 742//742 713//713 
f 1311//1311 717//717 747//747 
f 717//717 1312//1312 713//713 
f 714//714 719//719 717//717 
f 713//713 714//714 717//717 
f 713//713 742//742 714//714 
f 742//742 716//716 714//714 
f 714//714 716//716 715//715 
f 714//714 715//715 719//719 
f 747//747 717//717 722//722 
f 747//747 722//722 720//720 
f 718//718 1315//1315 1286//1286 
f 719//719 721//721 717//717 
f 721//721 722//722 717//717 
f 720//720 722//722 1228//1228 
f 1285//1285 723//723 1284//1284 
f 1288//1288 1286//1286 1236//1236 
f 1229//1229 1236//1236 1286//1286 
f 718//718 1286//1286 1288//1288 
f 725//725 728//728 757//757 
f 724//724 726//726 727//727 
f 724//724 727//727 725//725 
f 754//754 1327//1327 730//730 
f 725//725 727//727 728//728 
f 1327//1327 1290//1290 730//730 
f 730//730 1290//1290 618//618 
f 730//730 618//618 615//615 
f 731//731 730//730 615//615 
f 1292//1292 1179//1179 1291//1291 
f 759//759 735//735 732//732 
f 733//733 761//761 1294//1294 
f 1294//1294 736//736 733//733 
f 736//736 1294//1294 1296//1296 
f 1295//1295 1300//1300 734//734 
f 734//734 1300//1300 739//739 
f 1330//1330 759//759 732//732 
f 1329//1329 760//760 1297//1297 
f 733//733 762//762 761//761 
f 1333//1333 1295//1295 763//763 
f 1295//1295 734//734 763//763 
f 763//763 734//734 764//764 
f 734//734 739//739 764//764 
f 1301//1301 1298//1298 737//737 
f 1309//1309 1297//1297 738//738 
f 1302//1302 739//739 1300//1300 
f 1307//1307 1303//1303 740//740 
f 738//738 1297//1297 760//760 
f 760//760 771//771 1305//1305 
f 1307//1307 740//740 1349//1349 
f 1349//1349 740//740 1306//1306 
f 743//743 1306//1306 1303//1303 
f 1306//1306 740//740 1303//1303 
f 1298//1298 1313//1313 741//741 
f 737//737 1298//1298 741//741 
f 1308//1308 1311//1311 746//746 
f 1299//1299 742//742 744//744 
f 1304//1304 1308//1308 1310//1310 
f 1310//1310 746//746 1316//1316 
f 1310//1310 1308//1308 746//746 
f 743//743 1315//1315 745//745 
f 1314//1314 1309//1309 738//738 
f 1306//1306 743//743 745//745 
f 747//747 746//746 1311//1311 
f 1284//1284 1309//1309 1314//1314 
f 1314//1314 1285//1285 1284//1284 
f 718//718 745//745 1315//1315 
f 748//748 750//750 749//749 
f 1317//1317 1318//1318 751//751 
f 748//748 773//773 750//750 
f 1317//1317 751//751 774//774 
f 1355//1355 1320//1320 787//787 
f 773//773 748//748 1356//1356 
f 1318//1318 753//753 751//751 
f 1320//1320 1323//1323 758//758 
f 1324//1324 754//754 1328//1328 
f 1319//1319 755//755 756//756 
f 1328//1328 754//754 788//788 
f 1354//1354 755//755 1319//1319 
f 752//752 755//755 775//775 
f 755//755 1354//1354 775//775 
f 724//724 725//725 1318//1318 
f 753//753 1318//1318 725//725 
f 725//725 757//757 753//753 
f 724//724 750//750 1326//1326 
f 724//724 749//749 750//750 
f 752//752 1291//1291 755//755 
f 1324//1324 1327//1327 754//754 
f 752//752 1292//1292 1291//1291 
f 1293//1293 1321//1321 1325//1325 
f 1325//1325 1321//1321 1387//1387 
f 756//756 729//729 1289//1289 
f 1326//1326 726//726 724//724 
f 730//730 731//731 754//754 
f 755//755 729//729 756//756 
f 787//787 1320//1320 758//758 
f 1329//1329 1331//1331 765//765 
f 765//765 766//766 1329//1329 
f 766//766 767//767 1329//1329 
f 767//767 760//760 1329//1329 
f 1334//1334 769//769 1339//1339 
f 1335//1335 1340//1340 1332//1332 
f 1342//1342 770//770 1350//1350 
f 767//767 771//771 760//760 
f 769//769 1334//1334 1336//1336 
f 1348//1348 1337//1337 1338//1338 
f 1349//1349 1348//1348 1338//1338 
f 1307//1307 1349//1349 1338//1338 
f 766//766 765//765 768//768 
f 767//767 766//766 768//768 
f 770//770 1342//1342 1343//1343 
f 1344//1344 1341//1341 1345//1345 
f 1343//1343 1346//1346 770//770 
f 1337//1337 1348//1348 1347//1347 
f 776//776 772//772 780//780 
f 1351//1351 773//773 1369//1369 
f 1354//1354 1352//1352 778//778 
f 1353//1353 1358//1358 1363//1363 
f 1370//1370 1355//1355 787//787 
f 1369//1369 773//773 1356//1356 
f 778//778 785//785 1354//1354 
f 783//783 1354//1354 785//785 
f 783//783 775//775 1354//1354 
f 1357//1357 1378//1378 1322//1322 
f 1388//1388 1322//1322 1378//1378 
f 776//776 780//780 777//777 
f 779//779 1359//1359 1361//1361 
f 786//786 1366//1366 1362//1362 
f 786//786 1362//1362 781//781 
f 1367//1367 1364//1364 1360//1360 
f 1365//1365 1368//1368 1385//1385 
f 782//782 1372//1372 1371//1371 
f 782//782 1371//1371 787//787 
f 1376//1376 788//788 1379//1379 
f 777//777 780//780 1373//1373 
f 1376//1376 1379//1379 784//784 
f 1377//1377 1380//1380 1374//1374 
f 1380//1380 1381//1381 1374//1374 
f 1379//1379 1382//1382 784//784 
f 1385//1385 1383//1383 1365//1365 
f 1386//1386 1375//1375 1384//1384 
f 787//787 758//758 782//782 
f 1376//1376 1328//1328 788//788 
