#
# Compatibility version : 4.3
# File ID : FJ4240
# Representation ID : BP29806
# Build-up logic : FMA 3.0 part_of
# Concept ID : FMA37071
# English name : Left radial nerve
# Bounds(mm): (85.104200,-107.031100,786.295800)-(277.990100,-53.090500,1333.370800)
# Volume(cm3): 3.947600
#
v 85.9529 -78.6672 1330.7
v 85.5042 -78.9545 1331.34
v 85.9414 -78.9723 1331.28
v 85.7042 -79.0764 1331.66
v 85.7042 -79.1545 1331.85
v 85.7229 -78.8588 1331.78
v 86.2143 -79.0127 1331.41
v 85.7242 -79.1545 1331.86
v 85.7042 -79.1462 1331.86
v 85.9042 -79.1655 1332.06
v 85.1042 -78.1545 1330.64
v 85.1732 -77.8953 1330.68
v 85.1042 -77.5545 1330.45
v 85.2296 -77.3545 1330.26
v 85.3042 -78.5655 1330.86
v 85.3651 -78.7545 1331.26
v 86.0601 -76.0397 1329.96
v 85.3726 -76.5545 1330.26
v 85.3589 -76.5545 1330.46
v 85.5318 -76.1102 1330.45
v 85.6913 -76.1496 1330.8
v 86.0697 -75.5993 1330.53
v 86.3042 -79.0874 1332.26
v 86.7042 -78.7545 1332.86
v 86.7042 -78.566 1333.06
v 86.9042 -78.4936 1333.06
v 86.9042 -78.1545 1333.2
v 87.1042 -77.9545 1333.33
v 87.9634 -77.3039 1332.84
v 87.3042 -77.1545 1333.37
v 87.3042 -76.6545 1333.23
v 87.3042 -75.9545 1332.87
v 86.5672 -75.2418 1331.03
v 86.6311 -75.3792 1331.81
v 86.8932 -75.6298 1332.27
v 87.1671 -75.1704 1331.61
v 86.9114 -75.36 1332.13
v 87.2831 -75.3796 1332.11
v 89.2448 -78.2487 1328.99
v 88.2326 -78.6156 1330.32
v 88.4666 -78.5329 1330.9
v 88.3735 -75.9095 1327.9
v 88.5176 -76.0966 1332.23
v 90.8981 -77.285 1326.67
v 90.6201 -77.7189 1327.48
v 90.3151 -77.9196 1330
v 89.9422 -77.3164 1331.14
v 90.0625 -77.6956 1330.68
v 90.0474 -77.198 1327.01
v 90.341 -76.3883 1331.03
v 90.8669 -76.5759 1330.59
v 90.2061 -74.7106 1326.93
v 90.3974 -74.3118 1327.46
v 90.5351 -74.1753 1328.01
v 90.4022 -74.4394 1329.34
v 90.2631 -74.3084 1328.87
v 90.115 -74.9053 1330.27
v 91.5178 -77.7551 1327.81
v 91.8729 -77.6294 1328.27
v 91.3073 -76.2096 1325.54
v 92.1003 -76.9525 1329.26
v 92.3149 -74.2963 1324.81
v 91.6075 -75.5879 1329.91
v 91.5974 -75.1521 1329.69
v 91.8569 -73.9749 1325.9
v 92.0387 -73.7562 1326.27
v 92.2919 -73.6426 1326.71
v 92.637 -77.3548 1326.49
v 94.0039 -76.5057 1324.34
v 93.6594 -77.0932 1326.11
v 92.7624 -77.1712 1328.14
v 93.5088 -76.7369 1327.84
v 93.4995 -77.0998 1327.03
v 93.5351 -76.3418 1328.18
v 93.7392 -75.7659 1328.2
v 92.6007 -76.3786 1329.1
v 92.613 -75.9624 1329.18
v 93.9142 -75.337 1328.06
v 93.251 -73.3801 1324.89
v 93.6091 -73.1662 1325.1
v 94.218 -73.1666 1325.92
v 94.2774 -76.672 1324.67
v 94.5138 -76.71 1324.87
v 95.4959 -76.4019 1324.47
v 94.5742 -76.7692 1325.65
v 94.4483 -76.6774 1326.51
v 94.9605 -76.1367 1326.65
v 95.155 -75.7181 1326.76
v 94.207 -74.7542 1322.77
v 94.8739 -75.3819 1322.59
v 95.6578 -75.5223 1322.33
v 95.5111 -75.1415 1326.6
v 94.3837 -74.5384 1327.44
v 96.0164 -73.1857 1320.91
v 95.2385 -72.4753 1323.5
v 94.6674 -72.795 1324.84
v 95.0279 -73.6858 1326.41
v 94.8812 -73.2845 1326.02
v 96.3525 -75.6775 1322.41
v 96.5911 -75.8469 1322.96
v 97.0722 -75.7194 1323.26
v 95.8796 -76.1065 1325.24
v 96.2677 -76.0731 1324.29
v 96.8485 -75.6009 1324.53
v 97.2315 -74.5363 1320.45
v 97.384 -75.4214 1321.97
v 97.0316 -75.2125 1324.77
v 97.0874 -74.3539 1325.09
v 95.8611 -74.568 1326.27
v 96.5042 -73.6662 1320.42
v 95.8735 -72.5555 1321.55
v 97.4561 -73.7488 1324.67
v 96.4069 -71.9597 1321.75
v 96.8342 -71.6999 1321.91
v 99.0424 -73.9512 1319
v 98.9284 -74.7447 1321.83
v 97.5334 -75.4483 1322.24
v 97.4962 -75.4444 1323.46
v 98.1479 -75.1897 1322.19
v 98.1529 -74.7252 1323.6
v 98.9709 -74.5049 1322.44
v 97.5774 -75.1338 1324.02
v 97.5146 -74.726 1324.48
v 98.6741 -73.5543 1323.46
v 97.6245 -73.1613 1324.3
v 98.158 -71.5996 1318.72
v 97.781 -71.2678 1321.51
v 97.981 -71.4382 1322.14
v 98.2975 -71.7019 1322.55
v 98.6476 -70.7595 1319.07
v 99.1397 -74.5678 1320.41
v 99.1057 -74.3872 1319.82
v 99.9404 -74.2038 1320.22
v 99.0235 -73.0472 1318.02
v 99.441 -73.9647 1322.32
v 100.172 -72.7472 1321.82
v 100.437 -73.1244 1321.41
v 100.559 -73.361 1321.05
v 99.3595 -73.568 1322.66
v 100.334 -71.2294 1315.97
v 99.6115 -71.8132 1321.97
v 99.9197 -72.169 1321.93
v 101.694 -72.5585 1316.29
v 101.448 -73.0038 1317.22
v 101.879 -72.9396 1317.44
v 102.009 -72.9317 1318.11
v 100.698 -73.6976 1320.06
v 101.317 -73.1278 1319.88
v 101.459 -71.0559 1314.79
v 101.916 -71.4414 1314.74
v 101.654 -72.0807 1320.1
v 101.497 -71.7449 1320.28
v 101.263 -69.0586 1315.9
v 101.794 -69.2197 1317.85
v 100.793 -70.7731 1320.31
v 101.974 -70.6138 1319.38
v 101.973 -68.8243 1314.37
v 101.493 -68.871 1316.39
v 102.046 -68.7318 1316.8
v 102.834 -72.0467 1318.25
v 102.955 -72.1851 1317.69
v 102.919 -70.9366 1318.59
v 102.253 -72.2115 1319.17
v 102.764 -70.5137 1318.63
v 103.336 -68.5767 1312.11
v 103.392 -68.6513 1316.63
v 104.818 -71.0083 1314.14
v 104.711 -71.0889 1315.03
v 104.776 -70.8983 1315.51
v 103.903 -70.9586 1317.24
v 104.09 -70.4778 1317.12
v 105.041 -69.3766 1315.88
v 104.411 -69.2145 1311.1
v 105.106 -69.1961 1310.57
v 104.258 -68.717 1310.97
v 105.031 -68.0096 1315.08
v 103.934 -69.1507 1316.83
v 106.007 -69.8414 1314.21
v 106.688 -68.955 1313.65
v 107.027 -68.3692 1313.28
v 106.991 -67.9648 1313.29
v 105.898 -68.3396 1314.61
v 107.207 -67.0389 1307.19
v 105.736 -66.2081 1312.12
v 106.32 -66.2335 1312.24
v 106.671 -65.3536 1310.18
v 107.116 -68.8292 1309.33
v 107.367 -66.2175 1311.81
v 107.783 -66.6162 1311.85
v 107.381 -65.2875 1306.87
v 108.054 -64.7188 1309.28
v 107.833 -64.4754 1307.49
v 108.507 -64.1004 1307.67
v 108.762 -68.1582 1308.49
v 109.009 -68.0351 1309.3
v 109.019 -64.6292 1304.43
v 109.82 -65.2788 1309.12
v 108.668 -65.0044 1309.67
v 109.157 -65.3069 1309.7
v 109.476 -65.9431 1309.82
v 108.796 -64.0381 1305.41
v 109.718 -63.2868 1305.82
v 109.906 -63.1439 1304.65
v 110.078 -63.3096 1306.3
v 109.47 -64.147 1308.09
v 110.213 -64.2353 1307.88
v 110.737 -66.6966 1305.17
v 110.939 -66.7274 1305.62
v 111.654 -66.2936 1305.55
v 110.816 -65.9272 1303.48
v 110.259 -63.4323 1303.01
v 110.511 -64.1508 1302.39
v 111.113 -63.4323 1301.6
v 110.594 -62.9227 1303.01
v 110.94 -63.1353 1305.95
v 111.006 -63.3703 1306.32
v 111.897 -62.4934 1300.86
v 111.48 -62.2881 1302.28
v 110.915 -62.5334 1303.85
v 111.305 -62.4485 1304.23
v 111.704 -62.4669 1304.45
v 112.668 -64.6741 1300.68
v 113.048 -65.4722 1302.79
v 112.341 -65.5974 1305.48
v 112.44 -64.9942 1305.82
v 111.98 -63.9912 1300.63
v 112.385 -63.2858 1305.31
v 112.716 -63.6533 1305.27
v 112.496 -61.6856 1301.91
v 112.938 -61.6651 1302.42
v 113.242 -61.9733 1303.1
v 114.412 -64.65 1302.13
v 114.198 -64.4263 1299.56
v 113.953 -63.5397 1303.8
v 114.959 -61.7291 1296.44
v 113.565 -61.4074 1299
v 113.444 -62.2247 1303.37
v 114.019 -62.5424 1303.24
v 114.61 -61.116 1297.32
v 114.658 -60.6974 1298.13
v 113.749 -61.049 1300.01
v 114.463 -60.8242 1300.09
v 115.492 -62.9835 1296.49
v 115.321 -63.5947 1297.45
v 116.552 -63.6395 1297.41
v 116.115 -62.8612 1300.9
v 116.358 -63.2052 1300.33
v 115.784 -62.0054 1295.46
v 115.927 -61.2921 1300.41
v 115.467 -62.4352 1301.68
v 115.616 -61.0011 1295.72
v 115.954 -60.271 1296
v 115.163 -60.3959 1298.01
v 116.348 -59.8881 1296.81
v 115.493 -60.297 1298.43
v 115.751 -60.2889 1298.61
v 115.282 -60.7255 1299.89
v 115.415 -61.1045 1300.55
v 116.838 -63.2719 1296.14
v 117.328 -63.3129 1297.95
v 117.683 -62.6971 1294.47
v 116.897 -59.6991 1295.48
v 117.221 -59.6124 1296.37
v 117.263 -59.8693 1297.27
v 117.14 -60.3076 1298.2
v 117.705 -61.1229 1298.54
v 117.937 -59.2693 1294.83
v 119.182 -61.7796 1291.83
v 119.647 -61.9527 1291.77
v 118.929 -62.5758 1293.76
v 119.15 -62.4504 1295.9
v 118.713 -62.2913 1297.05
v 119.498 -60.358 1290.37
v 118.447 -60.3584 1297.2
v 118.448 -59.5627 1292.26
v 118.887 -59.0329 1292.47
v 119.224 -58.8107 1292.69
v 118.367 -59.2444 1295.18
v 118.763 -59.4109 1295.57
v 120.569 -62.0035 1291.57
v 120.205 -62.2557 1292.95
v 120.288 -62.2162 1293.51
v 120.291 -59.7731 1294.83
v 120.885 -59.9789 1294.33
v 120.716 -60.548 1294.72
v 120.441 -58.6118 1290.07
v 120.538 -58.3909 1291.64
v 120.233 -58.6946 1293.08
v 121.29 -58.6812 1292.47
v 119.919 -59.3954 1294.73
v 121.649 -61.3927 1289.25
v 122.588 -61.3608 1288.77
v 122.219 -61.5902 1290.49
v 122.334 -61.4365 1291.2
v 121.396 -60.7914 1288.45
v 122.834 -60.934 1291.29
v 122.281 -60.3025 1292.58
v 122.735 -59.7307 1291.94
v 121.795 -58.8911 1287.32
v 122.377 -58.3245 1286.86
v 122.069 -58.9591 1292.19
v 122.339 -59.3376 1292.25
v 121.988 -57.9711 1288.61
v 122.266 -57.8415 1288.73
v 122.684 -57.8538 1289.47
v 123.649 -59.1648 1284.56
v 124.484 -58.7906 1289.33
v 124.47 -58.3778 1289.01
v 123.125 -58.3518 1290.37
v 123.697 -57.606 1285.77
v 124.211 -57.3413 1286.77
v 124.436 -57.2561 1285.72
v 123.291 -57.8853 1289.3
v 124.567 -59.7712 1283.76
v 124.702 -60.4928 1284.82
v 125.537 -60.5667 1284.6
v 125.802 -60.5851 1285.01
v 125.185 -60.6757 1286.88
v 125.485 -60.3878 1287.15
v 126.367 -58.3162 1280.51
v 126.217 -58.3561 1286.88
v 126.131 -58.9577 1287.19
v 125.6 -56.9726 1284.48
v 124.716 -57.3535 1286.84
v 125.717 -57.3597 1286.15
v 124.934 -57.8316 1287.8
v 127.58 -59.7012 1280.19
v 127.498 -60.0326 1281.3
v 126.754 -59.5062 1280.79
v 126.749 -59.2649 1286.21
v 127.352 -56.9674 1279.86
v 126.501 -57.58 1280.58
v 127.004 -56.6907 1281.61
v 126.369 -57.0367 1284.75
v 126.337 -56.863 1284.01
v 126.775 -57.3772 1285.16
v 127.012 -57.7701 1285.4
v 127.704 -60.1248 1281.91
v 128.388 -59.9867 1281.3
v 129.111 -59.7358 1281.15
v 127.726 -58.7852 1278.73
v 128.266 -59.2124 1283.77
v 128.572 -58.5091 1283.61
v 129.409 -56.5045 1276.88
v 128.251 -56.6007 1278.96
v 128.037 -56.4422 1280.61
v 128.583 -56.4025 1280.73
v 128.591 -56.8382 1282.17
v 129.119 -57.162 1282.07
v 127.933 -56.6347 1282.23
v 128.108 -57.9543 1284.12
v 129.395 -56.2155 1278.1
v 130.113 -58.1428 1274.87
v 130.47 -58.5676 1274.7
v 130.948 -59.2333 1275.31
v 130.707 -58.9673 1274.96
v 130.004 -59.3693 1280.37
v 130.676 -57.5685 1273.85
v 130 -56.7539 1275.39
v 130.252 -56.5808 1279.77
v 130.719 -57.3036 1280.05
v 129.651 -56.1471 1278.45
v 130.417 -56.2758 1278.81
v 130.874 -59.4353 1276.23
v 131.45 -59.4296 1276.27
v 132.188 -59.1289 1276.57
v 131.703 -58.1572 1278.73
v 132.294 -56.9819 1271.42
v 131.591 -56.5419 1277.99
v 132.061 -57.7332 1278.24
v 131.166 -57.9789 1279.64
v 131.408 -57.6058 1279.21
v 132.417 -56.1772 1272.02
v 132.488 -55.7684 1273.26
v 131.226 -56.1039 1274.41
v 131.88 -55.8048 1274.71
v 131.272 -55.9902 1276.9
v 131.976 -56.0758 1276.53
v 134.421 -58.5806 1269.29
v 133.53 -59.1255 1272.45
v 132.63 -58.755 1276.6
v 133.969 -57.5548 1268.83
v 133.758 -56.6733 1275.18
v 133.384 -56.3522 1270.13
v 134.338 -55.5645 1270.53
v 133.325 -55.8253 1271.25
v 133.5 -55.7441 1273.67
v 132.75 -55.7296 1274.18
v 135.348 -58.897 1269.19
v 135.363 -58.9005 1270.9
v 134.632 -58.7311 1272.98
v 134.862 -56.7554 1267.48
v 135.174 -57.761 1267.18
v 134.493 -57.1497 1267.97
v 134.775 -57.1975 1273.96
v 135.442 -55.9726 1267.31
v 134.593 -56.3677 1268.16
v 134.797 -55.8424 1268.61
v 135.18 -55.6287 1268.57
v 134.716 -55.4986 1270.64
v 134.693 -55.8086 1272.46
v 135.464 -55.9808 1271.82
v 137.071 -57.167 1264.18
v 136.286 -56.7764 1265.34
v 136.392 -56.5434 1265.28
v 136.829 -58.0035 1270.43
v 136.888 -57.5643 1270.64
v 136.884 -55.9806 1265.09
v 137.111 -55.4875 1265.85
v 136.129 -55.7522 1266.64
v 136.622 -55.4432 1268.69
v 137.43 -58.2447 1264.49
v 139.073 -58.7632 1264.04
v 137.756 -58.6588 1265.06
v 137.941 -58.7775 1266.63
v 138.769 -58.3671 1266.81
v 138.066 -56.7548 1262.79
v 138.687 -57.3498 1261.97
v 139.037 -56.9986 1267.46
v 137.648 -56.3478 1263.58
v 138.176 -55.5807 1263.94
v 138.888 -55.3647 1263.66
v 138.961 -55.2893 1264.19
v 137.357 -55.3524 1266.26
v 137.822 -55.3318 1266.49
v 138.723 -55.4993 1266.23
v 139.983 -56.7611 1260.18
v 139.161 -57.9708 1261.76
v 139.194 -57.7423 1266.98
v 140.583 -55.9839 1259.93
v 140.549 -55.4617 1261.01
v 139.231 -56.3553 1261.37
v 139.222 -55.9621 1261.77
v 139.412 -56.4277 1266.73
v 140.826 -58.3533 1260.06
v 141.781 -58.7337 1261.17
v 141.552 -57.1619 1258.12
v 141.555 -56.7738 1263.84
v 141.725 -57.5319 1263.49
v 142.011 -56.3673 1257.78
v 140.724 -55.761 1260.09
v 141.146 -55.3291 1260.85
v 140.825 -55.2807 1262.14
v 141.058 -55.3306 1262.33
v 141.118 -56.0083 1263.93
v 141.771 -56.3581 1263.36
v 143.62 -58.3073 1256.32
v 143.195 -58.6715 1257.7
v 142.972 -58.779 1258.63
v 142.907 -58.4254 1260.89
v 143.592 -57.3545 1255.62
v 142.466 -56.7732 1257.02
v 142.415 -57.7409 1257.26
v 143.594 -57.7733 1260.88
v 143.464 -57.3075 1261.27
v 143.429 -56.1402 1256.28
v 142.941 -55.6451 1257.62
v 142.723 -55.4435 1258.45
v 143.373 -55.3451 1258.84
v 142.286 -55.6608 1261.75
v 143.629 -55.5054 1259.5
v 144.913 -58.6789 1257.87
v 145.292 -58.8754 1256.49
v 145.426 -58.3686 1257.96
v 144.979 -56.9613 1253.98
v 143.968 -56.5492 1255.31
v 143.942 -56.5764 1260.58
v 144.073 -55.3881 1257.44
v 144.136 -56.1677 1260.04
v 147.523 -58.9682 1252.86
v 146.897 -57.5432 1251.76
v 146.899 -56.5864 1252
v 145.58 -57.9461 1253.49
v 146.846 -56.7729 1257.02
v 145.453 -55.6315 1254.94
v 145.714 -56.3473 1253.48
v 145.811 -55.9152 1253.94
v 146.468 -55.5196 1255.28
v 146.468 -55.9454 1256.74
v 148 -57.9726 1250.65
v 148.157 -57.1619 1250.37
v 147.009 -57.2056 1256.9
v 147.127 -55.6211 1253.44
v 148.017 -55.6149 1253.09
v 147.192 -56.3544 1256.33
v 148.855 -58.5165 1250.11
v 148.766 -58.8894 1250.86
v 150.291 -59.2098 1250.83
v 149.852 -58.3613 1253.14
v 149.956 -58.8109 1252.41
v 149.281 -57.5857 1249.1
v 149.902 -56.9638 1248.59
v 148.761 -56.4062 1250.22
v 148.547 -57.7804 1254.98
v 149.322 -56.5591 1253.92
v 148.889 -56.1125 1250.48
v 148.778 -55.9123 1251.01
v 150.605 -55.9175 1249.52
v 151.606 -58.1494 1246.68
v 150.945 -58.9389 1248.21
v 151.494 -58.5769 1247.09
v 150.712 -58.1198 1252.43
v 150.442 -57.136 1252.91
v 150.471 -57.5465 1252.9
v 152.186 -56.3755 1246.97
v 151.312 -56.0014 1250.57
v 151.33 -56.3029 1251.22
v 153.053 -59.1352 1248.89
v 153.459 -57.9831 1244.65
v 152.669 -57.5675 1245.5
v 154.021 -58.7881 1248.5
v 154.321 -58.2002 1248.63
v 154.605 -57.4035 1243.59
v 154.1 -56.9634 1244.4
v 154.816 -57.0312 1247.95
v 154.687 -57.4398 1248.29
v 156.223 -58.5656 1241.87
v 155.603 -59.4754 1243.6
v 158.263 -59.1555 1240.03
v 158.273 -59.8436 1241.31
v 158.265 -59.8977 1241.74
v 158.46 -59.4371 1240.13
v 160.656 -56.8249 1240.73
v 160.984 -57.1223 1240.99
v 163.074 -60.2642 1236.65
v 161.725 -60.0312 1237.42
v 162.718 -59.1158 1235.18
v 163.052 -60.2777 1237.15
v 163.209 -60.0377 1238.17
v 163.971 -57.2202 1235.02
v 164.875 -60.2797 1236.08
v 165.258 -59.7929 1236.68
v 165.454 -59.3368 1236.9
v 165.923 -59.118 1236.54
v 165.477 -58.5402 1237.07
v 165.225 -57.8923 1232.84
v 164.734 -57.045 1235.03
v 163.56 -56.9213 1236.9
v 167.04 -60.3956 1231.93
v 166.833 -60.4683 1233.73
v 167.099 -60.2383 1234.24
v 165.235 -58.6722 1232.45
v 168.367 -60.2963 1230.13
v 167.866 -59.8935 1230.08
v 168.337 -60.5939 1231.6
v 168.606 -58.1278 1229.18
v 168.629 -59.3207 1228.86
v 168.399 -58.4837 1233.93
v 168.494 -57.5725 1230.05
v 168.66 -57.3399 1230.52
v 168.381 -57.3476 1232.53
v 171.185 -60.5035 1227.32
v 169.622 -60.5936 1229.54
v 170.26 -60.6395 1229.9
v 170.365 -60.4562 1230.55
v 170.059 -58.5474 1227.34
v 169.974 -59.1316 1232.29
v 170.015 -59.551 1232.09
v 170.683 -57.3204 1229.05
v 172.159 -60.6547 1227.96
v 172.645 -60.3895 1228.3
v 172.615 -60.1604 1228.73
v 170.975 -60.0798 1230.59
v 172.121 -59.9377 1229.54
v 172.146 -57.9972 1225.44
v 171.601 -58.7451 1230.5
v 171.158 -58.1502 1230.67
v 172.176 -57.5273 1226.3
v 171.042 -57.3783 1229.27
v 171.647 -57.7749 1229.66
v 172.508 -57.5898 1228.29
v 173.34 -60.6502 1225.39
v 172.581 -60.6954 1226.63
v 174.02 -58.5269 1222.8
v 173.511 -58.9764 1223.28
v 172.755 -59.5534 1229.11
v 173.352 -58.5615 1228.46
v 173.351 -59.1388 1228.56
v 174.315 -60.7013 1225.06
v 174.436 -60.5864 1225.7
v 175.228 -60.1667 1225.72
v 174.402 -59.9426 1226.96
v 174.825 -59.5539 1226.75
v 175.555 -57.8175 1221.61
v 174.038 -57.3699 1225.11
v 174.509 -57.4037 1225.24
v 175.744 -59.7276 1220.87
v 176.023 -60.6538 1222.55
v 176.538 -60.6462 1222.6
v 177.111 -60.5823 1222.29
v 175.881 -60.4148 1224.47
v 176.182 -59.9422 1224.85
v 176.25 -59.3269 1220.04
v 176.24 -58.9239 1219.98
v 176.198 -59.1683 1225.25
v 176.282 -58.7546 1225.12
v 176.796 -57.3612 1221.27
v 178.043 -60.4305 1219.33
v 178.112 -60.1662 1218.6
v 177.631 -60.3963 1222.28
v 177.662 -60.1579 1222.73
v 178.933 -59.9359 1221.4
v 178.397 -58.139 1217.54
v 178.22 -58.3726 1222.63
v 177.609 -58.1653 1223.19
v 178.07 -59.5436 1222.84
v 178.286 -59.1398 1222.72
v 179.094 -60.5338 1218.86
v 179.09 -60.5228 1219.65
v 179.276 -60.4321 1219.88
v 179.515 -58.5681 1215.83
v 179.485 -59.1726 1215.93
v 180.512 -59.547 1219.7
v 179.981 -58.7394 1220.59
v 180.532 -59.1546 1219.87
v 179.489 -57.5086 1219.99
v 180.967 -60.3598 1217.56
v 181.33 -60.4012 1216.34
v 180.972 -60.1562 1218.22
v 181.282 -59.7428 1218.47
v 181.919 -58.7421 1212.58
v 182.054 -58.1415 1212.49
v 182.086 -58.1535 1217.67
v 181.403 -57.2365 1214.77
v 180.262 -57.2187 1218.15
v 180.882 -57.714 1218.71
v 183.343 -60.1547 1212.75
v 183.292 -59.8703 1211.86
v 183.333 -60.2018 1214.2
v 183.555 -60.0807 1214.39
v 183.529 -58.3536 1210.3
v 182.716 -59.1321 1211.65
v 183.785 -59.5334 1215.15
v 182.693 -59.1844 1216.98
v 182.842 -58.7789 1216.87
v 183.351 -57.2684 1211.54
v 183.739 -57.955 1210.11
v 183.785 -57.5728 1210.36
v 183.076 -57.7468 1216.05
v 184.984 -60.0702 1211.52
v 183.859 -59.7689 1214.7
v 184.315 -59.3765 1209.75
v 184.707 -58.7351 1208.68
v 185.497 -59.354 1212.78
v 184.155 -59.1427 1214.95
v 184.888 -58.7476 1214.05
v 184.003 -58.3599 1215.26
v 184.83 -56.8314 1211.66
v 185.013 -57.2035 1212.77
v 184.798 -57.9542 1214
v 185.677 -59.9789 1209.89
v 186.649 -59.8165 1209.71
v 185.814 -58.149 1206.93
v 186.218 -59.1116 1206.87
v 186.614 -59.3324 1206.66
v 186.805 -59.5583 1210.3
v 186.49 -58.9416 1211.61
v 186.574 -58.3661 1211.66
v 185.768 -57.5842 1207.21
v 185.916 -57.3413 1207.2
v 186.634 -56.8405 1206.86
v 186.762 -56.5943 1207.78
v 185.895 -56.8236 1210.69
v 186.266 -57.9546 1211.99
v 186.203 -57.5417 1211.75
v 188.614 -59.5493 1204.95
v 188.099 -58.3598 1203.49
v 188.632 -59.1309 1207.94
v 187.936 -57.7722 1203.62
v 188.066 -57.488 1203.49
v 188.456 -56.9163 1203.34
v 187.668 -57.0283 1209.1
v 188.478 -57.9546 1208.79
v 188.449 -57.5546 1208.64
v 189.569 -58.5606 1201.42
v 188.644 -59.4307 1204.39
v 189.725 -59.4713 1204.31
v 189.978 -59.258 1205.11
v 188.817 -58.5334 1208.21
v 188.811 -56.5847 1203.32
v 189.033 -56.6523 1206.56
v 189.741 -56.9617 1206.18
v 190.082 -57.9541 1206.33
v 190.029 -56.1725 1202.44
v 190.286 -59.0256 1201.22
v 191.763 -58.5519 1203.15
v 190.55 -58.9298 1204.83
v 190.599 -58.5595 1205.23
v 191.291 -58.1483 1204.31
v 191.272 -56.9448 1198.1
v 190.338 -57.9542 1199.72
v 190.334 -57.5531 1199.62
v 191.859 -57.748 1203.44
v 191.7 -56.3807 1202.45
v 191.374 -57.3682 1204.12
v 190.244 -56.1293 1203.02
v 193.191 -58.3564 1195.64
v 192.889 -58.8171 1197.37
v 193.228 -58.9144 1198
v 192.791 -58.5736 1201.1
v 192.46 -58.1554 1202.26
v 192.902 -57.9129 1195.43
v 193.403 -56.5556 1194.17
v 191.99 -57.5392 1196.74
v 192.494 -56.5569 1201.64
v 192.784 -57.7694 1201.86
v 192.285 -56.9402 1202.4
v 191.872 -56.2488 1197.77
v 192.15 -55.9638 1197.97
v 192.375 -55.8897 1200.02
v 192.279 -56.023 1200.7
v 193.346 -58.8483 1198.87
v 193.706 -58.6679 1198.84
v 194.124 -58.3314 1198.79
v 193.625 -58.1767 1200.04
v 193.994 -56.9721 1192.89
v 193.742 -56.5496 1199.71
v 193.642 -57.3734 1200.37
v 194.313 -57.764 1199.05
v 194.305 -56.9495 1199.09
v 194.395 -55.9771 1192.66
v 194.461 -55.4353 1195.21
v 194.76 -56.0183 1197.29
v 195.383 -58.0637 1191.64
v 196.222 -58.3637 1192.23
v 196.424 -58.2955 1192.99
v 195.539 -58.2407 1195.78
v 195.741 -56.9674 1189.43
v 195.078 -57.7308 1191.47
v 195.266 -56.5401 1197.17
v 195.466 -57.1668 1197.05
v 195.656 -57.9429 1196.14
v 195.999 -57.547 1195.86
v 195.68 -56.3737 1189.46
v 195.316 -55.4684 1191.63
v 195.369 -55.2947 1192.47
v 195.469 -55.4394 1194.67
v 195.942 -55.5884 1194.53
v 196.538 -56.1617 1194.58
v 195.363 -56.1635 1196.59
v 197.44 -58.0066 1188.57
v 197.04 -58.025 1192.59
v 197.498 -56.821 1185.7
v 197.023 -57.1367 1193.98
v 197.252 -57.546 1193.13
v 197.133 -56.5591 1193.75
v 198.082 -55.9548 1184.01
v 198.136 -55.548 1184.09
v 197.717 -55.1951 1185.81
v 196.991 -56.3676 1186.57
v 196.959 -55.9439 1186.74
v 197.15 -54.9635 1188.64
v 197.542 -54.931 1189.77
v 197.274 -55.7576 1192.73
v 199.055 -56.5203 1181.95
v 199.413 -56.7473 1181.45
v 198.255 -57.3944 1185.14
v 199.052 -57.6962 1187.94
v 199.136 -57.5311 1188.37
v 199.287 -57.1829 1188.76
v 199.412 -56.9391 1188.75
v 199.484 -56.5429 1188.83
v 198.442 -57.5586 1190.22
v 198.488 -56.9539 1190.91
v 198.461 -56.576 1191.07
v 199.865 -55.376 1179.5
v 199.513 -55.1431 1180.75
v 198.269 -54.9194 1188.91
v 199.523 -55.3457 1187.93
v 198.414 -55.949 1190.86
v 198.459 -55.1905 1189.53
v 199.159 -56.1613 1189.5
v 199.828 -54.4708 1181.7
v 199.024 -54.5803 1185.79
v 201.007 -56.5243 1177.33
v 200.481 -57.0515 1179.91
v 200.872 -57.2503 1180.13
v 200.255 -57.5245 1184.33
v 201.182 -57.1372 1183.33
v 201.354 -56.5424 1184.15
v 200.585 -56.9595 1185.67
v 201.356 -55.1732 1175.11
v 200.188 -55.99 1178.68
v 201.104 -54.7683 1183.65
v 200.192 -55.579 1186.88
v 200.443 -56.3615 1186.62
v 200.361 -55.9673 1186.79
v 201.355 -54.7768 1175.45
v 199.852 -54.6175 1180.9
v 201.104 -54.4945 1182.83
v 199.989 -54.4883 1184.49
v 200.201 -54.7746 1185.36
v 202.78 -56.8694 1174.92
v 202.87 -56.665 1173.43
v 202.7 -56.989 1177.81
v 202.104 -57.1319 1178.51
v 202.313 -56.9589 1179.99
v 202.41 -56.5537 1181.03
v 203.073 -55.1351 1169.3
v 202.112 -56.1453 1173.63
v 201.894 -55.7496 1173.66
v 202.753 -55.5599 1180.77
v 202.746 -55.1431 1180.53
v 202.378 -56.1472 1181.68
v 201.647 -55.9668 1183.7
v 201.453 -55.1611 1183.63
v 201.746 -55.5554 1183.34
v 202.22 -54.1544 1173.8
v 201.678 -54.0697 1179.68
v 201.934 -54.1387 1179.81
v 202.278 -54.4203 1180.29
v 201.994 -54.7644 1181.76
v 203.199 -56.3583 1171.26
v 204.02 -56.6413 1174.32
v 203.565 -56.5425 1177.02
v 203.609 -55.7564 1168.23
v 204.121 -56.1728 1167.92
v 204.153 -56.1331 1176.04
v 204.616 -55.347 1175.28
v 204.113 -55.7392 1176.74
v 204.034 -55.3665 1177.1
v 203.937 -54.9668 1177.18
v 203.275 -55.948 1179.19
v 204.554 -54.381 1163.61
v 203.282 -54.5643 1168.68
v 204.005 -53.956 1166.84
v 204.387 -53.5813 1166.84
v 203.73 -53.6085 1170.09
v 203.665 -53.5722 1171.11
v 203.257 -53.669 1174.11
v 203.647 -53.7238 1174.37
v 204.591 -54.5455 1174.77
v 203.673 -54.0378 1175.91
v 204.204 -54.342 1175.49
v 203.195 -54.5632 1178.53
v 204.597 -56.492 1168.79
v 204.574 -56.5903 1170.84
v 206.123 -55.2024 1157
v 205.8 -55.766 1160.15
v 204.903 -54.9802 1162.07
v 204.892 -55.5515 1163.09
v 205.695 -56.222 1163.51
v 205.102 -56.0127 1164.01
v 205.295 -56.2548 1170.82
v 205.682 -55.7614 1170.96
v 205.904 -54.96 1170.86
v 204.922 -56.1437 1173.03
v 204.85 -54.9547 1174.44
v 205.178 -55.5386 1173.24
v 206.073 -54.5876 1156.73
v 205.083 -53.3276 1165.5
v 205.126 -53.2849 1166.83
v 205.969 -53.214 1165.13
v 205.878 -53.3176 1166.52
v 205 -53.3564 1168.69
v 205.696 -53.5672 1168.69
v 205.955 -53.7658 1168.73
v 204.719 -53.6007 1171.41
v 205.577 -54.1568 1171.05
v 205.818 -54.5487 1170.91
v 204.743 -54.0024 1173.08
v 207.358 -55.9333 1153.66
v 207.456 -56.0982 1154.72
v 207.106 -56.2006 1158.89
v 206.504 -56.1181 1159.61
v 207.521 -56.1563 1159.22
v 206.371 -56.27 1163.68
v 206.803 -56.1328 1163.65
v 207.899 -54.937 1162.77
v 207.015 -55.7764 1164.95
v 206.725 -55.3609 1167.36
v 206.572 -54.9604 1168.34
v 207.69 -54.5781 1149.29
v 207.162 -54.1461 1152.26
v 207.702 -53.7777 1150.95
v 207.728 -53.4846 1152.17
v 206.886 -53.5769 1155.18
v 206.671 -53.2428 1158.17
v 206.939 -53.2431 1162.64
v 207.458 -53.9843 1163.96
v 207.773 -54.3644 1163.26
v 206.855 -53.4588 1164.4
v 207.263 -53.7554 1164.11
v 207.587 -54.5815 1164.19
v 206.618 -54.5404 1168.02
v 206.494 -53.9853 1167.58
v 207.324 -53.1143 1157.06
v 206.296 -53.1472 1161.33
v 206.424 -53.1176 1161.83
v 206.886 -53.1027 1160.71
v 209.102 -56.4725 1146.95
v 208.565 -54.9626 1145.18
v 208.062 -55.2105 1147.51
v 208.439 -55.9634 1147.15
v 208.735 -56.3514 1150.65
v 208.618 -56.2359 1153.59
v 207.866 -56.2183 1155.13
v 208.621 -56.0302 1155.79
v 209.346 -55.3727 1155.47
v 208.957 -55.8309 1155.6
v 207.832 -56.0036 1159.55
v 209.456 -54.5559 1142.51
v 208.627 -54.5552 1145.42
v 209.336 -53.7809 1145.63
v 208.583 -54.1453 1146.52
v 208.644 -53.7527 1147.68
v 209.304 -53.5049 1147.46
v 208.874 -53.5622 1147.98
v 208.667 -53.3791 1149.83
v 209.092 -53.3286 1149.73
v 207.868 -53.272 1153.08
v 208.14 -53.1775 1153.37
v 208.717 -53.1964 1152.97
v 209.049 -53.3926 1154.25
v 209.117 -53.2999 1152.62
v 208.503 -53.184 1154.9
v 209.102 -53.5885 1155.29
v 209.199 -53.9558 1156.18
v 208.102 -53.2346 1157.84
v 208.878 -54.5604 1158.46
v 208.909 -54.1696 1157.99
v 208.079 -53.4539 1159.5
v 208.424 -53.7518 1159.25
v 208.157 -53.9615 1161.01
v 207.993 -54.5666 1162.47
v 208.105 -53.1177 1155.41
v 207.856 -53.1316 1157.57
v 210.33 -56.9668 1139.21
v 210.333 -57.0582 1141.1
v 210.937 -57.2776 1140.73
v 210.889 -56.8669 1143.71
v 209.593 -56.6391 1146.29
v 210.983 -56.1866 1135.18
v 211.018 -55.7601 1135.6
v 210.256 -56.3343 1137.93
v 210.932 -55.1161 1137.17
v 209.936 -55.5836 1139.28
v 210.11 -55.3785 1138.89
v 210.282 -54.9723 1139.12
v 209.547 -55.6909 1140.79
v 209.808 -56.423 1140.33
v 209.516 -54.9808 1141.48
v 210.75 -56.192 1147.21
v 210.73 -55.7661 1148.6
v 209.504 -56.2454 1150.89
v 209.918 -55.9829 1150.98
v 210.941 -54.6576 1138.58
v 210.127 -54.5658 1140.58
v 210.263 -54.2517 1141.4
v 210.511 -54.0867 1141.81
v 210.94 -54.0822 1141.6
v 209.513 -54.1847 1143.43
v 210.519 -53.7748 1144.39
v 210.094 -53.7297 1144.67
v 210.524 -53.7268 1145.82
v 209.734 -53.5009 1147.2
v 210.71 -53.8765 1146.99
v 210.122 -53.5939 1148.75
v 210.512 -53.9694 1149.1
v 209.684 -53.4258 1149.5
v 209.879 -53.6009 1150.75
v 210.616 -54.3737 1149.81
v 209.801 -54.3549 1153.93
v 209.861 -53.968 1152.81
v 212.524 -58.2975 1129.79
v 212.752 -58.2979 1128.63
v 212.562 -58.5423 1132.63
v 212.487 -57.8224 1129.4
v 212.52 -57.3438 1129.43
v 212.655 -56.9716 1129.49
v 211.885 -57.6468 1131.78
v 211.5 -56.9756 1132.99
v 212.161 -57.896 1136.88
v 212.25 -56.7606 1140.96
v 212.106 -56.1349 1132.23
v 211.901 -55.4112 1134.45
v 212.328 -55.337 1134.15
v 212.409 -56.1854 1141.6
v 211.812 -55.4129 1144.61
v 211.687 -55.1234 1145.18
v 211.712 -54.6419 1137.82
v 212.112 -54.636 1138.21
v 212.348 -54.6995 1138.88
v 211.645 -54.2838 1141.18
v 211.844 -54.3996 1141.52
v 211.544 -54.3808 1144.31
v 211.173 -54.4137 1146.81
v 214.219 -58.617 1123.58
v 213.74 -59.3911 1126.19
v 213.489 -59.0591 1130.7
v 214.119 -59.112 1130.45
v 214.266 -56.7261 1127.38
v 213.155 -56.836 1128.63
v 212.744 -57.5838 1137.48
v 213.277 -57.1521 1137.32
v 213.493 -56.7083 1137.28
v 213.216 -56.3579 1129.69
v 212.776 -55.3937 1133.64
v 213.572 -55.6076 1133.25
v 212.745 -55.1433 1135.09
v 213.474 -55.493 1135.26
v 212.656 -54.951 1139.02
v 212.983 -55.5502 1139.24
v 213.118 -55.4603 1138.26
v 212.71 -55.9275 1140.68
v 215.993 -60.12 1117.65
v 214.793 -59.7128 1121.58
v 214.605 -59.8949 1122.66
v 214.841 -58.6195 1121.99
v 215.377 -58.2761 1129.97
v 214.956 -58.5914 1130.56
v 214.589 -56.5283 1128.33
v 215.749 -57.3191 1127.98
v 214.345 -56.8104 1134.12
v 216.053 -61.1604 1119.55
v 216.515 -61.4334 1119.36
v 216.478 -61.1159 1116.42
v 216.594 -60.9551 1115.78
v 215.942 -60.9564 1118.66
v 216.316 -61.0518 1121.64
v 217.572 -60.3162 1121.93
v 217.262 -59.6454 1123.49
v 217.006 -58.7797 1124.56
v 218.671 -62.7474 1110.9
v 218.734 -62.8177 1112.59
v 218.22 -61.7281 1110.71
v 218.28 -62.1177 1110.77
v 218.64 -62.5541 1110.18
v 217.554 -61.9534 1113.47
v 217.561 -62.1368 1114.46
v 217.886 -62.3582 1114.59
v 218.341 -62.5602 1114.18
v 218.275 -62.3401 1115.53
v 217.626 -62.1229 1116.35
v 218.17 -61.9885 1117.07
v 217.778 -61.3218 1119.54
v 218.6 -60.3107 1111.46
v 218.415 -59.5448 1114.26
v 218.015 -58.9295 1117.91
v 218.764 -59.4387 1117.13
v 220.558 -63.366 1104.53
v 219.723 -63.1295 1107.22
v 220.341 -63.5832 1107.93
v 219.158 -63.0461 1110.15
v 219.875 -63.332 1109.89
v 220.279 -63.332 1109.95
v 220.319 -62.998 1111.22
v 219.115 -62.8905 1112.62
v 219.464 -62.8398 1112.78
v 219.976 -62.5751 1105.48
v 219.582 -61.689 1106.92
v 220.38 -62.3308 1104.31
v 220.451 -61.3341 1105.48
v 219.564 -62.772 1107
v 219.412 -62.5259 1113.95
v 219.176 -61.8633 1115.97
v 220.266 -60.6727 1108
v 219.467 -59.9839 1112.08
v 219.921 -60.1096 1112.39
v 220.503 -60.5453 1112.07
v 220.581 -60.7835 1112.49
v 219.303 -60.5839 1117.04
v 219.35 -60.2392 1116.69
v 221.842 -63.7386 1100.85
v 222.124 -62.9907 1099.16
v 221.238 -63.3376 1102.1
v 221.733 -63.8916 1101.8
v 220.658 -63.5976 1105.01
v 221.131 -63.8615 1104.63
v 221.477 -63.99 1104.79
v 221.752 -63.9823 1105.15
v 220.892 -63.7014 1107.48
v 221.926 -63.511 1106.99
v 221.304 -63.5819 1107.78
v 221.071 -62.9268 1110.11
v 221.054 -61.1679 1104.84
v 221.926 -61.3429 1108.15
v 220.928 -62.1406 1111.65
v 220.763 -62.4683 1111.63
v 220.953 -61.5488 1111.88
v 221.56 -61.0431 1104.89
v 220.656 -60.5864 1108.42
v 221.097 -60.7053 1108.47
v 221.377 -60.894 1108.81
v 222.776 -63.3904 1097.38
v 223.137 -63.9977 1097.18
v 222.777 -63.762 1097.81
v 223.304 -64.2803 1097.67
v 222.691 -64.2633 1100.11
v 223.496 -64.2514 1101.3
v 222.726 -64.2998 1101.57
v 222.75 -64.2025 1102.72
v 223.296 -63.9344 1102.94
v 223.749 -63.7787 1102.32
v 222.651 -64.0327 1103.81
v 223.046 -63.6602 1104.25
v 223.538 -63.3943 1103.56
v 223.509 -62.9434 1104.09
v 222.396 -63.1315 1106.8
v 222.894 -62.1661 1097.86
v 223.306 -61.6708 1098.52
v 223.297 -61.454 1100.48
v 223.727 -61.5471 1100.54
v 222.332 -61.172 1104.41
v 222.922 -61.4481 1104.03
v 223.256 -61.9114 1104.35
v 223.256 -62.2871 1104.85
v 224.462 -64.577 1095.39
v 224.457 -64.5871 1096.99
v 224.199 -64.4784 1098.6
v 224.564 -64.2775 1098.92
v 225.424 -62.9842 1098.57
v 224.26 -61.6676 1097.05
v 224.706 -61.699 1097.08
v 225.072 -61.9387 1097.81
v 225 -62.3773 1099.35
v 226.871 -63.3535 1085.61
v 225.664 -63.9677 1097.08
v 225.783 -63.5854 1097.31
v 227.43 -63.139 1084.28
v 227.451 -62.7518 1084.84
v 227.552 -62.4903 1085.32
v 228.233 -62.3292 1084.49
v 228.494 -64.5132 1081.33
v 229.069 -64.9353 1080.43
v 228.875 -65.1503 1082.92
v 229.704 -64.8059 1084.63
v 229.272 -64.1059 1078.66
v 229.497 -63.1589 1078.99
v 229.875 -63.572 1077.36
v 229.9 -64.3535 1085.12
v 229.916 -62.7227 1079.39
v 230.056 -62.561 1080.04
v 229.921 -62.4339 1081.64
v 230.131 -62.4942 1082.18
v 228.556 -62.232 1084.86
v 228.622 -62.2507 1086.49
v 228.973 -62.5539 1086.99
v 231.461 -64.9229 1072.26
v 231.324 -65.5823 1073.98
v 231.133 -65.1778 1073.59
v 231.717 -65.8786 1074.4
v 230.814 -65.5303 1076.22
v 230.958 -65.6052 1077.98
v 230.934 -65.5024 1078.98
v 231.097 -65.2862 1079.87
v 231.734 -65.0636 1079.18
v 231.555 -64.7487 1080.23
v 229.823 -65.1575 1082.95
v 230.809 -64.1491 1074.34
v 231.456 -63.4378 1074.01
v 231.699 -63.2738 1074.1
v 231.177 -62.8373 1077.01
v 231.129 -62.7829 1079.99
v 231.103 -62.9575 1080.96
v 230.32 -64.0018 1084.34
v 230.191 -63.1598 1084.43
v 231.062 -62.7157 1078.16
v 231.28 -62.7545 1078.4
v 230.251 -62.6287 1082.77
v 232.904 -66.1461 1068.85
v 232.384 -66.0831 1073.56
v 232.451 -65.9673 1074.54
v 232.599 -64.5904 1069.12
v 232.7 -65.1378 1068.4
v 232.477 -65.5678 1069.3
v 232.961 -65.9123 1074.15
v 232.345 -64.1406 1070.47
v 232.719 -63.7864 1070.57
v 233.179 -63.6954 1070.26
v 232.655 -63.2516 1073.34
v 233.325 -63.5212 1073.97
v 231.964 -62.9652 1076.07
v 232.451 -63.1652 1076.12
v 232.861 -63.9637 1076.89
v 232.57 -63.5263 1077.22
v 232.152 -63.1783 1077.71
v 231.876 -63.9186 1079.89
v 234.892 -66.1553 1060.79
v 234.185 -66.5832 1063.97
v 234.802 -67.1908 1063.4
v 233.384 -66.5333 1068.97
v 233.993 -66.7937 1067.75
v 233.952 -66.625 1069.46
v 234.818 -65.5705 1061.7
v 233.845 -65.8364 1064.57
v 233.823 -65.3566 1064.87
v 234.031 -64.9596 1064.88
v 234.474 -65.5284 1071.74
v 234.518 -65.1165 1071.99
v 234.757 -64.7635 1071.23
v 233.913 -64.6816 1073.9
v 234.549 -64.0646 1067.31
v 234.732 -64.032 1068.31
v 234.985 -64.3368 1069.55
v 233.501 -63.5393 1071.27
v 233.418 -63.4742 1072.38
v 233.956 -63.7104 1071.46
v 234.095 -64.1772 1072.92
v 233.477 -63.7595 1074.34
v 236.23 -67.9954 1057.48
v 236.572 -68.1643 1058.15
v 236.432 -67.9152 1060.33
v 236.624 -67.5891 1052.91
v 236.686 -67.1616 1052.81
v 236.035 -66.3562 1056.58
v 235.703 -66.776 1057.38
v 235.756 -67.4913 1057.94
v 235.647 -67.0833 1057.69
v 235.361 -67.4903 1062.6
v 235.573 -66.8477 1066.41
v 236.257 -65.7864 1057.37
v 236.546 -65.4738 1058.02
v 235.101 -65.2549 1061.63
v 235.175 -64.9845 1062.25
v 235.851 -64.624 1063.78
v 236.274 -64.7963 1063.54
v 236.409 -64.9717 1064.51
v 236.708 -65.7961 1064.82
v 236.482 -65.1426 1064.86
v 236.129 -65.7053 1066.81
v 236.239 -65.3426 1066.32
v 235.199 -64.5907 1069.37
v 235.134 -64.2528 1068.12
v 237.848 -69.1465 1049.65
v 238.216 -68.927 1041.99
v 238.125 -69.1501 1043.25
v 238.138 -68.2061 1043.61
v 237.433 -68.1598 1048.06
v 237.561 -68.6901 1047.87
v 237.181 -68.3458 1050.22
v 237.469 -68.7849 1049.64
v 236.745 -68.1689 1053.36
v 237.772 -68.5302 1055.77
v 237.702 -68.1684 1057.68
v 237.854 -67.7265 1058.8
v 236.722 -67.7566 1061.04
v 236.908 -67.5739 1061.46
v 237.631 -67.5525 1047.8
v 236.946 -66.7568 1052.55
v 237.661 -66.304 1052.24
v 237.845 -65.9786 1054.03
v 237.98 -66.1366 1059.55
v 238.119 -67.3603 1058.8
v 237.712 -66.5758 1061.02
v 237.323 -66.9602 1061.94
v 237.573 -66.1624 1061.55
v 236.54 -66.886 1064.16
v 236.718 -66.3351 1064.56
v 236.488 -65.225 1059.39
v 237.291 -65.3865 1059.08
v 237.498 -65.5009 1059.29
v 237.79 -65.7652 1059.3
v 237.234 -65.7425 1062.6
v 237.216 -65.5543 1062.23
v 239.89 -72.9479 1012.77
v 239.826 -71.4597 1019.47
v 239.69 -72.242 1023.62
v 239.53 -71.8507 1022.63
v 239.537 -71.4423 1022.6
v 239.431 -71.3566 1029.98
v 239.309 -71.1521 1029.37
v 239.667 -71.4991 1031.25
v 239.278 -70.7761 1036.5
v 239.673 -70.9721 1036.74
v 239.25 -70.7472 1028.73
v 239.256 -70.0559 1030.19
v 239.394 -69.7375 1030.41
v 239.067 -70.6051 1034
v 238.917 -70.1461 1034.36
v 238.927 -69.7787 1034.24
v 239.031 -69.3799 1034.39
v 238.483 -69.3767 1039.46
v 238.688 -70.0032 1039.22
v 238.652 -69.9482 1042.49
v 239.057 -70.1554 1042.98
v 239.45 -69.6948 1046.69
v 239.118 -69.7668 1046.58
v 239.67 -69.4556 1047.43
v 238.376 -69.3523 1049.65
v 239.488 -69.024 1033.39
v 239.004 -68.8162 1036.71
v 238.607 -69.1671 1038.35
v 239.776 -68.9586 1049.03
v 239.82 -68.5426 1049.99
v 239.659 -68.1469 1051.47
v 239.782 -67.9615 1051.03
v 238.919 -68.5953 1053.14
v 239.19 -68.3632 1052.98
v 238.528 -68.7102 1053.67
v 239.063 -67.9541 1054.37
v 238.301 -68.2521 1056.04
v 238.654 -67.7365 1056.32
v 238.447 -67.9629 1056.5
v 238.43 -67.4633 1044.9
v 239.43 -67.2683 1044.42
v 238.73 -67.1249 1045.86
v 239.487 -67.0001 1047.41
v 239.484 -66.9096 1049.53
v 239.693 -67.1362 1049.87
v 239.666 -67.561 1051.68
v 239.473 -67.1791 1052.41
v 238.256 -66.0815 1053.73
v 238.719 -66.3539 1054.85
v 239.245 -67.5494 1054.04
v 239.114 -66.7625 1053.84
v 238.333 -66.0422 1055.19
v 238.722 -67.3485 1056.56
v 239.04 -66.9674 1054.93
v 238.529 -66.7498 1057.51
v 238.547 -66.3729 1056.66
v 241.39 -76.9486 993.641
v 241.374 -76.5478 993.534
v 241.338 -76.14 994.202
v 241.152 -76.5184 995.073
v 241.42 -77.1666 994.213
v 241.493 -75.7753 994.376
v 240.989 -76.5543 996.967
v 240.957 -75.9601 996.642
v 241.089 -76.7653 997.777
v 241.494 -77.1488 997.597
v 240.649 -75.7749 999.361
v 240.727 -76.1402 999.368
v 241.1 -76.6446 999.852
v 240.628 -75.9153 1002.37
v 241.114 -75.9116 1005.36
v 240.72 -75.5541 1006.4
v 240.911 -75.5544 997.564
v 241.13 -75.1026 997.79
v 240.618 -75.3605 999.808
v 240.684 -74.9741 1000.2
v 240.411 -75.1421 1001.97
v 240.461 -74.9116 1001.84
v 241.317 -74.1147 1001.3
v 240.383 -75.3718 1002.75
v 240.529 -74.3214 1003.09
v 240.187 -74.7587 1005.21
v 240.209 -74.9315 1005.63
v 240.165 -74.3262 1005.81
v 240.248 -74.17 1005.36
v 240.201 -74.6951 1008.89
v 239.983 -74.0302 1009.3
v 239.974 -74.0449 1010.93
v 241.131 -74.1686 1015.67
v 240.704 -73.8798 1003.99
v 240.098 -73.3493 1009.31
v 240.712 -72.7193 1009.28
v 240.224 -72.7498 1010.97
v 240.301 -73.8184 1016.22
v 240.745 -73.9163 1016.95
v 240.115 -72.5902 1024.22
v 241.074 -72.9354 1023.17
v 240.324 -72.2385 1012.9
v 240.925 -72.0998 1012.15
v 240.469 -71.3879 1016.84
v 241.328 -71.4319 1015.93
v 239.931 -71.1149 1020.42
v 240.484 -72.1804 1028.37
v 240.082 -71.552 1032.64
v 241.115 -71.0052 1034.68
v 239.979 -70.9464 1037.51
v 240.912 -70.595 1020.8
v 241.284 -70.5522 1021.41
v 240.491 -70.2253 1023.45
v 240.71 -69.6293 1027.08
v 241.319 -69.7718 1027.24
v 240.888 -69.2303 1030.2
v 241.276 -69.2646 1031.67
v 241.492 -69.3881 1033.16
v 241.257 -70.7226 1035.43
v 241.485 -70.5821 1034.52
v 241.464 -69.3794 1036.24
v 241.389 -69.3984 1037.68
v 240.981 -70.1806 1039.21
v 241.162 -69.7672 1039.45
v 241.184 -69.3551 1040.01
v 239.869 -70.3946 1041.59
v 240.312 -70.3801 1040.8
v 240.688 -70.1563 1040.69
v 240.576 -69.5604 1043.57
v 240.123 -69.5702 1045.46
v 240.192 -69.3372 1046.12
v 240.876 -68.8106 1033.73
v 240.083 -68.4317 1035.67
v 240.691 -68.2577 1038.79
v 241.001 -68.5625 1038.28
v 241.257 -68.9421 1037.6
v 240.132 -67.9633 1039.35
v 241.174 -68.9621 1039.82
v 240.264 -67.7401 1042.32
v 240.684 -68.1917 1043.48
v 240.752 -69.144 1043.67
v 240.891 -68.7547 1042.86
v 240.678 -68.7178 1044.73
v 240.477 -68.1607 1046.09
v 240.172 -68.9661 1047.33
v 240.166 -68.5486 1048.24
v 240.11 -68.148 1048.95
v 240.048 -67.7482 1049.14
v 239.897 -67.296 1046.09
v 240.202 -67.5822 1045.62
v 240.066 -67.5739 1048.34
v 243.104 -78.3778 985.036
v 242.969 -77.7722 985.351
v 242.659 -78.1692 987.175
v 242.541 -77.7463 987.279
v 242.841 -77.3607 986.25
v 242.67 -78.3585 987.994
v 242.704 -78.4469 988.767
v 242.095 -77.7461 989.972
v 242.957 -78.5753 989.428
v 242.096 -77.9296 991.3
v 242.317 -78.0973 992.008
v 242.698 -78.2725 991.754
v 242.88 -78.1344 992.857
v 241.528 -77.3539 994.463
v 241.715 -77.5367 994.66
v 242.078 -77.7125 994.956
v 242.303 -77.7693 994.979
v 242.119 -77.2345 998.226
v 242.347 -77.1747 998.418
v 242.91 -76.957 986.757
v 241.948 -76.9627 990.295
v 242.169 -76.3956 990.416
v 241.669 -76.9785 991.725
v 241.648 -76.5375 992.126
v 242.365 -75.9351 991.297
v 242.56 -75.5835 992.499
v 242.743 -76.9655 998.658
v 243.017 -76.7468 998.606
v 241.479 -76.8887 999.676
v 241.694 -76.8606 1000.26
v 242.888 -75.9717 1001.76
v 241.7 -76.0901 1004.68
v 242.12 -75.8152 1005.43
v 242.884 -75.2944 994.294
v 241.714 -75.4196 994.802
v 242.523 -74.5571 998.936
v 241.91 -74.1588 1000.53
v 243.033 -75.5215 1001.97
v 243.026 -74.9538 1002
v 242.786 -74.3549 1003.21
v 242.342 -75.4059 1006.57
v 242.599 -74.9681 1006.93
v 242.678 -74.1804 1008.43
v 241.801 -73.817 1016.43
v 241.492 -74.0216 1016.15
v 242.063 -73.5973 1004.14
v 242.322 -73.6218 1005.06
v 242.568 -73.618 1007.63
v 242.232 -74.0183 1013.32
v 241.522 -71.2135 1017.62
v 242.003 -71.0768 1021.4
v 242.243 -71.6668 1021.46
v 242.134 -71.2141 1022.4
v 241.861 -71.5664 1027.57
v 241.979 -71.0139 1028.17
v 241.551 -71.4248 1030.39
v 241.713 -70.8226 1021.09
v 241.728 -70.1422 1026.91
v 242.01 -70.7513 1027.75
v 241.898 -70.3473 1027.72
v 241.824 -70.1258 1030.66
v 241.747 -70.1497 1032.82
v 241.552 -70.1326 1035.3
v 244.461 -79.3451 980.32
v 243.978 -78.954 981.666
v 244.3 -79.3973 981.695
v 244.518 -79.5604 981.811
v 243.608 -78.9262 983.757
v 243.502 -78.9896 985.479
v 243.768 -79.1424 985.477
v 243.913 -79.1284 986.238
v 244.619 -78.3902 978.981
v 244.417 -77.9567 980.234
v 243.514 -78.3194 983.058
v 243.931 -78.3914 981.397
v 243.957 -78.7487 981.426
v 243.564 -77.9678 982.97
v 243.998 -77.2631 983.03
v 243.503 -78.7285 989.049
v 243.68 -78.4765 990.314
v 244.327 -77.9827 990.38
v 244.412 -77.5263 990.886
v 243.569 -77.8724 992.994
v 243.457 -77.329 995.117
v 243.779 -76.6673 985.692
v 243.68 -75.9872 990.395
v 244.258 -76.3872 990.012
v 244.274 -76.5695 991.366
v 244.421 -76.9893 991.085
v 243.762 -75.9641 993.813
v 243.95 -77.1692 993.494
v 243.952 -76.7613 993.932
v 243.926 -76.3444 993.838
v 243.538 -75.7351 996.045
v 243.312 -76.579 997.843
v 243.369 -76.1601 998.35
v 243.435 -75.917 997.958
v 243.319 -75.4662 994.784
v 243.438 -75.5579 995.664
v 243.133 -75.1076 998.29
v 245.312 -78.9721 976.274
v 245.425 -79.3782 976.001
v 244.921 -79.3421 978.053
v 245.317 -79.8598 977.995
v 245.524 -79.7645 976.352
v 245.876 -80.1559 977.009
v 244.702 -78.9558 978.512
v 246.123 -80.0042 979.305
v 244.763 -79.6672 981.839
v 244.747 -79.5853 982.917
v 244.833 -79.4699 983.812
v 245.155 -79.2139 984.549
v 245.498 -79.062 984.24
v 245.993 -78.3692 974.919
v 245.294 -77.4573 979.698
v 245.696 -77.4253 979.525
v 245.752 -77.3252 982.56
v 245.564 -78.5881 985.069
v 245.453 -78.1177 986.009
v 245.408 -77.5047 985.997
v 244.848 -76.9095 983.68
v 247.618 -80.5614 969.667
v 246.724 -80.4266 973.575
v 246.984 -80.5446 973.652
v 247.067 -80.5248 974.606
v 247.298 -80.135 969.702
v 247.114 -79.7164 969.924
v 246.661 -80.3024 972.986
v 246.234 -80.2626 977.111
v 247.124 -80.2176 976.592
v 247.199 -79.3757 978.662
v 246.313 -78.0622 975.095
v 246.573 -77.8419 975.856
v 247.05 -77.887 975.663
v 247.477 -78.1496 976.556
v 246.517 -77.66 978.279
v 247.19 -78.3088 978.657
v 247.395 -78.7422 978.33
v 249.326 -81.0819 965.196
v 248.448 -80.8918 967.855
v 248.692 -80.9862 968.289
v 249.125 -81.034 967.789
v 248.228 -80.802 971.153
v 249.089 -80.5213 970.753
v 248.53 -80.5926 971.921
v 249.359 -79.3202 962.471
v 249.325 -78.8711 964.093
v 247.71 -79.4448 967.913
v 247.931 -79.1212 967.636
v 249.427 -80.1471 970.603
v 249.084 -79.1798 972.149
v 247.945 -80.1885 974.798
v 248.09 -79.9378 975.034
v 247.975 -79.179 976.243
v 247.959 -78.6943 968.69
v 248.392 -78.4231 969.164
v 248.617 -78.3617 970.323
v 248.58 -78.7416 973.455
v 248.635 -78.5397 972.417
v 249.696 -80.7077 961.404
v 249.93 -81.01 961.727
v 250.366 -81.1999 961.612
v 250.87 -81.2511 961.345
v 250.912 -81.2081 962.054
v 249.706 -81.1564 965.044
v 250.542 -81.0361 964.496
v 249.941 -81.1184 965.486
v 249.48 -80.9901 967.569
v 249.889 -80.8105 967.497
v 250.145 -80.5493 967.557
v 250.919 -79.1767 956.84
v 251.1 -78.9449 957.301
v 250.083 -80.1602 958.953
v 249.987 -79.7435 959.4
v 250.277 -79.052 959.996
v 250.064 -78.7782 962.451
v 250.918 -78.8272 962.933
v 250.18 -78.8988 966.869
v 250.79 -80.3291 965.856
v 250.144 -79.1427 967.898
v 250.479 -79.9184 967.288
v 249.734 -79.9249 969.871
v 250.624 -78.7248 962.681
v 252.329 -81.0644 952.496
v 251.758 -81.2539 957.053
v 252.456 -81.1853 956.029
v 251.675 -81.2382 958.931
v 252.546 -80.7479 958.39
v 251.709 -81.1444 959.843
v 251.88 -80.9589 960.299
v 251.164 -80.7589 963.632
v 251.538 -80.5476 962.833
v 252.39 -79.5245 948.816
v 251.792 -80.3475 951.857
v 252.063 -79.144 951.515
v 252.109 -78.869 952.99
v 251.158 -79.9545 954.377
v 251.199 -79.5758 954.513
v 251.129 -78.7968 958.721
v 251.501 -78.7697 958.827
v 252.484 -78.9224 956.928
v 252.45 -79.1395 958.27
v 252.428 -79.7535 959.795
v 252.553 -80.1302 959.357
v 251.563 -79.76 963.232
v 251.707 -80.1647 962.679
v 251.608 -79.5399 962.836
v 252.252 -78.7483 954.048
v 252.576 -80.7439 949.597
v 253.098 -81.1039 950.455
v 254.078 -80.8188 950.519
v 253.252 -81.1155 951.714
v 253.87 -80.5461 952.883
v 252.89 -80.9474 955.989
v 252.689 -80.5238 958.344
v 254.079 -79.3648 939.525
v 254.184 -79.7616 939.05
v 253.959 -80.3574 941.818
v 253.47 -79.1423 943.582
v 253.02 -79.941 945.525
v 253.194 -78.7632 947.311
v 254.086 -78.9585 950.691
v 254.236 -80.1401 951.863
v 253.765 -79.7542 954.051
v 253.466 -80.1675 955.427
v 252.695 -79.5299 958.369
v 254.256 -78.7603 940.027
v 253.346 -78.6176 948.593
v 252.978 -78.6943 952.548
v 255.098 -80.4399 936.698
v 255.017 -80.7313 940.127
v 254.247 -80.6406 942.028
v 255.016 -80.6932 945.29
v 254.895 -80.5309 947.307
v 255.455 -79.948 931.763
v 255.144 -79.5487 932.867
v 255.362 -78.9976 931.59
v 255.339 -80.1717 933.591
v 254.767 -80.1593 936.846
v 254.549 -78.9558 937.243
v 255.772 -79.1554 943.574
v 255.324 -78.9637 945.222
v 255.602 -80.1467 944.469
v 255.678 -79.7545 944.593
v 255.499 -79.3766 945.38
v 254.874 -80.1536 948.59
v 254.89 -79.3554 948.347
v 254.937 -79.7547 948.523
v 254.285 -79.1784 950.658
v 255.636 -78.5748 931.233
v 255.412 -78.2457 937.217
v 254.579 -78.5011 939.743
v 255.218 -78.2956 940.252
v 255.033 -78.4215 942.893
v 255.392 -78.6455 943.385
v 257.11 -80.5067 921.087
v 256.704 -80.4252 925.815
v 257.133 -80.5702 925.892
v 256.498 -80.4834 929.268
v 256.865 -80.537 929.23
v 256.92 -80.482 931.677
v 255.867 -80.4206 932.36
v 256.133 -80.5588 933.427
v 257.455 -79.9201 914.218
v 257.244 -80.372 916.616
v 257.164 -79.9805 916.627
v 257.497 -79.1632 916.429
v 257.123 -79.157 918.589
v 256.6 -79.7783 921.869
v 256.514 -79.3866 922.434
v 256.58 -78.9807 922.837
v 256.675 -80.1536 922.759
v 255.975 -79.5767 926.922
v 256.069 -79.9605 927.322
v 256.102 -80.2705 929.199
v 257.295 -80.1915 932.332
v 257.41 -79.1434 933.896
v 256.574 -80.1716 937.873
v 257.045 -79.5423 936.39
v 256.651 -79.16 938.713
v 256.299 -79.5542 941.092
v 256.459 -79.9341 939.594
v 256.098 -79.3624 942.172
v 257.104 -78.4454 922.698
v 256.695 -78.5883 923.952
v 257.283 -78.2675 923.983
v 257.282 -78.1685 926.182
v 256.528 -78.2528 927.833
v 256.128 -78.3747 929.136
v 256.507 -78.1483 929.9
v 256.888 -78.1261 930.03
v 257.296 -78.1973 929.197
v 256.048 -78.2285 931.489
v 257.308 -78.3642 931.369
v 256.88 -78.2592 932.994
v 256.093 -78.1492 934.341
v 256.923 -78.5784 935.23
v 256.973 -78.7775 935.839
v 256.095 -78.2356 936.632
v 256.107 -78.4907 939.097
v 256.304 -78.7666 939.58
v 258.997 -83.1097 899.404
v 259.072 -82.7676 898.634
v 258.83 -82.8112 903.202
v 258.499 -82.0428 908.442
v 258.905 -82.2026 908.676
v 258.908 -81.768 901.415
v 258.554 -81.6945 903.427
v 258.565 -81.2955 904.178
v 258.323 -81.7373 905.402
v 258.675 -80.9347 904.766
v 258.009 -80.5653 909.046
v 257.672 -80.7508 911.948
v 257.897 -81.2444 910.96
v 258.694 -81.442 914.084
v 257.952 -81.1652 915.166
v 257.571 -80.8427 915.776
v 258.247 -80.8481 919.898
v 258.534 -80.7436 919.975
v 257.554 -80.7653 920.292
v 258.063 -80.4751 924.479
v 258.734 -80.2083 907.335
v 257.858 -80.1365 911.019
v 258.108 -80.171 909.638
v 258.322 -79.8981 909.834
v 258.699 -79.7613 909.516
v 258.928 -79.7217 909.453
v 257.664 -80.4321 911.854
v 258.69 -79.3261 912.028
v 258.898 -79.2939 912.256
v 257.902 -79.297 914.049
v 258.305 -79.2607 913.024
v 257.613 -79.5703 914.202
v 258.315 -78.9227 915.248
v 258.72 -78.9333 915.277
v 257.918 -78.857 916.505
v 257.495 -78.8044 918.37
v 259.02 -78.964 918.857
v 258.949 -80.3727 920.126
v 258.853 -78.9619 921.715
v 258.805 -79.1506 923.054
v 258.764 -79.3707 923.785
v 258.198 -79.3732 928.317
v 258.141 -78.9793 928.368
v 257.936 -79.9847 928.883
v 257.988 -79.7551 929.341
v 257.893 -78.6116 918.461
v 258.123 -78.5577 918.789
v 257.504 -78.5166 920.391
v 258.513 -78.6054 919.428
v 257.716 -78.363 921.529
v 258.09 -78.4151 920.948
v 258.697 -78.7448 921.56
v 257.697 -78.268 923.357
v 258.099 -78.3803 923.635
v 258.565 -78.7693 923.664
v 258.281 -78.563 924.831
v 257.503 -78.1954 926.669
v 257.714 -78.3577 928.116
v 258.176 -78.7615 927.327
v 257.785 -78.556 929.342
v 257.655 -78.7621 931.339
v 260.407 -85.3545 888.435
v 260.629 -85.9951 887.16
v 260.259 -84.5896 889.991
v 260.491 -84.548 889.299
v 259.983 -85.0365 892.083
v 260.025 -84.9528 891.028
v 259.897 -84.3255 892.034
v 259.495 -83.9727 894.966
v 259.69 -84.1671 898.06
v 260.295 -84.0624 899.3
v 259.768 -83.568 893.822
v 260.089 -83.1656 893.895
v 260.522 -82.9794 893.857
v 260.086 -82.6773 895.422
v 260.348 -82.1195 897.375
v 259.333 -82.412 898.114
v 259.514 -82.1076 898.452
v 259.337 -83.3055 902.364
v 260.032 -82.4636 906.326
v 259.917 -81.9436 898.31
v 259.11 -81.5475 901.326
v 259.498 -81.518 900.516
v 259.881 -81.4794 900.245
v 260.548 -81.553 900.636
v 260.124 -81.2182 901.604
v 259.096 -81.039 903.129
v 259.304 -80.8814 903.367
v 260.567 -81.3013 902.71
v 259.528 -80.4971 905.018
v 259.906 -80.5297 905.292
v 260.098 -80.4501 906.826
v 260.341 -81.8653 907.329
v 260.374 -81.3735 908.213
v 260.345 -81.0887 908.739
v 260.298 -80.7693 908.914
v 259.319 -81.0153 915.139
v 259.744 -80.6241 914.229
v 259.105 -80.1739 906.858
v 259.476 -80.2338 906.44
v 260.154 -80.4124 908.227
v 259.316 -79.7253 909.581
v 259.704 -79.8418 910.117
v 259.836 -79.9159 910.85
v 260.104 -80.3288 910.16
v 259.283 -79.4295 911.924
v 259.309 -79.2944 913.745
v 259.325 -79.2464 915.218
v 259.698 -79.7845 914.475
v 259.094 -79.0336 916.128
v 259.417 -79.3591 915.98
v 259.432 -79.7857 917.805
v 259.292 -79.3498 918.337
v 259.186 -79.9697 919.805
v 262.295 -88.6127 879.253
v 262.337 -88.2386 877.457
v 261.68 -87.5317 881.063
v 261.551 -87.0917 881.697
v 261.683 -86.9706 881.249
v 262.178 -88.3433 881.052
v 261.623 -87.6557 882.884
v 261.656 -87.6841 881.799
v 261.97 -85.7967 883.076
v 260.998 -86.3597 884.799
v 261.026 -85.9055 885.081
v 261.173 -86.3977 883.894
v 261.316 -85.6827 884.613
v 260.718 -86.2807 887.95
v 261.071 -86.5742 888.241
v 261.698 -85.7607 891.524
v 262.239 -85.6974 890.365
v 260.961 -85.654 892.546
v 261.385 -84.5874 887.517
v 262.198 -84.7224 887.253
v 260.747 -84.2851 889.338
v 261.742 -84.3402 888.409
v 262.009 -84.1376 890.193
v 261.874 -83.9806 894.547
v 260.706 -83.5921 900.491
v 261.113 -82.9937 893.939
v 261.212 -83.6684 898.656
v 261.075 -82.1614 900.733
v 261.015 -82.2654 902.052
v 263.586 -89.8529 876.007
v 263.211 -89.7681 872.996
v 262.999 -88.468 874.628
v 262.564 -88.5714 880.887
v 263.072 -87.8326 875.783
v 263.338 -87.7251 875.631
v 263.092 -87.8131 883.297
v 263.327 -87.4122 883.667
v 263.362 -86.306 884.418
v 262.855 -85.4227 885.814
v 263.205 -86.5289 885.414
v 262.274 -84.4295 890.285
v 265.335 -92.704 858.836
v 265.237 -91.7831 860.507
v 264.651 -91.7629 864.37
v 264.675 -91.902 865.554
v 265.29 -91.5929 868.879
v 264.645 -91.3342 864.193
v 264.828 -91.1107 863.66
v 265.113 -90.9921 862.953
v 265.257 -90.2409 865.088
v 264.54 -90.1971 866.659
v 263.969 -90.2552 868.564
v 264.108 -91.0011 870.517
v 264.264 -90.9893 871.174
v 264.736 -91.2772 870.307
v 265.077 -90.8859 871.525
v 264.416 -90.5849 873.127
v 265.058 -90.3252 873.086
v 264.472 -89.2302 869.539
v 265.099 -89.3835 868.609
v 263.875 -89.5078 870.074
v 264.103 -89.3136 869.934
v 265.248 -89.8179 873.566
v 264.197 -89.6778 876.385
v 263.766 -87.7583 875.18
v 264.053 -87.6062 875.947
v 263.91 -87.0948 878.621
v 264.473 -87.7889 877.21
v 267.096 -97.1516 819.429
v 266.856 -97.7554 821.02
v 266.837 -97.5911 820.61
v 266.939 -97.3673 819.858
v 266.604 -97.1676 822.223
v 266.836 -97.7719 822.344
v 266.837 -96.5342 821.942
v 266.389 -96.7552 824.101
v 266.656 -97.5127 823.959
v 266.542 -97.3231 823.637
v 266.557 -96.5915 823.127
v 266.884 -97.7772 823.222
v 266.697 -97.3279 826.799
v 266.913 -97.5957 825.366
v 266.173 -96.5484 826.63
v 266.228 -96.769 828.447
v 266.12 -96.5615 828.226
v 266.294 -96.7209 830.38
v 266.522 -96.1693 824.422
v 266.71 -95.9491 824.467
v 266.288 -96.1759 825.871
v 266.385 -95.9298 826.031
v 266.506 -95.5253 827.238
v 266.717 -95.4349 826.982
v 266.086 -96.1553 827.854
v 266.511 -95.2494 828.814
v 266.722 -95.1586 828.738
v 266.007 -96.1545 829.443
v 266.055 -95.7697 829.351
v 266.266 -95.3489 829.567
v 266.51 -94.9911 830.653
v 266.003 -96.1591 832.261
v 265.933 -95.7328 831.931
v 266.029 -95.3542 831.723
v 266.081 -96.0869 834.773
v 266.11 -94.9488 833.813
v 266.321 -94.7988 833.36
v 265.987 -94.9537 835.818
v 265.953 -95.7227 836.049
v 265.907 -95.2957 837.873
v 266.317 -95.9994 838.257
v 266.525 -95.1825 847.537
v 266.884 -94.5764 833.374
v 266.107 -94.1656 842.588
v 266.012 -94.5569 848.139
v 265.962 -94.1784 846.754
v 266.132 -93.3579 849.507
v 265.811 -93.3747 853.036
v 266.295 -94.5626 851.992
v 265.78 -93.6928 854.643
v 266.693 -94.5778 853.334
v 266.289 -94.1124 855.987
v 266.886 -94.1783 856.017
v 266.892 -93.7524 858.224
v 265.464 -93.1028 858.951
v 265.843 -93.5472 858.529
v 266.316 -93.786 858.323
v 266.497 -93.7248 858.763
v 265.917 -93.3941 860.159
v 266.716 -93.2278 860.819
v 266.509 -93.0952 848.871
v 265.986 -92.9473 852.914
v 266.28 -92.5564 853.373
v 266.708 -92.5225 852.529
v 265.64 -93.0887 855.528
v 265.701 -92.4061 856.59
v 265.882 -92.043 857.117
v 266.287 -91.6293 858.056
v 266.867 -91.8357 856.974
v 265.919 -93.0876 862.035
v 266.317 -93.1539 861.69
v 266.703 -92.7944 862.426
v 265.46 -92.6608 863.843
v 266.327 -92.6479 863.739
v 266.653 -92.3237 863.943
v 266.845 -91.8996 864.11
v 266.954 -91.7316 863.665
v 265.461 -92.2936 865.856
v 265.903 -92.4415 865.067
v 266.267 -92.1932 865.372
v 265.684 -91.605 868.335
v 265.499 -91.5439 860.128
v 265.667 -91.1648 861.017
v 265.881 -90.7898 862.295
v 266.828 -91.1881 861.903
v 266.932 -91.3109 862.923
v 266.116 -90.63 863.166
v 265.521 -90.2055 865.009
v 266.138 -90.2434 865.758
v 266.7 -91.1269 865.367
v 265.917 -91.4299 868.329
v 266.128 -91.1443 868.306
v 266.143 -90.5897 868.879
v 266.119 -90.1829 868.742
v 268.694 -98.7739 811.453
v 268.327 -99.1457 812.478
v 268.363 -98.9259 812.345
v 268.547 -99.5654 811.792
v 267.829 -98.3839 814.823
v 267.964 -98.9252 814.35
v 268.519 -98.0342 813.364
v 268.069 -99.201 814.953
v 268.164 -99.2764 815.518
v 267.402 -98.3496 817.365
v 267.391 -98.1426 817.094
v 267.324 -98.3708 818.916
v 268.305 -98.7811 818.902
v 267.572 -98.4722 820.151
v 267.117 -97.9762 822.674
v 267.53 -98.1321 822.478
v 268.112 -97.9537 814.482
v 267.502 -97.9196 816.592
v 267.82 -98.0091 815.26
v 268.116 -97.4327 815.83
v 267.646 -97.567 816.622
v 267.679 -97.2705 817.246
v 268.114 -96.9897 817.393
v 268.529 -96.8895 817.972
v 267.704 -96.7928 818.719
v 268.093 -96.7373 818.538
v 267.301 -96.714 819.875
v 268.538 -97.5796 822.629
v 268.601 -96.6415 821.249
v 268.104 -97.8745 823.167
v 268.539 -97.1336 823.545
v 267.314 -97.6809 825.433
v 268.251 -96.9477 825.987
v 268.338 -96.5732 825.9
v 267.539 -97.3977 827.007
v 268.037 -97.1271 826.628
v 267.115 -96.9009 831.572
v 267.531 -96.677 832.278
v 267.12 -96.1329 822.5
v 267.512 -96.1887 821.584
v 267.705 -96.0503 822.328
v 267.111 -95.7764 824.221
v 268.14 -96.1218 822.996
v 268.366 -96.3793 825.04
v 267.111 -95.4106 826.419
v 267.494 -95.4035 826.728
v 267.097 -95.1043 828.653
v 267.526 -95.1363 829.275
v 267.868 -95.3646 829.668
v 268.104 -96.1813 829.773
v 268.019 -95.547 830.889
v 267.952 -96.3799 831.018
v 267.911 -95.9364 835.149
v 268.033 -95.4732 835.289
v 267.973 -94.9097 836.952
v 267.489 -95.3568 846.259
v 267.957 -95.0007 845.62
v 267.083 -95.4253 846.462
v 267.698 -95.2174 846.39
v 267.303 -95.1308 848.954
v 267.497 -94.9501 849.829
v 267.704 -94.8839 849.231
v 267.103 -94.7708 852.021
v 267.311 -94.7617 851.777
v 267.14 -94.644 832.757
v 267.512 -94.5551 834.954
v 267.794 -94.7192 835.744
v 268.072 -94.8362 844.778
v 267.956 -93.7681 846.47
v 267.267 -93.2533 846.697
v 268.107 -94.3821 847.487
v 268.098 -94.0135 847.778
v 267.934 -94.5394 849.793
v 268.054 -93.7503 851.436
v 267.962 -93.341 851.223
v 267.508 -94.6322 851.983
v 267.787 -94.1433 853.151
v 268.014 -93.9831 851.724
v 267.983 -93.3541 852.713
v 267.296 -94.3595 854.271
v 267.919 -93.7305 853.726
v 267.917 -93.3422 854.433
v 267.288 -93.7737 857.118
v 267.483 -93.5347 857.285
v 267.644 -93.3601 856.943
v 267.683 -93.2227 848.761
v 267.092 -92.5106 852.6
v 267.702 -92.805 853.044
v 267.846 -92.9684 854.782
v 267.768 -93.1613 856.404
v 267.257 -92.0681 856.58
v 267.556 -92.3502 857.059
v 267.713 -92.7493 856.928
v 267.425 -92.9629 859.23
v 267.434 -92.3235 859.823
v 267.434 -92.1615 859.397
v 267.543 -92.7667 858.796
v 267.097 -92.98 860.605
v 267.161 -92.3691 861.779
v 270.245 -101.14 805.122
v 269.502 -100.21 807.668
v 269.714 -100.843 808.582
v 269.739 -99.7294 807.361
v 268.977 -99.6883 809.721
v 269.235 -100.155 808.808
v 269.305 -99.7967 808.494
v 269.416 -100.529 808.729
v 269.906 -100.705 810.098
v 269.114 -100.137 812.234
v 268.865 -99.7019 814.433
v 269.952 -99.4954 807.352
v 269.705 -98.7399 809.677
v 269.13 -98.7644 810.441
v 269.94 -98.4544 810.811
v 268.891 -98.1059 812.547
v 270.128 -98.3872 811.993
v 270.411 -98.7103 811.944
v 269.148 -99.4463 815.379
v 269.424 -98.7582 816.656
v 269.603 -98.4018 816.506
v 268.685 -98.6107 819.041
v 268.907 -98.3683 819.166
v 268.715 -97.4019 815.322
v 269.287 -97.5273 815.576
v 269.615 -97.9767 816.233
v 269.361 -97.5513 816.668
v 268.917 -97.2016 820.512
v 268.973 -97.741 820.156
v 271.25 -101.963 801.584
v 271.427 -102.332 801.306
v 271.363 -101.714 801.218
v 271.586 -101.594 800.754
v 270.535 -101.607 804.839
v 270.954 -101.826 805.542
v 271.281 -101.797 805.765
v 271.756 -101.763 805.409
v 271.749 -101.161 801.109
v 271.304 -100.437 803.279
v 270.311 -100.78 804.772
v 270.45 -100.585 804.544
v 270.622 -100.34 804.51
v 271.348 -99.8663 805.131
v 270.496 -99.6721 806.139
v 270.888 -99.702 805.74
v 271.109 -100.049 809.599
v 270.383 -100.658 810.036
v 270.3 -99.9233 811.992
v 272.419 -103.285 798.444
v 272.7 -103.323 797.065
v 273.026 -103.428 799.765
v 273.292 -103.187 800.192
v 272.15 -103.051 800.587
v 273.066 -102.702 796.377
v 273.47 -102.554 795.981
v 273.382 -102.141 797.037
v 272.431 -102.813 797.792
v 272.068 -101.401 805.518
v 272.133 -100.81 801.61
v 272.583 -100.948 801.226
v 272.175 -100.422 803.594
v 272.553 -101.135 804.314
v 272.119 -100.354 805.174
v 274.815 -102.817 795.18
v 274.104 -103.345 798.628
v 274.173 -102.507 795.689
v 274.16 -102.782 798.986
v 276.008 -106.391 787.63
v 276.306 -106.353 786.661
v 276.055 -106.243 787.18
v 276.247 -106.152 786.669
v 276.016 -106.486 788.172
v 276.453 -106.555 786.658
v 276.301 -106.542 786.836
v 276.496 -106.765 786.866
v 276.496 -106.853 787.089
v 276.509 -106.362 786.494
v 276.498 -106.155 786.444
v 276.1 -105.937 786.919
v 276.289 -105.753 786.674
v 276.026 -105.465 787.401
v 276.314 -105.954 786.589
v 276.512 -105.948 786.428
v 276.504 -105.754 786.477
v 276.493 -105.549 786.605
v 276.299 -105.13 787.441
v 275.393 -105.413 788.933
v 274.945 -104.799 790.319
v 275.339 -104.767 794.318
v 275.921 -104.074 793.533
v 275.099 -103.148 795.735
v 275.743 -104.441 793.98
v 276.708 -106.956 787.068
v 276.547 -106.85 787.692
v 276.704 -106.878 786.86
v 276.707 -106.742 786.658
v 276.695 -106.547 786.497
v 276.704 -106.348 786.396
v 276.889 -107.016 787.268
v 276.644 -106.779 788.238
v 276.904 -106.804 786.671
v 276.904 -106.951 786.93
v 276.913 -106.556 786.453
v 276.911 -106.333 786.351
v 277.098 -107.014 787.256
v 277.11 -106.793 786.659
v 277.097 -106.924 786.86
v 277.3 -106.978 787.259
v 277.13 -106.817 787.959
v 277.299 -106.88 786.878
v 277.312 -106.748 786.676
v 277.298 -106.557 786.501
v 277.289 -106.334 786.393
v 277.488 -106.888 787.258
v 277.428 -106.788 787.717
v 277.506 -106.603 786.66
v 277.524 -106.752 786.87
v 277.679 -106.741 787.26
v 277.505 -106.35 786.498
v 277.696 -106.364 786.667
v 277.725 -106.556 786.87
v 277.844 -106.54 787.256
v 277.649 -106.452 787.976
v 277.839 -106.354 786.875
v 277.77 -106.26 787.957
v 277.755 -106.144 786.668
v 277.943 -106.346 787.243
v 277.924 -106.345 787.47
v 277.949 -106.142 787.051
v 277.984 -106.148 787.269
v 277.971 -106.151 787.465
v 277.809 -106.046 787.983
v 276.715 -105.97 786.344
v 276.704 -105.755 786.381
v 276.696 -105.562 786.471
v 276.697 -105.358 786.646
v 276.502 -105.013 787.458
v 276.91 -105.755 786.339
v 276.892 -105.553 786.43
v 276.922 -105.281 786.669
v 276.725 -104.969 787.457
v 277.099 -105.96 786.306
v 277.104 -105.755 786.341
v 277.098 -105.564 786.424
v 277.303 -105.964 786.347
v 277.299 -105.76 786.384
v 277.298 -105.552 786.479
v 277.304 -105.358 786.638
v 277.276 -105.19 786.87
v 277.134 -104.974 787.568
v 277.5 -105.965 786.44
v 277.496 -105.748 786.482
v 277.505 -105.553 786.587
v 277.494 -105.297 786.875
v 277.694 -105.761 786.644
v 277.854 -105.767 786.875
v 277.749 -105.551 786.873
v 277.863 -105.558 787.25
v 277.738 -105.465 787.841
v 277.552 -105.217 787.671
v 277.964 -105.944 787.484
v 277.949 -105.771 787.258
v 277.712 -105.689 788.258
v 85.5042 -78.9545 1331.34
v 85.7042 -79.0764 1331.66
v 85.7042 -79.1545 1331.85
v 85.7242 -79.1545 1331.86
v 85.7042 -79.1462 1331.86
v 85.9042 -79.1655 1332.06
v 85.9042 -79.1655 1332.06
v 85.1042 -78.1545 1330.64
v 85.1042 -78.1545 1330.64
v 85.1042 -77.5545 1330.45
v 85.1042 -77.5545 1330.45
v 85.2296 -77.3545 1330.26
v 85.3042 -78.5655 1330.86
v 85.3651 -78.7545 1331.26
v 85.3651 -78.7545 1331.26
v 85.3651 -78.7545 1331.26
v 85.3726 -76.5545 1330.26
v 85.5318 -76.1102 1330.45
v 86.0697 -75.5993 1330.53
v 86.3042 -79.0874 1332.26
v 86.7042 -78.7545 1332.86
v 86.7042 -78.566 1333.06
v 86.7042 -78.566 1333.06
v 86.9042 -78.1545 1333.2
v 87.1042 -77.9545 1333.33
v 87.1042 -77.9545 1333.33
v 87.3042 -77.1545 1333.37
v 87.3042 -76.6545 1333.23
v 87.3042 -75.9545 1332.87
v 86.5672 -75.2418 1331.03
v 86.6311 -75.3792 1331.81
v 86.6311 -75.3792 1331.81
v 86.8932 -75.6298 1332.27
v 86.8932 -75.6298 1332.27
v 86.9114 -75.36 1332.13
v 86.9114 -75.36 1332.13
v 87.2831 -75.3796 1332.11
v 261.698 -85.7607 891.524
v 270.3 -99.9233 811.992
vn -0.282772 -0.785895 -0.549918
vn -0.838354 -0.273478 0.471563
vn -0.0467377 -0.944436 -0.325357
vn -0.880345 -0.169452 0.443033
vn 0.202473 0.485528 -0.850451
vn -0.846376 -0.040874 0.531016
vn 0.0125895 -0.963217 -0.268431
vn 0.202473 0.485528 -0.850451
vn 0.202473 0.485528 -0.850451
vn -0.855226 -0.0472934 0.516093
vn -0.536052 -0.408227 -0.738918
vn -0.827659 0.179634 0.531706
vn -0.824276 0.188557 0.533868
vn -0.637384 -0.080767 -0.766301
vn -0.309002 -0.757264 -0.575386
vn -0.8034 -0.361314 0.473288
vn -0.590807 0.577659 -0.563255
vn -0.632328 0.352018 -0.690105
vn -0.954458 0.278978 0.105744
vn -0.847221 0.465111 0.256685
vn -0.802647 0.333418 0.494561
vn -0.517142 0.748349 -0.415376
vn -0.279208 -0.734656 0.618323
vn -0.413047 -0.654652 0.633106
vn -0.800295 0.151682 0.580104
vn 0.323438 -0.620874 0.714075
vn -0.75613 0.181678 0.628698
vn -0.214968 -0.377193 0.900841
vn 0.620274 -0.167636 0.766263
vn -0.682248 0.149728 0.715625
vn -0.745206 0.240184 0.622078
vn -0.685956 0.333677 0.646625
vn -0.72978 0.64623 0.223175
vn -0.730823 0.65929 0.17673
vn -0.759644 0.265825 0.59353
vn -0.128393 0.964682 0.230009
vn -0.707618 0.364486 0.605332
vn 0.058524 0.459872 0.886055
vn 0.04473 -0.963016 -0.265704
vn 0.174111 -0.980396 -0.0922446
vn 0.340662 -0.929735 0.139794
vn -0.651181 0.250222 -0.716486
vn 0.501545 0.379567 0.77742
vn -0.277054 -0.750124 -0.600463
vn -0.0862161 -0.90363 -0.419547
vn 0.483612 -0.801641 0.351415
vn 0.628934 -0.377722 0.679535
vn 0.575758 -0.622403 0.530204
vn -0.380774 -0.624507 -0.681911
vn 0.605122 0.0748992 0.792602
vn 0.640073 -0.156389 0.75223
vn -0.59544 0.638887 -0.487108
vn -0.475891 0.830816 -0.288569
vn -0.287974 0.957552 -0.0128695
vn 0.0329875 0.932213 0.360402
vn -0.121308 0.976264 0.179426
vn 0.268788 0.761766 0.589462
vn 0.218206 -0.973407 -0.0697483
vn 0.384267 -0.911614 0.145938
vn -0.559648 -0.295973 -0.774076
vn 0.622955 -0.531058 0.574374
vn -0.694052 0.433657 -0.574659
vn 0.571572 0.245237 0.783048
vn 0.452056 0.520675 0.724253
vn -0.552224 0.755422 -0.352685
vn -0.424985 0.893876 -0.142734
vn -0.229373 0.967681 0.104791
vn 0.0979582 -0.964624 -0.244755
vn -0.127252 -0.860833 -0.492721
vn 0.281835 -0.958206 -0.0491001
vn 0.537772 -0.756103 0.372974
vn 0.617355 -0.62758 0.474359
vn 0.437241 -0.88388 0.166062
vn 0.67228 -0.409667 0.616613
vn 0.682162 -0.164021 0.712567
vn 0.660088 -0.277024 0.698242
vn 0.643431 -0.0164813 0.765327
vn 0.641035 0.0950768 0.7616
vn -0.545569 0.804464 -0.234931
vn -0.385764 0.921983 -0.033654
vn -0.0357639 0.933719 0.356215
vn 0.0310844 -0.934529 -0.354528
vn 0.170559 -0.96121 -0.216759
vn 0.315957 -0.945479 -0.0789973
vn 0.421138 -0.902871 0.0864083
vn 0.552036 -0.778103 0.299686
vn 0.6576 -0.585964 0.473507
vn 0.705846 -0.346568 0.617796
vn -0.650074 -0.139833 -0.746894
vn -0.454748 -0.540355 -0.70797
vn -0.209821 -0.791721 -0.573719
vn 0.704699 -0.12624 0.698186
vn 0.556159 0.356289 0.75083
vn -0.759942 0.11826 -0.639142
vn -0.420608 0.907197 -0.00907012
vn -0.272296 0.950638 0.148803
vn 0.401622 0.612026 0.681266
vn 0.195885 0.815303 0.544895
vn -0.0103488 -0.902427 -0.430718
vn 0.199521 -0.952406 -0.230467
vn 0.407427 -0.913041 -0.0189335
vn 0.565619 -0.782058 0.261649
vn 0.468066 -0.878508 0.0955949
vn 0.647664 -0.669305 0.364092
vn -0.337877 -0.682747 -0.647839
vn 0.167625 -0.940726 -0.29485
vn 0.706801 -0.498042 0.502381
vn 0.717569 -0.0547072 0.694335
vn 0.656979 0.119897 0.744314
vn -0.689215 -0.144754 -0.70995
vn -0.70907 0.576998 -0.405332
vn 0.651665 0.199427 0.731821
vn -0.558377 0.816589 -0.146278
vn -0.440136 0.897906 0.0067155
vn -0.167773 -0.811088 -0.560347
vn 0.582805 -0.800705 0.1386
vn 0.313326 -0.937828 -0.149348
vn 0.580465 -0.790289 0.19622
vn 0.452417 -0.891744 -0.0105232
vn 0.731701 -0.496128 0.467407
vn 0.696056 -0.640415 0.324615
vn 0.697139 -0.591014 0.405832
vn 0.743607 -0.313666 0.590476
vn 0.727669 -0.00522973 0.685908
vn 0.54906 0.41152 0.727451
vn -0.79233 0.366677 -0.487607
vn -0.316907 0.93081 0.182106
vn -0.0449371 0.91462 0.401811
vn 0.156458 0.825996 0.541527
vn -0.631402 0.759135 -0.158257
vn 0.300011 -0.931176 -0.207136
vn 0.0859231 -0.916107 -0.39162
vn 0.480947 -0.876282 -0.0286334
vn -0.527809 -0.467275 -0.709275
vn 0.761104 -0.415886 0.497755
vn 0.746879 -0.00189662 0.664957
vn 0.786432 -0.257191 0.561585
vn 0.768174 -0.468556 0.436308
vn 0.76558 -0.2065 0.609299
vn -0.753256 -0.0709136 -0.653893
vn 0.493669 0.513089 0.702162
vn 0.64204 0.276802 0.714958
vn 0.0161757 -0.889381 -0.45688
vn 0.192169 -0.92272 -0.334154
vn 0.377443 -0.909435 -0.17454
vn 0.564939 -0.824758 0.0248439
vn 0.641613 -0.747892 0.170267
vn 0.741194 -0.583864 0.331261
vn -0.623076 -0.355684 -0.696609
vn -0.438657 -0.597992 -0.67081
vn 0.790003 -0.118631 0.601516
vn 0.721879 0.123085 0.680986
vn -0.678103 0.719513 -0.149924
vn -0.045448 0.898527 0.43656
vn 0.366611 0.663396 0.652305
vn 0.547745 0.459394 0.699237
vn -0.787118 0.51235 -0.343427
vn -0.50395 0.861952 0.0554403
vn -0.254547 0.923341 0.287486
vn 0.788592 -0.488323 0.373716
vn 0.705745 -0.675311 0.214196
vn 0.75539 0.070631 0.651458
vn 0.799984 -0.35943 0.480453
vn 0.662554 0.288713 0.691135
vn -0.818478 0.115675 -0.562773
vn 0.20287 0.790557 0.577808
vn 0.510811 -0.857182 -0.0656552
vn 0.643644 -0.759789 0.091889
vn 0.754864 -0.603271 0.25738
vn 0.819495 -0.289139 0.494799
vn 0.805415 -0.0877614 0.586178
vn 0.752112 0.123866 0.64729
vn -0.559841 -0.476582 -0.677825
vn -0.384536 -0.666237 -0.638953
vn -0.697553 -0.264026 -0.666116
vn 0.412812 0.63403 0.653905
vn 0.537518 0.493472 0.683783
vn 0.796469 -0.500285 0.339635
vn 0.831419 -0.236239 0.502925
vn 0.81127 -0.0428502 0.583099
vn 0.759586 0.13896 0.635388
vn 0.66556 0.32006 0.674234
vn -0.569864 -0.49252 -0.657783
vn -0.154336 0.918094 0.365081
vn 0.0915607 0.853321 0.513283
vn -0.363094 0.910513 0.197811
vn 0.016221 -0.893251 -0.449266
vn 0.352853 0.696276 0.625056
vn 0.567035 0.479149 0.669991
vn -0.825748 0.362476 -0.432147
vn -0.118498 0.920792 0.371619
vn -0.581245 0.8133 -0.0264194
vn -0.345488 0.918289 0.193347
vn 0.382613 -0.906851 -0.176717
vn 0.649559 -0.754869 0.0908102
vn -0.828434 0.172298 -0.532926
vn 0.609012 0.443469 0.657601
vn 0.279404 0.760674 0.585926
vn 0.475274 0.599879 0.643631
vn 0.705136 0.275707 0.653276
vn -0.752357 0.602178 -0.267096
vn -0.401981 0.907512 0.121794
vn -0.611329 0.785338 -0.0975757
vn -0.12935 0.932925 0.336035
vn 0.120374 0.857032 0.501005
vn 0.362398 0.714794 0.598112
vn 0.192664 -0.938093 -0.287857
vn 0.418622 -0.901503 -0.109761
vn 0.606781 -0.790801 0.0803216
vn -0.22504 -0.814906 -0.53412
vn -0.811908 0.39639 -0.428578
vn -0.770613 -0.121462 -0.625622
vn -0.820649 0.182979 -0.541345
vn -0.73224 0.618988 -0.284039
vn 0.0884092 0.884076 0.458905
vn 0.254023 0.800605 0.542682
vn -0.795105 0.424167 -0.433463
vn -0.602137 0.786038 -0.13991
vn -0.45766 0.888427 0.0352833
vn -0.24126 0.945006 0.220812
vn -0.0203261 0.926765 0.375091
vn -0.37325 -0.736625 -0.563975
vn 0.386944 -0.918061 -0.0862413
vn 0.765967 -0.558776 0.317906
vn 0.830876 -0.231604 0.505969
vn -0.637834 -0.42808 -0.640247
vn 0.522061 0.570817 0.633735
vn 0.670102 0.364835 0.64642
vn -0.371423 0.92478 0.0826245
vn -0.0927989 0.949901 0.298457
vn 0.169035 0.866886 0.468973
vn 0.665417 -0.714205 0.217096
vn -0.043132 -0.924286 -0.379257
vn 0.775522 0.118924 0.620019
vn -0.805475 0.0291898 -0.591911
vn -0.70964 0.636365 -0.30241
vn 0.392113 0.714603 0.579301
vn 0.611222 0.470937 0.636102
vn -0.763164 0.498738 -0.410903
vn -0.590179 0.788513 -0.173018
vn -0.437067 0.899429 -0.000692325
vn -0.187554 0.960207 0.206943
vn -0.48628 -0.654162 -0.579313
vn -0.258397 -0.83977 -0.477512
vn 0.176313 -0.967563 -0.180927
vn 0.816718 -0.117607 0.564925
vn 0.796268 -0.41696 0.438293
vn -0.694401 -0.35606 -0.625323
vn 0.501688 0.629248 0.593595
vn 0.722153 0.266515 0.63833
vn -0.805705 0.308855 -0.505419
vn -0.663396 0.69057 -0.288131
vn -0.443075 0.89577 -0.0357886
vn -0.33934 0.940015 0.0349419
vn -0.265109 0.95662 0.120813
vn -0.0712983 0.962083 0.263272
vn 0.0893825 0.916932 0.388904
vn 0.310201 0.798397 0.516079
vn -0.0773024 -0.932132 -0.353771
vn 0.538024 -0.831973 0.135464
vn -0.244013 -0.866085 -0.436297
vn -0.495476 0.860484 -0.118623
vn -0.146383 0.972216 0.182668
vn 0.0843961 0.932764 0.35047
vn 0.332373 0.799775 0.499888
vn 0.675307 0.386072 0.628418
vn -0.280583 0.958263 0.0548172
vn -0.437308 -0.735794 -0.517077
vn -0.253386 -0.875446 -0.41157
vn -0.0223335 -0.959279 -0.281577
vn 0.635098 -0.721883 0.274838
vn 0.752414 -0.522277 0.401374
vn -0.770689 -0.197841 -0.605721
vn 0.535665 0.609565 0.584374
vn -0.735147 0.547274 -0.400062
vn -0.574374 0.787935 -0.221931
vn -0.392899 0.91757 -0.0607949
vn -0.0457825 0.971597 0.232172
vn 0.210301 0.890418 0.403645
vn 0.0314533 -0.975951 -0.215707
vn 0.239622 -0.967795 -0.0771599
vn 0.456625 -0.883688 0.102901
vn 0.608946 0.528508 0.591493
vn 0.723887 0.309525 0.616589
vn 0.785004 0.101101 0.611185
vn -0.621336 0.728753 -0.287855
vn -0.16708 0.979849 0.109452
vn 0.0826785 0.952213 0.294033
vn 0.325815 0.836921 0.439781
vn 0.432174 0.737106 0.519519
vn -0.23128 -0.897469 -0.375578
vn 0.0216884 -0.981255 -0.191491
vn 0.32711 -0.944664 0.0246706
vn 0.54645 -0.811337 0.207667
vn -0.540413 -0.650673 -0.533459
vn 0.717993 -0.581993 0.381798
vn 0.819018 -0.158816 0.55135
vn 0.782409 0.160039 0.60185
vn -0.815486 0.223272 -0.533977
vn -0.718981 0.570277 -0.397305
vn 0.538119 0.644019 0.543753
vn 0.682177 0.427 0.593553
vn -0.462508 0.873975 -0.149179
vn -0.294764 0.955503 -0.0113356
vn 0.0172644 0.975539 0.219147
vn -0.801182 -0.159051 -0.576897
vn 0.739735 0.322418 0.590626
vn 0.616523 0.564422 0.548932
vn 0.44621 0.754254 0.481661
vn -0.545526 0.803262 -0.239106
vn -0.113136 0.98786 0.106459
vn -0.326878 0.943069 -0.0614156
vn 0.246049 0.899148 0.361929
vn -0.631444 -0.567209 -0.528727
vn -0.319073 -0.872878 -0.369155
vn -0.0223227 -0.983071 -0.18186
vn 0.189962 -0.980968 -0.0402021
vn 0.429105 -0.892975 0.135882
vn 0.625772 -0.718727 0.303052
vn -0.834277 -0.0118898 -0.551217
vn 0.738235 0.355027 0.573555
vn 0.81308 0.0682237 0.578141
vn -0.184612 0.982367 0.029549
vn 0.113401 0.960834 0.25286
vn 0.320794 0.871547 0.370806
vn 0.467087 0.750444 0.467614
vn -0.388977 -0.847931 -0.360154
vn -0.0896776 -0.973949 -0.208284
vn -0.563891 -0.683342 -0.463757
vn 0.816062 -0.261884 0.515227
vn -0.670342 0.651835 -0.354615
vn -0.792618 0.382052 -0.475176
vn -0.369128 0.922383 -0.113821
vn 0.213891 0.932445 0.291199
vn -0.000398191 0.988389 0.151941
vn 0.49558 0.740929 0.453238
vn 0.637746 0.561698 0.527044
vn 0.0742713 -0.990257 -0.117792
vn 0.202029 -0.979351 -0.00747226
vn 0.470968 -0.861423 0.190104
vn -0.742598 -0.397735 -0.538845
vn 0.762882 -0.475561 0.43801
vn 0.833506 -0.0107195 0.552406
vn -0.620708 0.712472 -0.327271
vn -0.515124 0.82427 -0.235003
vn -0.179508 0.983678 0.0124289
vn 0.037484 0.988259 0.148121
vn 0.392801 0.839074 0.376381
vn 0.619253 0.615303 0.487779
vn 0.188754 0.948406 0.254752
vn 0.771028 0.306773 0.558038
vn -0.328688 0.937853 -0.11134
vn -0.791159 -0.292785 -0.536976
vn -0.655329 -0.586161 -0.476403
vn -0.282584 -0.922155 -0.264151
vn -0.517539 -0.754818 -0.402994
vn 0.62858 -0.708855 0.320019
vn -0.837425 -0.0401008 -0.545079
vn -0.73885 0.521999 -0.426167
vn 0.477579 0.783479 0.397592
vn 0.751141 0.396491 0.527809
vn -0.093088 0.994572 0.0464793
vn 0.30266 0.905841 0.296395
vn -0.10164 -0.980397 -0.168795
vn 0.162143 -0.98671 0.0106837
vn 0.472072 -0.854667 0.216084
vn 0.832793 -0.201678 0.515541
vn -0.822098 0.246953 -0.513
vn 0.556133 0.714271 0.424892
vn 0.838154 -0.00760486 0.545381
vn 0.84642 -0.0107174 0.532408
vn 0.825363 0.137804 0.547528
vn -0.631231 0.688622 -0.356857
vn -0.301902 0.945549 -0.121624
vn -0.491106 0.837251 -0.240469
vn -0.160125 0.986915 -0.0189595
vn 0.13112 0.974792 0.180524
vn 0.353281 0.883625 0.307245
vn -0.444421 -0.831197 -0.334069
vn -0.00687722 -0.99709 -0.0759233
vn 0.688119 -0.616377 0.382845
vn -0.815516 -0.184688 -0.548475
vn 0.68303 0.547964 0.482914
vn -0.723416 0.533949 -0.437684
vn -0.266555 0.955959 -0.122846
vn -0.462935 0.85168 -0.245626
vn 0.220429 0.952481 0.210215
vn 0.0321786 0.994753 0.0971185
vn -0.16343 -0.974253 -0.155313
vn 0.321442 -0.935293 0.147991
vn 0.567874 -0.76084 0.314073
vn -0.815455 0.229226 -0.531496
vn -0.764322 -0.363645 -0.532517
vn -0.833934 0.0163196 -0.551624
vn 0.834588 0.084735 0.544319
vn -0.655123 0.633305 -0.411995
vn -0.75683 0.439242 -0.48402
vn -0.577741 0.740843 -0.34259
vn -0.395607 0.890678 -0.224025
vn -0.0681116 0.997618 0.0109384
vn 0.401186 0.860423 0.3142
vn 0.542502 0.74044 0.396788
vn -0.816128 -0.103047 -0.568609
vn -0.819843 0.124772 -0.558829
vn -0.779221 0.341764 -0.525368
vn 0.733975 -0.510164 0.448345
vn 0.825602 -0.201392 0.527089
vn -0.665329 0.598056 -0.44684
vn -0.36772 0.901447 -0.228417
vn -0.531895 0.77629 -0.33832
vn 0.181128 0.96964 0.164288
vn -0.598199 -0.674028 -0.433409
vn -0.0827728 -0.994175 -0.0690199
vn -0.261674 -0.944636 -0.197964
vn 0.19127 -0.975994 0.104174
vn 0.592248 -0.705494 0.389257
vn -0.804579 0.146152 -0.575579
vn -0.788845 -0.206133 -0.578993
vn 0.827657 -0.0344797 0.560175
vn -0.744732 0.416597 -0.521366
vn -0.484746 0.806839 -0.337686
vn -0.271229 0.944432 -0.185698
vn -0.0844784 0.995126 -0.0508652
vn -0.179804 0.979522 -0.0905942
vn 0.0839728 0.993089 0.0819891
vn 0.355643 0.896292 0.264914
vn -0.788117 0.140586 -0.599255
vn -0.687423 -0.522493 -0.504431
vn 0.770121 -0.385497 0.508238
vn -0.643089 0.576294 -0.504304
vn -0.367086 0.885392 -0.285183
vn -0.740071 0.384977 -0.551441
vn -0.636415 0.618435 -0.460992
vn 0.786878 0.29415 0.542493
vn -0.536633 -0.74221 -0.401434
vn 0.148907 -0.980918 0.125006
vn -0.784909 -0.0907423 -0.61293
vn 0.8054 0.0942462 0.585191
vn 0.778635 -0.273198 0.564881
vn -0.715877 0.396671 -0.574606
vn -0.527251 0.742606 -0.412968
vn -0.139455 0.983087 -0.118711
vn 0.0417225 0.998803 0.025521
vn 0.208746 0.966523 0.149195
vn 0.67738 0.551524 0.486803
vn 0.750439 0.367136 0.549594
vn -0.578372 -0.67866 -0.452666
vn -0.339743 -0.906648 -0.25013
vn -0.104538 -0.992742 -0.0594623
vn 0.453188 -0.818524 0.353042
vn -0.765047 -0.126181 -0.631491
vn -0.765668 0.157189 -0.623734
vn -0.727514 -0.38538 -0.567632
vn 0.707817 -0.430993 0.559679
vn 0.786709 -0.0734977 0.612933
vn -0.599445 0.615107 -0.512162
vn -0.438717 0.814234 -0.380197
vn -0.262008 0.935663 -0.236403
vn 0.0958603 0.99426 0.0475229
vn 0.542886 0.7398 0.397454
vn 0.364464 0.893009 0.264009
vn 0.357214 -0.875357 0.325805
vn 0.104653 -0.985224 0.135577
vn 0.555235 -0.677715 0.482095
vn -0.748101 0.140597 -0.648519
vn -0.706281 0.36274 -0.607936
vn 0.772098 0.23569 0.590183
vn -0.0715223 0.992493 -0.0992107
vn 0.682368 0.511709 0.522042
vn -0.219114 -0.966068 -0.136752
vn -0.750073 -0.110788 -0.652009
vn -0.678307 0.387885 -0.624055
vn -0.702848 -0.409877 -0.581383
vn 0.749932 0.23364 0.618881
vn -0.292263 0.91069 -0.291935
vn -0.613552 0.556962 -0.559774
vn -0.476693 0.754612 -0.450914
vn 0.164937 0.982305 0.0887318
vn 0.578903 0.677565 0.453628
vn -0.70898 -0.340066 -0.617821
vn -0.727297 0.162837 -0.666725
vn 0.763141 -0.0807946 0.641162
vn -0.149915 0.970099 -0.190877
vn 0.0149369 0.998484 -0.0529864
vn 0.676771 0.496192 0.543851
vn -0.618829 -0.592032 -0.516283
vn -0.429297 -0.841205 -0.328753
vn 0.0675079 -0.988265 0.137024
vn 0.584657 -0.587908 0.559053
vn 0.408079 -0.811198 0.418843
vn -0.736524 -0.0581855 -0.673904
vn -0.664319 0.37844 -0.644564
vn -0.562385 0.612984 -0.554954
vn 0.69883 -0.356174 0.620304
vn 0.677226 0.467944 0.567798
vn -0.447278 0.767576 -0.459097
vn -0.309665 0.887749 -0.3406
vn -0.141675 0.967528 -0.209329
vn -0.713149 -0.266043 -0.648567
vn -0.530376 -0.726457 -0.436991
vn -0.640932 -0.521755 -0.563008
vn 0.680235 -0.358968 0.63908
vn 0.735274 0.202575 0.646789
vn 0.741446 -0.0836648 0.665776
vn -0.409278 0.792792 -0.451633
vn 0.349118 0.902216 0.253226
vn 0.543507 0.712554 0.443697
vn 0.359059 -0.844007 0.398408
vn -0.724894 -0.0719115 -0.685097
vn -0.712989 0.149168 -0.685124
vn 0.55081 -0.615613 0.563586
vn 0.691532 -0.271371 0.669434
vn -0.663594 0.346401 -0.66306
vn -0.576938 0.562645 -0.592092
vn 0.659014 0.474336 0.5837
vn 0.728464 0.129354 0.672762
vn -0.701756 -0.284481 -0.653153
vn -0.410886 -0.852173 -0.323996
vn -0.65827 -0.45823 -0.597249
vn -0.279472 -0.940167 -0.194887
vn -0.133146 -0.989837 -0.0499429
vn -0.538845 -0.702542 -0.464844
vn 0.37328 0.881499 0.289175
vn 0.528097 0.721127 0.44843
vn -0.192944 -0.97347 -0.123002
vn -0.387171 -0.867554 -0.312166
vn -0.713162 -0.219126 -0.665871
vn -0.00841789 -0.998137 0.0604222
vn 0.326864 -0.866577 0.377099
vn -0.326592 0.870187 -0.368933
vn 0.191375 -0.950035 0.246593
vn 0.508214 -0.679833 0.528721
vn 0.623837 -0.472114 0.622845
vn 0.700353 -0.222205 0.678329
vn 0.724759 0.0139548 0.688861
vn -0.577099 0.570685 -0.584188
vn -0.0747158 0.98863 -0.13049
vn 0.149131 0.986319 0.0702505
vn -0.330586 -0.905182 -0.267131
vn 0.151344 -0.969923 0.190644
vn 0.370997 -0.841453 0.392832
vn -0.719286 0.0738686 -0.690776
vn -0.492944 -0.759589 -0.4243
vn -0.614813 -0.5702 -0.544864
vn -0.0462229 -0.99893 -0.0011956
vn -0.591992 0.575734 -0.563983
vn -0.731732 -0.162834 -0.661856
vn 0.715832 0.232267 0.658511
vn -0.410381 0.816897 -0.405299
vn -0.20965 0.949291 -0.234293
vn 0.322704 0.911317 0.255662
vn -0.353536 -0.884653 -0.303977
vn -0.201153 -0.967269 -0.154691
vn 0.106439 -0.986471 0.124684
vn 0.318534 -0.893923 0.315338
vn -0.707421 0.290216 -0.644461
vn 0.730262 -0.0892954 0.677306
vn 0.662086 -0.405223 0.630426
vn 0.00737367 0.999683 -0.0240643
vn 0.1572 -0.976118 0.149937
vn 0.428373 -0.816376 0.387333
vn 0.54209 -0.68336 0.489038
vn 0.530107 -0.673168 0.515588
vn 0.623004 -0.533989 0.571596
vn -0.587963 0.618152 -0.521716
vn 0.732359 0.170494 0.659229
vn 0.661792 0.46802 0.585652
vn -0.344429 0.890318 -0.29783
vn 0.1657 0.978924 0.119375
vn 0.509727 0.741998 0.43545
vn 0.341197 0.893351 0.292419
vn -0.213032 -0.958868 -0.187587
vn -0.0543154 -0.997771 -0.0387672
vn -0.719167 0.350306 -0.60007
vn -0.763446 -0.0116201 -0.645767
vn 0.705884 -0.317061 0.633403
vn 0.723364 0.283933 0.629386
vn 0.750824 -0.0366586 0.659484
vn 0.0697014 -0.996191 0.0523971
vn 0.266501 -0.936999 0.225855
vn 0.545643 -0.700738 0.459608
vn 0.64298 -0.524654 0.557956
vn 0.723464 -0.309932 0.616881
vn -0.552883 0.708893 -0.437939
vn -0.0781244 0.994425 -0.0708271
vn 0.159414 0.9767 0.143678
vn -0.687964 -0.431802 -0.583311
vn -0.0862661 -0.991858 -0.0936812
vn 0.104966 -0.992509 0.0625218
vn 0.265967 -0.944066 0.19494
vn 0.420898 -0.840123 0.34211
vn 0.655183 -0.531416 0.536966
vn -0.762197 -0.20409 -0.614332
vn -0.778525 0.0641751 -0.624324
vn 0.761133 -0.107438 0.639636
vn 0.751439 0.183463 0.633783
vn -0.220987 0.963692 -0.149876
vn -0.281742 -0.924044 -0.258389
vn -0.536278 -0.714006 -0.450113
vn 0.425505 -0.847216 0.318072
vn 0.548978 -0.718283 0.427427
vn 0.640422 -0.591503 0.489881
vn -0.712891 0.458592 -0.530546
vn 0.723832 0.348183 0.595681
vn 0.65627 0.511984 0.55424
vn 0.733721 -0.33761 0.589638
vn 0.775596 -0.0703154 0.627301
vn -0.0400965 -0.996434 -0.0742436
vn 0.167874 -0.981543 0.0916121
vn 0.34247 -0.910091 0.233344
vn -0.79549 0.102812 -0.597182
vn -0.756634 -0.279779 -0.590956
vn 0.729929 -0.403377 0.551807
vn 0.77835 0.128042 0.614636
vn 0.78118 -0.165357 0.602009
vn 0.406964 0.843328 0.350968
vn 0.302537 -0.936112 0.179346
vn 0.0793804 -0.996843 0.00151202
vn 0.504494 -0.789103 0.350432
vn 0.662943 -0.579024 0.474593
vn -0.808113 -0.0576801 -0.586196
vn -0.784398 0.302435 -0.541528
vn 0.716784 0.406431 0.566599
vn -0.423344 0.864765 -0.270112
vn 0.135157 0.980756 0.14089
vn 0.573394 0.668169 0.474099
vn -0.168089 -0.968573 -0.183338
vn -0.430184 -0.827758 -0.36022
vn 0.261623 -0.956882 0.126217
vn 0.431391 -0.865504 0.254567
vn -0.822307 0.0540138 -0.566475
vn -0.748595 -0.363439 -0.554543
vn 0.70459 -0.517757 0.485263
vn 0.767165 -0.316678 0.557829
vn 0.80214 -0.0492155 0.595104
vn -0.603599 0.705557 -0.371291
vn -0.80126 0.273136 -0.532334
vn -0.735753 0.497044 -0.460016
vn 0.638079 0.583371 0.502526
vn 0.157627 -0.986877 0.035033
vn 0.589742 -0.711116 0.382778
vn -0.637034 -0.596767 -0.487911
vn -0.797579 -0.22551 -0.559476
vn 0.705062 -0.546993 0.451316
vn 0.780378 -0.30938 0.54341
vn 0.813763 -0.10104 0.572346
vn 0.793151 0.161229 0.587296
vn -0.0374771 0.998577 0.0379453
vn 0.485421 0.779728 0.395461
vn 0.735489 0.391871 0.552714
vn 0.0091475 -0.997487 -0.07025
vn 0.357096 -0.918826 0.16805
vn -0.834476 0.042949 -0.549368
vn -0.69567 -0.516039 -0.499748
vn -0.540032 -0.733336 -0.413018
vn 0.55751 -0.766198 0.319566
vn 0.792845 -0.321874 0.517487
vn 0.825328 -0.00558214 0.564626
vn -0.806014 0.307696 -0.505632
vn -0.717137 0.548436 -0.430037
vn -0.538534 0.793673 -0.282956
vn -0.292671 0.948604 -0.120393
vn 0.238282 0.943358 0.23086
vn 0.782375 0.276606 0.558012
vn 0.667537 0.554085 0.497378
vn -0.0859467 -0.986332 -0.140581
vn -0.806126 -0.264682 -0.529249
vn 0.698005 -0.58792 0.408828
vn -0.851369 0.0215896 -0.524123
vn -0.822361 0.30634 -0.479456
vn -0.694868 0.615195 -0.372415
vn 0.556543 0.714399 0.424139
vn 0.825214 0.127656 0.550205
vn 0.756261 0.392542 0.523432
vn -0.687734 -0.560879 -0.460909
vn -0.333844 -0.897626 -0.287778
vn 0.191282 -0.980997 0.0324851
vn 0.494906 -0.837108 0.23306
vn 0.823025 -0.2334 0.517835
vn -0.549065 0.792486 -0.265508
vn 0.428908 0.836235 0.341686
vn 0.65108 0.603766 0.459959
vn 0.845718 0.00755798 0.533577
vn -0.332429 0.935625 -0.118727
vn -0.467214 -0.811073 -0.351954
vn 0.75552 -0.516142 0.403469
vn 0.667784 -0.65428 0.35494
vn 0.783685 -0.426132 0.451939
vn 0.843111 -0.200102 0.499122
vn -0.858381 0.237335 -0.454811
vn -0.830099 -0.238145 -0.504205
vn -0.86232 0.00853193 -0.506292
vn 0.856753 0.0217178 0.51527
vn 0.499037 0.786156 0.364584
vn 0.812056 0.270182 0.517269
vn -0.0348837 0.997319 0.0643246
vn -0.553407 -0.747241 -0.367929
vn -0.285625 -0.926653 -0.244403
vn 0.143754 -0.989506 -0.0145888
vn 0.659713 -0.679684 0.320639
vn 0.827347 -0.328976 0.455271
vn -0.783923 -0.418268 -0.458821
vn -0.86891 0.248336 -0.428164
vn -0.861498 -0.130855 -0.49061
vn 0.638144 0.638853 0.429697
vn 0.8627 -0.133994 0.487641
vn 0.758175 0.433815 0.486801
vn -0.721349 0.595455 -0.353679
vn -0.514051 0.832239 -0.207676
vn 0.120743 0.980237 0.156704
vn 0.339439 0.899666 0.274558
vn 0.351425 -0.929485 0.112064
vn 0.535928 -0.81457 0.221937
vn 0.722577 -0.603774 0.336661
vn 0.78712 -0.470837 0.39844
vn -0.886215 -0.0603194 -0.459331
vn 0.725599 0.517966 0.453009
vn 0.866894 0.0517454 0.495799
vn 0.850905 -0.287252 0.439826
vn 0.83822 0.246069 0.48666
vn -0.785549 0.513143 -0.345827
vn -0.160589 0.986999 0.00660553
vn 0.556989 0.743812 0.36947
vn -0.521111 -0.787233 -0.329709
vn 0.0629313 -0.995934 -0.0644536
vn 0.375263 -0.9214 0.100991
vn 0.625651 -0.737743 0.253567
vn -0.870318 -0.23108 -0.434912
vn -0.694134 -0.59855 -0.399895
vn 0.805184 0.371233 0.462455
vn 0.883994 -0.0215479 0.467001
vn 0.77298 -0.52426 0.357285
vn 0.855408 -0.308307 0.416201
vn -0.90141 0.110466 -0.418638
vn -0.564815 0.799598 -0.204026
vn -0.365137 0.926091 -0.0950253
vn 0.260944 0.939866 0.220362
vn 0.450658 0.838786 0.305525
vn 0.782477 0.445915 0.434614
vn 0.691334 0.588769 0.418819
vn -0.252914 -0.947067 -0.197735
vn 0.602535 -0.766839 0.221156
vn -0.796173 -0.462752 -0.389832
vn 0.889797 -0.154679 0.429343
vn 0.800004 -0.491079 0.344725
vn 0.872421 0.181322 0.453877
vn -0.926971 0.0212501 -0.374531
vn -0.883704 0.334048 -0.32784
vn -0.745362 0.610997 -0.266679
vn -0.91108 -0.06879 -0.406449
vn -0.894177 0.247664 -0.372974
vn -0.426287 0.897851 -0.110197
vn 0.0950815 0.986517 0.133203
vn 0.65705 0.650982 0.380141
vn -0.871673 -0.310739 -0.378982
vn -0.748318 -0.570123 -0.339087
vn -0.59712 -0.737679 -0.315083
vn 0.501476 -0.853166 0.143631
vn 0.66544 -0.710841 0.227802
vn 0.795367 -0.521028 0.309711
vn 0.869656 -0.344244 0.353827
vn 0.913129 -0.0761056 0.400504
vn 0.720255 -0.635069 0.279141
vn 0.885826 -0.243375 0.395072
vn 0.903604 9.13284e-05 0.428369
vn -0.934627 0.134022 -0.329409
vn -0.850378 0.440972 -0.287055
vn 0.277858 0.937399 0.209948
vn 0.693249 0.624909 0.359019
vn 0.810097 0.411914 0.417217
vn 0.521418 0.794424 0.31147
vn 0.886826 0.190356 0.421075
vn -0.479086 0.871111 -0.107898
vn -0.0935056 0.994517 0.0468345
vn -0.723623 -0.626935 -0.288656
vn -0.485599 -0.838107 -0.248539
vn -0.188455 -0.970273 -0.151836
vn 0.354861 -0.932782 0.0631736
vn 0.627006 -0.756945 0.184116
vn 0.884923 -0.330613 0.328034
vn 0.791118 -0.543868 0.279892
vn -0.951944 0.0629282 -0.299737
vn -0.891228 -0.289677 -0.348999
vn 0.617546 0.72378 0.307863
vn 0.83683 0.382128 0.392038
vn 0.917198 -0.134446 0.375063
vn 0.908451 0.130962 0.396946
vn -0.896991 0.351524 -0.268027
vn -0.712333 0.669036 -0.212068
vn 0.418487 0.877195 0.235368
vn 0.211101 0.962748 0.168975
vn 0.468845 0.84046 0.271683
vn -0.20251 -0.970292 -0.132377
vn -0.428779 -0.883313 -0.189489
vn 0.357699 -0.932419 0.0514413
vn 0.067414 -0.9963 -0.0533106
vn 0.570524 -0.80913 0.140748
vn 0.801886 -0.542363 0.250642
vn -0.961812 -0.0576513 -0.267569
vn -0.779548 -0.563601 -0.273238
vn -0.908814 -0.287404 -0.302418
vn 0.936352 0.0685047 0.344314
vn 0.859554 0.379612 0.342142
vn 0.917583 -0.229474 0.324629
vn 0.930203 -0.0352359 0.365351
vn 0.78741 0.503494 0.35564
vn 0.896258 0.240003 0.372987
vn -0.72523 0.66651 -0.172646
vn 0.0841465 0.990777 0.10621
vn 0.311471 0.932688 0.181878
vn 0.548263 0.795288 0.258698
vn 0.721284 0.615227 0.318191
vn -0.626369 -0.745097 -0.229113
vn 0.453446 -0.887605 0.0808908
vn 0.681782 -0.711075 0.171889
vn -0.798521 -0.551622 -0.240991
vn -0.52285 -0.833341 -0.179358
vn 0.848152 -0.473191 0.238178
vn 0.956223 -0.0460546 0.288993
vn 0.931289 -0.22664 0.285193
vn 0.947776 0.029036 0.317613
vn 0.897719 0.301395 0.321343
vn 0.920956 -0.245239 0.302816
vn -0.950895 0.21402 -0.223594
vn -0.933019 0.267879 -0.240241
vn -0.80497 0.56465 -0.182191
vn -0.595133 0.794157 -0.123008
vn -0.477096 0.875266 -0.079299
vn -0.347409 0.936605 -0.0455957
vn -0.0599019 0.997143 0.0460148
vn 0.214862 0.967837 0.130869
vn 0.838272 0.463969 0.286412
vn 0.508061 0.832393 0.221352
vn 0.718838 0.640685 0.269806
vn 0.748189 0.59196 0.29966
vn -0.161992 -0.981826 -0.0988716
vn 0.197638 -0.980275 -0.000998236
vn -0.884668 -0.425767 -0.18996
vn -0.646493 -0.747901 -0.150634
vn -0.94963 -0.212421 -0.230393
vn -0.804364 -0.558202 -0.20349
vn -0.265 -0.959927 -0.0911847
vn -0.585203 -0.793959 -0.164819
vn 0.621515 -0.772723 0.12891
vn 0.858663 -0.467097 0.210992
vn 0.962332 0.0358967 0.269496
vn 0.753886 -0.63214 0.179038
vn 0.93675 0.187125 0.295777
vn 0.935128 -0.247193 0.253832
vn -0.976619 0.0156041 -0.214411
vn -0.378741 0.923422 -0.0620205
vn -0.101251 0.99473 0.0161236
vn 0.111103 0.992043 0.0592213
vn 0.261627 0.959466 0.10477
vn 0.0970667 0.992378 0.0759266
vn 0.491428 0.854007 0.170795
vn 0.660884 0.721898 0.205174
vn 0.361568 0.91936 0.155065
vn 0.787173 0.563677 0.250252
vn 0.907498 0.323325 0.268157
vn 0.636521 0.736554 0.228756
vn -0.581077 -0.807743 -0.0995046
vn -0.39322 -0.916587 -0.0724266
vn -0.0485716 -0.998696 -0.0157056
vn -0.34958 -0.932926 -0.0862722
vn 0.271598 -0.960881 0.0542402
vn 0.129389 -0.991593 -0.0013011
vn 0.456665 -0.885837 0.0821564
vn 0.964918 -0.139331 0.222529
vn 0.70317 -0.694728 0.151343
vn 0.913105 -0.346264 0.215269
vn 0.966402 -0.0815547 0.243756
vn -0.957041 0.193482 -0.215956
vn -0.873141 0.444643 -0.199795
vn -0.73734 0.65112 -0.179924
vn -0.580818 0.800103 -0.149951
vn -0.695253 0.700924 -0.159153
vn -0.459795 0.882201 -0.101535
vn 0.348339 0.932317 0.09719
vn 0.871801 0.43696 0.221427
vn 0.953017 0.200206 0.227323
vn 0.545691 0.823397 0.155687
vn 0.738146 0.647263 0.19024
vn 0.971127 0.0620748 0.230347
vn 0.939329 0.23724 0.247747
vn 0.823813 0.51726 0.231891
vn -0.140607 0.989385 -0.0366971
vn -0.216496 0.975584 -0.0369441
vn -0.0654659 0.997845 0.00443631
vn 0.0548087 0.998284 0.0206026
vn -0.457278 -0.888979 -0.0247793
vn -0.961911 0.149679 -0.228743
vn -0.965649 -0.168321 -0.197964
vn -0.78871 -0.601663 -0.126248
vn -0.143934 -0.989449 0.0165601
vn 0.147811 -0.987804 0.0489391
vn -0.126567 -0.991885 -0.0120353
vn 0.441306 -0.891115 0.105655
vn 0.889801 -0.410142 0.200092
vn 0.647971 -0.746097 0.15321
vn 0.464567 -0.880201 0.0970714
vn -0.768859 0.591201 -0.243591
vn -0.885205 0.40502 -0.228849
vn -0.419006 0.890236 -0.178642
vn -0.744148 0.632736 -0.214217
vn -0.589129 0.78669 -0.184513
vn -0.184805 0.975891 -0.116123
vn -0.403617 0.902831 -0.148289
vn -0.281772 0.953095 -0.110516
vn -0.00422024 0.998353 -0.0572224
vn -0.355382 0.929136 -0.102027
vn -0.113288 0.99192 -0.0570988
vn 0.147268 0.989066 -0.00783251
vn 0.533626 0.840554 0.0933338
vn 0.38912 0.920121 0.0443158
vn 0.308 0.950302 0.045402
vn 0.716572 0.683937 0.136947
vn 0.866709 0.466233 0.177319
vn 0.430383 0.898109 0.090392
vn 0.974543 0.0754895 0.21111
vn 0.937767 0.282008 0.202646
vn 0.60976 0.780293 0.139055
vn 0.776306 0.606434 0.172008
vn 0.870301 0.450057 0.200064
vn 0.971326 0.0372052 0.234823
vn 0.0717965 0.997418 -0.00152504
vn 0.190257 0.980896 0.0405613
vn -0.698249 -0.713256 -0.060935
vn -0.428855 -0.903211 0.0171272
vn -0.126854 -0.985855 0.109538
vn 0.253548 -0.953507 0.162902
vn -0.181649 -0.981983 0.0520886
vn -0.928355 0.239279 -0.284434
vn -0.811371 0.501868 -0.299676
vn -0.968918 -0.10633 -0.223365
vn -0.627924 0.72561 -0.281427
vn -0.953 0.164616 -0.254348
vn -0.879443 0.388264 -0.275375
vn -0.763675 0.585384 -0.272261
vn -0.972208 0.0437026 -0.230002
vn -0.900563 -0.405118 -0.157685
vn -0.90125 0.35263 -0.251796
vn 0.64892 -0.733834 0.200972
vn 0.809183 -0.550311 0.205864
vn 0.383837 -0.91507 0.123758
vn 0.616933 -0.769276 0.166155
vn -0.374184 0.89724 -0.234408
vn -0.606555 0.755215 -0.248478
vn -0.421745 0.882327 -0.208877
vn -0.210156 0.962292 -0.172711
vn 0.0744731 0.990708 -0.113807
vn -0.600676 0.769647 -0.216407
vn 0.176848 0.98207 -0.0652897
vn -0.0966656 0.987783 -0.122232
vn 0.384227 0.923236 -0.00222458
vn 0.0880046 0.994337 -0.0595773
vn 0.620304 0.781585 0.065939
vn 0.483686 0.874177 0.0431503
vn 0.76555 0.631934 0.120797
vn 0.299246 0.954154 0.00648707
vn 0.608287 0.788646 0.0895825
vn 0.925672 0.335686 0.174492
vn 0.947197 0.257429 0.191174
vn 0.837271 0.524678 0.153917
vn -0.89784 -0.409462 -0.161937
vn -0.943321 -0.257724 -0.209101
vn -0.363709 -0.928176 0.078771
vn -0.964055 -0.0784474 -0.25386
vn -0.927433 0.217986 -0.303892
vn -0.8264 0.45846 -0.326919
vn -0.947832 -0.242569 -0.206821
vn -0.9661 0.00972468 -0.257984
vn 0.0230471 -0.984237 0.175345
vn 0.677592 -0.690638 0.252763
vn -0.664761 0.678293 -0.313068
vn -0.465909 0.83963 -0.279198
vn -0.2393 0.940381 -0.2417
vn 0.893448 -0.368711 0.25652
vn 0.956807 -0.178454 0.22951
vn 0.977379 0.049746 0.205561
vn -0.0566877 0.982957 -0.174879
vn 0.268161 0.959294 -0.0885745
vn 0.515975 0.856507 -0.0128345
vn 0.36529 0.930158 -0.037009
vn 0.586529 0.809205 0.0342252
vn 0.768499 0.6317 0.101801
vn 0.891944 0.424212 0.156461
vn -0.920144 0.221401 -0.32298
vn -0.783938 -0.613324 -0.0963071
vn -0.156472 -0.97475 0.159307
vn 0.23645 -0.936228 0.25994
vn -0.157295 0.955697 -0.248802
vn -0.650943 0.681638 -0.334129
vn 0.496068 -0.827062 0.264359
vn 0.780789 -0.554406 0.288101
vn 0.905308 -0.3148 0.285166
vn -0.429676 0.852223 -0.298487
vn -0.0200553 0.979954 -0.198211
vn 0.405677 0.911319 -0.070172
vn 0.175849 0.97483 -0.137056
vn 0.674081 0.737847 0.0345808
vn 0.717531 0.693509 0.0647647
vn 0.951294 0.243798 0.188686
vn 0.87977 0.453256 0.143401
vn 0.97138 -0.0399177 0.234151
vn -0.941058 0.112119 -0.319124
vn -0.955982 -0.139461 -0.258166
vn -0.890073 -0.421331 -0.173927
vn -0.775536 0.527234 -0.347229
vn 0.890827 -0.328313 0.314067
vn 0.722454 -0.610165 0.325206
vn 0.169027 0.972762 -0.15863
vn 0.808911 0.57764 0.109522
vn 0.966636 -0.0168151 0.2556
vn -0.597008 -0.802158 -0.0111258
vn -0.351952 -0.931527 0.091583
vn -0.906128 -0.366742 -0.210788
vn -0.949525 -0.15761 -0.271223
vn -0.792358 -0.598209 -0.119643
vn -0.0647 -0.979504 0.190752
vn 0.766343 -0.539598 0.348644
vn 0.89905 -0.290602 0.327504
vn 0.9602 0.102905 0.259665
vn -0.690434 -0.715535 -0.106349
vn -0.320565 -0.94532 0.0600628
vn -0.95122 -0.0496482 -0.304491
vn -0.918938 -0.305477 -0.249472
vn -0.825319 -0.533036 -0.186339
vn -0.82071 -0.548083 -0.161368
vn -0.651734 -0.75586 -0.0625979
vn -0.421947 -0.905532 0.0444186
vn -0.240512 -0.96355 0.117155
vn -0.0682961 -0.981958 0.176335
vn -0.230574 -0.965561 0.120532
vn 0.207608 -0.943255 0.259169
vn 0.501523 -0.802246 0.323845
vn -0.493082 0.813912 -0.307274
vn -0.000988787 0.981647 -0.190702
vn 0.438662 0.896913 -0.0558778
vn 0.720991 0.687222 0.0888679
vn -0.791338 -0.575017 -0.207699
vn -0.740265 -0.653679 -0.1572
vn -0.295879 -0.954686 0.0321071
vn -0.509552 -0.859783 -0.0336162
vn -0.18474 -0.978369 0.0930891
vn 0.118053 -0.974299 0.191848
vn 0.416669 -0.865297 0.278654
vn -0.0690301 -0.985897 0.152452
vn 0.176628 -0.956866 0.230672
vn -0.942477 -0.14244 -0.302405
vn -0.835625 0.430681 -0.340947
vn -0.921874 0.200106 -0.331822
vn -0.626221 0.722893 -0.292015
vn -0.88625 -0.392728 -0.245612
vn 0.400797 -0.867808 0.293719
vn 0.607563 -0.720943 0.333329
vn -0.176388 0.963386 -0.201928
vn 0.234593 0.96708 -0.0985992
vn 0.47052 0.882375 -0.00502196
vn 0.720758 0.683422 0.115939
vn 0.871833 0.443464 0.207959
vn 0.955319 0.0121279 0.295327
vn 0.922024 0.317599 0.221366
vn -0.780693 -0.583319 -0.22418
vn -0.945544 -0.0148023 -0.325158
vn -0.887625 -0.372399 -0.271
vn -0.635912 -0.755673 -0.156763
vn -0.633638 -0.763618 -0.124057
vn -0.435046 -0.89887 -0.0526116
vn -0.198382 -0.979386 0.0380496
vn 0.0682524 -0.989247 0.129349
vn -0.0150198 -0.991812 0.126818
vn 0.535609 -0.796965 0.279231
vn 0.277235 -0.936135 0.216312
vn 0.62725 -0.710706 0.318519
vn -0.341474 0.9127 -0.22444
vn 0.806137 0.562557 0.183501
vn 0.90072 -0.27485 0.336394
vn 0.761409 -0.550289 0.342692
vn 0.952519 0.0526621 0.29989
vn -0.0507 0.990662 -0.126566
vn 0.15604 0.983016 -0.0965989
vn 0.397078 0.917782 -0.00248346
vn 0.621097 0.778077 0.0939942
vn -0.922863 -0.235046 -0.305086
vn -0.738277 -0.637369 -0.220698
vn -0.849307 -0.455101 -0.26751
vn -0.561061 -0.814244 -0.149052
vn -0.406387 -0.910626 -0.0749009
vn 0.344446 -0.92053 0.184342
vn -0.131737 -0.990866 0.0288167
vn 0.136373 -0.982326 0.128213
vn 0.567715 -0.780639 0.261348
vn 0.678683 -0.676012 0.287048
vn 0.332139 -0.920436 0.206112
vn 0.680908 -0.671048 0.293358
vn 0.797414 -0.514004 0.316117
vn 0.925057 -0.183879 0.332352
vn 0.781807 -0.529565 0.329149
vn -0.738139 0.606726 -0.295016
vn -0.320697 0.931366 -0.172366
vn 0.0711425 0.996197 -0.050309
vn 0.29721 0.954424 0.0272175
vn 0.314303 0.949314 0.00414668
vn 0.606367 0.785102 0.12623
vn 0.801937 0.557748 0.214042
vn 0.926801 0.247575 0.282395
vn -0.316134 -0.946694 -0.0618824
vn -0.0393902 -0.998561 0.0363883
vn 0.182809 -0.975887 0.119271
vn 0.515829 -0.827225 0.222755
vn 0.942566 0.102198 0.318001
vn -0.047185 0.996499 -0.0690201
vn 0.224891 0.974097 0.0236381
vn 0.557091 0.81905 0.137136
vn 0.848275 0.460004 0.262347
vn -0.927982 0.166157 -0.333529
vn 0.749275 -0.595431 0.289912
vn 0.875502 -0.360459 0.321815
vn -0.853453 0.409384 -0.322526
vn -0.730962 0.617228 -0.291076
vn -0.557486 0.794552 -0.240616
vn -0.312772 0.935505 -0.164332
vn -0.872875 -0.402864 -0.275299
vn -0.638259 -0.751065 -0.1689
vn -0.203641 -0.979036 -0.00423145
vn 0.598687 -0.760246 0.252191
vn -0.94466 -0.0460418 -0.324804
vn -0.693141 0.65742 -0.295559
vn -0.833896 0.443031 -0.329153
vn 0.809867 -0.498588 0.309072
vn -0.419102 0.880486 -0.221578
vn -0.135202 0.983002 -0.124205
vn 0.131309 0.991061 -0.0235893
vn 0.360276 0.930931 0.0597439
vn -0.0226416 0.997919 -0.0603795
vn 0.353214 0.932414 0.0764498
vn 0.681527 0.70366 0.200957
vn -0.946058 -0.117338 -0.302004
vn -0.646073 -0.751862 -0.131504
vn -0.85592 -0.459984 -0.236254
vn -0.399487 -0.91641 -0.0245662
vn -0.45354 -0.888528 -0.0694279
vn -0.146332 -0.987876 0.0518519
vn 0.138167 -0.980566 0.139286
vn 0.424039 -0.879057 0.217828
vn 0.65104 -0.702517 0.287431
vn 0.814453 -0.484322 0.319529
vn 0.249819 -0.957824 0.141999
vn -0.909817 0.247027 -0.333484
vn -0.561988 0.779666 -0.276208
vn -0.351694 0.909211 -0.222815
vn -0.116337 0.982372 -0.146322
vn 0.521733 0.846509 0.105909
vn 0.724533 0.659548 0.200121
vn 0.918635 -0.215914 0.330895
vn 0.875936 0.394484 0.277701
vn 0.0792206 0.994594 -0.0671356
vn 0.307841 0.951284 0.0171379
vn 0.555636 0.819297 0.141493
vn -0.762292 -0.628961 -0.152704
vn -0.168741 -0.983416 0.066482
vn 0.0976697 -0.984653 0.144631
vn -0.863289 0.388714 -0.32192
vn -0.947856 0.0819867 -0.307973
vn -0.928901 -0.268334 -0.255225
vn 0.325023 -0.920703 0.216023
vn -0.736195 0.599255 -0.314501
vn -0.480124 0.836469 -0.264197
vn -0.187009 0.964273 -0.187632
vn 0.0287815 0.993162 -0.113141
vn 0.615254 0.780951 0.107603
vn 0.217158 0.975418 -0.0374539
vn 0.479176 0.875208 0.0663478
vn 0.9156 0.290121 0.2784
vn 0.826242 0.513241 0.232181
vn 0.674976 0.721117 0.156196
vn 0.943909 0.0916516 0.317232
vn -0.944271 0.188584 -0.269794
vn -0.852368 -0.495541 -0.167059
vn -0.581211 -0.812392 -0.0470371
vn -0.46748 -0.883548 -0.0283809
vn -0.291617 -0.955452 0.0455133
vn 0.0381112 -0.988833 0.144075
vn -0.818427 0.497306 -0.287862
vn -0.963416 -0.0686848 -0.259059
vn -0.904977 0.297336 -0.304314
vn -0.760206 0.57454 -0.3033
vn 0.844823 -0.428488 0.320426
vn 0.936171 -0.150157 0.317862
vn 0.946921 0.159435 0.279144
vn 0.949255 0.00878351 0.314386
vn 0.0814933 0.989945 -0.115618
vn 0.359214 0.932988 -0.0223405
vn 0.748468 0.646991 0.145594
vn 0.192682 0.978786 -0.0696499
vn 0.391472 0.920104 0.0126172
vn 0.506886 0.860789 0.045929
vn 0.87335 0.429068 0.230567
vn 0.794661 0.574664 0.195641
vn -0.650072 -0.758721 -0.0418313
vn -0.334183 -0.940653 0.0591065
vn -0.0747071 -0.989933 0.120212
vn -0.97347 -0.163482 -0.160095
vn -0.940999 0.26451 -0.211082
vn -0.868693 0.425798 -0.253117
vn -0.967267 0.112275 -0.227572
vn -0.889817 -0.432128 -0.146599
vn -0.969568 -0.126827 -0.209411
vn -0.368641 -0.928897 0.035406
vn 0.488425 -0.833368 0.258725
vn -0.62006 0.743763 -0.249683
vn -0.284923 0.937897 -0.197908
vn -0.672937 0.686317 -0.275907
vn -0.483233 0.837989 -0.253496
vn 0.214292 0.973188 -0.0835724
vn 0.493314 0.86981 0.00849527
vn 0.709112 0.698744 0.0944297
vn 0.964423 0.0439049 0.260692
vn 0.847674 0.502537 0.170018
vn 0.950727 -0.087479 0.297432
vn 0.938979 0.245343 0.241091
vn 0.878689 0.42806 0.211353
vn 0.597808 0.798776 0.06769
vn -0.56438 -0.825347 0.0166531
vn -0.992955 0.0277758 -0.115194
vn -0.943168 -0.32457 -0.0713396
vn -0.899379 0.408643 -0.155332
vn -0.988149 0.0356618 -0.1493
vn -0.94186 -0.321371 -0.0980873
vn -0.91752 -0.385375 -0.0981957
vn -0.828749 -0.557185 -0.0521477
vn -0.851238 -0.517186 -0.0889556
vn 0.152908 -0.974732 0.162842
vn 0.417214 -0.882486 0.217142
vn 0.676039 -0.689637 0.259561
vn 0.249469 -0.947588 0.199606
vn 0.512324 -0.821767 0.249446
vn -0.886005 0.421697 -0.192787
vn -0.764536 0.605307 -0.22156
vn -0.401145 0.895147 -0.194409
vn -0.033661 0.989159 -0.142937
vn 0.912216 0.37596 0.162839
vn 0.869026 -0.419839 0.26178
vn 0.95721 -0.132917 0.257065
vn 0.845687 -0.452285 0.283287
vn 0.964591 0.14217 0.222152
vn 0.720532 -0.628321 0.293335
vn 0.907625 -0.295619 0.298037
vn -0.120544 0.977769 -0.171571
vn 0.400198 0.915658 -0.0375658
vn 0.602068 0.797929 0.0286835
vn 0.766543 0.635751 0.0907323
vn 0.925679 0.320294 0.20132
vn 0.839382 0.524825 0.14141
vn -0.967462 0.240885 -0.0774085
vn -0.880804 0.461036 -0.107839
vn -0.826814 -0.559929 0.0534548
vn -0.985865 -0.167071 -0.0125322
vn -0.986982 0.148336 -0.0621492
vn -0.816664 -0.57568 0.0406644
vn -0.943626 -0.330995 -0.00339929
vn -0.643745 -0.76239 0.0659877
vn -0.605216 -0.794294 0.0530188
vn -0.330852 -0.938737 0.0964935
vn -0.998586 0.000470617 -0.0531607
vn -0.931267 0.350303 -0.100146
vn -0.826971 0.547799 -0.126629
vn -0.881969 -0.471275 0.00552244
vn -0.988205 -0.14414 -0.051721
vn -0.983025 0.159955 -0.0898715
vn -0.913064 0.391041 -0.115764
vn -0.989714 -0.11769 -0.0813329
vn -0.877402 -0.479555 -0.0138958
vn -0.712698 -0.701415 0.00888663
vn -0.362048 -0.928823 0.078797
vn 0.278616 -0.946673 0.161813
vn -0.0141155 -0.991511 0.129251
vn 0.514244 -0.83796 0.182692
vn -0.169423 -0.980283 0.101696
vn -0.595641 0.788397 -0.153763
vn -0.844122 0.517948 -0.138521
vn -0.974147 0.195476 -0.113254
vn 0.72637 -0.658524 0.196808
vn 0.874129 -0.443487 0.198035
vn 0.940958 -0.275664 0.196485
vn 0.979314 -0.102116 0.174691
vn 0.626235 -0.750562 0.210919
vn 0.785469 -0.579572 0.217106
vn 0.403476 -0.894571 0.192223
vn 0.890216 -0.398021 0.221572
vn 0.575715 -0.785367 0.227488
vn 0.870166 -0.429347 0.241811
vn 0.753618 -0.611885 0.240118
vn -0.654533 0.733217 -0.184336
vn 0.0986584 0.988103 -0.117978
vn -0.264218 0.95107 -0.160174
vn 0.392086 0.917656 -0.0646273
vn 0.628212 0.778036 -0.0031216
vn 0.807182 0.588045 0.0515799
vn 0.982228 0.10693 0.154254
vn 0.929431 0.351366 0.112697
vn 0.280117 0.956717 -0.0789136
vn 0.723187 0.689007 0.0476441
vn 0.977197 -0.0794196 0.196922
vn 0.869969 0.483325 0.0977334
vn 0.517844 0.8553 -0.0173253
vn 0.953416 -0.194141 0.230882
vn 0.959911 0.232117 0.15714
vn 0.972573 0.124315 0.196591
vn 0.880349 0.457766 0.124239
vn -0.968336 -0.222161 -0.113884
vn -0.98412 0.0722998 -0.162115
vn -0.927291 0.324362 -0.18687
vn -0.989129 -0.0921186 -0.114618
vn -0.883555 -0.464998 -0.0557524
vn -0.787842 0.577686 -0.213504
vn -0.944782 -0.322089 -0.0603789
vn -0.981821 0.125892 -0.142053
vn -0.793097 -0.608922 0.0145157
vn -0.549698 -0.831701 0.0781355
vn -0.992064 -0.0916772 -0.0860473
vn -0.929128 -0.368905 -0.025118
vn -0.632797 -0.770378 0.0780147
vn -0.829436 -0.55742 0.0363155
vn -0.34184 -0.928848 0.142785
vn -0.57534 -0.810441 0.110315
vn -0.90788 0.382265 -0.172126
vn -0.727663 0.65836 -0.192531
vn -0.975281 0.180539 -0.127405
vn -0.890585 0.426128 -0.158979
vn -0.995788 0.0354093 -0.0845677
vn -0.954036 0.273653 -0.122186
vn -0.3762 0.905915 -0.194401
vn -0.970433 -0.239111 -0.0329475
vn -0.827456 0.539966 -0.154121
vn -0.996035 -0.0753225 -0.0473302
vn -0.948401 -0.317064 0.00231344
vn -0.984933 0.152609 -0.0813418
vn -0.929481 0.349171 -0.118934
vn -0.814515 -0.576792 0.0622548
vn -0.998233 -0.0494673 -0.0329132
vn -0.949349 -0.31379 0.0165258
vn 0.0360277 -0.985105 0.168139
vn -0.640366 0.747546 -0.17637
vn -0.899052 0.422635 -0.114395
vn -0.444818 0.877831 -0.177622
vn -0.772514 0.619027 -0.14152
vn -0.598165 -0.79362 0.111198
vn -0.23027 -0.9611 0.152518
vn -0.501154 -0.858546 0.108368
vn 0.11072 -0.981682 0.155051
vn -0.619136 0.769209 -0.158079
vn -0.177523 0.968184 -0.176369
vn -0.454581 0.875986 -0.161258
vn 0.153425 0.974702 -0.162533
vn -0.746514 0.651959 -0.132916
vn -0.218139 -0.967521 0.127745
vn -0.32957 -0.93788 0.108467
vn 0.657181 -0.740331 0.141502
vn -0.0124676 -0.991176 0.131964
vn -0.0157318 0.986873 -0.160731
vn 0.282611 0.949148 -0.13874
vn -0.260707 0.952469 -0.157588
vn 0.0282928 0.98903 -0.144983
vn 0.499597 0.859858 -0.105104
vn 0.27075 0.955053 -0.120702
vn 0.609391 0.789574 -0.0722249
vn 0.841953 0.539154 -0.0206845
vn 0.764176 -0.632028 0.128745
vn 0.876523 -0.466876 0.117192
vn 0.959583 0.279494 0.032927
vn 0.995407 0.0627307 0.0723146
vn 0.793302 -0.590555 0.148044
vn 0.925201 -0.355932 0.131591
vn 0.991568 -0.0769658 0.104258
vn 0.20468 -0.968194 0.143896
vn 0.410022 -0.898497 0.156799
vn 0.655473 -0.737933 0.160658
vn 0.820448 -0.548294 0.161982
vn 0.632667 -0.754344 0.175206
vn 0.75784 -0.627178 0.179796
vn 0.422154 0.901686 -0.0935261
vn -0.095621 0.985191 -0.142322
vn 0.572441 0.817961 -0.0570215
vn 0.753798 0.656804 -0.0199229
vn 0.89036 0.45497 0.0161594
vn 0.263445 0.959151 -0.103087
vn 0.97163 0.228 0.0628628
vn 0.514178 0.855812 -0.0566326
vn 0.899436 0.434789 0.0444178
vn 0.954369 -0.262459 0.142461
vn 0.991759 0.0827442 0.0978183
vn 0.989347 -0.0626774 0.131392
vn 0.974347 0.201517 0.10019
vn 0.868933 -0.462041 0.17741
vn 0.953531 -0.249746 0.168537
vn 0.989408 -0.0048741 0.145076
vn 0.967983 0.221675 0.117764
vn 0.579317 0.81453 -0.0305406
vn 0.743812 0.668377 0.00403713
vn 0.896167 0.438032 0.0708009
vn -0.935006 -0.306781 -0.177902
vn -0.96542 0.112742 -0.235062
vn -0.907452 -0.3968 -0.138133
vn -0.978416 -0.0649656 -0.196168
vn -0.909249 0.335364 -0.246569
vn -0.789737 -0.608729 -0.0759298
vn -0.621642 -0.783274 -0.00652932
vn -0.923358 -0.366248 -0.115202
vn -0.372485 -0.925827 0.0640254
vn -0.757258 -0.652439 -0.0297364
vn -0.504082 -0.862152 0.0509418
vn -0.233123 -0.96587 0.112909
vn 0.0306182 -0.986003 0.163891
vn -0.781031 -0.624421 -0.00936607
vn -0.62171 -0.782127 0.041886
vn -0.35455 -0.928857 0.107322
vn -0.15504 -0.977578 0.142489
vn 0.00158134 -0.98547 0.169843
vn 0.231132 -0.954358 0.189152
vn -0.746549 0.614538 -0.254966
vn -0.952008 0.213965 -0.218858
vn -0.81041 0.535668 -0.237265
vn -0.984723 -0.038017 -0.169926
vn -0.928854 0.305825 -0.209049
vn -0.549778 0.803512 -0.22828
vn -0.145307 0.97258 -0.181588
vn 0.574707 -0.793562 0.199928
vn 0.723638 -0.661326 0.197471
vn -0.398634 -0.908851 0.122804
vn -0.164161 -0.974241 0.154615
vn 0.838999 -0.518949 0.163624
vn 0.139029 -0.97403 0.178707
vn 0.472952 -0.862369 0.180656
vn 0.261447 0.956393 -0.130219
vn -0.548827 0.808816 -0.211201
vn 0.456747 0.882703 -0.110534
vn 0.0697895 0.983196 -0.168685
vn 0.975674 -0.189771 0.109759
vn 0.968778 0.245576 0.0340932
vn 0.859685 0.509941 -0.0300337
vn 0.706767 -0.688026 0.164623
vn 0.892906 -0.431944 0.127056
vn 0.990244 -0.122814 0.0658224
vn 0.506608 -0.848211 0.154554
vn 0.305424 -0.937107 0.168956
vn 0.393236 0.908484 -0.141503
vn 0.678268 0.729275 -0.0900563
vn 0.911643 0.409766 -0.031608
vn 0.794274 -0.592685 0.133619
vn 0.391154 0.909617 -0.139987
vn 0.807571 0.586012 -0.0664708
vn 0.993223 0.115258 0.0149284
vn 0.93688 0.34899 -0.021483
vn 0.868724 -0.482972 0.109801
vn 0.982396 -0.172834 0.070894
vn 0.771026 -0.623538 0.129305
vn 0.582667 0.805211 -0.110157
vn 0.738657 0.670854 -0.0658891
vn 0.990357 0.136478 0.0238289
vn 0.90294 0.429188 -0.0222737
vn 0.958257 0.285511 0.0150723
vn 0.997647 0.0380793 0.0570089
vn 0.97792 -0.18603 0.0952101
vn -0.7983 -0.585495 -0.141114
vn -0.889104 -0.423984 -0.172429
vn -0.67197 -0.736491 -0.0777059
vn -0.500801 -0.865338 -0.0197229
vn -0.804568 -0.582989 -0.113108
vn -0.605128 -0.795679 -0.0267229
vn -0.371468 -0.927477 0.0424052
vn -0.156391 -0.982027 0.105666
vn -0.925502 0.257879 -0.277389
vn -0.821768 0.500147 -0.273038
vn -0.972009 -0.0591047 -0.227388
vn -0.965852 0.0387001 -0.256189
vn -0.951111 -0.219702 -0.217068
vn -0.935678 0.23577 -0.262526
vn -0.578898 0.777952 -0.244271
vn -0.0340598 -0.989263 0.142122
vn 0.292512 -0.935937 0.196111
vn 0.805778 -0.54181 0.23909
vn 0.945752 -0.247934 0.209956
vn 0.608706 -0.761782 0.221731
vn 0.755206 -0.62113 0.209431
vn -0.263922 0.945103 -0.19268
vn 0.355589 0.930711 -0.0856363
vn 0.707121 0.70671 0.0232644
vn 0.911532 0.398947 0.0997514
vn 0.982372 0.0820041 0.167993
vn 0.846436 0.531017 0.0395906
vn 0.909777 -0.363205 0.200967
vn 0.980747 -0.105178 0.164536
vn 0.970601 0.216016 0.10616
vn 0.910803 0.410819 0.0408039
vn 0.888673 -0.422907 0.177225
vn 0.973552 -0.181764 0.138411
vn 0.993485 0.0598443 0.0969878
vn 0.625887 0.77872 -0.043135
vn 0.794553 0.607184 -0.00359929
vn 0.789362 0.613355 -0.0265095
vn -0.962006 0.0340341 -0.270898
vn -0.935003 -0.262971 -0.23794
vn -0.885718 -0.42243 -0.1925
vn -0.670137 -0.735151 -0.102317
vn -0.824054 -0.538481 -0.175994
vn -0.416818 -0.908828 -0.0171665
vn -0.959774 -0.139186 -0.243845
vn 0.1612 -0.975235 0.151432
vn -0.304354 -0.951762 0.0389694
vn -0.112951 -0.988785 0.0977062
vn 0.125052 -0.978848 0.161924
vn 0.477824 -0.849103 0.225185
vn 0.714833 -0.648959 0.260509
vn -0.728722 0.632399 -0.262746
vn -0.284571 0.940136 -0.187521
vn 0.0183999 0.993434 -0.112918
vn 0.639192 0.766602 0.0612747
vn 0.90446 -0.334331 0.264905
vn 0.967501 -0.0978584 0.233165
vn 0.919517 0.363757 0.148893
vn 0.224753 0.970969 -0.0818872
vn -0.674374 -0.723871 -0.145707
vn -0.523143 -0.848913 -0.0752859
vn -0.268725 -0.963206 0.00451113
vn -0.0183289 -0.996114 0.0861488
vn -0.894142 -0.388183 -0.223215
vn -0.960702 -0.0884053 -0.263126
vn -0.711972 -0.687667 -0.142162
vn -0.150319 -0.986452 0.065698
vn 0.373961 -0.907016 0.193587
vn 0.875444 -0.394585 0.279105
vn -0.427666 0.880233 -0.205648
vn -0.0884986 0.988418 -0.123282
vn 0.278653 0.960282 -0.0145193
vn 0.689971 0.714742 0.114386
vn 0.370667 0.928744 -0.00630604
vn 0.88515 0.426621 0.185753
vn 0.961705 0.120278 0.246286
vn -0.328938 -0.942808 -0.0539688
vn -0.44924 -0.890425 -0.0729864
vn -0.178269 -0.983927 0.0104096
vn 0.0624697 -0.9954 0.0726327
vn 0.104944 -0.988654 0.107475
vn 0.675763 -0.6968 0.240447
vn 0.434562 -0.880395 0.189895
vn -0.778609 0.586203 -0.223908
vn -0.581672 0.791675 -0.186837
vn -0.903471 0.330428 -0.273052
vn -0.815346 0.518138 -0.258349
vn 0.844356 -0.462867 0.269848
vn 0.94046 0.235391 0.245206
vn 0.606334 -0.757578 0.241732
vn 0.776694 -0.570008 0.268025
vn 0.959666 -0.0734373 0.271383
vn -0.577008 0.789066 -0.2108
vn -0.206389 0.970275 -0.126371
vn 0.191387 0.98146 -0.0103902
vn 0.850071 0.489436 0.194502
vn 0.641708 0.758421 0.114057
vn -0.81679 -0.542288 -0.196918
vn -0.557214 -0.820301 -0.128915
vn -0.259601 -0.964141 -0.0551315
vn 0.0277057 -0.999371 0.0221331
vn 0.266147 -0.96 0.0869776
vn -0.0764783 -0.996963 0.0147145
vn 0.464585 -0.872572 0.150929
vn 0.180415 -0.979892 0.0852139
vn 0.309679 -0.940522 0.139701
vn 0.558384 -0.806119 0.195907
vn 0.768441 -0.59269 0.241282
vn -0.75723 0.62977 -0.173183
vn -0.48048 0.869684 -0.113084
vn -0.961057 -0.145843 -0.234732
vn -0.948441 0.202084 -0.244175
vn -0.598381 0.785188 -0.159438
vn -0.276781 0.955732 -0.0998489
vn 0.420078 0.903415 0.0858791
vn 0.592495 0.796563 0.120154
vn 0.899876 -0.349528 0.260871
vn 0.822147 0.533926 0.197477
vn 0.962215 -0.0556734 0.266538
vn 0.929493 -0.243464 0.27707
vn 0.112153 0.993689 -0.00175866
vn -0.391076 -0.914541 -0.103315
vn -0.0468622 -0.998648 -0.0224904
vn 0.316235 -0.947001 0.0564288
vn 0.203328 -0.977905 0.0485817
vn 0.782958 -0.593084 0.187692
vn 0.445196 -0.888257 0.113137
vn 0.627055 -0.761675 0.163255
vn 0.710556 -0.673071 0.20515
vn 0.853577 -0.466648 0.231617
vn -0.935231 0.304726 -0.180235
vn -0.915235 -0.34591 -0.20662
vn -0.760043 0.63389 -0.143245
vn -0.511463 0.854256 -0.0930225
vn -0.975124 0.0112448 -0.221375
vn -0.934391 0.292212 -0.203777
vn -0.214056 0.975374 -0.0531526
vn 0.0763746 0.996939 0.0167408
vn 0.419989 0.901287 0.10626
vn 0.693877 0.70096 0.164892
vn 0.954163 0.18956 0.231604
vn 0.969857 -0.0624522 0.235537
vn 0.962612 0.104596 0.249875
vn 0.950569 -0.18443 0.24981
vn 0.911101 0.342856 0.228789
vn -0.224065 0.973959 -0.0346269
vn -0.687936 -0.707263 -0.162856
vn -0.0971404 -0.994108 -0.0481027
vn 0.607306 -0.787829 0.102492
vn 0.235052 -0.971771 0.0202774
vn 0.847492 -0.502305 0.171604
vn 0.596715 -0.793203 0.121493
vn 0.904382 -0.368187 0.21571
vn -0.980055 0.113278 -0.163283
vn -0.950863 -0.26336 -0.162789
vn -0.785102 -0.596694 -0.166044
vn -0.867379 0.476681 -0.142927
vn -0.968262 -0.160056 -0.191965
vn -0.597669 0.796846 -0.0884784
vn 0.65675 0.738048 0.154803
vn 0.965695 -0.166094 0.199616
vn 0.960933 0.174242 0.215053
vn 0.959546 -0.183194 0.213802
vn 0.876614 0.433907 0.208022
vn -0.776743 0.619731 -0.112263
vn -0.259105 0.965586 -0.0225446
vn 0.0663202 0.997053 0.0385657
vn -0.56098 -0.820582 -0.109303
vn -0.200782 -0.977517 -0.0644043
vn -0.545 -0.828779 -0.126887
vn 0.562387 -0.823588 0.0736437
vn 0.783676 -0.607596 0.129151
vn -0.855421 -0.501355 -0.12999
vn -0.979896 -0.132056 -0.149551
vn -0.964189 0.227142 -0.136913
vn -0.685819 -0.718891 -0.113353
vn -0.775525 -0.615067 -0.142314
vn -0.901524 0.410818 -0.135952
vn 0.89684 0.407341 0.172486
vn 0.780252 0.603074 0.165858
vn 0.898743 -0.412999 0.147286
vn 0.980438 -0.0900172 0.175036
vn 0.960622 0.206213 0.186229
vn 0.936094 -0.305658 0.174072
vn 0.911416 0.363557 0.192735
vn 0.979693 0.04256 0.195935
vn 0.828484 0.527228 0.188798
vn -0.768651 0.630631 -0.107146
vn -0.285503 0.958079 -0.0239493
vn -0.561573 0.824269 -0.0722225
vn 0.00322393 0.999553 0.0297312
vn 0.296763 0.951314 0.0832709
vn 0.574484 0.807992 0.130836
vn -0.623647 -0.781324 -0.0244299
vn -0.494205 -0.868318 -0.0422531
vn -0.117663 -0.992973 0.0126681
vn -0.311228 -0.949539 -0.0388856
vn -0.00816239 -0.999965 0.00153136
vn 0.232113 -0.972412 0.0231997
vn -0.452329 -0.888346 -0.0789923
vn -0.101529 -0.994445 -0.027765
vn -0.953544 0.271183 -0.131197
vn -0.909382 -0.411855 -0.0583058
vn -0.99336 -0.0532116 -0.101998
vn -0.720118 0.678471 -0.145284
vn -0.823561 0.551033 -0.134574
vn -0.97096 -0.217524 -0.0995987
vn -0.989546 0.0767841 -0.122075
vn -0.893291 0.430995 -0.12757
vn -0.82193 -0.564447 -0.0763552
vn -0.967713 -0.220452 -0.122199
vn -0.860864 -0.497701 -0.10586
vn -0.640693 -0.763291 -0.0830603
vn 0.648601 -0.756163 0.0868027
vn 0.970575 0.193182 0.143751
vn 0.782261 -0.613017 0.110808
vn 0.984466 -0.0949228 0.147705
vn 0.953349 0.255734 0.16039
vn 0.985734 -0.041468 0.16312
vn 0.928549 -0.343329 0.141146
vn 0.970004 0.168977 0.174754
vn -0.491952 0.864866 -0.0999474
vn -0.696689 0.708195 -0.114383
vn -0.219152 0.973665 -0.0628455
vn -0.00816285 0.999686 -0.0237064
vn -0.43515 0.897314 -0.0739661
vn -0.605575 0.79108 -0.0864356
vn -0.195939 0.980131 -0.0308447
vn 0.126516 0.991808 0.0176393
vn 0.376657 0.925214 0.0459305
vn -0.460326 0.885871 -0.0577265
vn 0.593665 0.800111 0.0859284
vn 0.43361 0.897882 0.0760879
vn -0.0247252 0.999624 0.0118442
vn 0.711395 0.69276 0.118323
vn 0.873007 0.466321 0.142839
vn 0.252568 0.965673 0.0607023
vn 0.538162 0.835538 0.110714
vn 0.786621 0.599214 0.148898
vn -0.962158 -0.267246 -0.0532125
vn -0.970389 0.18553 -0.154675
vn -0.725843 -0.685118 0.0613582
vn -0.605908 -0.792268 0.0720177
vn -0.237124 -0.962101 0.134666
vn -0.836168 0.51027 -0.201117
vn -0.96608 0.213715 -0.144968
vn -0.873955 0.452961 -0.17615
vn -0.991543 -0.0955197 -0.0878535
vn -0.714116 0.671045 -0.19934
vn -0.933678 0.325443 -0.149439
vn -0.978426 -0.1929 -0.0739706
vn -0.877858 -0.478675 -0.0153564
vn 0.0896045 -0.988227 0.12401
vn -0.436252 -0.897863 0.0593874
vn -0.6785 -0.73445 0.0148357
vn 0.141903 -0.986152 0.0858373
vn 0.469838 -0.87473 0.118741
vn -0.356967 -0.93354 0.0328281
vn 0.468441 -0.879182 0.0871888
vn -0.472916 0.857841 -0.201147
vn -0.886108 0.437296 -0.153574
vn -0.791172 0.58657 -0.173157
vn -0.58747 0.78837 -0.182624
vn -0.329149 0.927067 -0.179464
vn -0.0560475 0.984766 -0.164602
vn -0.990655 0.0759026 -0.113317
vn -0.139845 0.978415 -0.152141
vn 0.0974156 0.98702 -0.127679
vn -0.61581 0.771475 -0.160017
vn -0.372208 0.914226 -0.160161
vn -0.822272 0.547995 -0.153525
vn -0.110774 0.986062 -0.12414
vn 0.243711 0.966272 -0.0832064
vn -0.391453 0.909844 -0.137655
vn -0.576101 0.806926 -0.1303
vn 0.734663 0.67804 0.0230623
vn 0.76212 -0.634485 0.128849
vn 0.860196 0.50574 0.0654922
vn 0.949181 0.299129 0.0978666
vn 0.991541 0.0579011 0.116166
vn 0.99032 -0.0442117 0.131574
vn 0.959591 0.253539 0.122075
vn 0.81661 -0.56565 0.114835
vn 0.94002 -0.315512 0.129669
vn -0.245126 0.963229 -0.110017
vn 0.0548694 0.995151 -0.0816373
vn -0.348856 0.93167 -0.101438
vn 0.417251 0.908383 -0.0272391
vn -0.0939784 0.992964 -0.0720397
vn 0.194442 0.980049 -0.0411872
vn 0.677609 0.734664 0.0333833
vn 0.103303 0.994186 -0.0303635
vn 0.441879 0.89699 0.0123364
vn 0.827753 0.555875 0.0763424
vn 0.689764 0.721398 0.0617291
vn 0.275554 0.96121 0.0120624
vn 0.552703 0.831458 0.0565477
vn 0.861316 0.498237 0.0994754
vn 0.746852 0.657952 0.0964892
vn 0.873461 0.470662 0.124674
vn -0.97924 0.0978916 -0.177501
vn -0.964668 -0.246175 -0.0938822
vn -0.905088 0.360292 -0.225843
vn -0.7649 0.587642 -0.263829
vn -0.91899 -0.393122 -0.0302095
vn -0.986245 -0.122642 -0.11081
vn -0.971202 0.165033 -0.171843
vn -0.989911 -0.0991783 -0.101192
vn -0.437971 -0.885824 0.15329
vn 0.139742 -0.964305 0.224919
vn -0.855776 0.466436 -0.223797
vn -0.606623 0.750096 -0.263369
vn -0.227221 0.937889 -0.262174
vn -0.41652 0.871268 -0.259622
vn 0.034143 0.974094 -0.223551
vn -0.799878 0.557333 -0.222653
vn -0.599302 0.763001 -0.242212
vn -0.410035 -0.90109 0.141096
vn 0.42209 -0.884696 0.19787
vn -0.27584 0.929613 -0.244403
vn -0.657408 0.719555 -0.22373
vn -0.413027 0.879897 -0.234927
vn -0.102489 0.970385 -0.218744
vn 0.488067 0.862512 -0.133656
vn 0.218916 0.958823 -0.180926
vn -0.528462 0.820456 -0.218128
vn -0.288154 0.933077 -0.215253
vn 0.71159 0.699222 -0.0687656
vn 0.0236324 0.981323 -0.190911
vn 0.387344 0.912214 -0.133531
vn 0.626727 0.775282 -0.0784276
vn 0.85958 -0.48036 0.174288
vn 0.966868 -0.219369 0.130553
vn 0.991722 -0.0684898 0.10861
vn 0.97133 0.231086 0.0558284
vn 0.646106 -0.747027 0.156517
vn 0.916688 -0.374683 0.138912
vn -0.190815 0.96263 -0.192178
vn 0.0936158 0.981616 -0.166334
vn 0.818765 0.573716 -0.0217828
vn 0.249774 0.959263 -0.132015
vn 0.562469 0.82321 -0.077167
vn 0.772026 0.635414 -0.0149956
vn 0.900451 0.434543 0.0189903
vn 0.365036 0.926163 -0.0947194
vn 0.545924 0.836151 -0.0531016
vn 0.700532 0.713515 -0.0123228
vn 0.932831 0.35705 0.0483975
vn 0.569346 0.821766 -0.023372
vn 0.8073 0.589809 0.0197994
vn 0.99093 0.0947308 0.0953052
vn 0.921883 0.38188 0.0655718
vn 0.957624 -0.259441 0.125091
vn -0.745151 -0.665869 0.0369982
vn -0.97596 0.0847597 -0.200794
vn -0.981595 -0.10842 -0.157215
vn -0.974457 0.0769679 -0.210974
vn -0.929685 0.271862 -0.248548
vn -0.616342 -0.782509 0.0883364
vn -0.750138 -0.660309 0.0358427
vn -0.88373 -0.466448 -0.038045
vn -0.423648 0.856059 -0.296116
vn -0.984432 0.0292219 -0.173317
vn -0.906454 0.34718 -0.240433
vn -0.957156 0.193481 -0.215445
vn -0.724568 0.625801 -0.288747
vn -0.819363 -0.573045 0.016252
vn -0.573855 -0.81091 0.114522
vn 0.251268 -0.932944 0.257838
vn 0.840618 -0.483437 0.244231
vn 0.0287249 -0.968932 0.245653
vn -0.221268 0.93573 -0.274682
vn 0.47609 0.867263 -0.145581
vn -0.519198 0.806072 -0.284044
vn 0.109393 0.967466 -0.228128
vn 0.628542 0.770974 -0.10263
vn 0.98968 -0.0433275 0.136588
vn 0.571665 -0.78688 0.232421
vn 0.333521 0.925683 -0.178537
vn 0.805667 -0.551468 0.216294
vn 0.933976 0.356281 0.0274286
vn 0.994792 -0.00232871 0.101895
vn -0.165748 -0.963205 0.211576
vn -0.973779 -0.190602 -0.124199
vn -0.851264 0.450421 -0.269204
vn -0.341087 -0.923459 0.175736
vn -0.634061 0.714277 -0.296269
vn -0.391723 0.872399 -0.292358
vn 0.532888 -0.79288 0.295586
vn 0.781875 -0.55838 0.277278
vn 0.955924 0.280197 0.0877413
vn 0.75433 0.654974 -0.0446734
vn 0.952921 -0.214914 0.213899
vn 0.866399 0.499346 -0.00261825
vn -0.991652 -0.0867293 -0.095416
vn -0.888373 0.419455 -0.186683
vn -0.958162 -0.274954 -0.0795343
vn -0.828091 -0.560565 -0.00563064
vn 0.183716 -0.950342 0.251193
vn -0.976137 0.132561 -0.172002
vn -0.869725 0.441111 -0.221356
vn -0.736674 0.633872 -0.235622
vn -0.331443 0.90872 -0.253718
vn -0.723052 0.640649 -0.258388
vn -0.933278 0.280537 -0.224257
vn -0.59446 -0.799293 0.0880191
vn -0.328937 -0.92933 0.167769
vn -0.0840797 -0.972322 0.217994
vn 0.386982 -0.878158 0.281219
vn 0.0639818 -0.965784 0.251333
vn 0.666445 -0.687839 0.287626
vn -0.300691 0.913571 -0.273813
vn 0.0341379 0.974232 -0.222948
vn -0.793403 0.54411 -0.272864
vn -0.585856 0.758185 -0.286231
vn 0.885189 -0.390227 0.253306
vn 0.39963 -0.868952 0.291922
vn -0.0979442 0.959999 -0.262315
vn 0.278441 0.941459 -0.190066
vn 0.604672 0.790774 -0.0951249
vn 0.803127 0.595753 -0.00806779
vn -0.86294 0.455388 -0.21899
vn -0.911198 -0.408572 -0.0527892
vn -0.977756 -0.176688 -0.113023
vn -0.977064 0.127727 -0.170388
vn -0.991018 -0.0785793 -0.108205
vn -0.749818 -0.661467 0.0152993
vn -0.766268 0.609921 -0.202064
vn -0.994727 0.0137955 -0.10163
vn -0.762946 -0.646212 0.0179828
vn -0.9092 -0.415272 -0.0300711
vn -0.939307 0.302358 -0.162118
vn -0.665182 -0.745622 0.0397745
vn -0.488861 -0.868575 0.0811991
vn -0.427656 -0.898631 0.0978441
vn -0.99354 -0.0936953 -0.0640324
vn -0.816107 -0.577178 0.0288888
vn -0.942154 -0.334994 -0.0112155
vn -0.704724 -0.707161 0.057337
vn -0.832901 0.528181 -0.16523
vn -0.623884 0.761083 -0.177544
vn -0.950786 0.286327 -0.118414
vn -0.819686 0.556616 -0.135255
vn -0.656567 0.740219 -0.144898
vn -0.428119 0.890123 -0.156189
vn -0.990487 0.114961 -0.0756333
vn -0.546554 0.827406 -0.129142
vn -0.289395 0.948288 -0.130387
vn -0.996797 -0.0736604 -0.0311442
vn -0.94663 0.311963 -0.0810596
vn -0.755235 0.646841 -0.10591
vn -0.475853 0.872769 -0.1088
vn -0.937907 -0.346452 0.0173527
vn -0.999115 0.0371015 -0.019817
vn -0.91298 0.402962 -0.0639393
vn -0.81803 -0.572726 0.0530335
vn -0.784589 0.616037 -0.0701345
vn -0.596421 0.79801 -0.0863807
vn -0.944579 0.32664 -0.0328181
vn -0.955887 -0.292592 0.0258692
vn -0.99969 -0.0246202 0.00364072
vn -0.613643 -0.785764 0.0775708
vn -0.374833 -0.921883 0.0981411
vn -0.173477 0.979246 -0.104799
vn -0.814503 0.577509 -0.0553843
vn -0.937826 -0.346109 0.0262925
vn -0.98224 0.186001 -0.0246765
vn -0.828226 0.553549 -0.0873205
vn -0.986162 0.151269 -0.0678391
vn -0.612351 -0.786204 0.0831234
vn -0.951809 -0.306067 -0.0195399
vn -0.19561 -0.9726 0.125644
vn -0.389232 -0.913858 0.115595
vn 0.111583 -0.980112 0.164105
vn 0.335736 -0.921758 0.194018
vn -0.873049 -0.487522 -0.0103793
vn -0.666304 -0.742556 0.06819
vn -0.157383 -0.975638 0.152846
vn 0.0514793 -0.981774 0.182946
vn -0.367659 -0.920523 0.132152
vn 0.477012 -0.851759 0.216717
vn -0.457969 0.882297 -0.108705
vn -0.837105 0.53335 -0.121627
vn -0.598204 0.787135 -0.150233
vn -0.151593 0.977178 -0.148803
vn -0.992209 0.0759766 -0.0987327
vn -0.856864 0.492492 -0.152431
vn -0.646849 0.737225 -0.195158
vn -0.225453 0.954849 -0.193482
vn 0.179496 0.971988 -0.151727
vn -0.103619 -0.977621 0.183087
vn 0.18366 -0.959779 0.212351
vn 0.610083 -0.7576 0.232035
vn -0.379484 -0.914438 0.140694
vn 0.447933 -0.860602 0.242321
vn 0.757671 -0.608599 0.235674
vn 0.929975 -0.306994 0.202242
vn 0.990324 -0.0101019 0.138405
vn -0.0948514 -0.975071 0.200599
vn 0.219148 -0.946235 0.237937
vn 0.543805 -0.799033 0.25656
vn 0.470862 -0.839763 0.270346
vn -0.707769 0.672995 -0.214804
vn -0.477156 0.847522 -0.232442
vn -0.131209 0.967196 -0.21752
vn 0.734938 0.676754 -0.0432557
vn 0.914761 0.40203 0.0397898
vn 0.182278 0.967376 -0.175951
vn -0.0779752 0.971232 -0.225006
vn 0.499945 0.858147 -0.116786
vn 0.981804 0.153219 0.112181
vn 0.696363 -0.666444 0.26633
vn 0.861225 -0.445722 0.244178
vn 0.9807 -0.0737462 0.18108
vn 0.945074 0.316136 0.0830246
vn -0.846698 0.438954 -0.300702
vn -0.97579 -0.0967658 -0.196137
vn -0.947075 0.19046 -0.258407
vn -0.92781 -0.347672 -0.135251
vn -0.973916 0.0743914 -0.21437
vn -0.951803 -0.275421 -0.134962
vn -0.615321 0.729318 -0.299124
vn -0.795577 -0.604928 -0.0334614
vn -0.539276 -0.838854 0.0741952
vn -0.920428 -0.38123 -0.0864617
vn -0.984111 -0.073921 -0.161437
vn -0.735091 -0.677914 0.00859768
vn 0.121776 -0.970668 0.207302
vn -0.365937 -0.923302 0.116631
vn -0.432276 -0.897375 0.0886259
vn -0.0380671 -0.986766 0.15762
vn -0.739109 0.610274 -0.285103
vn -0.945985 0.239998 -0.217973
vn -0.889564 0.373566 -0.262916
vn -0.490364 0.828001 -0.271952
vn -0.794433 0.549234 -0.259264
vn -0.665458 0.701324 -0.255557
vn -0.24448 0.940075 -0.237674
vn 0.26119 0.954167 -0.146099
vn -0.400928 0.885839 -0.233551
vn -0.054866 0.97883 -0.197186
vn -0.648601 0.725273 -0.230859
vn 0.830793 -0.524221 0.187015
vn 0.834716 0.550087 0.0255583
vn 0.470282 -0.860197 0.19722
vn 0.978899 -0.157773 0.129864
vn 0.0430929 -0.98978 0.135937
vn 0.933074 -0.335462 0.129759
vn 0.995381 -0.0520542 0.0806662
vn 0.359625 -0.920766 0.151197
vn 0.771654 -0.620511 0.139702
vn -0.0117033 -0.993513 0.113117
vn 0.575834 -0.811653 0.0981517
vn -0.492935 0.845393 -0.205733
vn -0.2054 0.958881 -0.195851
vn 0.107599 0.982482 -0.152159
vn -0.288431 0.941336 -0.175196
vn 0.584537 0.808611 -0.0668185
vn 0.958839 0.280468 0.0443265
vn -0.103067 0.983529 -0.148488
vn 0.239532 0.963517 -0.119413
vn -0.0122467 0.992314 -0.123136
vn 0.458077 0.884386 -0.0895935
vn 0.752658 0.656345 -0.0521184
vn 0.981483 -0.181209 0.0620875
vn 0.950671 0.309977 -0.011776
vn 0.860228 -0.503402 0.08121
vn 0.892523 -0.448539 0.0470704
vn 0.999813 -0.0192278 0.00225846
vn 0.943421 0.329736 -0.0350819
vn 0.393225 -0.91448 0.0953935
vn 0.839739 -0.540024 0.0566757
vn -0.0311363 -0.993892 0.10587
vn 0.638607 -0.765354 0.080089
vn 0.226514 -0.96731 0.114029
vn 0.46061 -0.880354 0.113205
vn 0.665814 -0.739595 0.0984416
vn 0.0962529 -0.985795 0.137635
vn 0.326651 -0.935205 0.136715
vn 0.198176 0.974642 -0.103924
vn 0.5067 0.857697 -0.0872424
vn 0.787971 0.612619 -0.0616444
vn 0.955146 -0.295 0.0259108
vn 0.853501 0.518318 -0.0536823
vn 0.146776 0.982793 -0.112137
vn 0.983956 -0.176402 0.0266956
vn 0.981055 0.192981 -0.0170015
vn 0.867164 -0.492245 0.0756443
vn 0.99931 0.0258573 0.0266523
vn 0.91775 0.396475 -0.0232791
vn 0.576268 -0.806566 0.131785
vn 0.788776 -0.601333 0.127404
vn 0.956304 -0.284604 0.0669626
vn 0.979099 0.20295 0.0132483
vn 0.440513 -0.882938 0.162387
vn 0.961954 -0.257193 0.092172
vn 0.998094 0.0229844 0.0572769
vn 0.61324 -0.768332 0.183312
vn 0.790529 -0.588629 0.169055
vn 0.916596 -0.37582 0.136422
vn 0.617002 0.782523 -0.0834632
vn 0.154634 0.979381 -0.130001
vn 0.765825 0.640681 -0.0551314
vn 0.950684 0.309828 0.0143499
vn 0.986837 -0.126898 0.100245
vn 0.518699 0.849298 -0.0982092
vn 0.851452 0.524204 -0.0154623
vn 0.984697 0.163992 0.0589703
vn 0.898713 -0.404187 0.17014
vn 0.991377 0.082685 0.101664
vn 0.947401 0.316911 0.0447168
vn 0.983727 -0.129657 0.124383
vn 0.745615 -0.633379 0.207096
vn 0.939831 -0.29244 0.176624
vn -0.939343 -0.285749 -0.189689
vn -0.96803 -0.0335628 -0.248578
vn -0.56008 -0.826273 0.0598683
vn -0.794081 0.506532 -0.335947
vn -0.969962 0.0200376 -0.242431
vn -0.959523 -0.202904 -0.19531
vn -0.939555 0.184809 -0.288239
vn -0.837871 -0.539767 -0.0813815
vn -0.104496 -0.97281 0.20669
vn -0.351634 -0.9269 0.131186
vn -0.144583 -0.972749 0.181259
vn -0.56876 0.747869 -0.342353
vn -0.258142 0.922238 -0.287818
vn -0.613445 0.720943 -0.322377
vn 0.222012 0.958891 -0.176747
vn -0.370542 0.884144 -0.284584
vn 0.610969 0.790228 -0.047494
vn 0.877408 0.470183 0.0953108
vn 0.402164 -0.876255 0.265408
vn 0.792635 -0.551027 0.260958
vn 0.957483 -0.184695 0.221619
vn 0.546794 -0.803118 0.236681
vn 0.752393 -0.615176 0.235507
vn -0.071183 0.971007 -0.228206
vn 0.517925 0.851385 -0.0830481
vn 0.947688 0.297306 0.116173
vn 0.773466 0.633732 0.011581
vn 0.974029 0.198556 0.108827
vn 0.953624 -0.238181 0.18404
vn -0.958063 -0.130257 -0.255241
vn -0.895189 -0.416628 -0.158296
vn -0.929202 0.168194 -0.329081
vn -0.831371 0.411143 -0.373876
vn -0.777111 -0.626742 -0.0573812
vn -0.24178 -0.953123 0.181931
vn 0.120486 -0.952201 0.280708
vn 0.447628 -0.824605 0.345913
vn -0.61075 0.693822 -0.38157
vn -0.399894 0.848104 -0.34757
vn -0.951884 0.0881523 -0.293506
vn -0.849462 0.394889 -0.349967
vn -0.678086 0.638246 -0.364473
vn 0.171661 0.963481 -0.205516
vn -0.372884 0.868752 -0.325924
vn -0.111902 0.953974 -0.27823
vn 0.95784 -0.121521 0.260338
vn 0.395429 -0.864175 0.311186
vn 0.552054 -0.774553 0.308714
vn -0.798465 -0.595544 -0.0882104
vn -0.934513 -0.272648 -0.228799
vn 0.11298 -0.947232 0.299979
vn 0.496636 -0.784757 0.370822
vn -0.470207 -0.877055 0.0983843
vn -0.761923 0.510201 -0.398959
vn -0.492587 0.77844 -0.389088
vn -0.250469 0.905612 -0.342245
vn -0.93675 0.103299 -0.334409
vn 0.781045 -0.513656 0.355143
vn -0.0618425 0.956699 -0.284435
vn 0.250786 0.949345 -0.189342
vn 0.527062 0.846346 -0.076834
vn 0.964009 0.0528045 0.260572
vn 0.810759 0.580336 0.0766788
vn 0.535036 0.841721 -0.0724055
vn 0.762173 -0.518565 0.387533
vn 0.108559 0.963058 -0.246443
vn 0.941157 -0.0964416 0.323916
vn -0.826791 -0.536121 -0.170267
vn -0.740814 -0.315765 -0.592864
vn -0.914157 -0.266706 -0.305262
vn -0.812101 -0.125678 -0.569822
vn -0.661336 -0.749922 -0.0158448
vn -0.554474 -0.548568 -0.625805
vn -0.775671 -0.514958 -0.364901
vn -0.6018 -0.698464 -0.387279
vn -0.584335 -0.797531 -0.149987
vn -0.506498 -0.355115 -0.785718
vn -0.540186 -0.126995 -0.831909
vn -0.895836 0.0746482 -0.438071
vn -0.747571 0.324086 -0.579747
vn -0.800947 0.422931 -0.423808
vn -0.718193 0.0826182 -0.690922
vn -0.493716 0.0909436 -0.864855
vn -0.541022 0.305652 -0.7835
vn -0.581047 0.553161 -0.59699
vn -0.570639 0.697956 -0.432698
vn -0.943951 0.0185311 -0.329566
vn -0.893758 0.246133 -0.374986
vn 0.563728 -0.724542 0.396547
vn 0.951221 0.125934 0.281638
vn 0.88867 0.428752 0.162598
vn 0.869488 -0.313693 0.381559
vn -0.323708 -0.933998 -0.151198
vn -0.40525 -0.909197 0.0955703
vn -0.322105 -0.845444 -0.425996
vn -0.322106 -0.692856 -0.645134
vn -0.33857 -0.516991 -0.786187
vn -0.288277 -0.292925 -0.911642
vn -0.146967 -0.98896 0.0189321
vn -0.095103 -0.968143 0.231634
vn -0.0956177 -0.791387 -0.603792
vn -0.0791865 -0.942415 -0.324937
vn -0.0499128 -0.53831 -0.841267
vn -0.0516598 -0.243718 -0.968469
vn 0.106356 -0.994209 -0.0153627
vn 0.129158 -0.745287 -0.654115
vn 0.0956429 -0.908187 -0.40749
vn 0.305469 -0.951944 0.0221749
vn 0.270323 -0.911915 0.308768
vn 0.314503 -0.879205 -0.357891
vn 0.351029 -0.71901 -0.599836
vn 0.280971 -0.535619 -0.796347
vn 0.25334 -0.261052 -0.931488
vn 0.481698 -0.876204 0.0152714
vn 0.515438 -0.795464 0.318687
vn 0.535955 -0.563451 -0.628709
vn 0.551145 -0.744585 -0.376607
vn 0.697471 -0.716135 0.0261655
vn 0.528463 -0.291218 -0.797445
vn 0.699615 -0.35426 -0.620515
vn 0.728902 -0.566256 -0.384781
vn 0.833096 -0.553064 -0.00846129
vn 0.736025 -0.581233 0.347037
vn 0.866357 -0.325025 -0.37919
vn 0.866414 -0.34248 0.363364
vn 0.781842 -0.0589152 -0.620686
vn 0.942886 -0.318112 -0.0988418
vn 0.910502 -0.350871 0.218807
vn 0.955556 -0.0514242 -0.29029
vn 0.997318 -0.0714014 -0.0160808
vn 0.975572 -0.105971 0.192432
vn 0.940456 -0.0909765 0.327513
vn -0.242162 0.000166783 -0.970236
vn -0.298268 0.282347 -0.911766
vn -0.340961 0.499788 -0.796214
vn -0.337399 0.726192 -0.599005
vn -0.302657 0.866744 -0.396425
vn -0.0782715 0.268168 -0.960187
vn -0.120739 0.535812 -0.83566
vn -0.0342565 0.792579 -0.608806
vn -0.0533244 0.942436 -0.330108
vn 0.0763163 0.029716 -0.996641
vn 0.111198 0.2824 -0.95283
vn 0.101016 0.502438 -0.858692
vn 0.313647 0.0238249 -0.949241
vn 0.300429 0.270406 -0.914671
vn 0.276012 0.528937 -0.802523
vn 0.294637 0.706832 -0.643099
vn 0.206171 0.895386 -0.394686
vn 0.33362 0.923959 -0.187075
vn 0.529672 0.0297002 -0.847682
vn 0.502427 0.301614 -0.810306
vn 0.539038 0.521103 -0.661732
vn 0.539099 0.767469 -0.346933
vn 0.711522 0.253686 -0.655271
vn 0.891809 0.23675 -0.385521
vn 0.728713 0.573723 -0.373924
vn 0.844604 0.527394 -0.0921942
vn 0.89853 0.408217 0.161254
vn 0.669278 0.741585 -0.0460299
vn 0.975761 0.125607 0.1792
vn 0.971941 0.229809 -0.0501797
vn 0.950994 0.158411 0.265549
vn -0.219325 -0.851666 -0.475985
vn -0.0293076 -0.963259 -0.266971
vn -0.202473 -0.485528 0.850451
vn -0.202473 -0.485528 0.850451
vn -0.202473 -0.485528 0.850451
vn 0.103118 -0.983439 -0.149048
vn -0.138521 -0.796637 0.588372
vn -0.84795 0.158078 0.505956
vn -0.876171 -0.473464 -0.0903064
vn -0.703732 -0.216173 -0.676779
vn -0.9086 0.2334 -0.346367
vn -0.955782 0.20671 -0.209167
vn -0.876171 -0.473464 -0.0903064
vn -0.375373 -0.769061 -0.517339
vn -0.876171 -0.473464 -0.0903064
vn -0.813849 0.185752 0.550587
vn -0.960707 0.269619 -0.0659423
vn -0.594258 0.578431 -0.558817
vn -0.697816 0.638618 0.324375
vn 0.28692 -0.95459 0.0802164
vn 0.403104 -0.813099 0.419972
vn -0.279208 -0.734656 0.618323
vn 0.199435 -0.550836 0.810435
vn -0.0388525 -0.385931 0.921709
vn -0.624521 0.116897 0.77221
vn 0.608317 -0.387578 0.692628
vn 0.598955 -0.0076172 0.800746
vn 0.539887 0.265544 0.798754
vn 0.266985 0.656263 0.705718
vn -0.321602 0.946638 -0.021176
vn -0.291764 0.936403 0.194995
vn -0.752645 0.290786 0.590736
vn 0.058524 0.459872 0.886055
vn -0.257515 0.766833 0.587922
vn -0.115522 0.949623 0.291325
vn 0.058524 0.459872 0.886055
vn 0.0564187 0.869806 0.490158
vn 0.691467 -0.672277 0.264418
vn 0.869088 -0.399199 0.292106
g grp1
usemtl mtl1
f 2//2 6//6 16//16 
f 15//15 1//1 2255//2255 
f 1//1 2242//2242 2255//2255 
f 6//6 2//2 4//4 
f 2243//2243 2242//2242 3//3 
f 45//45 2242//2242 1//1 
f 3//3 2242//2242 45//45 
f 3//3 7//7 2243//2243 
f 5//5 9//9 8//8 
f 4//4 10//10 6//6 
f 2243//2243 7//7 2247//2247 
f 7//7 3//3 45//45 
f 2246//2246 2244//2244 2245//2245 
f 6//6 10//10 25//25 
f 25//25 21//21 6//6 
f 2248//2248 23//23 2263//2263 
f 60//60 11//11 14//14 
f 1//1 15//15 49//49 
f 49//49 15//15 11//11 
f 2249//2249 12//12 13//13 
f 2250//2250 2254//2254 2256//2256 
f 2249//2249 2257//2257 12//12 
f 12//12 2257//2257 21//21 
f 11//11 2251//2251 14//14 
f 12//12 21//21 13//13 
f 2257//2257 6//6 21//21 
f 21//21 25//25 27//27 
f 18//18 17//17 42//42 
f 2252//2252 19//19 2253//2253 
f 13//13 21//21 19//19 
f 19//19 2258//2258 2253//2253 
f 2258//2258 19//19 20//20 
f 20//20 19//19 21//21 
f 17//17 18//18 2259//2259 
f 17//17 2259//2259 22//22 
f 2260//2260 20//20 21//21 
f 21//21 33//33 2260//2260 
f 17//17 22//22 53//53 
f 21//21 34//34 33//33 
f 40//40 2247//2247 7//7 
f 24//24 2263//2263 23//23 
f 2261//2261 41//41 2262//2262 
f 39//39 7//7 45//45 
f 40//40 2261//2261 2247//2247 
f 2262//2262 26//26 2264//2264 
f 2264//2264 26//26 2265//2265 
f 46//46 26//26 2262//2262 
f 26//26 28//28 2265//2265 
f 41//41 46//46 2262//2262 
f 30//30 27//27 2266//2266 
f 2268//2268 2267//2267 29//29 
f 14//14 18//18 42//42 
f 27//27 35//35 21//21 
f 27//27 31//31 35//35 
f 35//35 31//31 32//32 
f 30//30 31//31 27//27 
f 43//43 2270//2270 2269//2269 
f 2272//2272 36//36 2271//2271 
f 2271//2271 36//36 54//54 
f 54//54 36//36 56//56 
f 55//55 56//56 36//36 
f 35//35 37//37 2273//2273 
f 21//21 35//35 2273//2273 
f 2276//2276 36//36 2272//2272 
f 2274//2274 38//38 2277//2277 
f 2275//2275 2270//2270 2278//2278 
f 2278//2278 36//36 2276//2276 
f 55//55 36//36 2278//2278 
f 57//57 55//55 2278//2278 
f 2270//2270 57//57 2278//2278 
f 1//1 49//49 44//44 
f 1//1 44//44 45//45 
f 39//39 40//40 7//7 
f 39//39 58//58 40//40 
f 41//41 2261//2261 40//40 
f 46//46 48//48 26//26 
f 29//29 50//50 2268//2268 
f 26//26 48//48 2267//2267 
f 47//47 29//29 2267//2267 
f 48//48 47//47 2267//2267 
f 29//29 47//47 51//51 
f 14//14 42//42 60//60 
f 43//43 64//64 2270//2270 
f 2268//2268 50//50 2269//2269 
f 43//43 2269//2269 63//63 
f 50//50 29//29 51//51 
f 52//52 42//42 17//17 
f 52//52 17//17 53//53 
f 53//53 22//22 2271//2271 
f 53//53 2271//2271 54//54 
f 64//64 57//57 2270//2270 
f 41//41 40//40 58//58 
f 59//59 41//41 58//58 
f 59//59 46//46 41//41 
f 49//49 11//11 60//60 
f 63//63 2269//2269 50//50 
f 62//62 42//42 52//52 
f 65//65 52//52 53//53 
f 54//54 56//56 67//67 
f 98//98 55//55 57//57 
f 67//67 56//56 55//55 
f 63//63 64//64 43//43 
f 68//68 39//39 45//45 
f 68//68 58//58 39//39 
f 68//68 70//70 58//58 
f 70//70 59//59 58//58 
f 73//73 71//71 59//59 
f 59//59 71//71 46//46 
f 71//71 48//48 46//46 
f 49//49 60//60 90//90 
f 61//61 47//47 48//48 
f 71//71 61//61 48//48 
f 51//51 77//77 50//50 
f 50//50 77//77 63//63 
f 47//47 76//76 51//51 
f 76//76 77//77 51//51 
f 65//65 62//62 52//52 
f 65//65 53//53 66//66 
f 53//53 54//54 66//66 
f 81//81 67//67 55//55 
f 81//81 55//55 98//98 
f 97//97 98//98 57//57 
f 64//64 97//97 57//57 
f 93//93 64//64 63//63 
f 79//79 65//65 66//66 
f 79//79 62//62 65//65 
f 79//79 66//66 80//80 
f 80//80 66//66 67//67 
f 66//66 54//54 67//67 
f 73//73 59//59 70//70 
f 82//82 68//68 45//45 
f 45//45 44//44 69//69 
f 82//82 83//83 68//68 
f 83//83 70//70 68//68 
f 69//69 82//82 45//45 
f 70//70 85//85 73//73 
f 85//85 86//86 73//73 
f 71//71 73//73 86//86 
f 72//72 61//61 71//71 
f 74//74 75//75 76//76 
f 77//77 76//76 75//75 
f 78//78 77//77 75//75 
f 74//74 61//61 72//72 
f 47//47 61//61 76//76 
f 61//61 74//74 76//76 
f 77//77 78//78 63//63 
f 42//42 89//89 60//60 
f 62//62 89//89 42//42 
f 90//90 60//60 89//89 
f 63//63 78//78 93//93 
f 93//93 97//97 64//64 
f 99//99 82//82 69//69 
f 69//69 44//44 91//91 
f 69//69 91//91 99//99 
f 82//82 100//100 83//83 
f 83//83 84//84 70//70 
f 70//70 84//84 85//85 
f 103//103 85//85 84//84 
f 100//100 84//84 83//83 
f 85//85 103//103 102//102 
f 100//100 101//101 84//84 
f 84//84 101//101 103//103 
f 86//86 72//72 71//71 
f 72//72 87//87 74//74 
f 102//102 86//86 85//85 
f 87//87 72//72 86//86 
f 102//102 87//87 86//86 
f 88//88 74//74 87//87 
f 75//75 74//74 88//88 
f 89//89 110//110 134//134 
f 91//91 105//105 115//115 
f 44//44 49//49 90//90 
f 62//62 110//110 89//89 
f 134//134 90//90 89//89 
f 90//90 105//105 44//44 
f 105//105 90//90 134//134 
f 91//91 44//44 105//105 
f 93//93 78//78 109//109 
f 93//93 125//125 97//97 
f 78//78 92//92 109//109 
f 78//78 75//75 92//92 
f 75//75 88//88 92//92 
f 94//94 110//110 62//62 
f 111//111 94//94 62//62 
f 79//79 80//80 95//95 
f 95//95 80//80 96//96 
f 111//111 62//62 79//79 
f 95//95 113//113 79//79 
f 96//96 67//67 81//81 
f 80//80 67//67 96//96 
f 125//125 141//141 97//97 
f 97//97 141//141 155//155 
f 155//155 98//98 97//97 
f 99//99 100//100 82//82 
f 106//106 100//100 99//99 
f 106//106 117//117 100//100 
f 100//100 117//117 101//101 
f 101//101 117//117 119//119 
f 119//119 118//118 101//101 
f 118//118 102//102 103//103 
f 104//104 87//87 102//102 
f 104//104 102//102 118//118 
f 118//118 103//103 101//101 
f 91//91 115//115 99//99 
f 122//122 104//104 118//118 
f 107//107 88//88 87//87 
f 109//109 112//112 93//93 
f 107//107 87//87 104//104 
f 108//108 112//112 109//109 
f 122//122 107//107 104//104 
f 123//123 88//88 107//107 
f 88//88 123//123 92//92 
f 108//108 92//92 123//123 
f 109//109 92//92 108//108 
f 149//149 134//134 110//110 
f 94//94 149//149 110//110 
f 112//112 125//125 93//93 
f 111//111 126//126 94//94 
f 113//113 111//111 79//79 
f 130//130 111//111 113//113 
f 114//114 96//96 127//127 
f 114//114 130//130 113//113 
f 114//114 113//113 95//95 
f 114//114 95//95 96//96 
f 99//99 115//115 132//132 
f 106//106 131//131 117//117 
f 99//99 132//132 106//106 
f 132//132 131//131 106//106 
f 118//118 119//119 116//116 
f 131//131 119//119 117//117 
f 121//121 122//122 118//118 
f 120//120 122//122 121//121 
f 121//121 118//118 116//116 
f 120//120 121//121 135//135 
f 120//120 135//135 123//123 
f 122//122 123//123 107//107 
f 122//122 120//120 123//123 
f 94//94 140//140 149//149 
f 125//125 112//112 142//142 
f 124//124 108//108 123//123 
f 139//139 124//124 123//123 
f 142//142 141//141 125//125 
f 124//124 112//112 108//108 
f 126//126 140//140 94//94 
f 130//130 157//157 126//126 
f 126//126 111//111 130//130 
f 130//130 114//114 127//127 
f 127//127 96//96 128//128 
f 98//98 155//155 129//129 
f 129//129 81//81 98//98 
f 128//128 96//96 81//81 
f 81//81 129//129 128//128 
f 130//130 158//158 153//153 
f 131//131 145//145 133//133 
f 119//119 131//131 133//133 
f 119//119 133//133 116//116 
f 133//133 147//147 116//116 
f 116//116 147//147 121//121 
f 105//105 134//134 150//150 
f 115//115 105//105 150//150 
f 132//132 144//144 131//131 
f 144//144 145//145 131//131 
f 136//136 139//139 137//137 
f 138//138 135//135 121//121 
f 138//138 137//137 135//135 
f 139//139 135//135 137//137 
f 121//121 148//148 138//138 
f 124//124 142//142 112//112 
f 139//139 136//136 124//124 
f 124//124 136//136 142//142 
f 123//123 135//135 139//139 
f 156//156 141//141 142//142 
f 156//156 155//155 141//141 
f 157//157 165//165 126//126 
f 165//165 140//140 126//126 
f 158//158 127//127 159//159 
f 159//159 127//127 154//154 
f 158//158 130//130 127//127 
f 154//154 127//127 128//128 
f 166//166 154//154 128//128 
f 129//129 166//166 128//128 
f 115//115 143//143 132//132 
f 115//115 187//187 143//143 
f 132//132 143//143 144//144 
f 144//144 143//143 187//187 
f 145//145 146//146 133//133 
f 121//121 147//147 148//148 
f 138//138 148//148 163//163 
f 146//146 147//147 133//133 
f 148//148 147//147 161//161 
f 138//138 163//163 137//137 
f 160//160 148//148 161//161 
f 163//163 148//148 160//160 
f 146//146 161//161 147//147 
f 137//137 151//151 136//136 
f 150//150 134//134 149//149 
f 115//115 150//150 174//174 
f 187//187 115//115 174//174 
f 164//164 156//156 142//142 
f 137//137 163//163 151//151 
f 151//151 162//162 152//152 
f 152//152 162//162 164//164 
f 142//142 136//136 152//152 
f 136//136 151//151 152//152 
f 142//142 152//152 164//164 
f 165//165 157//157 190//190 
f 175//175 149//149 140//140 
f 140//140 165//165 175//175 
f 157//157 130//130 153//153 
f 155//155 176//176 166//166 
f 177//177 176//176 155//155 
f 155//155 166//166 129//129 
f 156//156 177//177 155//155 
f 164//164 177//177 156//156 
f 144//144 194//194 145//145 
f 144//144 187//187 194//194 
f 167//167 145//145 194//194 
f 146//146 145//145 167//167 
f 146//146 167//167 168//168 
f 161//161 146//146 168//168 
f 151//151 163//163 170//170 
f 171//171 151//151 170//170 
f 151//151 171//171 162//162 
f 163//163 160//160 170//170 
f 173//173 149//149 175//175 
f 173//173 150//150 149//149 
f 162//162 172//172 164//164 
f 184//184 159//159 154//154 
f 194//194 195//195 167//167 
f 168//168 167//167 195//195 
f 161//161 168//168 169//169 
f 195//195 169//169 168//168 
f 195//195 178//178 169//169 
f 170//170 179//179 171//171 
f 160//160 161//161 169//169 
f 178//178 170//170 160//160 
f 160//160 169//169 178//178 
f 150//150 173//173 174//174 
f 162//162 171//171 172//172 
f 179//179 170//170 178//178 
f 179//179 180//180 171//171 
f 171//171 180//180 172//172 
f 190//190 196//196 165//165 
f 166//166 188//188 185//185 
f 176//176 188//188 166//166 
f 185//185 154//154 166//166 
f 182//182 172//172 181//181 
f 189//189 176//176 177//177 
f 182//182 189//189 177//177 
f 176//176 189//189 188//188 
f 172//172 182//182 164//164 
f 182//182 177//177 164//164 
f 179//179 178//178 225//225 
f 173//173 175//175 183//183 
f 173//173 183//183 174//174 
f 187//187 174//174 210//210 
f 172//172 180//180 181//181 
f 183//183 212//212 226//226 
f 212//212 183//183 175//175 
f 175//175 165//165 212//212 
f 185//185 184//184 154//154 
f 185//185 191//191 184//184 
f 205//205 191//191 185//185 
f 157//157 201//201 190//190 
f 192//192 153//153 158//158 
f 153//153 201//201 157//157 
f 201//201 153//153 192//192 
f 192//192 158//158 186//186 
f 191//191 186//186 184//184 
f 158//158 159//159 186//186 
f 186//186 159//159 184//184 
f 210//210 174//174 183//183 
f 210//210 207//207 187//187 
f 187//187 207//207 194//194 
f 180//180 234//234 181//181 
f 180//180 179//179 225//225 
f 180//180 225//225 234//234 
f 222//222 183//183 226//226 
f 234//234 200//200 181//181 
f 182//182 181//181 200//200 
f 200//200 189//189 182//182 
f 211//211 196//196 190//190 
f 201//201 211//211 190//190 
f 192//192 186//186 193//193 
f 193//193 186//186 191//191 
f 204//204 191//191 205//205 
f 193//193 191//191 204//204 
f 188//188 198//198 185//185 
f 185//185 198//198 205//205 
f 189//189 199//199 188//188 
f 199//199 198//198 188//188 
f 192//192 203//203 201//201 
f 210//210 183//183 222//222 
f 209//209 195//195 194//194 
f 207//207 208//208 194//194 
f 196//196 212//212 165//165 
f 197//197 199//199 189//189 
f 199//199 206//206 198//198 
f 200//200 197//197 189//189 
f 200//200 228//228 197//197 
f 234//234 228//228 200//200 
f 211//211 201//201 214//214 
f 214//214 201//201 203//203 
f 219//219 203//203 202//202 
f 192//192 193//193 202//202 
f 202//202 203//203 192//192 
f 202//202 193//193 204//204 
f 205//205 216//216 215//215 
f 206//206 216//216 205//205 
f 205//205 215//215 204//204 
f 206//206 205//205 198//198 
f 224//224 178//178 209//209 
f 209//209 194//194 208//208 
f 178//178 195//195 209//209 
f 225//225 178//178 224//224 
f 248//248 226//226 212//212 
f 196//196 211//211 213//213 
f 212//212 196//196 213//213 
f 217//217 213//213 211//211 
f 217//217 211//211 214//214 
f 221//221 204//204 215//215 
f 215//215 216//216 231//231 
f 215//215 231//231 221//221 
f 237//237 231//231 216//216 
f 206//206 237//237 216//216 
f 218//218 214//214 203//203 
f 236//236 217//217 214//214 
f 218//218 236//236 214//214 
f 218//218 203//203 219//219 
f 204//204 221//221 220//220 
f 220//220 219//219 202//202 
f 220//220 202//202 204//204 
f 232//232 224//224 209//209 
f 210//210 222//222 233//233 
f 233//233 207//207 210//210 
f 207//207 223//223 208//208 
f 233//233 223//223 207//207 
f 209//209 208//208 223//223 
f 232//232 209//209 223//223 
f 232//232 247//247 224//224 
f 225//225 247//247 246//246 
f 225//225 224//224 247//247 
f 234//234 225//225 246//246 
f 206//206 199//199 227//227 
f 227//227 237//237 206//206 
f 199//199 197//197 227//227 
f 197//197 228//228 227//227 
f 228//228 238//238 227//227 
f 238//238 228//228 234//234 
f 218//218 240//240 236//236 
f 218//218 229//229 241//241 
f 241//241 240//240 218//218 
f 229//229 218//218 219//219 
f 220//220 229//229 219//219 
f 229//229 220//220 230//230 
f 229//229 230//230 242//242 
f 231//231 230//230 221//221 
f 241//241 229//229 242//242 
f 221//221 230//230 220//220 
f 238//238 237//237 227//227 
f 223//223 260//260 232//232 
f 233//233 245//245 223//223 
f 245//245 260//260 223//223 
f 248//248 243//243 226//226 
f 222//222 244//244 233//233 
f 222//222 226//226 243//243 
f 250//250 238//238 234//234 
f 248//248 212//212 235//235 
f 235//235 212//212 213//213 
f 213//213 251//251 235//235 
f 213//213 217//217 251//251 
f 217//217 239//239 251//251 
f 236//236 239//239 217//217 
f 239//239 236//236 252//252 
f 252//252 236//236 240//240 
f 242//242 230//230 257//257 
f 249//249 237//237 238//238 
f 231//231 257//257 230//230 
f 266//266 249//249 238//238 
f 237//237 258//258 231//231 
f 258//258 237//237 249//249 
f 238//238 250//250 266//266 
f 241//241 253//253 240//240 
f 255//255 253//253 241//241 
f 241//241 242//242 255//255 
f 256//256 242//242 257//257 
f 222//222 243//243 244//244 
f 259//259 233//233 244//244 
f 259//259 245//245 233//233 
f 247//247 232//232 272//272 
f 246//246 285//285 234//234 
f 285//285 266//266 250//250 
f 285//285 250//250 234//234 
f 235//235 251//251 299//299 
f 239//239 275//275 251//251 
f 239//239 252//252 275//275 
f 262//262 252//252 240//240 
f 262//262 240//240 253//253 
f 262//262 253//253 254//254 
f 254//254 253//253 255//255 
f 255//255 242//242 256//256 
f 256//256 257//257 264//264 
f 257//257 265//265 264//264 
f 257//257 258//258 265//265 
f 231//231 258//258 257//257 
f 244//244 243//243 261//261 
f 244//244 261//261 259//259 
f 270//270 245//245 259//259 
f 261//261 270//270 259//259 
f 245//245 270//270 281//281 
f 245//245 281//281 260//260 
f 272//272 260//260 271//271 
f 260//260 272//272 232//232 
f 268//268 261//261 243//243 
f 251//251 275//275 299//299 
f 252//252 276//276 275//275 
f 276//276 252//252 262//262 
f 254//254 255//255 263//263 
f 263//263 255//255 256//256 
f 263//263 256//256 264//264 
f 279//279 264//264 265//265 
f 249//249 265//265 258//258 
f 262//262 254//254 267//267 
f 267//267 254//254 263//263 
f 262//262 277//277 276//276 
f 277//277 262//262 267//267 
f 278//278 263//263 264//264 
f 267//267 263//263 278//278 
f 279//279 278//278 264//264 
f 261//261 268//268 269//269 
f 270//270 261//261 269//269 
f 282//282 260//260 281//281 
f 260//260 282//282 271//271 
f 272//272 271//271 296//296 
f 296//296 330//330 272//272 
f 246//246 297//297 285//285 
f 246//246 247//247 297//297 
f 247//247 272//272 297//297 
f 330//330 297//297 272//272 
f 273//273 248//248 235//235 
f 299//299 273//273 235//235 
f 285//285 284//284 266//266 
f 266//266 274//274 249//249 
f 274//274 265//265 249//249 
f 265//265 290//290 279//279 
f 266//266 284//284 283//283 
f 283//283 274//274 266//266 
f 274//274 290//290 265//265 
f 283//283 290//290 274//274 
f 276//276 303//303 286//286 
f 303//303 276//276 277//277 
f 275//275 300//300 299//299 
f 275//275 286//286 300//300 
f 276//276 286//286 275//275 
f 277//277 267//267 287//287 
f 287//287 267//267 278//278 
f 287//287 278//278 288//288 
f 279//279 288//288 278//278 
f 291//291 269//269 268//268 
f 243//243 248//248 268//268 
f 291//291 280//280 270//270 
f 270//270 269//269 291//291 
f 292//292 281//281 280//280 
f 292//292 293//293 281//281 
f 280//280 291//291 292//292 
f 280//280 281//281 270//270 
f 293//293 282//282 281//281 
f 293//293 294//294 282//282 
f 271//271 282//282 294//294 
f 296//296 271//271 294//294 
f 268//268 248//248 295//295 
f 291//291 268//268 295//295 
f 283//283 301//301 290//290 
f 277//277 304//304 303//303 
f 304//304 277//277 287//287 
f 304//304 287//287 311//311 
f 311//311 287//287 305//305 
f 305//305 287//287 288//288 
f 279//279 290//290 289//289 
f 289//289 288//288 279//279 
f 290//290 301//301 289//289 
f 291//291 315//315 292//292 
f 293//293 292//292 317//317 
f 295//295 248//248 273//273 
f 295//295 315//315 291//291 
f 297//297 298//298 285//285 
f 285//285 298//298 284//284 
f 310//310 331//331 300//300 
f 310//310 300//300 286//286 
f 288//288 313//313 305//305 
f 289//289 309//309 313//313 
f 289//289 313//313 288//288 
f 301//301 309//309 289//289 
f 284//284 298//298 302//302 
f 302//302 283//283 284//284 
f 302//302 308//308 301//301 
f 302//302 301//301 283//283 
f 308//308 309//309 301//301 
f 286//286 303//303 310//310 
f 310//310 303//303 312//312 
f 305//305 324//324 311//311 
f 317//317 318//318 293//293 
f 294//294 293//293 318//318 
f 295//295 273//273 314//314 
f 306//306 314//314 273//273 
f 295//295 314//314 315//315 
f 315//315 316//316 292//292 
f 296//296 294//294 319//319 
f 330//330 322//322 297//297 
f 297//297 322//322 298//298 
f 306//306 273//273 299//299 
f 299//299 300//300 332//332 
f 331//331 332//332 300//300 
f 307//307 308//308 302//302 
f 309//309 326//326 313//313 
f 309//309 308//308 326//326 
f 298//298 307//307 302//302 
f 322//322 307//307 298//298 
f 312//312 333//333 310//310 
f 335//335 311//311 324//324 
f 323//323 312//312 311//311 
f 303//303 304//304 312//312 
f 312//312 304//304 311//311 
f 325//325 324//324 313//313 
f 313//313 324//324 305//305 
f 315//315 314//314 329//329 
f 316//316 315//315 328//328 
f 316//316 338//338 317//317 
f 316//316 317//317 292//292 
f 318//318 319//319 294//294 
f 342//342 296//296 319//319 
f 330//330 296//296 342//342 
f 320//320 341//341 306//306 
f 299//299 320//320 306//306 
f 299//299 332//332 320//320 
f 341//341 314//314 306//306 
f 353//353 341//341 320//320 
f 337//337 326//326 308//308 
f 321//321 307//307 322//322 
f 321//321 308//308 307//307 
f 321//321 337//337 308//308 
f 312//312 323//323 333//333 
f 335//335 324//324 334//334 
f 323//323 311//311 335//335 
f 325//325 334//334 324//324 
f 313//313 326//326 325//325 
f 326//326 336//336 325//325 
f 337//337 336//336 326//326 
f 329//329 327//327 315//315 
f 327//327 328//328 315//315 
f 316//316 328//328 338//338 
f 329//329 314//314 341//341 
f 351//351 337//337 321//321 
f 351//351 343//343 372//372 
f 351//351 322//322 343//343 
f 321//321 322//322 351//351 
f 322//322 330//330 343//343 
f 333//333 352//352 345//345 
f 352//352 333//333 346//346 
f 331//331 310//310 345//345 
f 345//345 310//310 333//333 
f 346//346 333//333 323//323 
f 346//346 323//323 335//335 
f 350//350 335//335 334//334 
f 334//334 325//325 348//348 
f 325//325 336//336 348//348 
f 334//334 348//348 350//350 
f 364//364 328//328 327//327 
f 328//328 339//339 338//338 
f 328//328 364//364 339//339 
f 338//338 339//339 317//317 
f 339//339 318//318 317//317 
f 318//318 339//339 340//340 
f 340//340 319//319 318//318 
f 354//354 329//329 341//341 
f 329//329 354//354 327//327 
f 364//364 327//327 355//355 
f 342//342 367//367 330//330 
f 330//330 367//367 343//343 
f 368//368 320//320 332//332 
f 359//359 368//368 332//332 
f 359//359 331//331 344//344 
f 332//332 331//331 359//359 
f 344//344 331//331 345//345 
f 346//346 335//335 347//347 
f 347//347 335//335 350//350 
f 348//348 363//363 350//350 
f 350//350 363//363 347//347 
f 336//336 349//349 348//348 
f 360//360 363//363 348//348 
f 351//351 349//349 337//337 
f 360//360 348//348 349//349 
f 337//337 349//349 336//336 
f 352//352 346//346 362//362 
f 353//353 354//354 341//341 
f 353//353 320//320 358//358 
f 356//356 327//327 354//354 
f 327//327 356//356 355//355 
f 357//357 381//381 342//342 
f 319//319 340//340 357//357 
f 357//357 342//342 319//319 
f 343//343 371//371 372//372 
f 343//343 367//367 371//371 
f 368//368 358//358 320//320 
f 373//373 359//359 344//344 
f 360//360 349//349 369//369 
f 349//349 361//361 369//369 
f 351//351 372//372 361//361 
f 351//351 361//361 349//349 
f 375//375 344//344 345//345 
f 375//375 345//345 352//352 
f 352//352 362//362 376//376 
f 362//362 377//377 388//388 
f 376//376 362//362 388//388 
f 362//362 346//346 347//347 
f 377//377 347//347 363//363 
f 347//347 377//377 362//362 
f 369//369 378//378 363//363 
f 369//369 363//363 360//360 
f 355//355 380//380 364//364 
f 364//364 380//380 365//365 
f 390//390 366//366 365//365 
f 364//364 365//365 339//339 
f 365//365 366//366 339//339 
f 366//366 340//340 339//339 
f 357//357 340//340 366//366 
f 357//357 366//366 381//381 
f 366//366 391//391 381//381 
f 367//367 342//342 381//381 
f 382//382 393//393 353//353 
f 358//358 382//382 353//353 
f 368//368 359//359 384//384 
f 384//384 359//359 373//373 
f 372//372 371//371 367//367 
f 367//367 370//370 372//372 
f 369//369 361//361 383//383 
f 386//386 373//373 375//375 
f 375//375 373//373 344//344 
f 375//375 352//352 374//374 
f 374//374 352//352 376//376 
f 378//378 401//401 387//387 
f 377//377 363//363 378//378 
f 377//377 387//387 388//388 
f 387//387 377//377 378//378 
f 401//401 378//378 369//369 
f 379//379 356//356 354//354 
f 355//355 356//356 379//379 
f 354//354 353//353 393//393 
f 390//390 365//365 380//380 
f 391//391 366//366 390//390 
f 406//406 367//367 381//381 
f 368//368 384//384 397//397 
f 368//368 394//394 358//358 
f 392//392 394//394 368//368 
f 397//397 392//392 368//368 
f 358//358 394//394 382//382 
f 361//361 434//434 383//383 
f 395//395 361//361 372//372 
f 434//434 361//361 395//395 
f 398//398 384//384 373//373 
f 386//386 398//398 373//373 
f 385//385 386//386 374//374 
f 385//385 374//374 400//400 
f 386//386 375//375 374//374 
f 374//374 376//376 400//400 
f 400//400 376//376 388//388 
f 400//400 388//388 411//411 
f 411//411 388//388 387//387 
f 383//383 402//402 369//369 
f 402//402 401//401 369//369 
f 412//412 379//379 354//354 
f 414//414 389//389 379//379 
f 380//380 355//355 389//389 
f 379//379 389//389 355//355 
f 415//415 380//380 389//389 
f 380//380 415//415 390//390 
f 403//403 393//393 382//382 
f 403//403 382//382 394//394 
f 392//392 397//397 405//405 
f 397//397 408//408 405//405 
f 367//367 406//406 407//407 
f 367//367 395//395 370//370 
f 372//372 370//370 395//395 
f 396//396 408//408 397//397 
f 408//408 396//396 410//410 
f 410//410 396//396 398//398 
f 384//384 396//396 397//397 
f 396//396 384//384 398//398 
f 386//386 399//399 398//398 
f 399//399 386//386 385//385 
f 399//399 385//385 424//424 
f 398//398 399//399 410//410 
f 399//399 409//409 410//410 
f 409//409 399//399 424//424 
f 424//424 385//385 400//400 
f 401//401 411//411 387//387 
f 460//460 402//402 383//383 
f 414//414 413//413 389//389 
f 413//413 415//415 389//389 
f 415//415 416//416 390//390 
f 416//416 391//391 390//390 
f 416//416 406//406 391//391 
f 406//406 381//381 391//391 
f 428//428 393//393 418//418 
f 418//418 393//393 403//403 
f 408//408 420//420 405//405 
f 405//405 417//417 404//404 
f 420//420 417//417 405//405 
f 392//392 404//404 394//394 
f 405//405 404//404 392//392 
f 354//354 393//393 428//428 
f 403//403 394//394 404//404 
f 395//395 419//419 434//434 
f 407//407 395//395 367//367 
f 433//433 420//420 408//408 
f 421//421 408//408 410//410 
f 409//409 421//421 410//410 
f 425//425 424//424 400//400 
f 425//425 400//400 411//411 
f 401//401 426//426 411//411 
f 401//401 402//402 426//426 
f 402//402 460//460 426//426 
f 354//354 428//428 412//412 
f 379//379 448//448 414//414 
f 413//413 414//414 448//448 
f 406//406 416//416 429//429 
f 417//417 418//418 403//403 
f 404//404 417//417 403//403 
f 417//417 420//420 432//432 
f 407//407 429//429 419//419 
f 419//419 395//395 407//407 
f 406//406 429//429 407//407 
f 420//420 433//433 432//432 
f 433//433 408//408 421//421 
f 422//422 424//424 423//423 
f 423//423 424//424 425//425 
f 421//421 409//409 422//422 
f 422//422 409//409 424//424 
f 434//434 445//445 383//383 
f 445//445 460//460 383//383 
f 412//412 435//435 379//379 
f 435//435 412//412 428//428 
f 448//448 379//379 435//435 
f 448//448 449//449 413//413 
f 449//449 436//436 413//413 
f 413//413 436//436 415//415 
f 450//450 415//415 436//436 
f 416//416 415//415 450//450 
f 437//437 453//453 418//418 
f 437//437 427//427 452//452 
f 427//427 440//440 452//452 
f 418//418 417//417 427//427 
f 417//417 432//432 427//427 
f 428//428 418//418 453//453 
f 427//427 437//437 418//418 
f 427//427 432//432 440//440 
f 434//434 419//419 438//438 
f 434//434 438//438 446//446 
f 429//429 416//416 439//439 
f 419//419 439//439 438//438 
f 429//429 439//439 419//419 
f 430//430 440//440 432//432 
f 432//432 433//433 430//430 
f 430//430 433//433 441//441 
f 441//441 433//433 421//421 
f 421//421 431//431 441//441 
f 430//430 456//456 440//440 
f 421//421 422//422 431//431 
f 431//431 422//422 442//442 
f 442//442 422//422 423//423 
f 442//442 423//423 443//443 
f 443//443 423//423 425//425 
f 425//425 411//411 426//426 
f 435//435 428//428 447//447 
f 454//454 416//416 450//450 
f 440//440 466//466 452//452 
f 453//453 447//447 428//428 
f 467//467 469//469 446//446 
f 439//439 416//416 454//454 
f 446//446 438//438 467//467 
f 456//456 430//430 441//441 
f 456//456 441//441 457//457 
f 457//457 431//431 458//458 
f 468//468 458//458 442//442 
f 431//431 457//457 441//441 
f 458//458 431//431 442//442 
f 442//442 443//443 459//459 
f 461//461 459//459 444//444 
f 443//443 425//425 444//444 
f 444//444 425//425 426//426 
f 444//444 459//459 443//443 
f 426//426 460//460 461//461 
f 426//426 461//461 444//444 
f 469//469 445//445 446//446 
f 434//434 446//446 445//445 
f 435//435 447//447 448//448 
f 437//437 451//451 453//453 
f 437//437 452//452 451//451 
f 451//451 452//452 465//465 
f 465//465 452//452 466//466 
f 455//455 454//454 482//482 
f 455//455 482//482 474//474 
f 467//467 455//455 474//474 
f 439//439 455//455 438//438 
f 438//438 455//455 467//467 
f 454//454 455//455 439//439 
f 477//477 456//456 457//457 
f 440//440 456//456 466//466 
f 458//458 475//475 457//457 
f 475//475 477//477 457//457 
f 459//459 478//478 468//468 
f 468//468 442//442 459//459 
f 475//475 458//458 468//468 
f 469//469 479//479 460//460 
f 479//479 461//461 460//460 
f 469//469 460//460 445//445 
f 487//487 448//448 447//447 
f 449//449 463//463 436//436 
f 463//463 462//462 436//436 
f 436//436 462//462 450//450 
f 464//464 454//454 450//450 
f 464//464 450//450 462//462 
f 451//451 465//465 471//471 
f 453//453 473//473 447//447 
f 451//451 473//473 453//453 
f 466//466 472//472 465//465 
f 473//473 451//451 471//471 
f 476//476 472//472 466//466 
f 469//469 467//467 474//474 
f 469//469 474//474 485//485 
f 456//456 476//476 466//466 
f 459//459 461//461 478//478 
f 448//448 470//470 449//449 
f 448//448 487//487 470//470 
f 489//489 464//464 462//462 
f 494//494 454//454 464//464 
f 494//494 464//464 489//489 
f 471//471 491//491 480//480 
f 465//465 481//481 471//471 
f 471//471 480//480 473//473 
f 472//472 481//481 465//465 
f 472//472 476//476 493//493 
f 476//476 456//456 477//477 
f 493//493 476//476 477//477 
f 497//497 477//477 475//475 
f 493//493 477//477 496//496 
f 496//496 477//477 497//497 
f 497//497 475//475 483//483 
f 484//484 468//468 478//478 
f 475//475 468//468 483//483 
f 483//483 468//468 484//484 
f 485//485 479//479 469//469 
f 486//486 447//447 473//473 
f 488//488 463//463 470//470 
f 470//470 463//463 449//449 
f 471//471 481//481 491//491 
f 492//492 481//481 472//472 
f 492//492 472//472 493//493 
f 499//499 480//480 491//491 
f 454//454 494//494 482//482 
f 474//474 495//495 485//485 
f 495//495 479//479 485//485 
f 498//498 497//497 483//483 
f 498//498 483//483 484//484 
f 484//484 478//478 538//538 
f 478//478 461//461 506//506 
f 478//478 506//506 538//538 
f 480//480 499//499 501//501 
f 500//500 447//447 486//486 
f 473//473 480//480 486//486 
f 486//486 501//501 500//500 
f 501//501 486//486 480//480 
f 447//447 500//500 487//487 
f 490//490 462//462 463//463 
f 490//490 489//489 462//462 
f 494//494 489//489 502//502 
f 491//491 510//510 509//509 
f 481//481 510//510 491//491 
f 510//510 481//481 492//492 
f 509//509 499//499 491//491 
f 493//493 514//514 492//492 
f 507//507 479//479 495//495 
f 474//474 504//504 503//503 
f 482//482 494//494 504//504 
f 504//504 474//474 482//482 
f 474//474 503//503 495//495 
f 498//498 484//484 538//538 
f 507//507 461//461 479//479 
f 500//500 518//518 487//487 
f 487//487 518//518 470//470 
f 501//501 522//522 500//500 
f 502//502 504//504 494//494 
f 510//510 492//492 513//513 
f 513//513 492//492 514//514 
f 505//505 493//493 496//496 
f 505//505 514//514 493//493 
f 507//507 495//495 515//515 
f 503//503 515//515 495//495 
f 516//516 515//515 503//503 
f 504//504 516//516 503//503 
f 496//496 497//497 505//505 
f 505//505 497//497 498//498 
f 506//506 507//507 523//523 
f 461//461 507//507 506//506 
f 501//501 499//499 517//517 
f 499//499 509//509 517//517 
f 500//500 522//522 518//518 
f 508//508 490//490 463//463 
f 511//511 490//490 508//508 
f 508//508 463//463 488//488 
f 511//511 489//489 490//490 
f 511//511 512//512 489//489 
f 512//512 502//502 489//489 
f 504//504 502//502 512//512 
f 510//510 542//542 509//509 
f 516//516 504//504 512//512 
f 505//505 498//498 530//530 
f 537//537 530//530 498//498 
f 537//537 498//498 538//538 
f 470//470 521//521 488//488 
f 519//519 522//522 501//501 
f 536//536 514//514 505//505 
f 530//530 536//536 505//505 
f 517//517 509//509 542//542 
f 517//517 519//519 501//501 
f 514//514 536//536 513//513 
f 538//538 506//506 523//523 
f 524//524 523//523 507//507 
f 520//520 470//470 518//518 
f 520//520 521//521 470//470 
f 515//515 524//524 507//507 
f 510//510 513//513 542//542 
f 535//535 516//516 512//512 
f 525//525 521//521 520//520 
f 528//528 521//521 525//525 
f 528//528 488//488 521//521 
f 570//570 524//524 515//515 
f 520//520 526//526 525//525 
f 526//526 520//520 518//518 
f 529//529 508//508 488//488 
f 527//527 519//519 517//517 
f 542//542 527//527 517//517 
f 522//522 526//526 518//518 
f 529//529 532//532 508//508 
f 511//511 508//508 532//532 
f 550//550 530//530 537//537 
f 531//531 541//541 529//529 
f 528//528 531//531 488//488 
f 531//531 529//529 488//488 
f 532//532 529//529 541//541 
f 536//536 542//542 513//513 
f 512//512 511//511 533//533 
f 512//512 533//533 534//534 
f 549//549 536//536 530//530 
f 530//530 550//550 549//549 
f 523//523 570//570 551//551 
f 523//523 551//551 538//538 
f 570//570 523//523 524//524 
f 547//547 544//544 519//519 
f 526//526 539//539 525//525 
f 522//522 519//519 544//544 
f 526//526 543//543 539//539 
f 543//543 526//526 522//522 
f 540//540 531//531 528//528 
f 525//525 545//545 528//528 
f 545//545 540//540 528//528 
f 545//545 554//554 540//540 
f 554//554 555//555 540//540 
f 541//541 540//540 555//555 
f 563//563 541//541 555//555 
f 563//563 532//532 541//541 
f 541//541 531//531 540//540 
f 533//533 511//511 532//532 
f 519//519 527//527 547//547 
f 542//542 547//547 527//527 
f 534//534 535//535 512//512 
f 535//535 548//548 516//516 
f 558//558 534//534 533//533 
f 548//548 515//515 516//516 
f 549//549 546//546 536//536 
f 569//569 537//537 538//538 
f 569//569 538//538 551//551 
f 553//553 525//525 539//539 
f 553//553 545//545 525//525 
f 563//563 533//533 532//532 
f 558//558 533//533 563//563 
f 556//556 542//542 536//536 
f 536//536 546//546 556//556 
f 558//558 557//557 534//534 
f 534//534 557//557 535//535 
f 548//548 535//535 557//557 
f 565//565 546//546 549//549 
f 568//568 565//565 549//549 
f 568//568 549//549 585//585 
f 549//549 550//550 585//585 
f 544//544 587//587 543//543 
f 544//544 547//547 587//587 
f 553//553 539//539 552//552 
f 522//522 544//544 543//543 
f 539//539 543//543 552//552 
f 553//553 573//573 545//545 
f 573//573 554//554 545//545 
f 573//573 560//560 554//554 
f 560//560 555//555 554//554 
f 558//558 563//563 564//564 
f 542//542 556//556 547//547 
f 557//557 566//566 548//548 
f 515//515 548//548 567//567 
f 567//567 548//548 566//566 
f 585//585 550//550 559//559 
f 559//559 550//550 537//537 
f 559//559 537//537 569//569 
f 571//571 551//551 570//570 
f 571//571 569//569 551//551 
f 543//543 587//587 599//599 
f 555//555 560//560 580//580 
f 555//555 561//561 563//563 
f 561//561 562//562 563//563 
f 581//581 562//562 561//561 
f 582//582 564//564 562//562 
f 564//564 563//563 562//562 
f 576//576 558//558 564//564 
f 556//556 546//546 565//565 
f 584//584 565//565 568//568 
f 567//567 570//570 515//515 
f 567//567 566//566 577//577 
f 557//557 578//578 566//566 
f 557//557 558//558 576//576 
f 577//577 566//566 578//578 
f 585//585 559//559 569//569 
f 587//587 575//575 593//593 
f 552//552 543//543 599//599 
f 553//553 552//552 572//572 
f 572//572 573//573 553//553 
f 573//573 579//579 560//560 
f 579//579 580//580 560//560 
f 580//580 561//561 555//555 
f 582//582 583//583 576//576 
f 582//582 562//562 581//581 
f 582//582 576//576 564//564 
f 547//547 575//575 587//587 
f 556//556 565//565 574//574 
f 547//547 556//556 575//575 
f 575//575 556//556 574//574 
f 584//584 574//574 565//565 
f 576//576 583//583 578//578 
f 557//557 576//576 578//578 
f 577//577 578//578 596//596 
f 597//597 568//568 585//585 
f 585//585 569//569 586//586 
f 586//586 569//569 571//571 
f 571//571 570//570 616//616 
f 552//552 599//599 598//598 
f 588//588 573//573 572//572 
f 572//572 552//552 598//598 
f 588//588 579//579 573//573 
f 588//588 589//589 579//579 
f 589//589 580//580 579//579 
f 591//591 561//561 580//580 
f 601//601 581//581 591//591 
f 561//561 591//591 581//581 
f 594//594 593//593 575//575 
f 574//574 594//594 575//575 
f 605//605 570//570 567//567 
f 578//578 583//583 595//595 
f 578//578 595//595 596//596 
f 577//577 596//596 605//605 
f 605//605 567//567 577//577 
f 585//585 586//586 625//625 
f 625//625 586//586 571//571 
f 598//598 588//588 572//572 
f 598//598 608//608 588//588 
f 608//608 589//589 588//588 
f 609//609 589//589 608//608 
f 600//600 591//591 590//590 
f 609//609 590//590 589//589 
f 590//590 580//580 589//589 
f 590//590 591//591 580//580 
f 592//592 606//606 583//583 
f 600//600 601//601 591//591 
f 601//601 592//592 581//581 
f 581//581 592//592 582//582 
f 583//583 582//582 592//592 
f 603//603 594//594 574//574 
f 574//574 584//584 603//603 
f 596//596 604//604 605//605 
f 606//606 607//607 595//595 
f 595//595 583//583 606//606 
f 584//584 568//568 597//597 
f 625//625 597//597 585//585 
f 627//627 608//608 598//598 
f 610//610 590//590 609//609 
f 610//610 619//619 600//600 
f 619//619 601//601 600//600 
f 619//619 602//602 601//601 
f 602//602 592//592 601//601 
f 590//590 610//610 600//600 
f 606//606 592//592 602//602 
f 602//602 613//613 606//606 
f 603//603 611//611 594//594 
f 587//587 593//593 612//612 
f 593//593 594//594 612//612 
f 605//605 626//626 570//570 
f 606//606 615//615 607//607 
f 607//607 614//614 596//596 
f 613//613 615//615 606//606 
f 607//607 615//615 614//614 
f 596//596 595//595 607//607 
f 603//603 584//584 624//624 
f 624//624 584//584 597//597 
f 616//616 625//625 571//571 
f 570//570 626//626 616//616 
f 598//598 599//599 628//628 
f 627//627 598//598 628//628 
f 627//627 618//618 608//608 
f 618//618 609//609 608//608 
f 620//620 602//602 619//619 
f 610//610 609//609 617//617 
f 611//611 621//621 612//612 
f 611//611 612//612 594//594 
f 622//622 611//611 603//603 
f 604//604 596//596 614//614 
f 604//604 623//623 605//605 
f 623//623 626//626 605//605 
f 614//614 623//623 604//604 
f 624//624 597//597 648//648 
f 648//648 597//597 625//625 
f 599//599 587//587 612//612 
f 630//630 617//617 629//629 
f 629//629 617//617 618//618 
f 618//618 617//617 609//609 
f 617//617 619//619 610//610 
f 630//630 619//619 617//617 
f 602//602 620//620 613//613 
f 613//613 620//620 634//634 
f 612//612 621//621 632//632 
f 622//622 621//621 611//611 
f 623//623 614//614 647//647 
f 623//623 639//639 626//626 
f 615//615 613//613 634//634 
f 614//614 615//615 635//635 
f 647//647 614//614 635//635 
f 634//634 635//635 615//615 
f 636//636 622//622 603//603 
f 624//624 636//636 603//603 
f 662//662 624//624 648//648 
f 648//648 625//625 663//663 
f 663//663 625//625 616//616 
f 627//627 628//628 676//676 
f 619//619 630//630 641//641 
f 641//641 620//620 619//619 
f 634//634 620//620 633//633 
f 641//641 633//633 620//620 
f 621//621 643//643 632//632 
f 631//631 622//622 637//637 
f 599//599 642//642 628//628 
f 642//642 632//632 654//654 
f 621//621 622//622 631//631 
f 632//632 642//642 612//612 
f 612//612 642//642 599//599 
f 639//639 623//623 650//650 
f 645//645 634//634 633//633 
f 634//634 645//645 635//635 
f 650//650 623//623 647//647 
f 622//622 638//638 637//637 
f 638//638 622//622 636//636 
f 660//660 638//638 636//636 
f 662//662 636//636 624//624 
f 639//639 649//649 626//626 
f 626//626 649//649 616//616 
f 639//639 650//650 665//665 
f 665//665 649//649 639//639 
f 628//628 655//655 676//676 
f 651//651 618//618 627//627 
f 651//651 640//640 618//618 
f 677//677 640//640 651//651 
f 677//677 652//652 640//640 
f 629//629 618//618 640//640 
f 640//640 652//652 629//629 
f 652//652 630//630 629//629 
f 652//652 656//656 630//630 
f 656//656 641//641 630//630 
f 644//644 641//641 656//656 
f 637//637 653//653 631//631 
f 643//643 667//667 654//654 
f 653//653 667//667 643//643 
f 643//643 654//654 632//632 
f 631//631 643//643 621//621 
f 643//643 631//631 653//653 
f 628//628 642//642 655//655 
f 655//655 642//642 654//654 
f 635//635 645//645 646//646 
f 647//647 635//635 646//646 
f 644//644 633//633 641//641 
f 644//644 645//645 633//633 
f 646//646 658//658 647//647 
f 661//661 660//660 636//636 
f 659//659 637//637 638//638 
f 660//660 659//659 638//638 
f 662//662 648//648 696//696 
f 663//663 696//696 648//648 
f 649//649 663//663 616//616 
f 656//656 652//652 678//678 
f 667//667 675//675 654//654 
f 653//653 669//669 667//667 
f 668//668 644//644 656//656 
f 657//657 644//644 668//668 
f 658//658 673//673 664//664 
f 645//645 644//644 657//657 
f 645//645 657//657 646//646 
f 646//646 657//657 658//658 
f 650//650 647//647 664//664 
f 664//664 647//647 658//658 
f 669//669 659//659 670//670 
f 671//671 670//670 660//660 
f 659//659 660//660 670//670 
f 659//659 653//653 637//637 
f 653//653 659//659 669//669 
f 661//661 671//671 660//660 
f 661//661 636//636 662//662 
f 665//665 672//672 649//649 
f 682//682 672//672 665//665 
f 664//664 674//674 665//665 
f 682//682 665//665 674//674 
f 674//674 664//664 673//673 
f 665//665 650//650 664//664 
f 627//627 676//676 666//666 
f 666//666 651//651 627//627 
f 678//678 652//652 677//677 
f 676//676 655//655 685//685 
f 685//685 655//655 675//675 
f 655//655 654//654 675//675 
f 678//678 668//668 656//656 
f 679//679 658//658 657//657 
f 658//658 679//679 673//673 
f 657//657 668//668 679//679 
f 680//680 671//671 661//661 
f 667//667 669//669 691//691 
f 691//691 675//675 667//667 
f 676//676 685//685 698//698 
f 685//685 675//675 697//697 
f 698//698 725//725 666//666 
f 698//698 666//666 676//676 
f 666//666 677//677 651//651 
f 687//687 668//668 678//678 
f 688//688 689//689 679//679 
f 688//688 668//668 687//687 
f 679//679 668//668 688//688 
f 673//673 679//679 683//683 
f 691//691 669//669 692//692 
f 692//692 669//669 670//670 
f 671//671 708//708 670//670 
f 709//709 708//708 671//671 
f 671//671 680//680 709//709 
f 684//684 709//709 680//680 
f 684//684 680//680 661//661 
f 662//662 684//684 661//661 
f 663//663 649//649 681//681 
f 649//649 672//672 681//681 
f 672//672 682//682 681//681 
f 695//695 673//673 683//683 
f 695//695 674//674 673//673 
f 682//682 674//674 695//695 
f 702//702 697//697 675//675 
f 691//691 702//702 675//675 
f 697//697 698//698 685//685 
f 725//725 699//699 666//666 
f 726//726 712//712 699//699 
f 677//677 666//666 699//699 
f 712//712 677//677 699//699 
f 677//677 712//712 678//678 
f 686//686 688//688 687//687 
f 689//689 688//688 701//701 
f 701//701 688//688 686//686 
f 679//679 689//689 683//683 
f 690//690 704//704 692//692 
f 692//692 704//704 691//691 
f 704//704 702//702 691//691 
f 692//692 670//670 690//690 
f 708//708 690//690 670//670 
f 711//711 663//663 681//681 
f 681//681 682//682 694//694 
f 682//682 705//705 694//694 
f 707//707 705//705 682//682 
f 689//689 693//693 683//683 
f 683//683 693//693 695//695 
f 684//684 696//696 722//722 
f 722//722 696//696 710//710 
f 684//684 662//662 696//696 
f 710//710 696//696 663//663 
f 694//694 711//711 681//681 
f 726//726 699//699 725//725 
f 678//678 712//712 713//713 
f 687//687 678//678 700//700 
f 713//713 700//700 678//678 
f 714//714 715//715 700//700 
f 715//715 719//719 701//701 
f 701//701 719//719 706//706 
f 700//700 686//686 687//687 
f 701//701 686//686 715//715 
f 701//701 706//706 689//689 
f 715//715 686//686 700//700 
f 690//690 716//716 704//704 
f 703//703 716//716 690//690 
f 721//721 690//690 708//708 
f 721//721 703//703 690//690 
f 717//717 705//705 707//707 
f 720//720 717//717 707//707 
f 720//720 707//707 695//695 
f 720//720 695//695 718//718 
f 689//689 706//706 693//693 
f 695//695 707//707 682//682 
f 693//693 718//718 695//695 
f 706//706 718//718 693//693 
f 709//709 721//721 708//708 
f 709//709 684//684 722//722 
f 694//694 723//723 711//711 
f 694//694 705//705 723//723 
f 710//710 663//663 711//711 
f 729//729 697//697 702//702 
f 729//729 724//724 697//697 
f 697//697 724//724 698//698 
f 726//726 713//713 712//712 
f 700//700 713//713 714//714 
f 719//719 715//715 714//714 
f 716//716 728//728 702//702 
f 728//728 729//729 702//702 
f 716//716 703//703 734//734 
f 704//704 716//716 702//702 
f 718//718 706//706 719//719 
f 719//719 731//731 718//718 
f 731//731 720//720 718//718 
f 730//730 717//717 720//720 
f 735//735 749//749 721//721 
f 721//721 734//734 703//703 
f 736//736 735//735 709//709 
f 722//722 736//736 709//709 
f 709//709 735//735 721//721 
f 753//753 722//722 710//710 
f 710//710 737//737 753//753 
f 710//710 711//711 737//737 
f 737//737 711//711 738//738 
f 711//711 723//723 738//738 
f 717//717 723//723 705//705 
f 724//724 741//741 698//698 
f 698//698 741//741 725//725 
f 727//727 726//726 742//742 
f 742//742 745//745 727//727 
f 732//732 727//727 745//745 
f 713//713 726//726 727//727 
f 727//727 714//714 713//713 
f 714//714 727//727 732//732 
f 732//732 719//719 714//714 
f 728//728 750//750 743//743 
f 728//728 734//734 750//750 
f 724//724 743//743 757//757 
f 728//728 743//743 729//729 
f 724//724 729//729 743//743 
f 734//734 728//728 716//716 
f 733//733 719//719 732//732 
f 739//739 730//730 746//746 
f 745//745 744//744 733//733 
f 733//733 732//732 745//745 
f 739//739 746//746 770//770 
f 746//746 730//730 720//720 
f 731//731 719//719 733//733 
f 744//744 731//731 733//733 
f 746//746 720//720 731//731 
f 789//789 749//749 752//752 
f 734//734 721//721 751//751 
f 721//721 749//749 751//751 
f 735//735 752//752 749//749 
f 735//735 736//736 752//752 
f 752//752 736//736 722//722 
f 774//774 752//752 722//722 
f 774//774 722//722 753//753 
f 740//740 730//730 739//739 
f 754//754 740//740 739//739 
f 770//770 754//754 739//739 
f 730//730 740//740 717//717 
f 740//740 723//723 717//717 
f 738//738 723//723 754//754 
f 740//740 754//754 723//723 
f 796//796 778//778 725//725 
f 726//726 725//725 778//778 
f 758//758 726//726 778//778 
f 742//742 726//726 758//758 
f 743//743 750//750 755//755 
f 796//796 725//725 741//741 
f 724//724 757//757 741//741 
f 763//763 745//745 742//742 
f 744//744 764//764 765//765 
f 746//746 744//744 765//765 
f 744//744 745//745 764//764 
f 746//746 731//731 744//744 
f 747//747 755//755 750//750 
f 767//767 748//748 749//749 
f 748//748 747//747 751//751 
f 734//734 751//751 750//750 
f 750//750 751//751 747//747 
f 749//749 748//748 751//751 
f 753//753 737//737 768//768 
f 738//738 771//771 768//768 
f 738//738 754//754 771//771 
f 768//768 737//737 738//738 
f 746//746 772//772 770//770 
f 783//783 756//756 755//755 
f 775//775 776//776 756//756 
f 756//756 783//783 775//775 
f 757//757 776//776 741//741 
f 757//757 756//756 776//776 
f 755//755 756//756 743//743 
f 743//743 756//756 757//757 
f 763//763 742//742 759//759 
f 759//759 742//742 758//758 
f 760//760 763//763 759//759 
f 762//762 764//764 761//761 
f 764//764 745//745 761//761 
f 764//764 762//762 765//765 
f 745//745 763//763 760//760 
f 761//761 745//745 760//760 
f 747//747 783//783 755//755 
f 788//788 766//766 767//767 
f 766//766 747//747 748//748 
f 789//789 767//767 749//749 
f 767//767 766//766 748//748 
f 789//789 788//788 767//767 
f 752//752 773//773 789//789 
f 791//791 768//768 792//792 
f 787//787 785//785 772//772 
f 785//785 770//770 772//772 
f 770//770 785//785 769//769 
f 771//771 769//769 792//792 
f 768//768 771//771 792//792 
f 770//770 769//769 754//754 
f 772//772 746//746 765//765 
f 754//754 769//769 771//771 
f 762//762 772//772 765//765 
f 809//809 774//774 791//791 
f 773//773 752//752 774//774 
f 774//774 768//768 791//791 
f 774//774 753//753 768//768 
f 776//776 777//777 741//741 
f 777//777 796//796 741//741 
f 779//779 758//758 778//778 
f 779//779 759//759 758//758 
f 781//781 760//760 759//759 
f 761//761 760//760 781//781 
f 781//781 759//759 779//779 
f 781//781 780//780 761//761 
f 786//786 761//761 780//780 
f 761//761 786//786 762//762 
f 801//801 766//766 782//782 
f 801//801 783//783 766//766 
f 782//782 766//766 788//788 
f 801//801 800//800 775//775 
f 775//775 783//783 801//801 
f 747//747 766//766 783//783 
f 792//792 769//769 784//784 
f 769//769 806//806 784//784 
f 780//780 805//805 786//786 
f 786//786 805//805 787//787 
f 805//805 807//807 787//787 
f 786//786 787//787 762//762 
f 787//787 772//772 762//762 
f 806//806 785//785 807//807 
f 806//806 769//769 785//785 
f 807//807 785//785 787//787 
f 808//808 788//788 789//789 
f 808//808 789//789 773//773 
f 792//792 790//790 791//791 
f 792//792 784//784 790//790 
f 775//775 813//813 794//794 
f 813//813 817//817 794//794 
f 776//776 793//793 777//777 
f 776//776 794//794 793//793 
f 776//776 775//775 794//794 
f 793//793 796//796 777//777 
f 796//796 795//795 778//778 
f 778//778 795//795 797//797 
f 797//797 779//779 778//778 
f 798//798 779//779 797//797 
f 779//779 798//798 781//781 
f 798//798 780//780 781//781 
f 788//788 799//799 782//782 
f 799//799 801//801 782//782 
f 813//813 775//775 800//800 
f 803//803 807//807 802//802 
f 803//803 806//806 807//807 
f 802//802 804//804 823//823 
f 812//812 806//806 803//803 
f 784//784 806//806 812//812 
f 798//798 804//804 780//780 
f 780//780 804//804 805//805 
f 804//804 802//802 805//805 
f 805//805 802//802 807//807 
f 799//799 788//788 825//825 
f 788//788 808//808 825//825 
f 829//829 808//808 773//773 
f 773//773 774//774 829//829 
f 811//811 833//833 810//810 
f 810//810 809//809 791//791 
f 810//810 791//791 790//790 
f 811//811 810//810 790//790 
f 790//790 784//784 811//811 
f 784//784 812//812 811//811 
f 794//794 836//836 793//793 
f 836//836 796//796 793//793 
f 817//817 836//836 794//794 
f 837//837 796//796 836//836 
f 837//837 795//795 796//796 
f 795//795 837//837 814//814 
f 847//847 815//815 844//844 
f 797//797 795//795 814//814 
f 814//814 815//815 797//797 
f 815//815 814//814 844//844 
f 798//798 797//797 815//815 
f 815//815 818//818 798//798 
f 816//816 799//799 840//840 
f 841//841 843//843 816//816 
f 843//843 842//842 817//817 
f 842//842 836//836 817//817 
f 843//843 817//817 816//816 
f 816//816 817//817 813//813 
f 801//801 816//816 800//800 
f 799//799 816//816 801//801 
f 813//813 800//800 816//816 
f 847//847 818//818 815//815 
f 818//818 849//849 820//820 
f 819//819 820//820 849//849 
f 819//819 848//848 821//821 
f 821//821 848//848 822//822 
f 848//848 832//832 822//822 
f 802//802 823//823 821//821 
f 822//822 802//802 821//821 
f 820//820 821//821 823//823 
f 832//832 835//835 822//822 
f 821//821 820//820 819//819 
f 798//798 823//823 804//804 
f 812//812 803//803 835//835 
f 823//823 798//798 818//818 
f 818//818 820//820 823//823 
f 822//822 803//803 802//802 
f 835//835 803//803 822//822 
f 840//840 799//799 824//824 
f 824//824 808//808 826//826 
f 824//824 799//799 825//825 
f 824//824 825//825 808//808 
f 827//827 826//826 808//808 
f 828//828 851//851 827//827 
f 851//851 828//828 829//829 
f 829//829 852//852 851//851 
f 808//808 828//828 827//827 
f 829//829 830//830 852//852 
f 852//852 830//830 855//855 
f 828//828 808//808 829//829 
f 833//833 861//861 858//858 
f 829//829 774//774 830//830 
f 830//830 774//774 809//809 
f 830//830 809//809 831//831 
f 855//855 830//830 831//831 
f 809//809 810//810 831//831 
f 858//858 855//855 831//831 
f 810//810 833//833 831//831 
f 831//831 833//833 858//858 
f 832//832 861//861 834//834 
f 833//833 834//834 861//861 
f 834//834 835//835 832//832 
f 834//834 833//833 835//835 
f 811//811 812//812 835//835 
f 835//835 833//833 811//811 
f 867//867 837//837 836//836 
f 867//867 814//814 837//837 
f 844//844 814//814 868//868 
f 850//850 893//893 838//838 
f 841//841 838//838 839//839 
f 838//838 840//840 850//850 
f 839//839 865//865 843//843 
f 838//838 841//841 840//840 
f 840//840 841//841 816//816 
f 865//865 842//842 843//843 
f 843//843 841//841 839//839 
f 842//842 864//864 867//867 
f 842//842 867//867 836//836 
f 868//868 870//870 844//844 
f 844//844 870//870 847//847 
f 870//870 845//845 847//847 
f 871//871 845//845 870//870 
f 849//849 872//872 846//846 
f 818//818 847//847 845//845 
f 845//845 871//871 849//849 
f 818//818 845//845 849//849 
f 860//860 848//848 846//846 
f 849//849 846//846 819//819 
f 846//846 848//848 819//819 
f 848//848 860//860 832//832 
f 877//877 826//826 827//827 
f 850//850 840//840 824//824 
f 824//824 874//874 850//850 
f 874//874 824//824 826//826 
f 827//827 851//851 878//878 
f 878//878 851//851 888//888 
f 888//888 851//851 852//852 
f 853//853 852//852 854//854 
f 853//853 854//854 879//879 
f 852//852 855//855 854//854 
f 855//855 858//858 854//854 
f 858//858 856//856 854//854 
f 859//859 860//860 886//886 
f 886//886 857//857 859//859 
f 885//885 860//860 846//846 
f 860//860 885//885 886//886 
f 858//858 861//861 856//856 
f 856//856 861//861 857//857 
f 861//861 859//859 857//857 
f 859//859 861//861 832//832 
f 859//859 832//832 860//860 
f 862//862 895//895 863//863 
f 894//894 862//862 838//838 
f 838//838 893//893 894//894 
f 895//895 897//897 863//863 
f 839//839 838//838 862//862 
f 863//863 839//839 862//862 
f 863//863 865//865 839//839 
f 897//897 864//864 865//865 
f 863//863 897//897 865//865 
f 864//864 866//866 867//867 
f 865//865 864//864 842//842 
f 866//866 868//868 867//867 
f 868//868 866//866 901//901 
f 870//870 868//868 901//901 
f 814//814 867//867 868//868 
f 899//899 869//869 871//871 
f 869//869 872//872 871//871 
f 872//872 849//849 871//871 
f 899//899 871//871 870//870 
f 893//893 850//850 873//873 
f 903//903 873//873 874//874 
f 874//874 905//905 903//903 
f 905//905 874//874 875//875 
f 906//906 905//905 875//875 
f 906//906 875//875 876//876 
f 875//875 874//874 876//876 
f 877//877 876//876 874//874 
f 876//876 877//877 878//878 
f 876//876 878//878 911//911 
f 874//874 873//873 850//850 
f 877//877 874//874 826//826 
f 911//911 878//878 887//887 
f 827//827 878//878 877//877 
f 888//888 887//887 878//878 
f 927//927 879//879 919//919 
f 919//919 879//879 922//922 
f 922//922 882//882 883//883 
f 879//879 882//882 922//922 
f 881//881 885//885 884//884 
f 881//881 924//924 880//880 
f 880//880 924//924 883//883 
f 869//869 881//881 884//884 
f 872//872 884//884 885//885 
f 872//872 869//869 884//884 
f 882//882 854//854 856//856 
f 879//879 854//854 882//882 
f 857//857 883//883 882//882 
f 856//856 857//857 882//882 
f 886//886 880//880 883//883 
f 857//857 886//886 883//883 
f 885//885 881//881 880//880 
f 846//846 872//872 885//885 
f 886//886 885//885 880//880 
f 912//912 911//911 887//887 
f 926//926 887//887 927//927 
f 927//927 887//887 890//890 
f 890//890 879//879 927//927 
f 888//888 852//852 889//889 
f 889//889 852//852 853//853 
f 888//888 889//889 890//890 
f 890//890 889//889 853//853 
f 887//887 888//888 890//890 
f 890//890 853//853 879//879 
f 891//891 932//932 895//895 
f 940//940 942//942 937//937 
f 941//941 893//893 935//935 
f 894//894 893//893 941//941 
f 935//935 893//893 940//940 
f 940//940 892//892 942//942 
f 940//940 893//893 892//892 
f 891//891 862//862 894//894 
f 891//891 895//895 862//862 
f 945//945 896//896 895//895 
f 895//895 896//896 897//897 
f 896//896 864//864 897//897 
f 896//896 866//866 864//864 
f 896//896 898//898 866//866 
f 945//945 898//898 896//896 
f 945//945 900//900 898//898 
f 979//979 980//980 899//899 
f 870//870 898//898 900//900 
f 899//899 870//870 900//900 
f 866//866 898//898 901//901 
f 870//870 901//901 898//898 
f 869//869 899//899 980//980 
f 902//902 942//942 903//903 
f 905//905 902//902 903//903 
f 902//902 905//905 952//952 
f 952//952 905//905 904//904 
f 903//903 942//942 892//892 
f 893//893 873//873 892//892 
f 873//873 903//903 892//892 
f 904//904 905//905 906//906 
f 904//904 906//906 908//908 
f 907//907 904//904 908//908 
f 904//904 907//907 954//954 
f 876//876 908//908 906//906 
f 909//909 908//908 876//876 
f 908//908 909//909 907//907 
f 907//907 909//909 910//910 
f 907//907 910//910 956//956 
f 960//960 956//956 910//910 
f 876//876 911//911 909//909 
f 960//960 910//910 913//913 
f 909//909 911//911 912//912 
f 910//910 909//909 912//912 
f 910//910 912//912 913//913 
f 960//960 915//915 961//961 
f 915//915 913//913 916//916 
f 915//915 916//916 914//914 
f 915//915 914//914 961//961 
f 961//961 914//914 917//917 
f 913//913 926//926 916//916 
f 914//914 922//922 917//917 
f 922//922 923//923 917//917 
f 923//923 918//918 917//917 
f 926//926 927//927 916//916 
f 916//916 927//927 919//919 
f 916//916 919//919 914//914 
f 914//914 919//919 922//922 
f 963//963 921//921 920//920 
f 918//918 921//921 963//963 
f 924//924 921//921 918//918 
f 918//918 923//923 924//924 
f 920//920 921//921 881//881 
f 924//924 881//881 921//921 
f 980//980 920//920 869//869 
f 923//923 922//922 883//883 
f 869//869 920//920 925//925 
f 923//923 883//883 924//924 
f 881//881 869//869 925//925 
f 881//881 925//925 920//920 
f 913//913 912//912 926//926 
f 912//912 887//887 926//926 
f 971//971 935//935 972//972 
f 971//971 941//941 935//935 
f 894//894 941//941 928//928 
f 929//929 930//930 932//932 
f 929//929 891//891 928//928 
f 928//928 891//891 894//894 
f 929//929 932//932 891//891 
f 930//930 931//931 932//932 
f 931//931 895//895 932//932 
f 974//974 943//943 931//931 
f 931//931 945//945 895//895 
f 938//938 934//934 933//933 
f 935//935 937//937 933//933 
f 935//935 940//940 937//937 
f 938//938 933//933 937//937 
f 939//939 934//934 938//938 
f 934//934 939//939 936//936 
f 976//976 936//936 947//947 
f 948//948 936//936 939//939 
f 942//942 938//938 937//937 
f 938//938 942//942 939//939 
f 902//902 939//939 942//942 
f 902//902 948//948 939//939 
f 931//931 943//943 945//945 
f 945//945 943//943 946//946 
f 946//946 943//943 944//944 
f 946//946 900//900 945//945 
f 900//900 946//946 944//944 
f 899//899 900//900 944//944 
f 944//944 979//979 899//899 
f 947//947 936//936 948//948 
f 952//952 948//948 902//902 
f 947//947 948//948 949//949 
f 952//952 949//949 948//948 
f 947//947 949//949 950//950 
f 949//949 952//952 904//904 
f 904//904 950//950 949//949 
f 950//950 904//904 954//954 
f 950//950 954//954 951//951 
f 953//953 951//951 954//954 
f 951//951 953//953 984//984 
f 984//984 953//953 955//955 
f 984//984 955//955 985//985 
f 985//985 955//955 957//957 
f 957//957 986//986 985//985 
f 954//954 907//907 956//956 
f 956//956 955//955 953//953 
f 956//956 953//953 954//954 
f 957//957 959//959 986//986 
f 956//956 960//960 955//955 
f 958//958 955//955 960//960 
f 957//957 958//958 961//961 
f 955//955 958//958 957//957 
f 959//959 957//957 961//961 
f 987//987 962//962 980//980 
f 987//987 959//959 964//964 
f 987//987 964//964 962//962 
f 913//913 915//915 960//960 
f 961//961 958//958 960//960 
f 964//964 963//963 962//962 
f 961//961 964//964 959//959 
f 917//917 964//964 961//961 
f 963//963 980//980 962//962 
f 980//980 963//963 920//920 
f 918//918 963//963 964//964 
f 964//964 917//917 918//918 
f 966//966 965//965 968//968 
f 965//965 971//971 968//968 
f 928//928 965//965 989//989 
f 993//993 970//970 975//975 
f 972//972 968//968 971//971 
f 968//968 972//972 969//969 
f 933//933 969//969 972//972 
f 935//935 933//933 972//972 
f 969//969 933//933 970//970 
f 965//965 928//928 941//941 
f 971//971 965//965 941//941 
f 990//990 973//973 967//967 
f 929//929 928//928 967//967 
f 994//994 931//931 973//973 
f 967//967 930//930 929//929 
f 967//967 973//973 930//930 
f 974//974 931//931 994//994 
f 931//931 930//930 973//973 
f 995//995 978//978 974//974 
f 978//978 943//943 974//974 
f 975//975 970//970 934//934 
f 997//997 975//975 976//976 
f 976//976 977//977 997//997 
f 934//934 970//970 933//933 
f 934//934 936//936 975//975 
f 975//975 936//936 976//976 
f 1000//1000 998//998 981//981 
f 977//977 981//981 998//998 
f 982//982 999//999 1000//1000 
f 947//947 977//977 976//976 
f 982//982 983//983 999//999 
f 999//999 983//983 1001//1001 
f 1004//1004 987//987 1003//1003 
f 1004//1004 1002//1002 986//986 
f 987//987 1004//1004 986//986 
f 1003//1003 980//980 1005//1005 
f 1003//1003 987//987 980//980 
f 1005//1005 979//979 978//978 
f 1005//1005 980//980 979//979 
f 944//944 943//943 978//978 
f 944//944 978//978 979//979 
f 977//977 947//947 981//981 
f 1000//1000 981//981 982//982 
f 950//950 981//981 947//947 
f 981//981 950//950 951//951 
f 981//981 951//951 982//982 
f 1002//1002 1001//1001 983//983 
f 984//984 982//982 951//951 
f 982//982 984//984 983//983 
f 983//983 984//984 985//985 
f 983//983 985//985 1002//1002 
f 985//985 986//986 1002//1002 
f 987//987 986//986 959//959 
f 1009//1009 988//988 970//970 
f 1007//1007 1008//1008 966//966 
f 1007//1007 966//966 968//968 
f 1007//1007 968//968 988//988 
f 989//989 965//965 1008//1008 
f 966//966 1008//1008 965//965 
f 991//991 973//973 990//990 
f 988//988 968//968 969//969 
f 970//970 988//988 969//969 
f 997//997 992//992 1037//1037 
f 1038//1038 1037//1037 992//992 
f 993//993 975//975 997//997 
f 1037//1037 993//993 997//997 
f 1011//1011 1010//1010 996//996 
f 1010//1010 1014//1014 996//996 
f 1014//1014 1023//1023 1004//1004 
f 991//991 994//994 973//973 
f 1011//1011 994//994 991//991 
f 1011//1011 995//995 994//994 
f 995//995 974//974 994//994 
f 995//995 1011//1011 996//996 
f 978//978 995//995 996//996 
f 1012//1012 992//992 998//998 
f 997//997 977//977 992//992 
f 998//998 992//992 977//977 
f 1012//1012 998//998 1000//1000 
f 1012//1012 1000//1000 999//999 
f 1003//1003 1014//1014 1004//1004 
f 1002//1002 1004//1004 1001//1001 
f 996//996 1014//1014 978//978 
f 1005//1005 978//978 1014//1014 
f 1014//1014 1003//1003 1005//1005 
f 1017//1017 1019//1019 1008//1008 
f 1017//1017 1007//1007 1018//1018 
f 1007//1007 1017//1017 1008//1008 
f 1006//1006 1018//1018 1007//1007 
f 1019//1019 1015//1015 989//989 
f 989//989 1008//1008 1019//1019 
f 989//989 1015//1015 928//928 
f 1015//1015 967//967 928//928 
f 1020//1020 991//991 990//990 
f 991//991 1036//1036 1011//1011 
f 1037//1037 1051//1051 1009//1009 
f 993//993 1037//1037 1009//1009 
f 1006//1006 1007//1007 988//988 
f 993//993 1009//1009 970//970 
f 988//988 1051//1051 1006//1006 
f 988//988 1009//1009 1051//1051 
f 1010//1010 1022//1022 1014//1014 
f 1038//1038 992//992 1012//1012 
f 1038//1038 1012//1012 1039//1039 
f 1039//1039 1012//1012 999//999 
f 1001//1001 1004//1004 1013//1013 
f 1001//1001 1039//1039 999//999 
f 1013//1013 1039//1039 1001//1001 
f 1023//1023 1013//1013 1004//1004 
f 1027//1027 1018//1018 1026//1026 
f 1026//1026 1018//1018 1006//1006 
f 1017//1017 1027//1027 1029//1029 
f 1027//1027 1017//1017 1018//1018 
f 1019//1019 1017//1017 1029//1029 
f 1034//1034 1016//1016 1031//1031 
f 1015//1015 1030//1030 1031//1031 
f 1031//1031 1016//1016 1015//1015 
f 1030//1030 1019//1019 1029//1029 
f 1030//1030 1015//1015 1019//1019 
f 1015//1015 1016//1016 967//967 
f 1016//1016 990//990 967//967 
f 1016//1016 1020//1020 990//990 
f 1035//1035 991//991 1020//1020 
f 991//991 1035//1035 1036//1036 
f 1021//1021 1011//1011 1036//1036 
f 1022//1022 1011//1011 1021//1021 
f 1013//1013 1063//1063 1040//1040 
f 1022//1022 1023//1023 1014//1014 
f 1023//1023 1063//1063 1013//1013 
f 1039//1039 1013//1013 1040//1040 
f 1022//1022 1010//1010 1011//1011 
f 1024//1024 1044//1044 1030//1030 
f 1050//1050 1026//1026 1052//1052 
f 1026//1026 1050//1050 1027//1027 
f 1050//1050 1054//1054 1027//1027 
f 1026//1026 1006//1006 1052//1052 
f 1028//1028 1024//1024 1029//1029 
f 1029//1029 1027//1027 1028//1028 
f 1027//1027 1054//1054 1028//1028 
f 1024//1024 1030//1030 1029//1029 
f 1044//1044 1031//1031 1030//1030 
f 1031//1031 1044//1044 1025//1025 
f 1032//1032 1031//1031 1025//1025 
f 1025//1025 1048//1048 1032//1032 
f 1032//1032 1033//1033 1031//1031 
f 1031//1031 1033//1033 1034//1034 
f 1032//1032 1048//1048 1033//1033 
f 1048//1048 1049//1049 1033//1033 
f 1049//1049 1035//1035 1033//1033 
f 1049//1049 1055//1055 1035//1035 
f 1055//1055 1036//1036 1035//1035 
f 1056//1056 1036//1036 1055//1055 
f 1020//1020 1016//1016 1034//1034 
f 1033//1033 1020//1020 1034//1034 
f 1020//1020 1033//1033 1035//1035 
f 1058//1058 1038//1038 1039//1039 
f 1056//1056 1021//1021 1036//1036 
f 1022//1022 1021//1021 1078//1078 
f 1022//1022 1078//1078 1023//1023 
f 1023//1023 1078//1078 1062//1062 
f 1063//1063 1023//1023 1062//1062 
f 1041//1041 1042//1042 1054//1054 
f 1068//1068 1042//1042 1041//1041 
f 1066//1066 1041//1041 1054//1054 
f 1044//1044 1024//1024 1042//1042 
f 1068//1068 1044//1044 1042//1042 
f 1044//1044 1069//1069 1043//1043 
f 1068//1068 1069//1069 1044//1044 
f 1070//1070 1043//1043 1069//1069 
f 1028//1028 1054//1054 1042//1042 
f 1024//1024 1028//1028 1042//1042 
f 1072//1072 1045//1045 1043//1043 
f 1043//1043 1045//1045 1044//1044 
f 1072//1072 1046//1046 1045//1045 
f 1072//1072 1074//1074 1046//1046 
f 1074//1074 1047//1047 1046//1046 
f 1075//1075 1056//1056 1047//1047 
f 1044//1044 1045//1045 1025//1025 
f 1045//1045 1048//1048 1025//1025 
f 1045//1045 1046//1046 1048//1048 
f 1046//1046 1049//1049 1048//1048 
f 1047//1047 1055//1055 1049//1049 
f 1047//1047 1049//1049 1046//1046 
f 1056//1056 1055//1055 1047//1047 
f 1100//1100 1051//1051 1053//1053 
f 1100//1100 1052//1052 1051//1051 
f 1006//1006 1051//1051 1052//1052 
f 1079//1079 1078//1078 1021//1021 
f 1062//1062 1078//1078 1080//1080 
f 1079//1079 1021//1021 1056//1056 
f 1037//1037 1053//1053 1051//1051 
f 1037//1037 1038//1038 1057//1057 
f 1038//1038 1082//1082 1057//1057 
f 1082//1082 1038//1038 1058//1058 
f 1059//1059 1082//1082 1058//1058 
f 1082//1082 1059//1059 1083//1083 
f 1083//1083 1059//1059 1084//1084 
f 1058//1058 1039//1039 1059//1059 
f 1059//1059 1039//1039 1040//1040 
f 1059//1059 1040//1040 1060//1060 
f 1040//1040 1061//1061 1060//1060 
f 1061//1061 1063//1063 1080//1080 
f 1080//1080 1063//1063 1062//1062 
f 1061//1061 1040//1040 1063//1063 
f 1085//1085 1066//1066 1050//1050 
f 1085//1085 1050//1050 1065//1065 
f 1054//1054 1050//1050 1066//1066 
f 1067//1067 1068//1068 1041//1041 
f 1064//1064 1067//1067 1041//1041 
f 1041//1041 1066//1066 1064//1064 
f 1067//1067 1069//1069 1068//1068 
f 1069//1069 1091//1091 1070//1070 
f 1091//1091 1071//1071 1070//1070 
f 1071//1071 1072//1072 1070//1070 
f 1071//1071 1074//1074 1072//1072 
f 1095//1095 1074//1074 1071//1071 
f 1095//1095 1073//1073 1074//1074 
f 1095//1095 1093//1093 1073//1073 
f 1093//1093 1096//1096 1073//1073 
f 1070//1070 1072//1072 1043//1043 
f 1099//1099 1073//1073 1096//1096 
f 1078//1078 1099//1099 1098//1098 
f 1073//1073 1075//1075 1047//1047 
f 1073//1073 1047//1047 1074//1074 
f 1099//1099 1075//1075 1073//1073 
f 1056//1056 1075//1075 1079//1079 
f 1079//1079 1075//1075 1099//1099 
f 1052//1052 1065//1065 1050//1050 
f 1065//1065 1052//1052 1117//1117 
f 1101//1101 1100//1100 1053//1053 
f 1081//1081 1101//1101 1076//1076 
f 1101//1101 1053//1053 1076//1076 
f 1037//1037 1076//1076 1053//1053 
f 1077//1077 1107//1107 1106//1106 
f 1099//1099 1078//1078 1079//1079 
f 1078//1078 1098//1098 1080//1080 
f 1098//1098 1107//1107 1080//1080 
f 1076//1076 1037//1037 1057//1057 
f 1081//1081 1076//1076 1057//1057 
f 1081//1081 1057//1057 1082//1082 
f 1082//1082 1104//1104 1081//1081 
f 1082//1082 1083//1083 1104//1104 
f 1104//1104 1083//1083 1084//1084 
f 1084//1084 1060//1060 1077//1077 
f 1084//1084 1059//1059 1060//1060 
f 1107//1107 1077//1077 1061//1061 
f 1107//1107 1061//1061 1080//1080 
f 1061//1061 1077//1077 1060//1060 
f 1088//1088 1108//1108 1089//1089 
f 1125//1125 1108//1108 1088//1088 
f 1108//1108 1091//1091 1089//1089 
f 1109//1109 1091//1091 1108//1108 
f 1091//1091 1109//1109 1110//1110 
f 1065//1065 1128//1128 1085//1085 
f 1128//1128 1124//1124 1085//1085 
f 1085//1085 1087//1087 1066//1066 
f 1124//1124 1086//1086 1087//1087 
f 1085//1085 1124//1124 1087//1087 
f 1125//1125 1088//1088 1086//1086 
f 1125//1125 1086//1086 1124//1124 
f 1066//1066 1087//1087 1064//1064 
f 1088//1088 1089//1089 1067//1067 
f 1086//1086 1088//1088 1067//1067 
f 1064//1064 1087//1087 1086//1086 
f 1067//1067 1064//1064 1086//1086 
f 1089//1089 1069//1069 1067//1067 
f 1089//1089 1091//1091 1069//1069 
f 1091//1091 1110//1110 1092//1092 
f 1090//1090 1092//1092 1110//1110 
f 1093//1093 1090//1090 1111//1111 
f 1111//1111 1094//1094 1093//1093 
f 1118//1118 1097//1097 1094//1094 
f 1091//1091 1092//1092 1071//1071 
f 1092//1092 1095//1095 1071//1071 
f 1090//1090 1095//1095 1092//1092 
f 1093//1093 1095//1095 1090//1090 
f 1096//1096 1093//1093 1097//1097 
f 1094//1094 1097//1097 1093//1093 
f 1097//1097 1099//1099 1096//1096 
f 1099//1099 1097//1097 1098//1098 
f 1102//1102 1101//1101 1081//1081 
f 1102//1102 1081//1081 1104//1104 
f 1102//1102 1104//1104 1103//1103 
f 1115//1115 1105//1105 1106//1106 
f 1105//1105 1084//1084 1106//1106 
f 1103//1103 1104//1104 1115//1115 
f 1105//1105 1115//1115 1104//1104 
f 1116//1116 1106//1106 1107//1107 
f 1105//1105 1104//1104 1084//1084 
f 1084//1084 1077//1077 1106//1106 
f 1125//1125 1126//1126 1108//1108 
f 1108//1108 1126//1126 1109//1109 
f 1126//1126 1149//1149 1109//1109 
f 1109//1109 1149//1149 1110//1110 
f 1127//1127 1111//1111 1149//1149 
f 1111//1111 1127//1127 1118//1118 
f 1097//1097 1118//1118 1119//1119 
f 1110//1110 1111//1111 1090//1090 
f 1149//1149 1111//1111 1110//1110 
f 1094//1094 1111//1111 1118//1118 
f 1116//1116 1107//1107 1112//1112 
f 1107//1107 1098//1098 1112//1112 
f 1052//1052 1100//1100 1120//1120 
f 1113//1113 1101//1101 1102//1102 
f 1113//1113 1102//1102 1114//1114 
f 1114//1114 1102//1102 1103//1103 
f 1114//1114 1103//1103 1115//1115 
f 1106//1106 1116//1116 1115//1115 
f 1117//1117 1128//1128 1065//1065 
f 1118//1118 1127//1127 1131//1131 
f 1131//1131 1119//1119 1118//1118 
f 1097//1097 1119//1119 1098//1098 
f 1156//1156 1098//1098 1119//1119 
f 1156//1156 1112//1112 1098//1098 
f 1115//1115 1116//1116 1138//1138 
f 1117//1117 1120//1120 1150//1150 
f 1128//1128 1117//1117 1150//1150 
f 1120//1120 1121//1121 1129//1129 
f 1052//1052 1120//1120 1117//1117 
f 1119//1119 1131//1131 1156//1156 
f 1121//1121 1120//1120 1100//1100 
f 1100//1100 1122//1122 1121//1121 
f 1101//1101 1122//1122 1100//1100 
f 1123//1123 1122//1122 1101//1101 
f 1123//1123 1101//1101 1136//1136 
f 1136//1136 1101//1101 1113//1113 
f 1136//1136 1113//1113 1114//1114 
f 1115//1115 1137//1137 1114//1114 
f 1141//1141 1125//1125 1124//1124 
f 1124//1124 1139//1139 1141//1141 
f 1139//1139 1124//1124 1128//1128 
f 1143//1143 1144//1144 1126//1126 
f 1144//1144 1145//1145 1126//1126 
f 1125//1125 1143//1143 1126//1126 
f 1127//1127 1149//1149 1146//1146 
f 1120//1120 1130//1130 1150//1150 
f 1129//1129 1130//1130 1120//1120 
f 1122//1122 1129//1129 1121//1121 
f 1112//1112 1157//1157 1116//1116 
f 1132//1132 1122//1122 1123//1123 
f 1132//1132 1123//1123 1133//1133 
f 1133//1133 1123//1123 1136//1136 
f 1133//1133 1136//1136 1134//1134 
f 1134//1134 1136//1136 1137//1137 
f 1134//1134 1137//1137 1135//1135 
f 1154//1154 1135//1135 1160//1160 
f 1136//1136 1114//1114 1137//1137 
f 1160//1160 1135//1135 1137//1137 
f 1115//1115 1138//1138 1137//1137 
f 1160//1160 1137//1137 1138//1138 
f 1139//1139 1165//1165 1166//1166 
f 1166//1166 1141//1141 1139//1139 
f 1165//1165 1139//1139 1150//1150 
f 1140//1140 1141//1141 1161//1161 
f 1140//1140 1182//1182 1142//1142 
f 1140//1140 1143//1143 1125//1125 
f 1125//1125 1141//1141 1140//1140 
f 1139//1139 1128//1128 1150//1150 
f 1142//1142 1144//1144 1143//1143 
f 1140//1140 1142//1142 1143//1143 
f 1146//1146 1149//1149 1145//1145 
f 1145//1145 1149//1149 1126//1126 
f 1148//1148 1131//1131 1147//1147 
f 1131//1131 1148//1148 1156//1156 
f 1147//1147 1127//1127 1146//1146 
f 1147//1147 1131//1131 1127//1127 
f 1164//1164 1150//1150 1168//1168 
f 1168//1168 1129//1129 1151//1151 
f 1151//1151 1129//1129 1132//1132 
f 1132//1132 1152//1152 1151//1151 
f 1152//1152 1132//1132 1153//1153 
f 1130//1130 1168//1168 1150//1150 
f 1130//1130 1129//1129 1168//1168 
f 1173//1173 1153//1153 1158//1158 
f 1173//1173 1158//1158 1159//1159 
f 1132//1132 1129//1129 1122//1122 
f 1159//1159 1154//1154 1174//1174 
f 1177//1177 1154//1154 1155//1155 
f 1175//1175 1157//1157 1178//1178 
f 1176//1176 1157//1157 1175//1175 
f 1155//1155 1157//1157 1176//1176 
f 1178//1178 1112//1112 1156//1156 
f 1157//1157 1112//1112 1178//1178 
f 1138//1138 1157//1157 1155//1155 
f 1116//1116 1157//1157 1138//1138 
f 1132//1132 1133//1133 1153//1153 
f 1133//1133 1134//1134 1158//1158 
f 1153//1153 1133//1133 1158//1158 
f 1158//1158 1134//1134 1159//1159 
f 1159//1159 1134//1134 1135//1135 
f 1154//1154 1160//1160 1155//1155 
f 1160//1160 1138//1138 1155//1155 
f 1159//1159 1135//1135 1154//1154 
f 1181//1181 1182//1182 1161//1161 
f 1161//1161 1182//1182 1140//1140 
f 1183//1183 1162//1162 1182//1182 
f 1162//1162 1183//1183 1184//1184 
f 1162//1162 1184//1184 1163//1163 
f 1184//1184 1167//1167 1163//1163 
f 1182//1182 1162//1162 1142//1142 
f 1162//1162 1144//1144 1142//1142 
f 1162//1162 1163//1163 1144//1144 
f 1165//1165 1164//1164 1187//1187 
f 1187//1187 1186//1186 1165//1165 
f 1186//1186 1166//1166 1165//1165 
f 1164//1164 1188//1188 1187//1187 
f 1188//1188 1164//1164 1168//1168 
f 1215//1215 1188//1188 1168//1168 
f 1161//1161 1141//1141 1166//1166 
f 1150//1150 1164//1164 1165//1165 
f 1163//1163 1145//1145 1144//1144 
f 1163//1163 1167//1167 1145//1145 
f 1167//1167 1146//1146 1145//1145 
f 1146//1146 1167//1167 1147//1147 
f 1189//1189 1156//1156 1148//1148 
f 1169//1169 1215//1215 1168//1168 
f 1152//1152 1169//1169 1151//1151 
f 1169//1169 1168//1168 1151//1151 
f 1169//1169 1152//1152 1170//1170 
f 1169//1169 1170//1170 1215//1215 
f 1196//1196 1170//1170 1171//1171 
f 1170//1170 1152//1152 1153//1153 
f 1170//1170 1153//1153 1171//1171 
f 1171//1171 1153//1153 1173//1173 
f 1196//1196 1171//1171 1173//1173 
f 1197//1197 1196//1196 1173//1173 
f 1173//1173 1174//1174 1197//1197 
f 1197//1197 1174//1174 1172//1172 
f 1172//1172 1174//1174 1177//1177 
f 1177//1177 1200//1200 1172//1172 
f 1159//1159 1174//1174 1173//1173 
f 1177//1177 1176//1176 1200//1200 
f 1175//1175 1200//1200 1176//1176 
f 1155//1155 1176//1176 1177//1177 
f 1154//1154 1177//1177 1174//1174 
f 1192//1192 1175//1175 1178//1178 
f 1178//1178 1156//1156 1192//1192 
f 1179//1179 1186//1186 1187//1187 
f 1201//1201 1181//1181 1180//1180 
f 1180//1180 1186//1186 1208//1208 
f 1210//1210 1181//1181 1201//1201 
f 1161//1161 1180//1180 1181//1181 
f 1210//1210 1203//1203 1183//1183 
f 1183//1183 1181//1181 1210//1210 
f 1186//1186 1180//1180 1166//1166 
f 1180//1180 1161//1161 1166//1166 
f 1203//1203 1184//1184 1183//1183 
f 1237//1237 1167//1167 1184//1184 
f 1181//1181 1183//1183 1182//1182 
f 1211//1211 1147//1147 1167//1167 
f 1206//1206 1179//1179 1185//1185 
f 1214//1214 1212//1212 1185//1185 
f 1187//1187 1185//1185 1179//1179 
f 1187//1187 1188//1188 1185//1185 
f 1188//1188 1214//1214 1185//1185 
f 1188//1188 1215//1215 1214//1214 
f 1223//1223 1199//1199 1191//1191 
f 1195//1195 1199//1199 1223//1223 
f 1148//1148 1147//1147 1189//1189 
f 1191//1191 1190//1190 1221//1221 
f 1190//1190 1191//1191 1192//1192 
f 1191//1191 1175//1175 1192//1192 
f 1199//1199 1175//1175 1191//1191 
f 1156//1156 1189//1189 1190//1190 
f 1190//1190 1192//1192 1156//1156 
f 1215//1215 1170//1170 1250//1250 
f 1250//1250 1170//1170 1193//1193 
f 1193//1193 1170//1170 1196//1196 
f 1193//1193 1196//1196 1194//1194 
f 1194//1194 1196//1196 1198//1198 
f 1198//1198 1224//1224 1194//1194 
f 1224//1224 1198//1198 1195//1195 
f 1198//1198 1197//1197 1172//1172 
f 1197//1197 1198//1198 1196//1196 
f 1198//1198 1172//1172 1195//1195 
f 1195//1195 1200//1200 1199//1199 
f 1172//1172 1200//1200 1195//1195 
f 1199//1199 1200//1200 1175//1175 
f 1204//1204 1233//1233 1208//1208 
f 1225//1225 1201//1201 1233//1233 
f 1233//1233 1201//1201 1208//1208 
f 1180//1180 1208//1208 1201//1201 
f 1203//1203 1210//1210 1202//1202 
f 1237//1237 1184//1184 1203//1203 
f 1204//1204 1207//1207 1205//1205 
f 1206//1206 1205//1205 1207//1207 
f 1204//1204 1209//1209 1207//1207 
f 1179//1179 1207//1207 1209//1209 
f 1209//1209 1204//1204 1208//1208 
f 1209//1209 1186//1186 1179//1179 
f 1186//1186 1209//1209 1208//1208 
f 1206//1206 1207//1207 1179//1179 
f 1202//1202 1210//1210 1201//1201 
f 1167//1167 1237//1237 1211//1211 
f 1211//1211 1248//1248 1147//1147 
f 1189//1189 1147//1147 1248//1248 
f 1249//1249 1189//1189 1248//1248 
f 1189//1189 1249//1249 1221//1221 
f 1212//1212 1215//1215 1213//1213 
f 1185//1185 1212//1212 1206//1206 
f 1215//1215 1212//1212 1214//1214 
f 1213//1213 1215//1215 1250//1250 
f 1250//1250 1193//1193 1216//1216 
f 1218//1218 1220//1220 1255//1255 
f 1217//1217 1224//1224 1218//1218 
f 1194//1194 1217//1217 1216//1216 
f 1224//1224 1217//1217 1194//1194 
f 1218//1218 1224//1224 1195//1195 
f 1249//1249 1219//1219 1221//1221 
f 1220//1220 1222//1222 1254//1254 
f 1254//1254 1222//1222 1219//1219 
f 1218//1218 1195//1195 1220//1220 
f 1254//1254 1255//1255 1220//1220 
f 1195//1195 1223//1223 1220//1220 
f 1219//1219 1222//1222 1221//1221 
f 1222//1222 1220//1220 1223//1223 
f 1190//1190 1189//1189 1221//1221 
f 1191//1191 1222//1222 1223//1223 
f 1222//1222 1191//1191 1221//1221 
f 1216//1216 1193//1193 1194//1194 
f 1227//1227 1275//1275 1232//1232 
f 1275//1275 1276//1276 1225//1225 
f 1232//1232 1275//1275 1225//1225 
f 1276//1276 1280//1280 1225//1225 
f 1226//1226 1229//1229 1228//1228 
f 1227//1227 1229//1229 1226//1226 
f 1232//1232 1230//1230 1227//1227 
f 1295//1295 1228//1228 1239//1239 
f 1228//1228 1229//1229 1239//1239 
f 1295//1295 1239//1239 1240//1240 
f 1205//1205 1239//1239 1229//1229 
f 1205//1205 1229//1229 1204//1204 
f 1229//1229 1227//1227 1230//1230 
f 1239//1239 1205//1205 1240//1240 
f 1232//1232 1231//1231 1230//1230 
f 1204//1204 1230//1230 1231//1231 
f 1230//1230 1204//1204 1229//1229 
f 1231//1231 1233//1233 1204//1204 
f 1232//1232 1233//1233 1231//1231 
f 1225//1225 1233//1233 1232//1232 
f 1280//1280 1202//1202 1225//1225 
f 1201//1201 1225//1225 1202//1202 
f 1235//1235 1234//1234 1290//1290 
f 1290//1290 1292//1292 1235//1235 
f 1292//1292 1236//1236 1235//1235 
f 1280//1280 1203//1203 1202//1202 
f 1203//1203 1280//1280 1234//1234 
f 1236//1236 1238//1238 1235//1235 
f 1292//1292 1294//1294 1236//1236 
f 1294//1294 1244//1244 1236//1236 
f 1234//1234 1237//1237 1203//1203 
f 1235//1235 1237//1237 1234//1234 
f 1238//1238 1237//1237 1235//1235 
f 1211//1211 1237//1237 1238//1238 
f 1240//1240 1241//1241 1295//1295 
f 1240//1240 1212//1212 1241//1241 
f 1205//1205 1206//1206 1240//1240 
f 1212//1212 1240//1240 1206//1206 
f 1307//1307 1252//1252 1304//1304 
f 1304//1304 1252//1252 1253//1253 
f 1310//1310 1311//1311 1243//1243 
f 1243//1243 1311//1311 1253//1253 
f 1246//1246 1236//1236 1244//1244 
f 1246//1246 1244//1244 1245//1245 
f 1245//1245 1244//1244 1308//1308 
f 1245//1245 1308//1308 1310//1310 
f 1243//1243 1247//1247 1310//1310 
f 1310//1310 1247//1247 1245//1245 
f 1248//1248 1211//1211 1238//1238 
f 1248//1248 1246//1246 1249//1249 
f 1236//1236 1248//1248 1238//1238 
f 1246//1246 1248//1248 1236//1236 
f 1245//1245 1249//1249 1246//1246 
f 1219//1219 1249//1249 1245//1245 
f 1219//1219 1245//1245 1247//1247 
f 1219//1219 1247//1247 1254//1254 
f 1303//1303 1242//1242 1216//1216 
f 1303//1303 1216//1216 1251//1251 
f 1251//1251 1307//1307 1303//1303 
f 1241//1241 1212//1212 1213//1213 
f 1242//1242 1241//1241 1213//1213 
f 1252//1252 1307//1307 1251//1251 
f 1250//1250 1242//1242 1213//1213 
f 1216//1216 1242//1242 1250//1250 
f 1217//1217 1251//1251 1216//1216 
f 1251//1251 1217//1217 1252//1252 
f 1252//1252 1217//1217 1218//1218 
f 1218//1218 1253//1253 1252//1252 
f 1247//1247 1243//1243 1254//1254 
f 1253//1253 1255//1255 1243//1243 
f 1255//1255 1254//1254 1243//1243 
f 1218//1218 1255//1255 1253//1253 
f 1343//1343 1259//1259 1342//1342 
f 1343//1343 1258//1258 1259//1259 
f 1259//1259 1260//1260 1342//1342 
f 1342//1342 1260//1260 1256//1256 
f 1260//1260 1257//1257 1256//1256 
f 1260//1260 1259//1259 1266//1266 
f 1258//1258 1262//1262 1259//1259 
f 1357//1357 1257//1257 1267//1267 
f 1266//1266 1259//1259 1262//1262 
f 1262//1262 1258//1258 1261//1261 
f 1257//1257 1260//1260 1267//1267 
f 1263//1263 1258//1258 1351//1351 
f 1262//1262 1269//1269 1270//1270 
f 1266//1266 1262//1262 1270//1270 
f 1269//1269 1262//1262 1261//1261 
f 1263//1263 1269//1269 1261//1261 
f 1258//1258 1263//1263 1261//1261 
f 1263//1263 1265//1265 1264//1264 
f 1266//1266 1270//1270 1271//1271 
f 1260//1260 1266//1266 1267//1267 
f 1266//1266 1271//1271 1267//1267 
f 1268//1268 1357//1357 1267//1267 
f 1272//1272 1268//1268 1267//1267 
f 1281//1281 1357//1357 1268//1268 
f 1267//1267 1271//1271 1272//1272 
f 1272//1272 1271//1271 1283//1283 
f 1263//1263 1264//1264 1274//1274 
f 1269//1269 1263//1263 1274//1274 
f 1271//1271 1270//1270 1283//1283 
f 1270//1270 1273//1273 1283//1283 
f 1270//1270 1274//1274 1273//1273 
f 1274//1274 1270//1270 1269//1269 
f 1274//1274 1227//1227 1273//1273 
f 1274//1274 1275//1275 1227//1227 
f 1273//1273 1227//1227 1226//1226 
f 1273//1273 1226//1226 1283//1283 
f 1275//1275 1274//1274 1264//1264 
f 1265//1265 1276//1276 1264//1264 
f 1265//1265 1278//1278 1276//1276 
f 1361//1361 1278//1278 1265//1265 
f 1361//1361 1377//1377 1278//1278 
f 1377//1377 1277//1277 1278//1278 
f 1264//1264 1276//1276 1275//1275 
f 1278//1278 1280//1280 1276//1276 
f 1279//1279 1277//1277 1378//1378 
f 1378//1378 1381//1381 1279//1279 
f 1284//1284 1279//1279 1381//1381 
f 1278//1278 1234//1234 1280//1280 
f 1278//1278 1277//1277 1234//1234 
f 1272//1272 1283//1283 1282//1282 
f 1281//1281 1268//1268 1282//1282 
f 1282//1282 1268//1268 1272//1272 
f 1226//1226 1228//1228 1283//1283 
f 1282//1282 1283//1283 1228//1228 
f 1281//1281 1282//1282 1228//1228 
f 1281//1281 1228//1228 1295//1295 
f 1281//1281 1297//1297 1384//1384 
f 1396//1396 1285//1285 1284//1284 
f 1397//1397 1285//1285 1396//1396 
f 1286//1286 1285//1285 1397//1397 
f 1234//1234 1277//1277 1290//1290 
f 1277//1277 1279//1279 1290//1290 
f 1288//1288 1279//1279 1284//1284 
f 1289//1289 1288//1288 1284//1284 
f 1285//1285 1289//1289 1284//1284 
f 1286//1286 1291//1291 1285//1285 
f 1285//1285 1291//1291 1289//1289 
f 1279//1279 1288//1288 1290//1290 
f 1291//1291 1305//1305 1308//1308 
f 1286//1286 1287//1287 1305//1305 
f 1286//1286 1305//1305 1291//1291 
f 1292//1292 1290//1290 1288//1288 
f 1288//1288 1294//1294 1292//1292 
f 1289//1289 1294//1294 1288//1288 
f 1294//1294 1289//1289 1291//1291 
f 1291//1291 1293//1293 1294//1294 
f 1291//1291 1308//1308 1293//1293 
f 1294//1294 1293//1293 1244//1244 
f 1297//1297 1281//1281 1295//1295 
f 1384//1384 1297//1297 1296//1296 
f 1297//1297 1295//1295 1241//1241 
f 1297//1297 1242//1242 1296//1296 
f 1297//1297 1241//1241 1242//1242 
f 1303//1303 1296//1296 1242//1242 
f 1296//1296 1303//1303 1298//1298 
f 1299//1299 1400//1400 1298//1298 
f 1299//1299 1300//1300 1401//1401 
f 1307//1307 1299//1299 1298//1298 
f 1298//1298 1303//1303 1307//1307 
f 1299//1299 1304//1304 1300//1300 
f 1307//1307 1304//1304 1299//1299 
f 1306//1306 1300//1300 1304//1304 
f 1306//1306 1302//1302 1300//1300 
f 1309//1309 1305//1305 1301//1301 
f 1304//1304 1311//1311 1306//1306 
f 1287//1287 1301//1301 1305//1305 
f 1309//1309 1301//1301 1302//1302 
f 1302//1302 1306//1306 1309//1309 
f 1309//1309 1311//1311 1310//1310 
f 1253//1253 1311//1311 1304//1304 
f 1311//1311 1309//1309 1306//1306 
f 1309//1309 1310//1310 1305//1305 
f 1293//1293 1308//1308 1244//1244 
f 1310//1310 1308//1308 1305//1305 
f 1417//1417 1418//1418 1321//1321 
f 1315//1315 1313//1313 1312//1312 
f 1313//1313 1314//1314 1426//1426 
f 1317//1317 1426//1426 1314//1314 
f 1319//1319 1314//1314 1313//1313 
f 1319//1319 1313//1313 1315//1315 
f 1312//1312 1316//1316 1318//1318 
f 1315//1315 1312//1312 1318//1318 
f 1328//1328 1314//1314 1319//1319 
f 1328//1328 1317//1317 1314//1314 
f 1318//1318 1323//1323 1322//1322 
f 1316//1316 1320//1320 1318//1318 
f 1318//1318 1322//1322 1315//1315 
f 1315//1315 1322//1322 1319//1319 
f 1416//1416 1417//1417 1320//1320 
f 1320//1320 1316//1316 1416//1416 
f 1321//1321 1320//1320 1417//1417 
f 1319//1319 1330//1330 1328//1328 
f 1319//1319 1322//1322 1330//1330 
f 1321//1321 1324//1324 1320//1320 
f 1320//1320 1324//1324 1325//1325 
f 1320//1320 1323//1323 1318//1318 
f 1321//1321 1431//1431 1324//1324 
f 1320//1320 1325//1325 1323//1323 
f 1335//1335 1322//1322 1323//1323 
f 1325//1325 1335//1335 1323//1323 
f 1327//1327 1325//1325 1324//1324 
f 1431//1431 1327//1327 1324//1324 
f 1325//1325 1327//1327 1341//1341 
f 1431//1431 1326//1326 1327//1327 
f 1431//1431 1432//1432 1326//1326 
f 1432//1432 1350//1350 1326//1326 
f 1432//1432 1434//1434 1350//1350 
f 1329//1329 1437//1437 1317//1317 
f 1329//1329 1317//1317 1328//1328 
f 1328//1328 1330//1330 1331//1331 
f 1329//1329 1328//1328 1331//1331 
f 1335//1335 1332//1332 1322//1322 
f 1322//1322 1332//1332 1330//1330 
f 1334//1334 1437//1437 1329//1329 
f 1437//1437 1334//1334 1428//1428 
f 1428//1428 1334//1334 1439//1439 
f 1331//1331 1330//1330 1333//1333 
f 1330//1330 1332//1332 1333//1333 
f 1332//1332 1339//1339 1333//1333 
f 1339//1339 1340//1340 1333//1333 
f 1329//1329 1331//1331 1336//1336 
f 1336//1336 1331//1331 1333//1333 
f 1345//1345 1329//1329 1336//1336 
f 1325//1325 1341//1341 1338//1338 
f 1335//1335 1325//1325 1338//1338 
f 1335//1335 1337//1337 1332//1332 
f 1335//1335 1338//1338 1337//1337 
f 1332//1332 1337//1337 1339//1339 
f 1333//1333 1340//1340 1336//1336 
f 1341//1341 1343//1343 1338//1338 
f 1338//1338 1342//1342 1337//1337 
f 1338//1338 1343//1343 1342//1342 
f 1337//1337 1342//1342 1339//1339 
f 1341//1341 1258//1258 1343//1343 
f 1326//1326 1350//1350 1327//1327 
f 1258//1258 1341//1341 1349//1349 
f 1327//1327 1349//1349 1341//1341 
f 1434//1434 1344//1344 1350//1350 
f 1434//1434 1447//1447 1344//1344 
f 1329//1329 1345//1345 1334//1334 
f 1336//1336 1340//1340 1346//1346 
f 1336//1336 1346//1346 1348//1348 
f 1336//1336 1348//1348 1345//1345 
f 1346//1346 1340//1340 1339//1339 
f 1339//1339 1342//1342 1256//1256 
f 1339//1339 1256//1256 1346//1346 
f 1348//1348 1346//1346 1257//1257 
f 1257//1257 1346//1346 1256//1256 
f 1345//1345 1347//1347 1334//1334 
f 1353//1353 1345//1345 1348//1348 
f 1347//1347 1345//1345 1353//1353 
f 1350//1350 1349//1349 1327//1327 
f 1344//1344 1352//1352 1350//1350 
f 1447//1447 1352//1352 1344//1344 
f 1350//1350 1352//1352 1358//1358 
f 1351//1351 1258//1258 1349//1349 
f 1351//1351 1349//1349 1350//1350 
f 1350//1350 1358//1358 1351//1351 
f 1352//1352 1447//1447 1446//1446 
f 1334//1334 1347//1347 1354//1354 
f 1334//1334 1354//1354 1439//1439 
f 1347//1347 1355//1355 1354//1354 
f 1439//1439 1354//1354 1356//1356 
f 1355//1355 1347//1347 1353//1353 
f 1356//1356 1354//1354 1362//1362 
f 1348//1348 1257//1257 1357//1357 
f 1357//1357 1353//1353 1348//1348 
f 1355//1355 1364//1364 1354//1354 
f 1354//1354 1364//1364 1362//1362 
f 1357//1357 1355//1355 1353//1353 
f 1362//1362 1363//1363 1356//1356 
f 1351//1351 1358//1358 1359//1359 
f 1359//1359 1263//1263 1351//1351 
f 1358//1358 1352//1352 1361//1361 
f 1458//1458 1446//1446 1456//1456 
f 1446//1446 1458//1458 1360//1360 
f 1458//1458 1371//1371 1360//1360 
f 1456//1456 1371//1371 1458//1458 
f 1263//1263 1359//1359 1265//1265 
f 1358//1358 1361//1361 1359//1359 
f 1352//1352 1446//1446 1361//1361 
f 1370//1370 1360//1360 1371//1371 
f 1359//1359 1361//1361 1265//1265 
f 1361//1361 1446//1446 1378//1378 
f 1360//1360 1378//1378 1446//1446 
f 1452//1452 1356//1356 1363//1363 
f 1452//1452 1363//1363 1459//1459 
f 1281//1281 1355//1355 1357//1357 
f 1364//1364 1355//1355 1281//1281 
f 1364//1364 1365//1365 1362//1362 
f 1362//1362 1365//1365 1363//1363 
f 1363//1363 1366//1366 1459//1459 
f 1364//1364 1281//1281 1384//1384 
f 1364//1364 1384//1384 1365//1365 
f 1363//1363 1365//1365 1367//1367 
f 1366//1366 1363//1363 1367//1367 
f 1460//1460 1459//1459 1366//1366 
f 1365//1365 1384//1384 1367//1367 
f 1368//1368 1366//1366 1367//1367 
f 1367//1367 1383//1383 1368//1368 
f 1366//1366 1368//1368 1460//1460 
f 1372//1372 1369//1369 1387//1387 
f 1464//1464 1372//1372 1373//1373 
f 1465//1465 1375//1375 1371//1371 
f 1464//1464 1373//1373 1465//1465 
f 1379//1379 1378//1378 1360//1360 
f 1370//1370 1374//1374 1360//1360 
f 1371//1371 1374//1374 1370//1370 
f 1379//1379 1360//1360 1374//1374 
f 1371//1371 1375//1375 1374//1374 
f 1375//1375 1376//1376 1392//1392 
f 1465//1465 1373//1373 1376//1376 
f 1465//1465 1376//1376 1375//1375 
f 1361//1361 1378//1378 1377//1377 
f 1378//1378 1277//1277 1377//1377 
f 1374//1374 1375//1375 1380//1380 
f 1375//1375 1392//1392 1380//1380 
f 1376//1376 1393//1393 1392//1392 
f 1381//1381 1378//1378 1379//1379 
f 1380//1380 1381//1381 1379//1379 
f 1374//1374 1380//1380 1379//1379 
f 1380//1380 1382//1382 1381//1381 
f 1396//1396 1382//1382 1380//1380 
f 1380//1380 1392//1392 1396//1396 
f 1382//1382 1284//1284 1381//1381 
f 1284//1284 1382//1382 1396//1396 
f 1388//1388 1367//1367 1384//1384 
f 1367//1367 1388//1388 1383//1383 
f 1369//1369 1460//1460 1368//1368 
f 1383//1383 1388//1388 1385//1385 
f 1385//1385 1368//1368 1383//1383 
f 1387//1387 1369//1369 1386//1386 
f 1386//1386 1369//1369 1368//1368 
f 1385//1385 1386//1386 1368//1368 
f 1389//1389 1387//1387 1391//1391 
f 1391//1391 1387//1387 1386//1386 
f 1389//1389 1372//1372 1387//1387 
f 1373//1373 1372//1372 1389//1389 
f 1390//1390 1385//1385 1388//1388 
f 1385//1385 1401//1401 1386//1386 
f 1390//1390 1401//1401 1385//1385 
f 1373//1373 1389//1389 1376//1376 
f 1376//1376 1389//1389 1393//1393 
f 1296//1296 1388//1388 1384//1384 
f 1298//1298 1388//1388 1296//1296 
f 1390//1390 1388//1388 1298//1298 
f 1386//1386 1401//1401 1391//1391 
f 1389//1389 1391//1391 1393//1393 
f 1392//1392 1393//1393 1394//1394 
f 1390//1390 1400//1400 1401//1401 
f 1393//1393 1391//1391 1395//1395 
f 1394//1394 1395//1395 1398//1398 
f 1393//1393 1395//1395 1394//1394 
f 1392//1392 1397//1397 1396//1396 
f 1394//1394 1397//1397 1392//1392 
f 1394//1394 1398//1398 1397//1397 
f 1391//1391 1401//1401 1402//1402 
f 1398//1398 1395//1395 1399//1399 
f 1391//1391 1402//1402 1395//1395 
f 1399//1399 1395//1395 1402//1402 
f 1397//1397 1287//1287 1286//1286 
f 1397//1397 1398//1398 1287//1287 
f 1398//1398 1399//1399 1301//1301 
f 1398//1398 1301//1301 1287//1287 
f 1399//1399 1402//1402 1302//1302 
f 1399//1399 1302//1302 1301//1301 
f 1390//1390 1298//1298 1400//1400 
f 1299//1299 1401//1401 1400//1400 
f 1402//1402 1401//1401 1300//1300 
f 1300//1300 1302//1302 1402//1402 
f 1403//1403 1406//1406 1476//1476 
f 1476//1476 1404//1404 1479//1479 
f 1476//1476 1406//1406 1404//1404 
f 1475//1475 1479//1479 1407//1407 
f 1479//1479 1404//1404 1407//1407 
f 1475//1475 1407//1407 1422//1422 
f 1406//1406 1405//1405 1410//1410 
f 1406//1406 1403//1403 1405//1405 
f 1470//1470 1471//1471 1408//1408 
f 1405//1405 1403//1403 1470//1470 
f 1408//1408 1405//1405 1470//1470 
f 1406//1406 1407//1407 1404//1404 
f 1405//1405 1408//1408 1410//1410 
f 1410//1410 1408//1408 1412//1412 
f 1408//1408 1409//1409 1412//1412 
f 1471//1471 1411//1411 1409//1409 
f 1408//1408 1471//1471 1409//1409 
f 1471//1471 1472//1472 1411//1411 
f 1316//1316 1410//1410 1412//1412 
f 1409//1409 1413//1413 1412//1412 
f 1409//1409 1411//1411 1413//1413 
f 1411//1411 1414//1414 1413//1413 
f 1481//1481 1415//1415 1414//1414 
f 1316//1316 1312//1312 1410//1410 
f 1412//1412 1413//1413 1417//1417 
f 1412//1412 1416//1416 1316//1316 
f 1416//1416 1412//1412 1417//1417 
f 1418//1418 1417//1417 1413//1413 
f 1414//1414 1418//1418 1413//1413 
f 1414//1414 1419//1419 1418//1418 
f 1419//1419 1414//1414 1415//1415 
f 1482//1482 1421//1421 1415//1415 
f 1415//1415 1420//1420 1419//1419 
f 1415//1415 1421//1421 1420//1420 
f 1418//1418 1419//1419 1432//1432 
f 1419//1419 1420//1420 1432//1432 
f 1424//1424 1422//1422 1407//1407 
f 1427//1427 1422//1422 1424//1424 
f 1406//1406 1425//1425 1423//1423 
f 1426//1426 1423//1423 1425//1425 
f 1423//1423 1407//1407 1406//1406 
f 1424//1424 1423//1423 1426//1426 
f 1407//1407 1423//1423 1424//1424 
f 1487//1487 1427//1427 1428//1428 
f 1410//1410 1312//1312 1425//1425 
f 1425//1425 1313//1313 1426//1426 
f 1313//1313 1425//1425 1312//1312 
f 1425//1425 1406//1406 1410//1410 
f 1426//1426 1317//1317 1424//1424 
f 1424//1424 1317//1317 1427//1427 
f 1428//1428 1439//1439 1436//1436 
f 1427//1427 1317//1317 1437//1437 
f 1431//1431 1321//1321 1418//1418 
f 1418//1418 1432//1432 1431//1431 
f 1420//1420 1434//1434 1432//1432 
f 1421//1421 1434//1434 1420//1420 
f 1421//1421 1435//1435 1434//1434 
f 1421//1421 1429//1429 1435//1435 
f 1430//1430 1433//1433 1429//1429 
f 1433//1433 1443//1443 1429//1429 
f 1444//1444 1443//1443 1433//1433 
f 1433//1433 1440//1440 1444//1444 
f 1443//1443 1435//1435 1429//1429 
f 1427//1427 1437//1437 1428//1428 
f 1438//1438 1436//1436 1439//1439 
f 1500//1500 1436//1436 1438//1438 
f 1501//1501 1500//1500 1502//1502 
f 1438//1438 1449//1449 1502//1502 
f 1438//1438 1502//1502 1500//1500 
f 1439//1439 1448//1448 1438//1438 
f 1438//1438 1448//1448 1449//1449 
f 1440//1440 1499//1499 1441//1441 
f 1450//1450 1441//1441 1442//1442 
f 1441//1441 1445//1445 1440//1440 
f 1440//1440 1445//1445 1444//1444 
f 1450//1450 1445//1445 1441//1441 
f 1443//1443 1451//1451 1435//1435 
f 1443//1443 1444//1444 1451//1451 
f 1444//1444 1445//1445 1451//1451 
f 1445//1445 1450//1450 1454//1454 
f 1435//1435 1446//1446 1434//1434 
f 1435//1435 1451//1451 1446//1446 
f 1434//1434 1446//1446 1447//1447 
f 1450//1450 1442//1442 1449//1449 
f 1449//1449 1453//1453 1450//1450 
f 1451//1451 1456//1456 1446//1446 
f 1451//1451 1445//1445 1456//1456 
f 1459//1459 1449//1449 1448//1448 
f 1439//1439 1356//1356 1448//1448 
f 1453//1453 1449//1449 1459//1459 
f 1356//1356 1452//1452 1448//1448 
f 1448//1448 1452//1452 1459//1459 
f 1454//1454 1450//1450 1455//1455 
f 1455//1455 1450//1450 1453//1453 
f 1445//1445 1454//1454 1457//1457 
f 1445//1445 1457//1457 1456//1456 
f 1454//1454 1455//1455 1461//1461 
f 1454//1454 1461//1461 1457//1457 
f 1456//1456 1457//1457 1371//1371 
f 1460//1460 1453//1453 1459//1459 
f 1453//1453 1460//1460 1462//1462 
f 1462//1462 1455//1455 1453//1453 
f 1461//1461 1455//1455 1462//1462 
f 1462//1462 1460//1460 1369//1369 
f 1463//1463 1462//1462 1369//1369 
f 1464//1464 1457//1457 1461//1461 
f 1464//1464 1461//1461 1463//1463 
f 1463//1463 1461//1461 1462//1462 
f 1372//1372 1463//1463 1369//1369 
f 1463//1463 1372//1372 1464//1464 
f 1457//1457 1465//1465 1371//1371 
f 1457//1457 1464//1464 1465//1465 
f 1467//1467 1505//1505 1466//1466 
f 1506//1506 1468//1468 1466//1466 
f 1478//1478 1505//1505 1467//1467 
f 1509//1509 1505//1505 1478//1478 
f 1509//1509 1478//1478 1477//1477 
f 1466//1466 1470//1470 1467//1467 
f 1468//1468 1470//1470 1466//1466 
f 1467//1467 1403//1403 1478//1478 
f 1403//1403 1467//1467 1470//1470 
f 1470//1470 1468//1468 1471//1471 
f 1469//1469 1472//1472 1471//1471 
f 1468//1468 1469//1469 1471//1471 
f 1469//1469 1511//1511 1472//1472 
f 1472//1472 1511//1511 1512//1512 
f 1512//1512 1473//1473 1472//1472 
f 1513//1513 1473//1473 1512//1512 
f 1513//1513 1481//1481 1473//1473 
f 1513//1513 1482//1482 1481//1481 
f 1514//1514 1482//1482 1513//1513 
f 1472//1472 1473//1473 1411//1411 
f 1473//1473 1481//1481 1411//1411 
f 1474//1474 1503//1503 1477//1477 
f 1475//1475 1474//1474 1479//1479 
f 1478//1478 1476//1476 1477//1477 
f 1476//1476 1478//1478 1403//1403 
f 1479//1479 1477//1477 1476//1476 
f 1479//1479 1474//1474 1477//1477 
f 1422//1422 1480//1480 1475//1475 
f 1411//1411 1481//1481 1414//1414 
f 1415//1415 1481//1481 1482//1482 
f 1514//1514 1485//1485 1482//1482 
f 1483//1483 1486//1486 1485//1485 
f 1485//1485 1514//1514 1483//1483 
f 1486//1486 1483//1483 1493//1493 
f 1493//1493 1483//1483 1484//1484 
f 1485//1485 1429//1429 1482//1482 
f 1421//1421 1482//1482 1429//1429 
f 1485//1485 1486//1486 1429//1429 
f 1430//1430 1429//1429 1486//1486 
f 1523//1523 1487//1487 1428//1428 
f 1480//1480 1422//1422 1427//1427 
f 1487//1487 1480//1480 1427//1427 
f 1523//1523 1428//1428 1488//1488 
f 1488//1488 1489//1489 1523//1523 
f 1428//1428 1436//1436 1488//1488 
f 1522//1522 1490//1490 1491//1491 
f 1489//1489 1490//1490 1522//1522 
f 1490//1490 1492//1492 1495//1495 
f 1491//1491 1490//1490 1495//1495 
f 1492//1492 1490//1490 1489//1489 
f 1495//1495 1492//1492 1496//1496 
f 1491//1491 1494//1494 1484//1484 
f 1484//1484 1494//1494 1493//1493 
f 1495//1495 1494//1494 1491//1491 
f 1486//1486 1493//1493 1497//1497 
f 1493//1493 1494//1494 1497//1497 
f 1501//1501 1492//1492 1500//1500 
f 1496//1496 1492//1492 1501//1501 
f 1498//1498 1497//1497 1494//1494 
f 1498//1498 1494//1494 1495//1495 
f 1497//1497 1430//1430 1486//1486 
f 1501//1501 1502//1502 1496//1496 
f 1499//1499 1498//1498 1495//1495 
f 1495//1495 1496//1496 1499//1499 
f 1497//1497 1433//1433 1430//1430 
f 1498//1498 1433//1433 1497//1497 
f 1498//1498 1440//1440 1433//1433 
f 1498//1498 1499//1499 1440//1440 
f 1488//1488 1436//1436 1500//1500 
f 1500//1500 1489//1489 1488//1488 
f 1492//1492 1489//1489 1500//1500 
f 1499//1499 1496//1496 1441//1441 
f 1496//1496 1502//1502 1441//1441 
f 1442//1442 1502//1502 1449//1449 
f 1441//1441 1502//1502 1442//1442 
f 1550//1550 1529//1529 1503//1503 
f 1528//1528 1530//1530 1507//1507 
f 1528//1528 1504//1504 1529//1529 
f 1528//1528 1507//1507 1504//1504 
f 1529//1529 1504//1504 1503//1503 
f 1506//1506 1507//1507 1530//1530 
f 1525//1525 1508//1508 1506//1506 
f 1530//1530 1525//1525 1506//1506 
f 1525//1525 1526//1526 1508//1508 
f 1508//1508 1526//1526 1531//1531 
f 1509//1509 1504//1504 1505//1505 
f 1506//1506 1469//1469 1468//1468 
f 1505//1505 1504//1504 1507//1507 
f 1507//1507 1506//1506 1505//1505 
f 1503//1503 1504//1504 1509//1509 
f 1506//1506 1508//1508 1469//1469 
f 1508//1508 1511//1511 1469//1469 
f 1510//1510 1512//1512 1531//1531 
f 1511//1511 1508//1508 1531//1531 
f 1512//1512 1511//1511 1531//1531 
f 1466//1466 1505//1505 1506//1506 
f 1512//1512 1510//1510 1513//1513 
f 1514//1514 1513//1513 1510//1510 
f 1551//1551 1550//1550 1516//1516 
f 1474//1474 1475//1475 1550//1550 
f 1516//1516 1550//1550 1475//1475 
f 1477//1477 1503//1503 1509//1509 
f 1550//1550 1503//1503 1474//1474 
f 1516//1516 1475//1475 1480//1480 
f 1516//1516 1480//1480 1534//1534 
f 1517//1517 1534//1534 1480//1480 
f 1517//1517 1480//1480 1487//1487 
f 1517//1517 1487//1487 1518//1518 
f 1522//1522 1539//1539 1519//1519 
f 1515//1515 1483//1483 1514//1514 
f 1483//1483 1515//1515 1520//1520 
f 1520//1520 1521//1521 1483//1483 
f 1519//1519 1489//1489 1522//1522 
f 1521//1521 1522//1522 1491//1491 
f 1484//1484 1483//1483 1521//1521 
f 1484//1484 1521//1521 1491//1491 
f 1518//1518 1487//1487 1523//1523 
f 1523//1523 1538//1538 1518//1518 
f 1519//1519 1538//1538 1523//1523 
f 1523//1523 1489//1489 1519//1519 
f 1542//1542 1526//1526 1525//1525 
f 1524//1524 1542//1542 1525//1525 
f 1530//1530 1524//1524 1525//1525 
f 1545//1545 1527//1527 1526//1526 
f 1532//1532 1545//1545 1547//1547 
f 1554//1554 1532//1532 1547//1547 
f 1528//1528 1529//1529 1576//1576 
f 1576//1576 1529//1529 1550//1550 
f 1524//1524 1530//1530 1528//1528 
f 1526//1526 1527//1527 1531//1531 
f 1527//1527 1510//1510 1531//1531 
f 1527//1527 1545//1545 1510//1510 
f 1545//1545 1532//1532 1510//1510 
f 1520//1520 1533//1533 1556//1556 
f 1556//1556 1540//1540 1520//1520 
f 1514//1514 1510//1510 1532//1532 
f 1532//1532 1554//1554 1514//1514 
f 1515//1515 1514//1514 1554//1554 
f 1555//1555 1515//1515 1554//1554 
f 1533//1533 1515//1515 1555//1555 
f 1520//1520 1515//1515 1533//1533 
f 1516//1516 1557//1557 1551//1551 
f 1534//1534 1557//1557 1516//1516 
f 1534//1534 1558//1558 1557//1557 
f 1535//1535 1558//1558 1534//1534 
f 1535//1535 1536//1536 1559//1559 
f 1534//1534 1517//1517 1535//1535 
f 1535//1535 1517//1517 1518//1518 
f 1535//1535 1518//1518 1536//1536 
f 1536//1536 1518//1518 1538//1538 
f 1538//1538 1537//1537 1561//1561 
f 1538//1538 1561//1561 1536//1536 
f 1561//1561 1537//1537 1560//1560 
f 1539//1539 1540//1540 1560//1560 
f 1539//1539 1560//1560 1537//1537 
f 1538//1538 1519//1519 1537//1537 
f 1519//1519 1539//1539 1537//1537 
f 1520//1520 1540//1540 1521//1521 
f 1540//1540 1539//1539 1521//1521 
f 1539//1539 1522//1522 1521//1521 
f 1562//1562 1563//1563 1524//1524 
f 1528//1528 1562//1562 1524//1524 
f 1563//1563 1542//1542 1524//1524 
f 1563//1563 1541//1541 1542//1542 
f 1541//1541 1543//1543 1542//1542 
f 1542//1542 1543//1543 1526//1526 
f 1567//1567 1543//1543 1541//1541 
f 1544//1544 1545//1545 1543//1543 
f 1567//1567 1544//1544 1543//1543 
f 1570//1570 1545//1545 1544//1544 
f 1547//1547 1545//1545 1570//1570 
f 1543//1543 1545//1545 1526//1526 
f 1555//1555 1554//1554 1546//1546 
f 1546//1546 1554//1554 1547//1547 
f 1575//1575 1528//1528 1576//1576 
f 1550//1550 1548//1548 1576//1576 
f 1548//1548 1557//1557 1549//1549 
f 1550//1550 1551//1551 1548//1548 
f 1548//1548 1551//1551 1557//1557 
f 1578//1578 1549//1549 1557//1557 
f 1552//1552 1555//1555 1546//1546 
f 1580//1580 1561//1561 1582//1582 
f 1552//1552 1533//1533 1555//1555 
f 1582//1582 1553//1553 1609//1609 
f 1553//1553 1582//1582 1560//1560 
f 1561//1561 1560//1560 1582//1582 
f 1560//1560 1540//1540 1553//1553 
f 1553//1553 1540//1540 1556//1556 
f 1578//1578 1558//1558 1559//1559 
f 1558//1558 1578//1578 1557//1557 
f 1558//1558 1535//1535 1559//1559 
f 1580//1580 1536//1536 1561//1561 
f 1559//1559 1536//1536 1580//1580 
f 1596//1596 1562//1562 1575//1575 
f 1575//1575 1562//1562 1528//1528 
f 1586//1586 1564//1564 1563//1563 
f 1563//1563 1564//1564 1541//1541 
f 1541//1541 1564//1564 1567//1567 
f 1564//1564 1565//1565 1567//1567 
f 1589//1589 1566//1566 1565//1565 
f 1566//1566 1569//1569 1565//1565 
f 1568//1568 1569//1569 1566//1566 
f 1591//1591 1568//1568 1566//1566 
f 1565//1565 1569//1569 1567//1567 
f 1569//1569 1568//1568 1570//1570 
f 1568//1568 1571//1571 1570//1570 
f 1568//1568 1593//1593 1571//1571 
f 1593//1593 1572//1572 1571//1571 
f 1567//1567 1569//1569 1544//1544 
f 1569//1569 1570//1570 1544//1544 
f 1572//1572 1581//1581 1552//1552 
f 1570//1570 1571//1571 1547//1547 
f 1546//1546 1547//1547 1571//1571 
f 1546//1546 1571//1571 1572//1572 
f 1552//1552 1546//1546 1572//1572 
f 1576//1576 1573//1573 1600//1600 
f 1576//1576 1600//1600 1599//1599 
f 1596//1596 1575//1575 1599//1599 
f 1576//1576 1599//1599 1575//1575 
f 1577//1577 1574//1574 1573//1573 
f 1548//1548 1573//1573 1576//1576 
f 1577//1577 1573//1573 1548//1548 
f 1578//1578 1574//1574 1577//1577 
f 1601//1601 1574//1574 1578//1578 
f 1549//1549 1577//1577 1548//1548 
f 1577//1577 1549//1549 1578//1578 
f 1604//1604 1582//1582 1628//1628 
f 1582//1582 1604//1604 1580//1580 
f 1581//1581 1584//1584 1552//1552 
f 1582//1582 1609//1609 1628//1628 
f 1584//1584 1581//1581 1583//1583 
f 1553//1553 1583//1583 1607//1607 
f 1607//1607 1609//1609 1553//1553 
f 1556//1556 1584//1584 1583//1583 
f 1583//1583 1553//1553 1556//1556 
f 1533//1533 1552//1552 1584//1584 
f 1584//1584 1556//1556 1533//1533 
f 1602//1602 1578//1578 1585//1585 
f 1578//1578 1559//1559 1585//1585 
f 1585//1585 1559//1559 1579//1579 
f 1580//1580 1579//1579 1559//1559 
f 1620//1620 1611//1611 1596//1596 
f 1611//1611 1563//1563 1562//1562 
f 1562//1562 1596//1596 1611//1611 
f 1611//1611 1586//1586 1563//1563 
f 1587//1587 1586//1586 1612//1612 
f 1587//1587 1588//1588 1589//1589 
f 1587//1587 1564//1564 1586//1586 
f 1587//1587 1565//1565 1564//1564 
f 1587//1587 1589//1589 1565//1565 
f 1588//1588 1591//1591 1589//1589 
f 1616//1616 1591//1591 1588//1588 
f 1592//1592 1591//1591 1616//1616 
f 1590//1590 1592//1592 1616//1616 
f 1606//1606 1608//1608 1617//1617 
f 1591//1591 1566//1566 1589//1589 
f 1590//1590 1593//1593 1592//1592 
f 1594//1594 1593//1593 1590//1590 
f 1617//1617 1594//1594 1590//1590 
f 1617//1617 1608//1608 1594//1594 
f 1568//1568 1591//1591 1592//1592 
f 1594//1594 1572//1572 1593//1593 
f 1593//1593 1568//1568 1592//1592 
f 1608//1608 1581//1581 1594//1594 
f 1594//1594 1581//1581 1572//1572 
f 1620//1620 1596//1596 1622//1622 
f 1598//1598 1623//1623 1597//1597 
f 1630//1630 1623//1623 1598//1598 
f 1573//1573 1595//1595 1600//1600 
f 1599//1599 1622//1622 1596//1596 
f 1597//1597 1595//1595 1573//1573 
f 1598//1598 1573//1573 1574//1574 
f 1597//1597 1573//1573 1598//1598 
f 1598//1598 1610//1610 1630//1630 
f 1622//1622 1600//1600 1595//1595 
f 1599//1599 1600//1600 1622//1622 
f 1574//1574 1601//1601 1610//1610 
f 1598//1598 1574//1574 1610//1610 
f 1610//1610 1602//1602 1631//1631 
f 1631//1631 1602//1602 1603//1603 
f 1610//1610 1601//1601 1602//1602 
f 1603//1603 1602//1602 1579//1579 
f 1603//1603 1579//1579 1604//1604 
f 1624//1624 1603//1603 1604//1604 
f 1601//1601 1578//1578 1602//1602 
f 1606//1606 1605//1605 1607//1607 
f 1605//1605 1628//1628 1609//1609 
f 1605//1605 1609//1609 1607//1607 
f 1602//1602 1585//1585 1579//1579 
f 1608//1608 1606//1606 1607//1607 
f 1604//1604 1579//1579 1580//1580 
f 1608//1608 1583//1583 1581//1581 
f 1608//1608 1607//1607 1583//1583 
f 1630//1630 1610//1610 1631//1631 
f 1611//1611 1620//1620 1634//1634 
f 1611//1611 1634//1634 1586//1586 
f 1636//1636 1615//1615 1613//1613 
f 1648//1648 1625//1625 1615//1615 
f 1648//1648 1615//1615 1636//1636 
f 1588//1588 1587//1587 1614//1614 
f 1614//1614 1587//1587 1612//1612 
f 1616//1616 1588//1588 1614//1614 
f 1614//1614 1613//1613 1616//1616 
f 1613//1613 1615//1615 1616//1616 
f 1627//1627 1615//1615 1625//1625 
f 1627//1627 1617//1617 1615//1615 
f 1590//1590 1616//1616 1615//1615 
f 1617//1617 1590//1590 1615//1615 
f 1606//1606 1617//1617 1627//1627 
f 1618//1618 1621//1621 1642//1642 
f 1618//1618 1595//1595 1621//1621 
f 1629//1629 1642//1642 1621//1621 
f 1619//1619 1622//1622 1618//1618 
f 1622//1622 1595//1595 1618//1618 
f 1623//1623 1629//1629 1621//1621 
f 1622//1622 1619//1619 1641//1641 
f 1641//1641 1620//1620 1622//1622 
f 1597//1597 1621//1621 1595//1595 
f 1621//1621 1597//1597 1623//1623 
f 1604//1604 1651//1651 1624//1624 
f 1626//1626 1651//1651 1628//1628 
f 1625//1625 1626//1626 1627//1627 
f 1650//1650 1625//1625 1648//1648 
f 1625//1625 1650//1650 1626//1626 
f 1628//1628 1651//1651 1604//1604 
f 1606//1606 1626//1626 1605//1605 
f 1626//1626 1628//1628 1605//1605 
f 1627//1627 1626//1626 1606//1606 
f 1654//1654 1629//1629 1623//1623 
f 1623//1623 1653//1653 1654//1654 
f 1653//1653 1623//1623 1630//1630 
f 1655//1655 1630//1630 1631//1631 
f 1677//1677 1664//1664 1640//1640 
f 1640//1640 1664//1664 1632//1632 
f 1633//1633 1664//1664 1665//1665 
f 1633//1633 1665//1665 1663//1663 
f 1664//1664 1633//1633 1632//1632 
f 1641//1641 1632//1632 1634//1634 
f 1634//1634 1632//1632 1633//1633 
f 1633//1633 1663//1663 1614//1614 
f 1641//1641 1634//1634 1620//1620 
f 1663//1663 1635//1635 1614//1614 
f 1678//1678 1635//1635 1663//1663 
f 1633//1633 1612//1612 1586//1586 
f 1586//1586 1634//1634 1633//1633 
f 1633//1633 1614//1614 1612//1612 
f 1635//1635 1678//1678 1680//1680 
f 1645//1645 1636//1636 1680//1680 
f 1635//1635 1680//1680 1636//1636 
f 1635//1635 1613//1613 1614//1614 
f 1613//1613 1635//1635 1636//1636 
f 1645//1645 1648//1648 1636//1636 
f 1675//1675 1639//1639 1672//1672 
f 1673//1673 1672//1672 1639//1639 
f 1675//1675 1637//1637 1638//1638 
f 1677//1677 1640//1640 1637//1637 
f 1638//1638 1639//1639 1675//1675 
f 1639//1639 1642//1642 1652//1652 
f 1638//1638 1618//1618 1639//1639 
f 1652//1652 1673//1673 1639//1639 
f 1638//1638 1619//1619 1618//1618 
f 1639//1639 1618//1618 1642//1642 
f 1640//1640 1632//1632 1641//1641 
f 1641//1641 1637//1637 1640//1640 
f 1637//1637 1619//1619 1638//1638 
f 1637//1637 1641//1641 1619//1619 
f 1629//1629 1652//1652 1642//1642 
f 1657//1657 1624//1624 1644//1644 
f 1603//1603 1624//1624 1657//1657 
f 1643//1643 1649//1649 1647//1647 
f 1643//1643 1644//1644 1649//1649 
f 1646//1646 1647//1647 1650//1650 
f 1650//1650 1647//1647 1649//1649 
f 1645//1645 1646//1646 1648//1648 
f 1648//1648 1646//1646 1650//1650 
f 1649//1649 1644//1644 1651//1651 
f 1624//1624 1651//1651 1644//1644 
f 1649//1649 1626//1626 1650//1650 
f 1626//1626 1649//1649 1651//1651 
f 1695//1695 1691//1691 1652//1652 
f 1654//1654 1695//1695 1652//1652 
f 1652//1652 1629//1629 1654//1654 
f 1653//1653 1695//1695 1654//1654 
f 1701//1701 1655//1655 1656//1656 
f 1656//1656 1603//1603 1657//1657 
f 1656//1656 1657//1657 1702//1702 
f 1653//1653 1630//1630 1655//1655 
f 1655//1655 1631//1631 1656//1656 
f 1631//1631 1603//1603 1656//1656 
f 1719//1719 1658//1658 1667//1667 
f 1722//1722 1658//1658 1719//1719 
f 1722//1722 1660//1660 1658//1658 
f 1658//1658 1659//1659 1674//1674 
f 1658//1658 1660//1660 1659//1659 
f 1660//1660 1663//1663 1662//1662 
f 1659//1659 1661//1661 1677//1677 
f 1662//1662 1665//1665 1661//1661 
f 1659//1659 1660//1660 1661//1661 
f 1660//1660 1662//1662 1661//1661 
f 1677//1677 1661//1661 1664//1664 
f 1661//1661 1665//1665 1664//1664 
f 1662//1662 1663//1663 1665//1665 
f 1715//1715 1668//1668 1730//1730 
f 1668//1668 1715//1715 1667//1667 
f 1730//1730 1668//1668 1666//1666 
f 1733//1733 1735//1735 1669//1669 
f 1735//1735 1666//1666 1670//1670 
f 1670//1670 1669//1669 1735//1735 
f 1733//1733 1669//1669 1739//1739 
f 1666//1666 1673//1673 1670//1670 
f 1739//1739 1669//1669 1670//1670 
f 1668//1668 1672//1672 1666//1666 
f 1673//1673 1666//1666 1672//1672 
f 1658//1658 1674//1674 1667//1667 
f 1671//1671 1668//1668 1667//1667 
f 1674//1674 1671//1671 1667//1667 
f 1670//1670 1673//1673 1687//1687 
f 1671//1671 1672//1672 1668//1668 
f 1739//1739 1670//1670 1687//1687 
f 1671//1671 1675//1675 1672//1672 
f 1671//1671 1674//1674 1675//1675 
f 1674//1674 1659//1659 1677//1677 
f 1676//1676 1675//1675 1674//1674 
f 1676//1676 1674//1674 1677//1677 
f 1676//1676 1677//1677 1637//1637 
f 1675//1675 1676//1676 1637//1637 
f 1681//1681 1748//1748 1745//1745 
f 1745//1745 1679//1679 1681//1681 
f 1682//1682 1679//1679 1700//1700 
f 1678//1678 1747//1747 1680//1680 
f 1684//1684 1680//1680 1747//1747 
f 1747//1747 1748//1748 1684//1684 
f 1681//1681 1679//1679 1682//1682 
f 1700//1700 1703//1703 1682//1682 
f 1748//1748 1681//1681 1684//1684 
f 1684//1684 1681//1681 1683//1683 
f 1681//1681 1682//1682 1683//1683 
f 1684//1684 1645//1645 1680//1680 
f 1703//1703 1644//1644 1643//1643 
f 1657//1657 1644//1644 1703//1703 
f 1682//1682 1685//1685 1683//1683 
f 1685//1685 1682//1682 1643//1643 
f 1682//1682 1703//1703 1643//1643 
f 1645//1645 1684//1684 1646//1646 
f 1684//1684 1683//1683 1646//1646 
f 1683//1683 1685//1685 1646//1646 
f 1646//1646 1685//1685 1647//1647 
f 1643//1643 1647//1647 1685//1685 
f 1686//1686 1751//1751 1739//1739 
f 1739//1739 1687//1687 1686//1686 
f 1688//1688 1751//1751 1686//1686 
f 1751//1751 1688//1688 1753//1753 
f 1753//1753 1688//1688 1756//1756 
f 1686//1686 1687//1687 1690//1690 
f 1690//1690 1688//1688 1686//1686 
f 1688//1688 1689//1689 1756//1756 
f 1756//1756 1689//1689 1760//1760 
f 1688//1688 1690//1690 1692//1692 
f 1689//1689 1688//1688 1692//1692 
f 1687//1687 1673//1673 1652//1652 
f 1687//1687 1652//1652 1691//1691 
f 1691//1691 1690//1690 1687//1687 
f 1689//1689 1692//1692 1693//1693 
f 1760//1760 1693//1693 1694//1694 
f 1693//1693 1760//1760 1689//1689 
f 1690//1690 1691//1691 1695//1695 
f 1695//1695 1692//1692 1690//1690 
f 1693//1693 1697//1697 1694//1694 
f 1694//1694 1697//1697 1696//1696 
f 1694//1694 1696//1696 1761//1761 
f 1697//1697 1699//1699 1696//1696 
f 1653//1653 1692//1692 1695//1695 
f 1698//1698 1692//1692 1653//1653 
f 1698//1698 1653//1653 1655//1655 
f 1693//1693 1698//1698 1701//1701 
f 1692//1692 1698//1698 1693//1693 
f 1693//1693 1701//1701 1697//1697 
f 1697//1697 1701//1701 1702//1702 
f 1697//1697 1702//1702 1699//1699 
f 1698//1698 1655//1655 1701//1701 
f 1701//1701 1656//1656 1702//1702 
f 1703//1703 1700//1700 1699//1699 
f 1702//1702 1703//1703 1699//1699 
f 1657//1657 1703//1703 1702//1702 
f 1769//1769 1704//1704 1772//1772 
f 1769//1769 1706//1706 1704//1704 
f 1772//1772 1704//1704 1705//1705 
f 1705//1705 1710//1710 1709//1709 
f 1705//1705 1704//1704 1712//1712 
f 1710//1710 1705//1705 1712//1712 
f 1704//1704 1706//1706 1716//1716 
f 1704//1704 1716//1716 1712//1712 
f 1706//1706 1782//1782 1707//1707 
f 1706//1706 1707//1707 1716//1716 
f 1782//1782 1708//1708 1707//1707 
f 1711//1711 1709//1709 1710//1710 
f 1713//1713 1785//1785 1709//1709 
f 1713//1713 1709//1709 1711//1711 
f 1790//1790 1785//1785 1713//1713 
f 1724//1724 1790//1790 1713//1713 
f 1791//1791 1790//1790 1724//1724 
f 1713//1713 1711//1711 1726//1726 
f 1730//1730 1710//1710 1712//1712 
f 1730//1730 1714//1714 1710//1710 
f 1710//1710 1714//1714 1711//1711 
f 1711//1711 1714//1714 1726//1726 
f 1714//1714 1725//1725 1726//1726 
f 1716//1716 1707//1707 1719//1719 
f 1730//1730 1666//1666 1714//1714 
f 1725//1725 1714//1714 1666//1666 
f 1708//1708 1719//1719 1707//1707 
f 1716//1716 1667//1667 1715//1715 
f 1715//1715 1712//1712 1716//1716 
f 1712//1712 1715//1715 1730//1730 
f 1716//1716 1719//1719 1667//1667 
f 1718//1718 1719//1719 1708//1708 
f 1717//1717 1718//1718 1708//1708 
f 1719//1719 1718//1718 1722//1722 
f 1722//1722 1718//1718 1717//1717 
f 1800//1800 1721//1721 1717//1717 
f 1717//1717 1721//1721 1720//1720 
f 1741//1741 1721//1721 1800//1800 
f 1717//1717 1720//1720 1722//1722 
f 1720//1720 1660//1660 1722//1722 
f 1721//1721 1741//1741 1723//1723 
f 1721//1721 1723//1723 1720//1720 
f 1720//1720 1723//1723 1660//1660 
f 1663//1663 1660//1660 1723//1723 
f 1713//1713 1726//1726 1727//1727 
f 1727//1727 1724//1724 1713//1713 
f 1724//1724 1728//1728 1802//1802 
f 1802//1802 1728//1728 1729//1729 
f 1802//1802 1729//1729 1803//1803 
f 1726//1726 1725//1725 1735//1735 
f 1728//1728 1724//1724 1727//1727 
f 1803//1803 1729//1729 1805//1805 
f 1725//1725 1666//1666 1735//1735 
f 1726//1726 1735//1735 1733//1733 
f 1733//1733 1727//1727 1726//1726 
f 1734//1734 1727//1727 1733//1733 
f 1727//1727 1734//1734 1728//1728 
f 1728//1728 1734//1734 1731//1731 
f 1728//1728 1731//1731 1729//1729 
f 1729//1729 1731//1731 1732//1732 
f 1729//1729 1732//1732 1805//1805 
f 1805//1805 1732//1732 1809//1809 
f 1732//1732 1737//1737 1809//1809 
f 1734//1734 1736//1736 1731//1731 
f 1734//1734 1733//1733 1738//1738 
f 1738//1738 1749//1749 1736//1736 
f 1734//1734 1738//1738 1736//1736 
f 1731//1731 1736//1736 1732//1732 
f 1737//1737 1732//1732 1736//1736 
f 1737//1737 1752//1752 1813//1813 
f 1736//1736 1750//1750 1737//1737 
f 1737//1737 1750//1750 1752//1752 
f 1738//1738 1733//1733 1739//1739 
f 1813//1813 1752//1752 1740//1740 
f 1755//1755 1759//1759 1758//1758 
f 1740//1740 1755//1755 1742//1742 
f 1752//1752 1755//1755 1740//1740 
f 1758//1758 1742//1742 1755//1755 
f 1801//1801 1817//1817 1741//1741 
f 1815//1815 1816//1816 1743//1743 
f 1816//1816 1742//1742 1743//1743 
f 1743//1743 1744//1744 1815//1815 
f 1815//1815 1744//1744 1817//1817 
f 1742//1742 1758//1758 1743//1743 
f 1747//1747 1723//1723 1741//1741 
f 1741//1741 1817//1817 1747//1747 
f 1744//1744 1743//1743 1746//1746 
f 1759//1759 1762//1762 1758//1758 
f 1762//1762 1743//1743 1758//1758 
f 1743//1743 1762//1762 1746//1746 
f 1817//1817 1744//1744 1745//1745 
f 1746//1746 1745//1745 1744//1744 
f 1817//1817 1748//1748 1747//1747 
f 1678//1678 1663//1663 1723//1723 
f 1723//1723 1747//1747 1678//1678 
f 1748//1748 1817//1817 1745//1745 
f 1745//1745 1746//1746 1679//1679 
f 1746//1746 1762//1762 1764//1764 
f 1679//1679 1746//1746 1764//1764 
f 1679//1679 1764//1764 1700//1700 
f 1738//1738 1739//1739 1749//1749 
f 1749//1749 1750//1750 1736//1736 
f 1739//1739 1751//1751 1749//1749 
f 1749//1749 1751//1751 1753//1753 
f 1749//1749 1753//1753 1750//1750 
f 1750//1750 1753//1753 1754//1754 
f 1750//1750 1754//1754 1752//1752 
f 1753//1753 1756//1756 1754//1754 
f 1757//1757 1754//1754 1756//1756 
f 1754//1754 1757//1757 1752//1752 
f 1759//1759 1755//1755 1757//1757 
f 1757//1757 1755//1755 1752//1752 
f 1757//1757 1760//1760 1761//1761 
f 1760//1760 1757//1757 1756//1756 
f 1757//1757 1761//1761 1759//1759 
f 1760//1760 1694//1694 1761//1761 
f 1763//1763 1759//1759 1761//1761 
f 1763//1763 1762//1762 1759//1759 
f 1763//1763 1699//1699 1764//1764 
f 1696//1696 1763//1763 1761//1761 
f 1699//1699 1763//1763 1696//1696 
f 1764//1764 1762//1762 1763//1763 
f 1700//1700 1764//1764 1699//1699 
f 1769//1769 1770//1770 1766//1766 
f 1766//1766 1770//1770 1765//1765 
f 1831//1831 1832//1832 1706//1706 
f 1769//1769 1831//1831 1706//1706 
f 1770//1770 1771//1771 1765//1765 
f 1773//1773 1706//1706 1832//1832 
f 1767//1767 1765//1765 1771//1771 
f 1767//1767 1775//1775 1768//1768 
f 1767//1767 1771//1771 1775//1775 
f 1768//1768 1775//1775 1776//1776 
f 1838//1838 1768//1768 1776//1776 
f 1770//1770 1772//1772 1771//1771 
f 1770//1770 1769//1769 1772//1772 
f 1771//1771 1772//1772 1705//1705 
f 1771//1771 1705//1705 1775//1775 
f 1773//1773 1835//1835 1782//1782 
f 1706//1706 1773//1773 1782//1782 
f 1835//1835 1774//1774 1782//1782 
f 1705//1705 1780//1780 1775//1775 
f 1775//1775 1780//1780 1776//1776 
f 1838//1838 1776//1776 1777//1777 
f 1836//1836 1838//1838 1777//1777 
f 1839//1839 1836//1836 1777//1777 
f 1839//1839 1777//1777 1779//1779 
f 1776//1776 1780//1780 1781//1781 
f 1778//1778 1776//1776 1781//1781 
f 1777//1777 1776//1776 1778//1778 
f 1784//1784 1778//1778 1781//1781 
f 1784//1784 1777//1777 1778//1778 
f 1780//1780 1705//1705 1709//1709 
f 1780//1780 1709//1709 1781//1781 
f 1709//1709 1785//1785 1781//1781 
f 1842//1842 1783//1783 1774//1774 
f 1796//1796 1783//1783 1842//1842 
f 1782//1782 1774//1774 1708//1708 
f 1774//1774 1783//1783 1708//1708 
f 1708//1708 1783//1783 1717//1717 
f 1779//1779 1777//1777 1784//1784 
f 1786//1786 1781//1781 1785//1785 
f 1781//1781 1786//1786 1784//1784 
f 1784//1784 1786//1786 1787//1787 
f 1779//1779 1784//1784 1787//1787 
f 1789//1789 1779//1779 1787//1787 
f 1779//1779 1789//1789 1843//1843 
f 1786//1786 1785//1785 1790//1790 
f 1786//1786 1791//1791 1787//1787 
f 1843//1843 1789//1789 1788//1788 
f 1786//1786 1790//1790 1791//1791 
f 1791//1791 1793//1793 1787//1787 
f 1802//1802 1791//1791 1724//1724 
f 1791//1791 1802//1802 1793//1793 
f 1789//1789 1787//1787 1793//1793 
f 1794//1794 1789//1789 1793//1793 
f 1789//1789 1794//1794 1788//1788 
f 1792//1792 1794//1794 1795//1795 
f 1795//1795 1794//1794 1806//1806 
f 1794//1794 1792//1792 1788//1788 
f 1795//1795 1804//1804 1792//1792 
f 1804//1804 1845//1845 1792//1792 
f 1797//1797 1846//1846 1798//1798 
f 1845//1845 1799//1799 1846//1846 
f 1846//1846 1799//1799 1798//1798 
f 1804//1804 1799//1799 1845//1845 
f 1796//1796 1800//1800 1783//1783 
f 1799//1799 1804//1804 1808//1808 
f 1800//1800 1717//1717 1783//1783 
f 1796//1796 1797//1797 1801//1801 
f 1797//1797 1798//1798 1801//1801 
f 1796//1796 1801//1801 1800//1800 
f 1800//1800 1801//1801 1741//1741 
f 1794//1794 1793//1793 1803//1803 
f 1803//1803 1793//1793 1802//1802 
f 1803//1803 1805//1805 1794//1794 
f 1794//1794 1805//1805 1806//1806 
f 1804//1804 1795//1795 1806//1806 
f 1805//1805 1809//1809 1806//1806 
f 1807//1807 1804//1804 1806//1806 
f 1808//1808 1804//1804 1807//1807 
f 1809//1809 1810//1810 1806//1806 
f 1806//1806 1810//1810 1807//1807 
f 1809//1809 1737//1737 1810//1810 
f 1799//1799 1808//1808 1812//1812 
f 1807//1807 1812//1812 1808//1808 
f 1810//1810 1813//1813 1811//1811 
f 1813//1813 1810//1810 1737//1737 
f 1807//1807 1811//1811 1814//1814 
f 1810//1810 1811//1811 1807//1807 
f 1813//1813 1814//1814 1811//1811 
f 1812//1812 1807//1807 1814//1814 
f 1740//1740 1814//1814 1813//1813 
f 1812//1812 1814//1814 1816//1816 
f 1816//1816 1814//1814 1740//1740 
f 1798//1798 1817//1817 1801//1801 
f 1798//1798 1799//1799 1815//1815 
f 1798//1798 1815//1815 1817//1817 
f 1799//1799 1812//1812 1815//1815 
f 1812//1812 1816//1816 1815//1815 
f 1816//1816 1740//1740 1742//1742 
f 1862//1862 1825//1825 1848//1848 
f 1820//1820 1848//1848 1825//1825 
f 1822//1822 1849//1849 1819//1819 
f 1848//1848 1820//1820 1819//1819 
f 1819//1819 1820//1820 1822//1822 
f 1822//1822 1821//1821 1829//1829 
f 1822//1822 1820//1820 1821//1821 
f 1818//1818 1823//1823 1825//1825 
f 1824//1824 1825//1825 1823//1823 
f 1850//1850 1832//1832 1823//1823 
f 1820//1820 1827//1827 1821//1821 
f 1820//1820 1766//1766 1827//1827 
f 1821//1821 1827//1827 1829//1829 
f 1824//1824 1831//1831 1825//1825 
f 1766//1766 1820//1820 1825//1825 
f 1831//1831 1766//1766 1825//1825 
f 1823//1823 1832//1832 1824//1824 
f 1838//1838 1826//1826 1830//1830 
f 1882//1882 1852//1852 1826//1826 
f 1882//1882 1826//1826 1836//1836 
f 1822//1822 1829//1829 1828//1828 
f 1828//1828 1830//1830 1822//1822 
f 1826//1826 1838//1838 1836//1836 
f 1768//1768 1830//1830 1828//1828 
f 1827//1827 1828//1828 1829//1829 
f 1830//1830 1768//1768 1838//1838 
f 1824//1824 1832//1832 1831//1831 
f 1831//1831 1769//1769 1766//1766 
f 1827//1827 1766//1766 1765//1765 
f 1767//1767 1828//1828 1765//1765 
f 1827//1827 1765//1765 1828//1828 
f 1767//1767 1768//1768 1828//1828 
f 1835//1835 1833//1833 1774//1774 
f 1839//1839 1843//1843 1837//1837 
f 1840//1840 1837//1837 1843//1843 
f 1837//1837 1840//1840 1856//1856 
f 1833//1833 1842//1842 1774//1774 
f 2279//2279 1844//1844 1842//1842 
f 1839//1839 1779//1779 1843//1843 
f 1855//1855 1858//1858 1841//1841 
f 1845//1845 1841//1841 1858//1858 
f 1796//1796 1844//1844 1841//1841 
f 1796//1796 1841//1841 1846//1846 
f 1845//1845 1846//1846 1841//1841 
f 1858//1858 1840//1840 1792//1792 
f 1858//1858 1792//1792 1845//1845 
f 1796//1796 1842//1842 1844//1844 
f 1796//1796 1846//1846 1797//1797 
f 1788//1788 1840//1840 1843//1843 
f 1792//1792 1840//1840 1788//1788 
f 1874//1874 1847//1847 1871//1871 
f 1874//1874 1835//1835 1847//1847 
f 1849//1849 1878//1878 1869//1869 
f 1869//1869 1819//1819 1849//1849 
f 1869//1869 1848//1848 1819//1819 
f 1847//1847 1850//1850 1871//1871 
f 1835//1835 1850//1850 1847//1847 
f 1862//1862 1818//1818 1825//1825 
f 1862//1862 1870//1870 1818//1818 
f 1870//1870 1823//1823 1818//1818 
f 1850//1850 1823//1823 1871//1871 
f 1823//1823 1870//1870 1871//1871 
f 1850//1850 1835//1835 1773//1773 
f 1830//1830 1849//1849 1822//1822 
f 1830//1830 1851//1851 1849//1849 
f 1974//1974 1883//1883 1884//1884 
f 1826//1826 1851//1851 1830//1830 
f 1852//1852 1851//1851 1826//1826 
f 1773//1773 1832//1832 1850//1850 
f 1875//1875 1854//1854 1853//1853 
f 1875//1875 1853//1853 1881//1881 
f 1881//1881 1853//1853 1835//1835 
f 1834//1834 1854//1854 1857//1857 
f 1833//1833 1835//1835 1853//1853 
f 1853//1853 1854//1854 2279//2279 
f 1834//1834 2279//2279 1854//1854 
f 1882//1882 1836//1836 1839//1839 
f 1883//1883 1882//1882 1839//1839 
f 1837//1837 1883//1883 1839//1839 
f 1884//1884 1883//1883 1837//1837 
f 1856//1856 1885//1885 1884//1884 
f 1885//1885 1856//1856 1855//1855 
f 1844//1844 2279//2279 1834//1834 
f 1856//1856 1884//1884 1837//1837 
f 1855//1855 1841//1841 1857//1857 
f 1857//1857 1841//1841 1834//1834 
f 1856//1856 1840//1840 1858//1858 
f 1856//1856 1858//1858 1855//1855 
f 1834//1834 1841//1841 1844//1844 
f 1950//1950 1860//1860 1951//1951 
f 1950//1950 1859//1859 1860//1860 
f 1952//1952 1951//1951 1860//1860 
f 1864//1864 1860//1860 1859//1859 
f 1859//1859 1861//1861 1864//1864 
f 1941//1941 1862//1862 1940//1940 
f 1859//1859 1940//1940 1861//1861 
f 1862//1862 1861//1861 1940//1940 
f 1967//1967 1860//1860 1866//1866 
f 1864//1864 1865//1865 1860//1860 
f 1864//1864 1869//1869 1865//1865 
f 1865//1865 1869//1869 1868//1868 
f 1866//1866 1860//1860 1865//1865 
f 1868//1868 1866//1866 1865//1865 
f 1866//1866 1868//1868 1968//1968 
f 1968//1968 1868//1868 1867//1867 
f 1968//1968 1867//1867 1969//1969 
f 1878//1878 1868//1868 1869//1869 
f 1868//1868 1878//1878 1879//1879 
f 1867//1867 1868//1868 1879//1879 
f 1862//1862 1848//1848 1861//1861 
f 1861//1861 1848//1848 1864//1864 
f 1864//1864 1848//1848 1869//1869 
f 1941//1941 1958//1958 1870//1870 
f 1862//1862 1941//1941 1870//1870 
f 1958//1958 1871//1871 1870//1870 
f 1958//1958 1963//1963 1871//1871 
f 1872//1872 1871//1871 1963//1963 
f 1963//1963 1863//1863 1872//1872 
f 1874//1874 1872//1872 1863//1863 
f 1872//1872 1874//1874 1871//1871 
f 1863//1863 1873//1873 1874//1874 
f 1881//1881 1874//1874 1873//1873 
f 1873//1873 1875//1875 1881//1881 
f 1973//1973 1877//1877 1972//1972 
f 1879//1879 1852//1852 1876//1876 
f 1879//1879 1876//1876 1867//1867 
f 1867//1867 1876//1876 1877//1877 
f 1973//1973 1867//1867 1877//1877 
f 1974//1974 1972//1972 1877//1877 
f 1877//1877 1883//1883 1974//1974 
f 1849//1849 1851//1851 1878//1878 
f 1879//1879 1878//1878 1851//1851 
f 1879//1879 1851//1851 1852//1852 
f 1882//1882 1876//1876 1852//1852 
f 1876//1876 1882//1882 1877//1877 
f 1877//1877 1882//1882 1883//1883 
f 1880//1880 1854//1854 1875//1875 
f 1857//1857 1854//1854 1880//1880 
f 1874//1874 1881//1881 1835//1835 
f 1884//1884 1885//1885 1974//1974 
f 1993//1993 1994//1994 1991//1991 
f 1886//1886 1997//1997 1889//1889 
f 1989//1989 1888//1888 1990//1990 
f 1989//1989 1887//1887 1888//1888 
f 1990//1990 1888//1888 1889//1889 
f 1890//1890 1889//1889 1888//1888 
f 1886//1886 1889//1889 1896//1896 
f 1886//1886 1896//1896 1892//1892 
f 1887//1887 1989//1989 1991//1991 
f 1887//1887 1895//1895 1890//1890 
f 1889//1889 1890//1890 1896//1896 
f 1890//1890 1893//1893 1896//1896 
f 1893//1893 1890//1890 1895//1895 
f 1991//1991 1891//1891 1887//1887 
f 1887//1887 1891//1891 1895//1895 
f 1897//1897 1895//1895 1891//1891 
f 1887//1887 1890//1890 1888//1888 
f 1891//1891 1991//1991 1994//1994 
f 1897//1897 1891//1891 1994//1994 
f 1895//1895 1900//1900 1893//1893 
f 1893//1893 1900//1900 1906//1906 
f 1904//1904 1896//1896 1906//1906 
f 1895//1895 1897//1897 1894//1894 
f 1894//1894 1898//1898 1901//1901 
f 1894//1894 1901//1901 1895//1895 
f 1893//1893 1906//1906 1896//1896 
f 1896//1896 1904//1904 1892//1892 
f 1897//1897 1898//1898 1894//1894 
f 1899//1899 1898//1898 1897//1897 
f 1994//1994 1899//1899 1897//1897 
f 1900//1900 1910//1910 1906//1906 
f 1895//1895 1901//1901 1902//1902 
f 1895//1895 1902//1902 1900//1900 
f 1900//1900 1913//1913 1910//1910 
f 1900//1900 1902//1902 1913//1913 
f 1901//1901 1898//1898 1903//1903 
f 1901//1901 1903//1903 1920//1920 
f 1899//1899 1994//1994 2016//2016 
f 1920//1920 1903//1903 1926//1926 
f 1903//1903 1898//1898 1926//1926 
f 1899//1899 2016//2016 1898//1898 
f 1898//1898 1927//1927 1926//1926 
f 1927//1927 1898//1898 2037//2037 
f 1898//1898 2016//2016 2037//2037 
f 1905//1905 1892//1892 1904//1904 
f 1905//1905 2018//2018 1892//1892 
f 2021//2021 2018//2018 1905//1905 
f 1910//1910 1914//1914 1906//1906 
f 1906//1906 1914//1914 1907//1907 
f 1904//1904 1906//1906 1907//1907 
f 1905//1905 1904//1904 1907//1907 
f 1905//1905 1907//1907 1908//1908 
f 1909//1909 1905//1905 1908//1908 
f 1905//1905 1909//1909 2021//2021 
f 1909//1909 1912//1912 2024//2024 
f 2021//2021 1909//1909 2024//2024 
f 1907//1907 1914//1914 1915//1915 
f 1907//1907 1915//1915 1908//1908 
f 1908//1908 1915//1915 1911//1911 
f 1911//1911 1909//1909 1908//1908 
f 2026//2026 2024//2024 1912//1912 
f 1910//1910 1913//1913 1914//1914 
f 1912//1912 1909//1909 1911//1911 
f 1902//1902 1917//1917 1913//1913 
f 1902//1902 1901//1901 1917//1917 
f 1913//1913 1917//1917 1918//1918 
f 1913//1913 1918//1918 1914//1914 
f 1914//1914 1919//1919 1915//1915 
f 1915//1915 1919//1919 1921//1921 
f 1911//1911 1915//1915 1916//1916 
f 1916//1916 1912//1912 1911//1911 
f 1901//1901 1920//1920 1917//1917 
f 1914//1914 1918//1918 1919//1919 
f 1915//1915 1921//1921 1922//1922 
f 1922//1922 1916//1916 1915//1915 
f 1912//1912 1916//1916 1928//1928 
f 2026//2026 1912//1912 1928//1928 
f 1918//1918 1917//1917 1924//1924 
f 1920//1920 1924//1924 1917//1917 
f 1923//1923 1919//1919 1918//1918 
f 1919//1919 1923//1923 1921//1921 
f 1918//1918 1924//1924 1925//1925 
f 1918//1918 1925//1925 1923//1923 
f 1923//1923 1929//1929 1921//1921 
f 1923//1923 1925//1925 1931//1931 
f 1923//1923 1931//1931 1929//1929 
f 1924//1924 1920//1920 1930//1930 
f 1924//1924 1930//1930 1925//1925 
f 1920//1920 1926//1926 1934//1934 
f 1927//1927 1934//1934 1926//1926 
f 1920//1920 1934//1934 1930//1930 
f 2037//2037 1936//1936 1927//1927 
f 1936//1936 1934//1934 1927//1927 
f 2037//2037 2042//2042 1936//1936 
f 2044//2044 2026//2026 1928//1928 
f 1928//1928 2049//2049 2044//2044 
f 1922//1922 1921//1921 1929//1929 
f 1916//1916 1922//1922 1928//1928 
f 1922//1922 1929//1929 1946//1946 
f 1922//1922 1946//1946 1928//1928 
f 2049//2049 1928//1928 1946//1946 
f 1930//1930 1931//1931 1925//1925 
f 1929//1929 1931//1931 1932//1932 
f 1929//1929 1932//1932 1946//1946 
f 1930//1930 1933//1933 1931//1931 
f 1930//1930 1935//1935 1933//1933 
f 1932//1932 1931//1931 1933//1933 
f 1930//1930 1941//1941 1935//1935 
f 1935//1935 1950//1950 1933//1933 
f 1932//1932 1933//1933 1947//1947 
f 1941//1941 1930//1930 1934//1934 
f 2042//2042 1938//1938 1936//1936 
f 2042//2042 2059//2059 1938//1938 
f 1935//1935 1859//1859 1950//1950 
f 1936//1936 1937//1937 1934//1934 
f 1937//1937 1941//1941 1934//1934 
f 1936//1936 1942//1942 1937//1937 
f 1936//1936 1938//1938 1942//1942 
f 1935//1935 1940//1940 1859//1859 
f 1940//1940 1935//1935 1941//1941 
f 1941//1941 1937//1937 1944//1944 
f 1937//1937 1942//1942 1944//1944 
f 1942//1942 1938//1938 1943//1943 
f 1938//1938 1939//1939 1943//1943 
f 1944//1944 1942//1942 1955//1955 
f 1942//1942 1943//1943 1955//1955 
f 1955//1955 1943//1943 1956//1956 
f 1943//1943 1939//1939 1956//1956 
f 1939//1939 1945//1945 1956//1956 
f 2049//2049 1946//1946 1949//1949 
f 1932//1932 1947//1947 1948//1948 
f 1948//1948 1946//1946 1932//1932 
f 1946//1946 1948//1948 1949//1949 
f 1947//1947 1933//1933 1951//1951 
f 1951//1951 1948//1948 1947//1947 
f 1952//1952 1948//1948 1951//1951 
f 1949//1949 1948//1948 1953//1953 
f 1949//1949 1953//1953 1954//1954 
f 1949//1949 1954//1954 2066//2066 
f 1950//1950 1951//1951 1933//1933 
f 1948//1948 1952//1952 1953//1953 
f 2070//2070 2066//2066 1954//1954 
f 1968//1968 1952//1952 1967//1967 
f 1968//1968 1953//1953 1952//1952 
f 1860//1860 1967//1967 1952//1952 
f 1958//1958 1941//1941 1944//1944 
f 1944//1944 1955//1955 1958//1958 
f 1945//1945 1959//1959 1956//1956 
f 1957//1957 1959//1959 1945//1945 
f 1957//1957 1960//1960 1959//1959 
f 2077//2077 1957//1957 1945//1945 
f 1960//1960 1957//1957 2077//2077 
f 1960//1960 2077//2077 2078//2078 
f 1961//1961 1960//1960 2078//2078 
f 1963//1963 1958//1958 1955//1955 
f 1964//1964 1963//1963 1955//1955 
f 1956//1956 1959//1959 1964//1964 
f 1956//1956 1964//1964 1955//1955 
f 1960//1960 1965//1965 1959//1959 
f 1961//1961 1962//1962 1978//1978 
f 1963//1963 1964//1964 1863//1863 
f 1959//1959 1965//1965 1964//1964 
f 1964//1964 1966//1966 1863//1863 
f 1964//1964 1965//1965 1966//1966 
f 1966//1966 1873//1873 1863//1863 
f 1968//1968 1967//1967 1866//1866 
f 1968//1968 1969//1969 1953//1953 
f 1953//1953 1969//1969 1972//1972 
f 1953//1953 1972//1972 1954//1954 
f 1954//1954 1972//1972 2070//2070 
f 2070//2070 1970//1970 2071//2071 
f 2071//2071 1970//1970 1971//1971 
f 1969//1969 1867//1867 1973//1973 
f 2070//2070 1972//1972 1974//1974 
f 2070//2070 1974//1974 1970//1970 
f 1962//1962 1971//1971 1975//1975 
f 1969//1969 1973//1973 1972//1972 
f 1975//1975 1979//1979 1978//1978 
f 1971//1971 1970//1970 1885//1885 
f 1971//1971 1885//1885 1979//1979 
f 1978//1978 1962//1962 1975//1975 
f 1979//1979 1975//1975 1971//1971 
f 1977//1977 1960//1960 1961//1961 
f 1961//1961 1978//1978 1977//1977 
f 1966//1966 1875//1875 1873//1873 
f 1965//1965 1976//1976 1966//1966 
f 1976//1976 1875//1875 1966//1966 
f 1965//1965 1960//1960 1976//1976 
f 1960//1960 1977//1977 1976//1976 
f 1977//1977 1875//1875 1976//1976 
f 1977//1977 1880//1880 1875//1875 
f 1977//1977 1978//1978 1880//1880 
f 1979//1979 1855//1855 1978//1978 
f 1880//1880 1978//1978 1857//1857 
f 1978//1978 1855//1855 1857//1857 
f 1974//1974 1885//1885 1970//1970 
f 1855//1855 1979//1979 1885//1885 
f 2085//2085 2083//2083 1980//1980 
f 2092//2092 1980//1980 1986//1986 
f 1985//1985 1984//1984 1981//1981 
f 1981//1981 1984//1984 1982//1982 
f 1984//1984 1998//1998 1982//1982 
f 1987//1987 1985//1985 1983//1983 
f 1983//1983 1981//1981 2083//2083 
f 1981//1981 1983//1983 1985//1985 
f 2083//2083 1982//1982 1980//1980 
f 2083//2083 1981//1981 1982//1982 
f 1998//1998 1980//1980 1982//1982 
f 1980//1980 1998//1998 1996//1996 
f 1996//1996 1986//1986 1980//1980 
f 1987//1987 1991//1991 1989//1989 
f 1985//1985 1987//1987 1989//1989 
f 1985//1985 1990//1990 1984//1984 
f 1985//1985 1989//1989 1990//1990 
f 1986//1986 1996//1996 1999//1999 
f 1997//1997 1984//1984 1990//1990 
f 1984//1984 1997//1997 1998//1998 
f 1988//1988 1991//1991 1987//1987 
f 2089//2089 1993//1993 1988//1988 
f 2097//2097 2100//2100 1992//1992 
f 1988//1988 1993//1993 1991//1991 
f 2089//2089 1992//1992 1993//1993 
f 1993//1993 1992//1992 1995//1995 
f 1995//1995 1994//1994 1993//1993 
f 1992//1992 2009//2009 1995//1995 
f 2100//2100 2009//2009 1992//1992 
f 2009//2009 2014//2014 1995//1995 
f 1986//1986 1999//1999 2094//2094 
f 2094//2094 1999//1999 2102//2102 
f 1998//1998 1997//1997 2000//2000 
f 1998//1998 2000//2000 1996//1996 
f 1996//1996 2000//2000 1999//1999 
f 2003//2003 2102//2102 2005//2005 
f 1990//1990 1889//1889 1997//1997 
f 1886//1886 2000//2000 1997//1997 
f 1886//1886 2001//2001 2000//2000 
f 2001//2001 1999//1999 2000//2000 
f 1999//1999 2001//2001 2004//2004 
f 1999//1999 2004//2004 2002//2002 
f 2102//2102 1999//1999 2002//2002 
f 2102//2102 2002//2002 2005//2005 
f 2001//2001 1886//1886 2006//2006 
f 2001//2001 2006//2006 2004//2004 
f 2005//2005 2002//2002 2004//2004 
f 2005//2005 2004//2004 2019//2019 
f 1892//1892 2006//2006 1886//1886 
f 2018//2018 2006//2006 1892//1892 
f 2004//2004 2018//2018 2019//2019 
f 2004//2004 2006//2006 2018//2018 
f 2005//2005 2020//2020 2003//2003 
f 2003//2003 2020//2020 2022//2022 
f 2007//2007 2009//2009 2100//2100 
f 2101//2101 2007//2007 2100//2100 
f 2107//2107 2007//2007 2101//2101 
f 2107//2107 2010//2010 2007//2007 
f 2011//2011 1994//1994 1995//1995 
f 1995//1995 2014//2014 2011//2011 
f 2007//2007 2010//2010 2012//2012 
f 2010//2010 2023//2023 2013//2013 
f 2010//2010 2013//2013 2012//2012 
f 2015//2015 2014//2014 2009//2009 
f 2015//2015 2009//2009 2007//2007 
f 2012//2012 2015//2015 2007//2007 
f 2012//2012 2013//2013 2029//2029 
f 2031//2031 2015//2015 2029//2029 
f 2012//2012 2029//2029 2015//2015 
f 2011//2011 2016//2016 1994//1994 
f 2014//2014 2017//2017 2011//2011 
f 2016//2016 2011//2011 2017//2017 
f 2017//2017 2014//2014 2015//2015 
f 2017//2017 2015//2015 2031//2031 
f 2020//2020 2005//2005 2019//2019 
f 2023//2023 2008//2008 2022//2022 
f 2018//2018 2021//2021 2019//2019 
f 2019//2019 2021//2021 2020//2020 
f 2020//2020 2025//2025 2022//2022 
f 2021//2021 2024//2024 2020//2020 
f 2020//2020 2024//2024 2025//2025 
f 2023//2023 2022//2022 2028//2028 
f 2026//2026 2025//2025 2024//2024 
f 2044//2044 2025//2025 2026//2026 
f 2025//2025 2044//2044 2027//2027 
f 2027//2027 2022//2022 2025//2025 
f 2029//2029 2013//2013 2023//2023 
f 2028//2028 2022//2022 2027//2027 
f 2023//2023 2028//2028 2030//2030 
f 2029//2029 2023//2023 2030//2030 
f 2029//2029 2030//2030 2033//2033 
f 2029//2029 2032//2032 2031//2031 
f 2032//2032 2017//2017 2031//2031 
f 2029//2029 2033//2033 2032//2032 
f 2028//2028 2046//2046 2030//2030 
f 2030//2030 2046//2046 2034//2034 
f 2030//2030 2034//2034 2033//2033 
f 2032//2032 2033//2033 2047//2047 
f 2016//2016 2035//2035 2037//2037 
f 2017//2017 2035//2035 2016//2016 
f 2038//2038 2035//2035 2017//2017 
f 2032//2032 2036//2036 2017//2017 
f 2017//2017 2036//2036 2038//2038 
f 2032//2032 2047//2047 2036//2036 
f 2036//2036 2047//2047 2050//2050 
f 2035//2035 2039//2039 2037//2037 
f 2041//2041 2035//2035 2038//2038 
f 2041//2041 2038//2038 2036//2036 
f 2036//2036 2052//2052 2041//2041 
f 2050//2050 2052//2052 2036//2036 
f 2039//2039 2042//2042 2037//2037 
f 2039//2039 2043//2043 2042//2042 
f 2035//2035 2040//2040 2039//2039 
f 2043//2043 2039//2039 2040//2040 
f 2040//2040 2035//2035 2041//2041 
f 2056//2056 2041//2041 2052//2052 
f 2040//2040 2055//2055 2043//2043 
f 2041//2041 2055//2055 2040//2040 
f 2056//2056 2055//2055 2041//2041 
f 2027//2027 2044//2044 2045//2045 
f 2045//2045 2028//2028 2027//2027 
f 2028//2028 2045//2045 2046//2046 
f 2049//2049 2045//2045 2044//2044 
f 2046//2046 2045//2045 2065//2065 
f 2065//2065 2045//2045 2049//2049 
f 2034//2034 2046//2046 2048//2048 
f 2065//2065 2048//2048 2046//2046 
f 2034//2034 2051//2051 2033//2033 
f 2034//2034 2048//2048 2051//2051 
f 2033//2033 2050//2050 2047//2047 
f 2033//2033 2051//2051 2050//2050 
f 2050//2050 2051//2051 2053//2053 
f 2048//2048 2067//2067 2054//2054 
f 2065//2065 2067//2067 2048//2048 
f 2051//2051 2048//2048 2054//2054 
f 2052//2052 2050//2050 2057//2057 
f 2050//2050 2053//2053 2057//2057 
f 2053//2053 2051//2051 2054//2054 
f 2057//2057 2053//2053 2060//2060 
f 2054//2054 2058//2058 2053//2053 
f 2043//2043 2059//2059 2042//2042 
f 2043//2043 2055//2055 2059//2059 
f 2056//2056 2059//2059 2055//2055 
f 2056//2056 2052//2052 2057//2057 
f 2057//2057 2060//2060 2056//2056 
f 2060//2060 2053//2053 2061//2061 
f 2053//2053 2058//2058 2061//2061 
f 2058//2058 2054//2054 2068//2068 
f 2058//2058 2068//2068 2061//2061 
f 2059//2059 1939//1939 1938//1938 
f 2062//2062 1939//1939 2059//2059 
f 2062//2062 2059//2059 2056//2056 
f 2064//2064 2056//2056 2060//2060 
f 2060//2060 2061//2061 2069//2069 
f 2060//2060 2069//2069 2064//2064 
f 2061//2061 2068//2068 2072//2072 
f 2061//2061 2072//2072 2069//2069 
f 2077//2077 1945//1945 2062//2062 
f 2062//2062 1945//1945 1939//1939 
f 2063//2063 2062//2062 2056//2056 
f 2064//2064 2063//2063 2056//2056 
f 2063//2063 2077//2077 2062//2062 
f 2063//2063 2073//2073 2077//2077 
f 2064//2064 2073//2073 2063//2063 
f 1949//1949 2066//2066 2049//2049 
f 2049//2049 2066//2066 2070//2070 
f 2065//2065 2049//2049 2070//2070 
f 2067//2067 2065//2065 2070//2070 
f 2071//2071 2067//2067 2070//2070 
f 2054//2054 2067//2067 2071//2071 
f 2068//2068 2054//2054 2071//2071 
f 2068//2068 2071//2071 2072//2072 
f 2069//2069 2076//2076 2064//2064 
f 2064//2064 2076//2076 2073//2073 
f 2076//2076 2069//2069 2072//2072 
f 2076//2076 2072//2072 2074//2074 
f 2075//2075 2072//2072 2071//2071 
f 2072//2072 2075//2075 2074//2074 
f 2078//2078 2077//2077 2073//2073 
f 2073//2073 2076//2076 2078//2078 
f 2075//2075 2071//2071 1971//1971 
f 2075//2075 1971//1971 2074//2074 
f 2076//2076 2074//2074 2078//2078 
f 2078//2078 1962//1962 1961//1961 
f 2078//2078 2074//2074 1962//1962 
f 2074//2074 1971//1971 1962//1962 
f 2131//2131 2081//2081 2112//2112 
f 2080//2080 2084//2084 2085//2085 
f 2112//2112 2086//2086 2079//2079 
f 2086//2086 2084//2084 2079//2079 
f 2079//2079 2084//2084 2080//2080 
f 2112//2112 2081//2081 2086//2086 
f 2079//2079 2080//2080 2118//2118 
f 2085//2085 2119//2119 2118//2118 
f 2118//2118 2080//2080 2085//2085 
f 2085//2085 2082//2082 2119//2119 
f 2082//2082 2120//2120 2119//2119 
f 2120//2120 2082//2082 2090//2090 
f 2083//2083 2084//2084 1983//1983 
f 2086//2086 1987//1987 1983//1983 
f 2084//2084 2086//2086 1983//1983 
f 2084//2084 2083//2083 2085//2085 
f 2086//2086 2081//2081 1987//1987 
f 2131//2131 2113//2113 2081//2081 
f 2087//2087 2081//2081 2113//2113 
f 2088//2088 2081//2081 2087//2087 
f 2113//2113 2114//2114 2087//2087 
f 2087//2087 2114//2114 2125//2125 
f 1988//1988 1987//1987 2081//2081 
f 2088//2088 2089//2089 1988//1988 
f 2088//2088 1988//1988 2081//2081 
f 2088//2088 2087//2087 2089//2089 
f 2125//2125 2097//2097 2087//2087 
f 2126//2126 2097//2097 2125//2125 
f 2087//2087 2097//2097 2089//2089 
f 2122//2122 2090//2090 2091//2091 
f 2082//2082 2092//2092 2090//2090 
f 2090//2090 2092//2092 2091//2091 
f 1980//1980 2082//2082 2085//2085 
f 2092//2092 2082//2082 1980//1980 
f 2094//2094 2091//2091 2092//2092 
f 2091//2091 2094//2094 2102//2102 
f 2093//2093 2091//2091 2102//2102 
f 2095//2095 2139//2139 2093//2093 
f 2092//2092 1986//1986 2094//2094 
f 2105//2105 2095//2095 2103//2103 
f 2103//2103 2095//2095 2093//2093 
f 2124//2124 2096//2096 2104//2104 
f 2095//2095 2105//2105 2096//2096 
f 2104//2104 2096//2096 2105//2105 
f 2089//2089 2097//2097 1992//1992 
f 2098//2098 2097//2097 2126//2126 
f 2124//2124 2104//2104 2099//2099 
f 2280//2280 2124//2124 2099//2099 
f 2097//2097 2101//2101 2100//2100 
f 2098//2098 2101//2101 2097//2097 
f 2280//2280 2099//2099 2098//2098 
f 2098//2098 2107//2107 2101//2101 
f 2098//2098 2099//2099 2107//2107 
f 2102//2102 2003//2003 2093//2093 
f 2103//2103 2093//2093 2003//2003 
f 2105//2105 2103//2103 2022//2022 
f 2022//2022 2103//2103 2003//2003 
f 2105//2105 2008//2008 2104//2104 
f 2022//2022 2008//2008 2105//2105 
f 2104//2104 2008//2008 2106//2106 
f 2099//2099 2104//2104 2106//2106 
f 2099//2099 2106//2106 2107//2107 
f 2023//2023 2106//2106 2008//2008 
f 2107//2107 2106//2106 2023//2023 
f 2010//2010 2107//2107 2023//2023 
f 2128//2128 2108//2108 2135//2135 
f 2128//2128 2109//2109 2108//2108 
f 2135//2135 2108//2108 2110//2110 
f 2135//2135 2110//2110 2111//2111 
f 2119//2119 2111//2111 2110//2110 
f 2111//2111 2119//2119 2116//2116 
f 2079//2079 2118//2118 2108//2108 
f 2108//2108 2118//2118 2110//2110 
f 2109//2109 2079//2079 2108//2108 
f 2127//2127 2131//2131 2112//2112 
f 2109//2109 2127//2127 2112//2112 
f 2109//2109 2112//2112 2079//2079 
f 2113//2113 2129//2129 2114//2114 
f 2115//2115 2114//2114 2129//2129 
f 2116//2116 2117//2117 2134//2134 
f 2134//2134 2117//2117 2137//2137 
f 2116//2116 2119//2119 2120//2120 
f 2117//2117 2116//2116 2120//2120 
f 2110//2110 2118//2118 2119//2119 
f 2117//2117 2122//2122 2123//2123 
f 2137//2137 2117//2117 2123//2123 
f 2137//2137 2123//2123 2121//2121 
f 2122//2122 2117//2117 2090//2090 
f 2117//2117 2120//2120 2090//2090 
f 2123//2123 2093//2093 2121//2121 
f 2139//2139 2121//2121 2093//2093 
f 2139//2139 2096//2096 2141//2141 
f 2114//2114 2115//2115 2125//2125 
f 2115//2115 2136//2136 2125//2125 
f 2140//2140 2096//2096 2124//2124 
f 2096//2096 2140//2140 2141//2141 
f 2136//2136 2126//2126 2125//2125 
f 2124//2124 2280//2280 2136//2136 
f 2122//2122 2091//2091 2123//2123 
f 2123//2123 2091//2091 2093//2093 
f 2095//2095 2096//2096 2139//2139 
f 2128//2128 2127//2127 2109//2109 
f 2129//2129 2113//2113 2131//2131 
f 2133//2133 2116//2116 2134//2134 
f 2133//2133 2132//2132 2116//2116 
f 2137//2137 2144//2144 2134//2134 
f 2135//2135 2111//2111 2132//2132 
f 2116//2116 2132//2132 2111//2111 
f 2136//2136 2115//2115 2130//2130 
f 2130//2130 2115//2115 2129//2129 
f 2145//2145 2140//2140 2136//2136 
f 2136//2136 2140//2140 2124//2124 
f 2137//2137 2121//2121 2138//2138 
f 2138//2138 2121//2121 2139//2139 
f 2142//2142 2138//2138 2139//2139 
f 2142//2142 2139//2139 2141//2141 
f 2169//2169 2142//2142 2141//2141 
f 2141//2141 2140//2140 2169//2169 
f 2131//2131 2178//2178 2129//2129 
f 2178//2178 2187//2187 2129//2129 
f 2187//2187 2167//2167 2129//2129 
f 2129//2129 2167//2167 2130//2130 
f 2135//2135 2132//2132 2166//2166 
f 2167//2167 2143//2143 2130//2130 
f 2169//2169 2145//2145 2168//2168 
f 2130//2130 2143//2143 2136//2136 
f 2134//2134 2215//2215 2133//2133 
f 2137//2137 2138//2138 2144//2144 
f 2144//2144 2138//2138 2142//2142 
f 2145//2145 2136//2136 2143//2143 
f 2145//2145 2169//2169 2140//2140 
f 2165//2165 2148//2148 2128//2128 
f 2148//2148 2146//2146 2128//2128 
f 2157//2157 2148//2148 2165//2165 
f 2148//2148 2152//2152 2146//2146 
f 2147//2147 2152//2152 2148//2148 
f 2156//2156 2155//2155 2147//2147 
f 2149//2149 2156//2156 2147//2147 
f 2147//2147 2148//2148 2149//2149 
f 2148//2148 2157//2157 2149//2149 
f 2160//2160 2156//2156 2149//2149 
f 2157//2157 2160//2160 2149//2149 
f 2153//2153 2154//2154 2146//2146 
f 2154//2154 2172//2172 2150//2150 
f 2146//2146 2154//2154 2150//2150 
f 2153//2153 2152//2152 2151//2151 
f 2146//2146 2152//2152 2153//2153 
f 2151//2151 2147//2147 2155//2155 
f 2151//2151 2152//2152 2147//2147 
f 2160//2160 2161//2161 2156//2156 
f 2154//2154 2171//2171 2172//2172 
f 2172//2172 2178//2178 2131//2131 
f 2154//2154 2173//2173 2171//2171 
f 2154//2154 2153//2153 2173//2173 
f 2151//2151 2175//2175 2174//2174 
f 2174//2174 2153//2153 2151//2151 
f 2173//2173 2153//2153 2174//2174 
f 2176//2176 2175//2175 2155//2155 
f 2175//2175 2151//2151 2155//2155 
f 2176//2176 2156//2156 2211//2211 
f 2176//2176 2155//2155 2156//2156 
f 2211//2211 2156//2156 2161//2161 
f 2146//2146 2127//2127 2128//2128 
f 2150//2150 2172//2172 2131//2131 
f 2146//2146 2150//2150 2127//2127 
f 2131//2131 2127//2127 2150//2150 
f 2158//2158 2160//2160 2157//2157 
f 2157//2157 2159//2159 2158//2158 
f 2157//2157 2165//2165 2159//2159 
f 2160//2160 2162//2162 2161//2161 
f 2160//2160 2158//2158 2162//2162 
f 2158//2158 2163//2163 2162//2162 
f 2158//2158 2159//2159 2163//2163 
f 2163//2163 2159//2159 2164//2164 
f 2161//2161 2212//2212 2211//2211 
f 2161//2161 2162//2162 2212//2212 
f 2212//2212 2162//2162 2213//2213 
f 2162//2162 2163//2163 2213//2213 
f 2163//2163 2214//2214 2213//2213 
f 2163//2163 2164//2164 2214//2214 
f 2214//2214 2164//2164 2215//2215 
f 2165//2165 2128//2128 2135//2135 
f 2166//2166 2165//2165 2135//2135 
f 2166//2166 2132//2132 2159//2159 
f 2165//2165 2166//2166 2159//2159 
f 2164//2164 2159//2159 2132//2132 
f 2219//2219 2144//2144 2228//2228 
f 2132//2132 2133//2133 2164//2164 
f 2142//2142 2228//2228 2144//2144 
f 2210//2210 2168//2168 2170//2170 
f 2143//2143 2167//2167 2170//2170 
f 2164//2164 2133//2133 2215//2215 
f 2215//2215 2134//2134 2219//2219 
f 2219//2219 2134//2134 2144//2144 
f 2145//2145 2143//2143 2170//2170 
f 2170//2170 2168//2168 2145//2145 
f 2171//2171 2180//2180 2177//2177 
f 2171//2171 2177//2177 2172//2172 
f 2177//2177 2178//2178 2172//2172 
f 2181//2181 2179//2179 2174//2174 
f 2173//2173 2174//2174 2179//2179 
f 2173//2173 2179//2179 2180//2180 
f 2180//2180 2171//2171 2173//2173 
f 2181//2181 2174//2174 2175//2175 
f 2181//2181 2176//2176 2182//2182 
f 2181//2181 2175//2175 2176//2176 
f 2182//2182 2176//2176 2211//2211 
f 2182//2182 2211//2211 2220//2220 
f 2180//2180 2185//2185 2183//2183 
f 2177//2177 2180//2180 2183//2183 
f 2183//2183 2178//2178 2177//2177 
f 2179//2179 2181//2181 2184//2184 
f 2184//2184 2185//2185 2179//2179 
f 2179//2179 2185//2185 2180//2180 
f 2181//2181 2191//2191 2190//2190 
f 2184//2184 2181//2181 2190//2190 
f 2191//2191 2181//2181 2182//2182 
f 2191//2191 2182//2182 2220//2220 
f 2183//2183 2185//2185 2188//2188 
f 2188//2188 2186//2186 2183//2183 
f 2186//2186 2187//2187 2183//2183 
f 2183//2183 2187//2187 2178//2178 
f 2189//2189 2188//2188 2184//2184 
f 2184//2184 2188//2188 2185//2185 
f 2190//2190 2189//2189 2184//2184 
f 2223//2223 2191//2191 2220//2220 
f 2192//2192 2186//2186 2188//2188 
f 2187//2187 2186//2186 2192//2192 
f 2193//2193 2187//2187 2192//2192 
f 2195//2195 2192//2192 2188//2188 
f 2193//2193 2167//2167 2187//2187 
f 2194//2194 2189//2189 2190//2190 
f 2191//2191 2197//2197 2190//2190 
f 2197//2197 2194//2194 2190//2190 
f 2197//2197 2191//2191 2229//2229 
f 2229//2229 2191//2191 2223//2223 
f 2188//2188 2189//2189 2195//2195 
f 2196//2196 2192//2192 2195//2195 
f 2193//2193 2192//2192 2196//2196 
f 2194//2194 2199//2199 2195//2195 
f 2194//2194 2195//2195 2189//2189 
f 2196//2196 2201//2201 2193//2193 
f 2193//2193 2201//2201 2167//2167 
f 2198//2198 2199//2199 2194//2194 
f 2197//2197 2198//2198 2194//2194 
f 2199//2199 2198//2198 2202//2202 
f 2196//2196 2195//2195 2199//2199 
f 2200//2200 2196//2196 2199//2199 
f 2201//2201 2196//2196 2200//2200 
f 2200//2200 2206//2206 2201//2201 
f 2206//2206 2203//2203 2201//2201 
f 2198//2198 2197//2197 2204//2204 
f 2202//2202 2198//2198 2204//2204 
f 2202//2202 2204//2204 2207//2207 
f 2229//2229 2204//2204 2197//2197 
f 2200//2200 2199//2199 2202//2202 
f 2205//2205 2200//2200 2202//2202 
f 2206//2206 2200//2200 2205//2205 
f 2202//2202 2207//2207 2205//2205 
f 2205//2205 2207//2207 2208//2208 
f 2205//2205 2208//2208 2206//2206 
f 2206//2206 2208//2208 2209//2209 
f 2203//2203 2206//2206 2210//2210 
f 2210//2210 2206//2206 2209//2209 
f 2209//2209 2208//2208 2239//2239 
f 2209//2209 2239//2239 2210//2210 
f 2203//2203 2170//2170 2201//2201 
f 2170//2170 2167//2167 2201//2201 
f 2170//2170 2203//2203 2210//2210 
f 2220//2220 2211//2211 2216//2216 
f 2216//2216 2211//2211 2212//2212 
f 2212//2212 2217//2217 2216//2216 
f 2212//2212 2213//2213 2217//2217 
f 2213//2213 2214//2214 2217//2217 
f 2218//2218 2217//2217 2214//2214 
f 2218//2218 2215//2215 2219//2219 
f 2218//2218 2214//2214 2215//2215 
f 2221//2221 2220//2220 2216//2216 
f 2221//2221 2216//2216 2222//2222 
f 2222//2222 2216//2216 2217//2217 
f 2217//2217 2218//2218 2222//2222 
f 2227//2227 2218//2218 2219//2219 
f 2223//2223 2220//2220 2224//2224 
f 2224//2224 2220//2220 2221//2221 
f 2222//2222 2224//2224 2221//2221 
f 2224//2224 2222//2222 2225//2225 
f 2222//2222 2218//2218 2225//2225 
f 2218//2218 2226//2226 2225//2225 
f 2226//2226 2218//2218 2227//2227 
f 2228//2228 2227//2227 2219//2219 
f 2224//2224 2229//2229 2223//2223 
f 2229//2229 2224//2224 2230//2230 
f 2224//2224 2225//2225 2230//2230 
f 2225//2225 2231//2231 2230//2230 
f 2226//2226 2232//2232 2231//2231 
f 2226//2226 2231//2231 2225//2225 
f 2232//2232 2226//2226 2227//2227 
f 2228//2228 2232//2232 2227//2227 
f 2230//2230 2233//2233 2229//2229 
f 2231//2231 2233//2233 2230//2230 
f 2231//2231 2232//2232 2235//2235 
f 2235//2235 2238//2238 2236//2236 
f 2238//2238 2235//2235 2232//2232 
f 2228//2228 2238//2238 2232//2232 
f 2233//2233 2204//2204 2229//2229 
f 2204//2204 2233//2233 2234//2234 
f 2204//2204 2234//2234 2207//2207 
f 2231//2231 2235//2235 2233//2233 
f 2233//2233 2235//2235 2234//2234 
f 2234//2234 2236//2236 2240//2240 
f 2234//2234 2235//2235 2236//2236 
f 2237//2237 2236//2236 2238//2238 
f 2169//2169 2237//2237 2238//2238 
f 2168//2168 2237//2237 2169//2169 
f 2234//2234 2240//2240 2207//2207 
f 2207//2207 2240//2240 2208//2208 
f 2208//2208 2240//2240 2239//2239 
f 2239//2239 2240//2240 2237//2237 
f 2237//2237 2240//2240 2236//2236 
f 2238//2238 2142//2142 2169//2169 
f 2228//2228 2142//2142 2238//2238 
f 2239//2239 2237//2237 2241//2241 
f 2239//2239 2241//2241 2210//2210 
f 2237//2237 2168//2168 2241//2241 
f 2241//2241 2168//2168 2210//2210 
