#
# Compatibility version : 4.3
# File ID : FJ4223
# Representation ID : BP29528
# Build-up logic : FMA 3.0 is_a
# Concept ID : FMA65295
# English name : Left medial pectoral nerve
# Bounds(mm): (29.907900,-203.911500,1158.169300)-(120.592200,-94.970900,1317.717800)
# Volume(cm3): 0.562000
#
v 29.9079 -197.738 1224.57
v 29.9969 -197.993 1224.57
v 29.9969 -197.938 1224.73
v 29.9969 -197.638 1224.57
v 29.9969 -197.738 1224.79
v 30.1969 -197.952 1224.77
v 30.2239 -197.928 1224.5
v 30.1969 -197.738 1224.4
v 30.5285 -197.617 1224.77
v 30.9523 -197.89 1224.58
v 30.9454 -197.721 1224.86
v 32.5385 -197.694 1224.78
v 33.0591 -197.33 1224.95
v 35.3969 -197.355 1224.77
v 36.1969 -196.708 1224.77
v 35.636 -197.154 1225.01
v 35.7969 -196.856 1224.97
v 36.3803 -197.141 1224.96
v 36.1651 -196.974 1224.54
v 37.2151 -197.064 1224.77
v 36.3877 -196.943 1225.07
v 36.8545 -196.936 1225.06
v 37.029 -196.733 1225.06
v 37.959 -196.914 1224.97
v 37.8022 -196.738 1225.11
v 38.3329 -203.738 1200.77
v 38.74 -203.738 1200.77
v 38.3579 -203.738 1200.97
v 38.4491 -203.578 1201
v 38.5969 -203.911 1200.97
v 38.7197 -203.338 1200.97
v 38.7969 -203.202 1201.17
v 39.2632 -203.032 1201.89
v 39.4285 -202.974 1201.45
v 39.5608 -203.156 1201.75
v 38.3016 -196.538 1224.58
v 38.8809 -196.273 1224.77
v 39.1969 -196.743 1224.77
v 38.2069 -196.543 1225.1
v 38.9969 -196.243 1224.97
v 39.1969 -196.538 1225.14
v 41.0835 -195.912 1224.66
v 41.1291 -201.406 1203.84
v 41.3969 -201.538 1203.85
v 41.9969 -201.138 1204.14
v 41.7969 -200.671 1204.17
v 42.1969 -200.738 1204.26
v 42.4402 -200.342 1205.42
v 42.6485 -199.938 1205.57
v 41.1801 -196.102 1224.57
v 41.3969 -195.938 1225.16
v 41.7969 -195.649 1224.97
v 41.7971 -196.19 1224.97
v 42.7969 -200.48 1205.37
v 43.77 -199.215 1206.58
v 44.1292 -199.373 1206.99
v 43.84 -199.356 1207.39
v 44.1969 -198.655 1207.77
v 43.8485 -195.711 1224.77
v 43.905 -195.354 1224.51
v 43.8848 -195.512 1225.11
v 44.6037 -198.447 1208.18
v 44.9199 -198.559 1208.35
v 44.9437 -198.538 1209.57
v 45.0238 -198.085 1209.26
v 45.0032 -198.175 1209.89
v 45.1844 -198.653 1209.4
v 45.2598 -198.127 1209.29
v 45.836 -198.138 1210.37
v 45.7487 -197.922 1211.76
v 45.8181 -197.506 1211.62
v 44.7969 -194.84 1224.77
v 45.1969 -195.138 1224.48
v 45.7969 -194.738 1224.47
v 45.0629 -194.962 1225.07
v 45.4967 -195.198 1224.96
v 45.9969 -198.138 1211.12
v 45.957 -198.094 1211.67
v 46.0295 -197.498 1211.46
v 46.1969 -198.018 1211.97
v 46.3047 -197.738 1211.57
v 46.5903 -197.654 1213.57
v 46.5082 -197.163 1213.92
v 46.8062 -197.144 1214.75
v 47.1969 -196.665 1214.97
v 47.4814 -196.938 1214.73
v 47.1395 -197.127 1215.37
v 47.1672 -196.738 1215.57
v 47.5332 -196.746 1216.35
v 46.9833 -194.138 1224.77
v 47.554 -197.196 1215.47
v 47.8107 -196.954 1216.4
v 47.8274 -196.981 1215.57
v 47.8583 -196.709 1216.85
v 48.4886 -196.523 1216.79
v 48.3787 -196.214 1216.79
v 47.9547 -196.338 1217.17
v 48.5521 -196.62 1217.28
v 48.6087 -196.512 1217.7
v 48.7631 -196.156 1218.33
v 48.9969 -196.138 1217.59
v 47.5969 -194.138 1224.38
v 48.0342 -194.439 1224.76
v 47.8918 -194.339 1224.96
v 49.2262 -196.041 1218.79
v 49.7448 -195.858 1219.08
v 49.3969 -195.343 1218.77
v 49.4775 -195.529 1219.38
v 49.7829 -195.138 1219.77
v 50.1675 -195.463 1219.93
v 50.7416 -194.914 1220.77
v 49.6506 -193.107 1224.62
v 50.0512 -193.549 1224.36
v 50.7969 -194.538 1220.22
v 51.0297 -194.938 1220.37
v 51.007 -194.911 1220.79
v 51.1001 -194.338 1221.37
v 52.1969 -193.758 1222.37
v 52.1592 -193.193 1221.99
v 51.2561 -193.125 1224.77
v 51.1969 -192.738 1224.95
v 52.4077 -193.773 1222.18
v 53.0377 -192.952 1222.53
v 53.2956 -192.932 1222.94
v 53.5969 -191.877 1224.17
v 53.7969 -192.09 1224.17
v 53.7969 -192.011 1224.57
v 54.1969 -191.049 1224.37
v 54.6591 -191.138 1224.15
v 54.6994 -191.542 1224.65
v 54.8409 -191.343 1224.29
v 54.5969 -190.883 1224.97
v 54.7093 -191.162 1225.05
v 56.7144 -190.303 1224.78
v 56.7825 -190.256 1225.02
v 56.5969 -189.474 1224.97
v 56.922 -189.584 1225.32
v 57.762 -189.337 1224.73
v 57.1396 -189.773 1225.32
v 57.5969 -188.938 1224.79
v 57.9787 -188.567 1225.37
v 58.429 -188.872 1225.59
v 59.1051 -187.652 1225.43
v 59.3304 -187.827 1225.15
v 59.1969 -187.676 1225.77
v 59.6205 -187.694 1226.03
v 59.6308 -188.257 1225.52
v 59.6704 -188.165 1225.75
v 59.9845 -187.726 1226.04
v 60.5019 -187.464 1225.61
v 60.775 -187.192 1226.26
v 61.0753 -187.091 1226.04
v 61.2112 -186.348 1226.68
v 61.5329 -185.793 1226.8
v 61.5521 -185.546 1226.56
v 62.5149 -185.432 1226.35
v 62.2369 -185.023 1226.6
v 62.5306 -185.035 1227.31
v 62.7122 -184.51 1227.03
v 63.2582 -184.843 1227.58
v 63.4535 -183.905 1227.6
v 63.751 -184.756 1227.16
v 64.1392 -184.378 1227.75
v 64.7054 -183.05 1228.43
v 64.6783 -183.476 1228.41
v 65.8141 -181.989 1228.48
v 66.4612 -182.354 1228.37
v 66.1969 -182.138 1228.22
v 66.9651 -182.219 1228.98
v 67.0216 -181.787 1229.59
v 67.4917 -180.694 1229.72
v 68.7969 -200.58 1188.37
v 68.9969 -200.375 1188.37
v 68.7969 -200.338 1188.06
v 68.5641 -200.338 1188.37
v 68.8013 -199.706 1189.5
v 68.9787 -199.765 1189.25
v 68.761 -199.538 1190.37
v 68.805 -199.998 1189.76
v 69.0333 -199.833 1190.38
v 68.9956 -199.43 1190.03
v 69.1969 -199.738 1189.83
v 68.9872 -199.18 1191.82
v 68.9922 -198.938 1191.37
v 69.3857 -198.891 1191.8
v 69.4455 -198.948 1192.31
v 69.3969 -198.338 1192.74
v 69.115 -198.337 1193.14
v 69.1483 -198.295 1193.66
v 69.4317 -197.844 1193.86
v 69.6792 -198.292 1193.67
v 69.6334 -198.097 1193.64
v 69.5969 -198.138 1194.66
v 69.5969 -197.624 1195.77
v 69.7623 -196.988 1195.69
v 69.5174 -197.04 1195.94
v 69.5422 -196.938 1196.57
v 69.7672 -196.338 1197.17
v 69.7969 -196.561 1196.57
v 68.7211 -180.032 1230.56
v 70.0073 -197.278 1196.27
v 70.0682 -197.089 1196.03
v 69.9905 -196.725 1196.35
v 70.2094 -196.021 1197.61
v 70.1969 -196.44 1198.17
v 70.2208 -196.012 1198.84
v 70.5253 -195.76 1198.33
v 70.6408 -195.759 1198.72
v 70.5838 -195.7 1199.3
v 70.3204 -194.938 1200.17
v 70.6124 -194.538 1199.89
v 71.1057 -194.665 1200.64
v 71.0831 -194.555 1200.31
v 70.987 -194.261 1201.47
v 70.9697 -193.678 1202.01
v 71.007 -193.207 1202.07
v 71.3443 -178.778 1231.76
v 71.5969 -192.738 1202.18
v 71.6024 -192.826 1203.17
v 71.926 -192.898 1202.74
v 71.8568 -192.803 1203.14
v 71.752 -191.722 1203.97
v 72.2905 -190.333 1204.89
v 72.6582 -190.609 1204.31
v 72.6618 -190.597 1205.35
v 72.552 -190.183 1204.68
v 72.9299 -190.704 1204.58
v 72.9832 -190.738 1204.93
v 73.1484 -188.82 1206.64
v 73.2549 -188.434 1206.25
v 72.2359 -177.216 1232.16
v 72.5089 -177.62 1232.49
v 72.5736 -176.922 1232.03
v 72.9969 -177.138 1231.64
v 73.6701 -189.201 1206.45
v 73.5678 -188.286 1206.25
v 74.0921 -188.076 1206.63
v 74.2731 -188.118 1206.98
v 73.5687 -177.363 1232.06
v 74.0035 -177.104 1232.67
v 74.1342 -175.909 1233.26
v 75.8282 -184.919 1209.81
v 75.061 -184.338 1209.97
v 75.7093 -184.519 1209.39
v 76.0112 -184.485 1209.85
v 75.7969 -184.202 1210.77
v 76.1758 -183.026 1210.53
v 75.7927 -183.014 1210.65
v 76.1969 -174.938 1232.96
v 75.3234 -175.81 1233.66
v 75.3381 -176.097 1233.13
v 75.9969 -174.938 1233.01
v 76.1969 -175.338 1233.33
v 76.2489 -174.76 1232.88
v 75.2733 -174.747 1233.33
v 75.6845 -174.85 1232.98
v 75.6557 -174.665 1233.12
v 75.9994 -174.739 1233.05
v 76.1818 -174.434 1233.17
v 76.2582 -174.002 1233.57
v 76.744 -182.716 1211.19
v 76.9282 -182.538 1211.76
v 76.9548 -181.031 1212.32
v 76.963 -180.383 1213.13
v 77.1756 -181.172 1212.31
v 77.5771 -179.8 1213.63
v 76.9969 -180.836 1213.77
v 77.7342 -180.549 1213.98
v 77.8693 -180.191 1213.73
v 77.4043 -179.14 1215.03
v 77.7875 -178.742 1214.94
v 77.5969 -179.138 1215.63
v 77.3969 -175.338 1230.99
v 77.5796 -175.832 1230.4
v 77.588 -176.05 1231.39
v 77.611 -174.998 1231.49
v 76.3969 -175.24 1233.17
v 76.2878 -175.3 1233.69
v 76.6684 -175.229 1233.44
v 76.6686 -174.95 1233.97
v 77.0256 -174.981 1233.43
v 76.3969 -174.299 1233.17
v 76.6535 -174.298 1233.11
v 76.8019 -173.963 1233.44
v 76.9266 -174.338 1233.37
v 77.1141 -174.738 1233.37
v 77.093 -174.605 1233.81
v 77.0422 -174.538 1233.57
v 77.1804 -174.117 1233.59
v 77.2756 -174.325 1233.76
v 77.856 -173.72 1234.01
v 77.921 -173.863 1234.41
v 77.1606 -173.935 1234.76
v 77.282 -173.4 1234.91
v 77.2243 -173.002 1234.57
v 78.0983 -179.123 1214.61
v 78.5256 -178.912 1215.69
v 78.339 -178.939 1216.28
v 78.461 -178.738 1215.41
v 78.5803 -178.068 1218.08
v 78.9624 -178.004 1218.07
v 78.0283 -177.929 1216.47
v 78.4063 -177.915 1216.23
v 78.2849 -177.983 1217.84
v 78.6021 -177.114 1218
v 79.1783 -177.746 1218.04
v 78.9815 -177.07 1218.18
v 79.1516 -177.572 1217.84
v 78.547 -177.174 1219.32
v 78.8056 -177.7 1219.22
v 78.8242 -176.771 1219.56
v 78.9885 -177.798 1218.94
v 78.9972 -176.729 1219.33
v 79.1878 -177.743 1218.63
v 79.1893 -177.615 1219.86
v 79.3847 -177.529 1219.56
v 79.3806 -176.768 1219.76
v 78.9134 -177.151 1221.3
v 78.9434 -176.76 1221.39
v 79.2117 -176.581 1220.51
v 79.3969 -177.518 1220.57
v 79.0891 -176.738 1222.97
v 79.1969 -177.374 1222.37
v 79.3969 -176.49 1224.17
v 79.0037 -176.92 1225.48
v 79.1969 -176.505 1225.77
v 79.3969 -177.399 1225.57
v 78.7969 -176.938 1227.2
v 78.2778 -176.618 1229.39
v 78.8123 -176.923 1228.65
v 78.8024 -176.705 1229.35
v 79.4344 -176.714 1228.23
v 78.3798 -176.564 1229.98
v 78.9423 -176.356 1227.2
v 79.1871 -176.176 1227.65
v 78.1541 -176.146 1229.13
v 78.5465 -175.922 1228.84
v 79.3328 -176.336 1228.56
v 79.1832 -176.117 1228.38
v 78.5616 -175.684 1230.3
v 78.7115 -176.092 1230.18
v 77.9721 -175.998 1231.36
v 78.2088 -173.113 1234.11
v 78.1795 -172.333 1234.42
v 78.7331 -173 1235.14
v 78.9553 -172.825 1234.73
v 79.6693 -176.993 1220.43
v 79.8271 -177.338 1222.77
v 79.7969 -176.538 1223.02
v 80.022 -176.926 1223.94
v 79.9288 -177.121 1225.37
v 79.9357 -176.744 1225.77
v 79.7969 -176.511 1225.37
v 79.5537 -177.102 1227.2
v 79.7431 -176.743 1227.14
v 79.705 -176.53 1226.98
v 79.6046 -172.233 1235.36
v 79.5571 -171.564 1234.87
v 80.0126 -171.55 1235.18
v 80.191 -170.49 1235.43
v 79.6402 -171.251 1236.24
v 79.9422 -170.338 1236.37
v 80.2099 -171.284 1236.27
v 80.9546 -170.772 1236.35
v 80.1188 -170.036 1235.95
v 81.0548 -169.305 1237.25
v 82.1001 -194.538 1170.77
v 82.1891 -194.338 1170.77
v 82.1797 -194.338 1171.17
v 82.1969 -194.651 1170.77
v 82.2159 -194.693 1170.99
v 82.2302 -194.537 1171.44
v 82.3969 -194.679 1170.77
v 82.3969 -194.538 1170.66
v 82.3969 -194.261 1170.97
v 82.4061 -194.222 1171.6
v 82.3969 -194.338 1172.16
v 82.5969 -194.685 1171.57
v 82.6364 -194.526 1171.21
v 81.1529 -170.572 1236.15
v 81.4266 -169.669 1237.31
v 81.4381 -168.507 1236.83
v 81.7746 -169.647 1236.38
v 81.7114 -169.22 1236.31
v 82.3724 -169.127 1237.16
v 82.3442 -169.045 1237.55
v 81.9807 -168.541 1237.99
v 82.2687 -168.57 1238.06
v 81.6516 -168.138 1237.57
v 81.9154 -168.109 1238
v 82.6879 -166.897 1238.79
v 82.7731 -166.537 1238.4
v 82.8351 -194.332 1171.95
v 82.7969 -194.599 1172.77
v 82.8317 -194.081 1172.69
v 82.8313 -194.062 1173.28
v 83.0258 -194.524 1173.08
v 83.0145 -194.35 1172.57
v 83.2312 -194.137 1173.47
v 82.9547 -194.338 1174.17
v 83.3863 -194.373 1174.89
v 83.3935 -194.332 1174.09
v 83.6453 -194.124 1174.89
v 83.5933 -194.209 1176.14
v 83.942 -194.141 1176.47
v 83.9885 -194.105 1177.15
v 83.9953 -193.994 1177.76
v 84.1886 -193.941 1177
v 84.1977 -194.021 1177.61
v 84.2256 -193.941 1178.27
v 83.139 -193.965 1174.67
v 83.3969 -193.938 1176.02
v 83.5623 -193.764 1175.48
v 84.0556 -193.738 1176.57
v 83.7632 -193.95 1177.29
v 83.8012 -193.755 1177.65
v 83.9647 -193.702 1178.31
v 83.9822 -193.525 1178.09
v 83.9969 -193.496 1177.57
v 84.2221 -193.418 1178.05
v 83.0289 -167.887 1237.44
v 82.9309 -167.036 1239.03
v 83.2184 -167.096 1239.13
v 83.3716 -167.471 1238.79
v 83.3054 -166.4 1238.16
v 84.1595 -166.555 1238.99
v 83.7952 -165.535 1240.23
v 84.197 -165.861 1240.17
v 83.6958 -164.947 1239.99
v 84.1523 -164.34 1239.95
v 84.4002 -163.795 1241.49
v 84.5969 -193.538 1178.48
v 84.5996 -193.744 1178.71
v 84.5969 -193.071 1179.97
v 84.7754 -193.635 1179.9
v 84.8024 -193.516 1179.33
v 84.8057 -193.13 1179.89
v 84.4016 -193.338 1180.17
v 84.5846 -193.342 1180.79
v 84.5697 -193.612 1180.08
v 84.7587 -193.538 1180.57
v 85.1065 -193.306 1180.7
v 85.0768 -193.101 1180.56
v 84.9641 -192.938 1182.57
v 85.1969 -192.455 1182.57
v 85.3388 -193.025 1182.81
v 85.4504 -192.528 1182.58
v 85.3969 -192.83 1183.57
v 85.4129 -192.302 1183.13
v 85.1797 -192.338 1183.57
v 85.6206 -191.655 1185.26
v 85.6766 -191.538 1186.57
v 85.9321 -190.709 1187.97
v 84.6075 -165.068 1239.46
v 85.1729 -164.455 1241.26
v 84.7374 -162.787 1241.57
v 85.2274 -162.597 1241.42
v 85.8544 -163.172 1242.11
v 85.4304 -162.799 1242.99
v 85.4344 -161.456 1243.99
v 85.26 -161.164 1243.55
v 85.4414 -161.058 1243.07
v 85.7202 -159.737 1245.15
v 85.9702 -192.169 1184.62
v 85.9969 -192.183 1185.37
v 85.9711 -191.701 1185.16
v 85.9969 -191.738 1186.74
v 86.2076 -191.498 1187.25
v 86.4768 -191.153 1187.51
v 86.4704 -190.938 1187.37
v 86.1969 -190.93 1188.57
v 86.1911 -190.571 1187.75
v 86.5979 -190.571 1189.19
v 86.8422 -189.938 1189.57
v 86.2865 -189.612 1190.38
v 86.3966 -189.474 1190.12
v 86.5969 -189.98 1190.57
v 86.6182 -189.438 1190.05
v 87.286 -188.738 1192.37
v 86.7649 -188.289 1193.23
v 86.9895 -187.596 1193.44
v 87.3812 -187.251 1193.99
v 87.2142 -186.571 1195.78
v 87.2671 -186.417 1195.63
v 86.3133 -161.623 1242.88
v 86.5874 -158.358 1245.46
v 86.0825 -158.524 1245.77
v 87.4676 -158.428 1246.64
v 87.3036 -158.349 1247.15
v 86.6189 -156.91 1248.17
v 86.7257 -156.011 1248.28
v 87.3775 -156.774 1248.8
v 87.4044 -155.724 1247.85
v 86.9297 -156.687 1248.68
v 87.324 -154.434 1250.28
v 87.4022 -154.33 1249.19
v 87.7986 -186.075 1197.28
v 88.0457 -186.241 1196.9
v 87.8287 -185.491 1196.83
v 88.3204 -185.338 1197.37
v 87.7692 -185.3 1198.19
v 87.9224 -184.589 1198.68
v 88.0704 -184.289 1199.45
v 88.336 -184.138 1200.17
v 88.5635 -183.282 1200.3
v 89.0046 -182.163 1202.2
v 87.6821 -156.072 1247.67
v 88.1209 -155.97 1248.34
v 87.5947 -155.124 1250.17
v 88.0207 -154.072 1249.24
v 88.4452 -154.973 1249.88
v 88.5109 -154.154 1249.55
v 88.7141 -154.127 1249.95
v 88.0431 -154.344 1250.84
v 88.4105 -154.317 1250.74
v 88.8227 -152.473 1250.59
v 88.9736 -153.453 1250.78
v 89.0777 -152.689 1250.81
v 87.8575 -152.27 1251.6
v 88.0166 -151.798 1251.38
v 88.4038 -151.573 1251.15
v 88.6294 -152.041 1250.75
v 88.269 -152.202 1252.25
v 89.132 -149.925 1252.22
v 88.8688 -149.117 1253.56
v 89.4506 -182.491 1201.45
v 89.5731 -182.869 1201.71
v 89.9581 -181.925 1203.39
v 90.3791 -181.219 1203.74
v 90.179 -181.163 1204.55
v 89.9992 -180.738 1204.97
v 90.6041 -179.319 1205.51
v 89.5801 -149.788 1252.37
v 89.8499 -150.163 1252.47
v 89.9867 -150.341 1253.16
v 89.9771 -150.327 1252.73
v 89.6699 -150.036 1253.87
v 89.4567 -147.855 1253.81
v 89.5626 -147.595 1255.03
v 90.226 -147.041 1255.79
v 90.8238 -179.535 1206.59
v 91.1386 -178.921 1205.99
v 91.3453 -179.194 1207.06
v 91.6933 -178.858 1206.73
v 91.264 -178.062 1207.84
v 91.9969 -177.372 1209.17
v 92.1708 -176.429 1209.07
v 91.1977 -145.147 1255.33
v 91.6017 -145.734 1255.69
v 91.2116 -143.215 1256.62
v 91.8434 -141.335 1258.98
v 91.9116 -140.652 1258.65
v 92.3969 -176.538 1208.76
v 92.5969 -176.908 1208.57
v 92.5969 -177.422 1208.97
v 92.5248 -143.015 1258.08
v 92.5171 -141.645 1259.25
v 92.9578 -139.612 1258.73
v 92.9946 -138.294 1259.78
v 92.2766 -139.686 1259.7
v 93.1842 -137.197 1260.9
v 93.4372 -136.491 1261.9
v 94.7969 -172.182 1213.39
v 94.4016 -172.538 1213.77
v 94.1139 -137.748 1260.19
v 94.5317 -137.039 1262.33
v 94.7967 -137.226 1261.58
v 94.3151 -135.603 1261.53
v 94.11 -136.01 1263.03
v 94.2626 -134.802 1262.34
v 95.3715 -133.628 1263.17
v 95.2014 -133.904 1264.94
v 94.6601 -132.934 1264.62
v 94.7278 -133.225 1264.93
v 95.3986 -130.789 1266.97
v 95.5374 -130.438 1266.69
v 95.5573 -172.408 1213.82
v 96.0544 -171.402 1215.5
v 96.8934 -169.087 1216.56
v 96.4922 -168.538 1217.77
v 96.5969 -168.938 1217.89
v 95.7986 -134.166 1263.39
v 96.0692 -133.576 1264.76
v 96.1012 -132.902 1264.22
v 95.608 -131.825 1266.83
v 96.1827 -132.081 1266.69
v 95.7839 -131.503 1265.05
v 96.3634 -130.956 1265.7
v 96.9374 -130.982 1267.45
v 97.0108 -130.881 1266.85
v 96.2904 -129.857 1269.19
v 96.732 -130.203 1268.91
v 96.211 -129.333 1267.44
v 96.6245 -129.5 1267.22
v 95.953 -128.823 1269.02
v 96.1905 -128.845 1269.95
v 96.4085 -127.914 1269.4
v 97.0616 -127.096 1270.18
v 97.1465 -125.59 1272.33
v 96.799 -125.609 1273.38
v 96.9228 -125.379 1273.1
v 97.6704 -168.538 1217.77
v 97.1969 -167.338 1218.18
v 98.2031 -167.063 1219.65
v 97.8805 -165.474 1221
v 98.7808 -163.717 1218.34
v 97.9142 -165.039 1220.67
v 98.2859 -164.515 1220.58
v 98.2981 -164.136 1221.09
v 98.3969 -164.868 1220.37
v 98.4579 -164.738 1220.37
v 98.7617 -165.138 1220.37
v 98.6362 -164.021 1220.85
v 98.5938 -164.025 1221.18
v 98.6295 -163.551 1221.68
v 98.5969 -164.416 1222.37
v 98.4149 -163.543 1222.55
v 97.1833 -129.757 1267.57
v 97.8749 -127.209 1270.72
v 98.0083 -127.533 1271
v 98.3747 -125.972 1273.86
v 98.3348 -125.322 1275.15
v 97.9228 -124.374 1276.56
v 98.3313 -124.167 1276.86
v 98.055 -123.18 1275.37
v 97.6081 -122.358 1277.1
v 97.7472 -122.918 1275.87
v 97.6036 -123.046 1277.49
v 98.2046 -122.322 1278.94
v 98.4015 -122.979 1278.34
v 97.8786 -121.239 1279.18
v 98.062 -121.247 1279.65
v 98.585 -120.651 1280.67
v 98.3969 -120.018 1279.17
v 98.2655 -119.401 1280.54
v 98.6281 -119.675 1281.42
v 98.6103 -118.188 1282.02
v 100.211 -182.138 1158.37
v 100.402 -181.752 1160.12
v 99.3422 -163.934 1217.4
v 99.7687 -163.806 1217.27
v 98.8092 -165.386 1220.33
v 98.7969 -164.896 1220.37
v 98.945 -164.938 1220.57
v 98.8335 -164.011 1220.84
v 98.9618 -164.138 1221.17
v 98.8694 -163.672 1221.5
v 99.1886 -164.634 1221.07
v 99.1079 -164.338 1221.17
v 99.0182 -164.083 1220.79
v 99.8685 -162.954 1213.21
v 100.055 -162.738 1212.17
v 100.013 -162.451 1213.63
v 100.197 -163.246 1212.57
v 99.5234 -162.969 1214.77
v 99.7639 -163.189 1214.21
v 100.206 -162.566 1215.09
v 99.3095 -162.977 1216.01
v 99.5384 -162.905 1217.07
v 99.989 -163.497 1215.48
v 100.127 -163.035 1216.37
v 100.213 -163.333 1215.62
v 99.6589 -162.308 1223
v 98.9599 -161.933 1224.31
v 99.7969 -162.138 1224.45
v 99.0329 -161.404 1223.89
v 99.1738 -161.585 1223.5
v 99.1891 -160.465 1225.08
v 99.7584 -158.126 1226.97
v 99.8284 -158.895 1225.96
v 99.6255 -158.5 1227.02
v 99.7436 -158.401 1227.53
v 100.197 -157.959 1228.37
v 100.361 -154.678 1230.66
v 98.8715 -124.257 1275.63
v 98.7089 -122.571 1276.32
v 98.9783 -123.387 1276.06
v 98.7893 -122.885 1278.34
v 99.1848 -122.508 1278.33
v 98.8021 -121.519 1279.93
v 99.3936 -121.021 1280.16
v 99.6018 -119.923 1279.52
v 99.8148 -120.256 1280.02
v 99.004 -120.064 1281.33
v 99.399 -120.067 1281.26
v 98.9969 -117.515 1281.37
v 99.2557 -117.051 1283.55
v 99.2005 -118.34 1282.73
v 99.6357 -118.028 1283.03
v 100.262 -117.817 1282.78
v 99.9902 -116.287 1282.19
v 100.46 -116.552 1282.38
v 99.6548 -116.557 1284.1
v 100.326 -116.434 1284.15
v 100.397 -182.322 1158.17
v 100.397 -181.938 1158.19
v 100.661 -182.138 1158.37
v 100.637 -181.938 1158.85
v 100.397 -182.161 1159.97
v 100.606 -181.745 1159.74
v 100.805 -181.938 1160.57
v 100.423 -181.738 1161.77
v 100.606 -181.518 1161.44
v 100.778 -181.931 1161.87
v 100.883 -181.725 1161.35
v 100.784 -181.61 1161.31
v 100.803 -181.497 1161.81
v 100.788 -181.747 1163.3
v 100.797 -181.258 1162.97
v 100.984 -181.626 1163.87
v 101.061 -181.538 1162.97
v 100.797 -181.538 1164.35
v 101.209 -181.332 1164.44
v 101.192 -181.188 1165.93
v 100.717 -181.138 1164.77
v 101.015 -180.702 1165.53
v 101.199 -180.725 1165.41
v 100.983 -181.138 1165.97
v 101.467 -180.922 1166.54
v 101.151 -180.504 1167.41
v 101.388 -180.727 1167.45
v 101.398 -179.996 1167.76
v 101.633 -180.055 1167.63
v 101.797 -180.358 1168.37
v 101.534 -179.923 1169.18
v 101.73 -179.187 1170.24
v 101.797 -179.138 1169.91
v 101.961 -178.873 1171.27
v 101.917 -166.611 1202.22
v 101.654 -166.355 1203.51
v 101.803 -165.65 1203.82
v 101.481 -165.868 1204.91
v 101.794 -166.085 1204.96
v 101.605 -164.728 1205.57
v 101.239 -165.15 1205.73
v 101.24 -164.284 1206.68
v 101.804 -164.494 1206.15
v 100.894 -164.33 1207.81
v 100.862 -163.758 1208.18
v 101.024 -164.322 1208.61
v 101.2 -163.69 1207.8
v 101.412 -164.413 1208.46
v 101.646 -163.95 1208.78
v 100.508 -163.538 1210.17
v 100.397 -163.138 1210.32
v 101.19 -162.953 1209.93
v 101.499 -163.432 1209.6
v 100.605 -162.625 1211.03
v 100.803 -163.565 1211.02
v 100.767 -162.478 1212.07
v 101.06 -162.97 1211.97
v 101.079 -162.767 1211.72
v 101.244 -163.381 1210.71
v 100.385 -163.293 1213.64
v 100.621 -163.299 1212.51
v 100.656 -163.136 1213.4
v 100.7 -162.765 1213.77
v 100.503 -160.146 1225.74
v 100.893 -158.353 1227.11
v 100.883 -158.158 1227.93
v 100.92 -156.022 1228.6
v 101.606 -155.008 1230.51
v 101.746 -153.815 1231.1
v 100.599 -154.598 1231.3
v 101.361 -152.448 1233.61
v 101.133 -150.902 1234.61
v 101.97 -146.39 1239.16
v 101.709 -129.768 1262.62
v 101.829 -128.814 1265.05
v 101.548 -127.525 1265.47
v 101.313 -125.248 1269.98
v 101.496 -125.055 1270.96
v 101.342 -123.876 1272.22
v 101.631 -123.837 1272.89
v 101.8 -123.76 1270.52
v 101.34 -123.591 1271.67
v 101.508 -122.136 1274.72
v 101.426 -121.811 1274.29
v 101.821 -121.062 1274.39
v 101.691 -120.069 1276.46
v 100.744 -116.365 1283.07
v 100.908 -112.752 1286.91
v 101.377 -112.478 1286.96
v 100.772 -111.633 1285.52
v 100.566 -112.159 1287.2
v 101.517 -110.575 1286.37
v 100.742 -109.609 1288.61
v 101.561 -109.925 1289.05
v 101.133 -108.718 1287.93
v 101.599 -108.028 1288.31
v 101.607 -108.044 1290.58
v 100.989 -108.233 1288.87
v 101.779 -106.532 1289.76
v 101.284 -107.321 1290.63
v 101.524 -105.862 1291.36
v 101.937 -105.532 1293
v 102.397 -179.126 1170.37
v 102.013 -179.428 1170.61
v 102.572 -178.656 1172.07
v 102.589 -178.07 1173.12
v 102.56 -177.991 1171.97
v 102.254 -177.971 1172.48
v 102.412 -177.86 1172.23
v 102.962 -177.938 1173.12
v 102.766 -176.865 1174.64
v 102.79 -176.742 1174.13
v 103.019 -177.468 1174.11
v 103.045 -176.913 1174.97
v 102.967 -176.83 1173.82
v 103.244 -176.956 1173.92
v 103.201 -176.534 1174.31
v 103.574 -176.417 1175.14
v 103.232 -176.02 1175.03
v 103.45 -176.173 1174.97
v 102.99 -175.98 1175.56
v 103.021 -168.405 1197.66
v 103.209 -168.442 1198.16
v 102.873 -168.096 1197.44
v 103.397 -167.633 1196.77
v 102.345 -167.749 1200.29
v 102.356 -167.301 1200.16
v 102.394 -167.778 1200.84
v 102.626 -168.025 1200.09
v 102.767 -166.852 1200.87
v 102.99 -167.933 1200.32
v 102.997 -167.174 1199.77
v 103.135 -167.298 1200.82
v 103.24 -167.698 1200.18
v 103.359 -167.532 1199.55
v 102.109 -167.316 1201.14
v 102.003 -167.107 1202.39
v 102.368 -167.518 1201.75
v 102.43 -166.773 1201.1
v 102.589 -167.741 1201.19
v 102.948 -166.949 1201.12
v 102.214 -166.295 1202.3
v 102.597 -166.357 1202.36
v 102.868 -166.752 1201.92
v 102.758 -166.571 1202.69
v 102.173 -165.751 1203.48
v 102.389 -166.694 1203.53
v 102.387 -165.824 1203.58
v 101.917 -152.111 1233.83
v 102.586 -147.809 1236.45
v 102.077 -147.52 1236.64
v 102.96 -147.331 1238.41
v 102.731 -146.753 1239.31
v 101.902 -146.003 1238.93
v 102.594 -143.141 1241.34
v 103.155 -142.877 1241.45
v 102.452 -142.138 1243.17
v 102.997 -141.89 1244.77
v 103.366 -142.236 1244.43
v 103.585 -140.767 1243.97
v 103.197 -139.733 1245.17
v 102.997 -139.516 1247.77
v 102.997 -137.338 1251.02
v 103.387 -137.476 1250.97
v 102.57 -135.938 1251.57
v 102.95 -135.003 1254.88
v 103.359 -134.948 1254.97
v 102.423 -134.488 1254.86
v 102.997 -133.883 1253.77
v 102.384 -132.46 1256.65
v 103.157 -132.359 1256.35
v 103.184 -128.684 1263.9
v 102.236 -127.704 1264.19
v 103.001 -128.256 1265.59
v 102.818 -127.443 1264.99
v 102.473 -127.994 1266.72
v 102.008 -125.996 1269.97
v 102.907 -125.321 1269.92
v 102.788 -124.926 1269.32
v 102.217 -124.232 1269.72
v 102.627 -123.805 1272.95
v 102.421 -122.136 1272.8
v 102.966 -123.245 1272.9
v 102.949 -122.768 1272.89
v 102.394 -121.842 1275.84
v 102.636 -120.471 1275.01
v 103.16 -121.263 1275.22
v 102.004 -120.965 1276.72
v 103.158 -121.016 1276.23
v 102.255 -118.77 1277.08
v 102.387 -119.498 1276.08
v 103.295 -119.138 1276.97
v 102.018 -119.173 1278.35
v 102.264 -119.237 1278.66
v 102.852 -119.471 1278.64
v 103.253 -119.49 1278.42
v 102.653 -118.657 1277.04
v 102.277 -117.638 1279.62
v 102.423 -117.704 1279.98
v 102.664 -116.415 1279.89
v 103.042 -115.464 1282.02
v 103.256 -116.386 1281.7
v 103.364 -114.021 1282.54
v 102.1 -110.737 1287.01
v 101.987 -109.754 1287.19
v 102.297 -109.794 1288.71
v 102.18 -108.466 1290.3
v 102.792 -108.213 1289.45
v 102.158 -107.509 1288.79
v 102.196 -106.395 1289.79
v 102.577 -106.818 1289.58
v 102.776 -107.223 1289.56
v 102.208 -106.747 1292.06
v 102.779 -106.39 1292.43
v 101.966 -105.048 1291.49
v 102.215 -104.868 1291.51
v 102.779 -105.133 1291.21
v 103 -105.37 1291.15
v 102.233 -104.296 1292.28
v 102.777 -105.478 1293.6
v 103.21 -105.249 1293.71
v 103.448 -105.564 1292.61
v 103.518 -104.931 1292.42
v 102.2 -103.778 1293.17
v 102.804 -103.555 1293.07
v 103.381 -103.533 1293.36
v 102.16 -103.402 1295.11
v 102.375 -103.623 1295.55
v 102.779 -103.518 1296.2
v 103.236 -103.823 1295.9
v 102.809 -102.537 1294.59
v 102.573 -101.821 1296.37
v 102.634 -101.553 1298.17
v 103.197 -101.608 1299.37
v 102.962 -99.8748 1300.36
v 103.253 -99.2171 1302.91
v 103.942 -174.839 1177.99
v 103.674 -173.78 1178.91
v 103.935 -173.907 1179.29
v 104.393 -173.726 1179.47
v 104.47 -173.46 1179.03
v 104.356 -173.193 1179.14
v 104.197 -173.365 1180.17
v 103.99 -172.922 1179.56
v 104.647 -173.149 1179.95
v 104.118 -172.254 1181.4
v 104.108 -171.948 1181.38
v 104.763 -170.865 1182.58
v 105.054 -171.38 1182.92
v 105.079 -171.079 1182.76
v 104.321 -170.992 1183.32
v 104.58 -170.176 1183.91
v 104.761 -171.456 1183.3
v 104.595 -170.024 1185.96
v 104.997 -170.199 1185.77
v 104.984 -169.957 1184.27
v 104.478 -169.586 1185.61
v 104.795 -169.254 1185.7
v 104.577 -168.938 1186.77
v 104.992 -169.486 1187.78
v 104.986 -168.942 1186.58
v 104.352 -168.95 1188.83
v 104.61 -169.257 1188.72
v 104.597 -168.349 1188.57
v 104.997 -169.23 1188.77
v 104.139 -168.733 1191.03
v 104.597 -168.905 1191.37
v 104.836 -168.533 1191.95
v 103.62 -168.649 1196.11
v 103.67 -168.582 1196.61
v 104.975 -168.313 1189
v 104.127 -168.169 1191.18
v 104.557 -168.073 1190.22
v 104.719 -168.036 1191.51
v 105.012 -168.37 1190.83
v 104.538 -168.142 1193.77
v 103.707 -168.318 1197.54
v 103.905 -168.113 1197.09
v 103.704 -167.745 1197.52
v 103.467 -144.881 1240.07
v 103.674 -142.442 1242.31
v 103.849 -142.614 1243.22
v 103.99 -141.284 1244.05
v 103.871 -141.614 1244.76
v 103.906 -140.541 1244.58
v 104.114 -140.406 1245.52
v 103.764 -138.923 1246.45
v 104.08 -139.306 1246.45
v 103.747 -138.903 1248.72
v 104.156 -138.638 1248.13
v 103.906 -137.142 1251.06
v 103.859 -134.991 1252.69
v 103.976 -135.178 1253.4
v 103.614 -118.904 1278.54
v 104.397 -116.144 1281.57
v 103.997 -114.14 1281.57
v 104.911 -114.738 1282.17
v 103.766 -113.066 1284.03
v 104.893 -110.346 1285.63
v 105.124 -110.573 1287.15
v 105.005 -110.119 1287.19
v 104.066 -102.972 1296.4
v 103.626 -101.349 1296.44
v 104.095 -102.179 1295.95
v 104.228 -102.547 1296.38
v 104.4 -100.887 1300.63
v 104.764 -100.4 1300.68
v 104.805 -99.3559 1301.06
v 103.767 -98.3051 1302.18
v 104.197 -99.0865 1304.77
v 104.595 -97.4393 1303.88
v 104.185 -96.7153 1309.42
v 104.77 -96.9437 1309.59
v 103.89 -96.0059 1308.98
v 104.117 -95.5665 1308.87
v 104.763 -95.2039 1308.8
v 104.781 -95.0096 1309.39
v 104.051 -96.0264 1309.77
v 104.207 -95.3668 1309.74
v 104.413 -96.3415 1310.21
v 104.42 -95.5466 1310.21
v 104.599 -95.9401 1310.41
v 104.809 -96.3364 1310.37
v 104.797 -95.1221 1309.96
v 104.997 -95.9525 1310.46
v 104.992 -95.5521 1310.37
v 105.308 -170.138 1184.77
v 105.286 -169.938 1185.77
v 105.292 -169.138 1187.97
v 105.311 -168.938 1187.37
v 106.08 -111.738 1285.57
v 105.441 -111.812 1286.22
v 106.397 -109.138 1286.58
v 105.932 -107.735 1289.84
v 106.22 -108.398 1289.77
v 105.723 -107.846 1288.94
v 105.181 -96.5355 1310.21
v 105.343 -96.8034 1309.61
v 105.173 -95.1586 1308.97
v 105.173 -95.0233 1309.36
v 105.347 -95.4742 1308.51
v 105.385 -95.1173 1309.36
v 105.623 -95.4716 1309.11
v 105.786 -96.4078 1308.75
v 105.808 -95.8813 1309.07
v 105.189 -96.3163 1310.35
v 105.189 -95.2954 1310.14
v 105.184 -95.0554 1309.75
v 105.399 -96.335 1310.22
v 105.372 -95.9382 1310.34
v 105.395 -95.5439 1310.22
v 105.402 -95.1722 1309.77
v 105.684 -96.555 1309.29
v 105.594 -95.9421 1310.15
v 105.732 -95.5557 1309.76
v 105.832 -95.9512 1309.73
v 106.813 -109.152 1288.9
v 107.223 -108.614 1288.2
v 107.017 -106.178 1289.98
v 107.772 -106.358 1290.2
v 107.604 -106.989 1291.75
v 107.907 -106.952 1291.33
v 107.594 -106.115 1293.11
v 106.965 -105.092 1291.86
v 107 -105.533 1293.24
v 108.234 -105.765 1293.43
v 107.254 -104.264 1294.38
v 108.021 -103.467 1293.99
v 108.35 -103.78 1296.91
v 108.002 -102.869 1295.38
v 108.135 -102.823 1297.45
v 108.3 -102.183 1297.69
v 108.827 -104.612 1293.43
v 108.586 -103.881 1293.6
v 108.972 -104.142 1296.35
v 109.449 -103.774 1296.33
v 109.564 -102.919 1299
v 108.816 -101.925 1296.81
v 108.787 -101.601 1297.77
v 109.387 -101.909 1296.96
v 108.575 -101.925 1298.81
v 109.246 -101.574 1300.62
v 109.876 -101.999 1301.07
v 109.199 -100.981 1299.96
v 109.441 -100.921 1299.08
v 109.795 -100.955 1298.87
v 110.012 -102.781 1298.96
v 110.154 -102.019 1297.89
v 110.342 -102.432 1298.59
v 110.415 -102.094 1300.97
v 110.766 -100.409 1300.62
v 110.666 -100.006 1301.31
v 110.075 -100.359 1302.56
v 110.651 -99.7082 1302.8
v 110.835 -100.551 1304.1
v 111.555 -100.978 1304.35
v 111.443 -99.4997 1305.33
v 111.61 -101.203 1302.08
v 112.646 -100.682 1304.67
v 112.682 -100.135 1303.85
v 112.904 -99.006 1305.05
v 112.578 -98.7348 1305.51
v 112.997 -98.4774 1306.98
v 114.345 -99.6415 1309.81
v 113.866 -98.1891 1307.89
v 114.179 -98.2341 1307.85
v 113.767 -98.7895 1309.57
v 114.445 -98.1748 1310.24
v 115.804 -99.6106 1310.69
v 115.16 -99.5481 1308.61
v 115.063 -98.8459 1308.1
v 115.688 -98.7489 1312.57
v 115.971 -98.149 1313.03
v 115.315 -97.7601 1310.84
v 116.083 -97.6016 1311.28
v 117.118 -98.1424 1311.42
v 117.617 -98.7295 1312.21
v 118.743 -98.3851 1316.99
v 118.724 -98.167 1317.14
v 118.997 -98.1272 1317.48
v 119.092 -98.5684 1317.11
v 119.197 -98.3247 1317.51
v 118.648 -97.9579 1317.08
v 118.59 -97.4111 1316.73
v 119.011 -97.7335 1317.51
v 119.199 -97.3425 1317.46
v 119.076 -97.0898 1316.97
v 119.402 -97.9378 1317.69
v 119.397 -97.5445 1317.65
v 119.399 -96.9928 1317.16
v 119.402 -97.1387 1317.38
v 119.251 -96.9542 1316.74
v 119.607 -98.3304 1317.59
v 119.441 -98.8818 1316.31
v 119.967 -98.6502 1317.15
v 120.011 -98.6499 1316.33
v 120.17 -98.3421 1317.37
v 120.284 -98.3143 1316.22
v 120.348 -98.3389 1317.15
v 120.312 -98.1311 1317.36
v 120.532 -98.1304 1316.77
v 120.45 -98.1167 1317.17
v 119.597 -97.3114 1317.55
v 119.37 -96.9315 1316.41
v 119.791 -97.5496 1317.65
v 119.777 -97.0078 1317.16
v 119.994 -97.9386 1317.63
v 119.986 -97.3394 1317.47
v 119.549 -97.1566 1315.7
v 119.988 -97.0084 1316.93
v 120.357 -97.7563 1317.36
v 120.188 -97.5446 1317.46
v 120.298 -97.3297 1317.17
v 120.185 -97.8038 1315.86
v 120.501 -97.768 1316.38
v 120.57 -97.7271 1316.77
v 120.492 -97.7596 1317.15
v 120.34 -97.5567 1316.22
v 120.436 -97.5447 1317.16
v 120.412 -97.3448 1316.76
v 29.9079 -197.738 1224.57
v 29.9079 -197.738 1224.57
v 29.9079 -197.738 1224.57
v 29.9969 -197.993 1224.57
v 29.9969 -197.993 1224.57
v 29.9969 -197.993 1224.57
v 29.9969 -197.938 1224.73
v 29.9969 -197.938 1224.73
v 29.9969 -197.638 1224.57
v 29.9969 -197.638 1224.57
v 29.9969 -197.638 1224.57
v 29.9969 -197.738 1224.79
v 29.9969 -197.738 1224.79
v 29.9969 -197.738 1224.79
v 29.9969 -197.738 1224.79
v 30.1969 -197.952 1224.77
v 30.2239 -197.928 1224.5
v 30.1969 -197.738 1224.4
v 30.1969 -197.738 1224.4
v 30.5285 -197.617 1224.77
v 30.9523 -197.89 1224.58
v 30.9523 -197.89 1224.58
v 30.9454 -197.721 1224.86
v 30.9454 -197.721 1224.86
v 30.9454 -197.721 1224.86
v 32.5385 -197.694 1224.78
v 33.0591 -197.33 1224.95
v 33.0591 -197.33 1224.95
v 33.0591 -197.33 1224.95
v 35.3969 -197.355 1224.77
v 35.3969 -197.355 1224.77
v 36.1969 -196.708 1224.77
v 36.1969 -196.708 1224.77
v 35.636 -197.154 1225.01
v 35.7969 -196.856 1224.97
v 36.1651 -196.974 1224.54
v 37.2151 -197.064 1224.77
v 37.029 -196.733 1225.06
v 37.8022 -196.738 1225.11
v 38.3329 -203.738 1200.77
v 38.3329 -203.738 1200.77
v 38.3329 -203.738 1200.77
v 38.74 -203.738 1200.77
v 38.74 -203.738 1200.77
v 38.74 -203.738 1200.77
v 38.3579 -203.738 1200.97
v 38.3579 -203.738 1200.97
v 38.5969 -203.911 1200.97
v 38.5969 -203.911 1200.97
v 38.5969 -203.911 1200.97
v 38.7197 -203.338 1200.97
v 38.7197 -203.338 1200.97
v 38.7969 -203.202 1201.17
v 38.7969 -203.202 1201.17
v 39.2632 -203.032 1201.89
v 39.4285 -202.974 1201.45
v 39.4285 -202.974 1201.45
v 39.5608 -203.156 1201.75
v 39.5608 -203.156 1201.75
v 39.5608 -203.156 1201.75
v 38.3016 -196.538 1224.58
v 38.3016 -196.538 1224.58
v 39.1969 -196.743 1224.77
v 38.9969 -196.243 1224.97
v 39.1969 -196.538 1225.14
v 41.0835 -195.912 1224.66
v 41.1291 -201.406 1203.84
v 41.1291 -201.406 1203.84
v 41.3969 -201.538 1203.85
v 41.9969 -201.138 1204.14
v 41.7969 -200.671 1204.17
v 42.1969 -200.738 1204.26
v 42.4402 -200.342 1205.42
v 42.6485 -199.938 1205.57
v 41.1801 -196.102 1224.57
v 41.3969 -195.938 1225.16
v 41.3969 -195.938 1225.16
v 41.7969 -195.649 1224.97
v 41.7971 -196.19 1224.97
v 42.7969 -200.48 1205.37
v 43.77 -199.215 1206.58
v 43.77 -199.215 1206.58
v 44.1292 -199.373 1206.99
v 44.1292 -199.373 1206.99
v 44.1292 -199.373 1206.99
v 43.84 -199.356 1207.39
v 43.84 -199.356 1207.39
v 43.84 -199.356 1207.39
v 44.1969 -198.655 1207.77
v 44.1969 -198.655 1207.77
v 43.8485 -195.711 1224.77
v 43.8485 -195.711 1224.77
v 43.905 -195.354 1224.51
v 43.905 -195.354 1224.51
v 43.8848 -195.512 1225.11
v 43.8848 -195.512 1225.11
v 44.9199 -198.559 1208.35
v 44.9437 -198.538 1209.57
v 45.0238 -198.085 1209.26
v 45.0032 -198.175 1209.89
v 45.0032 -198.175 1209.89
v 45.1844 -198.653 1209.4
v 45.1844 -198.653 1209.4
v 45.836 -198.138 1210.37
v 45.836 -198.138 1210.37
v 45.7487 -197.922 1211.76
v 45.8181 -197.506 1211.62
v 45.8181 -197.506 1211.62
v 45.8181 -197.506 1211.62
v 44.7969 -194.84 1224.77
v 44.7969 -194.84 1224.77
v 45.1969 -195.138 1224.48
v 45.7969 -194.738 1224.47
v 45.0629 -194.962 1225.07
v 45.9969 -198.138 1211.12
v 45.957 -198.094 1211.67
v 46.0295 -197.498 1211.46
v 46.1969 -198.018 1211.97
v 46.3047 -197.738 1211.57
v 46.3047 -197.738 1211.57
v 46.5903 -197.654 1213.57
v 46.5082 -197.163 1213.92
v 46.5082 -197.163 1213.92
v 46.5082 -197.163 1213.92
v 47.1969 -196.665 1214.97
v 47.1969 -196.665 1214.97
v 47.4814 -196.938 1214.73
v 47.4814 -196.938 1214.73
v 47.1395 -197.127 1215.37
v 47.1672 -196.738 1215.57
v 46.9833 -194.138 1224.77
v 46.9833 -194.138 1224.77
v 47.554 -197.196 1215.47
v 48.4886 -196.523 1216.79
v 48.3787 -196.214 1216.79
v 48.3787 -196.214 1216.79
v 47.9547 -196.338 1217.17
v 48.5521 -196.62 1217.28
v 48.6087 -196.512 1217.7
v 48.7631 -196.156 1218.33
v 48.9969 -196.138 1217.59
v 48.9969 -196.138 1217.59
v 48.9969 -196.138 1217.59
v 47.5969 -194.138 1224.38
v 47.5969 -194.138 1224.38
v 48.0342 -194.439 1224.76
v 48.0342 -194.439 1224.76
v 47.8918 -194.339 1224.96
v 47.8918 -194.339 1224.96
v 49.2262 -196.041 1218.79
v 49.3969 -195.343 1218.77
v 49.3969 -195.343 1218.77
v 49.7829 -195.138 1219.77
v 49.7829 -195.138 1219.77
v 50.1675 -195.463 1219.93
v 49.6506 -193.107 1224.62
v 50.0512 -193.549 1224.36
v 50.7969 -194.538 1220.22
v 50.7969 -194.538 1220.22
v 50.7969 -194.538 1220.22
v 51.1001 -194.338 1221.37
v 52.1592 -193.193 1221.99
v 52.1592 -193.193 1221.99
v 52.1592 -193.193 1221.99
v 51.2561 -193.125 1224.77
v 51.1969 -192.738 1224.95
v 51.1969 -192.738 1224.95
v 53.0377 -192.952 1222.53
v 53.5969 -191.877 1224.17
v 53.5969 -191.877 1224.17
v 53.5969 -191.877 1224.17
v 53.5969 -191.877 1224.17
v 53.5969 -191.877 1224.17
v 53.7969 -192.09 1224.17
v 53.7969 -192.09 1224.17
v 53.7969 -192.011 1224.57
v 53.7969 -192.011 1224.57
v 54.1969 -191.049 1224.37
v 54.1969 -191.049 1224.37
v 54.1969 -191.049 1224.37
v 54.6591 -191.138 1224.15
v 54.6591 -191.138 1224.15
v 54.5969 -190.883 1224.97
v 54.7093 -191.162 1225.05
v 56.7825 -190.256 1225.02
v 57.762 -189.337 1224.73
v 57.1396 -189.773 1225.32
v 57.5969 -188.938 1224.79
v 57.5969 -188.938 1224.79
v 57.5969 -188.938 1224.79
v 57.9787 -188.567 1225.37
v 58.429 -188.872 1225.59
v 59.1051 -187.652 1225.43
v 59.3304 -187.827 1225.15
v 59.1969 -187.676 1225.77
v 60.5019 -187.464 1225.61
v 62.5149 -185.432 1226.35
v 62.5149 -185.432 1226.35
v 64.7054 -183.05 1228.43
v 64.6783 -183.476 1228.41
v 66.1969 -182.138 1228.22
v 66.9651 -182.219 1228.98
v 67.0216 -181.787 1229.59
v 68.7969 -200.58 1188.37
v 68.7969 -200.58 1188.37
v 68.7969 -200.58 1188.37
v 68.9969 -200.375 1188.37
v 68.9969 -200.375 1188.37
v 68.7969 -200.338 1188.06
v 68.7969 -200.338 1188.06
v 68.7969 -200.338 1188.06
v 68.5641 -200.338 1188.37
v 68.5641 -200.338 1188.37
v 68.9787 -199.765 1189.25
v 69.0333 -199.833 1190.38
v 68.9956 -199.43 1190.03
v 69.1969 -199.738 1189.83
v 69.1969 -199.738 1189.83
v 68.9872 -199.18 1191.82
v 68.9922 -198.938 1191.37
v 68.9922 -198.938 1191.37
v 69.4455 -198.948 1192.31
v 69.3969 -198.338 1192.74
v 69.115 -198.337 1193.14
v 69.1483 -198.295 1193.66
v 69.4317 -197.844 1193.86
v 69.6792 -198.292 1193.67
v 69.5969 -198.138 1194.66
v 69.5969 -198.138 1194.66
v 69.5969 -197.624 1195.77
v 69.7623 -196.988 1195.69
v 69.7623 -196.988 1195.69
v 69.5422 -196.938 1196.57
v 69.7672 -196.338 1197.17
v 69.7969 -196.561 1196.57
v 68.7211 -180.032 1230.56
v 70.0682 -197.089 1196.03
v 70.0682 -197.089 1196.03
v 70.0682 -197.089 1196.03
v 69.9905 -196.725 1196.35
v 70.2094 -196.021 1197.61
v 70.1969 -196.44 1198.17
v 70.1969 -196.44 1198.17
v 70.5253 -195.76 1198.33
v 70.5838 -195.7 1199.3
v 70.3204 -194.938 1200.17
v 70.3204 -194.938 1200.17
v 70.6124 -194.538 1199.89
v 70.6124 -194.538 1199.89
v 71.1057 -194.665 1200.64
v 71.0831 -194.555 1200.31
v 70.9697 -193.678 1202.01
v 71.007 -193.207 1202.07
v 71.5969 -192.738 1202.18
v 71.5969 -192.738 1202.18
v 71.6024 -192.826 1203.17
v 71.926 -192.898 1202.74
v 71.926 -192.898 1202.74
v 71.752 -191.722 1203.97
v 72.2905 -190.333 1204.89
v 72.6618 -190.597 1205.35
v 73.1484 -188.82 1206.64
v 72.5736 -176.922 1232.03
v 72.9969 -177.138 1231.64
v 73.5687 -177.363 1232.06
v 74.1342 -175.909 1233.26
v 75.061 -184.338 1209.97
v 75.061 -184.338 1209.97
v 75.061 -184.338 1209.97
v 75.7969 -184.202 1210.77
v 75.7927 -183.014 1210.65
v 76.1969 -174.938 1232.96
v 76.1969 -174.938 1232.96
v 75.9969 -174.938 1233.01
v 75.9969 -174.938 1233.01
v 76.1969 -175.338 1233.33
v 76.1969 -175.338 1233.33
v 76.2489 -174.76 1232.88
v 75.9994 -174.739 1233.05
v 76.9548 -181.031 1212.32
v 76.963 -180.383 1213.13
v 76.963 -180.383 1213.13
v 76.963 -180.383 1213.13
v 77.5771 -179.8 1213.63
v 76.9969 -180.836 1213.77
v 76.9969 -180.836 1213.77
v 76.9969 -180.836 1213.77
v 77.7342 -180.549 1213.98
v 77.4043 -179.14 1215.03
v 77.7875 -178.742 1214.94
v 77.5969 -179.138 1215.63
v 77.5796 -175.832 1230.4
v 76.3969 -175.24 1233.17
v 77.0256 -174.981 1233.43
v 76.6535 -174.298 1233.11
v 76.9266 -174.338 1233.37
v 76.9266 -174.338 1233.37
v 76.9266 -174.338 1233.37
v 77.093 -174.605 1233.81
v 77.0422 -174.538 1233.57
v 77.0422 -174.538 1233.57
v 77.0422 -174.538 1233.57
v 77.2243 -173.002 1234.57
v 78.339 -178.939 1216.28
v 78.339 -178.939 1216.28
v 78.0283 -177.929 1216.47
v 78.0283 -177.929 1216.47
v 78.4063 -177.915 1216.23
v 78.2849 -177.983 1217.84
v 78.6021 -177.114 1218
v 78.9815 -177.07 1218.18
v 78.547 -177.174 1219.32
v 78.547 -177.174 1219.32
v 78.9134 -177.151 1221.3
v 78.9434 -176.76 1221.39
v 79.3969 -177.518 1220.57
v 79.3969 -177.518 1220.57
v 79.0891 -176.738 1222.97
v 79.1969 -177.374 1222.37
v 79.1969 -177.374 1222.37
v 79.1969 -177.374 1222.37
v 79.0037 -176.92 1225.48
v 79.0037 -176.92 1225.48
v 79.1969 -176.505 1225.77
v 79.3969 -177.399 1225.57
v 78.7969 -176.938 1227.2
v 78.7969 -176.938 1227.2
v 78.9423 -176.356 1227.2
v 78.9423 -176.356 1227.2
v 78.1541 -176.146 1229.13
v 78.1541 -176.146 1229.13
v 79.1832 -176.117 1228.38
v 79.8271 -177.338 1222.77
v 79.9288 -177.121 1225.37
v 79.7969 -176.511 1225.37
v 80.1188 -170.036 1235.95
v 81.0548 -169.305 1237.25
v 82.1001 -194.538 1170.77
v 82.1891 -194.338 1170.77
v 82.1891 -194.338 1170.77
v 82.1891 -194.338 1170.77
v 82.1797 -194.338 1171.17
v 82.1969 -194.651 1170.77
v 82.1969 -194.651 1170.77
v 82.2159 -194.693 1170.99
v 82.2159 -194.693 1170.99
v 82.2302 -194.537 1171.44
v 82.2302 -194.537 1171.44
v 82.3969 -194.679 1170.77
v 82.3969 -194.679 1170.77
v 82.3969 -194.538 1170.66
v 82.3969 -194.538 1170.66
v 82.3969 -194.538 1170.66
v 82.3969 -194.261 1170.97
v 82.3969 -194.261 1170.97
v 82.3969 -194.338 1172.16
v 82.3969 -194.338 1172.16
v 82.3969 -194.338 1172.16
v 82.5969 -194.685 1171.57
v 82.5969 -194.685 1171.57
v 82.6364 -194.526 1171.21
v 81.4381 -168.507 1236.83
v 82.7731 -166.537 1238.4
v 82.7969 -194.599 1172.77
v 82.7969 -194.599 1172.77
v 82.8317 -194.081 1172.69
v 82.8317 -194.081 1172.69
v 83.0145 -194.35 1172.57
v 83.0145 -194.35 1172.57
v 83.0145 -194.35 1172.57
v 83.2312 -194.137 1173.47
v 82.9547 -194.338 1174.17
v 82.9547 -194.338 1174.17
v 83.3863 -194.373 1174.89
v 83.3935 -194.332 1174.09
v 83.6453 -194.124 1174.89
v 83.6453 -194.124 1174.89
v 83.6453 -194.124 1174.89
v 83.5933 -194.209 1176.14
v 83.5933 -194.209 1176.14
v 83.942 -194.141 1176.47
v 83.9885 -194.105 1177.15
v 83.9885 -194.105 1177.15
v 83.9953 -193.994 1177.76
v 84.1886 -193.941 1177
v 84.2256 -193.941 1178.27
v 83.139 -193.965 1174.67
v 83.3969 -193.938 1176.02
v 83.3969 -193.938 1176.02
v 83.5623 -193.764 1175.48
v 84.0556 -193.738 1176.57
v 83.7632 -193.95 1177.29
v 83.8012 -193.755 1177.65
v 83.9647 -193.702 1178.31
v 83.9969 -193.496 1177.57
v 84.2221 -193.418 1178.05
v 83.3716 -167.471 1238.79
v 84.1595 -166.555 1238.99
v 84.5969 -193.538 1178.48
v 84.5969 -193.538 1178.48
v 84.5996 -193.744 1178.71
v 84.5969 -193.071 1179.97
v 84.7754 -193.635 1179.9
v 84.8024 -193.516 1179.33
v 84.8024 -193.516 1179.33
v 84.4016 -193.338 1180.17
v 84.5697 -193.612 1180.08
v 84.7587 -193.538 1180.57
v 84.7587 -193.538 1180.57
v 85.1065 -193.306 1180.7
v 85.0768 -193.101 1180.56
v 84.9641 -192.938 1182.57
v 84.9641 -192.938 1182.57
v 85.1969 -192.455 1182.57
v 85.1969 -192.455 1182.57
v 85.3388 -193.025 1182.81
v 85.3969 -192.83 1183.57
v 85.3969 -192.83 1183.57
v 85.4129 -192.302 1183.13
v 85.6206 -191.655 1185.26
v 85.6206 -191.655 1185.26
v 85.6766 -191.538 1186.57
v 84.6075 -165.068 1239.46
v 84.7374 -162.787 1241.57
v 85.8544 -163.172 1242.11
v 85.4304 -162.799 1242.99
v 85.4304 -162.799 1242.99
v 85.9702 -192.169 1184.62
v 85.9711 -191.701 1185.16
v 85.9711 -191.701 1185.16
v 85.9969 -191.738 1186.74
v 86.4704 -190.938 1187.37
v 86.1969 -190.93 1188.57
v 86.1911 -190.571 1187.75
v 86.1911 -190.571 1187.75
v 86.5979 -190.571 1189.19
v 86.8422 -189.938 1189.57
v 86.8422 -189.938 1189.57
v 86.2865 -189.612 1190.38
v 86.5969 -189.98 1190.57
v 86.5969 -189.98 1190.57
v 86.6182 -189.438 1190.05
v 87.286 -188.738 1192.37
v 87.286 -188.738 1192.37
v 87.286 -188.738 1192.37
v 86.7649 -188.289 1193.23
v 86.7649 -188.289 1193.23
v 86.9895 -187.596 1193.44
v 87.3812 -187.251 1193.99
v 87.2142 -186.571 1195.78
v 86.3133 -161.623 1242.88
v 87.4676 -158.428 1246.64
v 87.7986 -186.075 1197.28
v 88.0457 -186.241 1196.9
v 87.8287 -185.491 1196.83
v 87.8287 -185.491 1196.83
v 88.3204 -185.338 1197.37
v 87.7692 -185.3 1198.19
v 88.336 -184.138 1200.17
v 88.336 -184.138 1200.17
v 88.5635 -183.282 1200.3
v 89.4506 -182.491 1201.45
v 89.4506 -182.491 1201.45
v 89.4506 -182.491 1201.45
v 89.9581 -181.925 1203.39
v 89.9992 -180.738 1204.97
v 89.9992 -180.738 1204.97
v 90.6041 -179.319 1205.51
v 90.8238 -179.535 1206.59
v 91.1386 -178.921 1205.99
v 91.6933 -178.858 1206.73
v 91.264 -178.062 1207.84
v 91.9969 -177.372 1209.17
v 92.1708 -176.429 1209.07
v 91.1977 -145.147 1255.33
v 92.5969 -176.908 1208.57
v 92.5969 -176.908 1208.57
v 92.5969 -177.422 1208.97
v 92.5969 -177.422 1208.97
v 92.5248 -143.015 1258.08
v 92.5171 -141.645 1259.25
v 94.7969 -172.182 1213.39
v 94.7969 -172.182 1213.39
v 94.4016 -172.538 1213.77
v 94.5317 -137.039 1262.33
v 94.7967 -137.226 1261.58
v 94.11 -136.01 1263.03
v 95.2014 -133.904 1264.94
v 95.2014 -133.904 1264.94
v 95.5573 -172.408 1213.82
v 95.5573 -172.408 1213.82
v 96.0544 -171.402 1215.5
v 96.4922 -168.538 1217.77
v 96.5969 -168.938 1217.89
v 96.0692 -133.576 1264.76
v 96.1827 -132.081 1266.69
v 97.6704 -168.538 1217.77
v 98.2031 -167.063 1219.65
v 97.9142 -165.039 1220.67
v 98.2859 -164.515 1220.58
v 98.2859 -164.515 1220.58
v 98.2981 -164.136 1221.09
v 98.2981 -164.136 1221.09
v 98.3969 -164.868 1220.37
v 98.4579 -164.738 1220.37
v 98.4579 -164.738 1220.37
v 98.4579 -164.738 1220.37
v 98.7617 -165.138 1220.37
v 98.6362 -164.021 1220.85
v 98.5938 -164.025 1221.18
v 98.5969 -164.416 1222.37
v 98.3969 -120.018 1279.17
v 98.2655 -119.401 1280.54
v 100.211 -182.138 1158.37
v 100.211 -182.138 1158.37
v 100.402 -181.752 1160.12
v 99.3422 -163.934 1217.4
v 99.3422 -163.934 1217.4
v 99.7687 -163.806 1217.27
v 98.7969 -164.896 1220.37
v 98.7969 -164.896 1220.37
v 98.7969 -164.896 1220.37
v 98.945 -164.938 1220.57
v 98.945 -164.938 1220.57
v 98.945 -164.938 1220.57
v 98.8335 -164.011 1220.84
v 98.8335 -164.011 1220.84
v 98.9618 -164.138 1221.17
v 98.9618 -164.138 1221.17
v 98.8694 -163.672 1221.5
v 98.8694 -163.672 1221.5
v 98.8694 -163.672 1221.5
v 99.1886 -164.634 1221.07
v 99.1886 -164.634 1221.07
v 99.1886 -164.634 1221.07
v 99.1886 -164.634 1221.07
v 99.1079 -164.338 1221.17
v 99.1079 -164.338 1221.17
v 100.055 -162.738 1212.17
v 100.197 -163.246 1212.57
v 99.7639 -163.189 1214.21
v 100.206 -162.566 1215.09
v 99.989 -163.497 1215.48
v 100.127 -163.035 1216.37
v 100.127 -163.035 1216.37
v 100.213 -163.333 1215.62
v 99.0329 -161.404 1223.89
v 99.0329 -161.404 1223.89
v 99.7584 -158.126 1226.97
v 100.197 -157.959 1228.37
v 100.397 -182.322 1158.17
v 100.397 -182.322 1158.17
v 100.397 -182.322 1158.17
v 100.397 -181.938 1158.19
v 100.397 -181.938 1158.19
v 100.397 -181.938 1158.19
v 100.397 -181.938 1158.19
v 100.661 -182.138 1158.37
v 100.661 -182.138 1158.37
v 100.397 -182.161 1159.97
v 100.397 -182.161 1159.97
v 100.606 -181.745 1159.74
v 100.606 -181.745 1159.74
v 100.805 -181.938 1160.57
v 100.423 -181.738 1161.77
v 100.423 -181.738 1161.77
v 100.606 -181.518 1161.44
v 100.606 -181.518 1161.44
v 100.778 -181.931 1161.87
v 100.778 -181.931 1161.87
v 100.803 -181.497 1161.81
v 100.788 -181.747 1163.3
v 100.797 -181.258 1162.97
v 100.797 -181.258 1162.97
v 100.797 -181.258 1162.97
v 100.984 -181.626 1163.87
v 101.061 -181.538 1162.97
v 101.061 -181.538 1162.97
v 101.061 -181.538 1162.97
v 100.797 -181.538 1164.35
v 100.797 -181.538 1164.35
v 101.209 -181.332 1164.44
v 101.209 -181.332 1164.44
v 101.209 -181.332 1164.44
v 101.192 -181.188 1165.93
v 100.717 -181.138 1164.77
v 101.015 -180.702 1165.53
v 101.199 -180.725 1165.41
v 101.199 -180.725 1165.41
v 100.983 -181.138 1165.97
v 100.983 -181.138 1165.97
v 101.467 -180.922 1166.54
v 101.467 -180.922 1166.54
v 101.151 -180.504 1167.41
v 101.151 -180.504 1167.41
v 101.151 -180.504 1167.41
v 101.388 -180.727 1167.45
v 101.388 -180.727 1167.45
v 101.388 -180.727 1167.45
v 101.398 -179.996 1167.76
v 101.633 -180.055 1167.63
v 101.633 -180.055 1167.63
v 101.797 -180.358 1168.37
v 101.797 -180.358 1168.37
v 101.797 -180.358 1168.37
v 101.534 -179.923 1169.18
v 101.534 -179.923 1169.18
v 101.534 -179.923 1169.18
v 101.73 -179.187 1170.24
v 101.797 -179.138 1169.91
v 101.961 -178.873 1171.27
v 101.794 -166.085 1204.96
v 101.804 -164.494 1206.15
v 101.024 -164.322 1208.61
v 101.412 -164.413 1208.46
v 100.508 -163.538 1210.17
v 100.397 -163.138 1210.32
v 100.803 -163.565 1211.02
v 100.803 -163.565 1211.02
v 100.621 -163.299 1212.51
v 100.7 -162.765 1213.77
v 101.361 -152.448 1233.61
v 101.133 -150.902 1234.61
v 101.97 -146.39 1239.16
v 101.8 -123.76 1270.52
v 101.34 -123.591 1271.67
v 101.426 -121.811 1274.29
v 101.821 -121.062 1274.39
v 101.561 -109.925 1289.05
v 101.284 -107.321 1290.63
v 102.397 -179.126 1170.37
v 102.397 -179.126 1170.37
v 102.397 -179.126 1170.37
v 102.013 -179.428 1170.61
v 102.013 -179.428 1170.61
v 102.589 -178.07 1173.12
v 102.412 -177.86 1172.23
v 102.766 -176.865 1174.64
v 102.79 -176.742 1174.13
v 103.045 -176.913 1174.97
v 102.967 -176.83 1173.82
v 103.574 -176.417 1175.14
v 103.574 -176.417 1175.14
v 103.232 -176.02 1175.03
v 102.873 -168.096 1197.44
v 103.397 -167.633 1196.77
v 103.397 -167.633 1196.77
v 102.356 -167.301 1200.16
v 102.997 -167.174 1199.77
v 102.758 -166.571 1202.69
v 102.387 -165.824 1203.58
v 102.077 -147.52 1236.64
v 102.731 -146.753 1239.31
v 101.902 -146.003 1238.93
v 102.594 -143.141 1241.34
v 102.452 -142.138 1243.17
v 102.997 -141.89 1244.77
v 103.366 -142.236 1244.43
v 103.197 -139.733 1245.17
v 103.197 -139.733 1245.17
v 102.997 -139.516 1247.77
v 102.997 -139.516 1247.77
v 102.997 -137.338 1251.02
v 102.997 -133.883 1253.77
v 102.236 -127.704 1264.19
v 102.421 -122.136 1272.8
v 102.634 -101.553 1298.17
v 102.962 -99.8748 1300.36
v 103.942 -174.839 1177.99
v 103.674 -173.78 1178.91
v 104.197 -173.365 1180.17
v 103.99 -172.922 1179.56
v 104.647 -173.149 1179.95
v 104.763 -170.865 1182.58
v 105.054 -171.38 1182.92
v 105.079 -171.079 1182.76
v 104.321 -170.992 1183.32
v 104.321 -170.992 1183.32
v 104.761 -171.456 1183.3
v 104.761 -171.456 1183.3
v 104.595 -170.024 1185.96
v 104.595 -170.024 1185.96
v 104.997 -170.199 1185.77
v 104.478 -169.586 1185.61
v 104.352 -168.95 1188.83
v 104.352 -168.95 1188.83
v 104.597 -168.349 1188.57
v 104.597 -168.349 1188.57
v 104.997 -169.23 1188.77
v 104.139 -168.733 1191.03
v 104.139 -168.733 1191.03
v 104.597 -168.905 1191.37
v 104.127 -168.169 1191.18
v 104.557 -168.073 1190.22
v 103.997 -114.14 1281.57
v 104.911 -114.738 1282.17
v 104.4 -100.887 1300.63
v 104.413 -96.3415 1310.21
v 104.413 -96.3415 1310.21
v 104.42 -95.5466 1310.21
v 104.599 -95.9401 1310.41
v 105.308 -170.138 1184.77
v 105.286 -169.938 1185.77
v 105.292 -169.138 1187.97
v 105.311 -168.938 1187.37
v 106.397 -109.138 1286.58
v 106.397 -109.138 1286.58
v 107.223 -108.614 1288.2
v 107.772 -106.358 1290.2
v 108.35 -103.78 1296.91
v 108.827 -104.612 1293.43
v 109.876 -101.999 1301.07
v 110.342 -102.432 1298.59
v 111.443 -99.4997 1305.33
v 112.646 -100.682 1304.67
v 115.804 -99.6106 1310.69
v 119.441 -98.8818 1316.31
vn -0.488534 -0.170838 -0.855657
vn -0.318537 -0.326522 -0.889897
vn -0.942957 -0.224151 0.246149
vn -0.453573 0.403935 -0.794423
vn -0.92102 -0.113904 0.372489
vn 0.0578256 -0.94608 0.31873
vn -0.00341255 -0.454008 -0.890991
vn -0.105974 -0.421406 -0.900659
vn -0.15874 0.892039 0.423164
vn 0.101111 -0.867126 -0.487719
vn -0.071709 -0.160189 0.984478
vn 0.081648 -0.954073 0.288234
vn -0.105178 0.371043 0.92264
vn 0.117706 -0.992329 0.0377972
vn -0.149254 0.884355 0.442312
vn 0.0546961 -0.640862 0.765705
vn -0.142206 0.910084 0.389261
vn 0.104471 -0.728333 0.677213
vn 0.103227 -0.590429 -0.800461
vn 0.1064 -0.660322 -0.743407
vn -0.029451 -0.0883561 0.995653
vn 0.0612266 -0.495072 0.866692
vn -0.144488 0.801475 0.580311
vn 0.11946 -0.828635 0.546894
vn -0.0570721 0.138461 0.988722
vn -0.585636 -0.80726 0.0732269
vn 0.174214 0.447379 -0.877212
vn -0.585636 -0.80726 0.0732269
vn -0.794225 0.594921 0.123598
vn -0.585636 -0.80726 0.0732269
vn 0.174214 0.447379 -0.877212
vn -0.781045 0.51011 0.360218
vn -0.788027 0.435464 0.435184
vn 0.343088 0.433916 -0.833071
vn 0.678515 -0.721142 -0.139897
vn -0.132489 0.725653 -0.675184
vn -0.16994 0.915874 -0.363723
vn 0.108755 -0.564007 -0.818577
vn -0.0701326 0.386724 0.919525
vn -0.183634 0.982054 -0.0429897
vn 0.112126 -0.616272 0.77951
vn -0.202411 0.894705 -0.398162
vn -0.787986 0.546204 0.284148
vn -0.215475 -0.681834 0.699051
vn 0.803901 -0.27652 -0.526574
vn 0.183755 0.700045 -0.690051
vn 0.815576 -0.127035 -0.564534
vn -0.252409 -0.71736 0.649372
vn -0.657204 0.753695 0.00523489
vn -0.0892492 0.367348 -0.925792
vn -0.149143 0.612577 0.776213
vn -0.21712 0.955348 -0.200424
vn 0.167832 -0.807112 0.566041
vn 0.517476 -0.844467 0.138185
vn 0.713564 0.342249 -0.611304
vn 0.822074 0.0269158 -0.568744
vn -0.23405 -0.793269 0.56209
vn -0.875131 0.245248 0.417132
vn 0.16053 -0.688492 -0.707254
vn -0.184712 0.600379 -0.778092
vn 0.219258 -0.76031 0.611436
vn 0.200438 0.872227 -0.446144
vn 0.687156 0.479819 -0.545518
vn -0.847272 -0.269384 0.457779
vn -0.694726 0.714809 0.0800251
vn -0.908927 0.314214 0.274084
vn -0.0518991 -0.949619 0.309081
vn 0.585392 0.673749 -0.450974
vn 0.892477 -0.291406 -0.344337
vn -0.939068 0.102155 0.3282
vn -0.723168 0.686585 0.075034
vn -0.243626 0.747252 -0.618272
vn 0.198501 -0.759509 -0.619471
vn -0.261814 0.724705 -0.637383
vn 0.0287332 0.01234 0.999511
vn 0.253806 -0.817107 0.517609
vn 0.826348 -0.540242 -0.159021
vn -0.406613 -0.842181 0.354114
vn -0.0459908 0.970822 -0.235349
vn 0.100517 -0.980188 0.170669
vn 0.738198 0.523594 -0.42534
vn -0.730252 -0.56616 0.382355
vn -0.939548 0.237348 0.246809
vn -0.879245 -0.264057 0.396487
vn -0.168777 0.970076 -0.174548
vn 0.522099 0.748687 -0.408511
vn -0.839176 -0.322796 0.437705
vn -0.908949 -0.024972 0.416159
vn -0.796447 -0.356444 0.488487
vn -0.303632 0.8211 -0.483325
vn -0.0578105 -0.961344 0.269214
vn -0.242055 -0.893211 0.378924
vn 0.829865 -0.505043 -0.237182
vn -0.603565 -0.590098 0.536185
vn 0.830751 -0.470036 -0.298193
vn 0.386991 0.804273 -0.45098
vn -0.838027 -0.0812894 0.539539
vn 0.728389 -0.660156 -0.183422
vn 0.21011 -0.946502 0.244922
vn -0.793146 -0.177501 0.582592
vn 0.714894 0.382342 -0.585441
vn -0.325864 0.816454 -0.476671
vn 0.297773 -0.86823 -0.396873
vn 0.243649 -0.61813 0.747362
vn 0.142105 -0.929857 0.339371
vn 0.515739 -0.855036 0.0541022
vn -0.527066 0.849516 -0.0228736
vn -0.681751 -0.284148 0.674148
vn -0.805023 0.0464957 0.591419
vn 0.14883 -0.904107 0.40055
vn -0.329063 -0.638304 0.695906
vn -0.39539 0.881205 -0.259124
vn 0.0359635 -0.186496 -0.981797
vn 0.708993 0.163539 -0.685991
vn 0.799113 -0.49177 -0.345804
vn 0.294658 -0.888992 0.350528
vn -0.56386 -0.345844 0.749969
vn -0.0323642 -0.757 0.652613
vn -0.326801 0.85597 -0.400646
vn 0.377905 -0.910218 -0.169386
vn -0.135385 0.285711 0.948704
vn 0.542792 -0.819748 0.182729
vn 0.458628 0.393925 -0.796545
vn 0.785416 -0.574718 -0.229825
vn 0.35972 -0.814984 -0.454316
vn -0.49805 -0.375833 0.78147
vn 0.374598 -0.868861 -0.323662
vn -0.784246 0.602214 0.149317
vn 0.493021 0.0568968 -0.868155
vn 0.45917 -0.824895 0.329715
vn 0.657791 -0.490175 -0.571874
vn -0.229977 0.324595 0.917469
vn -0.153653 0.121424 0.980636
vn 0.562012 -0.777452 -0.282331
vn 0.546014 -0.83357 0.0838431
vn -0.557044 0.801738 0.216606
vn -0.305879 0.252581 0.917955
vn 0.511597 -0.539787 -0.668505
vn 0.275968 -0.634998 0.721539
vn -0.26018 0.57322 -0.776998
vn -0.439013 0.293665 0.849134
vn 0.241831 -0.597391 0.764619
vn -0.645097 0.762659 0.0469217
vn 0.297881 -0.0102791 -0.954548
vn -0.669099 0.667905 0.325899
vn -0.337294 -0.0160317 0.941263
vn 0.617881 -0.770369 -0.157338
vn 0.396198 -0.730319 0.556472
vn 0.103886 -0.50654 0.855935
vn 0.396729 -0.109093 -0.91143
vn 0.255804 -0.661179 0.705271
vn 0.629772 -0.775132 0.0505708
vn -0.226419 -0.222228 0.94834
vn -0.592055 0.29246 0.750958
vn -0.69069 0.705389 0.159292
vn 0.379977 -0.0387031 -0.924186
vn -0.32826 0.71481 -0.617489
vn -0.493135 0.0627918 0.867684
vn -0.597085 0.786115 -0.159728
vn -0.0636999 -0.44009 0.895691
vn -0.6999 0.608582 0.373856
vn 0.69253 -0.633102 -0.34581
vn 0.37655 -0.766426 0.520386
vn -0.67854 0.472274 0.56262
vn -0.372228 -0.135574 0.918186
vn -0.439479 0.810281 -0.38769
vn 0.612397 -0.318238 -0.723668
vn -0.132956 0.637484 -0.758905
vn 0.400235 -0.81505 0.418934
vn 0.230208 -0.738318 0.633949
vn -0.672703 0.665207 0.323992
vn 0.629985 -0.612667 -0.47724
vn 0.629985 -0.612667 -0.47724
vn 0.629985 -0.612667 -0.47724
vn -0.634391 -0.60983 -0.475031
vn -0.494777 0.815721 -0.299658
vn 0.741398 0.579815 -0.337851
vn -0.938027 0.344784 -0.0350711
vn -0.59274 -0.734779 0.329787
vn 0.723643 -0.6697 0.166863
vn -0.524538 0.804788 -0.277807
vn 0.788718 -0.600583 0.13124
vn -0.902835 -0.360844 0.233838
vn -0.768582 0.611199 -0.188991
vn 0.807995 0.49804 -0.314802
vn 0.719348 -0.673263 0.171041
vn 0.577429 0.715336 -0.393536
vn -0.951565 0.307332 -0.00845993
vn -0.991449 0.105902 0.0762438
vn -0.513953 0.801588 -0.305465
vn 0.838375 -0.534001 0.109411
vn 0.759828 0.547492 -0.35059
vn -0.485579 -0.787008 0.380567
vn -0.691726 -0.610999 0.384961
vn 0.612451 0.660753 -0.433946
vn -0.774197 0.610174 -0.168246
vn -0.730951 -0.541397 0.415453
vn -0.870816 0.479316 -0.109252
vn -0.736065 0.639324 -0.222428
vn -0.416248 -0.0706721 0.906501
vn 0.714008 -0.671277 0.198946
vn 0.949233 0.1879 -0.252291
vn 0.70952 0.548617 -0.442269
vn -0.0667247 0.879142 -0.471866
vn 0.478854 -0.819805 0.314035
vn -0.382412 -0.745913 0.545322
vn 0.6616 0.563221 -0.495044
vn 0.962102 -0.260147 -0.0817481
vn 0.75827 -0.627293 0.177568
vn -0.618491 -0.571107 0.539728
vn -0.0620958 0.840734 -0.537876
vn 0.934266 -0.353201 -0.0489473
vn 0.691533 0.476972 -0.542475
vn -0.0603338 -0.790603 0.609349
vn -0.557742 -0.526221 0.641884
vn -0.642517 0.672862 -0.366644
vn 0.149414 -0.690637 0.707599
vn -0.496707 0.73618 -0.459696
vn -0.540976 -0.488324 0.684752
vn 0.952927 -0.263096 -0.1507
vn 0.456408 -0.740758 0.492918
vn -0.620692 -0.38226 0.684557
vn -0.942601 0.184954 0.278019
vn 0.4102 0.49289 -0.76733
vn -0.542085 -0.40904 0.734051
vn -0.357948 0.708492 -0.608204
vn 0.889641 -0.0270219 -0.45586
vn 0.840498 -0.527968 0.121708
vn -0.60226 -0.330509 0.726668
vn -0.534487 0.672303 -0.512184
vn -0.660882 0.707474 0.25043
vn -0.301265 -0.218789 0.9281
vn -0.61556 0.787468 0.0313198
vn -0.119649 0.629184 -0.767992
vn 0.573681 -0.679006 0.458084
vn 0.0144257 0.633122 -0.773918
vn 0.72426 0.19746 -0.660649
vn 0.9315 -0.332717 -0.146993
vn 0.649557 -0.722449 -0.236947
vn 0.487189 -0.825894 0.283806
vn -0.685361 0.614743 0.390349
vn 0.792753 -0.567851 0.221557
vn -0.934288 0.163245 0.31695
vn 0.614155 0.311006 -0.72532
vn 0.928311 -0.157257 -0.33691
vn -0.606268 -0.341804 0.718059
vn 0.2523 0.565436 -0.785256
vn -0.78566 0.568837 -0.243233
vn -0.826782 -0.293352 -0.479976
vn 0.205875 -0.675753 0.707795
vn 0.636279 -0.769186 -0.0591825
vn 0.561578 -0.253817 -0.787533
vn 0.602418 -0.786008 -0.138864
vn -0.747845 -0.0870369 -0.658143
vn -0.606614 0.786608 -0.115189
vn 0.0489825 0.441251 -0.896046
vn -0.234623 0.663786 -0.710169
vn -0.143348 0.405783 -0.902658
vn -0.319948 0.58661 -0.743991
vn -0.387967 0.744346 -0.543535
vn 0.850001 0.0879228 -0.519392
vn 0.938239 -0.336426 -0.0807709
vn -0.276281 0.728247 -0.627156
vn -0.807212 0.552957 -0.206511
vn 0.599261 0.411911 -0.686452
vn 0.599986 0.449327 -0.661908
vn -0.655874 -0.358339 0.664396
vn 0.226233 -0.753511 0.617285
vn 0.925641 0.0108644 -0.378247
vn -0.966732 0.0955561 0.237274
vn -0.598687 0.739358 -0.308096
vn -0.952147 -0.00853071 0.305521
vn -0.616484 0.597571 -0.512695
vn -0.892252 -0.227338 -0.390132
vn -0.154287 -0.947346 0.280592
vn 0.122889 0.943553 -0.307581
vn -0.217228 -0.663072 -0.716343
vn 0.444824 -0.868786 0.217582
vn 0.264401 -0.897933 0.351863
vn 0.51795 -0.757896 0.396638
vn 0.720069 -0.471678 0.508941
vn -0.368468 0.700352 -0.611341
vn 0.0264659 0.886549 -0.461877
vn 0.15205 0.487575 -0.859739
vn 0.392315 0.903117 -0.174551
vn 0.933247 0.148703 0.327012
vn 0.751475 -0.643891 -0.143842
vn 0.852005 -0.184088 0.490101
vn 0.614678 -0.0965539 -0.782846
vn 0.73526 -0.413137 -0.537318
vn 0.685082 -0.375175 -0.624425
vn 0.665942 -0.743713 0.0584171
vn -0.154039 -0.366483 0.917585
vn -0.552801 0.114047 0.825472
vn -0.612925 0.767665 -0.187117
vn 0.556846 0.560459 -0.613032
vn 0.917264 -0.395275 -0.0488371
vn -0.150143 -0.828972 0.53876
vn 0.86983 0.249163 -0.42581
vn -0.16675 -0.901588 0.399167
vn 0.529251 -0.827215 0.188703
vn -0.442665 0.825621 -0.349855
vn 0.594244 0.607807 -0.52673
vn -0.970661 0.0786816 0.227216
vn -0.145926 0.93895 -0.311575
vn 0.900155 -0.430231 -0.0679832
vn 0.771397 0.5146 -0.374344
vn 0.914381 0.252077 -0.316805
vn -0.915674 -0.308497 0.257624
vn -0.418482 -0.861092 0.288777
vn -0.606291 0.794973 -0.0207112
vn 0.183167 -0.959198 0.215381
vn -0.00662939 0.980708 -0.195366
vn 0.600225 -0.796654 0.0712158
vn 0.237219 -0.964558 0.115565
vn 0.731843 -0.681472 0.00128229
vn 0.640688 0.734747 -0.222858
vn -0.970985 -0.178909 0.158683
vn -0.764129 0.643019 0.0513194
vn 0.00478955 0.996714 -0.0808564
vn -0.142266 -0.983817 0.108929
vn -0.987945 -0.134589 0.076492
vn -0.608663 -0.793417 -0.00426391
vn -0.454256 0.890871 -0.000142518
vn -0.99091 -0.127501 -0.0429144
vn -0.850945 0.502426 -0.153168
vn -0.71328 -0.70075 -0.0134365
vn -0.616034 -0.787373 -0.0233645
vn -0.69067 -0.718531 -0.0817788
vn -0.150702 -0.974764 0.164692
vn 0.50632 -0.765684 0.396696
vn 0.867175 -0.352249 0.352033
vn -0.00172293 -0.952472 0.30462
vn -0.910757 0.33671 -0.239056
vn -0.0319738 0.986544 -0.160336
vn -0.748846 0.493337 -0.442548
vn -0.278105 0.893962 -0.351411
vn 0.923485 0.302235 0.236283
vn 0.189558 0.969781 -0.1536
vn 0.805366 0.568999 0.16621
vn 0.87829 -0.17032 0.446763
vn 0.466601 -0.730489 0.498667
vn 0.524468 -0.0721213 -0.84837
vn -0.387843 0.720192 -0.57524
vn 0.474169 -0.752486 0.457086
vn 0.748979 -0.570559 -0.336888
vn 0.989994 -0.0416487 -0.134827
vn 0.924764 -0.373006 -0.075353
vn 0.595957 0.7994 -0.0761294
vn 0.993725 0.108343 -0.0277803
vn 0.485046 -0.870602 0.0823535
vn 0.969147 0.233919 0.0776884
vn 0.0636486 0.996017 -0.0624383
vn 0.586103 -0.773316 0.241796
vn 0.97591 -0.0744104 0.205092
vn 0.854346 0.508458 0.107534
vn 0.724295 -0.68885 -0.0297014
vn 0.385586 0.159491 -0.908783
vn 0.704846 -0.293306 -0.645882
vn -0.0909202 0.576017 -0.812366
vn -0.428622 -0.144904 0.891788
vn -0.760055 0.386947 0.522101
vn 0.194445 -0.631865 0.750292
vn 0.620128 -0.730114 0.287011
vn -0.421705 0.71235 -0.561001
vn -0.450672 -0.211616 0.867245
vn -0.340567 -0.0668833 -0.937838
vn -0.33746 0.150192 -0.929281
vn -0.979331 0.154261 0.130818
vn -0.210681 -0.453387 -0.866056
vn -0.837104 -0.543954 0.0580634
vn -0.971855 -0.128146 0.197677
vn -0.041381 -0.994126 -0.10001
vn -0.26525 -0.260613 -0.928291
vn -0.297841 0.953784 -0.0398311
vn -0.472127 0.880341 0.0457744
vn -0.976232 0.0380974 0.213352
vn 0.0535858 -0.998346 -0.0208409
vn 0.832606 -0.496273 -0.245926
vn 0.789147 -0.572806 -0.221675
vn -0.0754219 -0.509828 0.856964
vn -0.336988 0.688752 -0.641919
vn 0.769419 -0.269673 -0.579026
vn 0.441756 0.194669 -0.87576
vn 0.819748 -0.564244 -0.0981911
vn 0.546166 -0.711719 0.441768
vn -0.437658 -0.281775 0.853849
vn -0.142985 -0.502771 0.852512
vn -0.840718 0.425269 0.33517
vn -0.739131 0.0576704 0.671089
vn -0.851978 0.180751 0.491387
vn -0.854467 0.516939 0.0515715
vn 0.837108 0.472578 -0.275536
vn 0.555096 -0.824733 -0.108094
vn -0.176165 0.982607 -0.0587334
vn -0.512204 0.858437 0.027089
vn 0.587279 -0.799689 -0.1249
vn 0.751571 -0.63596 -0.175203
vn 0.69871 0.663692 -0.267054
vn -0.52041 -0.829505 0.202716
vn -0.245002 -0.953715 0.174362
vn 0.69957 -0.708725 -0.0911593
vn 0.956111 -0.0911864 -0.278456
vn -0.835033 -0.480723 0.26763
vn 0.118094 -0.989832 0.079286
vn 0.151771 -0.987491 0.0427519
vn -0.178014 -0.97134 0.15751
vn 0.693592 -0.714166 -0.0943234
vn 0.352329 -0.935084 0.0384918
vn 0.21073 -0.972035 0.10364
vn -0.958974 0.17531 0.22279
vn -0.955881 0.233439 0.178319
vn -0.513964 0.856917 0.0391745
vn 0.442081 0.861413 -0.250065
vn -0.856267 -0.431229 0.284339
vn -0.846737 -0.447579 0.287593
vn -0.707611 -0.646038 0.28622
vn -0.751238 0.655618 0.0761949
vn 0.266369 0.940251 -0.212075
vn 0.373077 0.893464 -0.250069
vn 0.745137 -0.0383588 -0.665807
vn -0.53517 -0.256955 0.804716
vn -0.170459 -0.537734 0.825703
vn 0.157616 -0.663319 0.73155
vn -0.00753907 0.606258 -0.795232
vn 0.751529 -0.62482 0.21167
vn -0.642716 -0.261609 0.720054
vn 0.00649136 -0.652139 0.758072
vn -0.92262 0.348379 0.165545
vn -0.543229 0.690677 -0.477355
vn -0.906183 -0.013647 0.422665
vn 0.962285 -0.133907 -0.236803
vn 0.531317 -0.847165 0.00377714
vn -0.676835 0.735902 0.0185067
vn 0.169989 -0.978911 0.113301
vn 0.876833 -0.462907 -0.12993
vn 0.560017 0.773206 -0.297546
vn -0.859558 0.498914 0.110654
vn -0.709391 -0.643888 0.286658
vn -0.683864 -0.675087 0.276745
vn -0.479656 -0.823125 0.303966
vn 0.682655 -0.730387 0.022737
vn 0.976798 -0.00942533 -0.213957
vn -0.905522 -0.329623 0.267167
vn -0.868265 0.494722 0.0369698
vn 0.66834 -0.741079 0.0642141
vn 0.578432 0.745503 -0.331122
vn -0.554155 -0.765809 0.326265
vn 0.205414 0.920426 -0.332597
vn -0.774113 0.630213 -0.0598337
vn 0.018838 0.93763 -0.347125
vn -0.692088 -0.62535 0.360489
vn -0.841917 0.527718 -0.112648
vn 0.432775 0.441702 -0.785879
vn 0.537519 -0.690912 0.48344
vn -0.564636 0.67571 -0.473923
vn -0.000517142 0.675425 -0.737428
vn 0.950095 -0.172029 -0.260242
vn -0.531397 -0.470675 0.704331
vn -0.803193 -0.266858 0.532605
vn -0.962717 0.265375 0.052451
vn -0.638168 0.631352 -0.440609
vn -0.978628 0.11048 0.173439
vn 0.977034 -0.00865294 -0.212906
vn 0.62496 -0.765995 0.150588
vn 0.885473 0.349754 -0.305957
vn -0.626775 -0.688852 0.364192
vn 0.424298 -0.854582 0.299434
vn 0.919026 -0.393825 0.0171014
vn 0.974138 0.0832616 -0.210055
vn -0.761796 -0.531158 0.370862
vn 0.000424811 0.916486 -0.400067
vn 0.86595 -0.491873 0.0905103
vn 0.960361 -0.278017 -0.020336
vn -0.810045 -0.460173 0.363413
vn -0.621606 0.731755 -0.279536
vn 0.355119 -0.847973 0.393486
vn 0.518546 0.722997 -0.456492
vn 0.931127 -0.364592 0.00868435
vn -0.795381 -0.487466 0.360202
vn -0.137086 0.867481 -0.478209
vn 0.519158 0.700643 -0.489463
vn -0.729207 -0.513486 0.452315
vn -0.780759 0.59236 -0.198809
vn 0.963279 -0.152728 -0.220832
vn -0.220833 0.698092 -0.681102
vn -0.821409 0.4966 -0.280492
vn 0.974039 -0.193591 -0.117349
vn 0.550634 -0.655734 0.516542
vn -0.90672 -0.112199 0.406534
vn -0.957519 0.287694 -0.0197338
vn 0.0351343 -0.672384 0.739368
vn 0.0368143 0.651585 -0.757682
vn -0.561454 -0.461589 0.686808
vn -0.844944 -0.159358 0.510563
vn -0.50595 0.632569 -0.586406
vn -0.602106 -0.623909 0.498202
vn 0.294153 -0.844247 0.448019
vn -0.572993 0.748287 -0.334283
vn 0.976282 -0.142693 -0.162827
vn -0.622238 -0.604924 0.496878
vn -0.890195 0.450467 -0.068064
vn -0.970007 0.0590682 0.23579
vn -0.542939 -0.646977 0.535386
vn -0.721774 0.652117 -0.231918
vn -0.922403 0.382644 0.0524995
vn 0.48318 0.493997 -0.722844
vn 0.953725 -0.0361641 -0.298497
vn -0.40602 -0.501597 0.763903
vn 0.172325 0.573783 -0.800673
vn 0.858593 -0.456881 0.232545
vn 0.753454 0.246549 -0.609525
vn 0.944985 -0.032856 -0.32546
vn -0.00866272 -0.605006 0.796174
vn 0.48858 -0.628093 0.605631
vn 0.574497 0.346907 -0.741356
vn 0.966024 -0.239562 -0.0969929
vn 0.890049 0.0432413 -0.453809
vn -0.95424 0.103726 0.280476
vn -0.829971 0.47498 -0.292475
vn -0.353868 0.614608 -0.705006
vn 0.112655 0.551391 -0.826606
vn -0.543002 -0.359811 0.758739
vn -0.126307 0.57916 -0.805369
vn -0.95902 0.264312 0.102079
vn 0.057475 0.802446 -0.59395
vn 0.957788 -0.253666 -0.135258
vn 0.250347 -0.833289 0.492906
vn 0.940685 -0.295882 -0.166028
vn -0.0174333 -0.802197 0.596805
vn -0.949253 0.0634343 0.308051
vn -0.716208 0.661568 -0.222204
vn 0.382455 0.423976 -0.820958
vn 0.77715 0.147932 -0.611681
vn 0.858522 -0.454238 0.237924
vn 0.954856 -0.151993 -0.255243
vn 0.241393 -0.597845 0.764402
vn -0.60723 0.572157 -0.551279
vn -0.83804 -0.0597213 0.54233
vn -0.402818 -0.3891 0.828456
vn -0.776005 -0.257276 0.575869
vn 0.146594 0.735296 -0.661702
vn 0.179458 -0.800068 0.572439
vn 0.745908 0.305305 -0.591955
vn -0.82437 -0.155829 0.54418
vn 0.00740516 -0.743732 0.668437
vn -0.815824 0.5708 -0.0928387
vn -0.0103376 0.537866 -0.842967
vn 0.942101 -0.140749 -0.30436
vn -0.430914 0.588447 -0.684137
vn -0.746543 -0.152351 0.64766
vn -0.863649 0.453391 -0.220331
vn 0.0331611 0.741948 -0.669637
vn 0.769779 0.212237 -0.601993
vn 0.271758 -0.785989 0.555309
vn 0.458144 -0.599898 0.655917
vn 0.187954 -0.587568 0.787043
vn -0.0016135 0.549334 -0.835602
vn -0.541016 0.599787 -0.58954
vn -0.95163 0.183648 0.246321
vn -0.847709 0.476214 -0.233687
vn -0.952821 0.137141 0.270784
vn -0.35374 0.765446 -0.53755
vn -0.817937 0.563902 -0.113988
vn 0.661715 0.250167 -0.706788
vn 0.0437676 -0.607044 0.793462
vn 0.78357 -0.529485 0.325059
vn -0.0494664 0.610651 -0.790353
vn -0.491412 -0.385695 0.780867
vn -0.539946 0.64338 -0.542698
vn 0.339651 0.533071 -0.774901
vn -0.474028 -0.488395 0.732644
vn -0.945134 0.326629 -0.00592498
vn -0.824362 -0.196324 0.530928
vn -0.969797 0.0474506 0.239255
vn -0.777834 0.552078 -0.300307
vn 0.919204 -0.241848 -0.310763
vn 0.0141521 -0.716869 0.697065
vn 0.51298 0.444665 -0.734251
vn -0.915063 0.0193432 0.402846
vn -0.847004 -0.105983 0.520915
vn 0.918215 -0.0118566 -0.395904
vn 0.50087 -0.676351 0.540073
vn 0.80475 0.236149 -0.544621
vn -0.580309 -0.504413 0.639382
vn 0.488154 -0.712284 0.504339
vn -0.157659 0.716184 -0.679871
vn 0.487902 0.540913 -0.685102
vn 0.756825 -0.582887 0.295735
vn 0.975375 -0.155156 -0.156747
vn -0.443725 -0.647395 0.619667
vn 0.167992 -0.793584 0.584811
vn -0.323465 0.753797 -0.57198
vn 0.308684 0.687154 -0.657673
vn -0.968995 0.246645 0.0146552
vn -0.875033 -0.259861 0.408398
vn -0.62327 0.674959 -0.394923
vn -0.00945368 0.791894 -0.610586
vn -0.500948 0.732263 -0.461348
vn -0.981695 0.185185 0.0445044
vn -0.79628 0.544345 -0.263869
vn 0.773898 0.199876 -0.600942
vn -0.539416 0.695505 -0.474661
vn 0.842778 -0.506727 0.181527
vn -0.90662 -0.0497086 0.419011
vn -0.959824 -0.153653 -0.234795
vn -0.662621 0.526501 -0.532663
vn -0.833869 -0.423466 -0.354033
vn -0.906266 0.38148 -0.182087
vn -0.313314 0.546422 -0.776696
vn -0.395667 -0.850117 -0.347489
vn 0.656962 0.234375 -0.716568
vn -0.33796 0.934934 0.108081
vn -0.561623 0.825179 -0.0604842
vn -0.207582 0.71562 -0.666932
vn 0.0740916 -0.705414 0.704912
vn -0.965804 0.0547394 0.253428
vn 0.841196 0.279563 -0.462853
vn 0.748904 0.43859 -0.496772
vn 0.985302 -0.126148 -0.115179
vn 0.850515 -0.485039 0.203373
vn 0.561893 -0.703377 0.435359
vn -0.339771 -0.708836 0.618148
vn 0.173004 -0.789571 0.588767
vn 0.0171811 0.774581 -0.632241
vn -0.878664 0.436939 -0.192442
vn -0.513563 0.71513 -0.474174
vn -0.862555 -0.301285 0.406481
vn -0.488491 -0.600919 0.632671
vn -0.0543161 -0.752877 0.655916
vn -0.981037 0.0256478 0.192114
vn -0.810242 -0.316082 0.493558
vn -0.445309 -0.570971 0.689704
vn -0.0682889 0.707199 -0.703708
vn -0.984318 0.152902 0.0879701
vn -0.65278 -0.403567 0.641103
vn -0.947308 -0.0378479 0.31808
vn -0.712344 0.0413776 -0.70061
vn -0.818878 0.57374 -0.0161582
vn -0.79343 -0.515826 -0.323099
vn 0.365195 -0.917196 -0.159326
vn 0.768449 0.175276 -0.615438
vn -0.395667 -0.850117 -0.347489
vn 0.160533 -0.946667 -0.279376
vn -0.0685748 0.89001 -0.450755
vn 0.614484 0.762427 0.202765
vn -0.0685748 0.89001 -0.450755
vn 0.843806 0.0933994 -0.528458
vn 0.673571 0.683217 0.281985
vn 0.577933 0.772288 0.263751
vn -0.890299 -0.400517 -0.216687
vn -0.77048 0.608647 -0.1895
vn -0.374984 0.926273 -0.0374816
vn -0.822503 -0.543943 -0.166179
vn -0.972811 -0.100035 -0.208884
vn -0.788985 -0.577376 -0.210093
vn 0.699607 0.674048 0.237086
vn -0.84104 0.53481 -0.0814287
vn 0.0911083 0.962797 0.254402
vn 0.329245 -0.939281 -0.0966927
vn 0.953536 -0.261199 0.150145
vn 0.571293 -0.820746 0.000485234
vn 0.747267 0.333996 -0.57449
vn -0.935388 -0.0933084 0.341091
vn 0.484004 -0.669335 0.563676
vn -0.0221552 0.718603 -0.695068
vn -0.430736 0.668577 -0.606194
vn -0.963593 0.26653 -0.0212324
vn -0.66735 0.57861 -0.468886
vn -0.399832 0.670362 -0.625099
vn -0.982425 0.184777 0.0264137
vn -0.878071 -0.21294 0.428542
vn -0.663812 -0.432106 0.610441
vn -0.982617 0.00605263 0.185544
vn 0.968283 -0.249722 0.00814403
vn 0.523058 0.606694 -0.598609
vn 0.925876 0.176372 -0.334134
vn 0.415193 -0.726234 0.547904
vn 0.796088 -0.528515 0.294816
vn 0.049166 -0.721443 0.690726
vn 0.644993 -0.608726 0.461992
vn 0.653194 0.44305 -0.61404
vn 0.977587 -0.210093 -0.0135791
vn -0.144698 -0.638253 0.756105
vn 0.34498 -0.668254 0.659109
vn -0.57807 0.583371 -0.570538
vn -0.675538 -0.337755 0.655416
vn -0.351962 -0.53657 0.766952
vn 0.134612 -0.633544 0.761906
vn 0.765275 -0.507698 0.395723
vn 0.192305 0.568416 -0.799951
vn 0.749427 0.273662 -0.602883
vn -0.281422 -0.526876 0.802
vn 0.400354 -0.610923 0.683001
vn -0.712344 0.0413776 -0.70061
vn -0.712344 0.0413776 -0.70061
vn 0.581471 0.0479652 -0.812152
vn 0.765843 0.624011 -0.155225
vn -0.81467 -0.573471 0.0862775
vn 0.468468 0.866676 -0.171494
vn 0.746265 -0.665378 0.0189641
vn -0.831227 0.555847 -0.00976315
vn -0.269593 0.95456 -0.127022
vn 0.625074 -0.779802 0.0344997
vn 0.881912 0.445456 -0.154272
vn 0.581906 0.795554 -0.168755
vn 0.290681 0.93403 -0.207588
vn -0.581646 -0.802347 0.133893
vn 0.263593 0.944973 -0.193763
vn 0.793406 -0.608639 0.00813535
vn 0.790475 -0.612378 0.0119344
vn -0.845878 -0.503958 0.174688
vn 0.787906 -0.615756 0.00696711
vn -0.170526 -0.944544 0.280638
vn -0.763446 0.644284 -0.045245
vn -0.755986 0.650125 -0.076305
vn -0.00759227 0.963494 -0.267622
vn -0.170526 -0.944544 0.280638
vn 0.432004 -0.883723 0.180017
vn -0.951417 -0.224612 0.210609
vn -0.164168 -0.93787 0.305693
vn -0.850453 0.525029 -0.0327807
vn 0.120307 0.927913 -0.352851
vn 0.322849 -0.919392 0.224693
vn -0.672291 -0.648095 0.357767
vn -0.851324 0.520458 -0.0661117
vn -0.798772 0.590803 -0.113645
vn -0.974447 -0.0113112 0.224331
vn -0.858635 0.387233 -0.335851
vn -0.970059 -0.230288 -0.0771522
vn -0.412567 0.788188 -0.456671
vn -0.826005 -0.552391 0.112159
vn -0.533524 -0.800983 0.27162
vn -0.155405 0.879061 -0.450667
vn -0.979058 0.0493565 -0.19751
vn -0.648478 0.63821 -0.414927
vn 0.255326 0.894466 -0.367069
vn -0.957504 -0.283169 -0.0547896
vn -0.808379 0.486642 -0.331215
vn -0.680981 -0.710852 0.175938
vn -0.199794 0.895767 -0.397095
vn -0.00566927 -0.921612 0.388072
vn 0.880829 -0.357267 0.310646
vn -0.549092 -0.825454 0.130857
vn -0.656148 0.689314 -0.307109
vn 0.501061 0.847887 -0.173281
vn 0.972749 0.212824 0.0920049
vn -0.373586 0.888665 -0.26591
vn -0.346721 -0.926524 0.146076
vn 0.411981 0.911177 0.00521107
vn 0.932227 -0.293651 0.211474
vn 0.883988 0.458327 0.0922068
vn 0.786724 -0.54326 0.293146
vn 0.358888 -0.933179 0.0194123
vn -0.113701 -0.990936 0.0715339
vn 0.764727 -0.629915 0.135643
vn 0.761781 0.623738 0.175044
vn 0.974256 -0.224349 -0.022186
vn 0.934703 0.103189 -0.34012
vn 0.81002 -0.484191 0.330797
vn 0.385834 0.581676 -0.71609
vn 0.955099 -0.280605 0.0951181
vn 0.893079 0.205035 -0.400463
vn -0.753616 -0.370005 0.543285
vn -0.553963 -0.52021 0.650005
vn -0.606186 -0.49255 0.624446
vn -0.504941 -0.582027 0.637399
vn -0.964174 -0.249943 0.0888673
vn -0.703038 -0.626006 0.337423
vn -0.936075 0.275186 -0.219173
vn -0.976681 -0.193642 0.0927189
vn -0.714308 -0.590138 0.376167
vn -0.950443 -0.240722 0.196754
vn -0.540222 -0.670593 0.508395
vn -0.710909 0.579509 -0.398469
vn -0.997765 0.0581177 -0.032966
vn -0.903517 -0.290714 0.314868
vn -0.994691 -0.0329268 0.0974947
vn -0.807079 0.50098 -0.312478
vn -0.983715 0.179733 0.000157856
vn 0.978985 -0.10497 -0.174842
vn 0.0328114 -0.597377 0.801289
vn 0.361685 -0.604362 0.709881
vn -0.133651 0.6129 -0.778775
vn -0.449193 -0.448557 0.772673
vn 0.322165 0.521123 -0.790342
vn -0.856856 -0.185091 0.481185
vn -0.369524 -0.530539 0.762877
vn -0.571788 0.595525 -0.564277
vn -0.130823 0.655945 -0.743385
vn -0.470476 -0.559225 0.682583
vn -0.895447 0.395714 -0.203923
vn -0.477576 0.669362 -0.569101
vn -0.975814 0.0545728 0.21168
vn -0.972405 0.233248 0.00478863
vn -0.739626 -0.438834 0.510273
vn 0.903183 -0.429246 -0.00291119
vn -0.258409 -0.883329 0.391094
vn 0.480576 -0.815937 0.321394
vn -0.687551 -0.543305 0.481761
vn 0.184063 0.820725 -0.540862
vn -0.919934 0.392071 -0.00114623
vn -0.746317 0.637831 -0.190216
vn 0.791616 -0.590648 0.156459
vn -0.977515 0.18666 0.0980987
vn -0.910191 0.41058 -0.0545574
vn 0.378844 -0.81874 0.431442
vn -0.011991 -0.830992 0.556155
vn -0.284561 0.837588 -0.466339
vn 0.724903 0.47825 -0.495775
vn 0.437869 0.689546 -0.576885
vn 0.954404 -0.289967 -0.0709431
vn -0.547837 0.747544 -0.37557
vn 0.677198 0.52633 -0.514179
vn -0.877525 0.462048 -0.128305
vn -0.622356 -0.782366 -0.0239997
vn 0.0936042 -0.981218 0.168668
vn -0.979532 0.0181815 -0.200464
vn -0.714238 0.668638 -0.20685
vn -0.835623 -0.548478 -0.0301118
vn -0.92651 0.268508 -0.263597
vn -0.538271 -0.827245 0.161027
vn -0.33111 -0.932004 0.147426
vn 0.302172 0.918154 -0.256291
vn 0.466087 -0.82892 0.309281
vn -0.227173 0.92675 -0.29921
vn 0.968361 0.223575 0.110868
vn 0.914494 -0.299007 0.272572
vn 0.912978 0.397066 0.0938593
vn -0.980133 -0.13419 -0.146055
vn -0.74384 -0.655224 0.131851
vn -0.217234 -0.916836 0.334993
vn -0.22897 0.897071 -0.377938
vn 0.0333204 -0.945312 0.32446
vn 0.756255 0.650461 -0.0705568
vn -0.226126 0.883144 -0.411003
vn 0.594208 0.778271 -0.203003
vn 0.855927 0.5167 -0.0202557
vn 0.930783 -0.236881 0.278444
vn 0.148728 0.903239 -0.40254
vn 0.539301 -0.730978 0.418121
vn 0.43471 0.843429 -0.31568
vn 0.517002 -0.645482 0.562194
vn 0.548684 0.540237 -0.638036
vn -0.0121907 0.705023 -0.70908
vn 0.756564 -0.534039 0.377376
vn -0.320268 -0.674332 0.665361
vn -0.986285 0.00129472 0.165045
vn -0.78489 0.506342 -0.357164
vn 0.134214 0.724079 -0.676532
vn -0.922186 -0.246392 0.298101
vn -0.235748 -0.734047 0.636866
vn -0.136061 -0.763489 0.631325
vn 0.391859 0.698464 -0.598827
vn 0.0344207 0.788282 -0.614351
vn -0.825651 -0.442417 0.350096
vn -0.920619 -0.348995 0.175108
vn 0.0611942 -0.837959 0.542291
vn -0.986366 0.096943 -0.132984
vn -0.306424 -0.821269 0.48127
vn 0.19554 -0.833206 0.517236
vn -0.830435 -0.504517 0.236306
vn -0.622232 0.644643 -0.444143
vn -0.674438 0.608872 -0.417622
vn 0.342931 0.813697 -0.469357
vn 0.979982 0.190262 -0.0586199
vn -0.592064 0.672238 -0.444474
vn 0.865463 -0.404826 0.295109
vn 0.617315 0.686785 -0.38373
vn 0.219054 -0.82895 0.514642
vn -0.144266 -0.828035 0.541798
vn 0.989509 -0.115735 0.0864697
vn 0.814512 0.490805 -0.309323
vn 0.201569 0.819215 -0.536896
vn 0.626066 -0.647938 0.43384
vn -0.139183 0.796162 -0.588859
vn 0.972107 -0.213537 0.0970017
vn 0.917384 0.302401 -0.258767
vn 0.0357989 -0.79371 0.607241
vn 0.547363 0.617659 -0.564704
vn 0.976215 0.0965658 -0.19411
vn -0.616924 -0.567425 0.545374
vn 0.880887 -0.416098 0.22561
vn -0.53163 0.680143 -0.504752
vn -0.101421 0.772004 -0.627474
vn 0.771073 0.376482 -0.513525
vn -0.896103 -0.240082 0.37331
vn -0.531605 -0.561699 0.633948
vn -0.0126614 -0.736123 0.676729
vn 0.575744 -0.665837 0.47453
vn 0.0610387 0.735504 -0.674765
vn -0.981268 0.105464 0.161215
vn -0.797268 -0.304118 0.521417
vn -0.786019 0.537351 -0.30566
vn -0.886869 -0.130698 0.44315
vn -0.41755 -0.567306 0.7098
vn -0.939224 0.342742 -0.0196533
vn 0.923418 0.0672762 -0.377852
vn 0.673583 0.354173 -0.648727
vn 0.61956 -0.593555 0.513651
vn 0.082453 -0.711457 0.697875
vn 0.981404 -0.182289 -0.0601376
vn 0.292176 0.583936 -0.757398
vn 0.0452713 0.701583 -0.711148
vn 0.520641 0.523901 -0.674136
vn 0.857296 0.225586 -0.462767
vn -0.187077 -0.701621 0.687553
vn 0.339312 -0.737858 0.583466
vn -0.676717 0.611311 -0.410309
vn -0.226364 0.755366 -0.614965
vn 0.271019 0.696335 -0.66458
vn 0.685854 0.465527 -0.559364
vn -0.428769 0.749052 -0.505053
vn -0.0489783 -0.783672 0.619241
vn 0.490046 -0.737621 0.464511
vn 0.884834 -0.43291 0.172217
vn 0.944923 0.132255 -0.299381
vn -0.708645 0.621275 -0.334424
vn 0.0211162 0.799184 -0.600716
vn 0.570621 0.609092 -0.550816
vn -0.981639 -0.0343831 0.187625
vn -0.807921 -0.423285 0.409993
vn -0.402466 -0.731832 0.549948
vn 0.166877 -0.835486 0.523561
vn -0.346416 0.812369 -0.469097
vn -0.849273 0.4979 -0.175587
vn -0.984723 0.171162 0.032007
vn -0.479874 -0.73414 0.480374
vn -0.994441 0.0743081 0.0745995
vn -0.903285 -0.335843 0.266995
vn -0.0743845 -0.820486 0.566807
vn -0.942639 0.33061 -0.046134
vn -0.558536 -0.630762 0.53868
vn 0.618681 -0.706203 0.344255
vn 0.898532 0.256646 -0.356051
vn 0.428452 0.708631 -0.560599
vn -0.548288 -0.657244 0.517117
vn -0.820071 0.529484 -0.217095
vn 0.988301 -0.039826 -0.147223
vn -0.863346 -0.352235 0.361336
vn -0.959238 0.279457 -0.0420272
vn 0.665029 0.599336 -0.44557
vn 0.691851 -0.658975 0.295116
vn 0.720332 0.554343 -0.416923
vn -0.685886 -0.602089 0.408716
vn -0.607041 0.718732 -0.339006
vn -0.652459 -0.64227 0.402228
vn -0.679928 -0.662934 0.313396
vn -0.217323 -0.906426 0.362165
vn 0.434959 0.796221 -0.420527
vn -0.880845 0.437 -0.182054
vn -0.109623 0.915407 -0.387315
vn -0.64411 0.720011 -0.258278
vn 0.430418 -0.863299 0.263543
vn 0.343268 0.886946 -0.309022
vn -0.961976 0.24386 -0.123018
vn -0.288287 -0.937081 0.1969
vn -0.93672 0.318734 -0.144787
vn 0.713109 -0.676119 0.185308
vn -0.50527 -0.862842 0.0143441
vn -0.244367 -0.966516 0.0783009
vn 0.888853 -0.421272 0.180196
vn -0.148969 -0.987836 0.0445915
vn 0.467059 -0.869149 0.162592
vn 0.492073 0.861835 -0.1229
vn -0.98023 0.112785 -0.162571
vn -0.523589 0.838557 -0.150587
vn 0.546722 0.837189 0.0145042
vn 0.953206 0.291611 0.0797611
vn 0.942347 0.299893 0.148481
vn 0.728465 -0.644611 0.23198
vn 0.980141 -0.0295134 0.196092
vn 0.726722 0.683763 0.0658967
vn 0.980388 0.031873 -0.194484
vn 0.792056 0.399682 -0.461413
vn 0.985519 -0.168347 0.020295
vn 0.959792 0.165852 -0.226478
vn 0.763091 -0.530088 0.369728
vn 0.735425 0.507802 -0.44865
vn 0.996643 -0.0810332 0.0116857
vn 0.455634 0.724454 -0.517266
vn 0.898215 0.35015 -0.265714
vn 0.262635 -0.786373 0.559142
vn 0.994739 -0.0787382 0.0655341
vn 0.650013 -0.62696 0.429423
vn 0.791351 0.532234 -0.300816
vn 0.99359 -0.0618196 0.0946448
vn 0.945111 -0.317303 0.0779926
vn 0.851757 -0.485536 0.196889
vn 0.580559 0.471433 -0.663854
vn 0.743451 0.319989 -0.587271
vn -0.96154 0.101958 0.255039
vn -0.559707 0.693078 -0.45428
vn -0.626668 -0.43314 0.647824
vn -0.902362 -0.0873072 0.422042
vn 0.755588 -0.599226 0.264605
vn 0.289826 0.804832 -0.517924
vn 0.844331 0.383926 -0.373772
vn 0.990452 -0.108414 -0.0851545
vn 0.710141 -0.659762 0.245792
vn 0.940782 -0.335076 0.0515151
vn 0.880071 0.371236 -0.296074
vn -0.406906 0.833374 -0.374052
vn -0.338926 -0.840249 0.423214
vn 0.283642 0.850711 -0.442535
vn -0.676969 -0.617252 0.40089
vn -0.119417 -0.859453 0.497072
vn -0.9777 0.192975 0.0828422
vn -0.704496 0.687219 -0.177242
vn -0.17148 0.921136 -0.349432
vn -0.268624 0.962296 -0.0427364
vn -0.903602 -0.0570301 0.42456
vn -0.764338 0.60566 0.221277
vn -0.34281 -0.763315 0.547568
vn -0.814033 0.103485 0.571526
vn -0.756644 0.00666834 0.653793
vn -0.131433 -0.48993 0.861797
vn -0.191363 0.83755 0.511751
vn 0.0810117 -0.0199648 0.996513
vn 0.0450626 0.427352 0.902962
vn 0.984288 -0.17523 0.021718
vn 0.630284 -0.719015 0.292848
vn 0.6812 -0.700114 0.214026
vn 0.616643 0.743874 -0.257685
vn 0.80558 -0.544535 0.233501
vn 0.197422 -0.731374 0.652777
vn 0.79289 0.24994 -0.555748
vn -0.89098 -0.166451 0.422432
vn -0.429304 -0.624466 0.652488
vn -0.944894 0.324095 0.0462293
vn 0.241545 -0.71392 0.657247
vn 0.510626 -0.764435 0.393574
vn 0.284363 0.884565 -0.369706
vn 0.180064 0.96959 -0.165748
vn 0.610341 0.702683 -0.365677
vn 0.569727 0.810831 -0.134033
vn 0.812351 0.554872 -0.179453
vn 0.990761 -0.132394 -0.0293874
vn 0.966786 0.22654 -0.118345
vn 0.284584 -0.346045 0.894016
vn 0.280366 0.714687 0.640795
vn 0.238365 0.938829 0.248561
vn 0.659553 -0.438162 0.610741
vn 0.472592 0.0254888 0.880913
vn 0.571945 0.425227 0.70147
vn 0.645391 0.71193 0.276814
vn 0.833793 -0.491352 0.25172
vn 0.807545 -0.0698377 0.585656
vn 0.875958 0.416128 0.243998
vn 0.974375 -0.0865138 0.207627
vn 0.493641 -0.744273 0.449863
vn 0.928899 -0.370306 -0.00441758
vn -0.0284819 0.799051 -0.600588
vn 0.865873 0.233847 -0.442245
vn 0.428958 -0.785695 0.445734
vn 0.794739 -0.577757 0.185974
vn -0.05927 -0.823139 0.564739
vn -0.661592 0.689136 -0.295613
vn -0.764464 -0.415497 0.492906
vn 0.608339 -0.738962 0.289582
vn -0.964663 0.219629 0.145562
vn -0.109346 0.863338 -0.492637
vn -0.684718 -0.541227 0.488094
vn -0.660649 0.720297 -0.211461
vn -0.929759 -0.12146 0.347556
vn -0.894113 0.444146 0.0574127
vn 0.895702 -0.444654 0.00102642
vn 0.536671 0.638966 -0.551096
vn 0.28512 -0.880954 0.37766
vn 0.760997 -0.643145 0.0851304
vn 0.112654 -0.923314 0.367151
vn -0.175122 0.9009 -0.39713
vn -0.59305 0.785782 -0.175606
vn 0.381435 0.771112 -0.509797
vn -0.947837 0.20217 0.246439
vn -0.910364 -0.111579 0.398482
vn -0.580818 -0.648038 0.492642
vn -0.814383 0.574842 0.0796071
vn -0.347642 0.906306 -0.240319
vn 0.127665 0.894466 -0.428524
vn 0.541794 -0.821865 0.176059
vn 0.86283 0.289348 -0.414491
vn 0.954526 -0.056729 -0.29268
vn 0.207245 -0.941462 0.265893
vn 0.680462 0.5332 -0.502663
vn 0.0436096 0.93854 -0.342405
vn -0.905642 0.295022 0.304589
vn -0.547243 0.836878 -0.0126944
vn -0.767681 -0.39949 0.501072
vn -0.173796 -0.923464 0.342067
vn -0.884356 -0.0303448 0.465826
vn 0.879595 -0.420303 -0.222842
vn 0.218886 -0.964598 0.147102
vn 0.877083 -0.223222 -0.425319
vn 0.489544 0.739032 -0.462793
vn -0.0421251 0.970861 -0.235914
vn -0.481541 0.873534 0.0711143
vn -0.437598 -0.803055 0.404488
vn -0.104893 0.985556 -0.132954
vn 0.254578 0.907576 -0.333909
vn -0.864082 0.115078 0.490019
vn -0.693962 0.649099 0.31159
vn -0.00397284 -0.982691 0.185211
vn 0.774959 -0.522742 -0.355218
vn 0.840538 0.116059 -0.529175
vn -0.786358 -0.291985 0.544414
vn -0.826869 0.2518 0.502876
vn -0.392384 0.912999 0.111658
vn 0.0534552 0.981579 -0.183427
vn 0.766973 0.329065 -0.55088
vn 0.787366 -0.406433 -0.463538
vn -0.625832 -0.563238 0.539535
vn -0.752878 -0.292528 0.589578
vn -0.629012 -0.240922 0.739121
vn -0.272669 -0.848345 0.453831
vn -0.387686 -0.546279 0.742481
vn -0.808839 0.0349712 0.586989
vn -0.715197 0.537124 0.447203
vn -0.622 0.172757 0.763722
vn -0.48017 0.547176 0.685591
vn -0.528418 0.766373 0.365303
vn -0.174155 -0.0935219 0.980267
vn -0.220897 0.298946 0.928351
vn -0.220981 0.907662 0.356814
vn -0.230124 0.749085 0.621221
vn -0.198781 0.973287 0.114888
vn 0.0529966 -0.588077 0.807067
vn -0.135693 -0.955318 0.262592
vn 0.295137 -0.880971 0.369844
vn 0.60965 -0.780245 -0.139798
vn 0.487353 -0.523423 0.698939
vn 0.827765 -0.409705 -0.383335
vn 0.744332 -0.599053 0.295136
vn 0.696047 -0.269542 0.665482
vn 0.936336 -0.351033 -0.00717983
vn 0.882236 -0.223863 0.414181
vn 0.00816686 0.60162 0.798741
vn 0.0350912 0.997808 -0.0560985
vn 0.198869 0.259709 0.944988
vn 0.182543 0.90082 0.393956
vn 0.392159 -0.111493 0.913116
vn 0.378041 0.594071 0.710046
vn 0.468467 0.80321 -0.367957
vn 0.42984 0.902474 0.0278999
vn 0.752617 0.0546113 0.65619
vn 0.586324 0.314154 0.74668
vn 0.635546 0.645606 0.423408
vn 0.836769 0.0171194 -0.547289
vn 0.931211 0.0363239 -0.362667
vn 0.974079 0.225715 -0.0149385
vn 0.939133 0.0324704 0.342015
vn 0.782571 0.46759 -0.411025
vn 0.851501 0.352351 0.388324
vn 0.778065 0.624082 -0.0716698
vn -0.942957 -0.224151 0.246149
vn -0.453573 0.403935 -0.794423
vn -0.714894 0.636658 0.289125
vn -0.937927 -0.327988 0.112769
vn -0.0133562 -0.977206 0.211873
vn 0.101111 -0.867126 -0.487719
vn -0.13184 -0.937411 0.322302
vn -0.211224 -0.285827 0.934713
vn -0.714894 0.636658 0.289125
vn -0.171165 0.920234 0.351955
vn -0.0995181 0.792957 -0.601095
vn -0.714894 0.636658 0.289125
vn -0.142138 -0.224067 0.964153
vn -0.190681 0.893803 0.405903
vn -0.0754983 0.458184 0.885645
vn -0.142138 -0.224067 0.964153
vn 0.101111 -0.867126 -0.487719
vn -0.453573 0.403935 -0.794423
vn -0.0837553 0.728893 -0.679485
vn -0.0904495 0.415125 0.905257
vn 0.118235 -0.94639 0.300611
vn 0.108783 -0.553763 -0.825538
vn -0.0904495 0.415125 0.905257
vn 0.118095 -0.847194 0.517992
vn 0.0517155 -0.468533 0.881931
vn 0.0535571 -0.579109 0.813489
vn -0.147605 0.875515 0.460094
vn 0.0291313 -0.442629 0.896231
vn -0.0337435 0.144909 0.988869
vn 0.101293 -0.859941 0.500242
vn 0.10848 -0.665252 -0.738696
vn -0.101233 0.712988 -0.69383
vn -0.159765 0.985473 -0.0575993
vn -0.088418 0.173464 0.980863
vn -0.0952954 0.243893 0.965109
vn -0.0928972 0.657578 -0.747637
vn 0.147096 -0.914568 0.376733
vn -0.0540037 0.157496 0.986042
vn 0.075177 -0.593022 0.801669
vn 0 0.447132 -0.894468
vn -0.787176 0.61595 -0.0309761
vn 0 -0.755427 -0.655233
vn 0 -0.755427 -0.655233
vn 0.678515 -0.721142 -0.139897
vn 0.810874 -0.265655 -0.52145
vn -0.849862 0.421569 0.316249
vn -0.375694 -0.517869 0.768548
vn 0 -0.755427 -0.655233
vn -0.184577 -0.639459 0.74634
vn 0.678515 -0.721142 -0.139897
vn -0.662872 0.721474 -0.20019
vn -0.0587758 0.836112 -0.5454
vn -0.660383 0.714666 -0.230535
vn -0.0192517 0.797584 -0.602901
vn -0.177119 -0.663519 0.726891
vn 0.0767911 0.746246 -0.661226
vn 0.79164 -0.266229 -0.549935
vn -0.0079713 -0.753878 0.656966
vn 0.798013 -0.288014 -0.529361
vn 0.434437 -0.856219 0.279559
vn 0.0847503 -0.439499 -0.894236
vn -0.0613381 0.38021 -0.922864
vn 0.1863 -0.976509 0.108267
vn -0.125319 0.625051 0.770459
vn -0.0689443 0.358918 0.930819
vn -0.116729 0.469673 -0.875089
vn -0.315648 -0.602308 0.733206
vn -0.816718 0.217046 0.534661
vn 0.47219 -0.857563 0.204013
vn 0.538596 -0.832444 0.130194
vn -0.617745 0.786326 -0.00915306
vn 0.263535 0.664924 -0.698874
vn -0.838902 0.211264 0.501608
vn -0.836891 0.244573 0.489691
vn 0.123804 -0.593617 -0.795167
vn 0.110722 -0.48398 0.868046
vn 0.0118186 0.0485616 0.99875
vn -0.170376 0.747191 0.6424
vn 0.244935 -0.850723 0.465056
vn -0.212343 -0.756109 0.619039
vn 0.260909 0.716618 -0.646827
vn -0.159599 0.914293 -0.372285
vn 0.422907 -0.891419 0.162854
vn 0.892477 -0.291406 -0.344337
vn 0.70177 -0.705838 -0.096499
vn -0.885029 0.231886 0.403675
vn 0.150107 -0.938906 0.309715
vn -0.782242 -0.338328 0.523099
vn -0.283572 0.919075 -0.273658
vn -0.665152 0.741868 0.0848858
vn 0.215154 -0.969796 -0.114909
vn 0.254431 -0.905779 0.338864
vn 0.112587 -0.59058 -0.799086
vn -0.0262797 0.0159322 -0.999528
vn 0.102097 -0.494127 0.863374
vn 0.0287332 0.01234 0.999511
vn 0.892477 -0.291406 -0.344337
vn -0.284708 -0.882334 0.374737
vn -0.00670035 0.958318 -0.285625
vn -0.898316 -0.0958594 0.428765
vn -0.694726 0.714809 0.0800251
vn 0.725912 -0.675641 -0.12869
vn 0.372901 -0.922473 0.0999415
vn 0.779729 -0.608098 -0.149129
vn 0.833303 0.330927 -0.442825
vn -0.604376 -0.687577 0.402452
vn -0.925048 0.248222 0.287528
vn -0.170563 0.969331 -0.176937
vn -0.671355 0.735441 0.0916979
vn -0.267464 0.945515 -0.185644
vn -0.224654 0.819764 0.5268
vn -0.0253611 -0.0210686 -0.999456
vn -0.0551271 0.0592699 -0.996719
vn -0.176746 0.723367 0.667459
vn 0.286708 -0.953183 0.0961274
vn 0.209978 -0.96836 0.134861
vn 0.619833 0.677851 -0.39538
vn 0.766918 -0.628613 -0.129159
vn 0.838844 -0.517447 -0.169085
vn 0.920192 0.118545 -0.373087
vn -0.0465673 -0.965564 0.255964
vn -0.658133 0.748998 0.0765638
vn -0.831155 -0.408205 0.377559
vn -0.930297 0.156636 0.331681
vn -0.555937 0.829805 0.0485575
vn 0.432266 0.807397 -0.401566
vn 0.920504 -0.0766983 -0.383132
vn 0.833517 0.295758 -0.466666
vn -0.357905 -0.849766 0.387041
vn -0.605531 0.792988 0.0670919
vn -0.161489 0.547374 0.821159
vn -0.296756 0.833297 0.466425
vn 0.634665 -0.76795 -0.0863338
vn 0.795285 0.282156 -0.536573
vn -0.366225 0.924517 -0.10558
vn 0.757651 0.354748 -0.547831
vn -0.487888 0.872798 -0.0137347
vn 0.223369 -0.952929 0.20502
vn -0.360361 -0.779691 0.512077
vn -0.439187 -0.683459 0.583094
vn 0.793673 -0.52927 -0.299928
vn 0.745932 0.203905 -0.634041
vn 0.155749 0.793226 -0.588672
vn -0.00401021 -0.0911784 -0.995826
vn -0.161551 0.340811 -0.926147
vn 0.29027 -0.955107 0.0592731
vn 0.288968 -0.757463 0.585447
vn 0.0456019 -0.0239013 0.998674
vn -0.104939 0.390899 0.914432
vn -0.466784 -0.615963 0.634588
vn 0.667175 0.492222 -0.559102
vn 0.155749 0.793226 -0.588672
vn -0.506676 0.856223 -0.100806
vn -0.772179 0.50794 0.381754
vn -0.492873 -0.537249 0.684426
vn -0.302849 0.699095 0.647726
vn 0.347265 -0.874949 -0.337449
vn 0.155749 0.793226 -0.588672
vn -0.433916 0.879949 -0.193407
vn 0.248327 0.667987 -0.701518
vn -0.78574 0.574638 0.228917
vn -0.771908 0.599438 0.211736
vn 0.33293 0.531945 -0.778584
vn -0.133112 0.790627 -0.597653
vn 0.287237 -0.636047 0.716198
vn -0.256184 0.564853 0.784417
vn 0.171523 -0.39376 0.903069
vn 0.787425 -0.186764 -0.587436
vn 0.0372758 -0.191924 -0.980702
vn -0.45497 -0.427292 0.781297
vn -0.810372 0.524121 0.261904
vn -0.161551 0.340811 -0.926147
vn -0.722485 -0.678533 0.132699
vn 0.313816 -0.864503 0.392624
vn -0.722485 -0.678533 0.132699
vn 0.421085 -0.860898 0.285555
vn -0.722485 -0.678533 0.132699
vn -0.161551 0.340811 -0.926147
vn -0.479301 0.874172 -0.0780639
vn -0.199038 0.69022 -0.695687
vn -0.199038 0.69022 -0.695687
vn 0.0747205 0.184847 -0.979923
vn -0.498307 0.821278 0.277836
vn 0.276155 -0.603865 0.74772
vn 0.292803 -0.657564 0.694173
vn 0.194702 0.0663598 -0.978615
vn -0.0947017 -0.096761 0.990792
vn -0.538664 0.823219 -0.179306
vn 0.0780983 0.186165 -0.97941
vn -0.302558 0.685093 -0.662651
vn -0.591018 0.806177 -0.0278736
vn -0.225097 -0.0242599 0.974034
vn -0.309846 0.679527 -0.665011
vn -0.222972 0.627008 -0.746421
vn -0.501161 0.237672 0.832076
vn 0.655177 -0.574345 -0.490786
vn 0.601292 -0.281692 -0.747728
vn -0.0247177 0.496717 -0.867561
vn -0.447495 -0.0222942 0.894008
vn 0.107724 -0.623073 0.77471
vn 0.463807 -0.0201915 -0.885706
vn 0.668778 -0.667462 -0.327461
vn -0.295658 -0.247438 0.922692
vn -0.634391 -0.60983 -0.475031
vn -0.536772 -0.77725 0.328266
vn 0.70619 -0.686777 0.172142
vn 0.759712 0.542484 -0.358538
vn 0.758009 -0.633127 0.156759
vn -0.634391 -0.60983 -0.475031
vn -0.365034 0.853602 -0.371638
vn 0.711543 0.585156 -0.388972
vn -0.827488 -0.49786 0.259613
vn -0.656374 0.709184 -0.257355
vn -0.248256 0.890043 -0.382351
vn -0.351261 -0.859095 0.372252
vn 0.554983 0.761405 -0.335047
vn 0.72598 0.606194 -0.324779
vn 0.992928 0.0390182 -0.112122
vn -0.441344 -0.810788 0.384497
vn 0.33573 0.852078 -0.401558
vn -0.379042 0.883809 -0.274244
vn 0.992508 -0.0259509 -0.11939
vn -0.429398 0.848185 -0.310162
vn -0.48093 0.824348 -0.298591
vn -0.673407 -0.645318 0.360677
vn 0.523517 0.75425 -0.396278
vn 0.974987 0.0984961 -0.199244
vn 0.706463 -0.683227 0.184691
vn 0.245687 -0.879822 0.406879
vn 0.276097 -0.881498 0.383055
vn -0.505994 0.798801 -0.325404
vn 0.252902 0.867222 -0.428913
vn -0.894298 0.441201 -0.0746479
vn -0.178521 0.876365 -0.447342
vn 0.0409061 0.897405 -0.439308
vn -0.656982 0.462801 0.595139
vn 0.663907 0.602088 -0.443528
vn 0.945767 -0.32447 -0.0156373
vn 0.943335 0.170136 -0.284909
vn 0.205274 0.86046 -0.466338
vn 0.641427 0.589976 -0.490408
vn -0.629767 -0.630274 0.454036
vn 0.0370249 -0.843096 0.536486
vn 0.952563 0.100011 -0.287439
vn 0.159876 -0.838168 0.521453
vn -0.881624 0.465137 -0.079919
vn -0.949037 0.0321626 0.31352
vn -0.757102 0.617831 -0.212326
vn 0.548829 0.59168 -0.59051
vn 0.531261 -0.749849 0.394319
vn 0.971215 -0.142384 -0.190966
vn -0.943445 0.0294217 0.330221
vn -0.953974 0.10466 0.281034
vn 0.779901 0.258818 -0.569883
vn 0.138905 0.664365 -0.734387
vn 0.152792 -0.755055 0.63761
vn 0.708722 -0.647261 0.280655
vn 0.922227 -0.0160659 -0.386314
vn -0.947061 0.13975 0.289041
vn -0.726539 0.608709 -0.318771
vn 0.229689 -0.715802 0.659447
vn -0.932818 0.150114 0.327591
vn -0.299818 0.743622 -0.597609
vn 0.511798 -0.128985 -0.849368
vn 0.555527 -0.222841 -0.801082
vn -0.580181 0.224756 0.782863
vn -0.681295 -0.28326 0.674982
vn -0.804192 0.554788 -0.213271
vn -0.93589 0.262972 0.234426
vn 0.306898 -0.702907 0.641666
vn -0.282224 0.696313 -0.659923
vn -0.25177 0.193416 -0.948263
vn -0.195887 -0.645987 -0.737786
vn 0.0281061 0.242789 -0.969672
vn -0.217228 -0.663072 -0.716343
vn 0.594552 -0.303679 -0.744505
vn -0.238307 -0.679355 -0.694036
vn -0.478823 0.564686 -0.672204
vn -0.575081 -0.200082 -0.793252
vn 0.341261 0.574033 -0.74433
vn -0.295385 0.752338 -0.588843
vn -0.961968 0.196927 0.189305
vn -0.723913 0.64243 -0.251461
vn -0.0861427 0.777526 -0.622923
vn 0.113913 -0.759047 0.640992
vn -0.96427 0.13242 0.229454
vn -0.437723 -0.589555 0.67884
vn 0.877775 -0.472758 0.0775303
vn -0.724714 0.645347 -0.241488
vn 0.0798137 0.776242 -0.625362
vn -0.40606 -0.720578 0.562034
vn -0.763213 0.381562 -0.521456
vn -0.20469 -0.97854 0.0236971
vn 0.979418 0.025524 -0.200221
vn 0.667861 0.348035 -0.6579
vn 0.569445 0.333259 -0.751446
vn 0.9014 0.422538 0.094547
vn 0.74255 -0.207722 -0.636766
vn 0.979418 0.025524 -0.200221
vn 0.901052 0.422375 -0.0985097
vn 0.979418 0.025524 -0.200221
vn 0.766498 -0.329918 -0.551031
vn -0.735697 0.498101 0.458961
vn 0.170975 -0.828129 0.533826
vn 0.711378 -0.676076 0.191997
vn -0.974204 0.127357 0.186297
vn -0.810945 0.585076 -0.00733649
vn -0.160478 0.899176 -0.407099
vn -0.640917 -0.637403 0.427719
vn -0.816426 0.577396 -0.0079158
vn 0.165969 0.930146 -0.327541
vn -0.983124 -0.0141047 0.182395
vn -0.823938 0.566553 0.0119748
vn -0.468186 -0.874045 0.129794
vn -0.989633 0.0450064 0.136387
vn 0.877917 -0.473977 -0.0678769
vn 0.00588958 -0.996756 0.0802614
vn -0.727334 0.684821 0.0447805
vn 0.0351996 -0.998792 0.0342724
vn -0.971031 -0.229 0.0682408
vn -0.776234 -0.628936 0.0436005
vn -0.858608 0.502792 -0.0999585
vn -0.770262 -0.637137 -0.027429
vn -0.156215 0.981672 -0.109162
vn 0.28949 -0.953599 0.0827317
vn -0.937905 0.236109 -0.254139
vn -0.926566 -0.334998 -0.171033
vn -0.272714 0.934829 -0.227425
vn -0.643448 0.686975 -0.337698
vn -0.90138 -0.363217 -0.235773
vn -0.892832 0.225908 -0.389637
vn 0.715551 0.695067 0.0697758
vn 0.187389 -0.981389 0.0419697
vn 0.955289 -0.279623 0.0960912
vn 0.816952 0.5763 0.0216064
vn -0.760437 0.648578 0.0328808
vn -0.786787 0.249403 0.564592
vn -0.980201 -0.181691 0.0787052
vn -0.913391 0.406521 -0.0214098
vn -0.338983 0.940759 -0.00794572
vn 0.346271 0.69776 -0.627078
vn -0.463007 0.885917 0.0278559
vn -0.757885 -0.649623 -0.060006
vn -0.135715 -0.974691 -0.177649
vn -0.041381 -0.994126 -0.10001
vn -0.449267 -0.839635 0.305241
vn -0.432293 -0.874451 0.22013
vn -0.808115 -0.49418 0.320525
vn -0.0843341 -0.605681 -0.791226
vn 0.836253 -0.464928 -0.290729
vn 0.881036 -0.287541 -0.375627
vn 0.83316 0.411331 -0.369664
vn 0.346271 0.69776 -0.627078
vn 0.784026 0.530688 -0.321984
vn 0.346271 0.69776 -0.627078
vn -0.62731 0.773079 0.0939718
vn -0.774496 -0.575074 0.263524
vn -0.956921 0.11624 0.266064
vn -0.432293 -0.874451 0.22013
vn 0.768719 -0.623876 -0.14089
vn 0.892036 0.3039 -0.334539
vn -0.756837 0.645343 -0.103582
vn -0.434091 0.704649 -0.56128
vn -0.41154 -0.901621 0.133095
vn -0.673818 -0.694422 0.252482
vn -0.477202 0.8783 0.0294477
vn 0.681197 0.687473 -0.251695
vn 0.96074 0.0470322 -0.273436
vn 0.741373 0.618147 -0.261266
vn 0.969607 0.0361928 -0.241976
vn 0.965001 -0.027558 -0.260795
vn -0.958974 0.17531 0.22279
vn -0.833263 -0.464339 0.300104
vn 0.562858 -0.825245 -0.0464846
vn 0.965001 -0.027558 -0.260795
vn 0.728305 0.626433 -0.277767
vn 0.732242 -0.672237 -0.109175
vn 0.962472 0.0900097 -0.25602
vn -0.0475903 -0.992047 0.116526
vn -0.427844 -0.866301 0.257823
vn 0.714349 -0.692665 -0.0996042
vn -0.311333 -0.928094 0.204237
vn 0.605593 -0.793624 -0.0584726
vn -0.742832 -0.589555 0.317217
vn 0.968311 -0.0260928 -0.248381
vn -0.619029 -0.725588 0.300543
vn -0.60378 0.79245 0.0864458
vn -0.866693 -0.421767 0.266375
vn -0.670657 0.736876 0.0850472
vn 0.61496 0.747152 -0.252169
vn 0.961498 0.0674113 -0.266416
vn -0.457653 -0.864078 0.209578
vn -0.83989 0.530944 0.112618
vn -0.929775 0.319882 0.182191
vn -0.671226 0.739272 0.054156
vn -0.409535 0.912041 -0.0215207
vn 0.698405 -0.659776 0.277354
vn 0.894707 -0.224536 -0.386112
vn 0.561315 0.782122 -0.270574
vn 0.918388 0.322113 -0.229796
vn 0.927522 -0.332964 -0.169816
vn 0.176759 0.955353 -0.236764
vn 0.73527 -0.677723 -0.00835959
vn 0.866159 0.407698 -0.28905
vn 0.976559 -0.0101977 -0.215007
vn -0.828609 -0.492594 0.266003
vn 0.0230882 -0.987089 0.158501
vn 0.010971 -0.989447 0.144478
vn 0.526353 -0.844974 0.0947166
vn 0.976798 -0.00942533 -0.213957
vn 0.771393 0.551134 -0.318125
vn -0.489541 -0.817387 0.303692
vn -0.937468 0.341805 0.0657551
vn 0.238154 0.924979 -0.296136
vn -0.360708 0.925603 -0.114669
vn -0.380123 -0.881989 0.278572
vn 0.708699 -0.703299 0.0558258
vn 0.099572 -0.946496 0.306972
vn -0.439014 0.884217 -0.15946
vn -0.806516 0.586967 -0.070728
vn -0.593359 0.778764 -0.2036
vn -0.948692 0.313799 0.0389091
vn 0.904594 -0.118625 -0.409436
vn -0.923265 0.384164 -0.000685523
vn 0.768108 -0.576289 0.279108
vn -0.327636 -0.565984 0.756516
vn 0.258063 -0.713377 0.651534
vn 0.974821 -0.169232 -0.145205
vn 0.114442 0.929751 -0.349952
vn 0.503037 0.775606 -0.381298
vn 0.172626 -0.926841 0.333415
vn 0.513244 0.748274 -0.420317
vn 0.165054 -0.905713 0.390438
vn -0.50779 0.809568 -0.294533
vn 0.456043 0.782919 -0.423158
vn 0.31499 -0.871676 0.37545
vn 0.57111 0.686385 -0.450232
vn 0.952756 0.193653 -0.233997
vn -0.924523 0.377829 -0.0500318
vn -0.794229 -0.480541 0.371862
vn -0.363327 -0.775625 0.516139
vn -0.225058 0.874786 -0.429067
vn 0.519345 -0.783262 0.341734
vn 0.87008 0.336377 -0.360294
vn 0.956703 -0.291066 7.16205e-06
vn -0.580913 -0.642941 0.499166
vn -0.988222 0.038752 0.148038
vn -0.732535 0.637506 -0.238703
vn 0.445391 0.731677 -0.516019
vn -0.977566 0.194433 0.0809914
vn 0.631147 0.40058 -0.664221
vn 0.764831 -0.552207 0.331816
vn 0.135079 -0.849305 0.510328
vn 0.935618 -0.352647 -0.0160642
vn 0.265451 0.782953 -0.562602
vn -0.0731544 0.848092 -0.524775
vn 0.524957 0.653283 -0.545565
vn -0.971435 0.000765529 0.237304
vn -0.926001 -0.0996049 0.364144
vn -0.0519357 -0.815191 0.576859
vn 0.014695 0.805499 -0.592414
vn 0.441102 0.674191 -0.592364
vn 0.940299 -0.00813524 -0.340251
vn 0.715075 0.395523 -0.576393
vn 0.839887 -0.536511 0.0821278
vn -0.249256 -0.732233 0.633803
vn -0.761973 -0.271665 0.587873
vn -0.112086 0.795223 -0.595866
vn -0.12694 -0.747981 0.651468
vn 0.745908 0.305305 -0.591955
vn 0.945599 -0.189355 -0.26455
vn -0.917869 0.385719 0.0934684
vn -0.830948 -0.147074 0.536559
vn -0.330345 0.783308 -0.526593
vn 0.659326 0.225578 -0.717219
vn 0.93355 -0.220146 -0.282877
vn 0.439247 0.546796 -0.712795
vn 0.932076 -0.302373 -0.199512
vn 0.805146 -0.582637 0.11079
vn 0.869217 -0.450545 0.203644
vn -0.484493 -0.354141 0.799907
vn 0.403995 0.534049 -0.742684
vn -0.75581 0.622816 -0.202119
vn -0.856381 -0.0636666 0.512404
vn 0.622424 -0.601619 0.500642
vn 0.941356 -0.122748 -0.314297
vn -0.524173 -0.393305 0.75535
vn 0.382671 -0.691203 0.613026
vn -0.121538 -0.654661 0.746089
vn 0.637547 0.34573 -0.68848
vn 0.825776 -0.556894 0.089231
vn 0.793247 -0.587608 0.159613
vn -0.81782 0.544248 -0.186991
vn -0.111762 -0.678322 0.726215
vn 0.951182 -0.307266 -0.0290021
vn -0.14862 -0.70842 0.689966
vn 0.83507 -0.531259 0.142903
vn 0.165919 -0.717944 0.676038
vn -0.939022 0.342218 -0.0335253
vn -0.897674 0.364065 -0.248269
vn -0.580684 0.271139 -0.767652
vn -0.365418 0.925684 0.0978756
vn -0.0385531 0.722763 -0.69002
vn 0 0 -1
vn -0.579738 0.271735 -0.768157
vn 0 0 -1
vn -0.871195 -0.342575 -0.351655
vn 0 0 -1
vn -0.0685748 0.89001 -0.450755
vn -0.104437 0.725583 -0.680164
vn -0.778373 -0.287706 0.557997
vn -0.796432 0.517197 -0.313374
vn -0.808524 0.490161 -0.325624
vn -0.842816 0.537547 -0.026543
vn -0.81467 -0.573471 0.0862775
vn -0.239118 0.964699 -0.110354
vn -0.395667 -0.850117 -0.347489
vn 0.136686 -0.962881 -0.232761
vn 0.910811 -0.404258 0.0836579
vn 0 0 -1
vn 0.11592 -0.951085 -0.286356
vn 0.786845 -0.114319 -0.60647
vn 0.790384 -0.612477 -0.0128277
vn 0.704054 0.0625061 -0.70739
vn 0.910335 -0.0565775 -0.409987
vn 0.264527 0.925537 0.270936
vn 0.914105 0.338894 -0.222627
vn 0.914105 0.338894 -0.222627
vn 0.46192 0.529967 -0.711171
vn -0.746413 0.659934 -0.0857576
vn -0.0706703 0.692763 -0.717694
vn 0.914105 0.338894 -0.222627
vn 0.896054 -0.425293 0.127331
vn 0.87075 -0.49104 0.0259652
vn 0.95246 0.174325 0.249862
vn 0.803634 0.2751 -0.527724
vn 0.95246 0.174325 0.249862
vn 0.629583 0.418487 -0.654594
vn -0.939161 -0.298828 -0.169349
vn -0.0925674 -0.995014 0.0371203
vn -0.027331 -0.972511 -0.231246
vn -0.0201724 0.996531 0.0807349
vn -0.529443 -0.841138 -0.11035
vn 0.95246 0.174325 0.249862
vn 0.657377 0.692207 0.297833
vn 0.955251 -0.232357 0.183045
vn -0.608027 0.615086 -0.501968
vn -0.882299 0.420028 -0.212428
vn -0.955424 0.279166 -0.0960772
vn -0.0251781 -0.682457 0.730492
vn -0.665744 -0.743213 0.0664834
vn 0.581471 0.0479652 -0.812152
vn 0.364823 -0.929098 0.0606785
vn -0.757307 0.650224 -0.0607842
vn 0.581471 0.0479652 -0.812152
vn 0.583594 0.783418 -0.213715
vn -0.208329 0.973575 -0.0935425
vn 0.634005 -0.772941 0.0245072
vn 0.835553 0.520426 -0.176093
vn 0.155523 -0.983904 0.0880142
vn -0.512444 -0.834189 0.20379
vn -0.239118 0.964699 -0.110354
vn 0.779759 0.61141 -0.134735
vn 0.947028 0.299418 -0.116128
vn -0.921736 -0.374263 0.101638
vn -0.672498 -0.721778 0.163653
vn 0.323273 0.929166 -0.179291
vn -0.70501 0.708088 -0.039643
vn -0.50704 -0.847093 0.159195
vn 0.24162 -0.962645 0.122209
vn 0.761532 0.62962 -0.153776
vn 0.143832 -0.976716 0.159181
vn 0.71259 0.672782 -0.198948
vn -0.644864 0.760166 -0.0793554
vn -0.0177279 0.977407 -0.210621
vn 0.222545 -0.952244 0.209057
vn 0.990888 0.0668295 -0.116943
vn 0.739531 0.647278 -0.184729
vn 0.966842 0.220964 -0.128032
vn 0.287663 -0.936568 0.200226
vn -0.176764 -0.950544 0.255382
vn 0.468018 -0.86883 0.161534
vn 0.900308 0.37322 -0.223946
vn 0.992441 -0.0479895 -0.112947
vn 0.466416 -0.874197 0.135041
vn -0.927319 -0.322042 0.190705
vn -0.045099 0.967081 -0.250442
vn 0.70207 0.662849 -0.260246
vn 0.900308 0.37322 -0.223946
vn -0.929185 -0.307097 0.205687
vn -0.671255 -0.645929 0.363582
vn 0.930504 -0.361962 -0.0560928
vn 0.967651 0.104046 -0.22984
vn -0.902822 0.429842 0.0121303
vn -0.671777 -0.647015 0.360677
vn -0.967798 -0.0848399 0.236999
vn 0.347605 -0.910273 0.224887
vn -0.671777 -0.647015 0.360677
vn -0.159396 -0.890162 0.426854
vn 0.00485345 0.946599 -0.322377
vn 0.800636 0.511739 -0.311617
vn 0.967651 0.104046 -0.22984
vn -0.209193 -0.887982 0.409544
vn 0.901255 -0.433276 -0.00336975
vn 0.354132 -0.875512 0.328739
vn -0.965845 -0.0925921 0.242012
vn -0.209193 -0.887982 0.409544
vn -0.695383 -0.575216 0.430777
vn -0.97179 -0.0483226 0.230844
vn 0.169846 0.874097 -0.45509
vn -0.69208 -0.557859 0.458061
vn 0.0597558 -0.901192 0.429281
vn 0.833289 0.545473 -0.0899368
vn -0.0846381 -0.929847 0.35808
vn 0.658143 -0.651915 0.376636
vn -0.960185 -0.261766 -0.0975927
vn -0.981122 -0.119047 -0.152405
vn -0.115662 -0.950564 0.288183
vn 0.534942 -0.791185 0.296418
vn 0.641083 -0.744316 0.187099
vn 0.96615 -0.172102 0.192186
vn 0.0730106 -0.700265 0.710139
vn -0.951188 -0.110438 0.288174
vn -0.961975 -0.108508 0.25066
vn -0.120822 0.827905 -0.5477
vn -0.771868 0.529259 -0.352286
vn -0.828805 0.478454 -0.290112
vn -0.191095 0.789345 -0.583453
vn 0.369016 -0.636717 0.677066
vn -0.747789 -0.369722 0.551468
vn 0.906677 0.252191 -0.338138
vn 0.415934 0.754842 -0.507161
vn 0.927168 0.177524 -0.329916
vn -0.656459 -0.601112 0.45577
vn 0.151477 -0.896008 0.417402
vn -0.00866454 -0.86282 0.505438
vn -0.166519 0.864377 -0.474471
vn -0.738498 -0.474851 0.478682
vn -0.437646 0.804108 -0.402338
vn -0.683787 -0.527854 0.503791
vn 0.427985 0.701892 -0.569365
vn 0.760254 -0.606203 0.23352
vn 0.942502 0.135034 -0.305704
vn 0.23813 0.780157 -0.578489
vn -0.979984 0.0315846 -0.196556
vn -0.297098 0.937126 -0.183108
vn 0.314511 0.948595 -0.0353595
vn -0.467457 0.813214 -0.346652
vn 0.61774 0.784202 -0.058515
vn 0.863454 0.502642 -0.0424071
vn 0.85538 0.5127 -0.0739227
vn -0.714911 0.548096 -0.434157
vn 0.388478 -0.695972 0.60391
vn -0.774146 0.508167 -0.377445
vn -0.220176 0.735997 -0.64018
vn -0.848515 0.461007 -0.259798
vn -0.874885 -0.334632 0.350141
vn 0.491143 -0.690208 0.531405
vn -0.936512 0.299286 -0.182685
vn -0.690233 0.590723 -0.417882
vn -0.129657 -0.804518 0.579603
vn -0.999571 -0.0141188 0.0256486
vn -0.372709 -0.787415 0.490984
vn 0.22341 0.82406 -0.520589
vn 0.135457 0.849245 -0.510327
vn 0.581898 0.645383 -0.494849
vn -0.854663 -0.385527 0.347736
vn -0.789655 0.582472 -0.192799
vn 0.608414 -0.71202 0.350514
vn -0.891197 -0.282099 0.355229
vn 0.249393 -0.830247 0.49849
vn -0.134347 0.83393 -0.535267
vn 0.836364 -0.518272 0.178577
vn -0.148587 0.851735 -0.502463
vn 0.982582 -0.185339 -0.0134893
vn 0.992278 -0.0480068 -0.114364
vn -0.965319 0.256105 -0.0506896
vn -0.978769 -0.137694 0.151828
vn 0.524811 -0.764773 0.373759
vn -0.156122 -0.874405 0.459392
vn -0.398602 -0.860593 0.317012
vn -0.977529 -0.194225 0.0819377
vn 0.560055 -0.776252 0.289432
vn -0.977529 -0.194225 0.0819377
vn -0.968389 -0.249186 0.0113852
vn -0.744791 -0.661072 0.0909378
vn 0.0501083 0.969203 -0.241113
vn -0.527705 0.835583 -0.152737
vn 0.0411256 -0.980821 0.190524
vn -0.85887 -0.497928 -0.12004
vn -0.988975 0.0181008 -0.14697
vn 0.602342 -0.780582 0.166961
vn -0.609244 0.777624 -0.155312
vn 0.185914 0.978189 -0.0926444
vn -0.381795 0.715999 -0.584446
vn 0.955562 -0.293478 -0.0277832
vn 0.0832517 -0.897124 0.433865
vn -0.816823 -0.176818 0.549123
vn -0.363908 -0.268456 0.89191
vn -0.321481 0.580484 0.748124
vn -0.229541 0.0360182 0.972632
vn 0.754581 0.585002 -0.297289
vn 0.987102 -0.153153 0.0466153
vn 0.996983 -0.0272346 0.0726918
vn 0.992742 0.116316 0.0305571
vn -0.201735 0.747076 -0.633388
vn 0.353973 0.672572 -0.649884
vn 0.879698 0.160276 -0.447708
vn 0.352467 0.693965 -0.627837
vn -0.0695577 -0.891428 0.447792
vn 0.896053 0.204838 -0.393865
vn -0.0949666 -0.91946 0.381542
vn 0.785551 -0.618741 0.00829084
vn -0.734969 0.635664 0.236119
vn 0.752293 -0.614677 -0.237125
vn 0.569229 -0.789328 -0.230084
vn 0.378464 -0.924084 -0.053239
g grp1
usemtl mtl1
f 8//8 2//2 1//1 
f 1158//1158 3//3 1155//1155 
f 3//3 5//5 1155//1155 
f 1172//1172 1156//1156 4//4 
f 1163//1163 1157//1157 1166//1166 
f 8//8 7//7 2//2 
f 6//6 1161//1161 1159//1159 
f 1170//1170 1167//1167 1162//1162 
f 1167//1167 1170//1170 11//11 
f 1164//1164 1168//1168 9//9 
f 1177//1177 1174//1174 1169//1169 
f 1160//1160 1171//1171 10//10 
f 1175//1175 6//6 1159//1159 
f 1176//1176 7//7 8//8 
f 6//6 1175//1175 1178//1178 
f 1178//1178 1175//1175 12//12 
f 13//13 1174//1174 1177//1177 
f 1164//1164 9//9 15//15 
f 1181//1181 15//15 9//9 
f 1186//1186 1173//1173 1165//1165 
f 1180//1180 16//16 1182//1182 
f 1179//1179 1180//1180 1182//1182 
f 12//12 1175//1175 14//14 
f 1184//1184 16//16 1180//1180 
f 1176//1176 8//8 19//19 
f 1185//1185 1176//1176 19//19 
f 16//16 1184//1184 18//18 
f 1181//1181 17//17 15//15 
f 1173//1173 1186//1186 1190//1190 
f 1188//1188 1189//1189 1183//1183 
f 21//21 1189//1189 1188//1188 
f 18//18 21//21 16//16 
f 1185//1185 19//19 20//20 
f 1191//1191 18//18 1184//1184 
f 17//17 23//23 15//15 
f 20//20 19//19 38//38 
f 1217//1217 24//24 1191//1191 
f 36//36 1190//1190 1186//1186 
f 37//37 36//36 1186//1186 
f 37//37 1187//1187 40//40 
f 15//15 23//23 1218//1218 
f 18//18 22//22 21//21 
f 1192//1192 1189//1189 21//21 
f 1192//1192 21//21 22//22 
f 18//18 1191//1191 22//22 
f 1191//1191 24//24 22//22 
f 25//25 1192//1192 22//22 
f 24//24 1193//1193 22//22 
f 24//24 41//41 1193//1193 
f 1219//1219 39//39 25//25 
f 39//39 1192//1192 25//25 
f 39//39 1218//1218 23//23 
f 26//26 30//30 28//28 
f 27//27 1194//1194 31//31 
f 1195//1195 1200//1200 29//29 
f 1205//1205 1195//1195 29//29 
f 1196//1196 1197//1197 1202//1202 
f 1200//1200 33//33 29//29 
f 1209//1209 1201//1201 1203//1203 
f 31//31 34//34 27//27 
f 29//29 33//33 32//32 
f 1205//1205 29//29 1207//1207 
f 1210//1210 1206//1206 1208//1208 
f 46//46 1210//1210 1208//1208 
f 32//32 33//33 43//43 
f 1225//1225 32//32 43//43 
f 35//35 1204//1204 1198//1198 
f 1209//1209 1203//1203 1212//1212 
f 1213//1213 1199//1199 1211//1211 
f 38//38 19//19 1215//1215 
f 52//52 37//37 40//40 
f 42//42 36//36 37//37 
f 42//42 37//37 52//52 
f 1219//1219 1218//1218 39//39 
f 51//51 1218//1218 1219//1219 
f 1232//1232 1218//1218 51//51 
f 50//50 1216//1216 1220//1220 
f 38//38 1215//1215 1229//1229 
f 1209//1209 1212//1212 44//44 
f 1221//1221 1209//1209 44//44 
f 1213//1213 1211//1211 45//45 
f 1223//1223 1214//1214 1224//1224 
f 47//47 45//45 1211//1211 
f 46//46 1226//1226 1210//1210 
f 1225//1225 43//43 49//49 
f 1221//1221 44//44 48//48 
f 1222//1222 1227//1227 1228//1228 
f 47//47 56//56 45//45 
f 1224//1224 54//54 1223//1223 
f 48//48 44//44 1234//1234 
f 60//60 50//50 1220//1220 
f 1217//1217 53//53 24//24 
f 1229//1229 59//59 38//38 
f 59//59 1229//1229 1247//1247 
f 1245//1245 53//53 1217//1217 
f 72//72 60//60 1220//1220 
f 1264//1264 42//42 52//52 
f 24//24 53//53 41//41 
f 41//41 53//53 1230//1230 
f 54//54 1224//1224 1237//1237 
f 56//56 47//47 55//55 
f 1235//1235 1226//1226 46//46 
f 57//57 48//48 1234//1234 
f 1228//1228 1227//1227 58//58 
f 1227//1227 1240//1240 58//58 
f 1225//1225 49//49 1243//1243 
f 54//54 1237//1237 1241//1241 
f 1236//1236 1225//1225 1243//1243 
f 58//58 1240//1240 66//66 
f 56//56 55//55 63//63 
f 1242//1242 64//64 1254//1254 
f 62//62 1236//1236 1243//1243 
f 1244//1244 1255//1255 65//65 
f 1246//1246 61//61 1233//1233 
f 1249//1249 1230//1230 53//53 
f 72//72 74//74 60//60 
f 1250//1250 75//75 1231//1231 
f 1268//1268 1232//1232 51//51 
f 1268//1268 1265//1265 1232//1232 
f 1237//1237 67//67 1241//1241 
f 1241//1241 67//67 1252//1252 
f 62//62 63//63 55//55 
f 62//62 1243//1243 1253//1253 
f 63//63 62//62 68//68 
f 62//62 1253//1253 68//68 
f 1238//1238 1251//1251 69//69 
f 1256//1256 1239//1239 1258//1258 
f 1259//1259 63//63 68//68 
f 64//64 70//70 1254//1254 
f 78//78 1260//1260 1252//1252 
f 1252//1252 67//67 78//78 
f 65//65 1255//1255 71//71 
f 1254//1254 70//70 1261//1261 
f 68//68 1253//1253 79//79 
f 1253//1253 1262//1262 79//79 
f 77//77 1256//1256 1258//1258 
f 1269//1269 1270//1270 1257//1257 
f 81//81 1259//1259 68//68 
f 1261//1261 70//70 83//83 
f 73//73 59//59 1247//1247 
f 1266//1266 1248//1248 1267//1267 
f 72//72 102//102 74//74 
f 59//59 73//73 103//103 
f 1300//1300 76//76 1246//1246 
f 1266//1266 1267//1267 1298//1298 
f 61//61 1246//1246 76//76 
f 76//76 104//104 61//61 
f 80//80 1270//1270 1269//1269 
f 77//77 1258//1258 1273//1273 
f 77//77 1273//1273 1272//1272 
f 1271//1271 81//81 68//68 
f 79//79 1262//1262 85//85 
f 1279//1279 1263//1263 1276//1276 
f 1272//1272 1273//1273 93//93 
f 86//86 1271//1271 1280//1280 
f 1271//1271 86//86 81//81 
f 1274//1274 1281//1281 93//93 
f 78//78 82//82 1260//1260 
f 1277//1277 1260//1260 82//82 
f 1275//1275 1270//1270 80//80 
f 80//80 91//91 1275//1275 
f 1287//1287 1272//1272 93//93 
f 82//82 84//84 1277//1277 
f 82//82 87//87 84//84 
f 91//91 1283//1283 1275//1275 
f 92//92 1283//1283 91//91 
f 84//84 88//88 1278//1278 
f 1276//1276 1284//1284 1279//1279 
f 87//87 88//88 84//84 
f 87//87 89//89 88//88 
f 92//92 89//89 1283//1283 
f 89//89 97//97 88//88 
f 1301//1301 104//104 76//76 
f 102//102 72//72 90//90 
f 1265//1265 1268//1268 1285//1285 
f 112//112 102//102 90//90 
f 75//75 1250//1250 1302//1302 
f 92//92 94//94 89//89 
f 89//89 94//94 97//97 
f 93//93 95//95 98//98 
f 93//93 98//98 1287//1287 
f 91//91 1292//1292 92//92 
f 95//95 93//93 1281//1281 
f 1279//1279 1284//1284 1291//1291 
f 86//86 1280//1280 96//96 
f 1289//1289 1279//1279 1291//1291 
f 1282//1282 1290//1290 1288//1288 
f 101//101 1288//1288 1290//1290 
f 1292//1292 99//99 92//92 
f 92//92 1293//1293 94//94 
f 94//94 100//100 97//97 
f 107//107 1289//1289 1291//1291 
f 1294//1294 94//94 1293//1293 
f 101//101 1290//1290 1305//1305 
f 106//106 98//98 95//95 
f 1292//1292 106//106 99//99 
f 95//95 1295//1295 106//106 
f 1295//1295 115//115 106//106 
f 106//106 105//105 99//99 
f 1293//1293 1304//1304 1294//1294 
f 1268//1268 1303//1303 1285//1285 
f 1298//1298 113//113 1266//1266 
f 121//121 1285//1285 1303//1303 
f 100//100 108//108 97//97 
f 108//108 1294//1294 1304//1304 
f 105//105 106//106 110//110 
f 108//108 109//109 97//97 
f 1291//1291 1307//1307 107//107 
f 109//109 108//108 117//117 
f 1296//1296 114//114 115//115 
f 1309//1309 108//108 1304//1304 
f 1312//1312 1297//1297 1306//1306 
f 108//108 1309//1309 111//111 
f 117//117 108//108 111//111 
f 115//115 116//116 106//106 
f 106//106 116//116 110//110 
f 116//116 111//111 110//110 
f 119//119 1313//1313 1307//1307 
f 1313//1313 107//107 1307//1307 
f 1311//1311 103//103 73//73 
f 1311//1311 120//120 103//103 
f 104//104 1301//1301 1319//1319 
f 1286//1286 1320//1320 1310//1310 
f 111//111 116//116 118//118 
f 1308//1308 1315//1315 1316//1316 
f 118//118 116//116 122//122 
f 117//117 111//111 118//118 
f 122//122 116//116 115//115 
f 1317//1317 123//123 1314//1314 
f 1322//1322 115//115 114//114 
f 118//118 126//126 117//117 
f 122//122 130//130 118//118 
f 118//118 130//130 1328//1328 
f 1319//1319 1321//1321 104//104 
f 127//127 120//120 1311//1311 
f 127//127 1311//1311 125//125 
f 1323//1323 113//113 1298//1298 
f 1320//1320 132//132 1310//1310 
f 122//122 115//115 124//124 
f 130//130 122//122 124//124 
f 1322//1322 124//124 115//115 
f 131//131 124//124 1322//1322 
f 130//130 124//124 131//131 
f 126//126 1324//1324 117//117 
f 1330//1330 130//130 1319//1319 
f 1320//1320 133//133 132//132 
f 1319//1319 130//130 1338//1338 
f 1316//1316 1315//1315 128//128 
f 1315//1315 1325//1325 128//128 
f 1326//1326 1299//1299 1332//1332 
f 1333//1333 102//102 112//112 
f 1327//1327 1329//1329 1331//1331 
f 1333//1333 112//112 1337//1337 
f 1328//1328 130//130 1330//1330 
f 1338//1338 1321//1321 1319//1319 
f 129//129 123//123 1317//1317 
f 131//131 123//123 129//129 
f 1334//1334 1335//1335 1318//1318 
f 130//130 131//131 134//134 
f 137//137 132//132 133//133 
f 130//130 139//139 1338//1338 
f 1341//1341 137//137 133//133 
f 1335//1335 1334//1334 140//140 
f 1333//1333 1337//1337 136//136 
f 137//137 136//136 1337//1337 
f 134//134 135//135 130//130 
f 130//130 1339//1339 139//139 
f 1342//1342 1333//1333 136//136 
f 134//134 147//147 135//135 
f 134//134 131//131 138//138 
f 138//138 131//131 129//129 
f 136//136 137//137 141//141 
f 147//147 148//148 135//135 
f 139//139 1339//1339 148//148 
f 148//148 142//142 139//139 
f 1346//1346 137//137 1341//1341 
f 1336//1336 1343//1343 1340//1340 
f 136//136 1345//1345 1342//1342 
f 1346//1346 141//141 137//137 
f 143//143 1342//1342 1345//1345 
f 138//138 147//147 134//134 
f 143//143 1345//1345 145//145 
f 1343//1343 144//144 1340//1340 
f 1346//1346 146//146 141//141 
f 1349//1349 141//141 146//146 
f 1349//1349 146//146 154//154 
f 144//144 150//150 1340//1340 
f 144//144 156//156 150//150 
f 142//142 148//148 149//149 
f 146//146 1346//1346 149//149 
f 1350//1350 147//147 138//138 
f 1348//1348 1344//1344 1347//1347 
f 149//149 148//148 151//151 
f 152//152 147//147 1350//1350 
f 152//152 148//148 147//147 
f 152//152 151//151 148//148 
f 154//154 146//146 153//153 
f 157//157 1348//1348 1347//1347 
f 143//143 145//145 155//155 
f 157//157 143//143 155//155 
f 155//155 145//145 154//154 
f 153//153 146//146 149//149 
f 152//152 1350//1350 162//162 
f 152//152 163//163 151//151 
f 152//152 162//162 163//163 
f 1350//1350 1351//1351 162//162 
f 157//157 1352//1352 1348//1348 
f 151//151 153//153 149//149 
f 154//154 153//153 158//158 
f 163//163 160//160 151//151 
f 151//151 160//160 153//153 
f 160//160 158//158 153//153 
f 155//155 154//154 161//161 
f 161//161 154//154 158//158 
f 157//157 155//155 159//159 
f 159//159 155//155 161//161 
f 158//158 164//164 161//161 
f 160//160 165//165 158//158 
f 1353//1353 158//158 165//165 
f 157//157 168//168 1352//1352 
f 157//157 159//159 166//166 
f 166//166 159//159 161//161 
f 167//167 162//162 1351//1351 
f 167//167 1351//1351 1355//1355 
f 168//168 157//157 166//166 
f 165//165 200//200 1353//1353 
f 164//164 1390//1390 171//171 
f 164//164 171//171 161//161 
f 160//160 163//163 1354//1354 
f 1354//1354 163//163 170//170 
f 161//161 171//171 166//166 
f 169//169 170//170 163//163 
f 200//200 165//165 1357//1357 
f 163//163 162//162 169//169 
f 1356//1356 162//162 167//167 
f 167//167 239//239 1356//1356 
f 234//234 168//168 166//166 
f 1418//1418 167//167 1355//1355 
f 174//174 173//173 172//172 
f 1363//1363 1358//1358 175//175 
f 1359//1359 179//179 1366//1366 
f 1364//1364 1367//1367 176//176 
f 1361//1361 1365//1365 177//177 
f 1364//1364 176//176 1368//1368 
f 181//181 1368//1368 176//176 
f 1360//1360 1362//1362 180//180 
f 180//180 1362//1362 182//182 
f 1371//1371 1361//1361 177//177 
f 177//177 1370//1370 1371//1371 
f 1366//1366 179//179 183//183 
f 178//178 1366//1366 183//183 
f 1369//1369 179//179 1359//1359 
f 1369//1369 1373//1373 179//179 
f 176//176 1367//1367 178//178 
f 176//176 178//178 181//181 
f 181//181 178//178 184//184 
f 185//185 1371//1371 1370//1370 
f 185//185 1370//1370 1374//1374 
f 186//186 180//180 182//182 
f 1376//1376 1372//1372 185//185 
f 1373//1373 1369//1369 193//193 
f 178//178 183//183 189//189 
f 1382//1382 180//180 186//186 
f 191//191 1382//1382 186//186 
f 1376//1376 185//185 1381//1381 
f 184//184 178//178 188//188 
f 185//185 1374//1374 187//187 
f 1377//1377 1375//1375 1378//1378 
f 178//178 189//189 188//188 
f 1373//1373 193//193 1379//1379 
f 190//190 1377//1377 1378//1378 
f 192//192 185//185 187//187 
f 1380//1380 192//192 187//187 
f 195//195 192//192 1380//1380 
f 185//185 192//192 1381//1381 
f 1381//1381 192//192 202//202 
f 195//195 1391//1391 192//192 
f 1379//1379 193//193 194//194 
f 194//194 197//197 1379//1379 
f 190//190 1378//1378 196//196 
f 196//196 188//188 189//189 
f 1385//1385 190//190 196//196 
f 191//191 201//201 1382//1382 
f 1383//1383 201//201 1384//1384 
f 201//201 205//205 1384//1384 
f 189//189 1387//1387 196//196 
f 1385//1385 196//196 199//199 
f 196//196 1387//1387 199//199 
f 198//198 199//199 1387//1387 
f 195//195 203//203 1391//1391 
f 1394//1394 1386//1386 1389//1389 
f 204//204 1394//1394 1389//1389 
f 1389//1389 1388//1388 204//204 
f 197//197 206//206 210//210 
f 1387//1387 1400//1400 198//198 
f 1357//1357 232//232 200//200 
f 1390//1390 241//241 171//171 
f 200//200 232//232 1420//1420 
f 191//191 1392//1392 201//201 
f 203//203 1395//1395 1391//1391 
f 194//194 1396//1396 197//197 
f 206//206 197//197 1396//1396 
f 201//201 209//209 205//205 
f 1397//1397 1399//1399 206//206 
f 208//208 209//209 201//201 
f 1391//1391 1395//1395 207//207 
f 1393//1393 1398//1398 208//208 
f 1392//1392 208//208 201//201 
f 206//206 214//214 210//210 
f 214//214 206//206 1399//1399 
f 211//211 204//204 1388//1388 
f 1402//1402 198//198 1400//1400 
f 216//216 1402//1402 1400//1400 
f 214//214 215//215 210//210 
f 1406//1406 1407//1407 1401//1401 
f 1402//1402 216//216 218//218 
f 1395//1395 213//213 207//207 
f 1398//1398 1405//1405 208//208 
f 208//208 212//212 209//209 
f 213//213 1395//1395 1403//1403 
f 1403//1403 1408//1408 213//213 
f 1405//1405 212//212 208//208 
f 1399//1399 1404//1404 214//214 
f 220//220 212//212 1405//1405 
f 219//219 215//215 214//214 
f 219//219 222//222 215//215 
f 1406//1406 1413//1413 1407//1407 
f 223//223 1407//1407 1413//1413 
f 241//241 231//231 171//171 
f 166//166 171//171 233//233 
f 233//233 171//171 231//231 
f 166//166 1417//1417 234//234 
f 167//167 1418//1418 1419//1419 
f 170//170 169//169 217//217 
f 232//232 1357//1357 217//217 
f 1404//1404 221//221 214//214 
f 1410//1410 214//214 221//221 
f 221//221 1404//1404 1411//1411 
f 1412//1412 213//213 1408//1408 
f 226//226 218//218 216//216 
f 226//226 216//216 1414//1414 
f 224//224 1409//1409 226//226 
f 227//227 1408//1408 224//224 
f 222//222 219//219 225//225 
f 228//228 221//221 1411//1411 
f 1412//1412 1408//1408 227//227 
f 1415//1415 1410//1410 221//221 
f 1412//1412 227//227 228//228 
f 1415//1415 221//221 235//235 
f 225//225 229//229 222//222 
f 1416//1416 223//223 1413//1413 
f 230//230 226//226 1414//1414 
f 239//239 240//240 1356//1356 
f 217//217 169//169 240//240 
f 231//231 241//241 255//255 
f 231//231 255//255 233//233 
f 252//252 1419//1419 1418//1418 
f 257//257 234//234 1417//1417 
f 228//228 235//235 221//221 
f 236//236 224//224 226//226 
f 236//236 226//226 230//230 
f 227//227 224//224 237//237 
f 236//236 237//237 224//224 
f 246//246 229//229 225//225 
f 235//235 1424//1424 1415//1415 
f 238//238 235//235 228//228 
f 228//228 227//227 238//238 
f 235//235 242//242 1424//1424 
f 242//242 235//235 238//238 
f 238//238 227//227 237//237 
f 1416//1416 243//243 223//223 
f 229//229 246//246 1421//1421 
f 236//236 244//244 237//237 
f 230//230 1414//1414 248//248 
f 236//236 230//230 1425//1425 
f 248//248 1414//1414 1422//1422 
f 232//232 217//217 250//250 
f 217//217 240//240 250//250 
f 1417//1417 255//255 257//257 
f 238//238 245//245 242//242 
f 238//238 237//237 245//245 
f 247//247 244//244 236//236 
f 236//236 1425//1425 247//247 
f 244//244 245//245 237//237 
f 1421//1421 246//246 267//267 
f 1424//1424 242//242 268//268 
f 1439//1439 1424//1424 268//268 
f 264//264 248//248 1422//1422 
f 247//247 1425//1425 263//263 
f 263//263 1425//1425 1435//1435 
f 250//250 240//240 278//278 
f 256//256 234//234 257//257 
f 1428//1428 234//234 256//256 
f 249//249 254//254 274//274 
f 295//295 255//255 241//241 
f 251//251 278//278 240//240 
f 251//251 240//240 239//239 
f 253//253 251//251 239//239 
f 278//278 251//251 253//253 
f 1430//1430 1419//1419 252//252 
f 250//250 293//293 232//232 
f 256//256 258//258 1428//1428 
f 249//249 1433//1433 254//254 
f 1428//1428 258//258 1426//1426 
f 1429//1429 1427//1427 277//277 
f 1429//1429 277//277 1431//1431 
f 253//253 1447//1447 278//278 
f 278//278 280//280 250//250 
f 1446//1446 1432//1432 282//282 
f 260//260 257//257 255//255 
f 295//295 260//260 255//255 
f 258//258 256//256 257//257 
f 257//257 260//260 259//259 
f 1420//1420 294//294 1457//1457 
f 1432//1432 258//258 259//259 
f 294//294 1420//1420 232//232 
f 259//259 258//258 257//257 
f 294//294 232//232 293//293 
f 282//282 1432//1432 259//259 
f 282//282 259//259 260//260 
f 242//242 245//245 262//262 
f 261//261 245//245 244//244 
f 247//247 261//261 244//244 
f 245//245 261//261 262//262 
f 262//262 1442//1442 242//242 
f 247//247 265//265 261//261 
f 247//247 1434//1434 265//265 
f 269//269 262//262 261//261 
f 261//261 265//265 269//269 
f 1442//1442 262//262 269//269 
f 1436//1436 1423//1423 1440//1440 
f 1440//1440 272//272 270//270 
f 1436//1436 1440//1440 270//270 
f 266//266 265//265 1434//1434 
f 1438//1438 263//263 1435//1435 
f 265//265 266//266 269//269 
f 1445//1445 1441//1441 298//298 
f 268//268 1458//1458 1439//1439 
f 269//269 297//297 1442//1442 
f 1442//1442 297//297 1459//1459 
f 1437//1437 1443//1443 271//271 
f 1438//1438 1435//1435 1444//1444 
f 1438//1438 1444//1444 296//296 
f 271//271 1443//1443 302//302 
f 329//329 275//275 1447//1447 
f 273//273 282//282 276//276 
f 275//275 329//329 333//333 
f 275//275 333//333 342//342 
f 336//336 273//273 337//337 
f 336//336 1446//1446 273//273 
f 337//337 273//273 276//276 
f 274//274 329//329 249//249 
f 329//329 1447//1447 249//249 
f 275//275 279//279 1447//1447 
f 281//281 279//279 342//342 
f 273//273 1446//1446 282//282 
f 279//279 275//275 342//342 
f 276//276 285//285 340//340 
f 279//279 278//278 1447//1447 
f 278//278 279//279 280//280 
f 280//280 279//279 281//281 
f 287//287 280//280 281//281 
f 288//288 281//281 286//286 
f 282//282 283//283 276//276 
f 282//282 284//284 283//283 
f 284//284 282//282 260//260 
f 285//285 276//276 283//283 
f 284//284 1450//1450 1449//1449 
f 260//260 344//344 284//284 
f 286//286 1451//1451 1454//1454 
f 1453//1453 1448//1448 1455//1455 
f 287//287 1456//1456 290//290 
f 289//289 1456//1456 1452//1452 
f 284//284 289//289 1450//1450 
f 1456//1456 289//289 290//290 
f 291//291 290//290 289//289 
f 291//291 287//287 290//290 
f 291//291 289//289 343//343 
f 343//343 289//289 284//284 
f 292//292 280//280 287//287 
f 292//292 345//345 280//280 
f 345//345 250//250 280//280 
f 295//295 344//344 260//260 
f 269//269 266//266 296//296 
f 296//296 1444//1444 303//303 
f 269//269 296//296 299//299 
f 269//269 299//299 297//297 
f 299//299 296//296 303//303 
f 1462//1462 271//271 302//302 
f 299//299 303//303 308//308 
f 299//299 308//308 297//297 
f 272//272 304//304 270//270 
f 1445//1445 298//298 300//300 
f 300//300 1463//1463 1445//1445 
f 301//301 1459//1459 297//297 
f 298//298 301//301 300//300 
f 306//306 301//301 297//297 
f 306//306 297//297 308//308 
f 1462//1462 302//302 305//305 
f 270//270 304//304 1460//1460 
f 300//300 310//310 1463//1463 
f 308//308 303//303 307//307 
f 1462//1462 305//305 1465//1465 
f 301//301 312//312 300//300 
f 301//301 306//306 314//314 
f 301//301 314//314 312//312 
f 310//310 309//309 1463//1463 
f 1460//1460 304//304 1466//1466 
f 1464//1464 1461//1461 1467//1467 
f 309//309 310//310 318//318 
f 1464//1464 1467//1467 311//311 
f 1467//1467 319//319 311//311 
f 300//300 312//312 310//310 
f 313//313 1465//1465 305//305 
f 311//311 313//313 305//305 
f 312//312 315//315 310//310 
f 312//312 314//314 315//315 
f 313//313 317//317 1465//1465 
f 315//315 314//314 316//316 
f 321//321 315//315 316//316 
f 306//306 316//316 314//314 
f 316//316 306//306 347//347 
f 1470//1470 316//316 347//347 
f 306//306 308//308 347//347 
f 308//308 307//307 317//317 
f 310//310 321//321 1468//1468 
f 309//309 318//318 1469//1469 
f 318//318 322//322 1469//1469 
f 315//315 321//321 310//310 
f 321//321 323//323 1468//1468 
f 317//317 313//313 320//320 
f 313//313 311//311 320//320 
f 320//320 311//311 324//324 
f 319//319 324//324 311//311 
f 317//317 320//320 349//349 
f 349//349 320//320 324//324 
f 347//347 348//348 1470//1470 
f 1471//1471 1487//1487 1473//1473 
f 317//317 349//349 347//347 
f 318//318 1474//1474 322//322 
f 319//319 1472//1472 324//324 
f 1474//1474 325//325 322//322 
f 1476//1476 324//324 1472//1472 
f 349//349 324//324 353//353 
f 327//327 1477//1477 1475//1475 
f 328//328 1477//1477 327//327 
f 330//330 328//328 327//327 
f 1480//1480 334//334 1476//1476 
f 326//326 1476//1476 334//334 
f 1476//1476 326//326 324//324 
f 324//324 1478//1478 353//353 
f 328//328 330//330 329//329 
f 335//335 1478//1478 1482//1482 
f 330//330 1479//1479 354//354 
f 332//332 354//354 355//355 
f 331//331 354//354 332//332 
f 333//333 329//329 330//330 
f 330//330 331//331 333//333 
f 354//354 331//331 330//330 
f 341//341 331//331 332//332 
f 332//332 338//338 341//341 
f 333//333 331//331 342//342 
f 1482//1482 337//337 335//335 
f 353//353 1478//1478 335//335 
f 353//353 335//335 339//339 
f 329//329 274//274 1484//1484 
f 1485//1485 334//334 1480//1480 
f 329//329 1484//1484 1481//1481 
f 1483//1483 336//336 337//337 
f 337//337 339//339 335//335 
f 340//340 338//338 1486//1486 
f 341//341 338//338 340//340 
f 341//341 342//342 331//331 
f 276//276 339//339 337//337 
f 340//340 1486//1486 276//276 
f 281//281 342//342 341//341 
f 341//341 340//340 286//286 
f 281//281 341//341 286//286 
f 286//286 340//340 1451//1451 
f 357//357 345//345 292//292 
f 287//287 346//346 292//292 
f 346//346 357//357 292//292 
f 291//291 359//359 346//346 
f 291//291 346//346 287//287 
f 291//291 343//343 359//359 
f 359//359 343//343 358//358 
f 358//358 343//343 284//284 
f 344//344 295//295 365//365 
f 363//363 250//250 345//345 
f 293//293 250//250 363//363 
f 363//363 361//361 293//293 
f 294//294 362//362 1457//1457 
f 358//358 284//284 360//360 
f 360//360 284//284 344//344 
f 294//294 293//293 361//361 
f 362//362 294//294 361//361 
f 347//347 308//308 317//317 
f 349//349 350//350 347//347 
f 1487//1487 1479//1479 1473//1473 
f 347//347 350//350 348//348 
f 351//351 1479//1479 1487//1487 
f 350//350 1489//1489 352//352 
f 1489//1489 350//350 349//349 
f 348//348 350//350 1488//1488 
f 350//350 352//352 1488//1488 
f 354//354 1479//1479 351//351 
f 1488//1488 355//355 354//354 
f 1488//1488 352//352 355//355 
f 356//356 352//352 1489//1489 
f 356//356 355//355 352//352 
f 355//355 356//356 338//338 
f 355//355 338//338 332//332 
f 1486//1486 356//356 1489//1489 
f 338//338 356//356 1486//1486 
f 384//384 359//359 358//358 
f 360//360 384//384 358//358 
f 344//344 365//365 360//360 
f 357//357 346//346 359//359 
f 357//357 364//364 345//345 
f 359//359 380//380 357//357 
f 380//380 364//364 357//357 
f 363//363 381//381 361//361 
f 362//362 1490//1490 1457//1457 
f 362//362 361//361 389//389 
f 364//364 363//363 345//345 
f 1490//1490 362//362 389//389 
f 361//361 381//381 366//366 
f 389//389 361//361 1491//1491 
f 1491//1491 390//390 389//389 
f 360//360 365//365 382//382 
f 1516//1516 1490//1490 389//389 
f 374//374 370//370 367//367 
f 1497//1497 371//371 1492//1492 
f 1492//1492 371//371 372//372 
f 368//368 374//374 367//367 
f 372//372 369//369 1492//1492 
f 1493//1493 1492//1492 369//369 
f 373//373 378//378 1499//1499 
f 370//370 374//374 1503//1503 
f 1499//1499 1498//1498 373//373 
f 1513//1513 1501//1501 1500//1500 
f 372//372 377//377 369//369 
f 1494//1494 1496//1496 375//375 
f 375//375 1496//1496 376//376 
f 376//376 1496//1496 1510//1510 
f 1504//1504 379//379 1514//1514 
f 1504//1504 1505//1505 379//379 
f 1508//1508 1515//1515 1506//1506 
f 1495//1495 1509//1509 1507//1507 
f 1515//1515 1508//1508 393//393 
f 375//375 376//376 395//395 
f 376//376 1510//1510 1520//1520 
f 398//398 1514//1514 379//379 
f 1515//1515 393//393 1522//1522 
f 393//393 1508//1508 1521//1521 
f 398//398 394//394 1514//1514 
f 1513//1513 1518//1518 1501//1501 
f 1511//1511 1502//1502 1519//1519 
f 1519//1519 401//401 400//400 
f 1519//1519 400//400 1511//1511 
f 1520//1520 1510//1510 396//396 
f 1512//1512 1526//1526 411//411 
f 396//396 1510//1510 1541//1541 
f 387//387 366//366 381//381 
f 384//384 383//383 359//359 
f 359//359 383//383 380//380 
f 363//363 386//386 381//381 
f 425//425 384//384 360//360 
f 386//386 363//363 364//364 
f 384//384 421//421 383//383 
f 421//421 384//384 425//425 
f 385//385 364//364 380//380 
f 385//385 380//380 383//383 
f 385//385 386//386 364//364 
f 426//426 386//386 385//385 
f 385//385 383//383 421//421 
f 1552//1552 385//385 421//421 
f 387//387 390//390 366//366 
f 381//381 388//388 387//387 
f 388//388 422//422 387//387 
f 422//422 390//390 387//387 
f 386//386 424//424 381//381 
f 381//381 424//424 388//388 
f 392//392 1516//1516 389//389 
f 425//425 360//360 382//382 
f 390//390 391//391 389//389 
f 389//389 391//391 392//392 
f 382//382 1517//1517 425//425 
f 390//390 422//422 391//391 
f 391//391 427//427 429//429 
f 391//391 429//429 392//392 
f 398//398 397//397 394//394 
f 397//397 1528//1528 394//394 
f 393//393 1521//1521 1523//1523 
f 1520//1520 396//396 413//413 
f 396//396 1541//1541 413//413 
f 397//397 402//402 1528//1528 
f 399//399 1521//1521 1544//1544 
f 402//402 397//397 398//398 
f 1521//1521 399//399 1523//1523 
f 1524//1524 1525//1525 1529//1529 
f 1529//1529 1525//1525 403//403 
f 1544//1544 1530//1530 399//399 
f 1526//1526 412//412 411//411 
f 1528//1528 402//402 1531//1531 
f 1527//1527 404//404 1542//1542 
f 400//400 401//401 1533//1533 
f 404//404 415//415 1542//1542 
f 401//401 405//405 1533//1533 
f 406//406 1533//1533 405//405 
f 1536//1536 1546//1546 1534//1534 
f 1535//1535 1528//1528 1531//1531 
f 1531//1531 408//408 1535//1535 
f 1537//1537 1535//1535 408//408 
f 407//407 1546//1546 1536//1536 
f 1536//1536 409//409 407//407 
f 410//410 407//407 409//409 
f 409//409 1537//1537 408//408 
f 1541//1541 1543//1543 413//413 
f 414//414 1530//1530 1544//1544 
f 415//415 416//416 1542//1542 
f 414//414 1544//1544 419//419 
f 413//413 1543//1543 1549//1549 
f 1539//1539 1532//1532 1545//1545 
f 1538//1538 416//416 415//415 
f 1538//1538 417//417 416//416 
f 1543//1543 1547//1547 1549//1549 
f 1547//1547 418//418 1549//1549 
f 1547//1547 1548//1548 418//418 
f 1540//1540 417//417 1538//1538 
f 1548//1548 438//438 418//418 
f 414//414 419//419 420//420 
f 1549//1549 418//418 1550//1550 
f 1550//1550 418//418 434//434 
f 418//418 438//438 434//434 
f 1540//1540 440//440 417//417 
f 1560//1560 417//417 440//440 
f 454//454 421//421 425//425 
f 386//386 426//426 1551//1551 
f 422//422 388//388 423//423 
f 427//427 391//391 422//422 
f 423//423 388//388 424//424 
f 1552//1552 421//421 1577//1577 
f 1552//1552 1577//1577 458//458 
f 422//422 423//423 427//427 
f 423//423 424//424 428//428 
f 423//423 428//428 427//427 
f 455//455 1551//1551 426//426 
f 428//428 424//424 455//455 
f 392//392 429//429 430//430 
f 425//425 1517//1517 430//430 
f 430//430 429//429 456//456 
f 431//431 1578//1578 429//429 
f 427//427 431//431 429//429 
f 431//431 427//427 459//459 
f 433//433 409//409 408//408 
f 410//410 409//409 433//433 
f 1539//1539 1545//1545 432//432 
f 1539//1539 432//432 1555//1555 
f 420//420 1553//1553 414//414 
f 433//433 435//435 410//410 
f 410//410 435//435 1561//1561 
f 1553//1553 420//420 437//437 
f 437//437 420//420 1556//1556 
f 434//434 438//438 445//445 
f 436//436 1557//1557 1555//1555 
f 1555//1555 432//432 436//436 
f 1554//1554 437//437 1558//1558 
f 1556//1556 1568//1568 437//437 
f 442//442 1557//1557 436//436 
f 1559//1559 443//443 1564//1564 
f 1558//1558 437//437 1565//1565 
f 439//439 1560//1560 440//440 
f 439//439 444//444 1560//1560 
f 441//441 439//439 440//440 
f 1562//1562 1561//1561 435//435 
f 1566//1566 439//439 441//441 
f 1567//1567 445//445 438//438 
f 1563//1563 1557//1557 442//442 
f 447//447 437//437 1568//1568 
f 447//447 1565//1565 437//437 
f 1564//1564 443//443 464//464 
f 447//447 1582//1582 1565//1565 
f 442//442 446//446 1563//1563 
f 1570//1570 1566//1566 441//441 
f 445//445 1567//1567 450//450 
f 442//442 1582//1582 446//446 
f 448//448 1566//1566 1570//1570 
f 447//447 1568//1568 449//449 
f 1569//1569 450//450 1573//1573 
f 1582//1582 447//447 466//466 
f 1583//1583 447//447 449//449 
f 448//448 452//452 1566//1566 
f 1567//1567 1576//1576 450//450 
f 1571//1571 446//446 1582//1582 
f 1583//1583 449//449 451//451 
f 1574//1574 1573//1573 450//450 
f 1574//1574 450//450 1576//1576 
f 452//452 448//448 467//467 
f 1585//1585 1572//1572 465//465 
f 452//452 467//467 471//471 
f 1585//1585 468//468 1587//1587 
f 1576//1576 453//453 1574//1574 
f 426//426 1579//1579 455//455 
f 457//457 425//425 430//430 
f 458//458 1577//1577 485//485 
f 454//454 425//425 457//457 
f 457//457 1605//1605 454//454 
f 460//460 431//431 459//459 
f 427//427 428//428 1580//1580 
f 428//428 455//455 1581//1581 
f 457//457 430//430 456//456 
f 431//431 461//461 1578//1578 
f 431//431 460//460 461//461 
f 1605//1605 457//457 507//507 
f 1581//1581 455//455 489//489 
f 1578//1578 461//461 462//462 
f 457//457 456//456 462//462 
f 461//461 460//460 463//463 
f 463//463 487//487 461//461 
f 462//462 461//461 487//487 
f 462//462 487//487 486//486 
f 457//457 462//462 486//486 
f 465//465 1571//1571 1582//1582 
f 1582//1582 469//469 465//465 
f 1582//1582 466//466 470//470 
f 469//469 1582//1582 470//470 
f 1585//1585 465//465 468//468 
f 465//465 469//469 468//468 
f 469//469 473//473 468//468 
f 468//468 1590//1590 1587//1587 
f 474//474 473//473 469//469 
f 469//469 470//470 474//474 
f 452//452 471//471 475//475 
f 1590//1590 477//477 1587//1587 
f 1583//1583 451//451 472//472 
f 1575//1575 453//453 1588//1588 
f 1586//1586 1584//1584 1589//1589 
f 1576//1576 1593//1593 453//453 
f 1594//1594 475//475 471//471 
f 1586//1586 1589//1589 478//478 
f 473//473 474//474 479//479 
f 1591//1591 1586//1586 478//478 
f 475//475 1594//1594 480//480 
f 1593//1593 476//476 453//453 
f 1588//1588 453//453 476//476 
f 1596//1596 1588//1588 476//476 
f 1597//1597 477//477 1590//1590 
f 1596//1596 476//476 481//481 
f 1602//1602 476//476 1593//1593 
f 482//482 1591//1591 478//478 
f 1603//1603 1596//1596 481//481 
f 1603//1603 1598//1598 1592//1592 
f 1600//1600 497//497 483//483 
f 1593//1593 1601//1601 1604//1604 
f 1595//1595 497//497 1600//1600 
f 1597//1597 498//498 477//477 
f 1604//1604 484//484 1593//1593 
f 1593//1593 484//484 1602//1602 
f 1602//1602 484//484 499//499 
f 1579//1579 489//489 455//455 
f 485//485 488//488 458//458 
f 488//488 485//485 508//508 
f 486//486 507//507 457//457 
f 489//489 1579//1579 1606//1606 
f 1605//1605 507//507 508//508 
f 1581//1581 489//489 492//492 
f 493//493 507//507 486//486 
f 490//490 463//463 460//460 
f 463//463 491//491 487//487 
f 496//496 486//486 487//487 
f 459//459 494//494 460//460 
f 460//460 494//494 490//490 
f 463//463 490//490 491//491 
f 459//459 492//492 494//494 
f 493//493 486//486 496//496 
f 491//491 496//496 487//487 
f 492//492 489//489 515//515 
f 492//492 509//509 494//494 
f 496//496 510//510 493//493 
f 490//490 495//495 491//491 
f 490//490 494//494 495//495 
f 496//496 491//491 520//520 
f 495//495 494//494 509//509 
f 1607//1607 477//477 498//498 
f 500//500 1608//1608 1599//1599 
f 1609//1609 1603//1603 481//481 
f 499//499 484//484 502//502 
f 502//502 484//484 1604//1604 
f 1598//1598 1603//1603 1611//1611 
f 1609//1609 1611//1611 1603//1603 
f 497//497 501//501 483//483 
f 1604//1604 1612//1612 502//502 
f 505//505 499//499 502//502 
f 502//502 1612//1612 503//503 
f 1607//1607 498//498 528//528 
f 526//526 1610//1610 1615//1615 
f 527//527 1619//1619 1608//1608 
f 500//500 527//527 1608//1608 
f 1611//1611 1609//1609 1616//1616 
f 497//497 504//504 501//501 
f 1612//1612 1613//1613 503//503 
f 528//528 1614//1614 1607//1607 
f 1613//1613 506//506 503//503 
f 503//503 506//506 502//502 
f 502//502 506//506 505//505 
f 500//500 1617//1617 527//527 
f 506//506 1613//1613 531//531 
f 489//489 1606//1606 511//511 
f 508//508 511//511 488//488 
f 511//511 508//508 517//517 
f 515//515 489//489 511//511 
f 510//510 507//507 493//493 
f 507//507 510//510 512//512 
f 507//507 512//512 508//508 
f 509//509 492//492 514//514 
f 492//492 515//515 514//514 
f 510//510 516//516 512//512 
f 508//508 513//513 517//517 
f 512//512 513//513 508//508 
f 518//518 513//513 512//512 
f 516//516 518//518 512//512 
f 509//509 514//514 523//523 
f 495//495 509//509 523//523 
f 514//514 515//515 537//537 
f 491//491 495//495 519//519 
f 519//519 520//520 491//491 
f 495//495 523//523 519//519 
f 523//523 514//514 537//537 
f 516//516 510//510 522//522 
f 496//496 521//521 510//510 
f 520//520 521//521 496//496 
f 521//521 522//522 510//510 
f 522//522 521//521 524//524 
f 538//538 521//521 520//520 
f 524//524 521//521 538//538 
f 523//523 539//539 519//519 
f 539//539 525//525 519//519 
f 519//519 525//525 520//520 
f 520//520 525//525 552//552 
f 539//539 560//560 525//525 
f 525//525 560//560 552//552 
f 529//529 1619//1619 527//527 
f 527//527 1617//1617 529//529 
f 530//530 1620//1620 1614//1614 
f 528//528 530//530 1614//1614 
f 526//526 1615//1615 542//542 
f 1618//1618 1624//1624 544//544 
f 1617//1617 1625//1625 529//529 
f 1621//1621 541//541 545//545 
f 1620//1620 530//530 1623//1623 
f 1626//1626 506//506 531//531 
f 530//530 528//528 543//543 
f 543//543 1623//1623 530//530 
f 505//505 506//506 532//532 
f 1622//1622 542//542 1615//1615 
f 555//555 543//543 528//528 
f 529//529 1632//1632 1619//1619 
f 513//513 518//518 517//517 
f 511//511 535//535 515//515 
f 535//535 537//537 515//515 
f 522//522 533//533 516//516 
f 533//533 522//522 524//524 
f 556//556 537//537 535//535 
f 511//511 517//517 535//535 
f 534//534 518//518 516//516 
f 518//518 534//534 536//536 
f 518//518 536//536 517//517 
f 535//535 517//517 536//536 
f 534//534 516//516 533//533 
f 535//535 536//536 549//549 
f 536//536 534//534 549//549 
f 520//520 552//552 538//538 
f 1634//1634 535//535 549//549 
f 539//539 551//551 560//560 
f 524//524 548//548 533//533 
f 540//540 539//539 523//523 
f 537//537 540//540 523//523 
f 537//537 556//556 557//557 
f 540//540 537//537 557//557 
f 552//552 550//550 538//538 
f 540//540 551//551 539//539 
f 524//524 538//538 550//550 
f 1625//1625 1632//1632 529//529 
f 1624//1624 554//554 544//544 
f 1623//1623 543//543 546//546 
f 541//541 1627//1627 545//545 
f 1627//1627 581//581 545//545 
f 532//532 506//506 547//547 
f 1625//1625 1630//1630 1632//1632 
f 553//553 542//542 1622//1622 
f 1622//1622 1628//1628 553//553 
f 553//553 1628//1628 563//563 
f 1626//1626 547//547 506//506 
f 1629//1629 534//534 533//533 
f 1629//1629 549//549 534//534 
f 551//551 540//540 1635//1635 
f 550//550 548//548 524//524 
f 548//548 550//550 558//558 
f 550//550 552//552 559//559 
f 550//550 559//559 558//558 
f 546//546 543//543 555//555 
f 542//542 553//553 1631//1631 
f 1631//1631 553//553 1636//1636 
f 555//555 578//578 546//546 
f 1632//1632 1630//1630 577//577 
f 547//547 1626//1626 564//564 
f 547//547 564//564 1637//1637 
f 545//545 581//581 1638//1638 
f 1631//1631 1636//1636 1644//1644 
f 556//556 566//566 557//557 
f 549//549 1629//1629 565//565 
f 552//552 561//561 559//559 
f 558//558 565//565 1629//1629 
f 551//551 1635//1635 569//569 
f 560//560 562//562 552//552 
f 562//562 551//551 1641//1641 
f 560//560 551//551 562//562 
f 1641//1641 557//557 566//566 
f 562//562 561//561 552//552 
f 558//558 559//559 568//568 
f 561//561 562//562 573//573 
f 578//578 1648//1648 546//546 
f 1646//1646 1633//1633 1645//1645 
f 1636//1636 579//579 1644//1644 
f 603//603 1637//1637 564//564 
f 565//565 558//558 568//568 
f 567//567 1634//1634 549//549 
f 1639//1639 1634//1634 567//567 
f 1640//1640 549//549 565//565 
f 571//571 565//565 568//568 
f 1641//1641 566//566 572//572 
f 571//571 582//582 565//565 
f 570//570 559//559 561//561 
f 570//570 568//568 559//559 
f 1640//1640 565//565 582//582 
f 1641//1641 574//574 562//562 
f 583//583 1642//1642 1639//1639 
f 570//570 561//561 573//573 
f 568//568 570//570 571//571 
f 562//562 574//574 573//573 
f 572//572 574//574 1641//1641 
f 574//574 572//572 585//585 
f 576//576 570//570 573//573 
f 587//587 570//570 576//576 
f 587//587 571//571 570//570 
f 574//574 575//575 573//573 
f 574//574 585//585 575//575 
f 573//573 575//575 576//576 
f 603//603 579//579 1636//1636 
f 1644//1644 579//579 602//602 
f 1638//1638 581//581 580//580 
f 603//603 564//564 1647//1647 
f 1648//1648 578//578 616//616 
f 603//603 1647//1647 607//607 
f 1640//1640 582//582 1649//1649 
f 567//567 583//583 1639//1639 
f 571//571 584//584 582//582 
f 1649//1649 582//582 590//590 
f 584//584 590//590 582//582 
f 1642//1642 583//583 586//586 
f 571//571 587//587 588//588 
f 584//584 571//571 588//588 
f 589//589 586//586 583//583 
f 588//588 618//618 584//584 
f 584//584 618//618 590//590 
f 585//585 1643//1643 1650//1650 
f 587//587 576//576 593//593 
f 594//594 588//588 587//587 
f 1650//1650 591//591 585//585 
f 589//589 592//592 586//586 
f 1649//1649 590//590 589//589 
f 592//592 591//591 1650//1650 
f 576//576 597//597 593//593 
f 593//593 594//594 587//587 
f 593//593 597//597 598//598 
f 594//594 593//593 598//598 
f 588//588 594//594 618//618 
f 575//575 595//595 576//576 
f 595//595 597//597 576//576 
f 585//585 596//596 575//575 
f 575//575 596//596 595//595 
f 585//585 591//591 596//596 
f 596//596 591//591 628//628 
f 599//599 598//598 597//597 
f 619//619 618//618 594//594 
f 619//619 594//594 598//598 
f 598//598 599//599 627//627 
f 596//596 628//628 595//595 
f 628//628 600//600 595//595 
f 597//597 595//595 601//601 
f 601//601 595//595 600//600 
f 601//601 599//599 597//597 
f 1645//1645 1651//1651 1646//1646 
f 604//604 1646//1646 1651//1651 
f 616//616 578//578 1652//1652 
f 579//579 642//642 602//602 
f 579//579 612//612 642//642 
f 579//579 610//610 612//612 
f 610//610 579//579 603//603 
f 602//602 642//642 648//648 
f 1651//1651 1687//1687 604//604 
f 1652//1652 665//665 616//616 
f 665//665 604//604 1687//1687 
f 580//580 605//605 1653//1653 
f 607//607 610//610 603//603 
f 581//581 605//605 580//580 
f 581//581 1665//1665 605//605 
f 1653//1653 605//605 617//617 
f 617//617 605//605 1665//1665 
f 640//640 608//608 606//606 
f 609//609 606//606 1654//1654 
f 659//659 1656//1656 613//613 
f 611//611 1671//1671 643//643 
f 1655//1655 610//610 607//607 
f 610//610 1655//1655 1659//1659 
f 1653//1653 609//609 1654//1654 
f 613//613 1656//1656 614//614 
f 1658//1658 1660//1660 1662//1662 
f 640//640 1661//1661 608//608 
f 1664//1664 1657//1657 615//615 
f 1674//1674 1662//1662 1660//1660 
f 645//645 1663//1663 647//647 
f 613//613 614//614 1684//1684 
f 1685//1685 1664//1664 615//615 
f 1653//1653 617//617 609//609 
f 664//664 617//617 1665//1665 
f 615//615 1657//1657 666//666 
f 589//589 590//590 620//620 
f 619//619 620//620 618//618 
f 618//618 620//620 590//590 
f 589//589 622//622 592//592 
f 620//620 621//621 589//589 
f 589//589 621//621 622//622 
f 675//675 621//621 620//620 
f 676//676 619//619 598//598 
f 627//627 599//599 601//601 
f 598//598 627//627 625//625 
f 676//676 598//598 625//625 
f 675//675 679//679 621//621 
f 679//679 622//622 621//621 
f 591//591 592//592 623//623 
f 600//600 626//626 601//601 
f 591//591 623//623 628//628 
f 623//623 592//592 624//624 
f 623//623 624//624 630//630 
f 630//630 629//629 623//623 
f 592//592 622//622 624//624 
f 622//622 678//678 624//624 
f 600//600 628//628 631//631 
f 631//631 626//626 600//600 
f 631//631 635//635 626//626 
f 601//601 626//626 627//627 
f 629//629 628//628 623//623 
f 627//627 634//634 625//625 
f 632//632 628//628 629//629 
f 631//631 628//628 632//632 
f 630//630 624//624 678//678 
f 630//630 678//678 680//680 
f 626//626 1666//1666 627//627 
f 625//625 682//682 676//676 
f 1666//1666 626//626 1667//1667 
f 625//625 634//634 682//682 
f 629//629 633//633 632//632 
f 680//680 629//629 630//630 
f 633//633 629//629 680//680 
f 631//631 637//637 635//635 
f 632//632 637//637 631//631 
f 632//632 636//636 637//637 
f 636//636 632//632 633//633 
f 636//636 687//687 637//637 
f 686//686 1666//1666 1667//1667 
f 637//637 792//792 635//635 
f 637//637 787//787 792//792 
f 695//695 638//638 696//696 
f 1668//1668 639//639 1708//1708 
f 1669//1669 1705//1705 699//699 
f 1668//1668 702//702 639//639 
f 1669//1669 699//699 1719//1719 
f 660//660 641//641 1672//1672 
f 641//641 660//660 662//662 
f 1675//1675 1672//1672 644//644 
f 613//613 1680//1680 659//659 
f 641//641 644//644 1672//1672 
f 1677//1677 1673//1673 1688//1688 
f 1688//1688 1673//1673 661//661 
f 1678//1678 642//642 612//612 
f 1676//1676 1678//1678 612//612 
f 642//642 1679//1679 648//648 
f 650//650 1680//1680 646//646 
f 1686//1686 1682//1682 1681//1681 
f 649//649 650//650 646//646 
f 649//649 659//659 650//650 
f 659//659 1680//1680 650//650 
f 1689//1689 1698//1698 1691//1691 
f 649//649 1699//1699 659//659 
f 1687//1687 758//758 665//665 
f 663//663 758//758 1690//1690 
f 748//748 745//745 652//652 
f 654//654 1697//1697 656//656 
f 656//656 651//651 654//654 
f 1694//1694 754//754 660//660 
f 651//651 1693//1693 654//654 
f 1694//1694 755//755 754//754 
f 640//640 606//606 656//656 
f 656//656 606//606 655//655 
f 606//606 658//658 655//655 
f 660//660 1672//1672 1695//1695 
f 656//656 655//655 651//651 
f 651//651 655//655 1693//1693 
f 655//655 658//658 652//652 
f 652//652 658//658 653//653 
f 658//658 659//659 653//653 
f 657//657 1699//1699 757//757 
f 659//659 1696//1696 653//653 
f 659//659 658//658 1656//1656 
f 754//754 662//662 660//660 
f 1699//1699 657//657 659//659 
f 609//609 658//658 606//606 
f 1673//1673 1700//1700 661//661 
f 1692//1692 1683//1683 663//663 
f 1692//1692 663//663 1690//1690 
f 1685//1685 615//615 667//667 
f 667//667 615//615 1701//1701 
f 617//617 668//668 609//609 
f 617//617 664//664 668//668 
f 664//664 671//671 668//668 
f 609//609 668//668 1702//1702 
f 667//667 1701//1701 670//670 
f 670//670 1685//1685 667//667 
f 1683//1683 761//761 663//663 
f 761//761 1683//1683 1685//1685 
f 758//758 760//760 665//665 
f 1685//1685 670//670 761//761 
f 668//668 671//671 1702//1702 
f 669//669 670//670 1701//1701 
f 1703//1703 1702//1702 671//671 
f 664//664 672//672 671//671 
f 664//664 1665//1665 672//672 
f 671//671 672//672 674//674 
f 671//671 674//674 1703//1703 
f 1665//1665 673//673 672//672 
f 1703//1703 674//674 848//848 
f 619//619 677//677 620//620 
f 620//620 677//677 675//675 
f 676//676 677//677 619//619 
f 676//676 682//682 677//677 
f 682//682 683//683 677//677 
f 677//677 683//683 675//675 
f 678//678 622//622 679//679 
f 675//675 683//683 679//679 
f 684//684 633//633 680//680 
f 684//684 680//680 685//685 
f 679//679 681//681 678//678 
f 678//678 681//681 680//680 
f 681//681 685//685 680//680 
f 679//679 683//683 681//681 
f 633//633 684//684 636//636 
f 636//636 688//688 687//687 
f 636//636 684//684 688//688 
f 684//684 685//685 689//689 
f 681//681 690//690 685//685 
f 683//683 690//690 681//681 
f 690//690 683//683 781//781 
f 687//687 787//787 637//637 
f 686//686 691//691 634//634 
f 689//689 688//688 684//684 
f 691//691 682//682 634//634 
f 683//683 682//682 781//781 
f 781//781 682//682 692//692 
f 689//689 693//693 688//688 
f 687//687 688//688 693//693 
f 685//685 690//690 689//689 
f 693//693 689//689 782//782 
f 694//694 689//689 690//690 
f 694//694 690//690 900//900 
f 691//691 692//692 682//682 
f 782//782 689//689 694//694 
f 693//693 782//782 785//785 
f 693//693 785//785 687//687 
f 787//787 687//687 785//785 
f 1667//1667 792//792 686//686 
f 686//686 792//792 789//789 
f 789//789 784//784 686//686 
f 1706//1706 1709//1709 697//697 
f 1712//1712 704//704 1707//1707 
f 698//698 1713//1713 1710//1710 
f 698//698 1710//1710 700//700 
f 1711//1711 1670//1670 1716//1716 
f 701//701 704//704 1712//1712 
f 1713//1713 698//698 1718//1718 
f 1718//1718 698//698 1717//1717 
f 1707//1707 704//704 1714//1714 
f 1720//1720 1715//1715 1723//1723 
f 1716//1716 1670//1670 703//703 
f 1717//1717 1721//1721 706//706 
f 639//639 702//702 1722//1722 
f 706//706 1721//1721 707//707 
f 707//707 1721//1721 709//709 
f 711//711 704//704 701//701 
f 1718//1718 1717//1717 705//705 
f 1718//1718 705//705 1731//1731 
f 705//705 1717//1717 706//706 
f 706//706 1725//1725 705//705 
f 705//705 1725//1725 1732//1732 
f 1727//1727 1732//1732 1725//1725 
f 1720//1720 1723//1723 708//708 
f 1722//1722 715//715 1728//1728 
f 710//710 704//704 711//711 
f 1726//1726 1724//1724 1730//1730 
f 713//713 710//710 711//711 
f 708//708 712//712 1720//1720 
f 1722//1722 702//702 715//715 
f 1720//1720 712//712 1740//1740 
f 1734//1734 1726//1726 1730//1730 
f 1734//1734 1730//1730 1736//1736 
f 1735//1735 714//714 718//718 
f 1736//1736 1739//1739 1734//1734 
f 716//716 1728//1728 715//715 
f 1741//1741 717//717 1729//1729 
f 1727//1727 1742//1742 1732//1732 
f 1733//1733 1743//1743 1737//1737 
f 712//712 1744//1744 1740//1740 
f 1744//1744 720//720 1740//1740 
f 715//715 722//722 716//716 
f 715//715 1748//1748 722//722 
f 717//717 1741//1741 1754//1754 
f 714//714 721//721 718//718 
f 719//719 1739//1739 1736//1736 
f 1751//1751 1739//1739 719//719 
f 723//723 717//717 1754//1754 
f 1743//1743 1755//1755 1737//1737 
f 1752//1752 1749//1749 1745//1745 
f 1752//1752 725//725 1749//1749 
f 1748//1748 726//726 722//722 
f 1760//1760 1763//1763 1750//1750 
f 722//722 726//726 727//727 
f 1751//1751 719//719 724//724 
f 1753//1753 1757//1757 1761//1761 
f 723//723 1754//1754 1764//1764 
f 797//797 1758//1758 1746//1746 
f 1738//1738 1756//1756 1747//1747 
f 1747//1747 1756//1756 1785//1785 
f 1761//1761 1757//1757 798//798 
f 1763//1763 1760//1760 728//728 
f 1762//1762 1788//1788 1765//1765 
f 727//727 726//726 802//802 
f 723//723 1764//1764 1786//1786 
f 1763//1763 728//728 802//802 
f 1788//1788 800//800 1765//1765 
f 831//831 730//730 830//830 
f 831//831 732//732 730//730 
f 831//831 733//733 732//732 
f 830//830 730//730 729//729 
f 729//729 735//735 736//736 
f 731//731 729//729 736//736 
f 732//732 735//735 730//730 
f 730//730 735//735 729//729 
f 732//732 738//738 735//735 
f 738//738 732//732 740//740 
f 732//732 733//733 740//740 
f 1768//1768 1766//1766 742//742 
f 731//731 736//736 734//734 
f 739//739 736//736 735//735 
f 738//738 739//739 735//735 
f 734//734 736//736 741//741 
f 737//737 734//734 741//741 
f 747//747 743//743 839//839 
f 1804//1804 1767//1767 747//747 
f 745//745 748//748 739//739 
f 740//740 744//744 738//738 
f 1771//1771 739//739 738//738 
f 1770//1770 1771//1771 738//738 
f 736//736 739//739 741//741 
f 744//744 749//749 1694//1694 
f 740//740 749//749 744//744 
f 742//742 1772//1772 1768//1768 
f 753//753 1773//1773 1769//1769 
f 1769//1769 743//743 753//753 
f 1770//1770 1693//1693 1771//1771 
f 1693//1693 1770//1770 654//654 
f 739//739 748//748 741//741 
f 746//746 741//741 748//748 
f 741//741 746//746 737//737 
f 747//747 1767//1767 746//746 
f 653//653 748//748 652//652 
f 749//749 755//755 1694//1694 
f 1774//1774 1773//1773 753//753 
f 753//753 751//751 1774//1774 
f 746//746 750//750 752//752 
f 748//748 750//750 746//746 
f 753//753 747//747 751//751 
f 747//747 752//752 751//751 
f 752//752 747//747 746//746 
f 743//743 747//747 753//753 
f 1774//1774 756//756 754//754 
f 751//751 756//756 1774//1774 
f 751//751 1775//1775 756//756 
f 750//750 748//748 653//653 
f 1696//1696 750//750 653//653 
f 751//751 752//752 1775//1775 
f 750//750 757//757 752//752 
f 662//662 754//754 756//756 
f 1775//1775 661//661 1700//1700 
f 757//757 750//750 657//657 
f 1700//1700 756//756 1775//1775 
f 759//759 758//758 663//663 
f 761//761 759//759 663//663 
f 758//758 759//759 762//762 
f 760//760 758//758 762//762 
f 616//616 665//665 1704//1704 
f 843//843 665//665 760//760 
f 762//762 843//843 760//760 
f 759//759 761//761 763//763 
f 759//759 763//763 762//762 
f 673//673 764//764 672//672 
f 672//672 764//764 674//674 
f 673//673 765//765 764//764 
f 1704//1704 665//665 1776//1776 
f 845//845 761//761 670//670 
f 844//844 761//761 845//845 
f 1776//1776 665//665 843//843 
f 765//765 766//766 764//764 
f 764//764 1777//1777 674//674 
f 669//669 1808//1808 1806//1806 
f 1806//1806 670//670 669//669 
f 674//674 1777//1777 848//848 
f 1808//1808 849//849 1806//1806 
f 765//765 767//767 766//766 
f 1777//1777 1778//1778 848//848 
f 847//847 767//767 765//765 
f 770//770 864//864 859//859 
f 862//862 768//768 859//859 
f 867//867 864//864 770//770 
f 859//859 768//768 770//770 
f 862//862 860//860 769//769 
f 862//862 769//769 768//768 
f 769//769 770//770 768//768 
f 867//867 770//770 775//775 
f 770//770 769//769 771//771 
f 769//769 772//772 771//771 
f 772//772 773//773 771//771 
f 770//770 771//771 776//776 
f 871//871 772//772 769//769 
f 771//771 773//773 776//776 
f 773//773 774//774 777//777 
f 773//773 772//772 774//774 
f 774//774 772//772 871//871 
f 879//879 774//774 871//871 
f 879//879 882//882 774//774 
f 775//775 770//770 1780//1780 
f 775//775 1780//1780 779//779 
f 773//773 778//778 776//776 
f 773//773 777//777 778//778 
f 882//882 777//777 774//774 
f 1780//1780 1781//1781 779//779 
f 777//777 780//780 778//778 
f 882//882 780//780 777//777 
f 779//779 1781//1781 780//780 
f 884//884 779//779 780//780 
f 780//780 887//887 892//892 
f 900//900 783//783 694//694 
f 783//783 782//782 694//694 
f 784//784 691//691 686//686 
f 786//786 691//691 784//784 
f 692//692 691//691 786//786 
f 786//786 899//899 692//692 
f 690//690 781//781 902//902 
f 781//781 692//692 898//898 
f 902//902 781//781 898//898 
f 692//692 899//899 898//898 
f 785//785 782//782 788//788 
f 785//785 788//788 787//787 
f 1783//1783 782//782 783//783 
f 784//784 789//789 790//790 
f 786//786 784//784 790//790 
f 903//903 786//786 790//790 
f 903//903 899//899 786//786 
f 792//792 787//787 795//795 
f 783//783 900//900 1783//1783 
f 787//787 794//794 795//795 
f 787//787 791//791 1784//1784 
f 787//787 788//788 791//791 
f 901//901 1783//1783 900//900 
f 791//791 788//788 901//901 
f 1784//1784 791//791 796//796 
f 790//790 789//789 793//793 
f 904//904 903//903 790//790 
f 904//904 790//790 793//793 
f 793//793 789//789 792//792 
f 791//791 907//907 796//796 
f 909//909 793//793 792//792 
f 795//795 909//909 792//792 
f 794//794 796//796 795//795 
f 909//909 795//795 918//918 
f 797//797 799//799 1758//1758 
f 1759//1759 799//799 1789//1789 
f 1789//1789 799//799 1790//1790 
f 801//801 1786//1786 1764//1764 
f 803//803 727//727 802//802 
f 801//801 1764//1764 1791//1791 
f 807//807 1790//1790 799//799 
f 804//804 799//799 797//797 
f 807//807 799//799 804//804 
f 809//809 801//801 1791//1791 
f 728//728 805//805 802//802 
f 803//803 802//802 806//806 
f 1786//1786 801//801 1795//1795 
f 809//809 1791//1791 1793//1793 
f 812//812 804//804 797//797 
f 807//807 804//804 1796//1796 
f 1786//1786 1795//1795 810//810 
f 1787//1787 810//810 1797//1797 
f 800//800 1792//1792 1765//1765 
f 806//806 802//802 805//805 
f 815//815 806//806 805//805 
f 808//808 1790//1790 807//807 
f 1794//1794 1792//1792 800//800 
f 809//809 1793//1793 813//813 
f 813//813 1793//1793 815//815 
f 1798//1798 811//811 1795//1795 
f 810//810 1795//1795 811//811 
f 810//810 811//811 814//814 
f 810//810 814//814 1797//1797 
f 933//933 1792//1792 1794//1794 
f 808//808 807//807 931//931 
f 808//808 931//931 933//933 
f 807//807 1796//1796 1823//1823 
f 814//814 811//811 1798//1798 
f 1798//1798 936//936 814//814 
f 805//805 932//932 815//815 
f 960//960 963//963 816//816 
f 818//818 1844//1844 816//816 
f 963//963 817//817 816//816 
f 816//816 817//817 823//823 
f 963//963 964//964 817//817 
f 817//817 964//964 971//971 
f 818//818 821//821 819//819 
f 1800//1800 1802//1802 826//826 
f 973//973 1801//1801 1803//1803 
f 820//820 831//831 830//830 
f 823//823 822//822 820//820 
f 831//831 820//820 822//822 
f 818//818 830//830 821//821 
f 818//818 820//820 830//830 
f 816//816 823//823 820//820 
f 818//818 816//816 820//820 
f 822//822 823//823 834//834 
f 822//822 834//834 832//832 
f 823//823 825//825 834//834 
f 1802//1802 833//833 826//826 
f 826//826 833//833 824//824 
f 824//824 835//835 1803//1803 
f 837//837 835//835 824//824 
f 825//825 823//823 817//817 
f 973//973 1803//1803 829//829 
f 835//835 829//829 1803//1803 
f 827//827 835//835 838//838 
f 825//825 817//817 971//971 
f 971//971 828//828 825//825 
f 828//828 829//829 827//827 
f 835//835 827//827 829//829 
f 830//830 729//729 821//821 
f 832//832 831//831 822//822 
f 733//733 831//831 832//832 
f 834//834 841//841 832//832 
f 1766//1766 832//832 841//841 
f 834//834 825//825 841//841 
f 825//825 828//828 841//841 
f 839//839 828//828 827//827 
f 839//839 841//841 828//828 
f 837//837 838//838 835//835 
f 827//827 838//838 1804//1804 
f 1802//1802 729//729 836//836 
f 836//836 729//729 731//731 
f 833//833 1802//1802 836//836 
f 833//833 836//836 824//824 
f 836//836 837//837 824//824 
f 1804//1804 838//838 837//837 
f 840//840 836//836 731//731 
f 731//731 734//734 840//840 
f 737//737 840//840 734//734 
f 837//837 836//836 840//840 
f 842//842 837//837 840//840 
f 1804//1804 1805//1805 1767//1767 
f 737//737 842//842 840//840 
f 1805//1805 1804//1804 837//837 
f 743//743 841//841 839//839 
f 841//841 742//742 1766//1766 
f 1769//1769 841//841 743//743 
f 762//762 763//763 974//974 
f 1776//1776 843//843 1807//1807 
f 762//762 846//846 843//843 
f 761//761 844//844 763//763 
f 974//974 846//846 762//762 
f 844//844 974//974 763//763 
f 850//850 844//844 845//845 
f 846//846 1807//1807 843//843 
f 852//852 767//767 847//847 
f 853//853 852//852 847//847 
f 846//846 1812//1812 1807//1807 
f 850//850 845//845 1809//1809 
f 1778//1778 851//851 848//848 
f 855//855 850//850 1809//1809 
f 854//854 850//850 855//855 
f 850//850 854//854 975//975 
f 1778//1778 1811//1811 851//851 
f 849//849 1808//1808 1810//1810 
f 849//849 1810//1810 1813//1813 
f 1811//1811 856//856 851//851 
f 853//853 1815//1815 852//852 
f 983//983 1815//1815 853//853 
f 1815//1815 983//983 858//858 
f 1810//1810 1816//1816 1813//1813 
f 1816//1816 859//859 1813//1813 
f 1816//1816 857//857 859//859 
f 858//858 1817//1817 1815//1815 
f 858//858 860//860 1817//1817 
f 983//983 985//985 858//858 
f 1814//1814 859//859 863//863 
f 857//857 862//862 859//859 
f 860//860 862//862 1817//1817 
f 860//860 858//858 861//861 
f 858//858 985//985 861//861 
f 864//864 863//863 859//859 
f 863//863 864//864 867//867 
f 869//869 986//986 865//865 
f 1818//1818 1819//1819 865//865 
f 866//866 868//868 987//987 
f 870//870 861//861 985//985 
f 987//987 868//868 985//985 
f 870//870 985//985 868//868 
f 861//861 870//870 860//860 
f 769//769 860//860 870//870 
f 869//869 865//865 1819//1819 
f 866//866 872//872 868//868 
f 866//866 869//869 873//873 
f 866//866 873//873 872//872 
f 870//870 871//871 769//769 
f 868//868 875//875 870//870 
f 868//868 872//872 875//875 
f 869//869 1819//1819 874//874 
f 874//874 1819//1819 1779//1779 
f 873//873 869//869 874//874 
f 1782//1782 874//874 1779//1779 
f 876//876 874//874 1782//1782 
f 873//873 874//874 1820//1820 
f 870//870 875//875 871//871 
f 879//879 871//871 875//875 
f 877//877 872//872 878//878 
f 872//872 877//877 875//875 
f 872//872 873//873 878//878 
f 878//878 873//873 1820//1820 
f 883//883 890//890 875//875 
f 875//875 877//877 883//883 
f 1820//1820 880//880 878//878 
f 883//883 877//877 881//881 
f 878//878 881//881 877//877 
f 881//881 878//878 880//880 
f 875//875 890//890 879//879 
f 876//876 1782//1782 885//885 
f 1820//1820 885//885 880//880 
f 885//885 891//891 880//880 
f 881//881 880//880 886//886 
f 988//988 890//890 883//883 
f 988//988 883//883 881//881 
f 881//881 886//886 988//988 
f 891//891 886//886 880//880 
f 885//885 1782//1782 884//884 
f 891//891 885//885 884//884 
f 882//882 887//887 780//780 
f 882//882 888//888 887//887 
f 887//887 893//893 892//892 
f 882//882 879//879 889//889 
f 888//888 882//882 889//889 
f 888//888 893//893 887//887 
f 879//879 890//890 889//889 
f 894//894 884//884 780//780 
f 990//990 886//886 891//891 
f 891//891 884//884 1849//1849 
f 990//990 991//991 886//886 
f 897//897 894//894 892//892 
f 895//895 892//892 893//893 
f 895//895 897//897 892//892 
f 893//893 896//896 895//895 
f 888//888 896//896 893//893 
f 889//889 890//890 1026//1026 
f 892//892 894//894 780//780 
f 1849//1849 884//884 894//894 
f 993//993 1849//1849 894//894 
f 896//896 888//888 889//889 
f 896//896 994//994 895//895 
f 1026//1026 896//896 889//889 
f 896//896 1026//1026 994//994 
f 993//993 894//894 897//897 
f 895//895 992//992 897//897 
f 895//895 994//994 995//995 
f 992//992 895//895 995//995 
f 993//993 897//897 1030//1030 
f 897//897 992//992 1030//1030 
f 900//900 690//690 902//902 
f 899//899 906//906 898//898 
f 906//906 902//902 898//898 
f 907//907 791//791 901//901 
f 903//903 905//905 899//899 
f 903//903 904//904 905//905 
f 906//906 899//899 905//905 
f 906//906 905//905 912//912 
f 901//901 900//900 908//908 
f 907//907 901//901 908//908 
f 900//900 916//916 908//908 
f 916//916 900//900 902//902 
f 912//912 917//917 906//906 
f 906//906 917//917 902//902 
f 902//902 917//917 916//916 
f 907//907 908//908 914//914 
f 914//914 796//796 907//907 
f 916//916 915//915 908//908 
f 793//793 909//909 910//910 
f 910//910 909//909 913//913 
f 904//904 793//793 910//910 
f 913//913 919//919 910//910 
f 911//911 905//905 904//904 
f 911//911 904//904 910//910 
f 919//919 911//911 910//910 
f 911//911 912//912 905//905 
f 917//917 912//912 920//920 
f 912//912 911//911 920//920 
f 914//914 908//908 915//915 
f 924//924 914//914 915//915 
f 917//917 920//920 998//998 
f 796//796 921//921 795//795 
f 923//923 796//796 914//914 
f 996//996 915//915 916//916 
f 915//915 996//996 924//924 
f 913//913 909//909 918//918 
f 795//795 926//926 918//918 
f 919//919 913//913 925//925 
f 913//913 918//918 925//925 
f 920//920 911//911 919//919 
f 919//919 997//997 920//920 
f 920//920 997//997 998//998 
f 795//795 921//921 926//926 
f 921//921 796//796 922//922 
f 796//796 923//923 922//922 
f 921//921 927//927 926//926 
f 922//922 923//923 928//928 
f 922//922 1821//1821 921//921 
f 922//922 928//928 1821//1821 
f 924//924 923//923 914//914 
f 996//996 1000//1000 924//924 
f 925//925 918//918 926//926 
f 1003//1003 925//925 926//926 
f 925//925 997//997 919//919 
f 997//997 925//925 1003//1003 
f 926//926 927//927 929//929 
f 928//928 930//930 1821//1821 
f 924//924 928//928 923//923 
f 1003//1003 926//926 1822//1822 
f 927//927 930//930 929//929 
f 1003//1003 1822//1822 1009//1009 
f 929//929 930//930 1008//1008 
f 1797//1797 814//814 935//935 
f 814//814 936//936 935//935 
f 938//938 813//813 815//815 
f 815//815 932//932 938//938 
f 933//933 1824//1824 1792//1792 
f 933//933 940//940 1824//1824 
f 941//941 938//938 932//932 
f 1824//1824 940//940 941//941 
f 933//933 931//931 937//937 
f 937//937 940//940 933//933 
f 935//935 939//939 1797//1797 
f 1827//1827 934//934 1796//1796 
f 934//934 1823//1823 1796//1796 
f 1825//1825 1823//1823 934//934 
f 936//936 1798//1798 1826//1826 
f 935//935 936//936 944//944 
f 939//939 935//935 1830//1830 
f 937//937 945//945 940//940 
f 945//945 937//937 947//947 
f 934//934 1833//1833 1825//1825 
f 1827//1827 943//943 934//934 
f 1833//1833 934//934 943//943 
f 942//942 944//944 936//936 
f 940//940 1831//1831 941//941 
f 938//938 941//941 946//946 
f 946//946 941//941 1831//1831 
f 936//936 1826//1826 1828//1828 
f 1828//1828 1826//1826 946//946 
f 946//946 950//950 1828//1828 
f 950//950 944//944 942//942 
f 939//939 1830//1830 1829//1829 
f 1829//1829 1830//1830 1021//1021 
f 950//950 1856//1856 944//944 
f 946//946 1831//1831 951//951 
f 947//947 948//948 945//945 
f 943//943 1022//1022 1833//1833 
f 1857//1857 1829//1829 1021//1021 
f 949//949 1835//1835 1834//1834 
f 949//949 957//957 1835//1835 
f 1837//1837 1833//1833 1022//1022 
f 954//954 1837//1837 1023//1023 
f 946//946 952//952 950//950 
f 1832//1832 1836//1836 1838//1838 
f 946//946 951//951 953//953 
f 951//951 956//956 953//953 
f 1838//1838 1836//1836 1839//1839 
f 954//954 957//957 1837//1837 
f 952//952 946//946 953//953 
f 952//952 953//953 955//955 
f 950//950 952//952 955//955 
f 1024//1024 1856//1856 955//955 
f 955//955 1856//1856 950//950 
f 956//956 966//966 958//958 
f 957//957 1840//1840 1835//1835 
f 956//956 958//958 953//953 
f 953//953 1841//1841 955//955 
f 955//955 1841//1841 965//965 
f 959//959 954//954 1023//1023 
f 1024//1024 955//955 965//965 
f 954//954 1843//1843 957//957 
f 1843//1843 961//961 957//957 
f 959//959 1023//1023 1846//1846 
f 1840//1840 957//957 960//960 
f 961//961 960//960 957//957 
f 966//966 956//956 1845//1845 
f 969//969 962//962 1858//1858 
f 962//962 1846//1846 1023//1023 
f 1845//1845 1799//1799 966//966 
f 960//960 961//961 963//963 
f 1846//1846 964//964 963//963 
f 964//964 1846//1846 962//962 
f 971//971 964//964 962//962 
f 972//972 971//971 962//962 
f 1842//1842 1847//1847 967//967 
f 1848//1848 965//965 1841//1841 
f 1848//1848 1801//1801 968//968 
f 1848//1848 968//968 965//965 
f 969//969 965//965 968//968 
f 819//819 967//967 1847//1847 
f 968//968 973//973 970//970 
f 973//973 968//968 1801//1801 
f 969//969 968//968 970//970 
f 969//969 970//970 962//962 
f 818//818 819//819 1847//1847 
f 962//962 970//970 972//972 
f 970//970 973//973 972//972 
f 971//971 972//972 828//828 
f 972//972 973//973 829//829 
f 972//972 829//829 828//828 
f 976//976 846//846 974//974 
f 850//850 975//975 844//844 
f 844//844 975//975 974//974 
f 974//974 975//975 976//976 
f 976//976 978//978 846//846 
f 1812//1812 846//846 978//978 
f 979//979 975//975 854//854 
f 975//975 977//977 976//976 
f 976//976 977//977 980//980 
f 977//977 975//975 979//979 
f 979//979 982//982 977//977 
f 977//977 982//982 980//980 
f 976//976 980//980 978//978 
f 981//981 854//854 855//855 
f 1818//1818 981//981 855//855 
f 979//979 854//854 981//981 
f 979//979 981//981 982//982 
f 978//978 983//983 1812//1812 
f 978//978 980//980 984//984 
f 978//978 984//984 985//985 
f 984//984 980//980 982//982 
f 983//983 978//978 985//985 
f 1818//1818 986//986 981//981 
f 982//982 981//981 986//986 
f 984//984 982//982 986//986 
f 985//985 984//984 987//987 
f 984//984 986//986 987//987 
f 1818//1818 865//865 986//986 
f 987//987 986//986 866//866 
f 866//866 986//986 869//869 
f 886//886 1850//1850 988//988 
f 890//890 988//988 989//989 
f 989//989 1026//1026 890//890 
f 1850//1850 989//989 988//988 
f 1850//1850 1052//1052 989//989 
f 989//989 1025//1025 1026//1026 
f 1025//1025 989//989 1052//1052 
f 992//992 995//995 1030//1030 
f 916//916 917//917 999//999 
f 916//916 999//999 996//996 
f 917//917 998//998 999//999 
f 1851//1851 928//928 924//924 
f 999//999 1001//1001 996//996 
f 1003//1003 1005//1005 997//997 
f 997//997 1005//1005 1002//1002 
f 997//997 1002//1002 998//998 
f 1001//1001 1000//1000 996//996 
f 998//998 1002//1002 999//999 
f 999//999 1002//1002 1001//1001 
f 1004//1004 930//930 928//928 
f 1004//1004 928//928 1851//1851 
f 1002//1002 1005//1005 1035//1035 
f 1033//1033 1035//1035 1005//1005 
f 1047//1047 1000//1000 1001//1001 
f 1006//1006 930//930 1004//1004 
f 1007//1007 1006//1006 1004//1004 
f 1006//1006 1007//1007 1014//1014 
f 1851//1851 1007//1007 1004//1004 
f 1007//1007 1017//1017 1014//1014 
f 1007//1007 1031//1031 1017//1017 
f 1007//1007 1851//1851 1032//1032 
f 1032//1032 1031//1031 1007//1007 
f 1017//1017 1031//1031 1040//1040 
f 1010//1010 1005//1005 1003//1003 
f 1033//1033 1005//1005 1010//1010 
f 1009//1009 1822//1822 1008//1008 
f 1008//1008 1013//1013 1009//1009 
f 1009//1009 1010//1010 1003//1003 
f 1010//1010 1009//1009 1011//1011 
f 1009//1009 1013//1013 1011//1011 
f 1033//1033 1010//1010 1034//1034 
f 1010//1010 1011//1011 1034//1034 
f 1034//1034 1011//1011 1042//1042 
f 930//930 1012//1012 1008//1008 
f 1006//1006 1012//1012 930//930 
f 1012//1012 1013//1013 1008//1008 
f 1852//1852 1016//1016 1012//1012 
f 1006//1006 1852//1852 1012//1012 
f 1015//1015 1012//1012 1016//1016 
f 1013//1013 1012//1012 1015//1015 
f 1855//1855 1853//1853 1017//1017 
f 1855//1855 1017//1017 1019//1019 
f 1011//1011 1013//1013 1018//1018 
f 1018//1018 1013//1013 1854//1854 
f 1040//1040 1019//1019 1017//1017 
f 1019//1019 1020//1020 1855//1855 
f 1020//1020 1854//1854 1855//1855 
f 1020//1020 1018//1018 1854//1854 
f 1042//1042 1011//1011 1018//1018 
f 1041//1041 1018//1018 1020//1020 
f 1041//1041 1042//1042 1018//1018 
f 1021//1021 1859//1859 1857//1857 
f 1023//1023 1837//1837 1022//1022 
f 1859//1859 1858//1858 1857//1857 
f 1859//1859 969//969 1858//1858 
f 969//969 1859//1859 965//965 
f 1027//1027 991//991 990//990 
f 1027//1027 1862//1862 991//991 
f 995//995 994//994 1028//1028 
f 995//995 1028//1028 1030//1030 
f 1029//1029 994//994 1026//1026 
f 1025//1025 1051//1051 1026//1026 
f 1029//1029 1026//1026 1051//1051 
f 1025//1025 1052//1052 1051//1051 
f 1860//1860 1849//1849 993//993 
f 1028//1028 994//994 1029//1029 
f 1029//1029 1059//1059 1028//1028 
f 1028//1028 1061//1061 1030//1030 
f 993//993 1030//1030 1058//1058 
f 1053//1053 993//993 1058//1058 
f 1028//1028 1059//1059 1061//1061 
f 1029//1029 1057//1057 1059//1059 
f 1058//1058 1030//1030 1061//1061 
f 1001//1001 1002//1002 1038//1038 
f 1002//1002 1039//1039 1038//1038 
f 1047//1047 1032//1032 1000//1000 
f 1038//1038 1047//1047 1001//1001 
f 1032//1032 1043//1043 1031//1031 
f 1031//1031 1043//1043 1040//1040 
f 1047//1047 1043//1043 1032//1032 
f 1036//1036 1035//1035 1033//1033 
f 1036//1036 1033//1033 1034//1034 
f 1036//1036 1034//1034 1042//1042 
f 1035//1035 1037//1037 1002//1002 
f 1037//1037 1035//1035 1036//1036 
f 1046//1046 1037//1037 1036//1036 
f 1042//1042 1046//1046 1036//1036 
f 1002//1002 1037//1037 1039//1039 
f 1039//1039 1049//1049 1050//1050 
f 1039//1039 1037//1037 1049//1049 
f 1046//1046 1049//1049 1037//1037 
f 1047//1047 1038//1038 1050//1050 
f 1038//1038 1039//1039 1050//1050 
f 1040//1040 1043//1043 1044//1044 
f 1040//1040 1044//1044 1019//1019 
f 1044//1044 1020//1020 1019//1019 
f 1044//1044 1045//1045 1020//1020 
f 1046//1046 1041//1041 1045//1045 
f 1045//1045 1041//1041 1020//1020 
f 1046//1046 1042//1042 1041//1041 
f 1044//1044 1043//1043 1048//1048 
f 1048//1048 1049//1049 1045//1045 
f 1044//1044 1048//1048 1045//1045 
f 1049//1049 1046//1046 1045//1045 
f 1048//1048 1043//1043 1047//1047 
f 1049//1049 1048//1048 1050//1050 
f 1047//1047 1050//1050 1048//1048 
f 1052//1052 1056//1056 1051//1051 
f 1862//1862 1027//1027 1054//1054 
f 1067//1067 1056//1056 1052//1052 
f 1051//1051 1057//1057 1029//1029 
f 1053//1053 1860//1860 993//993 
f 1863//1863 1861//1861 1053//1053 
f 1068//1068 1863//1863 1053//1053 
f 1862//1862 1054//1054 1865//1865 
f 1056//1056 1055//1055 1051//1051 
f 1051//1051 1055//1055 1057//1057 
f 1067//1067 1060//1060 1056//1056 
f 1057//1057 1055//1055 1060//1060 
f 1060//1060 1055//1055 1056//1056 
f 1062//1062 1053//1053 1058//1058 
f 1068//1068 1053//1053 1062//1062 
f 1054//1054 1068//1068 1865//1865 
f 1059//1059 1065//1065 1061//1061 
f 1057//1057 1063//1063 1059//1059 
f 1060//1060 1069//1069 1057//1057 
f 1864//1864 1057//1057 1069//1069 
f 1071//1071 1864//1864 1069//1069 
f 1058//1058 1061//1061 1064//1064 
f 1062//1062 1058//1058 1064//1064 
f 1061//1061 1065//1065 1066//1066 
f 1059//1059 1063//1063 1065//1065 
f 1066//1066 1064//1064 1061//1061 
f 1066//1066 1073//1073 1064//1064 
f 1067//1067 1070//1070 1060//1060 
f 1070//1070 1069//1069 1060//1060 
f 1068//1068 1062//1062 1074//1074 
f 1865//1865 1068//1068 1082//1082 
f 1082//1082 1083//1083 1865//1865 
f 1069//1069 1081//1081 1071//1071 
f 1070//1070 1081//1081 1069//1069 
f 1067//1067 1867//1867 1070//1070 
f 1070//1070 1867//1867 1081//1081 
f 1089//1089 1076//1076 1063//1063 
f 1062//1062 1064//1064 1072//1072 
f 1072//1072 1064//1064 1073//1073 
f 1074//1074 1062//1062 1072//1072 
f 1074//1074 1082//1082 1068//1068 
f 1076//1076 1065//1065 1063//1063 
f 1065//1065 1075//1075 1066//1066 
f 1079//1079 1072//1072 1073//1073 
f 1074//1074 1072//1072 1080//1080 
f 1080//1080 1072//1072 1079//1079 
f 1065//1065 1076//1076 1075//1075 
f 1076//1076 1078//1078 1075//1075 
f 1075//1075 1078//1078 1066//1066 
f 1078//1078 1073//1073 1066//1066 
f 1077//1077 1089//1089 1063//1063 
f 1071//1071 1084//1084 1864//1864 
f 1084//1084 1866//1866 1864//1864 
f 1073//1073 1078//1078 1079//1079 
f 1085//1085 1080//1080 1086//1086 
f 1080//1080 1079//1079 1086//1086 
f 1076//1076 1087//1087 1078//1078 
f 1079//1079 1078//1078 1088//1088 
f 1092//1092 1083//1083 1082//1082 
f 1082//1082 1074//1074 1085//1085 
f 1867//1867 1092//1092 1081//1081 
f 1081//1081 1084//1084 1071//1071 
f 1082//1082 1085//1085 1092//1092 
f 1866//1866 1084//1084 1090//1090 
f 1081//1081 1092//1092 1084//1084 
f 1090//1090 1089//1089 1077//1077 
f 1074//1074 1080//1080 1085//1085 
f 1086//1086 1079//1079 1088//1088 
f 1095//1095 1085//1085 1086//1086 
f 1076//1076 1089//1089 1087//1087 
f 1078//1078 1087//1087 1088//1088 
f 1086//1086 1088//1088 1096//1096 
f 1089//1089 1091//1091 1087//1087 
f 1088//1088 1087//1087 1868//1868 
f 1093//1093 1090//1090 1084//1084 
f 1084//1084 1092//1092 1869//1869 
f 1092//1092 1085//1085 1094//1094 
f 1093//1093 1103//1103 1090//1090 
f 1098//1098 1089//1089 1090//1090 
f 1095//1095 1086//1086 1096//1096 
f 1097//1097 1088//1088 1868//1868 
f 1096//1096 1088//1088 1097//1097 
f 1096//1096 1097//1097 1099//1099 
f 1097//1097 1868//1868 1102//1102 
f 1091//1091 1089//1089 1101//1101 
f 1101//1101 1102//1102 1868//1868 
f 1869//1869 1092//1092 1094//1094 
f 1094//1094 1104//1104 1869//1869 
f 1103//1103 1098//1098 1090//1090 
f 1085//1085 1105//1105 1094//1094 
f 1095//1095 1105//1105 1085//1085 
f 1099//1099 1100//1100 1096//1096 
f 1100//1100 1095//1095 1096//1096 
f 1100//1100 1099//1099 1109//1109 
f 1095//1095 1100//1100 1143//1143 
f 1100//1100 1109//1109 1143//1143 
f 1107//1107 1102//1102 1101//1101 
f 1870//1870 1869//1869 1104//1104 
f 1105//1105 1104//1104 1094//1094 
f 1105//1105 1111//1111 1104//1104 
f 1101//1101 1089//1089 1106//1106 
f 1107//1107 1118//1118 1102//1102 
f 1104//1104 1111//1111 1870//1870 
f 1105//1105 1095//1095 1110//1110 
f 1106//1106 1089//1089 1098//1098 
f 1098//1098 1112//1112 1106//1106 
f 1107//1107 1101//1101 1106//1106 
f 1099//1099 1097//1097 1108//1108 
f 1097//1097 1102//1102 1108//1108 
f 1099//1099 1108//1108 1109//1109 
f 1108//1108 1102//1102 1118//1118 
f 1110//1110 1111//1111 1105//1105 
f 1106//1106 1117//1117 1107//1107 
f 1109//1109 1108//1108 1138//1138 
f 1138//1138 1143//1143 1109//1109 
f 1110//1110 1148//1148 1111//1111 
f 1870//1870 1111//1111 1130//1130 
f 1132//1132 1130//1130 1111//1111 
f 1128//1128 1098//1098 1103//1103 
f 1098//1098 1115//1115 1112//1112 
f 1128//1128 1115//1115 1098//1098 
f 1106//1106 1112//1112 1113//1113 
f 1112//1112 1114//1114 1113//1113 
f 1117//1117 1106//1106 1113//1113 
f 1114//1114 1119//1119 1117//1117 
f 1113//1113 1114//1114 1117//1117 
f 1112//1112 1115//1115 1116//1116 
f 1114//1114 1116//1116 1122//1122 
f 1114//1114 1112//1112 1116//1116 
f 1114//1114 1122//1122 1119//1119 
f 1129//1129 1115//1115 1128//1128 
f 1115//1115 1129//1129 1127//1127 
f 1116//1116 1115//1115 1127//1127 
f 1127//1127 1122//1122 1116//1116 
f 1095//1095 1143//1143 1110//1110 
f 1110//1110 1143//1143 1152//1152 
f 1148//1148 1110//1110 1152//1152 
f 1118//1118 1121//1121 1108//1108 
f 1107//1107 1117//1117 1118//1118 
f 1117//1117 1119//1119 1118//1118 
f 1118//1118 1120//1120 1121//1121 
f 1118//1118 1119//1119 1120//1120 
f 1122//1122 1123//1123 1119//1119 
f 1120//1120 1119//1119 1123//1123 
f 1121//1121 1124//1124 1126//1126 
f 1121//1121 1120//1120 1125//1125 
f 1121//1121 1125//1125 1124//1124 
f 1108//1108 1121//1121 1126//1126 
f 1138//1138 1108//1108 1126//1126 
f 1137//1137 1125//1125 1120//1120 
f 1123//1123 1137//1137 1120//1120 
f 1138//1138 1126//1126 1140//1140 
f 1124//1124 1140//1140 1126//1126 
f 1871//1871 1130//1130 1129//1129 
f 1127//1127 1141//1141 1122//1122 
f 1870//1870 1130//1130 1871//1871 
f 1131//1131 1127//1127 1129//1129 
f 1133//1133 1130//1130 1135//1135 
f 1133//1133 1129//1129 1130//1130 
f 1131//1131 1129//1129 1133//1133 
f 1136//1136 1134//1134 1133//1133 
f 1134//1134 1131//1131 1133//1133 
f 1131//1131 1134//1134 1141//1141 
f 1127//1127 1131//1131 1141//1141 
f 1145//1145 1134//1134 1136//1136 
f 1141//1141 1134//1134 1145//1145 
f 1135//1135 1130//1130 1132//1132 
f 1136//1136 1133//1133 1135//1135 
f 1136//1136 1135//1135 1151//1151 
f 1136//1136 1151//1151 1145//1145 
f 1148//1148 1132//1132 1111//1111 
f 1139//1139 1123//1123 1122//1122 
f 1139//1139 1137//1137 1123//1123 
f 1124//1124 1125//1125 1140//1140 
f 1140//1140 1125//1125 1137//1137 
f 1144//1144 1138//1138 1140//1140 
f 1141//1141 1139//1139 1122//1122 
f 1137//1137 1139//1139 1142//1142 
f 1142//1142 1140//1140 1137//1137 
f 1140//1140 1147//1147 1144//1144 
f 1142//1142 1147//1147 1140//1140 
f 1145//1145 1146//1146 1141//1141 
f 1141//1141 1146//1146 1139//1139 
f 1146//1146 1142//1142 1139//1139 
f 1146//1146 1147//1147 1142//1142 
f 1138//1138 1144//1144 1143//1143 
f 1153//1153 1145//1145 1151//1151 
f 1145//1145 1153//1153 1146//1146 
f 1153//1153 1147//1147 1146//1146 
f 1143//1143 1154//1154 1152//1152 
f 1144//1144 1154//1154 1143//1143 
f 1132//1132 1148//1148 1149//1149 
f 1132//1132 1149//1149 1135//1135 
f 1135//1135 1149//1149 1150//1150 
f 1135//1135 1150//1150 1151//1151 
f 1148//1148 1152//1152 1149//1149 
f 1149//1149 1152//1152 1150//1150 
f 1151//1151 1150//1150 1153//1153 
f 1150//1150 1152//1152 1154//1154 
f 1147//1147 1153//1153 1154//1154 
f 1154//1154 1153//1153 1150//1150 
f 1154//1154 1144//1144 1147//1147 
