#
# Compatibility version : 4.3
# File ID : FJ4258
# Representation ID : BP29812
# Build-up logic : FMA 3.0 part_of
# Concept ID : FMA37321
# English name : Left ulnar nerve
# Bounds(mm): (82.389600,-132.740500,786.045800)-(247.568200,-54.721700,1333.656700)
# Volume(cm3): 3.909700
#
v 82.42 -90.1545 1330.66
v 82.5065 -90.5545 1331.06
v 82.9391 -90.7385 1330.87
v 82.9042 -90.9136 1331.46
v 82.4524 -89.7055 1330.69
v 82.3896 -89.5545 1330.46
v 83.0373 -89.0499 1330.16
v 82.6327 -88.7545 1330.66
v 82.9042 -88.4717 1330.86
v 83.8586 -91.1879 1331.96
v 83.7118 -90.8362 1332.78
v 84.2387 -91.0922 1332.53
v 84.5278 -90.9938 1332.71
v 84.3042 -90.5967 1333.46
v 84.2972 -90.3099 1333.47
v 84.5042 -90.3545 1333.59
v 84.2569 -88.7853 1329.8
v 84.2966 -88.8077 1333
v 84.5042 -88.9545 1333.34
v 84.5042 -88.5879 1333.06
v 84.5042 -88.7304 1333.26
v 84.4998 -89.8966 1333.62
v 83.3457 -88.328 1331
v 83.3042 -88.228 1331.26
v 83.2785 -88.4841 1331.46
v 83.9503 -88.356 1330.85
v 83.5042 -88.1311 1331.66
v 84.3318 -88.2902 1331.31
v 83.9042 -88.1545 1332.11
v 84.5747 -88.3453 1332.02
v 84.286 -88.3576 1332.66
v 85.7639 -90.7396 1327.72
v 85.8647 -91.4911 1328.46
v 85.9586 -90.1975 1327.51
v 84.6642 -90.9507 1329.08
v 84.8225 -89.9907 1333.55
v 84.8132 -88.8885 1333.15
v 84.7042 -89.4075 1333.66
v 84.7042 -89.1545 1333.54
v 85.0518 -89.6042 1333.4
v 86.8586 -91.9078 1328.08
v 87.4439 -91.5467 1326.47
v 87.727 -91.362 1326
v 87.1921 -90.1119 1326.61
v 87.7502 -90.9554 1325.86
v 87.7765 -90.5754 1325.9
v 86.3021 -91.0561 1331.85
v 86.718 -90.729 1331.88
v 86.6975 -90.1626 1332.07
v 86.4053 -89.5014 1327.72
v 86.9156 -88.9124 1329.65
v 86.5316 -89.1389 1331.48
v 87.0051 -89.5398 1331.49
v 86.668 -89.7569 1332
v 88.0193 -92.3009 1327.86
v 88.7163 -92.3911 1328.16
v 88.4423 -92.136 1329.07
v 88.7956 -92.0664 1329.14
v 89.2941 -91.9878 1329.04
v 89.4921 -91.5799 1324.22
v 89.3967 -90.7334 1324.55
v 88.6349 -91.3742 1330.12
v 88.869 -90.1493 1329.99
v 88.3048 -90.7625 1330.68
v 88.5424 -90.3849 1330.45
v 88.0017 -89.283 1329.54
v 88.7543 -89.7618 1329.64
v 89.3828 -92.3339 1324.99
v 89.5864 -92.1655 1324.47
v 90.8907 -92.1943 1327.87
v 90.0036 -91.325 1323.74
v 90.9615 -90.8247 1323.39
v 90.5249 -90.2067 1324.73
v 90.6846 -89.9995 1325.58
v 90.6073 -90.4 1328.16
v 90.7183 -90.9372 1328.46
v 90.9891 -91.3607 1328.25
v 90.5981 -89.9339 1326.75
v 91.4466 -93.1967 1323.7
v 92.3951 -93.5582 1323.55
v 92.189 -93.2426 1325.36
v 91.8427 -92.5823 1321.99
v 91.4236 -91.8084 1322.3
v 91.8218 -93.1195 1322.7
v 92.0423 -92.997 1322.13
v 92.1302 -92.1619 1327
v 91.1502 -92.6987 1326.98
v 91.5151 -91.5263 1322.33
v 91.2213 -90.2555 1326.93
v 92.0837 -91.1367 1327.08
v 93.8798 -92.9456 1325.06
v 93.6171 -91.7455 1325.64
v 92.7235 -90.8248 1325.84
v 93.0378 -91.1502 1325.9
v 95.1276 -93.9478 1318.81
v 95.388 -93.5902 1318.1
v 94.7429 -94.0926 1319.79
v 95.0976 -94.362 1320.16
v 94.724 -93.7414 1323.41
v 94.6212 -93.4673 1323.93
v 94.4061 -92.9198 1319.12
v 94.4213 -92.3423 1319.3
v 95.3407 -92.1372 1318.8
v 94.3499 -92.3856 1324.95
v 94.8553 -92.9477 1324.28
v 94.4098 -91.184 1323.73
v 94.8047 -91.167 1322.35
v 94.7076 -91.5677 1324.09
v 96.6182 -94.8534 1319.3
v 96.8715 -93.5304 1316.35
v 97.3295 -94.3036 1321
v 97.4535 -93.3432 1321.65
v 96.2683 -93.7194 1322.49
v 96.6021 -93.3888 1322.47
v 96.8132 -91.9678 1318.59
v 96.8655 -92.1187 1318.08
v 97.4475 -92.0806 1320.29
v 96.5664 -91.9658 1321.79
v 97.3927 -92.9909 1321.7
v 96.3393 -92.3915 1322.72
v 96.2143 -92.7198 1323
v 96.3927 -92.1557 1322.42
v 98.7237 -94.9477 1314.42
v 98.6571 -95.2686 1315.09
v 98.6862 -95.114 1318.71
v 99.0779 -93.8383 1313.91
v 97.9388 -93.2985 1315.43
v 99.0002 -93.3563 1319.84
v 98.1909 -92.9718 1315.64
v 97.7289 -92.0981 1318.53
v 98.3116 -92.7568 1320.29
v 99.1414 -93.1906 1319.54
v 99.9804 -95.8685 1314.13
v 99.0489 -95.4335 1317.66
v 99.1099 -94.5499 1313.66
v 99.4839 -93.5495 1313.85
v 99.7219 -93.2267 1314.25
v 99.9651 -93.9598 1318.8
v 99.9948 -94.329 1318.71
v 99.2078 -94.4985 1319.34
v 100.145 -93.0642 1314.57
v 99.789 -93.0007 1318.18
v 102.198 -96.2209 1310.28
v 102.105 -96.1984 1314.66
v 100.877 -95.3645 1316.99
v 101.578 -95.148 1316.64
v 102.193 -94.9316 1316.12
v 102.509 -93.7879 1314.6
v 101.873 -93.9191 1316.13
v 102.345 -94.6049 1315.94
v 100.785 -93.0913 1315.99
v 103.238 -96.9033 1311.97
v 103.368 -94.9717 1308.71
v 102.504 -95.4073 1309.37
v 102.374 -95.8983 1309.65
v 103.461 -95.9726 1314.11
v 103.723 -95.5853 1314.15
v 103.28 -94.3908 1309.72
v 103.677 -94.2825 1309.83
v 103.592 -94.3789 1313.87
v 102.209 -94.3293 1316
v 104.273 -97.3113 1309.2
v 104.183 -97.2802 1310
v 103.875 -96.9533 1311.88
v 104.493 -96.5544 1312.46
v 104.927 -94.9756 1312.39
v 105.256 -95.5298 1312.26
v 103.986 -95.3905 1313.91
v 103.821 -94.1262 1310.51
v 106.639 -97.1424 1303.86
v 106.672 -96.7468 1303.75
v 106.144 -97.643 1309.02
v 106.209 -97.7958 1308.37
v 105.432 -97.2202 1310.53
v 106.396 -97.3096 1309.72
v 105.639 -96.5341 1311.45
v 106.644 -96.3813 1303.93
v 106.87 -95.345 1309.45
v 106.599 -96.3043 1310.51
v 105.935 -96.3361 1311.29
v 107.765 -98.3104 1303.85
v 108.237 -98.5392 1304.15
v 108.302 -98.3162 1306.04
v 107.674 -97.9352 1307.5
v 107.19 -97.2549 1309.13
v 107.276 -96.9421 1309.39
v 107.577 -96.7608 1309.15
v 107.522 -96.1536 1303.2
v 107.229 -95.6649 1304.32
v 107.58 -95.3378 1305.3
v 107.954 -96.4021 1308.7
v 108.555 -96.0381 1307.47
v 107.357 -95.966 1309.39
v 108.547 -98.0825 1301.53
v 108.928 -98.3671 1301.3
v 108.652 -98.61 1304.53
v 109.205 -98.1245 1305.99
v 109.739 -98.5087 1304.76
v 110.191 -97.1516 1299.11
v 109.137 -97.1914 1300.37
v 110.184 -97.3564 1305.64
v 109.399 -97.5241 1306.54
v 111.239 -99.1866 1298.52
v 110.508 -99.1704 1300.62
v 111.267 -99.2136 1301.69
v 111.763 -99.1864 1301.6
v 111.153 -98.7354 1303.18
v 110.542 -98.2161 1304.59
v 110.521 -97.9437 1298.29
v 110.623 -96.4613 1300.02
v 111.641 -97.2437 1303.47
v 110.579 -97.1937 1305.09
v 110.989 -97.8464 1304.41
v 111.102 -96.2783 1300.94
v 110.781 -96.15 1302.23
v 111.306 -96.3481 1302.14
v 113.265 -99.8706 1296.54
v 112.034 -99.5819 1299.37
v 112.771 -99.6849 1299.17
v 113.129 -97.9571 1294.76
v 112.882 -97.1937 1296.29
v 113.431 -97.5097 1300.71
v 114.013 -99.6265 1293.89
v 114.181 -100.018 1294.74
v 114.272 -99.892 1294.01
v 114.488 -100.19 1295.67
v 114.473 -100.105 1296.65
v 114.386 -99.9167 1297.6
v 113.492 -99.2405 1294.26
v 113.591 -99.4572 1299.52
v 114.704 -98.5198 1299.19
v 114.978 -98.9471 1298.67
v 113.412 -99.1085 1300.36
v 113.732 -98.9537 1300.2
v 114.855 -97.2094 1296.24
v 114.189 -97.3976 1299.09
v 116.18 -100.526 1292.54
v 116.106 -100.529 1293.51
v 116.165 -100.411 1294.56
v 115.999 -99.7353 1296.59
v 115.838 -99.3605 1290.5
v 115.436 -97.9826 1292
v 115.121 -97.3282 1294.56
v 118.139 -100.475 1287.88
v 117.751 -100.678 1289.28
v 117.765 -100.845 1290.99
v 117.69 -100.778 1291.87
v 117.024 -100.296 1294.35
v 117.193 -99.7182 1295.19
v 118.129 -100.19 1293.41
v 116.992 -99.0551 1288.77
v 117.265 -98.4449 1289.02
v 117.699 -97.9506 1289.97
v 117.344 -98.1441 1294.49
v 117.749 -99.5156 1294.63
v 118.313 -98.5493 1293.43
v 117.428 -97.7635 1291.44
v 116.964 -97.8544 1294.45
v 119.057 -101.05 1288.54
v 119.516 -101.038 1287.07
v 119.307 -101.026 1289.63
v 118.806 -100.835 1291
v 119.489 -100.687 1290.85
v 119.936 -99.7972 1291.41
v 119.42 -99.9404 1292.05
v 119.586 -98.3048 1286.8
v 118.801 -98.0011 1290.38
v 118.7 -99.5155 1293.29
v 119.061 -99.336 1292.75
v 120.975 -101.315 1285.76
v 121.221 -101.308 1286.59
v 119.861 -101.171 1288.1
v 121.219 -100.108 1282.13
v 120.75 -100.453 1283.18
v 120.407 -101.035 1285.08
v 120.495 -101.054 1288.64
v 121.282 -100.34 1289.14
v 120.16 -100.545 1290.35
v 121.216 -99.3358 1282.34
v 121.28 -98.6809 1283.47
v 120.072 -98.1985 1287.28
v 120.381 -98.4656 1289.29
v 120.587 -99.2753 1290.33
v 122.554 -101.462 1284.37
v 121.946 -101.249 1286.37
v 122.647 -100.752 1286.73
v 122.85 -100.349 1286.84
v 121.848 -101.053 1287.17
v 122.094 -99.9476 1288.14
v 122.392 -99.7638 1287.65
v 122.729 -99.0347 1280.47
v 122.463 -98.5247 1282.91
v 123.515 -101.342 1280.1
v 123.041 -101.437 1281.55
v 123.757 -101.578 1281.23
v 123.113 -101.185 1285.22
v 123.583 -101.385 1283.89
v 123.23 -99.9388 1278.72
v 123.719 -100.741 1278.31
v 123.709 -100.345 1277.95
v 123.248 -101.123 1279.91
v 123.342 -100.985 1285.37
v 123.804 -99.5565 1277.93
v 123.764 -98.7675 1279.78
v 123.362 -98.591 1283.22
v 124.292 -98.8315 1282.73
v 125.436 -101.485 1277.03
v 125.787 -101.303 1275.68
v 125.87 -101.655 1277.3
v 125.204 -101.659 1280.06
v 125.751 -101.514 1280.37
v 125.064 -101.238 1282.32
v 126.262 -100.751 1273.64
v 125.989 -100.532 1273.91
v 125.473 -99.9642 1274.69
v 126.243 -100.736 1281.23
v 124.798 -100.757 1283.53
v 124.537 -99.7162 1284.07
v 124.795 -100.344 1283.8
v 125.243 -100.132 1283.08
v 125.737 -99.5499 1274.45
v 125.076 -99.0367 1276.65
v 125.477 -98.6816 1278.49
v 125.857 -99.5306 1281.56
v 125.774 -99.294 1281.3
v 127.556 -101.711 1274.81
v 126.279 -101.72 1277.68
v 126.688 -101.665 1278.05
v 127.295 -101.195 1278.81
v 127.571 -100.344 1270.68
v 127.246 -99.7602 1271.28
v 126.485 -101.02 1273.66
v 127.57 -100.941 1278.76
v 127.738 -100.549 1278.75
v 127.272 -99.9577 1279.48
v 126.319 -100.959 1280.87
v 126.424 -100.353 1281.09
v 127.407 -99.338 1271.39
v 127.173 -98.7164 1274.65
v 127.795 -98.7231 1274.88
v 127.518 -98.8556 1276.51
v 128.262 -101.602 1272.56
v 128.882 -101.697 1273.12
v 129.097 -101.637 1273.66
v 127.874 -101.707 1275.49
v 129.303 -101.326 1274.77
v 127.909 -101.553 1276.61
v 128.181 -100.73 1269.9
v 128.543 -101.003 1269.72
v 128.8 -100.949 1276.51
v 129.167 -99.7499 1275.8
v 129.305 -100.149 1275.86
v 129.281 -98.9633 1267.94
v 127.863 -98.8575 1271.86
v 128.426 -99.178 1276.09
v 128.593 -99.5443 1276.59
v 129.634 -101.36 1268.92
v 130.478 -101.519 1268.67
v 130.912 -101.542 1269.13
v 129.473 -101.655 1271.49
v 129.922 -101.624 1271.61
v 130.298 -101.525 1271.68
v 130.503 -101.279 1272.39
v 129.489 -101.512 1273.69
v 129.778 -100.357 1266.11
v 129.626 -99.9549 1266.12
v 130.934 -100.952 1272.2
v 131.012 -100.555 1272.47
v 130.126 -100.939 1273.93
v 130.898 -100.17 1272.76
v 129.559 -100.554 1275.38
v 129.894 -99.549 1265.49
v 130.137 -99.1326 1265.33
v 129.515 -98.6869 1268.64
v 130.436 -98.5166 1268.64
v 129.981 -98.6272 1270.63
v 130.758 -98.754 1270.27
v 131.582 -101.259 1265.3
v 132.299 -101.317 1265.03
v 131.337 -101.456 1269.22
v 131.805 -101.3 1269.05
v 131.241 -101.374 1270.2
v 131.894 -99.7846 1260.82
v 132.076 -100.346 1261.25
v 131.573 -100.829 1263.48
v 131.689 -101.157 1269.97
v 131.969 -100.555 1270.41
v 131.994 -100.167 1270.47
v 131.271 -99.7721 1271.73
v 132.716 -99.2985 1258.51
v 132.289 -99.0538 1259.7
v 131.025 -98.6754 1264.09
v 131.575 -98.386 1264.15
v 132.524 -98.2493 1264.34
v 131.907 -99.223 1269.6
v 132.722 -101.299 1265.39
v 134.036 -100.843 1259.66
v 133.176 -100.799 1260.61
v 133.958 -101.029 1261.34
v 134.101 -100.827 1264.45
v 133.305 -101.121 1265.41
v 134.305 -100.347 1265.01
v 134.212 -99.9391 1265.46
v 133.275 -100.328 1267.57
v 133.504 -100.753 1266.43
v 133.481 -100.554 1266.86
v 132.734 -101.013 1267.75
v 132.809 -100.769 1268.18
v 133.002 -99.9542 1268.23
v 132.954 -98.268 1259.34
v 133.721 -98.5035 1264.15
v 133.162 -98.4362 1264.8
v 134.14 -99.5507 1265.45
v 135.141 -99.7051 1253.41
v 135.401 -100.638 1257.17
v 135.734 -100.641 1257.41
v 135.008 -100.841 1260.26
v 135.462 -100.675 1260.19
v 135.149 -100.551 1262.13
v 135.658 -100.154 1261.54
v 134.388 -100.551 1264.45
v 134.982 -99.9486 1263.56
v 135.505 -98.505 1250.76
v 134.705 -99.3907 1253.73
v 135.582 -98.3402 1260.19
v 135.364 -99.5424 1262.61
v 135.401 -99.1608 1262.23
v 134.525 -99.1274 1264.1
v 135.55 -97.7174 1251.33
v 134.828 -97.6375 1257.02
v 135.555 -97.716 1257.71
v 137.286 -100.174 1253.1
v 136.13 -100.16 1253.41
v 137.205 -100.237 1254.13
v 136.312 -100.502 1257.21
v 136.853 -100.285 1256.76
v 137.471 -99.7559 1256.59
v 136.132 -100.383 1259.35
v 136.333 -100.145 1259.48
v 136.901 -99.7541 1258.43
v 136.284 -99.7473 1260.22
v 137.165 -98.3523 1246.17
v 137.154 -98.6057 1246.62
v 137.024 -98.959 1258.17
v 137.438 -99.3443 1257.17
v 137.367 -99.1259 1257.38
v 136.569 -99.3717 1259.53
v 136.097 -98.741 1260.06
v 136.975 -96.9209 1249.79
v 137.238 -96.9927 1251.53
v 137.194 -97.5232 1254.57
v 137.891 -99.8588 1250.2
v 138.379 -99.7845 1252.65
v 137.73 -100.06 1253.55
v 137.476 -100.002 1255.71
v 138.044 -98.5771 1244.56
v 138.821 -99.2144 1245.54
v 138.01 -99.1208 1246.27
v 138.58 -99.5472 1253.04
v 138.283 -99.349 1254.59
v 138.2 -98.3398 1254.6
v 138.558 -98.5392 1253.91
v 138.735 -98.9615 1253.52
v 138.628 -98.7827 1253.85
v 137.689 -98.1103 1255.35
v 138.697 -96.9723 1240.76
v 138.243 -97.8817 1242.73
v 138.116 -96.6672 1243.58
v 138.353 -96.3817 1244.55
v 137.721 -96.9827 1251.25
v 140.013 -98.5693 1241.14
v 140.343 -98.6452 1241.16
v 140.091 -98.9553 1243.22
v 140.597 -98.8821 1246.53
v 139.238 -99.4778 1247.47
v 139.931 -99.2404 1247.54
v 139.826 -99.2141 1248.74
v 140.43 -98.3471 1248.45
v 140.606 -98.7468 1247.13
v 140.576 -98.5362 1247.77
v 139.896 -98.9733 1249.48
v 139.395 -98.5546 1251.61
v 139.318 -98.9241 1251.68
v 140.459 -96.3904 1245.02
v 140.068 -97.4401 1248.65
v 140.048 -97.7663 1249.25
v 140.405 -95.5186 1236.06
v 140.304 -95.4582 1237.81
v 139.434 -96.03 1243.89
v 141.462 -98.1547 1237.78
v 141.775 -98.2222 1238.2
v 141.904 -98.3823 1240.65
v 140.753 -98.8514 1242.9
v 141.483 -98.5576 1243.13
v 142.032 -98.1556 1242.45
v 142.027 -97.378 1233.7
v 140.86 -97.6266 1236.38
v 141.945 -97.9538 1243.42
v 140.386 -96.6837 1246.13
v 141.789 -97.7726 1244.17
v 140.912 -97.7756 1246.91
v 141.144 -95.5662 1232.42
v 141.604 -95.772 1230.86
v 141.1 -95.1613 1237.73
v 141.568 -95.1674 1238.07
v 140.796 -95.776 1241.93
v 141.759 -94.7139 1231.56
v 142.531 -98.0395 1239.92
v 143.713 -96.694 1229.02
v 143.237 -97.2086 1231.84
v 142.189 -97.5996 1234.44
v 142.898 -97.811 1236.06
v 143.725 -97.3881 1236.16
v 143.751 -97.1392 1237.19
v 142.923 -97.7538 1239.37
v 142.566 -96.9378 1241.49
v 142.888 -97.3307 1240.53
v 142.746 -97.1765 1241.07
v 143.472 -96.0534 1227.01
v 142.383 -95.9846 1229.08
v 143.809 -95.912 1236.8
v 142.382 -95.1603 1237.44
v 142.942 -95.6576 1238.24
v 143.011 -96.0294 1238.99
v 143.112 -94.0466 1225.68
v 142.79 -94.5198 1226.47
v 142.24 -94.3783 1231.66
v 142.647 -94.2128 1231.51
v 143.05 -94.2578 1232.36
v 144.085 -96.9984 1230.71
v 144.888 -96.7146 1229.91
v 143.814 -97.3773 1234.23
v 144.555 -96.9525 1232.65
v 143.975 -96.7534 1236.84
v 143.917 -96.5604 1237.1
v 145.372 -95.0183 1220.81
v 145.275 -95.9569 1224.7
v 144.458 -95.952 1225.24
v 145.289 -96.4147 1231.19
v 145.297 -95.9406 1232.2
v 145.425 -95.3723 1231.6
v 144.45 -94.3177 1220.97
v 144.891 -94.7702 1220.9
v 143.984 -93.2439 1224
v 144.507 -93.2113 1226.24
v 144.291 -93.9275 1230.13
v 144.772 -92.7245 1222.5
v 145.727 -95.2042 1221.05
v 146.769 -95.1796 1220.67
v 145.899 -95.9293 1224.89
v 146.346 -95.7964 1225.09
v 146.095 -95.9745 1227.44
v 146.857 -94.8835 1226.56
v 145.877 -95.9065 1229.62
v 145.756 -93.8416 1216.99
v 146.824 -94.3702 1216.87
v 145.768 -93.1086 1225.33
v 146.308 -93.2596 1225.16
v 147.176 -94.3976 1225.34
v 146.379 -92.4132 1213.2
v 146.363 -91.9357 1213.15
v 146.668 -92.7515 1212.85
v 146.337 -91.7637 1218.42
v 146.112 -92.3686 1221.85
v 146.513 -91.4651 1213.32
v 146.239 -91.5883 1215.48
v 146.814 -91.2027 1214.93
v 147.582 -94.9085 1222.66
v 147.089 -93.3285 1213.25
v 148.492 -93.6288 1212.95
v 147.3 -93.5478 1213.54
v 148.067 -94.1803 1215.64
v 147.221 -94.5729 1217.51
v 147.914 -94.4863 1217.4
v 147.907 -94.6571 1218.96
v 147.825 -94.7858 1220.54
v 147.881 -94.4964 1222.41
v 148.32 -93.0183 1210.65
v 147.518 -91.7272 1218.31
v 148.184 -92.9504 1220.66
v 148.262 -91.0437 1206.36
v 148.532 -91.5644 1206.54
v 148.191 -90.1423 1206.94
v 148.225 -90.31 1211.52
v 148.541 -90.429 1212.35
v 148.439 -89.8197 1207.68
v 149.093 -93.6004 1213.23
v 149.419 -93.5798 1214.93
v 149.585 -93.3662 1215.46
v 149.896 -91.7985 1205.11
v 148.782 -91.9046 1206.82
v 148.855 -92.3123 1207.82
v 149.109 -92.8853 1209.6
v 150.025 -93.0469 1211.49
v 148.911 -91.5764 1216.06
v 149.532 -90.3369 1202.23
v 148.844 -90.1945 1203.96
v 149.875 -90.1348 1210.44
v 150.028 -88.9131 1199.74
v 149.814 -88.8934 1200.67
v 149.833 -88.9044 1205.14
v 151.498 -91.8304 1206.07
v 150.271 -92.4118 1207.5
v 150.611 -92.3879 1207.77
v 151.372 -91.9886 1207.56
v 150.877 -91.9318 1211.53
v 150.678 -90.2832 1199.96
v 151.476 -90.3856 1199.28
v 150.398 -90.9618 1202.05
v 151.097 -91.2359 1202.44
v 150.452 -90.9953 1211.8
v 150.467 -90.3798 1210.37
v 151.1 -91.1007 1210.4
v 150.575 -89.0577 1198.05
v 150.728 -88.6539 1197.3
v 151.022 -89.285 1197.34
v 150.571 -88.659 1204.46
v 151.17 -88.8502 1205.01
v 151.394 -87.2872 1196.59
v 152.129 -86.748 1195.74
v 152.612 -90.4371 1199.22
v 153.085 -90.3355 1199.24
v 152.407 -91.1025 1204.71
v 152.244 -88.7335 1194.08
v 152.902 -88.9459 1193.74
v 151.871 -89.2569 1205.33
v 152.166 -89.7645 1205.81
v 152.332 -86.8172 1196.65
v 152.706 -87.1303 1198.16
v 153.074 -87.2774 1198.47
v 154.643 -89.1085 1194.83
v 154.95 -88.4546 1196.89
v 154.154 -89.4963 1199.12
v 154.26 -87.3998 1188.19
v 153.965 -87.1233 1197.11
v 154.093 -87.8133 1198.44
v 154.755 -88.0825 1197.36
v 154.64 -84.4335 1185.69
v 155.449 -88.4835 1193.63
v 155.678 -85.5807 1182.06
v 155.597 -86.6162 1184.65
v 155.89 -83.9412 1179.39
v 155.87 -84.579 1179.97
v 155.771 -83.5855 1180.15
v 157.792 -85.1007 1186.61
v 158.131 -82.245 1171.26
v 156.906 -83.257 1183.08
v 157.623 -83.2049 1182.62
v 158.868 -85.3859 1182.69
v 158.539 -85.4875 1184.43
v 158.561 -83.88 1173.81
v 158.374 -84.8863 1177.26
v 159.92 -84.309 1179.47
v 158.727 -83.9119 1182.83
v 159.102 -84.1159 1182.28
v 159.289 -84.2845 1181.92
v 158.658 -85.069 1184.19
v 158.503 -84.904 1184.61
v 158.682 -82.9659 1171.22
v 159.043 -82.6764 1179.69
v 159.736 -82.9768 1179.19
v 158.903 -83.2634 1181.25
v 158.58 -81.1007 1169.38
v 158.238 -81.3152 1174.34
v 158.068 -81.7443 1176.75
v 159.286 -81.3738 1175.48
v 159.688 -81.6918 1176.25
v 159.268 -80.2353 1168.14
v 159.424 -80.126 1168.46
v 160.233 -83.9568 1173.9
v 159.883 -84.5067 1177.23
v 160.202 -83.7726 1178.72
v 161.286 -82.1443 1165.38
v 160.209 -82.361 1167.16
v 161.217 -83.2123 1174.45
v 160.188 -82.1746 1176.77
v 160.494 -82.5746 1176.89
v 160.686 -82.9898 1176.85
v 161.298 -80.8564 1160.55
v 160.155 -81.1583 1163.94
v 160.889 -80.4873 1171.25
v 161.012 -81.0143 1172.64
v 161.281 -81.7512 1173.74
v 160.681 -79.9336 1160.02
v 160.46 -79.6404 1160.7
v 161.075 -80.3242 1159.54
v 161.102 -78.9852 1164.62
v 159.943 -79.8404 1168.25
v 160.083 -79.949 1169.19
v 160.17 -80.2045 1170.54
v 160.701 -80.0426 1169.77
v 161.572 -78.4626 1154.89
v 161.149 -78.5686 1157.84
v 162.006 -82.1983 1165.87
v 162.134 -82.128 1171.32
v 161.668 -82.9028 1171.84
v 161.552 -82.7847 1173.45
v 161.729 -82.1314 1172.92
v 163.031 -80.9529 1167.56
v 162.562 -81.9602 1169.14
v 162.675 -80.7185 1168.48
v 161.669 -80.8083 1171
v 161.978 -81.1757 1171.07
v 162.261 -81.3353 1170.54
v 161.527 -81.9847 1173.44
v 161.658 -79.3028 1155.4
v 162.125 -79.645 1154.9
v 162.742 -79.9948 1154.89
v 161.505 -78.9545 1164.69
v 162.554 -79.1749 1164.86
v 162.078 -79.1967 1165.48
v 162.081 -79.9154 1167.92
v 162.501 -80.1765 1167.83
v 162.895 -77.6185 1147.47
v 162.955 -78.0699 1148.08
v 161.528 -78.7979 1155.18
v 161.658 -77.9822 1156.87
v 162.409 -77.9444 1159.38
v 162.722 -78.1269 1160.4
v 161.629 -78.2337 1160.1
v 163.093 -77.0456 1146.02
v 163.165 -76.5925 1146.33
v 163.145 -80.7106 1157.93
v 164.062 -80.5872 1162.16
v 163.164 -81.4661 1163.4
v 163.368 -81.1205 1165.89
v 163.093 -81.1743 1167.33
v 164.582 -78.9233 1147.8
v 164.34 -80.1387 1155.4
v 164.26 -80.4904 1159.95
v 164.552 -79.5622 1160.45
v 164.193 -80.1909 1162.22
v 164.348 -79.3754 1161.08
v 163.704 -79.1472 1162.53
v 163.072 -79.3115 1164.39
v 163.379 -79.7735 1164.82
v 163.624 -79.9383 1164.38
v 163.751 -80.3253 1164.34
v 163.688 -78.1994 1146.2
v 163.87 -77.5992 1143.77
v 164.229 -78.1315 1144.68
v 164.337 -78.4491 1145.8
v 163.719 -77.0757 1154.61
v 164.02 -77.2678 1155.36
v 164.295 -77.6258 1156.48
v 164.319 -78.2432 1158.53
v 163.277 -78.1908 1160.21
v 164.481 -78.7361 1159.4
v 163.347 -78.6764 1161.9
v 163.967 -75.7235 1144.65
v 163.143 -76.5146 1148.04
v 165.013 -78.8756 1147.4
v 165.117 -79.0501 1148.59
v 165.826 -78.9423 1152.27
v 165.421 -78.8691 1155.9
v 165.123 -79.3426 1157.39
v 166.251 -77.5309 1150.64
v 165.672 -77.3762 1152.35
v 164.919 -77.3655 1154.31
v 165.183 -78.7547 1156.95
v 165.69 -75.7694 1132.87
v 165.072 -75.8019 1134.95
v 165.843 -76.7517 1136.02
v 165.246 -76.7122 1137.08
v 165.86 -77.1951 1137.95
v 165.722 -76.3105 1148.66
v 165.998 -74.3839 1128.64
v 166.184 -74.5742 1128.27
v 165.504 -74.4401 1131.2
v 164.785 -75.6765 1135.9
v 166.053 -73.5021 1128.5
v 166.398 -78.2876 1145.53
v 166.576 -78.2024 1146.14
v 166.523 -78.0532 1149.31
v 166.53 -77.71 1149.54
v 166.647 -75.6044 1130.11
v 167.065 -75.8236 1130.37
v 167.538 -76.1456 1131.65
v 166.481 -76.9683 1136.3
v 166.786 -77.1062 1137.04
v 167.154 -77.2733 1138.7
v 167.397 -76.9851 1144.3
v 167.661 -74.6538 1124.97
v 166.754 -74.7225 1126.99
v 167.345 -72.5466 1120.83
v 167.691 -73.6166 1121.69
v 167.172 -73.3633 1122.56
v 166.604 -73.3923 1124.82
v 166.603 -73.1022 1124.82
v 166.992 -73.9758 1124.37
v 166.64 -72.7303 1126.71
v 166.646 -72.9144 1129.41
v 167.515 -73.3255 1132.84
v 166.662 -73.397 1133.17
v 167.865 -72.325 1118.55
v 167.79 -71.7532 1118.49
v 167.731 -71.6329 1119.08
v 167.808 -71.8905 1125.03
v 167.906 -76.3716 1133.39
v 168.224 -76.4129 1135.21
v 168.016 -76.6817 1139.08
v 168.319 -74.2718 1122.71
v 168.887 -74.6552 1124.06
v 168.109 -75.0252 1125.96
v 169.119 -75.2678 1128.2
v 168.527 -75.5227 1128.61
v 169.16 -74.4427 1132.87
v 169.286 -74.6441 1132.57
v 168.503 -72.3182 1116.77
v 168.599 -72.8544 1117.82
v 168.989 -72.9989 1117.61
v 169.283 -73.6971 1119.74
v 167.919 -73.9043 1122.05
v 168.324 -73.8017 1133.62
v 168.934 -74.0132 1132.71
v 168.579 -71.0694 1114.68
v 168.63 -71.4607 1114.85
v 167.985 -71.1802 1119.09
v 168.118 -71.1353 1120.38
v 168.674 -70.6667 1119.01
v 168.535 -71.6858 1124.51
v 168.817 -70.3553 1113.8
v 169.462 -70.3417 1118.39
v 169.725 -74.3927 1123.41
v 169.79 -74.7213 1127.09
v 169.809 -74.5661 1129.2
v 170.047 -72.3616 1114.38
v 170.425 -72.6652 1115.3
v 170.572 -73.2031 1117.81
v 171.063 -72.9157 1117.04
v 169.715 -73.7907 1120.07
v 171.038 -73.2278 1119.51
v 170.797 -73.5596 1123.05
v 170.823 -72.993 1123.75
v 171.246 -72.788 1121.54
v 170.228 -73.125 1126.38
v 169.597 -71.7213 1123.93
v 170.327 -71.8998 1123.22
v 170.863 -69.8487 1116.11
v 170.347 -68.4672 1107.37
v 170.662 -68.189 1108.33
v 171.531 -71.0249 1118.32
v 171.633 -71.9478 1119.42
v 171.416 -69.9151 1115.71
v 171.397 -68.4179 1102.07
v 172.017 -69.193 1102.39
v 171.145 -68.0724 1102.68
v 171.37 -69.0359 1103.32
v 171.178 -67.9376 1108.23
v 172.243 -67.8484 1108.25
v 172.611 -67.3254 1096.41
v 172.118 -66.5231 1100.79
v 172.455 -66.3946 1101.37
v 171.897 -67.4753 1106.68
v 172.64 -69.3534 1102.12
v 173.517 -69.5613 1102.74
v 173.969 -69.5837 1103.59
v 173.852 -69.988 1106.56
v 173.924 -69.9322 1107.3
v 173.468 -69.5227 1110.38
v 172.647 -67.8598 1097.55
v 173.183 -68.0729 1097.08
v 173.637 -67.7681 1106.44
v 173.176 -67.672 1106.86
v 173.693 -68.7959 1108.62
v 173.264 -69.0134 1110.11
v 173.067 -66.382 1093.02
v 173.294 -66.7414 1092.81
v 173.647 -67.0293 1092.42
v 172.753 -66.4174 1102.07
v 173.085 -66.494 1102.6
v 174.101 -66.4268 1101.72
v 173.314 -66.8554 1104
v 174.171 -64.7166 1086.14
v 174.038 -65.2565 1086.43
v 173.765 -65.9088 1088.87
v 172.964 -66.0524 1093.31
v 172.986 -65.7315 1093.69
v 172.993 -65.612 1094.72
v 173.372 -65.2547 1094.27
v 173.729 -65.0515 1094.39
v 173.261 -65.4943 1096.82
v 173.673 -65.3547 1096.79
v 173.703 -65.7288 1099.04
v 174.056 -65.8755 1099.65
v 174.839 -67.7745 1093.99
v 175.265 -68.1252 1096.83
v 175.398 -68.208 1098.37
v 175.698 -67.9262 1098.3
v 175.137 -68.0852 1102.72
v 174.991 -67.9033 1103.24
v 175.263 -67.0977 1089.64
v 175.773 -67.1124 1089.58
v 175.539 -66.5849 1099.36
v 175.475 -66.1752 1098.51
v 174.844 -66.453 1100.65
v 174.704 -67.1601 1102.8
v 175.001 -67.3701 1102.47
v 174.389 -64.4343 1089.77
v 174.555 -64.613 1092.44
v 175.301 -64.5882 1092.44
v 174.875 -64.8532 1094.25
v 175.518 -64.9892 1094.22
v 174.289 -65.0694 1095.55
v 174.303 -65.4146 1097.43
v 174.528 -65.6416 1098.3
v 174.933 -65.8026 1098.4
v 175.754 -63.471 1074.4
v 175.539 -64.0403 1075.89
v 175.663 -64.4856 1076.18
v 175.502 -63.4544 1077.27
v 175.508 -63.4004 1079.13
v 175.447 -64.2581 1090.04
v 176.158 -67.1023 1090.06
v 176.492 -67.0283 1090.8
v 176.663 -66.9468 1091.87
v 176.813 -66.7006 1092.89
v 176.806 -66.5104 1093.61
v 176.876 -66.1319 1093.31
v 176.323 -66.6071 1096.47
v 175.915 -67.4962 1098.42
v 176.099 -66.155 1096.67
v 175.86 -66.7814 1098.66
v 176.301 -64.4207 1073.75
v 176.729 -64.701 1073.7
v 177.104 -64.9402 1074.06
v 177.297 -65.123 1074.71
v 175.855 -65.0908 1077.32
v 176.317 -65.0463 1075.85
v 176.716 -65.2184 1075.82
v 176.902 -65.4791 1076.89
v 177.308 -65.4641 1076.56
v 176.237 -65.6923 1079.1
v 176.824 -65.8927 1079.58
v 177.252 -65.9082 1079.79
v 176.945 -64.3438 1087.85
v 177.5 -64.9266 1087.96
v 176.13 -64.431 1090.36
v 176.484 -64.6955 1090.89
v 176.963 -65.16 1091.06
v 176.941 -64.8156 1089.93
v 177.13 -65.5532 1091.27
v 176.484 -65.0497 1092.31
v 176.577 -65.5557 1093.61
v 176.752 -65.9624 1093.77
v 175.894 -65.5108 1095.49
v 177.316 -62.966 1067.86
v 176.42 -63.3852 1070.98
v 176.605 -62.9605 1069.7
v 176.905 -63.8345 1070.67
v 176.9 -63.4029 1069.68
v 177.315 -63.8417 1070
v 176.516 -63.7761 1071.48
v 176.925 -64.2508 1071.85
v 175.98 -63.9481 1073.62
v 175.961 -63.5093 1073.08
v 176.126 -62.8454 1072.36
v 176.584 -62.913 1078.6
v 177.266 -61.5159 1065.95
v 177.446 -62.3418 1066.4
v 176.922 -62.3263 1067.83
v 177.113 -62.7308 1067.84
v 176.518 -62.5263 1069.75
v 176.699 -61.9837 1070.98
v 177.095 -61.7044 1071.04
v 177.247 -61.1525 1066.42
v 177.456 -66.1038 1082.41
v 177.628 -66.0659 1083.32
v 177.668 -64.6104 1072.23
v 178.11 -64.411 1071.23
v 178.526 -64.4074 1071.34
v 178.326 -64.7677 1073
v 177.88 -65.0679 1074.34
v 178.283 -65.0197 1074.45
v 178.69 -64.847 1074.27
v 177.727 -65.5658 1077.53
v 178.339 -65.3207 1077.32
v 178.788 -64.9638 1077.47
v 178.825 -64.8637 1078.27
v 177.884 -65.7198 1079.55
v 178.274 -65.5035 1079.9
v 178.456 -65.1706 1081.48
v 178.001 -65.753 1083.16
v 177.864 -65.5747 1086.38
v 177.657 -65.5073 1088.05
v 177.737 -63.1425 1067.59
v 178.331 -63.1291 1066.95
v 178.717 -63.0885 1066.62
v 178.504 -63.9628 1069.48
v 178.694 -63.4962 1067.88
v 178.094 -63.9056 1069.41
v 177.689 -64.3065 1071.04
v 177.782 -63.0358 1078.5
v 178.795 -63.961 1078.7
v 178.916 -64.4028 1078.54
v 178.215 -63.7953 1080.75
v 178.091 -61.4004 1063.54
v 178.379 -61.6399 1063.48
v 178.588 -61.9999 1063.99
v 177.554 -61.7269 1065.21
v 178.957 -62.3412 1064.5
v 177.742 -62.5665 1066.29
v 177.709 -61.2545 1069.85
v 178.172 -61.4316 1070.8
v 177.52 -61.9954 1073.21
v 178.139 -62.5059 1075.31
v 178.872 -62.8015 1074.95
v 178.771 -60.6511 1061.09
v 178.251 -60.3183 1061.75
v 178.204 -59.9532 1061.72
v 178.409 -60.5471 1061.61
v 177.722 -60.3905 1065.4
v 177.993 -60.1954 1065.61
v 178.255 -60.5588 1067.63
v 178.882 -58.5914 1059.91
v 178.235 -59.5779 1062.1
v 179.094 -64.4667 1073
v 179.067 -64.5842 1074.06
v 179.212 -62.935 1066.16
v 179.532 -63.1484 1067.03
v 179.085 -63.7322 1068.87
v 179.49 -63.6476 1069.11
v 179.943 -63.1445 1067.85
v 180.176 -63.0532 1068.77
v 179.086 -64.2489 1071.4
v 179.514 -63.9658 1071.27
v 179.562 -63.9823 1072.43
v 179.313 -64.106 1075.6
v 179.455 -63.3844 1074.39
v 179.316 -63.1648 1074.56
v 180.15 -62.0402 1063.7
v 180.199 -62.4434 1065.24
v 180.313 -62.7603 1069.22
v 180.356 -61.8883 1068.74
v 179.889 -61.7284 1069.67
v 180.145 -62.7467 1070.4
v 179.086 -61.9351 1071.73
v 179.648 -62.7119 1072.38
v 180.427 -59.9952 1065.16
v 179.461 -60.2082 1066.56
v 179.357 -61.0728 1068.93
v 180.028 -58.4789 1055.43
v 180.414 -58.9576 1055.63
v 179.206 -58.7226 1057.72
v 179.147 -58.3603 1058.05
v 179.1 -58.336 1059.76
v 180.561 -56.5551 1053.23
v 179.972 -57.5502 1054.78
v 180.135 -57.1429 1054.35
v 179.959 -57.1822 1055.74
v 180.103 -57.0662 1056.37
v 180.28 -57.3748 1058.29
v 179.81 -57.6605 1058.69
v 180.944 -61.3663 1066.15
v 181.182 -61.4284 1064.39
v 181.223 -60.0026 1057.85
v 181.637 -60.1253 1058.64
v 181.847 -60.2456 1059.78
v 181.679 -59.9257 1062.57
v 181.527 -60.6175 1063.44
v 180.646 -60.4381 1065.68
v 180.961 -60.5675 1065.24
v 181.172 -59.1234 1055.31
v 182.081 -58.9258 1054.61
v 181.439 -59.4672 1062.57
v 181.962 -56.7609 1048.55
v 181.078 -56.5631 1050.85
v 181.27 -57.2448 1050.99
v 181.043 -56.9037 1051.13
v 181.84 -57.8393 1051.28
v 180.683 -56.7082 1056.11
v 181.112 -56.6868 1056.42
v 181.642 -56.8471 1056.86
v 180.927 -57.2102 1058.03
v 181.856 -56.3817 1048.35
v 182.209 -55.9931 1047.07
v 182.229 -55.751 1047.12
v 181.677 -55.9773 1048.9
v 181.714 -55.7616 1049.08
v 182.054 -55.386 1048.79
v 182.122 -55.274 1049.62
v 180.967 -56.349 1051.42
v 181.21 -55.9586 1051.23
v 181.519 -55.6629 1051.22
v 181.906 -55.4374 1051.08
v 180.903 -56.1721 1052.9
v 181.316 -55.8824 1052.85
v 181.735 -55.753 1052.98
v 180.869 -56.3079 1054.33
v 181.298 -56.126 1054.3
v 181.93 -56.0755 1054.42
v 182.306 -58.1485 1051.84
v 182.903 -58.3732 1052.89
v 183.466 -58.181 1053.16
v 183.448 -58.2319 1054.83
v 182.501 -59.0778 1055.68
v 182.891 -58.8743 1056.01
v 182.37 -59.5834 1059.29
v 182.615 -58.9658 1058.81
v 183.859 -56.9577 1043.13
v 183.816 -56.748 1042.53
v 183.227 -56.5773 1044.48
v 183.677 -57.0586 1044.69
v 182.924 -56.7723 1046.03
v 183.129 -57.1057 1046.66
v 182.478 -57.1627 1048.33
v 182.9 -57.4588 1048.66
v 183.366 -57.3284 1047.3
v 183.155 -57.871 1050.45
v 183.852 -57.7579 1050.65
v 183.277 -56.5682 1054.48
v 183.648 -57.7509 1054.78
v 182.29 -56.4045 1055.29
v 182.375 -57.0893 1056.82
v 182.591 -57.2977 1056.96
v 183.041 -57.8392 1056.87
v 182.899 -57.5501 1056.84
v 183.284 -55.9974 1043.65
v 183.278 -55.7414 1043.79
v 182.936 -56.1862 1044.85
v 183.401 -55.3713 1043.99
v 183.298 -55.1836 1044.72
v 183.514 -54.9203 1045.24
v 183.718 -55.0783 1044.04
v 182.54 -56.3879 1046.35
v 182.836 -55.3671 1045.64
v 182.908 -55.1355 1046.08
v 183.105 -54.9583 1046.31
v 183.511 -54.8036 1046.25
v 182.316 -55.3668 1047.53
v 182.517 -55.1515 1047.67
v 182.697 -55.0023 1048.46
v 183.098 -54.8794 1047.28
v 183.093 -54.8904 1048.45
v 183.505 -54.7793 1047.26
v 183.54 -54.8554 1048.41
v 182.505 -55.0984 1049.5
v 182.929 -55.0075 1049.49
v 183.692 -55.0706 1049.66
v 182.329 -55.3027 1051.05
v 183.086 -55.2353 1050.88
v 183.685 -55.4738 1051.21
v 182.484 -55.479 1052.11
v 182.909 -55.5651 1052.3
v 183.511 -55.8281 1052.47
v 183.747 -56.1674 1052.87
v 182.872 -56.092 1053.93
v 184.995 -57.5801 1038.5
v 184.94 -56.9452 1038.68
v 184.553 -57.3465 1040.5
v 184.731 -56.3873 1039.61
v 185.006 -57.8077 1039.21
v 184.112 -56.7648 1041.24
v 184.316 -57.2551 1042.05
v 184.943 -57.7462 1040.66
v 184.9 -57.6365 1041.92
v 185.331 -57.9551 1040.88
v 184.144 -57.2295 1043.62
v 185.049 -57.5227 1043.71
v 184.086 -57.3025 1045.25
v 184.668 -57.3942 1045.58
v 183.935 -57.5215 1048.27
v 185.109 -57.1932 1047.37
v 184.32 -57.4805 1048.68
v 184.668 -57.3322 1048.97
v 185.02 -56.757 1049.77
v 185.102 -56.9824 1048.81
v 184.535 -57.0012 1051.51
v 183.949 -56.5783 1053.15
v 184.121 -57.6282 1051.75
v 184.179 -56.8355 1052.81
v 184.904 -56.1463 1039.67
v 185.098 -55.7958 1040.07
v 184.135 -56.4581 1041.01
v 184.083 -55.9613 1041.48
v 184.522 -55.5944 1041.24
v 184.928 -55.464 1041.05
v 185.083 -55.223 1041.69
v 185.335 -55.1308 1042.02
v 184.085 -55.3574 1042.51
v 184.133 -55.039 1043.39
v 184.517 -55.2137 1042.23
v 184.71 -54.9998 1042.85
v 185.117 -54.9934 1042.73
v 184.104 -54.7672 1045.08
v 184.275 -54.8858 1043.9
v 184.697 -54.8356 1043.88
v 185.104 -54.8435 1044.08
v 184.71 -54.7887 1046.25
v 185.09 -54.983 1046.66
v 185.104 -54.8456 1045.44
v 184.309 -54.9842 1048.42
v 184.469 -54.8182 1047.09
v 184.893 -55.1783 1048.05
v 185.19 -55.5615 1048.42
v 185.467 -55.9415 1048.23
v 184.291 -55.2843 1049.67
v 184.686 -55.5682 1049.68
v 184.943 -55.9825 1049.81
v 185.15 -56.3769 1049.48
v 184.166 -55.9564 1051.63
v 184.098 -55.6979 1051.2
v 183.922 -54.7286 1046.26
v 184.311 -54.7344 1046.45
v 184.679 -54.7517 1045.44
v 183.912 -54.7451 1047.06
v 186.985 -60.4859 1032.4
v 186.736 -60.3516 1033.43
v 186.823 -60.4912 1034.07
v 186.538 -59.744 1036.04
v 186.912 -59.8279 1036.52
v 186.474 -59.0178 1034.17
v 186.719 -58.5945 1034.24
v 185.773 -58.7938 1036.8
v 185.767 -58.5293 1036.11
v 185.784 -58.3023 1036.03
v 185.659 -58.5844 1038.03
v 186.291 -59.0296 1038.06
v 186.876 -59.232 1038.07
v 185.507 -58.2652 1039.47
v 185.959 -58.3485 1040.1
v 185.942 -58.0589 1041.24
v 186.127 -57.9773 1035.62
v 185.725 -57.5793 1036.63
v 186.133 -57.2155 1036.61
v 186.563 -57.218 1036.32
v 186.511 -56.8103 1037.1
v 186.935 -57.1319 1036.38
v 185.485 -56.7745 1037.94
v 185.912 -56.5592 1037.87
v 186.898 -56.4266 1038.04
v 186.683 -57.9512 1041.47
v 185.493 -57.7409 1042.49
v 185.933 -57.6035 1043.14
v 186.647 -57.3534 1043.06
v 187.069 -56.6166 1043.16
v 185.518 -57.3477 1044.93
v 186.068 -57.0525 1045.07
v 186.3 -56.7683 1045.17
v 185.506 -56.7646 1047.74
v 185.504 -56.1574 1038.95
v 185.505 -55.7438 1039.88
v 185.923 -55.7006 1039.89
v 186.105 -56.0183 1038.99
v 186.511 -56.0137 1039.06
v 186.519 -55.7461 1040.05
v 185.493 -55.366 1041.03
v 185.904 -55.3893 1041.02
v 186.262 -55.421 1041.29
v 186.879 -55.7547 1040.92
v 185.517 -54.9692 1043.39
v 185.697 -55.1235 1042.28
v 185.912 -55.1024 1043.45
v 186.109 -55.2306 1042.44
v 186.505 -55.4405 1042.83
v 186.539 -55.5605 1043.69
v 186.861 -55.7724 1042.85
v 185.51 -54.9404 1044.27
v 186.19 -55.559 1045.23
v 186.082 -55.2308 1044.12
v 186.678 -55.9566 1044.18
v 185.473 -55.3438 1047.07
v 185.504 -55.0122 1045.42
v 185.777 -55.5624 1046.69
v 185.702 -55.2196 1045.86
v 186.068 -56.3665 1046.38
v 186.091 -55.9715 1046.25
v 188.321 -63.6701 1029.07
v 188.226 -63.2256 1028.63
v 188.455 -63.677 1029.7
v 187.973 -61.9207 1029.67
v 188.118 -61.2913 1030.03
v 187.74 -61.5363 1033.4
v 188.508 -61.1427 1029.95
v 187.395 -60.3042 1031.74
v 187.526 -59.7225 1032.21
v 187.93 -59.6471 1032.1
v 187.731 -60.8885 1034.82
v 188.083 -60.716 1035.32
v 187.334 -59.7787 1036.99
v 187.932 -59.7305 1037.13
v 187.094 -58.4685 1034.1
v 188.316 -58.9345 1033.19
v 187.501 -58.24 1034.32
v 188.105 -58.2357 1034.43
v 188.32 -58.0383 1035.03
v 187.287 -58.9254 1038.87
v 187.513 -58.3853 1039.84
v 187.943 -58.6875 1038.92
v 187.872 -58.114 1039.86
v 187.535 -57.5379 1035.63
v 187.287 -56.9658 1036.83
v 187.887 -57.4273 1036.1
v 187.926 -57.132 1037.01
v 188.304 -57.7071 1035.87
v 188.503 -57.6397 1036.63
v 188.457 -57.464 1037.39
v 187.268 -56.442 1038.33
v 187.509 -56.804 1037.44
v 187.893 -56.8914 1037.87
v 187.899 -56.7213 1039.03
v 188.12 -57.0018 1039.19
v 188.377 -57.9958 1039.04
v 188.378 -57.5962 1039.03
v 187.12 -57.7912 1041.42
v 187.087 -57.0092 1042.8
v 187.312 -56.1841 1039.63
v 187.572 -56.3488 1040.44
v 187.152 -55.9507 1041.68
v 187.406 -56.3725 1041.8
v 189.973 -67.7624 1023.22
v 189.966 -67.1988 1023.07
v 190.113 -66.793 1023.08
v 189.333 -66.0996 1025.89
v 189.427 -66.0638 1026.45
v 188.802 -63.0166 1027.74
v 189.045 -64.2834 1029.51
v 189.55 -63.7001 1030.81
v 189.025 -62.8401 1027.75
v 189.38 -62.5255 1027.98
v 189.881 -61.6804 1029.26
v 188.862 -61.8188 1033.56
v 189.329 -61.8648 1033.44
v 189.735 -61.672 1033.47
v 189.975 -61.2357 1033.67
v 188.705 -60.6592 1030.52
v 189.149 -61.2621 1029.67
v 189.28 -60.6178 1030.68
v 188.697 -59.9012 1031.65
v 189.075 -59.9336 1031.74
v 189.532 -60.1551 1031.72
v 189.914 -60.2961 1032.01
v 189.896 -60.0048 1032.82
v 190.09 -60.2365 1033.4
v 188.722 -60.5644 1035.51
v 188.859 -60.0739 1036.11
v 188.875 -59.0649 1033.28
v 189.135 -58.9381 1033.94
v 188.889 -58.4156 1034.92
v 189.182 -58.5808 1035.43
v 189.481 -59.1689 1034.23
v 189.46 -59.1679 1035.65
v 189.298 -58.7454 1035.69
v 188.996 -59.1745 1036.92
v 189.488 -59.5339 1035.65
v 188.809 -57.9439 1037.04
v 188.779 -57.9778 1037.6
v 191.712 -72.4079 1016.98
v 191.661 -71.8158 1016.94
v 191.214 -70.0455 1018.98
v 191.268 -70.6814 1020.57
v 191.581 -68.5868 1020.16
v 190.649 -69.2861 1020.67
v 190.99 -68.1187 1020.99
v 190.408 -64.0482 1025.97
v 191.281 -63.461 1027.62
v 191.583 -63.6097 1028.94
v 190.401 -64.3156 1029.96
v 190.976 -64.409 1029.58
v 190.911 -63.2418 1030.74
v 191.135 -63.0495 1030.47
v 190.653 -62.9038 1027.82
v 190.485 -61.6845 1029.89
v 190.773 -61.7958 1030.39
v 191.237 -62.7109 1029.73
v 190.562 -61.345 1032.26
v 190.47 -61.0037 1031.99
v 193.416 -76.786 1009.29
v 193.432 -76.3066 1009.49
v 193.37 -76.7853 1010.62
v 193.249 -76.0027 1012.65
v 192.516 -74.2767 1013.4
v 192.569 -74.7109 1013.61
v 193.145 -74.9652 1014.88
v 192.656 -73.9581 1013.23
v 192.747 -73.3731 1013.72
v 193.287 -73.1143 1013.68
v 192.167 -72.4023 1015.49
v 192.501 -73.8142 1016.28
v 191.819 -72.5863 1017.33
v 192.856 -73.8056 1016.82
v 193.304 -73.8347 1017.08
v 192.706 -72.576 1018.86
v 192.869 -71.0865 1016.66
v 192.123 -71.0652 1016.96
v 193.094 -72.2987 1019.4
v 192.015 -71.4989 1020.14
v 192.164 -70.8324 1021.31
v 192.757 -70.7997 1021.46
v 193.299 -71.3055 1020.69
v 193.016 -69.8772 1018.48
v 192.624 -69.5989 1022.99
v 193.3 -70.3796 1021.76
v 192.41 -69.0248 1019.55
v 192.795 -68.8387 1023.73
v 193.069 -67.4669 1024.09
v 193.065 -67.3533 1023.77
v 192.494 -66.8022 1025.82
v 192.637 -66.5868 1025.62
v 192.139 -64.9951 1026.41
v 194.956 -80.9909 1001.06
v 194.758 -80.2967 1002.16
v 194.841 -79.7683 1002.39
v 194.535 -79.9228 1004.44
v 194.706 -79.7604 1005.89
v 194.726 -78.9828 1008.01
v 194.12 -77.8781 1006.34
v 194.499 -77.3007 1006.64
v 194.968 -77.4843 1006.04
v 193.856 -78.1775 1007.54
v 194.056 -78.5176 1007.7
v 194.298 -78.2794 1009.11
v 193.881 -77.1281 1011.2
v 194.34 -77.5125 1010.9
v 194.918 -76.2479 1008.33
v 193.676 -75.6693 1009.83
v 193.745 -77.2518 1010.61
v 193.891 -76.4376 1012.71
v 194.317 -76.646 1012.6
v 194.317 -75.9419 1013.85
v 194.133 -74.5838 1011.24
v 194.918 -75.3911 1014.57
v 193.535 -75.0915 1015.01
v 193.905 -74.6816 1015.87
v 194.346 -74.8879 1015.52
v 194.256 -74.0716 1016.72
v 194.687 -74.3489 1016.1
v 194.939 -74.0624 1016.18
v 193.738 -72.7535 1014.18
v 194.517 -73.0141 1014.2
v 194.954 -72.6239 1016.91
v 194.818 -72.3687 1016.31
v 193.689 -73.724 1017.34
v 194.673 -72.6341 1017.93
v 195.085 -73.2558 1016.5
v 193.713 -70.454 1018.09
v 193.512 -72.279 1019.38
v 194.08 -72.28 1019.05
v 194.213 -71.763 1019.42
v 194.491 -71.7393 1018.88
v 193.492 -70.1297 1021.82
v 193.672 -69.8889 1021.75
v 193.826 -69.7423 1021.45
v 196.463 -84.7557 992.474
v 196.346 -84.5514 992.183
v 196.573 -83.7458 991.693
v 196.216 -83.9685 992.673
v 196.02 -82.9061 994.739
v 196.294 -82.3891 995.14
v 196.506 -82.1641 995.407
v 195.577 -82.6291 997.287
v 196.113 -83.4842 997.149
v 195.701 -82.9293 997.468
v 196.518 -83.302 998.643
v 196.096 -82.878 999.322
v 195.444 -81.7756 998.179
v 195.702 -81.5648 997.797
v 195.859 -81.1354 998.359
v 196.132 -80.9541 998.491
v 195.266 -81.5958 1001.39
v 195.673 -81.7095 1002.17
v 196.119 -81.9167 1002.13
v 195.486 -80.6884 1004.7
v 195.916 -80.6797 1005.02
v 196.311 -80.5712 1005.29
v 195.898 -79.5429 1001.7
v 195.09 -79.2359 1002.82
v 195.886 -79.783 1006.92
v 196.304 -79.7428 1006.88
v 195.293 -79.2847 1007.81
v 195.882 -79.0208 1008.36
v 195.838 -77.9263 1005.19
v 196.477 -78.7174 1003.83
v 195.119 -78.2367 1009.86
v 196.115 -78.1213 1009.68
v 196.56 -77.6151 1009.53
v 195.061 -77.2979 1011.56
v 195.503 -77.6722 1010.82
v 196.178 -77.3383 1010.66
v 196.455 -77.109 1008.14
v 195.441 -76.0516 1008.94
v 196.092 -76.5067 1011.72
v 196.198 -76.3411 1011.5
v 196.192 -76.0941 1011.33
v 195.08 -76.6854 1012.56
v 195.664 -76.8374 1011.97
v 195.112 -75.2163 1014.64
v 195.492 -75.2353 1014.12
v 195.653 -75.0072 1013.96
v 195.206 -74.1299 1015.68
v 198.258 -88.6119 978.615
v 197.959 -88.0044 979.041
v 197.87 -87.8045 982.269
v 197.635 -87.4147 982.975
v 197.62 -87.2762 984.325
v 197.905 -87.6134 983.841
v 198.111 -87.2515 986.31
v 197.273 -86.5251 984.532
v 197.781 -85.7242 984.217
v 197.436 -86.0237 984.258
v 197.116 -86.3173 986.808
v 197.325 -86.3518 988.424
v 197.915 -86.6213 988.718
v 198.105 -86.526 989.305
v 197.487 -85.8908 990.995
v 197.924 -86.0153 991.022
v 198.08 -85.325 993.284
v 196.733 -84.9044 993.252
v 197.51 -85.0655 993.986
v 197.104 -84.8751 994.231
v 196.687 -84.1474 996.134
v 197.092 -84.2547 996.281
v 197.497 -84.3148 996.264
v 197.898 -84.3402 996.104
v 198.118 -84.092 996.552
v 196.969 -83.2993 992.102
v 197.952 -83.3592 991.748
v 197.699 -83.2547 998.877
v 198.105 -83.4112 998.076
v 196.898 -83.2474 999.068
v 197.304 -83.2598 999.064
v 198.026 -82.0914 1000.61
v 198.153 -82.7307 999.292
v 197.126 -82.0498 1001.91
v 196.721 -80.9693 998.309
v 197.704 -80.8591 999.79
v 197.519 -81.8633 1001.92
v 197.879 -80.8923 1002.27
v 196.694 -81.9303 1002.3
v 197.556 -81.1142 1003.13
v 197.708 -80.8098 1003.13
v 196.889 -81.0445 1004.09
v 197.114 -80.748 1004.42
v 197.106 -80.1531 1005.39
v 197.285 -79.9332 1005.31
v 197.37 -79.6273 1005.29
v 196.71 -79.6086 1006.77
v 196.86 -79.2676 1007.05
v 199.571 -90.6405 966.353
v 199.878 -91.3784 965.835
v 199.29 -90.2321 968.402
v 199.396 -90.0442 967.959
v 199.497 -90.716 967.21
v 199.293 -90.2234 972.75
v 198.716 -89.3578 972.859
v 199.016 -89.9719 972.651
v 198.61 -89.2904 974.341
v 198.349 -88.5219 975.744
v 198.956 -89.2286 978.065
v 198.331 -88.536 979.976
v 199.682 -88.7871 980.745
v 199.107 -88.3493 973.349
v 199.083 -87.5588 976.213
v 199.68 -87.8661 974.641
v 198.31 -86.8438 979.805
v 198.491 -88.3164 981.933
v 198.911 -88.2439 982.891
v 199.086 -87.9227 984.286
v 199.485 -88.0722 983.576
v 199.726 -87.98 983.617
v 199.51 -86.8919 987.294
v 198.34 -86.9361 987.884
v 199.104 -86.9175 987.787
v 198.887 -85.8853 982.935
v 198.489 -86.6965 988.807
v 199.643 -86.5376 987.879
v 198.886 -86.0478 990.638
v 199.097 -85.9887 990.474
v 198.503 -86.0296 991
v 199.454 -85.4509 990.67
v 198.498 -85.3678 992.924
v 199.495 -84.9881 990.637
v 198.709 -83.6485 991.899
v 199.22 -84.3201 991.031
v 199.107 -84.9952 992.728
v 198.687 -84.62 994.51
v 198.859 -84.3332 994.705
v 198.953 -84.1271 994.684
v 198.471 -83.2422 997.643
v 198.367 -82.5186 998.951
v 198.34 -81.9384 998.78
v 198.55 -82.6211 997.872
v 201.002 -92.5904 956.883
v 201.121 -93.1261 956.563
v 200.873 -91.7966 958.711
v 200.932 -92.9213 958.938
v 200.468 -92.0656 960.28
v 201.235 -93.231 958.667
v 200.174 -91.8094 962.81
v 201.093 -91.4421 959.203
v 200.374 -91.3927 961.287
v 200.076 -91.1716 962.986
v 200.202 -90.7247 963.422
v 201.105 -90.6289 962.204
v 200.255 -89.8873 965.963
v 200.229 -91.6656 966.316
v 200.231 -91.1856 969.555
v 200.651 -90.6974 972.306
v 201.165 -89.6524 966.896
v 201.438 -89.5286 968.353
v 199.964 -90.0104 975.412
v 200.365 -89.7111 976.57
v 201.015 -88.4677 977.853
v 200.558 -89.1141 978.39
v 200.308 -87.9036 975.098
v 200.892 -88.1806 975.796
v 201.089 -88.423 976.45
v 200.535 -88.4398 980.434
v 200.794 -88.4481 979.367
v 200.091 -87.9637 982.993
v 200.365 -86.9318 982.268
v 200.272 -87.5108 983.549
v 200.286 -87.12 984.093
v 199.99 -86.508 982.161
v 202.98 -95.4391 945.517
v 202.754 -94.209 947.877
v 202.069 -93.7471 950.846
v 202.184 -94.171 949.862
v 202.09 -94.4866 951.865
v 201.971 -94.1777 951.189
v 202.074 -93.3266 951.672
v 202.303 -93.2877 951.265
v 201.674 -93.0933 953.36
v 201.702 -92.6385 954.356
v 202.108 -92.3194 954.759
v 202.427 -92.1519 955.317
v 202.022 -92.5768 963.355
v 202.02 -91.8799 965.958
v 202.051 -91.0663 968.278
v 202.057 -90.1963 968.759
v 202.061 -90.4871 969.18
v 201.907 -89.941 968.074
v 204.504 -97.5646 939.837
v 204.429 -96.3231 939.211
v 203.951 -96.4677 940.458
v 204.132 -96.3382 939.929
v 203.313 -96.011 944.107
v 203.615 -95.3979 943.097
v 203.691 -95.1123 943.625
v 204.104 -94.9688 943.534
v 203.127 -95.3068 944.798
v 203.384 -95.8743 947.861
v 202.927 -94.783 953.3
v 203.909 -95.1486 951.562
v 204.61 -94.5748 945.285
v 204.065 -94.2085 946.54
v 203.087 -93.8517 948.304
v 203.116 -93.3835 949.979
v 203.275 -93.3017 958.618
v 203.364 -92.825 952.766
v 203.761 -92.7684 955.601
v 203.393 -92.2813 959.024
v 203.403 -92.6833 959.362
v 205.423 -98.6433 933.515
v 205.659 -98.6956 932.211
v 205.716 -98.1876 932.591
v 205.361 -98.6841 934.664
v 205.993 -99.1543 934.863
v 205.934 -97.9233 932.743
v 204.838 -97.3423 936.314
v 204.759 -96.8013 937.468
v 205.328 -96.8196 936.513
v 206.104 -96.484 937.843
v 205.984 -97.2664 941.969
v 206.214 -96.5193 942.644
v 204.93 -97.0333 943.74
v 205.379 -97.0863 943.332
v 205.767 -96.5198 944.209
v 205.102 -96.4036 945.854
v 204.655 -96.1985 939.121
v 205.193 -96.2349 938.489
v 204.931 -95.5071 941.254
v 205.712 -95.7546 941.029
v 205.892 -95.769 941.884
v 206.012 -95.8877 943.212
v 204.599 -95.2509 950.12
v 204.701 -94.7679 950.861
v 204.544 -94.1707 947.566
v 204.72 -94.3152 951.032
v 207.497 -101.3 924.443
v 207.718 -100.303 924.45
v 206.788 -100.196 927.116
v 206.806 -99.795 927.31
v 206.857 -99.4529 927.735
v 207.102 -99.2825 927.726
v 206.664 -98.1496 931.381
v 207.19 -98.3964 930.464
v 207.629 -98.416 930.815
v 207.626 -98.2033 932.027
v 207.879 -98.3472 932.411
v 206.746 -99.5079 934.053
v 206.887 -99.0213 935.718
v 206.282 -97.0221 935.537
v 207.014 -97.9584 938.047
v 209.3 -101.893 918.649
v 208.416 -102.248 920.19
v 208.175 -101.621 921.288
v 208.408 -102.472 921.146
v 208.358 -101.413 921.108
v 208.833 -102.489 923.087
v 208.676 -101.148 927.768
v 209.439 -101.039 921.358
v 208.238 -100.223 924.109
v 208.154 -101.173 927.96
v 209.094 -101.189 927.084
v 207.906 -99.6317 932.678
v 208.405 -99.0343 931.182
v 208.1 -99.2023 932.936
v 208.012 -98.7474 933.541
v 210.879 -105.106 910.344
v 210.427 -104.748 912.231
v 209.904 -104.218 916.041
v 210.937 -103.762 912.373
v 209.921 -103.966 914.068
v 210.13 -103.902 913.451
v 210.556 -103.82 912.687
v 209.762 -104.063 915.189
v 210.729 -104.05 917.863
v 210.763 -103.433 919.448
v 209.518 -102.59 916.778
v 209.703 -101.802 918.679
v 209.724 -101.294 925.425
v 210.074 -101.212 923.735
v 212.695 -107.206 903.507
v 212.15 -106.177 905.81
v 212.247 -106.877 905.308
v 212.073 -106.79 906.513
v 211.494 -105.885 911.232
v 212.155 -104.643 914.654
v 211.487 -104.609 915.748
v 211.335 -102.747 917.088
v 211.777 -103.764 916.703
v 211.8 -103.324 916.162
v 211.885 -103.542 916.214
v 213.799 -108.523 899.525
v 213.971 -108.849 899.12
v 212.719 -106.316 904.535
v 213.45 -106.434 903.56
v 213.949 -106.67 902.755
v 213.028 -105.696 905.925
v 213.844 -106.297 904.085
v 213.915 -106.968 907.302
v 214.074 -106.54 907.532
v 214.026 -106.119 907.652
v 212.835 -106.863 908.481
v 213.492 -107.099 907.544
v 212.587 -104.555 910.069
v 212.968 -104.762 910.213
v 213.332 -105.169 909.821
v 215.559 -110.505 893.398
v 214.823 -109.845 897.426
v 214.693 -109.708 896.814
v 215.194 -109.984 897.937
v 214.636 -109.17 896.62
v 214.569 -108.624 897.413
v 214.946 -108.63 896.847
v 215.571 -107.817 900.347
v 215.945 -108.876 900.303
v 215.857 -108.185 900.543
v 216.491 -111.64 890.715
v 216.576 -111.091 894.601
v 216.319 -109.646 893.245
v 216.727 -109.618 893.365
v 217.076 -109.678 893.605
v 216.804 -110.618 895.814
v 216.006 -108.598 900.306
v 218.658 -113.879 884.44
v 217.732 -112.706 888.991
v 218.453 -112.111 890.568
v 218.557 -111.337 891.07
v 218.674 -111.733 890.641
v 218.355 -110.899 890.98
v 219.924 -114.435 878.729
v 220.226 -113.706 880.041
v 219.889 -114.39 883.689
v 220.52 -114.723 882.424
v 219.243 -113.289 881.847
v 219.704 -112.703 883.484
v 221.285 -116.49 873.588
v 221.757 -116.348 872.272
v 221.442 -116.817 874.207
v 221.803 -116.921 874.924
v 221.899 -114.748 877.472
v 220.939 -114.796 881.781
v 221.03 -114.507 882.094
v 221.252 -114.425 881.626
v 220.901 -113.712 882.633
v 223.84 -119.06 867.643
v 223.243 -118.482 866.187
v 223.465 -118.37 865.599
v 223.398 -118.14 870.993
v 223.038 -117.437 873.262
v 222.647 -116.893 869.792
v 223.033 -116.765 869.831
v 222.525 -115.91 877.001
v 222.689 -115.798 876.482
v 222.363 -116.046 877.173
v 222.355 -115.184 876.808
v 224.796 -120.058 859.863
v 225.315 -119.564 860.156
v 224.071 -119.733 863.543
v 224.377 -119.804 861.503
v 224.383 -120.069 863.151
v 224.459 -119.038 862.449
v 224.91 -119.762 865.282
v 225.425 -119.239 865.749
v 225.14 -119.114 866.609
v 224.308 -117.668 866.968
v 225.27 -118.747 866.626
v 223.953 -118.193 870.422
v 224.127 -117.716 870.969
v 224.386 -117.495 869.889
v 224.353 -117.383 869.374
v 224.074 -117.371 871.369
v 224.106 -117.167 869.39
v 227.058 -123.738 848.473
v 226.583 -122.825 850.587
v 226.429 -122.783 852.698
v 226.682 -122.474 850.625
v 226.3 -122.413 855.005
v 226.233 -121.761 853.207
v 225.926 -121.75 854.224
v 226.254 -121.162 854.618
v 225.755 -121.756 855.207
v 225.431 -121.407 857.347
v 226.603 -121.631 858.437
v 226.95 -121.636 857.97
v 227.061 -120.81 858.635
v 225.777 -121.168 860.24
v 226.706 -120.915 859.968
v 226.685 -120.482 860.483
v 226.026 -120.57 861.994
v 226.585 -120.153 859.057
v 225.702 -119.485 860.492
v 226.034 -119.622 860.365
v 226.49 -119.967 860.843
v 226.233 -119.715 862.42
v 225.619 -118.905 864.818
v 225.524 -118.774 864.206
v 228.469 -125.734 840.171
v 228.452 -125.544 839.909
v 228.026 -125.079 844.344
v 228.421 -125.263 844.454
v 227.937 -124.666 842.835
v 227.662 -124.56 844.429
v 227.894 -124.978 843.927
v 228.091 -123.669 844.994
v 227.837 -124.182 848.888
v 228.288 -124.277 848.546
v 228.514 -124.103 848.856
v 227.944 -122.285 850.751
v 228.753 -123.301 849.307
v 227.281 -121.975 851.347
v 227.895 -122.924 853.122
v 228.11 -122.26 851.903
v 228.257 -123.175 851.71
v 228.187 -122.694 852.711
v 228.349 -122.766 851.818
v 227.549 -122.861 853.812
v 227.116 -122.595 854.983
v 227.686 -122.172 855.208
v 227.542 -121.708 856.253
v 227.476 -121.284 855.933
v 227.771 -121.785 854.962
v 229.936 -127.326 833.203
v 229.939 -127.14 832.917
v 230.063 -126.968 832.598
v 229.731 -127.147 836.031
v 229.997 -126.487 833.771
v 229.048 -126.363 837.037
v 229.327 -126.783 836.9
v 229.149 -126.064 836.671
v 230.159 -125.903 835.724
v 228.79 -126.177 839.105
v 228.857 -126.21 839.686
v 229.321 -126.562 838.934
v 230.102 -126.025 840.524
v 230.21 -125.674 840.719
v 228.722 -125.875 841.671
v 229.276 -125.976 841.729
v 230.091 -125.257 840.952
v 229.602 -124.92 840.174
v 229.049 -125.095 845.095
v 228.827 -123.832 848.711
v 231.782 -128.747 826.838
v 231.84 -128.554 826.254
v 231.563 -128.696 828.264
v 231.516 -128.647 829.196
v 231.096 -128.368 829.516
v 231.087 -128.371 830.147
v 231.371 -128.336 827.751
v 231.449 -128.154 827.468
v 231.059 -127.578 829.173
v 231.2 -128.367 828.63
v 231.528 -127.467 828.709
v 230.697 -127.939 830.193
v 230.774 -127.742 829.721
v 230.342 -127.768 832.222
v 231.084 -128.273 831.28
v 231.331 -128.268 831.593
v 230.283 -127.701 833.424
v 231.594 -127.393 833.697
v 231.589 -126.972 833.435
v 230.467 -127.63 834.456
v 231.083 -127.548 834.54
v 231.127 -126.895 835.852
v 230.847 -127.052 836.351
v 231.131 -126.54 833.581
v 230.863 -126.203 835.679
v 230.494 -125.906 836.248
v 231.048 -126.494 836.191
v 233.208 -129.35 822.689
v 233.305 -128.936 822.461
v 233 -128.961 823.078
v 233.176 -128.427 823.768
v 231.964 -128.755 826.017
v 232.202 -128.962 825.533
v 232.393 -128.773 824.669
v 232.394 -128.539 824.798
v 232.664 -129.331 825.616
v 232.719 -129.336 824.672
v 233.299 -129.56 824.891
v 232.638 -129.031 827.725
v 231.939 -128.821 828.766
v 232.714 -128.693 828.706
v 233.191 -128.602 827.782
v 232.464 -128.316 825.024
v 232.707 -127.918 826.264
v 233.113 -128.019 826.433
v 231.894 -127.341 829.229
v 232.507 -127.648 829.255
v 232.731 -128.121 829.38
v 234.912 -130.21 819.471
v 234.313 -130.038 822.055
v 234.616 -129.956 819.597
v 234.575 -129.747 819.465
v 234.636 -129.38 819.507
v 235.035 -129.743 818.517
v 233.673 -129.333 821.427
v 234.024 -129.566 820.663
v 234.135 -129.361 820.442
v 234.259 -129.925 820.6
v 234.349 -129.045 820.561
v 233.672 -129.752 822.136
v 233.898 -129.893 822.114
v 233.815 -129.728 824.007
v 233.946 -128.487 823.364
v 234.345 -129.339 824.3
v 234.303 -128.652 823.649
v 234.624 -129.851 822.823
v 234.477 -128.942 823.97
v 233.678 -129.477 825.122
v 233.562 -128.514 826.615
v 233.566 -128.355 826.203
v 236.532 -130.344 815.842
v 235.729 -130.345 817.558
v 236.092 -130.612 817.687
v 235.083 -130.326 819.746
v 235.719 -130.458 819.459
v 236.267 -130.152 819.728
v 235.507 -129.966 817.608
v 235.687 -129.756 817.362
v 235.967 -129.969 816.765
v 235.883 -129.58 817.323
v 236.167 -129.436 817.436
v 235.156 -129.954 818.311
v 236.483 -129.954 819.479
v 236.511 -129.735 819.33
v 235.34 -129.035 820.28
v 235.61 -129.542 821.333
v 235.979 -129.331 819.883
v 235.447 -129.757 821.634
v 235.357 -129.164 821.446
v 237.995 -130.146 813.626
v 237.273 -130.355 814.555
v 236.848 -130.555 815.462
v 236.843 -130.154 815.262
v 237.125 -130.784 815.437
v 237.676 -130.987 815.323
v 237.895 -130.929 815.882
v 238.206 -131.076 814.9
v 236.857 -130.544 818.167
v 237.14 -130.354 818.068
v 237.317 -130.142 817.854
v 236.685 -129.944 815.652
v 237.271 -129.781 815.224
v 237.37 -129.644 815.782
v 237.191 -129.577 816.697
v 238.15 -129.816 815.392
v 237.133 -129.762 817.871
v 238.289 -130.743 813.103
v 238.606 -130.399 812.566
v 238.845 -131.091 812.765
v 238.71 -130.058 812.944
v 239.306 -131.272 812.782
v 239.553 -130.034 812.613
v 239.993 -130.405 813.26
v 238.492 -130.896 815.354
v 238.229 -130.744 815.969
v 238.51 -130.76 815.54
v 238.457 -130.169 815.713
v 238.569 -130.554 815.656
v 241.281 -131.413 810.907
v 239.838 -131.293 812.75
v 240.26 -130.958 812.952
v 240.068 -130.727 813.328
v 240.498 -130.242 811.895
v 242.259 -131.648 808.915
v 242.569 -131.305 806.608
v 242.566 -130.634 807.057
v 242.228 -130.943 807.115
v 241.763 -130.362 809.18
v 242.463 -131.145 809.737
v 242.957 -131.348 808.87
v 242.012 -130.942 810.422
v 244.39 -131.837 804.003
v 243.06 -131.636 806.287
v 244.076 -131.817 806.258
v 244.508 -131.78 805.836
v 243.303 -131.653 807.846
v 243.262 -131.144 805.358
v 243.335 -130.95 805.365
v 244.003 -131.546 804.155
v 244.051 -131.168 803.905
v 243.955 -130.773 804.771
v 243.547 -130.623 807.049
v 244.223 -131.147 806.912
v 244.272 -131.342 806.845
v 244.253 -130.957 806.655
v 244.644 -131.548 806.065
v 244.69 -131.156 806.053
v 244.507 -130.844 805.856
v 243.378 -130.943 808.218
v 243.194 -130.738 808.215
v 243.457 -131.154 808.203
v 245.512 -132.155 786.256
v 245.702 -132.357 786.163
v 245.716 -132.155 786.111
v 245.702 -131.956 786.192
v 245.904 -132.343 786.079
v 245.904 -132.155 786.053
v 245.904 -131.969 786.123
v 246.112 -132.543 786.2
v 246.104 -132.355 786.075
v 246.092 -132.155 786.054
v 246.104 -131.957 786.139
v 245.297 -132.161 786.675
v 245.329 -132.14 787.173
v 245.432 -132.356 786.454
v 245.356 -132.347 786.652
v 245.369 -132.348 786.992
v 245.356 -132.155 786.471
v 245.419 -131.954 786.459
v 245.345 -131.96 786.794
v 245.518 -132.543 786.666
v 245.57 -132.538 787.198
v 245.526 -131.753 786.813
v 245.708 -132.61 786.456
v 245.702 -131.734 786.458
v 245.73 -131.662 786.708
v 245.758 -131.634 787.832
v 245.913 -132.579 786.259
v 245.905 -132.69 786.46
v 245.911 -132.719 786.793
v 245.909 -131.816 786.264
v 245.905 -131.692 786.466
v 246.112 -132.61 786.27
v 246.099 -132.707 786.468
v 246.111 -131.825 786.267
v 246.097 -131.712 786.451
v 246.115 -131.657 786.696
v 246.152 -131.58 787.86
v 245.832 -131.764 790.983
v 245.903 -132.159 791.421
v 245.998 -131.778 793.551
v 246.225 -132.153 794.984
v 246.089 -131.961 796.323
v 246.019 -131.749 796.04
v 245.954 -131.754 797.292
v 245.803 -131.74 798.683
v 245.977 -131.956 798.305
v 245.537 -131.738 800.12
v 245.686 -131.998 800.584
v 246.044 -132.071 801.959
v 245.924 -131.754 803.404
v 244.441 -131.919 804.637
v 245.081 -131.941 804.287
v 245.56 -131.909 803.716
v 245.455 -131.763 804.315
v 246.109 -131.501 791.219
v 246.104 -131.531 793.657
v 246.049 -131.555 795.857
v 245.998 -131.56 796.744
v 246.163 -131.352 796.563
v 245.865 -131.355 798.457
v 246.097 -131.117 798.763
v 245.48 -131.336 800.111
v 245.675 -131.006 800.707
v 245.934 -130.914 801.488
v 244.813 -131.553 802.24
v 244.831 -131.155 802.257
v 244.665 -130.924 803.108
v 245.119 -130.817 802.999
v 245.064 -130.788 803.652
v 245.793 -131.162 803.671
v 245.711 -130.905 802.815
v 246.017 -131.554 803.402
v 246.081 -131.355 803.197
v 246.14 -131.153 802.676
v 245.211 -131.151 804.995
v 245.067 -130.817 804.319
v 245.273 -131.354 805.012
v 245.488 -130.963 803.893
v 245.694 -131.555 804.109
v 245.796 -131.355 803.895
v 244.733 -131.354 806.043
v 246.297 -132.362 786.126
v 246.298 -132.159 786.116
v 246.306 -132.677 786.469
v 246.348 -132.708 787.23
v 246.315 -132.548 786.264
v 246.304 -131.913 786.261
v 246.298 -131.778 786.458
v 246.517 -132.642 786.821
v 246.492 -132.361 786.261
v 246.528 -132.549 786.463
v 246.637 -132.536 786.875
v 246.655 -132.349 786.468
v 246.501 -132.14 786.271
v 246.652 -132.145 786.468
v 246.5 -131.915 786.46
v 246.648 -131.952 786.837
v 246.487 -131.822 786.685
v 246.509 -131.691 787.755
v 246.745 -132.347 786.801
v 246.728 -132.161 786.688
v 246.893 -132.154 787.792
v 247.073 -132.351 789.538
v 246.898 -131.701 789.607
v 247.203 -132.341 790.864
v 247.269 -132.154 790.747
v 247.126 -131.953 789.799
v 247.163 -131.756 790.88
v 246.446 -132.515 791.744
v 247.075 -132.462 791.008
v 247.388 -132.157 792.089
v 247.337 -131.954 791.444
v 247.442 -131.947 792.515
v 247.338 -131.75 792.285
v 247.085 -132.45 793.344
v 247.292 -132.347 792.73
v 247.486 -131.753 793.894
v 246.475 -132.305 795.651
v 247.302 -132.329 794.51
v 247.484 -132.154 794.217
v 247.476 -132.149 795.307
v 247.541 -131.955 794.192
v 247.559 -131.955 795.449
v 247.546 -131.762 795.264
v 246.866 -132.395 795.59
v 247.103 -132.348 796.032
v 247.301 -132.208 796.825
v 247.512 -131.964 796.62
v 247.52 -131.76 796.846
v 246.277 -132.186 798.794
v 246.902 -132.308 797.468
v 246.891 -132.225 798.721
v 247.097 -132.251 797.641
v 247.111 -132.116 798.779
v 247.264 -131.946 798.836
v 247.404 -131.955 797.83
v 247.4 -131.755 798.274
v 246.424 -132.209 799.526
v 246.906 -132.114 799.628
v 247.108 -131.956 799.551
v 247.239 -131.755 799.318
v 246.532 -132.075 800.933
v 246.464 -131.979 801.568
v 246.601 -131.953 801.244
v 246.541 -131.743 801.928
v 246.713 -131.951 800.994
v 246.781 -131.764 801.173
v 246.902 -131.48 791.666
v 246.301 -131.383 793.643
v 246.65 -131.301 793.709
v 246.897 -131.349 793.424
v 247.291 -131.503 794.024
v 246.295 -131.299 795.816
v 246.48 -131.182 796.543
v 246.909 -131.196 796.485
v 247.273 -131.389 795.808
v 247.446 -131.552 796.109
v 246.657 -131.109 797.748
v 247.09 -131.247 797.782
v 247.383 -131.562 798.028
v 246.698 -131.085 799.439
v 247.003 -131.562 800.441
v 247.231 -131.555 799.262
v 247.134 -131.352 799.02
v 246.637 -131.355 801.553
v 246.499 -131.058 800.689
v 246.485 -131.156 801.495
v 246.735 -131.555 801.439
v 246.871 -131.357 800.637
v 246.403 -131.547 802.428
v 82.42 -90.1545 1330.66
v 82.5065 -90.5545 1331.06
v 82.9042 -90.9136 1331.46
v 82.3896 -89.5545 1330.46
v 82.6327 -88.7545 1330.66
v 82.9042 -88.4717 1330.86
v 83.7118 -90.8362 1332.78
v 84.3042 -90.5967 1333.46
v 84.5042 -90.3545 1333.59
v 84.5042 -88.9545 1333.34
v 84.5042 -88.9545 1333.34
v 84.5042 -88.5879 1333.06
v 84.5042 -88.7304 1333.26
v 84.5042 -88.7304 1333.26
v 84.4998 -89.8966 1333.62
v 83.3042 -88.228 1331.26
v 83.5042 -88.1311 1331.66
v 83.9042 -88.1545 1332.11
v 84.286 -88.3576 1332.66
v 84.8132 -88.8885 1333.15
v 84.7042 -89.4075 1333.66
v 84.7042 -89.1545 1333.54
v 223.465 -118.37 865.599
v 224.796 -120.058 859.863
v 224.459 -119.038 862.449
v 226.254 -121.162 854.618
v 231.594 -127.393 833.697
v 232.731 -128.121 829.38
v 242.569 -131.305 806.608
v 242.566 -130.634 807.057
v 244.003 -131.546 804.155
v 245.537 -131.738 800.12
v 246.049 -131.555 795.857
v 245.48 -131.336 800.111
v 245.675 -131.006 800.707
v 244.813 -131.553 802.24
v 244.831 -131.155 802.257
vn -0.624465 -0.496402 -0.603017
vn -0.524313 -0.753783 -0.396116
vn -0.495851 -0.794563 -0.350431
vn -0.411888 -0.90355 -0.118096
vn -0.900509 0.130748 0.414715
vn -0.631774 0.130324 -0.764118
vn -0.502427 0.48789 -0.713814
vn -0.838254 0.256836 0.481005
vn -0.208928 0.84912 -0.485123
vn -0.242891 -0.951243 0.190107
vn -0.80762 0.0300462 0.588937
vn -0.0798427 -0.927564 0.365035
vn 0.0874418 -0.871197 0.483084
vn 0.156207 -0.821245 0.548777
vn -0.684144 0.0352937 0.728492
vn 0.397533 -0.443893 0.803073
vn -0.197187 0.844309 -0.498257
vn -0.75831 0.305578 0.575837
vn -0.682761 0.252315 0.685693
vn -0.684319 0.514479 0.516739
vn -0.768021 0.396415 0.50299
vn -0.700597 0.13055 0.701513
vn -0.105989 0.910686 -0.399271
vn -0.0636493 0.939323 -0.337078
vn -0.806522 0.269949 0.525975
vn -0.0186677 0.947166 -0.320199
vn 0.0893036 0.978792 -0.184366
vn 0.160092 0.981754 -0.102615
vn 0.230247 0.973061 0.0118086
vn 0.321568 0.938956 0.122294
vn -0.648787 0.447632 0.615387
vn -0.670291 -0.302026 -0.677857
vn -0.517425 -0.77475 -0.363364
vn -0.631221 0.152271 -0.760509
vn -0.578497 -0.649386 -0.493597
vn 0.460557 -0.159657 0.873154
vn 0.489985 0.695628 0.525373
vn -0.548788 0.307424 0.777382
vn 0.530995 0.557356 0.638277
vn 0.630026 0.0677676 0.773612
vn -0.428839 -0.876987 -0.216774
vn -0.634264 -0.57051 -0.521755
vn -0.686608 -0.343815 -0.640594
vn -0.518946 0.461208 -0.71971
vn -0.685006 -0.0339292 -0.727747
vn -0.603529 0.300476 -0.738558
vn 0.33969 -0.71197 0.614581
vn 0.524153 -0.409528 0.746693
vn 0.636905 -0.0273926 0.770456
vn -0.347632 0.714056 -0.607681
vn 0.258282 0.966057 0.00484504
vn 0.51036 0.774533 0.373672
vn 0.605077 0.583105 0.542098
vn 0.65487 0.312011 0.688327
vn -0.277418 -0.960584 -0.0178418
vn -0.112092 -0.978395 0.173722
vn 0.0561284 -0.937439 0.343596
vn 0.167018 -0.876558 0.451388
vn 0.286872 -0.783838 0.550729
vn -0.710567 -0.169341 -0.682949
vn -0.516657 0.504899 -0.691479
vn 0.491207 -0.517152 0.700906
vn 0.651545 0.480071 0.587385
vn 0.622156 -0.18651 0.760352
vn 0.677411 0.165509 0.716744
vn 0.41135 0.888419 0.203723
vn 0.554461 0.727227 0.404615
vn -0.563089 -0.738337 -0.3712
vn -0.664485 -0.532575 -0.524237
vn 0.399223 -0.67492 0.620567
vn -0.652905 0.202154 -0.729965
vn -0.370658 0.725401 -0.580006
vn -0.121816 0.908111 -0.400619
vn 0.125044 0.97929 -0.159234
vn 0.622556 0.616121 0.482514
vn 0.696618 0.27641 0.662058
vn 0.668415 -0.0929604 0.737956
vn 0.342779 0.936092 0.0789561
vn -0.445422 -0.876218 -0.183959
vn -0.299666 -0.953961 -0.0126214
vn 0.0393873 -0.948461 0.314437
vn -0.728643 -0.322965 -0.603964
vn -0.696173 0.104169 -0.710276
vn -0.578647 -0.737338 -0.348568
vn -0.641761 -0.633905 -0.431633
vn 0.572996 -0.404349 0.712865
vn 0.182963 -0.875567 0.44711
vn -0.579712 0.425398 -0.694961
vn 0.489204 0.829343 0.269945
vn 0.689535 0.418077 0.591399
vn 0.463193 -0.616363 0.636827
vn 0.722511 0.264908 0.638594
vn 0.572163 0.736363 0.361109
vn 0.662521 0.558261 0.49941
vn -0.673729 -0.597634 -0.434653
vn -0.759353 -0.254594 -0.598803
vn -0.55272 -0.783144 -0.284932
vn -0.412884 -0.90339 -0.115818
vn 0.184121 -0.884653 0.428356
vn 0.321914 -0.776831 0.541208
vn -0.735001 0.0216173 -0.677721
vn -0.603148 0.425639 -0.67457
vn -0.362214 0.761903 -0.53694
vn 0.690671 -0.126661 0.711991
vn 0.589246 -0.420504 0.689903
vn 0.487082 0.843681 0.225728
vn 0.331807 0.942457 0.0409874
vn 0.646305 0.621089 0.443326
vn -0.22593 -0.971728 0.0685561
vn -0.718137 0.186035 -0.670574
vn 0.333881 -0.78753 0.517996
vn 0.720568 -0.11199 0.684281
vn 0.478817 -0.622329 0.619227
vn 0.632922 -0.365146 0.682699
vn 0.0509665 0.972799 -0.225972
vn -0.11235 0.925859 -0.360781
vn 0.478086 0.859058 0.182902
vn 0.585471 0.74279 0.324789
vn 0.75523 0.15659 0.63648
vn 0.72528 0.401299 0.559399
vn 0.738873 0.11129 0.664591
vn 0.66907 0.59042 0.451386
vn -0.733059 -0.485232 -0.476627
vn -0.588145 -0.753762 -0.293136
vn 0.151267 -0.911162 0.383278
vn -0.65088 0.411221 -0.638164
vn -0.534567 0.580824 -0.613906
vn 0.759907 0.287955 0.582772
vn -0.378949 0.758145 -0.530674
vn 0.194455 0.97585 -0.099522
vn 0.67792 0.594722 0.432124
vn 0.731784 0.453421 0.508823
vn -0.492865 -0.852415 -0.174565
vn -0.0289546 -0.970411 0.239719
vn -0.779088 -0.0556587 -0.624439
vn -0.41817 0.735201 -0.533491
vn -0.232926 0.872939 -0.428628
vn 0.765781 0.0540978 0.640822
vn 0.684293 -0.290145 0.668999
vn 0.533664 -0.57216 0.622765
vn -0.0259897 0.961347 -0.274112
vn 0.598958 0.738704 0.309137
vn -0.696127 -0.604713 -0.386949
vn 0.176921 -0.907946 0.379912
vn 0.376182 -0.767814 0.518603
vn 0.601804 -0.492665 0.62858
vn 0.737165 -0.176224 0.652329
vn 0.532352 0.817812 0.218597
vn 0.693429 0.588381 0.41589
vn 0.78483 0.11438 0.609064
vn 0.361522 0.930761 0.0546502
vn -0.116884 -0.980705 0.156703
vn -0.531051 0.638454 -0.557102
vn -0.772331 0.135134 -0.62068
vn -0.788106 -0.303054 -0.535767
vn 0.528967 -0.619185 0.580348
vn 0.68006 -0.369013 0.633521
vn -0.255521 0.8736 -0.414165
vn -0.072952 0.954861 -0.287957
vn 0.662447 0.657789 0.358438
vn 0.769746 0.33514 0.543298
vn -0.359537 -0.931849 -0.0488997
vn -0.260404 -0.964939 0.0328866
vn 0.0307129 -0.963564 0.265708
vn 0.380675 -0.782532 0.492677
vn 0.745737 0.482486 0.459439
vn 0.798657 0.183663 0.573075
vn 0.771024 -0.0925056 0.630051
vn 0.113441 0.981722 -0.152819
vn -0.808075 -0.258271 -0.529444
vn -0.800231 0.0733447 -0.59519
vn 0.0757161 -0.956866 0.280491
vn -0.0691836 -0.981893 0.17635
vn 0.199669 -0.905513 0.374404
vn 0.335095 -0.82982 0.446219
vn 0.579662 -0.567324 0.584924
vn -0.70924 0.381871 -0.592582
vn 0.653672 0.679551 0.333053
vn 0.780841 -0.104428 0.61594
vn 0.709596 -0.328701 0.623241
vn -0.470461 -0.868768 -0.154625
vn -0.29357 -0.955898 -0.00868779
vn 0.0553541 -0.967102 0.248295
vn 0.208037 -0.910308 0.357855
vn 0.503175 -0.682652 0.529907
vn 0.642141 -0.487967 0.591223
vn 0.753664 -0.240823 0.611551
vn -0.464889 0.740354 -0.485545
vn -0.257041 0.885826 -0.386319
vn 0.0187626 0.979369 -0.201209
vn 0.811621 0.0989132 0.575749
vn 0.732202 0.539656 0.415513
vn 0.788521 0.347751 0.507251
vn -0.739364 -0.524133 -0.422642
vn -0.641011 -0.699655 -0.315576
vn -0.126337 -0.985048 0.117128
vn 0.373945 -0.812318 0.447553
vn 0.205323 -0.918507 0.337917
vn -0.597735 0.606133 -0.524705
vn -0.74641 0.318686 -0.584219
vn 0.791601 -0.132476 0.596504
vn 0.675573 -0.447085 0.586274
vn -0.525853 -0.822439 -0.216963
vn -0.36515 -0.927525 -0.0797622
vn 0.0269613 -0.977446 0.209457
vn 0.191694 -0.931278 0.309798
vn 0.362486 -0.832624 0.418736
vn 0.552227 -0.647499 0.525158
vn -0.816635 0.046711 -0.575262
vn -0.157306 0.943869 -0.290457
vn 0.801602 0.327861 0.499941
vn 0.820735 0.123646 0.557769
vn 0.730825 -0.353328 0.583998
vn 0.0893593 0.988508 -0.121932
vn 0.269623 0.962965 -0.00120017
vn 0.44844 0.881728 0.14648
vn -0.345608 -0.934756 -0.0823807
vn -0.180067 -0.982128 0.0547688
vn -0.0195128 -0.986661 0.161612
vn -0.680818 0.496723 -0.538288
vn -0.296053 0.889449 -0.348184
vn 0.739924 0.525894 0.419463
vn -0.660489 -0.664606 -0.349361
vn -0.435241 -0.885156 -0.164514
vn -0.550134 -0.793703 -0.259594
vn -0.200587 -0.979552 0.0155621
vn -0.0410056 -0.990855 0.128553
vn 0.142919 -0.95617 0.255565
vn -0.771637 -0.442758 -0.456663
vn 0.328126 -0.867506 0.373854
vn 0.818979 -0.0464651 0.571939
vn 0.741481 -0.355122 0.569293
vn 0.485838 -0.736843 0.470131
vn 0.629778 -0.562825 0.535357
vn 0.270421 0.962183 0.0328149
vn 0.617067 0.728421 0.29771
vn -0.297728 -0.951558 -0.0767759
vn -0.118128 -0.991367 0.05689
vn 0.0787336 -0.978584 0.190197
vn 0.49563 -0.741704 0.451915
vn -0.834136 -0.149145 -0.531011
vn -0.423984 0.815304 -0.394358
vn 0.0497788 0.991757 -0.118068
vn -0.610719 -0.722217 -0.324692
vn -0.451601 -0.869473 -0.200184
vn -0.131777 -0.99092 0.0266758
vn -0.00055926 -0.992537 0.121946
vn 0.302514 -0.894468 0.32926
vn 0.653438 -0.549679 0.520453
vn 0.524322 -0.727375 0.442733
vn -0.781489 0.290636 -0.552093
vn -0.531452 0.732999 -0.424583
vn -0.12447 0.971848 -0.200045
vn 0.611713 0.729145 0.306846
vn 0.768255 -0.306539 0.561977
vn 0.702592 0.593556 0.392499
vn 0.0759329 0.994742 -0.0687168
vn 0.456432 0.871747 0.178122
vn -0.225841 -0.972865 -0.0503033
vn -0.331293 -0.93447 -0.130426
vn 0.0371741 -0.99132 0.126106
vn 0.170592 -0.959002 0.226305
vn 0.362653 -0.86941 0.335573
vn 0.801116 -0.225716 0.554316
vn 0.737739 -0.409515 0.536692
vn -0.226349 0.945655 -0.233457
vn 0.243141 0.968662 0.0507652
vn 0.818077 -0.141789 0.557356
vn 0.834366 0.0400099 0.549757
vn -0.165494 -0.985624 -0.034009
vn 0.0388391 -0.993799 0.104188
vn -0.0823083 -0.995838 0.0391465
vn -0.853025 -0.0977554 -0.512632
vn -0.766906 -0.462907 -0.44449
vn -0.457546 -0.860167 -0.22531
vn 0.208556 -0.951714 0.225265
vn 0.712375 -0.483169 0.508989
vn 0.553483 -0.709935 0.435486
vn -0.752531 0.446055 -0.484491
vn -0.387788 0.87362 -0.293953
vn 0.0230424 0.996803 -0.0765058
vn 0.482697 0.844509 0.231966
vn 0.802154 0.343529 0.488402
vn 0.0334993 -0.996345 0.078575
vn 0.214837 -0.954878 0.205067
vn 0.623758 -0.641602 0.446401
vn 0.783191 -0.338898 0.521306
vn 0.409627 -0.848432 0.335214
vn 0.837493 -0.0636365 0.54273
vn 0.841041 0.139708 0.52262
vn -0.506686 0.79899 -0.323857
vn -0.0892061 0.989665 -0.112271
vn -0.431889 -0.874139 -0.222154
vn -0.303596 -0.942752 -0.138016
vn -0.128425 -0.991088 -0.0353834
vn 0.386153 -0.873937 0.295162
vn 0.24661 -0.948712 0.197811
vn -0.862064 0.0939446 -0.498016
vn -0.730549 -0.551965 -0.402035
vn -0.844028 -0.243343 -0.477912
vn -0.567185 -0.765747 -0.303204
vn 0.546948 -0.741828 0.387994
vn -0.783298 0.424874 -0.453792
vn -0.272132 0.943548 -0.188841
vn 0.199157 0.977733 0.0661463
vn 0.419795 0.882559 0.211804
vn -0.348196 -0.918957 -0.18514
vn -0.491311 -0.829824 -0.264585
vn -0.203844 -0.973785 -0.100948
vn 0.0791715 -0.993472 0.0821246
vn 0.322237 -0.922593 0.2121
vn 0.501752 -0.798573 0.332455
vn -0.743516 -0.541066 -0.392978
vn -0.833355 -0.328443 -0.444573
vn -0.879901 0.0592745 -0.471446
vn 0.804931 -0.346725 0.481526
vn 0.714612 -0.524516 0.462831
vn 0.799583 0.375416 0.468753
vn 0.839965 -0.149181 0.521732
vn 0.852167 0.12727 0.507556
vn -0.788179 0.458664 -0.410366
vn -0.534259 0.789326 -0.302543
vn 0.0254773 0.99966 -0.00555027
vn 0.729681 0.548365 0.408486
vn 0.591837 0.740694 0.317964
vn -0.0733573 -0.996182 -0.0473244
vn -0.0184575 -0.999822 0.00382198
vn 0.176393 -0.977877 0.112439
vn 0.565346 -0.757788 0.325793
vn -0.857991 -0.28577 -0.426835
vn -0.888644 0.166923 -0.427139
vn -0.64043 -0.68752 -0.342295
vn 0.755891 -0.494117 0.429507
vn 0.864199 -0.150604 0.480081
vn 0.831508 0.304727 0.464473
vn 0.676306 -0.608848 0.414625
vn 0.863411 -0.0460709 0.502393
vn -0.727301 0.599862 -0.333465
vn -0.146214 0.98725 -0.0629235
vn 0.122467 0.989563 0.0759419
vn 0.278263 0.949376 0.14579
vn -0.212956 -0.968467 -0.129309
vn 0.0647649 -0.997814 0.0131496
vn 0.225274 -0.969308 0.0984541
vn 0.120598 -0.990856 0.0605068
vn 0.57655 -0.763578 0.290757
vn 0.352089 -0.915943 0.192566
vn -0.738185 -0.56057 -0.375292
vn -0.612842 -0.723103 -0.318666
vn 0.754112 -0.519565 0.401706
vn 0.774691 0.483084 0.408024
vn 0.867914 0.188882 0.4594
vn -0.579028 0.783868 -0.224226
vn -0.443579 0.875335 -0.192423
vn 0.500203 0.822931 0.269409
vn 0.692338 0.617947 0.372571
vn -0.356277 -0.911315 -0.206328
vn -0.116065 -0.988047 -0.101446
vn 0.0872717 -0.996122 -0.0111205
vn -0.0245002 -0.998657 -0.0456511
vn 0.158732 -0.986423 0.0421142
vn 0.328253 -0.935917 0.127705
vn 0.53294 -0.812659 0.235711
vn 0.39099 -0.902347 0.181373
vn -0.791424 -0.48074 -0.377541
vn -0.899772 -0.155251 -0.407807
vn 0.735173 -0.589329 0.33498
vn 0.874878 -0.241694 0.419729
vn 0.770307 -0.511473 0.380817
vn 0.891141 0.0984412 0.44292
vn 0.872864 -0.183512 0.452141
vn -0.916307 0.0919281 -0.389782
vn -0.800951 0.51312 -0.30852
vn -0.359914 0.925058 -0.121369
vn -0.0925549 0.995689 0.00611573
vn 0.11472 0.988782 0.0956557
vn 0.2939 0.939539 0.175755
vn -0.209586 -0.965532 -0.154344
vn -0.0294126 -0.996291 -0.0808705
vn 0.305939 -0.947642 0.0915241
vn 0.435464 -0.885826 0.160262
vn 0.437864 -0.885359 0.156249
vn -0.864172 -0.333007 -0.377244
vn -0.70132 -0.630541 -0.332518
vn -0.492532 -0.829203 -0.264264
vn 0.567119 -0.791825 0.226692
vn 0.862109 -0.33176 0.38302
vn 0.906148 0.0273645 0.422075
vn 0.82596 0.390029 0.407023
vn -0.929033 -0.0792813 -0.361404
vn -0.899235 0.30657 -0.312076
vn -0.564154 0.805095 -0.183175
vn -0.304117 0.950862 -0.0580853
vn 0.0111473 0.996932 0.0774724
vn 0.666642 0.664088 0.338489
vn 0.180314 -0.983578 0.00782705
vn -0.14836 -0.97822 -0.14517
vn -0.332861 -0.919032 -0.211148
vn 0.0489212 -0.996609 -0.0661559
vn 0.58318 -0.791639 0.182233
vn 0.393245 -0.913766 0.101935
vn 0.868438 -0.367331 0.332992
vn 0.920616 0.0271553 0.389523
vn 0.903873 -0.189295 0.383641
vn 0.713452 -0.649113 0.263892
vn 0.82707 -0.454011 0.331405
vn 0.58871 -0.77966 0.213424
vn 0.748996 -0.586052 0.309108
vn 0.901134 0.145081 0.408546
vn -0.594561 0.788576 -0.156989
vn 0.385129 0.893913 0.229337
vn 0.260635 0.949564 0.174352
vn 0.84786 0.363047 0.386433
vn -0.622859 -0.722675 -0.299646
vn -0.0249994 -0.993334 -0.112531
vn 0.144612 -0.988429 -0.045784
vn 0.25495 -0.966824 0.0158899
vn 0.453549 -0.885821 0.0980575
vn 0.664504 -0.719647 0.20135
vn 0.841805 -0.454098 0.29182
vn 0.760267 -0.591826 0.267836
vn 0.920244 -0.155097 0.359299
vn -0.933477 -0.136366 -0.331701
vn -0.814474 -0.464109 -0.348189
vn 0.562558 0.774459 0.289382
vn 0.912055 0.162026 0.376701
vn 0.838553 0.40343 0.36616
vn 0.732666 0.584174 0.349201
vn -0.780663 0.594231 -0.193532
vn -0.169825 0.984888 0.0339915
vn 0.129806 0.980608 0.146825
vn 0.150999 -0.986401 -0.0649021
vn -0.209231 -0.960936 -0.181173
vn 0.253286 -0.967149 -0.0216329
vn 0.32981 -0.943715 0.0250529
vn 0.491646 -0.86627 0.0886609
vn 0.796833 -0.559648 0.22771
vn 0.608274 -0.778475 0.154855
vn 0.757344 -0.61257 0.226248
vn 0.877979 -0.382628 0.28766
vn 0.91934 -0.208685 0.333563
vn -0.818565 -0.478624 -0.317601
vn -0.782296 -0.531512 -0.324821
vn 0.879262 0.313749 0.358413
vn 0.935489 -0.136369 0.32598
vn 0.930486 0.109481 0.349586
vn 0.932515 0.0369605 0.359234
vn 0.743284 0.57809 0.336661
vn -0.349685 0.936841 -0.0070795
vn -0.0411947 0.993718 0.104054
vn 0.376516 0.896812 0.232301
vn -0.0174489 -0.991867 -0.126074
vn 0.543735 -0.834574 0.0885345
vn 0.384835 -0.922672 0.0240388
vn 0.630016 -0.76318 0.143654
vn -0.632996 -0.714762 -0.297374
vn -0.185798 -0.965003 -0.185061
vn -0.412243 -0.877214 -0.246071
vn 0.734066 -0.655641 0.176868
vn 0.880758 -0.392655 0.264742
vn 0.804608 0.488826 0.337127
vn 0.903149 0.260489 0.341274
vn 0.939252 -0.150966 0.308246
vn 0.940978 0.0503609 0.334701
vn 0.667179 0.677296 0.310068
vn -0.955584 0.0928106 -0.279723
vn -0.839671 -0.438369 -0.320603
vn -0.768028 0.623324 -0.146967
vn -0.452249 0.891704 -0.0183073
vn 0.155487 0.973324 0.168712
vn -0.257753 -0.942785 -0.211471
vn -0.149389 -0.972714 -0.177513
vn -0.0230202 -0.989762 -0.140856
vn 0.650472 -0.750485 0.116871
vn 0.200364 -0.977936 -0.0591221
vn 0.467545 -0.883095 0.0393056
vn 0.643997 -0.756462 0.114165
vn 0.949198 -0.111945 0.294093
vn 0.75489 -0.635867 0.160667
vn 0.898379 -0.366991 0.241314
vn 0.809973 -0.550367 0.202584
vn 0.947231 0.0241196 0.319644
vn 0.917673 -0.287768 0.273982
vn 0.348466 0.908211 0.231787
vn 0.732315 0.604553 0.313417
vn 0.848409 0.414878 0.328753
vn -0.757838 0.641997 -0.116285
vn -0.531113 0.846917 -0.0255267
vn -0.104024 0.98933 0.102005
vn -0.087582 -0.980611 -0.175306
vn 0.0762903 -0.988688 -0.129135
vn 0.401159 -0.915925 -0.0123967
vn 0.225001 -0.972051 -0.0670141
vn 0.563321 -0.82412 0.0591212
vn 0.758492 -0.636055 0.141858
vn -0.303673 -0.922444 -0.238496
vn -0.482073 -0.833702 -0.269343
vn 0.887885 -0.406282 0.21586
vn 0.52998 0.802157 0.275072
vn 0.951678 -0.127593 0.279337
vn 0.93341 0.162646 0.31983
vn -0.944069 0.235309 -0.231004
vn -0.935289 -0.196206 -0.294512
vn -0.233582 0.968886 0.0818529
vn 0.0358378 0.986082 0.16235
vn 0.144553 0.972545 0.182377
vn -0.655111 0.753289 -0.0581783
vn 0.588574 -0.806574 0.0549409
vn -0.170857 -0.96173 -0.214203
vn -0.0694699 -0.980493 -0.183868
vn -0.193521 -0.958311 -0.210212
vn 0.2547 -0.963887 -0.0777741
vn 0.667197 -0.741144 0.0745188
vn 0.868251 -0.462704 0.179014
vn 0.746663 -0.653929 0.121952
vn 0.891599 0.325013 0.315305
vn 0.946085 -0.203249 0.252216
vn 0.9544 0.044346 0.295219
vn -0.480898 -0.831386 -0.278451
vn -0.711727 -0.631695 -0.307256
vn 0.795728 0.519845 0.310771
vn 0.262547 0.938843 0.222808
vn 0.561459 0.777905 0.282183
vn 0.70361 0.644056 0.300206
vn -0.845908 0.515751 -0.135796
vn -0.961124 0.145739 -0.23452
vn -0.443407 0.895977 0.0248048
vn -0.295723 0.951832 0.0810237
vn -0.0553842 0.987595 0.146932
vn 0.131021 -0.982765 -0.130413
vn 0.373415 -0.925965 -0.0561241
vn 0.450005 -0.892935 -0.0127366
vn 0.568902 -0.822125 0.0214785
vn 0.948401 -0.206437 0.240666
vn 0.957518 0.0472489 0.284476
vn -0.393569 -0.876847 -0.276121
vn -0.0313299 -0.981546 -0.188644
vn -0.274632 -0.930266 -0.243275
vn 0.756424 -0.646146 0.10158
vn 0.961554 -0.115351 0.249214
vn 0.91812 0.258143 0.300697
vn -0.814965 -0.487742 -0.312953
vn -0.568925 -0.765789 -0.299819
vn -0.59148 0.806209 -0.0133171
vn -0.116531 0.982228 0.147135
vn 0.142089 0.968128 0.206248
vn -0.402442 0.912987 0.0670446
vn -0.195214 -0.952025 -0.235671
vn 0.140176 -0.978502 -0.151276
vn 0.221739 -0.967939 -0.118009
vn 0.434798 -0.899231 -0.0483117
vn 0.638274 -0.768976 0.0358136
vn 0.962596 -0.129558 0.237958
vn 0.873451 -0.460369 0.158568
vn -0.677507 -0.664777 -0.314731
vn -0.208287 -0.945574 -0.250014
vn 0.243736 0.939343 0.241303
vn 0.423638 0.86337 0.274085
vn 0.937771 0.189501 0.290988
vn -0.920373 -0.251216 -0.299674
vn -0.959165 0.17582 -0.221563
vn -0.765724 -0.555586 -0.324022
vn -0.208844 0.968018 0.139015
vn 0.0385968 0.979166 0.199359
vn -0.839442 0.531095 -0.115219
vn -0.649389 0.760246 -0.017874
vn -0.404991 0.910499 0.0835114
vn 0.753299 -0.653088 0.0775648
vn -0.543966 -0.779623 -0.310304
vn 0.00596971 -0.978193 -0.207612
vn -0.378042 -0.880647 -0.285561
vn 0.106288 -0.978945 -0.174271
vn -0.0443789 -0.97731 -0.20711
vn 0.240543 -0.962028 -0.128998
vn 0.381595 -0.920764 -0.0811059
vn 0.570729 -0.821115 -0.00623603
vn 0.906208 -0.387834 0.16844
vn -0.257459 -0.927577 -0.270767
vn 0.237258 0.938415 0.251171
vn 0.763263 0.564725 0.313872
vn -0.85893 -0.396621 -0.32393
vn -0.685404 -0.647447 -0.333218
vn -0.824443 0.557343 -0.098304
vn -0.203121 0.966854 0.154709
vn 0.00119496 0.977413 0.211334
vn -0.577085 0.816197 0.0282069
vn 0.245469 -0.959274 -0.139782
vn 0.620304 -0.784358 0.00244636
vn 0.820041 -0.563407 0.100526
vn -0.227837 -0.932904 -0.278891
vn -0.523382 -0.788702 -0.322521
vn -0.388912 -0.871049 -0.300037
vn -0.10107 -0.965203 -0.241179
vn 0.446765 -0.891613 -0.0736622
vn 0.447151 0.844821 0.293824
vn -0.788476 -0.511302 -0.341871
vn -0.941493 -0.158443 -0.297467
vn 0.307816 0.908697 0.281992
vn -0.963381 0.104072 -0.247116
vn -0.933792 0.304542 -0.187847
vn -0.264494 0.95301 0.147701
vn 0.455245 -0.88695 -0.0779201
vn 0.0963559 -0.975926 -0.195666
vn 0.317408 -0.939834 -0.126353
vn 0.590962 -0.806415 -0.0213951
vn 0.965272 -0.102406 0.240341
vn -0.533603 -0.77456 -0.339593
vn -0.249372 -0.92097 -0.299378
vn -0.386529 -0.867058 -0.314333
vn -0.0613449 -0.966333 -0.249874
vn 0.659127 0.679154 0.322957
vn 0.497987 0.808868 0.312636
vn 0.837474 0.437632 0.327285
vn -0.867324 -0.366237 -0.337075
vn -0.936852 -0.163285 -0.309266
vn -0.710625 -0.606968 -0.35581
vn -0.0414829 0.97495 0.218523
vn 0.221112 0.933483 0.282346
vn -0.679406 0.733662 -0.0121068
vn -0.449596 0.888278 0.0939439
vn 0.124218 -0.971157 -0.20353
vn 0.314717 -0.938678 -0.140846
vn 0.751325 -0.657695 0.0542944
vn -0.540236 -0.765079 -0.350429
vn -0.347824 -0.879757 -0.324108
vn 0.511585 0.794796 0.326466
vn 0.681254 0.64781 0.340932
vn -0.180786 0.965282 0.188539
vn 0.0532119 0.965182 0.25611
vn 0.237622 0.924355 0.298502
vn 0.494609 -0.865858 -0.0751792
vn 0.962694 -0.101916 0.250667
vn 0.879481 -0.455462 0.138084
vn -0.437036 -0.831494 -0.342954
vn 0.421099 0.843854 0.332545
vn 0.664198 0.658261 0.354308
vn 0.903713 0.275727 0.327533
vn -0.700381 0.713585 -0.016189
vn 0.685406 -0.728036 0.0135085
vn -0.595815 -0.72207 -0.351595
vn -0.347249 -0.879591 -0.325173
vn -0.959073 -0.0485979 -0.278959
vn -0.83918 -0.420914 -0.344394
vn -0.89397 0.42353 -0.146422
vn 0.815256 0.457916 0.3545
vn -0.878616 -0.365521 -0.307291
vn -0.0204365 0.970651 0.239622
vn 0.22245 0.928027 0.298801
vn 0.805704 -0.586893 0.0799809
vn 0.94011 -0.275945 0.20012
vn -0.379322 -0.871913 -0.309648
vn -0.120717 -0.955874 -0.267828
vn 0.924381 -0.341348 0.170299
vn 0.717546 0.597904 0.357265
vn 0.863734 0.37323 0.338619
vn 0.934198 0.175892 0.310382
vn 0.955414 0.056842 0.289747
vn 0.913715 0.24515 0.324078
vn -0.593716 -0.738095 -0.320495
vn 0.460708 0.82264 0.333184
vn 0.680041 0.644787 0.34899
vn 0.564008 0.748239 0.349332
vn -0.944001 0.284547 -0.167019
vn -0.375983 0.918782 0.120323
vn -0.195987 0.963401 0.182887
vn 0.0847004 0.963298 0.25472
vn 0.312766 0.90047 0.302209
vn -0.744237 0.667305 -0.0285578
vn -0.535305 0.842744 0.0568441
vn 0.248826 -0.954889 -0.162089
vn 0.581688 -0.812435 -0.0398507
vn 0.966434 -0.0661423 0.248254
vn -0.110519 -0.967938 -0.225568
vn -0.401709 -0.870016 -0.285837
vn 0.867084 -0.48553 0.111472
vn 0.610685 0.716753 0.336643
vn 0.797255 0.500506 0.337458
vn 0.922603 0.233996 0.306676
vn -0.494477 -0.830081 -0.257795
vn -0.742706 -0.60788 -0.280837
vn 0.283059 0.917998 0.277773
vn 0.46337 0.829234 0.312504
vn 0.742145 0.583996 0.328891
vn -0.899579 -0.367324 -0.236287
vn -0.974233 -0.0782224 -0.211545
vn -0.72663 -0.635915 -0.260039
vn -0.204032 0.967332 0.150463
vn -0.352907 0.928226 0.117699
vn -0.162485 0.971196 0.174288
vn -0.0480935 0.976589 0.209668
vn 0.0775175 0.970166 0.229714
vn -0.983075 0.0887482 -0.160273
vn -0.891804 0.443328 -0.0902607
vn 0.17982 -0.970837 -0.158558
vn 0.967389 -0.146817 0.206404
vn 0.755617 -0.653906 0.0380702
vn 0.953181 -0.232608 0.193233
vn 0.955878 0.117882 0.269075
vn 0.947811 0.186922 0.25829
vn 0.902952 -0.411297 0.124545
vn 0.834421 0.46719 0.292361
vn 0.612067 0.724845 0.316187
vn 0.801989 0.509367 0.312023
vn 0.893052 0.338623 0.296298
vn 0.878609 0.364226 0.308847
vn -0.840556 -0.486093 -0.239122
vn -0.635959 -0.731457 -0.246023
vn -0.34112 -0.912762 -0.224728
vn -0.0111929 0.98028 0.197295
vn 0.375039 0.889692 0.260373
vn 0.217171 0.945205 0.243771
vn 0.444745 0.8485 0.286792
vn 0.659438 0.689544 0.299451
vn -0.948136 -0.244791 -0.20277
vn -0.801676 -0.55264 -0.227826
vn -0.958461 -0.192163 -0.210775
vn -0.650618 0.759238 0.0159422
vn -0.114467 0.980661 0.158748
vn 0.0969455 0.974399 0.202851
vn -0.388244 0.916577 0.0956776
vn -0.986802 0.0206047 -0.160613
vn -0.897328 0.434545 -0.0772832
vn 0.00732969 -0.98385 -0.178842
vn 0.870143 -0.485714 0.0832675
vn 0.457802 -0.885375 -0.0808037
vn 0.942435 -0.301114 0.145419
vn 0.974647 -0.0876525 0.205864
vn -0.111154 -0.977022 -0.181859
vn 0.264442 -0.956507 -0.123142
vn 0.698777 -0.715331 0.00337765
vn 0.972903 0.0980141 0.209412
vn 0.97367 -0.150861 0.170905
vn 0.902104 0.353452 0.247548
vn 0.685141 0.677057 0.268657
vn 0.563315 0.778016 0.278149
vn 0.743477 0.605619 0.283666
vn 0.863369 0.427529 0.267979
vn 0.963923 0.130634 0.231922
vn -0.575259 -0.786095 -0.226122
vn -0.698584 -0.678152 -0.228232
vn -0.458587 -0.861955 -0.216177
vn -0.349844 -0.912996 -0.209873
vn 0.0344096 0.983189 0.179322
vn 0.230706 0.950403 0.208587
vn 0.403068 0.885052 0.232851
vn 0.599626 0.759476 0.252279
vn 0.28136 0.931258 0.231505
vn 0.790735 0.557608 0.25261
vn 0.472113 0.843734 0.255387
vn -0.575684 0.816491 0.0439342
vn -0.755995 0.654182 -0.022768
vn 0.00336362 -0.987405 -0.158179
vn 0.10904 -0.983277 -0.145868
vn 0.83548 -0.547039 0.0521706
vn 0.983903 -0.0129269 0.178235
vn 0.971064 -0.185791 0.150055
vn 0.88717 0.404947 0.22124
vn 0.691693 0.682067 0.237374
vn 0.542709 0.806057 0.236092
vn 0.943855 0.246899 0.219495
vn -0.669813 -0.703112 -0.238714
vn -0.826438 -0.515216 -0.227054
vn -0.375775 -0.900297 -0.219679
vn -0.550287 -0.802752 -0.229726
vn -0.233127 -0.950997 -0.203117
vn 0.432377 0.873923 0.222056
vn -0.924451 -0.313033 -0.217715
vn -0.808439 -0.536488 -0.242091
vn -0.986802 0.0387611 -0.157223
vn -0.941867 -0.269087 -0.201194
vn -0.915388 0.394317 -0.0811108
vn 0.456144 -0.886566 -0.0770243
vn 0.652631 -0.757401 -0.0203996
vn 0.952774 -0.281697 0.113435
vn 0.980049 0.0823422 0.180897
vn -0.460032 -0.855487 -0.237724
vn -0.234615 -0.947638 -0.21665
vn 0.0108642 -0.983249 -0.181944
vn -0.0997164 -0.976928 -0.188863
vn 0.0709538 -0.984637 -0.159545
vn 0.303643 -0.945891 -0.114416
vn 0.985452 -0.0856477 0.146797
vn -0.375209 -0.893604 -0.246356
vn -0.608004 -0.751951 -0.254757
vn -0.964427 -0.149749 -0.217846
vn -0.660133 -0.697631 -0.278453
vn -0.852904 -0.454616 -0.256668
vn -0.965331 -0.16146 -0.2051
vn -0.980646 0.123931 -0.151571
vn -0.745029 -0.61385 -0.260999
vn -0.710865 0.70319 0.0139459
vn -0.462883 0.881854 0.0898518
vn 0.17467 0.96312 0.20467
vn -0.212934 0.966738 0.141691
vn -0.890304 -0.371785 -0.262936
vn -0.980405 0.0922638 -0.174048
vn -0.93284 0.345298 -0.102853
vn -0.266016 0.951995 0.15146
vn 0.271136 -0.95393 -0.128461
vn 0.55137 -0.832203 -0.058565
vn 0.817614 -0.574798 0.0333893
vn -0.284583 -0.92442 -0.25389
vn 0.0440778 -0.979726 -0.195432
vn -0.145272 -0.964473 -0.220652
vn 0.445337 -0.889994 -0.0979097
vn 0.200964 -0.967381 -0.15423
vn 0.887966 0.402956 0.221682
vn 0.969284 0.154452 0.191397
vn -0.725628 -0.620908 -0.296542
vn -0.557988 -0.775617 -0.295072
vn -0.368105 -0.886117 -0.281595
vn -0.138934 -0.959743 -0.244113
vn -0.475519 -0.83699 -0.270794
vn 0.500507 0.833587 0.233721
vn 0.718401 0.65227 0.241753
vn -0.966624 -0.113776 -0.229551
vn -0.875482 -0.395021 -0.278371
vn -0.80007 0.599522 -0.0214977
vn -0.532055 0.842664 0.0826726
vn -0.370529 0.917986 0.141457
vn 0.00287065 0.978687 0.205339
vn -0.947492 0.292446 -0.129362
vn -0.112608 0.971929 0.206576
vn 0.304501 -0.941342 -0.145444
vn 0.682573 -0.73034 -0.0264162
vn 0.956521 -0.269363 0.111857
vn -0.251338 -0.927548 -0.276558
vn -0.0251237 -0.970395 -0.240214
vn 0.201217 -0.961702 -0.18612
vn 0.37117 -0.917601 -0.142271
vn 0.0797013 -0.9756 -0.204579
vn 0.572185 -0.816807 -0.0736924
vn 0.873583 -0.482974 0.0599048
vn 0.959639 0.185654 0.211246
vn 0.982259 -0.0434949 0.182416
vn 0.868681 0.43158 0.243173
vn 0.369818 0.894643 0.250697
vn 0.566802 0.7759 0.276972
vn 0.23236 0.934595 0.269334
vn -0.849271 0.525314 -0.0527728
vn -0.535404 0.839967 0.0883092
vn 0.72941 0.617769 0.293807
vn 0.939253 0.244629 0.240749
vn 0.454114 0.839831 0.297428
vn -0.852455 -0.440744 -0.281184
vn -0.496123 -0.816466 -0.295372
vn -0.976203 -0.0457666 -0.211973
vn -0.695474 -0.65407 -0.297503
vn -0.308054 0.93767 0.160863
vn 0.100277 0.961612 0.255436
vn -0.865647 -0.437242 -0.243875
vn -0.617734 0.785168 0.0437834
vn -0.363164 0.922513 0.130694
vn -0.147444 0.968624 0.200072
vn -0.218522 -0.940371 -0.260674
vn 0.150052 -0.969587 -0.193354
vn 0.428406 -0.895514 -0.120512
vn 0.617739 -0.78428 -0.0574772
vn 0.766303 -0.642458 0.00528782
vn 0.888159 0.365817 0.278121
vn -0.670043 -0.690641 -0.272134
vn -0.396523 -0.884481 -0.245892
vn 0.551543 0.778208 0.300321
vn 0.332329 0.898646 0.286342
vn 0.786105 0.542467 0.296258
vn 0.743339 0.596256 0.303193
vn -0.935417 -0.292533 -0.198544
vn -0.821848 -0.523365 -0.225069
vn -0.651376 -0.72732 -0.216135
vn -0.19011 0.966237 0.173907
vn -6.43947e-05 0.975196 0.221341
vn 0.335134 0.903706 0.266458
vn 0.180267 0.949598 0.256453
vn -0.926066 0.366391 -0.090329
vn -0.988821 -0.0217598 -0.147513
vn -0.910859 -0.367276 -0.18827
vn -0.985039 -0.0195063 -0.171223
vn -0.904373 0.417407 -0.0887717
vn -0.766482 0.6418 -0.0244565
vn -0.589292 0.807374 0.0296846
vn -0.377719 0.922181 0.083128
vn -0.437818 0.894643 0.0890434
vn -0.234004 0.962522 0.137093
vn -0.0571516 0.980409 0.1885
vn 0.127923 0.964985 0.228998
vn -0.0107616 -0.984458 -0.175289
vn 0.365492 -0.92455 -0.107808
vn 0.589309 -0.805986 -0.0556817
vn 0.794661 -0.606423 0.0276565
vn 0.981311 -0.00777539 0.192271
vn 0.93578 0.250703 0.24792
vn -0.199016 -0.965725 -0.166636
vn 0.0502831 -0.991131 -0.123012
vn 0.77258 0.575919 0.267278
vn 0.630294 0.730674 0.262383
vn 0.512353 0.81266 0.277629
vn 0.671699 0.68144 0.290621
vn 0.831225 0.482072 0.276899
vn -0.411911 0.909562 0.0550081
vn -0.154224 0.98119 0.116109
vn 0.120229 0.979972 0.158744
vn 0.0947261 0.979599 0.177239
vn 0.348533 0.914185 0.206859
vn -0.0731606 0.984595 0.158808
vn 0.0778599 0.977015 0.198441
vn 0.232902 0.946309 0.224177
vn 0.416432 0.874806 0.247588
vn -0.980437 0.153323 -0.123428
vn -0.962737 -0.208875 -0.17178
vn -0.833519 -0.515998 -0.197463
vn -0.826438 0.562266 -0.0292994
vn -0.670449 0.741946 0.00380339
vn 0.0664805 0.989132 0.131144
vn 0.260949 -0.96103 -0.0912489
vn 0.471628 -0.880251 -0.0522122
vn 0.647972 -0.761544 -0.0135258
vn 0.878512 -0.472974 0.0671712
vn 0.976335 -0.170739 0.132736
vn 0.982022 0.083126 0.169478
vn 0.972802 0.117873 0.199406
vn 0.941774 -0.316574 0.11333
vn 0.818015 0.522408 0.240712
vn 0.902026 0.356417 0.243548
vn -0.666693 -0.706676 -0.236915
vn -0.420645 -0.874169 -0.242664
vn -0.271007 -0.935119 -0.228269
vn -0.129807 -0.971484 -0.198416
vn -0.633031 -0.747988 -0.199466
vn -0.497261 -0.841895 -0.209628
vn -0.318249 -0.926309 -0.201666
vn -0.182248 -0.967906 -0.17304
vn -0.00198738 -0.987743 -0.156076
vn -0.345544 -0.922718 -0.170853
vn -0.081445 -0.986776 -0.140142
vn 0.14331 -0.983625 -0.109293
vn 0.52506 0.833914 0.169999
vn 0.852835 0.492186 0.174427
vn 0.308501 0.936784 0.165113
vn 0.49663 0.846974 0.189722
vn 0.780443 0.593381 0.196997
vn 0.671672 0.717723 0.183656
vn 0.921644 0.341533 0.184196
vn 0.607146 0.766111 0.210825
vn 0.786422 0.576885 0.220781
vn 0.920042 0.331914 0.20822
vn 0.587949 0.773435 0.236884
vn -0.619097 -0.712791 -0.329618
vn -0.8636 -0.435296 -0.254385
vn -0.902394 -0.346679 -0.255926
vn -0.591906 -0.752494 -0.28879
vn -0.707579 -0.638515 -0.302705
vn -0.447401 -0.839919 -0.307195
vn -0.722634 -0.638837 -0.263985
vn -0.472084 -0.841376 -0.263103
vn -0.865692 -0.449015 -0.221274
vn -0.974299 -0.125389 -0.187134
vn -0.940451 0.330298 -0.0803457
vn -0.143797 0.982336 0.11974
vn -0.970098 -0.0749134 -0.230862
vn -0.721875 -0.600422 -0.34408
vn -0.92521 -0.272407 -0.264162
vn -0.797635 -0.51832 -0.308419
vn -0.98408 0.00899168 -0.177497
vn -0.729651 0.682575 0.0412451
vn -0.443624 0.885587 0.137599
vn -0.947741 0.303014 -0.0998484
vn 0.343799 -0.936485 -0.0692712
vn 0.516989 -0.855297 -0.0344917
vn -0.160844 -0.959082 -0.233003
vn -0.0331193 -0.971176 -0.236051
vn 0.169869 -0.963425 -0.207262
vn 0.199118 -0.964128 -0.175527
vn 0.0629433 -0.982122 -0.177411
vn 0.268444 -0.953786 -0.13502
vn 0.42746 -0.896883 -0.113483
vn 0.211459 -0.969819 -0.121394
vn 0.483709 -0.872304 -0.0714903
vn 0.745317 -0.666707 -0.00186725
vn 0.887832 -0.45722 0.0520082
vn 0.392841 -0.916858 -0.071051
vn 0.61496 -0.788173 -0.024648
vn 0.930588 -0.3572 0.0800898
vn 0.769506 -0.638161 0.0247248
vn 0.968813 -0.223893 0.10618
vn 0.984269 0.0957937 0.148455
vn -0.42132 -0.84174 -0.337586
vn -0.253528 -0.907541 -0.334803
vn -0.0937549 -0.940788 -0.325774
vn 0.0294725 -0.965654 -0.258154
vn -0.0275012 -0.955228 -0.294591
vn -0.197263 -0.934789 -0.295394
vn -0.245987 -0.932101 -0.265852
vn 0.3151 0.933291 0.172276
vn 0.886646 0.424702 0.182993
vn 0.990554 0.0110833 0.136674
vn 0.677843 0.712639 0.180758
vn -0.700463 -0.611613 -0.367805
vn -0.548098 -0.74337 -0.383391
vn -0.383122 -0.844492 -0.374234
vn -0.855269 -0.407598 -0.319967
vn -0.168688 -0.919849 -0.35415
vn -0.567079 -0.740021 -0.361648
vn -0.192773 0.955014 0.225358
vn 0.0725325 0.96113 0.266397
vn -0.0266852 0.980631 0.19404
vn 0.285174 0.932497 0.221641
vn 0.631181 0.742962 0.22275
vn -0.649186 -0.653933 -0.388497
vn -0.907652 -0.27963 -0.313009
vn -0.976474 0.0626075 -0.206348
vn -0.793221 -0.490129 -0.361349
vn -0.754344 0.654362 0.0526729
vn -0.515336 0.841313 0.163161
vn -0.204562 0.944057 0.258669
vn -0.826192 0.563334 -0.00791835
vn -0.914316 0.398484 -0.072362
vn 0.533134 -0.8402 -0.0991544
vn 0.633667 -0.771887 -0.0515403
vn 0.0576718 -0.949695 -0.307822
vn 0.286258 -0.92743 -0.240685
vn 0.199065 -0.951019 -0.236507
vn 0.426564 -0.88741 -0.174774
vn 0.549187 -0.822043 -0.150459
vn 0.787531 -0.61525 -0.0355189
vn 0.382887 -0.910585 -0.155665
vn 0.623748 -0.776191 -0.0920086
vn 0.797486 -0.6033 -0.00672789
vn 0.984803 -0.12053 0.12504
vn 0.945816 0.263295 0.190018
vn 0.819329 0.529611 0.219571
vn 0.221674 -0.934864 -0.277289
vn 0.419685 -0.882681 -0.211517
vn 0.957123 -0.271956 0.0997815
vn 0.860133 0.419595 0.290018
vn 0.654774 0.68671 0.315752
vn 0.968917 0.142187 0.202444
vn 0.479249 0.832746 0.277227
vn 0.808406 0.530958 0.254093
vn 0.500771 0.778831 0.377691
vn 0.189119 0.919713 0.344038
vn 0.403766 0.849839 0.338743
vn -0.780199 -0.505496 -0.36846
vn -0.508229 -0.771858 -0.38202
vn -0.942072 -0.159741 -0.29493
vn -0.951898 0.265717 -0.152591
vn -0.666767 0.739592 0.0917903
vn -0.848631 0.519918 -0.0975186
vn -0.966238 0.0145781 -0.257239
vn -0.943412 0.28123 -0.175737
vn -0.788501 0.614785 -0.0174905
vn -0.587748 0.802542 0.102366
vn -0.241038 0.935906 0.256867
vn -0.454834 0.870843 0.186438
vn 0.956864 0.155479 0.245434
vn 0.901172 -0.430813 0.0478355
vn 0.104541 -0.947427 -0.302413
vn 0.342862 -0.91007 -0.23285
vn 0.650355 -0.752176 -0.106154
vn 0.919564 0.254812 0.299121
vn 0.97936 -0.0600523 0.192996
vn 0.661802 0.658409 0.358491
vn 0.831076 0.448126 0.329387
vn -0.155876 -0.927333 -0.340229
vn 0.126485 -0.956253 -0.263784
vn 0.740528 0.561901 0.368626
vn -0.787531 -0.529098 -0.31599
vn -0.961324 0.00636472 -0.275347
vn -0.704827 -0.619995 -0.34471
vn -0.895534 -0.303411 -0.325515
vn -0.411965 -0.850054 -0.328165
vn -0.355736 0.913907 0.195515
vn -0.104525 0.956083 0.273825
vn 0.147367 0.929169 0.339011
vn -0.0215971 0.948208 0.316916
vn -0.913915 -0.260031 -0.311679
vn -0.953259 -0.0594694 -0.296245
vn -0.92069 0.284118 -0.267594
vn -0.945836 0.204545 -0.252103
vn -0.863577 0.467853 -0.188009
vn -0.696323 0.71062 -0.10077
vn -0.507265 0.861653 -0.0153779
vn -0.92658 0.320902 -0.19614
vn -0.786714 0.609125 -0.100245
vn -0.599338 0.800472 -0.00615575
vn -0.385827 0.919164 0.0792167
vn -0.670804 0.741588 0.00837498
vn -0.447602 0.888787 0.0985352
vn -0.218863 0.959631 0.176657
vn -0.52455 0.845304 0.101535
vn -0.258993 0.945491 0.197407
vn 0.029169 0.961008 0.274979
vn -0.13607 -0.952286 -0.273195
vn 0.169643 -0.966015 -0.195029
vn 0.546224 -0.834216 -0.0756499
vn 0.830411 -0.554557 0.0536986
vn 0.406036 -0.896595 -0.176781
vn 0.629425 -0.772415 -0.0848508
vn 0.884527 -0.46316 0.0556319
vn 0.972923 -0.108642 0.204006
vn -0.689004 -0.713557 -0.126928
vn -0.853942 -0.482682 -0.194425
vn -0.781883 -0.586681 -0.210865
vn -0.570647 -0.808861 -0.141795
vn -0.686399 -0.690626 -0.227801
vn -0.461619 -0.866726 -0.188929
vn -0.561428 -0.781121 -0.273218
vn -0.25984 -0.94135 -0.215275
vn -0.226751 -0.963119 -0.144863
vn -0.00176015 -0.985615 -0.168999
vn 0.347866 -0.934271 -0.0782784
vn 0.590469 0.720407 0.363814
vn 0.958853 -0.203356 0.198107
vn 0.242113 0.910355 0.335612
vn 0.408416 0.832931 0.373394
vn 0.604898 0.698643 0.382093
vn 0.886345 0.323658 0.331116
vn 0.747588 0.553007 0.367824
vn -0.9536 -0.0209271 -0.300348
vn -0.899619 0.305865 -0.311659
vn -0.916342 -0.286917 -0.279278
vn -0.746577 0.593789 -0.300063
vn -0.639577 0.733081 -0.231374
vn -0.418282 0.894462 -0.158044
vn -0.50563 0.830768 -0.232727
vn -0.846832 -0.450726 -0.282349
vn -0.813635 0.523176 -0.253544
vn -0.636187 0.749702 -0.182244
vn -0.463646 0.878564 -0.114706
vn -0.269235 0.960672 -0.0679827
vn -0.778335 0.599295 -0.187188
vn -0.563805 0.820236 -0.0966296
vn -0.385989 0.922433 -0.0114019
vn -0.341429 0.939153 -0.0376538
vn -0.18928 0.980639 0.0502018
vn -0.143015 0.989537 0.0190416
vn 0.0432688 0.99236 0.11554
vn -0.301297 0.9516 0.0606452
vn -0.0741853 0.988838 0.129214
vn 0.191588 0.961265 0.198152
vn -0.173291 0.974505 0.142514
vn 0.0851249 0.974958 0.205453
vn 0.341611 0.899994 0.270761
vn -0.0237743 0.975734 0.217666
vn 0.200401 0.939816 0.27674
vn 0.465002 0.823243 0.325644
vn 0.636545 0.689542 0.345459
vn 0.331806 0.88359 0.330415
vn -0.933452 -0.299244 -0.19779
vn -0.86049 0.312917 -0.402044
vn -0.807178 -0.581163 -0.103504
vn -0.766695 0.48905 -0.415944
vn -0.776966 -0.6292 -0.020773
vn -0.926036 -0.305932 -0.221049
vn -0.663941 -0.745489 -0.0585446
vn -0.613518 -0.789181 0.0280882
vn -0.415754 -0.907105 0.0656406
vn -0.380508 -0.913171 0.146055
vn -0.478158 -0.877292 -0.0415279
vn -0.162138 -0.98443 0.0678809
vn -0.310621 -0.947929 -0.0703189
vn 0.0115344 -0.999808 0.0158101
vn 0.113109 -0.989923 -0.0851999
vn 0.470836 -0.876798 0.0976717
vn 0.299597 -0.952879 -0.0475658
vn 0.510356 -0.859471 0.0290966
vn 0.919648 -0.326395 0.218434
vn 0.762645 -0.631734 0.138867
vn 0.933129 -0.296797 0.202936
vn 0.796454 0.496235 0.34556
vn 0.681837 -0.730445 0.0393444
vn 0.945477 0.140884 0.293641
vn -0.609276 0.67668 -0.413385
vn -0.407477 0.827923 -0.385366
vn -0.949619 0.0215954 -0.312662
vn -0.829818 0.42448 -0.36224
vn -0.552547 0.751969 -0.359491
vn -0.290931 0.899746 -0.325293
vn -0.157399 0.952301 -0.261433
vn 0.0386338 0.978739 -0.20144
vn -0.592236 0.743296 -0.311074
vn -0.37505 0.896603 -0.235458
vn -0.356311 0.890036 -0.284393
vn -0.159362 0.965442 -0.206217
vn 0.0466306 0.988476 -0.144016
vn -0.145032 0.98568 -0.0860239
vn -0.253798 0.9532 -0.164304
vn -0.0299646 0.993637 -0.108575
vn 0.155334 0.986596 -0.0499894
vn 0.24874 0.965254 0.0800871
vn 0.438689 0.885369 0.153866
vn 0.299902 0.952522 0.052547
vn 0.309096 0.933826 0.180082
vn 0.213745 0.969262 0.121834
vn 0.5405 0.809815 0.228165
vn 0.748944 0.602144 0.276596
vn 0.891835 0.344231 0.293487
vn 0.44552 0.858786 0.252979
vn 0.658273 0.69426 0.290998
vn 0.848451 0.425202 0.315174
vn 0.958121 -0.0454854 0.282728
vn 0.682852 0.651588 0.330373
vn 0.546778 0.779253 0.306264
vn -0.0690932 0.997502 -0.0146858
vn 0.0963756 0.994237 0.0469467
vn 0.0934377 0.995568 -0.0106436
vn 0.0262115 0.997566 0.0646178
vn -0.943503 0.0241558 -0.330481
vn -0.923847 -0.376718 -0.0677535
vn -0.740769 -0.652573 0.159402
vn -0.599565 -0.772015 0.210984
vn -0.385855 -0.867555 0.31379
vn -0.816114 0.33854 -0.468347
vn -0.565153 0.620919 -0.543196
vn -0.844438 -0.535332 -0.0185536
vn -0.956437 -0.198164 -0.214379
vn -0.931537 0.0869592 -0.353096
vn -0.670351 -0.735025 0.101821
vn -0.458357 -0.858505 0.229953
vn -0.216853 -0.913195 0.345036
vn -0.55772 -0.821834 0.11635
vn -0.286274 -0.925723 0.247154
vn -0.11586 -0.962966 0.243459
vn -0.658657 0.55685 -0.506053
vn -0.757658 0.458703 -0.46427
vn -0.440748 0.744347 -0.501685
vn -0.215881 0.842604 -0.493369
vn -0.10456 0.897189 -0.42909
vn -0.0183137 0.894023 -0.447646
vn -0.610435 0.642532 -0.463165
vn -0.304955 0.840021 -0.448739
vn 0.148285 0.927727 -0.342542
vn 0.234045 -0.912021 0.33681
vn -0.139697 -0.977414 0.158577
vn 0.160428 -0.957901 0.238094
vn 0.516783 -0.799539 0.306059
vn 0.942062 -0.106131 0.318206
vn 0.213047 -0.964238 0.157661
vn 0.570757 -0.786305 0.236561
vn 0.803097 -0.524382 0.282948
vn 0.82011 -0.533172 0.20772
vn -0.357304 0.832701 -0.423016
vn -0.187754 0.91653 -0.35316
vn 0.0315597 0.954572 -0.296304
vn -0.072168 0.923121 -0.377676
vn 0.157265 0.942121 -0.296101
vn 0.288735 0.933479 -0.21272
vn -0.0656163 0.958404 -0.277771
vn 0.134302 0.966523 -0.218621
vn 0.282583 0.946713 -0.154537
vn 0.520527 0.8503 -0.0777331
vn 0.238632 0.968495 -0.0712159
vn 0.187829 0.972224 -0.139643
vn 0.424851 0.905256 -0.0035775
vn 0.387892 0.919094 -0.0693256
vn 0.58851 0.808109 0.0248166
vn 0.73571 0.663062 0.138128
vn 0.786732 0.604102 0.126938
vn 0.354245 0.934964 0.0187802
vn 0.787587 0.582407 0.201266
vn 0.576004 0.812263 0.0919081
vn 0.89844 0.375569 0.227493
vn 0.650726 0.726708 0.220117
vn 0.470635 0.876553 0.100781
vn 0.806949 0.536139 0.247767
vn 0.63686 0.751681 0.17142
vn 0.942788 -0.158638 0.29323
vn 0.933208 0.228294 0.277499
vn -0.890743 -0.4519 0.0486099
vn -0.965608 -0.091724 -0.243285
vn -0.769662 -0.609163 0.191154
vn -0.813294 0.315593 -0.48883
vn -0.53243 0.59991 -0.597182
vn -0.496541 -0.79525 0.347887
vn -0.253091 0.748282 -0.613204
vn -0.671964 0.499668 -0.546622
vn -0.433004 0.685799 -0.584967
vn -0.154808 0.808158 -0.568256
vn -0.311983 -0.857947 0.408158
vn -0.0642544 -0.875845 0.478295
vn -0.160132 -0.897776 0.410312
vn 0.104496 -0.868546 0.484467
vn -0.314475 0.775937 -0.546834
vn 0.12435 0.861098 -0.492999
vn -0.0489578 0.860763 -0.506647
vn 0.20339 0.875299 -0.438729
vn 0.383208 0.852533 -0.355443
vn 0.108321 -0.907388 0.406096
vn 0.417598 -0.80085 0.429245
vn 0.469396 -0.743095 0.476945
vn 0.684474 -0.585041 0.434997
vn 0.155264 0.892763 -0.422927
vn 0.157105 0.913498 -0.375286
vn 0.325117 0.881456 -0.342542
vn 0.474823 0.843738 -0.250299
vn 0.488534 0.827262 -0.277439
vn 0.657117 0.736197 -0.161898
vn 0.737892 0.671052 -0.0721509
vn 0.358372 0.902212 -0.239964
vn 0.346717 0.892685 -0.287923
vn 0.553464 0.814608 -0.173469
vn 0.69972 0.712228 -0.0558845
vn 0.859041 0.506239 0.0759623
vn 0.892687 -0.233681 0.38536
vn 0.955417 0.165082 0.244799
vn 0.479473 -0.783931 0.394408
vn 0.77407 -0.519933 0.361228
vn 0.531203 0.837608 -0.127421
vn 0.741903 0.670226 0.019401
vn 0.728604 0.683055 0.0507189
vn 0.90226 0.39266 0.178172
vn -0.961837 -0.259656 -0.0863065
vn -0.922822 0.118855 -0.366433
vn -0.723104 0.425133 -0.54441
vn -0.855037 -0.504103 0.121619
vn -0.75426 -0.612457 0.23662
vn -0.596911 0.539709 -0.593643
vn -0.529257 -0.753811 0.38943
vn -0.150583 -0.828068 0.540027
vn -0.363028 0.686299 -0.630241
vn -0.126349 0.7737 -0.620826
vn 0.285297 0.813228 -0.507213
vn -0.0226276 -0.844142 0.535641
vn 0.146019 -0.801784 0.579501
vn 0.433708 -0.682028 0.588843
vn 0.708003 -0.470745 0.526433
vn -0.0353149 0.8158 -0.577254
vn 0.0323537 0.812276 -0.582376
vn 0.213885 0.831335 -0.512967
vn 0.0785361 0.843625 -0.531158
vn 0.280556 0.840377 -0.46374
vn 0.452052 0.796937 -0.400675
vn 0.63583 0.71947 -0.279432
vn 0.762488 0.626829 -0.160306
vn 0.898231 0.439299 0.0140248
vn 0.184038 -0.816403 0.547372
vn 0.432386 -0.723489 0.538151
vn 0.368527 0.839247 -0.399816
vn 0.567892 0.77043 -0.289717
vn 0.602322 0.762535 -0.23611
vn 0.784719 0.613359 -0.089481
vn 0.750143 0.644605 -0.147544
vn 0.958043 0.217858 0.186256
vn 0.896169 0.441651 0.0427221
vn 0.75061 -0.461488 0.472877
vn 0.918737 -0.127783 0.373623
vn 0.830399 0.55709 -0.00937087
vn 0.924109 0.359339 0.129992
vn -0.970119 -0.221902 -0.0981232
vn -0.928479 0.151816 -0.338936
vn -0.784112 0.377423 -0.492667
vn -0.666504 -0.67819 0.309565
vn -0.174926 0.760956 -0.624778
vn -0.959313 0.0211061 -0.281554
vn -0.504836 0.609326 -0.611443
vn 0.0997166 0.804692 -0.585259
vn 0.660714 0.680652 -0.316496
vn 0.968184 0.20777 0.13947
vn 0.165163 -0.770377 0.615825
vn 0.428908 -0.657435 0.619529
vn 0.707244 -0.449916 0.545327
vn 0.919997 -0.119294 0.373328
vn 0.414121 0.784051 -0.462349
vn 0.592254 0.73012 -0.340824
vn 0.778643 0.599225 -0.186132
vn 0.918116 0.396304 -0.00237587
vn 0.965735 0.186993 0.17997
vn 0.890405 0.454535 -0.0240344
vn -0.965704 0.0904621 -0.243377
vn -0.859356 0.344944 -0.377519
vn -0.831087 -0.539713 0.13418
vn -0.722683 -0.650206 0.234438
vn -0.973953 -0.00245299 -0.226735
vn -0.933404 -0.358696 0.00970603
vn -0.514623 -0.774818 0.367179
vn -0.809578 0.393587 -0.435514
vn -0.558562 0.63476 -0.533937
vn -0.22032 0.796401 -0.563209
vn -0.743797 0.453209 -0.491291
vn -0.653265 -0.693969 0.302741
vn -0.846179 -0.515203 0.136185
vn -0.456024 -0.785681 0.418027
vn -0.208045 -0.835952 0.507839
vn -0.283696 -0.817608 0.501033
vn -0.0477784 0.813236 -0.579969
vn -0.472421 0.662844 -0.58091
vn -0.070172 -0.822405 0.564558
vn -0.457568 -0.77413 0.437441
vn -0.239005 -0.810254 0.53513
vn 0.0360368 -0.796791 0.603179
vn 0.270014 -0.742963 0.612453
vn 0.229659 0.81624 -0.530103
vn 0.260372 -0.73156 0.6301
vn 0.44566 -0.656114 0.609016
vn 0.0487953 0.805655 -0.590372
vn 0.532229 -0.590309 0.606851
vn 0.974604 0.160602 0.156055
vn 0.93838 0.345577 0.00445482
vn 0.790706 -0.350413 0.50199
vn 0.941371 -0.068095 0.330429
vn 0.863225 0.491459 -0.11537
vn -0.975805 -0.205847 -0.0736957
vn -0.981355 0.0408418 -0.187813
vn -0.790284 0.497007 -0.358379
vn -0.87513 -0.479092 0.0679673
vn -0.638507 -0.731483 0.239253
vn -0.42395 -0.836156 0.348007
vn -0.753331 0.515608 -0.408216
vn -0.377749 0.788317 -0.485656
vn -0.166371 0.870695 -0.462829
vn -0.949495 -0.313102 -0.0206596
vn -0.79868 -0.583503 0.147085
vn -0.536241 -0.783648 0.313595
vn -0.533411 -0.776306 0.335891
vn -0.342517 -0.849474 0.401344
vn 0.00113182 0.881959 -0.471324
vn -0.550273 0.665022 -0.504922
vn -0.684073 -0.688454 0.240989
vn -0.38924 -0.826067 0.40756
vn -0.202711 -0.863175 0.462426
vn -0.0599934 -0.858035 0.510076
vn -0.082489 0.850338 -0.519732
vn 0.334539 -0.767258 0.547174
vn -0.293024 -0.837949 0.460412
vn -0.0547014 -0.845087 0.531823
vn 0.149014 -0.820069 0.552523
vn 0.217628 -0.787868 0.576109
vn 0.412466 -0.716094 0.563099
vn 0.669633 -0.537929 0.512078
vn 0.0880388 0.84619 -0.525559
vn 0.470819 0.787596 -0.397519
vn 0.972969 0.209295 0.0976012
vn 0.807048 0.560468 -0.185874
vn 0.0150233 -0.828227 0.560191
vn 0.847778 -0.318513 0.424054
vn 0.963285 -0.0549771 0.262793
vn 0.532526 0.745259 -0.401254
vn 0.181897 -0.783001 0.59483
vn 0.48457 -0.655 0.579799
vn 0.748268 -0.435102 0.500781
vn 0.933224 -0.132428 0.334
vn 0.652416 -0.510277 0.560331
vn 0.851479 -0.279739 0.443543
vn 0.960978 -0.0196414 0.275927
vn -0.798756 -0.595655 0.0847578
vn -0.947335 -0.319212 -0.0256841
vn -0.742469 0.600664 -0.29655
vn -0.972129 0.145804 -0.183595
vn -0.820104 0.488669 -0.297713
vn -0.54784 0.757195 -0.355706
vn -0.309647 0.8783 -0.364291
vn -0.979541 -0.184972 -0.0792714
vn -0.67303 -0.720326 0.16781
vn -0.859503 -0.507179 0.0634343
vn -0.32948 -0.895432 0.299406
vn -0.508226 -0.823536 0.251981
vn -0.931742 0.263973 -0.249349
vn -0.72039 0.600034 -0.347846
vn -0.486391 0.780227 -0.393281
vn -0.27229 0.879244 -0.390881
vn -0.716979 -0.67577 0.171101
vn -0.511419 -0.814981 0.2725
vn -0.274315 -0.899019 0.341345
vn -0.378057 -0.860749 0.340858
vn -0.142429 -0.90531 0.40016
vn 0.0883949 -0.895201 0.436809
vn -0.101405 0.90141 -0.420923
vn -0.479197 0.759518 -0.43989
vn 0.00363713 -0.893188 0.449669
vn 0.268259 -0.841357 0.469208
vn -0.228018 -0.883295 0.409631
vn 0.172829 -0.857475 0.484631
vn 0.128714 0.893081 -0.431091
vn 0.32437 0.8745 -0.360602
vn -0.0732956 -0.882558 0.464455
vn 0.474975 -0.733958 0.485494
vn 0.930892 -0.219152 0.292252
vn 0.0161213 -0.866524 0.498876
vn 0.220638 -0.833512 0.506534
vn 0.725872 -0.52841 0.440332
vn 0.690106 0.68593 -0.230767
vn 0.290311 0.858674 -0.422374
vn 0.872113 -0.322557 0.367934
vn 0.973974 -0.0417659 0.222779
vn 0.973245 0.217199 0.0749545
vn 0.1889 -0.826162 0.530823
vn 0.488977 -0.705498 0.513005
vn 0.547308 -0.651502 0.525357
vn 0.749647 -0.48014 0.455516
vn 0.944207 -0.142152 0.297095
vn 0.85456 -0.323541 0.406262
vn -0.780141 -0.62374 0.0482506
vn -0.970111 -0.234402 -0.062774
vn -0.745413 -0.66195 0.0786223
vn -0.863129 -0.50454 0.0211399
vn -0.749565 -0.657187 0.0791072
vn -0.628221 -0.768348 0.122391
vn -0.380019 -0.903936 0.196175
vn -0.989536 -0.108575 -0.0950256
vn -0.440814 0.852582 -0.280689
vn -0.794584 0.555238 -0.245657
vn -0.870472 -0.491356 0.0291048
vn -0.625676 -0.767002 0.142259
vn -0.304958 -0.925259 0.225602
vn -0.17259 -0.954081 0.244831
vn -0.393084 -0.891746 0.22422
vn -0.145583 -0.950584 0.274219
vn 0.0532743 -0.947074 0.316565
vn -0.594055 -0.784853 0.176364
vn -0.178897 -0.941211 0.286563
vn -0.374574 -0.893646 0.247166
vn -0.457165 -0.855776 0.242173
vn -0.236965 -0.924408 0.298859
vn -0.0280506 -0.942422 0.333248
vn 0.183484 -0.917697 0.352372
vn 0.394277 -0.846931 0.356726
vn -0.358116 0.873463 -0.329871
vn 0.226406 0.934976 -0.273058
vn 0.32105 -0.864896 0.385851
vn 0.568255 -0.738933 0.362029
vn -0.128287 -0.928974 0.347204
vn 0.0874795 -0.922826 0.375152
vn 0.809911 -0.486293 0.327968
vn 0.74818 -0.571318 0.337376
vn 0.243657 -0.878432 0.411082
vn 0.0328545 0.931977 -0.361026
vn 0.56211 0.79339 -0.233592
vn 0.531302 -0.747021 0.399596
vn 0.989224 0.0550952 0.13565
vn 0.0114879 -0.91631 0.400305
vn 0.742139 -0.557971 0.371347
vn 0.925268 -0.267013 0.269414
vn 0.300903 -0.845883 0.440385
vn 0.531502 -0.730971 0.428004
vn 0.685655 -0.602508 0.408487
vn 0.859307 -0.384301 0.337495
vn 0.974515 -0.0761713 0.210994
vn 0.502225 -0.734365 0.456595
vn 0.734601 -0.537961 0.413473
vn -0.991408 -0.00482172 -0.130719
vn -0.769574 -0.637834 0.030389
vn -0.989102 0.0132954 -0.146633
vn -0.931501 0.306947 -0.195166
vn -0.960023 -0.269808 -0.0745587
vn -0.603217 -0.791692 0.0967083
vn -0.980795 -0.174613 -0.0868987
vn -0.799646 -0.59983 0.027741
vn -0.906184 -0.422463 -0.0188718
vn -0.985379 0.0910328 -0.14402
vn -0.383353 -0.909489 0.160842
vn -0.615499 -0.780493 0.109506
vn 0.108875 -0.964309 0.241361
vn -0.559892 0.789525 -0.251339
vn -0.2744 0.928332 -0.250807
vn 0.0126259 0.975626 -0.219075
vn -0.506039 0.822015 -0.261183
vn -0.426921 -0.888588 0.16778
vn -0.183075 -0.959485 0.214178
vn 0.0182877 -0.966889 0.254543
vn 0.206684 -0.941927 0.264679
vn 0.382473 -0.885098 0.265171
vn 0.531044 -0.798736 0.282865
vn -0.162721 -0.956065 0.243849
vn 0.276733 -0.916738 0.288114
vn 0.0603418 0.967616 -0.245108
vn -0.0279131 -0.962849 0.268595
vn 0.75461 -0.601916 0.261267
vn 0.361248 -0.879505 0.30979
vn 0.553474 -0.775433 0.303925
vn 0.13219 -0.943783 0.302984
vn 0.933978 -0.294705 0.202073
vn 0.337543 -0.880945 0.331664
vn 0.985229 0.152996 0.0769183
vn 0.549107 0.813333 -0.192279
vn 0.815615 0.573386 -0.0774654
vn 0.79316 -0.544822 0.272149
vn 0.608147 -0.723075 0.327597
vn 0.807763 -0.515553 0.285876
vn 0.949031 -0.237385 0.207339
vn 0.804704 -0.510908 0.302366
vn 0.940034 -0.246098 0.23616
vn 0.917036 0.398098 -0.0237187
vn 0.991245 0.0510081 0.121785
vn -0.971618 0.141639 -0.189467
vn -0.933528 -0.350733 -0.0742416
vn -0.773041 0.58264 -0.250875
vn -0.791674 -0.610852 0.0105624
vn -0.983925 -0.131446 -0.120889
vn -0.629624 -0.773554 0.0720259
vn -0.906497 -0.420012 -0.0430593
vn -0.47058 0.843516 -0.258912
vn -0.883369 0.412304 -0.222854
vn -0.952026 0.239888 -0.190003
vn -0.729166 0.640282 -0.241568
vn -0.183547 0.953673 -0.238365
vn -0.359648 0.899493 -0.248123
vn -0.554454 -0.826162 0.100186
vn -0.333809 -0.929386 0.157521
vn 0.0960526 -0.969867 0.223903
vn 0.264321 0.948679 -0.173618
vn 0.499264 0.857876 -0.121591
vn -0.0959277 -0.973714 0.206588
vn 0.2637 -0.933651 0.242399
vn 0.989502 0.113077 0.089998
vn 0.553524 -0.795045 0.248021
vn 0.384959 0.908743 -0.161221
vn 0.69371 0.715727 -0.0806248
vn 0.899651 0.436515 0.00909697
vn 0.767726 -0.597572 0.231312
vn 0.93648 -0.300795 0.180354
vn 0.643263 -0.720972 0.257705
vn 0.877205 0.479716 -0.0195909
vn 0.864943 -0.451573 0.218987
vn 0.975277 -0.156229 0.156294
vn 0.573627 0.806022 -0.145881
vn -0.980481 -0.118348 -0.157004
vn -0.694993 0.660695 -0.283666
vn -0.85625 0.445873 -0.260832
vn -0.975849 0.0982351 -0.195113
vn -0.805168 -0.59303 -0.00441664
vn -0.962723 -0.247074 -0.11008
vn -0.717386 0.63656 -0.283104
vn -0.564509 0.774501 -0.285444
vn -0.83774 0.486075 -0.248844
vn -0.600702 0.753023 -0.268541
vn -0.277932 0.925939 -0.255717
vn 0.0522957 0.975698 -0.212787
vn 0.305949 -0.920393 0.243456
vn 0.501484 -0.829858 0.244643
vn 0.816411 -0.533366 0.221347
vn 0.955802 0.287761 0.0602987
vn 0.985514 -0.089058 0.144328
vn 0.783274 0.620886 -0.0313334
vn -0.62096 -0.780338 0.07404
vn -0.65861 0.686958 -0.307118
vn -0.974878 0.0671973 -0.212363
vn -0.846668 0.450807 -0.282713
vn -0.911516 -0.404384 -0.0749107
vn -0.720138 0.6286 -0.293706
vn -0.504726 0.811303 -0.295025
vn -0.20156 0.941102 -0.27148
vn -0.9241 0.29382 -0.244355
vn -0.382652 -0.912489 0.144712
vn -0.0719098 -0.976325 0.204006
vn 0.245679 -0.935172 0.255138
vn 0.272342 0.945176 -0.180201
vn 0.123429 0.970085 -0.209047
vn -0.364907 0.888955 -0.276771
vn -0.100852 0.964307 -0.244827
vn 0.702666 -0.66562 0.251417
vn 0.286072 0.942906 -0.170563
vn 0.823969 0.566631 0.00199477
vn 0.938408 0.339724 0.0630665
vn 0.975132 -0.13798 0.173435
vn -0.953879 -0.271268 -0.128561
vn -0.965048 0.109547 -0.23808
vn -0.789429 0.526982 -0.314788
vn -0.801502 -0.597908 -0.0100344
vn -0.342598 -0.923461 0.172759
vn -0.492341 0.806891 -0.326384
vn -0.890857 0.357343 -0.280497
vn -0.656995 0.683941 -0.317146
vn -0.360504 0.879892 -0.309559
vn 0.308315 0.933507 -0.183051
vn 0.545956 -0.781255 0.30261
vn 0.967438 -0.135982 0.213477
vn 0.00769483 -0.970667 0.240305
vn 0.267662 -0.920856 0.283517
vn 0.746128 -0.602548 0.283248
vn 0.40478 -0.869339 0.283556
vn -0.455797 0.835903 -0.305803
vn -0.121635 0.953721 -0.274992
vn 0.0710692 0.969961 -0.232649
vn 0.455215 0.87985 -0.13654
vn 0.649769 0.757071 -0.06815
vn 0.910305 0.408188 0.0687554
vn 0.599186 -0.752522 0.27329
vn 0.892271 -0.383117 0.238901
vn 0.492596 0.862105 -0.11884
vn 0.980243 0.150201 0.128697
vn -0.910012 -0.4034 -0.0956321
vn -0.561121 0.750458 -0.34922
vn -0.976755 -0.0501089 -0.208418
vn -0.861938 0.400765 -0.310565
vn -0.663425 0.667589 -0.337924
vn -0.402877 0.852939 -0.331943
vn -0.180729 0.937285 -0.298049
vn 0.0631132 0.964332 -0.257061
vn 0.324284 0.926721 -0.18981
vn 0.515148 0.848016 -0.124465
vn 0.717912 0.695053 -0.038764
vn -0.0590719 -0.967413 0.246215
vn 0.25385 -0.921536 0.293822
vn 0.136871 0.963408 -0.230458
vn 0.855251 -0.435244 0.281261
vn -0.381134 0.856797 -0.347327
vn -0.968757 -0.163798 -0.186225
vn -0.926095 0.238806 -0.292094
vn -0.787503 -0.61624 -0.00936722
vn -0.716656 0.603794 -0.349052
vn -0.215255 -0.951213 0.22104
vn 0.349223 -0.880154 0.321516
vn 0.187618 0.953152 -0.237276
vn -0.193207 0.929564 -0.313976
vn 0.0416694 -0.960417 0.275433
vn 0.600905 -0.723732 0.339302
vn 0.644998 -0.693315 0.321391
vn 0.888897 0.453665 0.0636349
vn 0.894644 -0.346381 0.282191
vn 0.980199 0.0204092 0.196959
vn -0.966278 0.0202282 -0.256704
vn -0.958765 -0.218238 -0.182049
vn -0.615011 -0.784677 0.0777401
vn -0.274068 0.897513 -0.345481
vn -0.962941 0.0536948 -0.264315
vn -0.882755 0.336771 -0.32761
vn -0.5896 0.717857 -0.370206
vn -0.867247 -0.492952 -0.0698677
vn 0.203498 -0.926178 0.317464
vn 0.555548 -0.752096 0.354568
vn -0.630014 0.687311 -0.361505
vn -0.0446157 0.954409 -0.295149
vn 0.928004 -0.248864 0.277266
vn 0.937429 0.327581 0.11797
vn -0.966077 -0.0165071 -0.257727
vn -0.835039 0.421419 -0.353718
vn -0.941629 -0.295337 -0.161587
vn -0.818204 -0.573298 -0.0432672
vn -0.404527 -0.899455 0.165345
vn 0.720985 -0.593056 0.358419
vn 0.373123 -0.859615 0.349059
vn 0.716377 0.69677 -0.0362751
vn 0.90599 -0.291741 0.306708
vn 0.860086 0.506895 0.0575225
vn 0.958786 0.232721 0.163003
vn -0.962296 -0.143951 -0.230789
vn -0.934464 -0.315277 -0.16546
vn -0.474972 0.797738 -0.371504
vn -0.147575 0.934831 -0.322974
vn 0.0350656 0.958524 -0.282845
vn -0.0150529 0.95528 -0.295321
vn 0.162663 0.955091 -0.247672
vn 0.644275 -0.669107 0.370412
vn 0.911578 -0.263544 0.315546
vn 0.961144 0.204684 0.185221
vn -0.0246481 -0.959256 0.28146
vn 0.26776 -0.900301 0.343165
vn 0.405341 0.89836 -0.169257
vn 0.629941 0.77301 -0.0750376
vn 0.833153 0.551306 0.0437818
vn -0.944895 -0.267449 -0.188797
vn -0.610487 -0.788858 0.070781
vn -0.834511 -0.54683 -0.0675947
vn -0.320436 -0.927185 0.194036
vn -0.936171 0.154631 -0.31571
vn -0.706724 0.594963 -0.382832
vn -0.43842 0.815982 -0.376777
vn 0.670473 0.740302 -0.0491884
vn 0.806048 -0.467693 0.362699
vn 0.896001 0.43045 0.109067
vn -0.796683 -0.602566 -0.0470169
vn -0.0105906 -0.957751 0.287402
vn -0.137321 0.934201 -0.329259
vn 0.155349 0.955016 -0.25261
vn 0.440593 0.884892 -0.151141
vn 0.425195 -0.826755 0.368354
vn 0.966263 0.0163575 0.257037
vn -0.560693 -0.823472 0.0867019
vn -0.323117 -0.927561 0.187688
vn 0.563253 -0.731836 0.383618
vn 0.956131 0.210187 0.204048
vn 0.899115 -0.277983 0.33811
vn 0.768358 0.639702 0.0201968
vn -0.786683 0.492166 -0.372697
vn -0.0590432 0.949986 -0.306659
vn 0.0774321 -0.94865 0.306704
vn 0.299767 -0.886574 0.352317
vn -0.437732 0.818157 -0.37284
vn 0.228256 0.94748 -0.224013
vn -0.954799 -0.218038 -0.202037
vn -0.737444 0.565278 -0.369644
vn -0.694447 -0.719218 0.0216346
vn -0.317027 -0.929942 0.186282
vn 0.529742 0.841463 -0.106363
vn 0.542889 -0.750452 0.376953
vn 0.783304 -0.497625 0.372563
vn 0.952507 -0.0807092 0.293626
vn 0.923859 0.35011 0.154622
vn -0.237511 -0.948079 0.211507
vn -0.964969 0.0426937 -0.258865
vn -0.931778 0.217818 -0.290421
vn 0.0514444 -0.955738 0.289685
vn 0.315987 -0.883756 0.345148
vn -0.511814 0.77764 -0.365134
vn -0.102484 0.946826 -0.304986
vn 0.891818 -0.303642 0.335354
vn 0.965665 0.127325 0.226451
vn 0.659269 -0.652853 0.373024
vn 0.790446 0.611569 0.0343209
vn -0.955579 0.155453 -0.250405
vn -0.168492 0.938621 -0.301001
vn -0.849189 -0.524502 -0.0614495
vn -0.972631 0.0251318 -0.230993
vn -0.597631 -0.79757 0.0819735
vn -0.702296 0.62316 -0.344169
vn 0.135563 -0.94474 0.298479
vn 0.852008 -0.416073 0.317752
vn 0.685333 -0.638791 0.349664
vn 0.308095 0.93148 -0.193448
vn 0.972404 0.012177 0.232987
vn 0.454601 -0.818024 0.352383
vn 0.856487 -0.39091 0.337073
vn 0.919781 0.370057 0.130616
vn 0.763013 0.646351 0.00650801
vn 0.967796 0.0043367 0.2517
vn 0.566307 0.818861 -0.0936099
vn -0.871691 -0.489378 -0.0257611
vn -0.984428 0.00205759 -0.175775
vn -0.768217 -0.639558 0.0284218
vn -0.775415 0.563702 -0.284555
vn -0.494115 -0.859084 0.133508
vn -0.729328 0.61294 -0.30395
vn -0.95428 0.187464 -0.232825
vn -0.633615 0.70456 -0.319575
vn -0.966311 -0.22225 -0.129797
vn -0.852736 -0.52071 -0.0412535
vn 0.24905 -0.919923 0.302847
vn 0.578666 -0.749934 0.320537
vn 0.961757 0.240158 0.131711
vn -0.0993945 -0.964776 0.243573
vn 0.803884 -0.507043 0.310931
vn 0.975004 -0.028785 0.220315
vn 0.519797 -0.784931 0.337186
vn 0.636828 0.766634 -0.0819961
vn 0.180887 0.956177 -0.23023
vn 0.440128 0.885051 -0.151567
vn 0.865973 0.497714 0.0486897
vn 0.956145 0.255784 0.142692
vn 0.884409 0.459669 0.0807744
vn 0.678575 0.732838 -0.0498519
vn -0.885463 -0.46202 -0.0499223
vn -0.983224 -0.039757 -0.178018
vn -0.61711 -0.781735 0.0898095
vn -0.311931 -0.933088 0.179013
vn -0.950528 0.215806 -0.223439
vn -0.962693 -0.249053 -0.105807
vn -0.804571 -0.593833 0.00521262
vn -0.260506 0.923151 -0.282717
vn -0.147381 -0.963667 0.222764
vn 0.151832 -0.951157 0.268788
vn 0.527806 -0.797711 0.291682
vn 0.42731 0.889707 -0.160708
vn 0.973171 0.200203 0.113391
vn 0.0267001 0.966539 -0.255128
vn 0.651397 -0.695922 0.302281
vn 0.783948 0.620213 -0.0275781
vn 0.826739 -0.495791 0.265882
vn 0.937259 -0.260007 0.232256
vn 0.987388 0.0454457 0.151656
vn 0.333889 -0.8941 0.298502
vn 0.137438 -0.950048 0.280214
vn 0.827966 -0.481186 0.28798
vn 0.947226 -0.208652 0.243365
vn 0.833871 0.551854 0.0107311
vn 0.964498 0.239693 0.110867
vn -0.885142 -0.452145 -0.10995
vn -0.973467 -0.0386646 -0.225538
vn -0.849774 0.431089 -0.303391
vn -0.464759 -0.879875 0.0990893
vn -0.497997 0.814413 -0.297875
vn -0.948948 -0.28529 -0.134564
vn -0.697568 -0.71639 0.0135459
vn -0.892203 0.362315 -0.269633
vn 0.0966395 0.974568 -0.202184
vn -0.793261 -0.608817 -0.00892652
vn -0.639277 -0.766171 0.0656286
vn -0.3645 -0.920224 0.142577
vn 0.74676 -0.603076 0.280443
vn 0.978045 -0.0753882 0.19428
vn -0.3802 -0.91236 0.151812
vn -0.0195839 -0.973249 0.228918
vn 0.855889 0.516364 0.0286669
vn 0.403615 0.902854 -0.148153
vn 0.40172 -0.870827 0.283339
vn 0.897501 -0.36805 0.242962
vn -0.809547 -0.566855 -0.152673
vn -0.949713 -0.112517 -0.292206
vn -0.608318 -0.792773 -0.0382166
vn -0.429306 -0.901726 0.0508629
vn -0.684458 -0.727573 -0.0464113
vn -0.532297 -0.845952 0.0320007
vn -0.938062 -0.251986 -0.237787
vn -0.922101 0.202221 -0.329902
vn -0.71602 0.612657 -0.334615
vn -0.811699 -0.569506 -0.129645
vn -0.259876 0.928515 -0.265186
vn -0.903658 -0.396285 -0.16236
vn -0.952455 0.102981 -0.286748
vn -0.691898 -0.721732 -0.0194908
vn -0.349943 -0.930936 0.104393
vn -0.0195355 -0.979357 0.201194
vn -0.51449 -0.855226 0.0623536
vn 0.776447 -0.554338 0.299732
vn 0.898151 0.423976 0.116481
vn -0.158353 -0.970853 0.179914
vn 0.373113 -0.884788 0.279171
vn 0.945487 -0.219368 0.240691
vn 0.689723 -0.664312 0.288046
vn 0.514601 0.85467 -0.0687417
vn 0.680932 0.731882 -0.0260732
vn 0.418445 0.89996 -0.122378
vn 0.946623 0.299304 0.11967
vn -0.86733 -0.413582 -0.276926
vn -0.734868 0.548634 -0.398711
vn -0.915887 0.122314 -0.382347
vn -0.271675 0.922465 -0.274319
vn -0.897658 -0.370056 -0.239308
vn -0.825988 -0.524465 -0.206593
vn -0.938123 -0.119644 -0.324977
vn -0.843504 0.389523 -0.369829
vn -0.386161 -0.921744 0.0356152
vn -0.636141 -0.765775 -0.0944123
vn -0.115966 -0.983867 0.136226
vn 0.155238 -0.959999 0.233028
vn -0.173716 -0.975156 0.137451
vn 0.663731 -0.669728 0.333056
vn 0.918454 -0.195352 0.343919
vn -0.575543 0.741498 -0.344865
vn 0.0829995 0.983218 -0.162459
vn 0.449274 0.893204 -0.0184389
vn 0.253754 0.958875 -0.127151
vn 0.714526 0.696253 0.0684491
vn 0.893573 -0.308541 0.326082
vn -0.572864 -0.804406 -0.157347
vn -0.187449 -0.978876 0.0816377
vn -0.791814 -0.532583 -0.298977
vn -0.900803 -0.154713 -0.405732
vn -0.720967 0.543373 -0.430062
vn -0.878327 0.130415 -0.459928
vn -0.916893 0.0372107 -0.397394
vn -0.895223 -0.26756 -0.356353
vn -0.852824 0.290261 -0.434096
vn -0.716013 -0.665405 -0.211099
vn -0.528054 0.769436 -0.359343
vn -0.661903 -0.73468 -0.148761
vn -0.441392 -0.896618 -0.0353514
vn 0.0768139 -0.976805 0.199877
vn 0.22026 0.971598 -0.086507
vn 0.81416 -0.434671 0.384974
vn 0.598344 0.796417 0.0877751
vn 0.461438 -0.821842 0.334141
vn 0.894539 0.354171 0.272694
vn 0.315958 -0.906502 0.280043
vn 0.919815 0.304896 0.246941
vn 0.750339 0.647335 0.133973
vn -0.840985 -0.294373 -0.453969
vn -0.715133 -0.631613 -0.299416
vn -0.37893 -0.922245 -0.0766636
vn -0.325369 -0.945525 -0.0108559
vn 0.00979023 -0.988861 0.148517
vn 0.727077 -0.533233 0.43246
vn -0.880459 -0.124362 -0.457521
vn -0.784892 0.397837 -0.475047
vn -0.855283 0.135415 -0.500154
vn -0.51272 0.766879 -0.386024
vn -0.0925249 0.97643 -0.194997
vn -0.863569 -0.306231 -0.400588
vn 0.886799 -0.108977 0.449123
vn 0.843103 0.410342 0.347558
vn 0.371778 0.928137 0.01854
vn 0.91228 0.157918 0.377897
vn 0.610152 0.771192 0.181596
vn 0.814899 -0.393283 0.425757
vn 0.709717 0.675752 0.199151
vn -0.661898 0.560723 -0.497474
vn -0.842911 0.00377591 -0.538041
vn -0.719884 -0.594518 -0.358211
vn -0.832403 0.168977 -0.527781
vn -0.53362 -0.815526 -0.223981
vn -0.216432 -0.976273 -0.00691982
vn 0.193129 -0.950081 0.245044
vn -0.0373619 -0.994409 0.0987645
vn 0.455984 -0.816824 0.353379
vn 0.759929 -0.447309 0.471617
vn 0.880585 0.122598 0.457756
vn -0.681189 0.556382 -0.475837
vn -0.294688 0.909522 -0.293135
vn 0.0541734 0.993863 -0.0964407
vn 0.313432 0.948892 0.0369289
vn 0.396025 0.90923 0.128319
vn 0.700683 0.653813 0.28561
vn -0.770195 -0.449999 -0.451996
vn -0.770451 0.324337 -0.548827
vn -0.505275 -0.826935 -0.246731
vn -0.397224 0.84444 -0.359354
vn -0.182193 -0.983012 -0.0221884
vn 0.133713 0.990856 -0.0180366
vn 0.730297 0.532861 0.427464
vn 0.466657 -0.795883 0.385748
vn 0.583171 -0.689569 0.429425
vn 0.659868 -0.583886 0.472919
vn 0.769986 0.488295 0.410719
vn 0.820668 -0.228255 0.523836
vn 0.400022 -0.851161 0.339863
vn 0.139386 -0.972081 0.188758
vn 0.719336 -0.462319 0.518476
vn 0.839378 0.0646243 0.539693
vn 0.4656 0.85764 0.218335
vn 0.0707416 -0.989618 0.125108
vn -0.856379 -0.0694219 -0.51166
vn -0.614364 0.657315 -0.436457
vn -0.800235 0.301325 -0.518485
vn -0.0355508 0.992657 -0.115621
vn 0.810254 -0.206976 0.548315
vn 0.693109 -0.536812 0.481074
vn 0.832565 0.110385 0.542818
vn -0.5502 -0.810326 -0.201623
vn -0.55701 -0.785146 -0.270715
vn 0.160196 -0.974673 0.156042
vn 0.442537 -0.847082 0.294301
vn 0.413933 -0.852869 0.318236
vn -0.857323 0.150657 -0.49224
vn -0.708551 0.559451 -0.430082
vn -0.652239 -0.694916 -0.302779
vn -0.873946 0.187867 -0.448247
vn -0.31546 0.922521 -0.222349
vn 0.315445 0.941774 0.11643
vn 0.84069 0.25981 0.475119
vn 0.850302 -0.14211 0.506746
vn 0.718503 0.587729 0.371926
vn 0.738345 -0.513208 0.437566
vn 0.83218 0.349367 0.430602
vn 0.584269 0.767301 0.264345
vn 0.772725 0.443726 0.453876
vn 0.579805 0.755577 0.304842
vn 0.847747 0.00944406 0.530317
vn -0.705144 0.0200601 -0.70878
vn -0.507695 -0.454037 -0.732186
vn -0.407969 0.0797198 -0.909509
vn -0.428387 0.530868 -0.731207
vn -0.173927 -0.306571 -0.935822
vn -0.145742 0.110062 -0.983181
vn -0.118056 0.47324 -0.872987
vn 0.0852572 -0.625868 -0.775255
vn 0.0912565 -0.337909 -0.936744
vn 0.103096 0.135935 -0.985339
vn 0.180877 0.555096 -0.811882
vn -0.995571 -0.054226 -0.0768016
vn -0.994827 -0.0172009 0.100116
vn -0.741193 -0.490042 -0.458794
vn -0.881856 -0.44225 -0.163537
vn -0.871621 -0.483858 0.0784747
vn -0.921632 0.00680741 -0.388006
vn -0.741208 0.52125 -0.422976
vn -0.904546 0.421094 -0.066905
vn -0.634401 -0.768034 -0.0875158
vn -0.585551 -0.805577 0.0904188
vn -0.610692 0.787238 -0.0855076
vn -0.474912 -0.804973 -0.355637
vn -0.381789 0.828282 -0.410105
vn -0.21215 0.970387 -0.115509
vn -0.401728 0.915752 0.00360329
vn -0.191758 -0.737212 -0.64788
vn -0.216882 -0.93329 -0.286238
vn -0.239748 -0.970796 -0.00871849
vn -0.0702753 0.772684 -0.630889
vn -0.0471075 0.940437 -0.336688
vn 0.0774947 -0.823365 -0.562196
vn 0.0100824 -0.966408 -0.256815
vn 0.2041 0.773911 -0.599503
vn 0.158898 0.90094 -0.403805
vn 0.208785 0.967225 -0.144516
vn 0.0913198 0.994102 -0.0585027
vn -0.887996 0.45468 0.0687657
vn -0.885625 -0.451927 0.106911
vn -0.996234 -0.0773436 0.0391927
vn -0.747137 -0.662947 0.0478256
vn -0.829556 -0.558378 -0.00710895
vn -0.998328 -0.0479368 -0.03231
vn -0.970447 -0.229065 -0.0759053
vn -0.953605 -0.265738 -0.141498
vn -0.793238 -0.605543 -0.0639567
vn -0.712245 -0.684736 -0.154413
vn -0.636822 -0.759611 -0.132094
vn 0.195527 -0.973203 0.121019
vn 0.73026 -0.595889 0.33412
vn -0.180752 -0.982915 -0.0347408
vn 0.225007 -0.959505 0.169477
vn 0.435766 -0.868134 0.237596
vn 0.603235 -0.721302 0.34034
vn -0.525444 0.850806 0.00614081
vn -0.826187 0.563323 0.00902942
vn -0.992252 0.11756 -0.0401842
vn -0.968904 0.23324 -0.0826043
vn -0.670953 0.736975 -0.0817855
vn -0.866985 0.475447 -0.14929
vn -0.459636 0.880263 -0.117779
vn -0.965915 -0.0508953 -0.253806
vn -0.644834 0.723415 -0.246698
vn 0.122271 0.992342 -0.017535
vn -0.715169 -0.655765 -0.241881
vn -0.930866 0.0574336 -0.360819
vn -0.548436 0.782301 -0.295334
vn -0.0572092 0.994725 -0.0851433
vn 0.0543114 0.997554 -0.044006
vn 0.767653 0.563282 0.30565
vn 0.357645 0.93037 0.0806338
vn 0.910556 -0.154429 0.383458
vn 0.888197 0.316464 0.3331
vn 0.695492 0.682379 0.225057
vn 0.775955 0.519513 0.35777
vn 0.36067 0.925154 0.11835
vn 0.893422 0.0234318 0.448606
vn 0.576214 0.788063 0.216642
vn 0.860048 -0.283958 0.423893
vn 0.895694 0.204512 0.394851
vn 0.872978 -0.0859354 0.48013
vn 0.367701 -0.350668 -0.861294
vn 0.431699 0.161704 -0.887405
vn 0.289727 -0.910644 -0.294594
vn 0.1294 -0.991592 0.000489559
vn 0.372174 -0.665882 -0.646597
vn 0.450859 0.606477 -0.654914
vn 0.40231 0.837958 -0.368744
vn 0.503301 -0.858366 -0.0994813
vn 0.64992 -0.263166 -0.712985
vn 0.645249 -0.663574 -0.37858
vn 0.759987 -0.635914 -0.134286
vn 0.87827 -0.234013 -0.416988
vn 0.698142 0.242967 -0.673472
vn 0.854079 0.314016 -0.41466
vn 0.66683 0.621631 -0.41099
vn 0.791657 0.58548 -0.174619
vn 0.559547 0.80854 -0.182126
vn 0.461831 0.881248 -0.100565
vn 0.948109 -0.265904 -0.17431
vn 0.955305 0.182844 -0.232293
vn 0.985196 0.102991 -0.137047
vn 0.872517 -0.479349 -0.0945396
vn 0.657455 0.744556 -0.115714
vn 0.816016 -0.575216 -0.0569583
vn 0.9852 -0.133249 -0.107822
vn 0.910352 0.392186 -0.132095
vn 0.763819 0.636367 -0.107787
vn -0.371682 -0.92609 0.0648855
vn 0.584568 -0.810823 -0.0291132
vn 0.931856 -0.357843 -0.0599449
vn 0.96886 0.222945 -0.107729
vn 0.984867 0.15375 -0.079984
vn 0.805017 0.58625 -0.0908724
vn 0.297686 -0.954468 0.0193273
vn 0.664146 -0.747398 -0.0175223
vn 0.897012 0.438458 -0.0558881
vn -0.47158 -0.881555 0.0217353
vn 0.55233 -0.833292 0.0235744
vn 0.865793 -0.500246 -0.0124902
vn 0.801514 -0.597108 0.0322073
vn 0.998345 -0.0423463 -0.0389169
vn 0.984236 -0.176461 0.0119202
vn 0.966573 0.256122 -0.0117749
vn -0.0365024 -0.998521 0.0402827
vn 0.281275 -0.958502 0.0464624
vn 0.625879 -0.776816 0.0695201
vn 0.920532 -0.385665 0.0623139
vn 0.993345 0.102634 0.0522739
vn -0.412238 -0.910988 -0.0126558
vn 0.128415 -0.990098 0.0567053
vn 0.259715 -0.96148 0.0900237
vn 0.369682 -0.926054 0.0758854
vn 0.603568 -0.788651 0.117198
vn 0.872547 -0.465016 0.149741
vn 0.889543 -0.445301 0.102082
vn 0.991996 -0.03217 0.122099
vn -0.119565 -0.992642 0.0191244
vn 0.510275 -0.847186 0.147973
vn 0.760954 -0.61989 0.191532
vn 0.966798 -0.166477 0.193872
vn 0.407888 -0.899748 0.155181
vn 0.591029 -0.771808 0.234515
vn 0.650409 -0.716038 0.253493
vn 0.863642 -0.390996 0.31819
vn 0.662601 -0.710557 0.23679
vn 0.873194 -0.406645 0.26865
vn 0.468471 0.879595 -0.082749
vn -0.477107 0.878488 -0.0250709
vn -0.0805359 0.995902 -0.0411536
vn 0.297855 0.952836 -0.058187
vn 0.637088 0.768338 -0.0614475
vn -0.596813 0.801271 -0.0421681
vn -0.301093 0.952131 -0.0528211
vn 0.276658 0.960323 -0.0352168
vn 0.538597 0.841994 -0.030973
vn 0.794566 0.607178 0.000199241
vn 0.0495426 0.997743 -0.0453268
vn 0.511149 0.859462 0.00720431
vn 0.900666 0.428249 0.0735067
vn 0.382751 0.923587 0.0221002
vn 0.967668 0.110436 0.226764
vn 0.934724 0.322841 0.148541
vn 0.702735 0.707403 0.0757956
vn 0.85721 0.44511 0.258977
vn 0.489593 0.868412 0.0784863
vn 0.634636 0.756694 0.157004
vn 0.955192 0.0847873 0.283585
vn 0.812602 0.556519 0.173103
vn 0.939928 0.0455893 0.338315
vn -0.96155 0.04731 0.270523
vn -0.869087 0.0252999 0.494012
vn -0.799852 -0.320279 0.507601
vn -0.93883 0.116934 0.32392
vn -0.414098 0.626843 -0.659994
vn -0.764683 0.43053 0.479482
vn -0.233697 -0.875303 0.423357
vn -0.623902 -0.059843 0.779208
vn -0.489463 -0.0643793 0.869644
vn 0.186137 0.781487 0.595509
vn 0.43793 0.301177 0.84706
vn 0.505586 0.760693 0.407098
vn 0.521547 0.694872 0.495118
vn 0.43793 0.301177 0.84706
vn 0.189526 -0.108452 0.975868
vn -0.81242 0.414524 0.410053
vn -0.786315 0.33975 0.516023
vn -0.657072 0.441538 0.610983
vn 0.389022 0.894944 0.218487
vn 0.43793 0.301177 0.84706
vn 0.53628 0.0894778 0.839284
vn -0.427619 0.388419 0.816256
vn -0.652613 0.667883 -0.357811
vn -0.65482 0.678267 -0.333415
vn -0.302557 0.895583 -0.326175
vn -0.206489 0.932644 -0.295869
vn 0.968777 0.139721 0.204817
vn 0.914802 0.359969 0.183192
vn -0.661602 -0.658602 -0.358506
vn -0.151578 0.973791 -0.169574
vn -0.884631 -0.173718 -0.432723
vn -0.959127 -0.141483 -0.245066
vn -0.716612 0.696344 -0.0396542
vn -0.616077 0.763894 -0.192131
vn -0.158684 0.981943 -0.102995
vn -0.933629 -0.0414076 -0.35584
vn -0.647998 0.70459 -0.289224
g grp1
usemtl mtl1
f 35//35 3//3 2//2 
f 1//1 35//35 2//2 
f 3//3 4//4 2//2 
f 2206//2206 2207//2207 5//5 
f 25//25 5//5 2207//2207 
f 25//25 2207//2207 11//11 
f 2207//2207 2208//2208 11//11 
f 35//35 1//1 32//32 
f 4//4 10//10 2212//2212 
f 32//32 1//1 6//6 
f 2206//2206 5//5 2209//2209 
f 5//5 8//8 2209//2209 
f 5//5 25//25 8//8 
f 2210//2210 7//7 6//6 
f 2210//2210 9//9 17//17 
f 8//8 25//25 2211//2211 
f 55//55 10//10 4//4 
f 2212//2212 10//10 12//12 
f 11//11 18//18 25//25 
f 2212//2212 12//12 13//13 
f 13//13 14//14 2212//2212 
f 11//11 15//15 18//18 
f 11//11 2213//2213 15//15 
f 47//47 16//16 14//14 
f 2213//2213 2214//2214 15//15 
f 15//15 22//22 18//18 
f 16//16 36//36 2220//2220 
f 15//15 2214//2214 22//22 
f 48//48 36//36 16//16 
f 7//7 2210//2210 50//50 
f 2210//2210 17//17 50//50 
f 17//17 9//9 23//23 
f 20//20 18//18 21//21 
f 18//18 19//19 21//21 
f 20//20 31//31 18//18 
f 37//37 2215//2215 39//39 
f 2218//2218 37//37 2217//2217 
f 2225//2225 2219//2219 2216//2216 
f 22//22 38//38 19//19 
f 18//18 22//22 19//19 
f 2226//2226 2220//2220 36//36 
f 2227//2227 19//19 38//38 
f 9//9 24//24 23//23 
f 2221//2221 2211//2211 25//25 
f 23//23 24//24 26//26 
f 26//26 24//24 27//27 
f 2221//2221 25//25 2222//2222 
f 17//17 23//23 26//26 
f 26//26 27//27 74//74 
f 28//28 74//74 27//27 
f 51//51 74//74 28//28 
f 25//25 18//18 2222//2222 
f 28//28 27//27 29//29 
f 18//18 2223//2223 2222//2222 
f 51//51 28//28 29//29 
f 51//51 29//29 30//30 
f 18//18 31//31 2223//2223 
f 29//29 2224//2224 30//30 
f 4//4 33//33 41//41 
f 4//4 41//41 55//55 
f 6//6 34//34 32//32 
f 34//34 6//6 44//44 
f 42//42 35//35 32//32 
f 3//3 33//33 4//4 
f 3//3 35//35 33//33 
f 33//33 35//35 42//42 
f 47//47 14//14 13//13 
f 57//57 13//13 12//12 
f 47//47 48//48 16//16 
f 49//49 36//36 48//48 
f 44//44 6//6 7//7 
f 44//44 7//7 50//50 
f 51//51 30//30 66//66 
f 66//66 30//30 2224//2224 
f 66//66 2224//2224 52//52 
f 37//37 52//52 2217//2217 
f 54//54 53//53 39//39 
f 53//53 37//37 39//39 
f 2217//2217 52//52 2224//2224 
f 53//53 52//52 37//37 
f 49//49 54//54 40//40 
f 40//40 36//36 49//49 
f 40//40 54//54 2226//2226 
f 40//40 2226//2226 36//36 
f 54//54 39//39 2226//2226 
f 33//33 42//42 68//68 
f 41//41 33//33 68//68 
f 56//56 10//10 55//55 
f 56//56 12//12 10//10 
f 56//56 57//57 12//12 
f 34//34 45//45 32//32 
f 34//34 44//44 46//46 
f 43//43 32//32 45//45 
f 42//42 32//32 43//43 
f 46//46 44//44 61//61 
f 49//49 65//65 54//54 
f 54//54 65//65 63//63 
f 44//44 50//50 61//61 
f 50//50 17//17 73//73 
f 73//73 17//17 26//26 
f 73//73 26//26 74//74 
f 63//63 53//53 54//54 
f 69//69 68//68 42//42 
f 69//69 42//42 43//43 
f 47//47 13//13 59//59 
f 58//58 13//13 57//57 
f 59//59 13//13 58//58 
f 45//45 34//34 46//46 
f 45//45 60//60 43//43 
f 45//45 46//46 71//71 
f 45//45 71//71 60//60 
f 46//46 61//61 71//71 
f 72//72 61//61 50//50 
f 62//62 47//47 59//59 
f 63//63 75//75 67//67 
f 77//77 62//62 86//86 
f 62//62 64//64 48//48 
f 64//64 65//65 49//49 
f 48//48 64//64 49//49 
f 47//47 62//62 48//48 
f 77//77 65//65 64//64 
f 62//62 77//77 64//64 
f 76//76 63//63 65//65 
f 51//51 66//66 78//78 
f 52//52 67//67 66//66 
f 66//66 67//67 89//89 
f 89//89 67//67 75//75 
f 67//67 53//53 63//63 
f 67//67 52//52 53//53 
f 85//85 84//84 69//69 
f 69//69 82//82 85//85 
f 43//43 60//60 69//69 
f 41//41 68//68 79//79 
f 84//84 68//68 69//69 
f 69//69 60//60 82//82 
f 68//68 84//84 79//79 
f 41//41 79//79 55//55 
f 79//79 80//80 55//55 
f 80//80 56//56 55//55 
f 56//56 81//81 57//57 
f 57//57 81//81 87//87 
f 87//87 58//58 57//57 
f 58//58 87//87 59//59 
f 59//59 87//87 100//100 
f 70//70 59//59 100//100 
f 59//59 70//70 62//62 
f 70//70 86//86 62//62 
f 71//71 83//83 60//60 
f 73//73 72//72 50//50 
f 71//71 61//61 88//88 
f 72//72 88//88 61//61 
f 63//63 76//76 75//75 
f 75//75 93//93 89//89 
f 77//77 76//76 65//65 
f 78//78 74//74 51//51 
f 78//78 66//66 89//89 
f 81//81 99//99 87//87 
f 83//83 101//101 82//82 
f 82//82 60//60 83//83 
f 83//83 71//71 88//88 
f 104//104 77//77 86//86 
f 104//104 92//92 77//77 
f 72//72 73//73 116//116 
f 116//116 73//73 74//74 
f 78//78 89//89 106//106 
f 89//89 93//93 106//106 
f 94//94 93//93 75//75 
f 76//76 77//77 92//92 
f 92//92 90//90 76//76 
f 90//90 75//75 76//76 
f 85//85 82//82 95//95 
f 85//85 95//95 97//97 
f 84//84 85//85 97//97 
f 84//84 97//97 79//79 
f 109//109 56//56 80//80 
f 99//99 100//100 87//87 
f 101//101 83//83 102//102 
f 102//102 83//83 88//88 
f 102//102 88//88 72//72 
f 92//92 108//108 94//94 
f 100//100 91//91 70//70 
f 86//86 70//70 91//91 
f 91//91 105//105 86//86 
f 86//86 105//105 104//104 
f 103//103 72//72 116//116 
f 107//107 74//74 78//78 
f 107//107 130//130 74//74 
f 108//108 93//93 94//94 
f 92//92 94//94 90//90 
f 94//94 75//75 90//90 
f 96//96 123//123 95//95 
f 82//82 96//96 95//95 
f 97//97 95//95 124//124 
f 133//133 98//98 124//124 
f 97//97 124//124 98//98 
f 133//133 163//163 98//98 
f 79//79 97//97 98//98 
f 80//80 79//79 98//98 
f 109//109 80//80 98//98 
f 163//163 109//109 98//98 
f 134//134 56//56 109//109 
f 134//134 81//81 56//56 
f 111//111 100//100 99//99 
f 111//111 113//113 100//100 
f 113//113 91//91 100//100 
f 105//105 91//91 113//113 
f 113//113 114//114 105//105 
f 101//101 96//96 82//82 
f 96//96 101//101 110//110 
f 110//110 101//101 102//102 
f 72//72 103//103 102//102 
f 108//108 92//92 120//120 
f 120//120 92//92 121//121 
f 114//114 104//104 105//105 
f 118//118 106//106 108//108 
f 117//117 106//106 118//118 
f 104//104 121//121 92//92 
f 107//107 151//151 130//130 
f 106//106 107//107 78//78 
f 106//106 117//117 107//107 
f 106//106 93//93 108//108 
f 163//163 152//152 109//109 
f 109//109 152//152 134//134 
f 110//110 135//135 96//96 
f 140//140 113//113 111//111 
f 114//114 113//113 140//140 
f 112//112 121//121 104//104 
f 112//112 104//104 114//114 
f 129//129 127//127 103//103 
f 136//136 127//127 129//129 
f 127//127 110//110 102//102 
f 127//127 102//102 103//103 
f 115//115 116//116 74//74 
f 115//115 74//74 130//130 
f 116//116 115//115 141//141 
f 141//141 115//115 130//130 
f 117//117 151//151 107//107 
f 108//108 120//120 122//122 
f 118//118 108//108 122//122 
f 119//119 120//120 121//121 
f 119//119 121//121 112//112 
f 124//124 95//95 123//123 
f 143//143 133//133 124//124 
f 134//134 125//125 81//81 
f 135//135 110//110 126//126 
f 127//127 126//126 110//110 
f 123//123 96//96 135//135 
f 136//136 126//126 127//127 
f 81//81 125//125 99//99 
f 99//99 125//125 111//111 
f 112//112 139//139 138//138 
f 112//112 138//138 119//119 
f 139//139 114//114 140//140 
f 138//138 128//128 119//119 
f 112//112 114//114 139//139 
f 137//137 103//103 116//116 
f 129//129 103//103 137//137 
f 118//118 122//122 131//131 
f 132//132 120//120 128//128 
f 131//131 120//120 132//132 
f 118//118 142//142 117//117 
f 118//118 131//131 142//142 
f 128//128 120//120 119//119 
f 122//122 120//120 131//131 
f 143//143 123//123 155//155 
f 124//124 123//123 143//143 
f 155//155 123//123 135//135 
f 145//145 111//111 125//125 
f 136//136 129//129 137//137 
f 136//136 137//137 158//158 
f 137//137 141//141 158//158 
f 140//140 111//111 145//145 
f 146//146 140//140 145//145 
f 140//140 146//146 139//139 
f 128//128 138//138 161//161 
f 128//128 161//161 132//132 
f 149//149 142//142 131//131 
f 149//149 131//131 132//132 
f 161//161 149//149 132//132 
f 141//141 137//137 116//116 
f 169//169 141//141 130//130 
f 154//154 155//155 135//135 
f 135//135 126//126 154//154 
f 144//144 125//125 134//134 
f 146//146 145//145 156//156 
f 146//146 147//147 139//139 
f 138//138 139//139 147//147 
f 138//138 147//147 150//150 
f 153//153 126//126 136//136 
f 126//126 153//153 154//154 
f 151//151 117//117 148//148 
f 148//148 142//142 149//149 
f 117//117 142//142 148//148 
f 138//138 150//150 161//161 
f 169//169 130//130 151//151 
f 163//163 133//133 162//162 
f 164//164 134//134 152//152 
f 164//164 144//144 134//134 
f 154//154 171//171 170//170 
f 154//154 170//170 155//155 
f 177//177 154//154 153//153 
f 170//170 143//143 155//155 
f 147//147 157//157 168//168 
f 168//168 150//150 147//147 
f 145//145 125//125 144//144 
f 156//156 157//157 146//146 
f 157//157 147//147 146//146 
f 153//153 158//158 189//189 
f 153//153 136//136 158//158 
f 189//189 158//158 159//159 
f 159//159 158//158 141//141 
f 159//159 141//141 169//169 
f 160//160 166//166 178//178 
f 149//149 166//166 160//160 
f 166//166 149//149 161//161 
f 148//148 160//160 178//178 
f 160//160 148//148 149//149 
f 161//161 167//167 166//166 
f 161//161 150//150 167//167 
f 163//163 173//173 152//152 
f 164//164 152//152 173//173 
f 173//173 172//172 164//164 
f 174//174 165//165 144//144 
f 165//165 145//145 144//144 
f 156//156 145//145 165//165 
f 164//164 174//174 144//144 
f 156//156 165//165 176//176 
f 172//172 174//174 164//164 
f 156//156 176//176 157//157 
f 171//171 154//154 177//177 
f 180//180 157//157 176//176 
f 166//166 167//167 193//193 
f 157//157 180//180 168//168 
f 168//168 167//167 150//150 
f 189//189 159//159 190//190 
f 190//190 159//159 169//169 
f 133//133 143//143 195//195 
f 170//170 194//194 143//143 
f 196//196 173//173 163//163 
f 183//183 173//173 196//196 
f 183//183 172//172 173//173 
f 184//184 172//172 183//183 
f 184//184 175//175 174//174 
f 175//175 185//185 165//165 
f 185//185 176//176 165//165 
f 174//174 175//175 165//165 
f 179//179 180//180 187//187 
f 188//188 177//177 153//153 
f 189//189 188//188 153//153 
f 192//192 178//178 166//166 
f 192//192 236//236 178//178 
f 180//180 179//179 168//168 
f 168//168 179//179 167//167 
f 179//179 191//191 167//167 
f 167//167 191//191 193//193 
f 192//192 166//166 193//193 
f 195//195 143//143 194//194 
f 195//195 181//181 133//133 
f 218//218 196//196 182//182 
f 181//181 182//182 162//162 
f 133//133 181//181 162//162 
f 182//182 163//163 162//162 
f 182//182 196//196 163//163 
f 194//194 170//170 229//229 
f 171//171 209//209 170//170 
f 177//177 209//209 171//171 
f 209//209 177//177 200//200 
f 175//175 184//184 197//197 
f 197//197 185//185 175//175 
f 184//184 174//174 172//172 
f 186//186 176//176 185//185 
f 185//185 202//202 186//186 
f 187//187 186//186 202//202 
f 180//180 186//186 187//187 
f 180//180 176//176 186//186 
f 179//179 187//187 191//191 
f 189//189 190//190 210//210 
f 214//214 210//210 190//190 
f 215//215 190//190 169//169 
f 215//215 169//169 151//151 
f 178//178 236//236 148//148 
f 211//211 193//193 191//191 
f 193//193 211//211 192//192 
f 209//209 229//229 170//170 
f 194//194 229//229 195//195 
f 203//203 181//181 195//195 
f 204//204 218//218 182//182 
f 181//181 204//204 182//182 
f 218//218 205//205 196//196 
f 205//205 183//183 196//196 
f 205//205 198//198 183//183 
f 198//198 184//184 183//183 
f 198//198 197//197 184//184 
f 205//205 206//206 198//198 
f 198//198 207//207 197//197 
f 207//207 208//208 197//197 
f 200//200 220//220 209//209 
f 200//200 199//199 220//220 
f 177//177 199//199 200//200 
f 199//199 177//177 188//188 
f 187//187 202//202 201//201 
f 201//201 202//202 213//213 
f 208//208 185//185 197//197 
f 201//201 212//212 191//191 
f 187//187 201//201 191//191 
f 191//191 212//212 211//211 
f 208//208 202//202 185//185 
f 214//214 190//190 215//215 
f 216//216 215//215 148//148 
f 151//151 148//148 215//215 
f 192//192 211//211 222//222 
f 192//192 222//222 236//236 
f 203//203 217//217 204//204 
f 181//181 203//203 204//204 
f 207//207 198//198 206//206 
f 208//208 234//234 213//213 
f 233//233 208//208 207//207 
f 233//233 234//234 208//208 
f 221//221 199//199 188//188 
f 210//210 214//214 243//243 
f 188//188 189//189 210//210 
f 243//243 214//214 215//215 
f 258//258 215//215 216//216 
f 236//236 258//258 216//216 
f 213//213 231//231 201//201 
f 231//231 211//211 212//212 
f 201//201 231//231 212//212 
f 202//202 208//208 213//213 
f 148//148 236//236 216//216 
f 225//225 224//224 203//203 
f 224//224 217//217 203//203 
f 226//226 218//218 217//217 
f 217//217 218//218 204//204 
f 219//219 205//205 218//218 
f 218//218 227//227 219//219 
f 227//227 228//228 219//219 
f 228//228 205//205 219//219 
f 220//220 251//251 209//209 
f 228//228 206//206 205//205 
f 230//230 233//233 207//207 
f 206//206 230//230 207//207 
f 234//234 232//232 213//213 
f 232//232 231//231 213//213 
f 242//242 199//199 221//221 
f 188//188 210//210 221//221 
f 243//243 215//215 235//235 
f 235//235 215//215 258//258 
f 223//223 203//203 195//195 
f 203//203 223//223 225//225 
f 245//245 237//237 224//224 
f 225//225 245//245 224//224 
f 237//237 226//226 217//217 
f 224//224 237//237 217//217 
f 238//238 227//227 226//226 
f 237//237 238//238 226//226 
f 239//239 227//227 238//238 
f 239//239 228//228 227//227 
f 226//226 227//227 218//218 
f 223//223 195//195 229//229 
f 274//274 223//223 229//229 
f 228//228 230//230 206//206 
f 240//240 233//233 230//230 
f 234//234 233//233 240//240 
f 249//249 234//234 240//240 
f 249//249 232//232 234//234 
f 231//231 269//269 211//211 
f 199//199 242//242 220//220 
f 221//221 253//253 242//242 
f 235//235 267//267 243//243 
f 267//267 235//235 258//258 
f 221//221 210//210 243//243 
f 246//246 238//238 237//237 
f 246//246 247//247 238//238 
f 239//239 248//248 228//228 
f 228//228 248//248 230//230 
f 248//248 240//240 230//230 
f 209//209 241//241 229//229 
f 252//252 220//220 242//242 
f 241//241 274//274 229//229 
f 220//220 252//252 251//251 
f 209//209 251//251 241//241 
f 232//232 249//249 255//255 
f 255//255 231//231 232//232 
f 253//253 221//221 243//243 
f 257//257 243//243 267//267 
f 211//211 256//256 222//222 
f 256//256 236//236 222//222 
f 274//274 244//244 223//223 
f 225//225 223//223 244//244 
f 244//244 245//245 225//225 
f 246//246 261//261 247//247 
f 261//261 262//262 247//247 
f 247//247 239//239 238//238 
f 262//262 248//248 239//239 
f 263//263 248//248 262//262 
f 262//262 239//239 247//247 
f 250//250 240//240 248//248 
f 263//263 250//250 248//248 
f 249//249 240//240 250//250 
f 255//255 249//249 265//265 
f 255//255 265//265 268//268 
f 281//281 253//253 257//257 
f 236//236 254//254 258//258 
f 268//268 269//269 231//231 
f 236//236 256//256 254//254 
f 255//255 268//268 231//231 
f 253//253 243//243 257//257 
f 272//272 271//271 261//261 
f 261//261 271//271 276//276 
f 241//241 273//273 274//274 
f 245//245 275//275 260//260 
f 275//275 245//245 244//244 
f 260//260 237//237 245//245 
f 260//260 259//259 237//237 
f 237//237 259//259 246//246 
f 272//272 246//246 259//259 
f 272//272 261//261 246//246 
f 261//261 276//276 262//262 
f 276//276 263//263 262//262 
f 278//278 250//250 263//263 
f 268//268 265//265 269//269 
f 264//264 269//269 265//265 
f 265//265 249//249 250//250 
f 252//252 279//279 251//251 
f 280//280 252//252 266//266 
f 292//292 280//280 266//266 
f 252//252 242//242 266//266 
f 266//266 242//242 253//253 
f 266//266 253//253 281//281 
f 281//281 257//257 267//267 
f 254//254 256//256 282//282 
f 282//282 258//258 254//254 
f 211//211 269//269 283//283 
f 256//256 211//211 283//283 
f 260//260 275//275 294//294 
f 293//293 294//294 275//275 
f 294//294 295//295 270//270 
f 260//260 270//270 259//259 
f 294//294 270//270 260//260 
f 271//271 272//272 270//270 
f 270//270 272//272 259//259 
f 285//285 276//276 271//271 
f 241//241 279//279 273//273 
f 244//244 301//301 275//275 
f 299//299 301//301 244//244 
f 274//274 299//299 244//244 
f 275//275 301//301 293//293 
f 263//263 288//288 278//278 
f 288//288 286//286 278//278 
f 288//288 263//263 276//276 
f 277//277 278//278 286//286 
f 265//265 277//277 264//264 
f 265//265 278//278 277//277 
f 265//265 250//250 278//278 
f 280//280 279//279 252//252 
f 251//251 279//279 241//241 
f 305//305 323//323 292//292 
f 281//281 292//292 266//266 
f 305//305 292//292 281//281 
f 305//305 281//281 267//267 
f 258//258 282//282 267//267 
f 283//283 269//269 290//290 
f 284//284 270//270 295//295 
f 284//284 271//271 270//270 
f 297//297 284//284 310//310 
f 284//284 297//297 285//285 
f 297//297 296//296 285//285 
f 284//284 285//285 271//271 
f 296//296 288//288 285//285 
f 285//285 288//288 276//276 
f 279//279 298//298 273//273 
f 300//300 299//299 274//274 
f 273//273 300//300 274//274 
f 288//288 296//296 302//302 
f 302//302 286//286 288//288 
f 264//264 287//287 289//289 
f 264//264 277//277 287//287 
f 264//264 289//289 269//269 
f 269//269 289//289 290//290 
f 291//291 279//279 280//280 
f 292//292 304//304 280//280 
f 291//291 280//280 304//304 
f 282//282 305//305 267//267 
f 282//282 256//256 325//325 
f 308//308 307//307 293//293 
f 307//307 294//294 293//293 
f 301//301 308//308 293//293 
f 312//312 296//296 297//297 
f 273//273 298//298 300//300 
f 298//298 279//279 303//303 
f 300//300 298//298 315//315 
f 315//315 298//298 303//303 
f 312//312 302//302 296//296 
f 317//317 302//302 312//312 
f 317//317 286//286 302//302 
f 287//287 286//286 317//317 
f 289//289 319//319 290//290 
f 287//287 317//317 319//319 
f 277//277 286//286 287//287 
f 283//283 290//290 318//318 
f 287//287 319//319 289//289 
f 279//279 322//322 303//303 
f 322//322 291//291 304//304 
f 291//291 322//322 279//279 
f 322//322 304//304 339//339 
f 339//339 304//304 323//323 
f 304//304 292//292 323//323 
f 305//305 306//306 341//341 
f 306//306 305//305 282//282 
f 306//306 282//282 325//325 
f 256//256 283//283 318//318 
f 309//309 294//294 307//307 
f 309//309 295//295 294//294 
f 309//309 327//327 295//295 
f 327//327 310//310 295//295 
f 295//295 310//310 284//284 
f 311//311 297//297 310//310 
f 312//312 297//297 311//311 
f 314//314 315//315 330//330 
f 315//315 331//331 330//330 
f 321//321 331//331 315//315 
f 315//315 314//314 300//300 
f 332//332 301//301 299//299 
f 313//313 332//332 299//299 
f 315//315 303//303 321//321 
f 301//301 332//332 308//308 
f 300//300 314//314 299//299 
f 314//314 313//313 299//299 
f 316//316 337//337 319//319 
f 317//317 312//312 336//336 
f 336//336 316//316 317//317 
f 320//320 335//335 318//318 
f 337//337 335//335 320//320 
f 319//319 320//320 290//290 
f 290//290 320//320 318//318 
f 319//319 317//317 316//316 
f 319//319 337//337 320//320 
f 321//321 303//303 322//322 
f 338//338 321//321 322//322 
f 354//354 322//322 339//339 
f 354//354 338//338 322//322 
f 305//305 341//341 323//323 
f 306//306 325//325 355//355 
f 325//325 256//256 324//324 
f 256//256 318//318 324//324 
f 349//349 308//308 332//332 
f 349//349 357//357 308//308 
f 342//342 307//307 357//357 
f 307//307 308//308 357//357 
f 342//342 309//309 307//307 
f 326//326 309//309 342//342 
f 326//326 327//327 309//309 
f 326//326 345//345 327//327 
f 345//345 328//328 327//327 
f 328//328 347//347 311//311 
f 327//327 328//328 310//310 
f 328//328 311//311 310//310 
f 347//347 329//329 311//311 
f 312//312 311//311 329//329 
f 348//348 349//349 313//313 
f 313//313 330//330 348//348 
f 332//332 313//313 349//349 
f 330//330 313//313 314//314 
f 316//316 333//333 334//334 
f 356//356 324//324 335//335 
f 329//329 336//336 312//312 
f 333//333 336//336 329//329 
f 334//334 335//335 337//337 
f 324//324 318//318 335//335 
f 316//316 336//336 333//333 
f 337//337 316//316 334//334 
f 334//334 352//352 335//335 
f 331//331 321//321 338//338 
f 339//339 323//323 340//340 
f 323//323 341//341 340//340 
f 376//376 339//339 340//340 
f 306//306 355//355 341//341 
f 356//356 325//325 324//324 
f 342//342 357//357 358//358 
f 358//358 360//360 342//342 
f 342//342 360//360 326//326 
f 326//326 343//343 345//345 
f 343//343 344//344 345//345 
f 360//360 343//343 326//326 
f 345//345 347//347 328//328 
f 344//344 347//347 345//345 
f 364//364 347//347 344//344 
f 347//347 364//364 346//346 
f 346//346 329//329 347//347 
f 331//331 366//366 330//330 
f 365//365 348//348 330//330 
f 366//366 365//365 330//330 
f 366//366 331//331 372//372 
f 389//389 352//352 370//370 
f 356//356 335//335 351//351 
f 352//352 351//351 335//335 
f 333//333 329//329 350//350 
f 334//334 350//350 371//371 
f 334//334 333//333 350//350 
f 371//371 352//352 334//334 
f 351//351 352//352 389//389 
f 371//371 370//370 352//352 
f 338//338 372//372 331//331 
f 353//353 338//338 354//354 
f 338//338 373//373 372//372 
f 373//373 338//338 353//353 
f 374//374 353//353 354//354 
f 374//374 354//354 339//339 
f 377//377 340//340 341//341 
f 377//377 341//341 355//355 
f 395//395 355//355 356//356 
f 411//411 377//377 355//355 
f 411//411 355//355 395//395 
f 355//355 325//325 356//356 
f 378//378 358//358 357//357 
f 359//359 360//360 358//358 
f 382//382 362//362 380//380 
f 363//363 362//362 382//382 
f 359//359 361//361 360//360 
f 360//360 361//361 343//343 
f 361//361 344//344 343//343 
f 364//364 344//344 362//362 
f 362//362 344//344 361//361 
f 361//361 359//359 380//380 
f 361//361 380//380 362//362 
f 363//363 364//364 362//362 
f 346//346 363//363 367//367 
f 346//346 364//364 363//363 
f 384//384 365//365 383//383 
f 385//385 349//349 384//384 
f 385//385 357//357 349//349 
f 349//349 348//348 365//365 
f 365//365 366//366 383//383 
f 372//372 383//383 366//366 
f 383//383 372//372 424//424 
f 365//365 384//384 349//349 
f 367//367 369//369 346//346 
f 368//368 369//369 367//367 
f 369//369 350//350 346//346 
f 371//371 350//350 369//369 
f 371//371 369//369 368//368 
f 371//371 368//368 370//370 
f 350//350 329//329 346//346 
f 395//395 351//351 389//389 
f 356//356 351//351 395//395 
f 372//372 390//390 424//424 
f 390//390 372//372 373//373 
f 392//392 410//410 373//373 
f 390//390 373//373 391//391 
f 410//410 391//391 373//373 
f 353//353 392//392 373//373 
f 374//374 392//392 353//353 
f 394//394 393//393 375//375 
f 375//375 393//393 374//374 
f 339//339 375//375 374//374 
f 339//339 376//376 375//375 
f 340//340 377//377 376//376 
f 357//357 398//398 378//378 
f 398//398 397//397 378//378 
f 397//397 379//379 378//378 
f 379//379 358//358 378//378 
f 396//396 359//359 379//379 
f 379//379 359//359 358//358 
f 380//380 359//359 396//396 
f 396//396 401//401 380//380 
f 381//381 386//386 380//380 
f 381//381 380//380 401//401 
f 407//407 381//381 401//401 
f 386//386 363//363 382//382 
f 386//386 382//382 380//380 
f 424//424 384//384 383//383 
f 414//414 384//384 424//424 
f 384//384 414//414 385//385 
f 385//385 398//398 357//357 
f 407//407 386//386 381//381 
f 408//408 386//386 407//407 
f 367//367 386//386 408//408 
f 387//387 367//367 408//408 
f 386//386 367//367 363//363 
f 368//368 388//388 370//370 
f 388//388 389//389 370//370 
f 388//388 368//368 387//387 
f 388//388 409//409 389//389 
f 387//387 368//368 367//367 
f 374//374 393//393 392//392 
f 393//393 410//410 392//392 
f 430//430 393//393 394//394 
f 394//394 375//375 376//376 
f 376//376 377//377 412//412 
f 412//412 377//377 411//411 
f 407//407 401//401 400//400 
f 397//397 415//415 399//399 
f 399//399 396//396 379//379 
f 379//379 397//397 399//399 
f 421//421 405//405 400//400 
f 406//406 405//405 421//421 
f 421//421 402//402 406//406 
f 404//404 406//406 402//402 
f 422//422 404//404 402//402 
f 404//404 422//422 403//403 
f 408//408 407//407 405//405 
f 406//406 408//408 405//405 
f 407//407 400//400 405//405 
f 404//404 403//403 409//409 
f 403//403 413//413 409//409 
f 387//387 408//408 406//406 
f 387//387 404//404 388//388 
f 388//388 404//404 409//409 
f 387//387 406//406 404//404 
f 389//389 409//409 413//413 
f 395//395 389//389 413//413 
f 390//390 443//443 424//424 
f 412//412 394//394 376//376 
f 428//428 395//395 413//413 
f 425//425 411//411 395//395 
f 425//425 395//395 428//428 
f 414//414 458//458 385//385 
f 385//385 458//458 398//398 
f 397//397 433//433 415//415 
f 433//433 397//397 398//398 
f 396//396 399//399 417//417 
f 401//401 396//396 417//417 
f 415//415 416//416 399//399 
f 416//416 417//417 399//399 
f 416//416 435//435 417//417 
f 418//418 417//417 435//435 
f 401//401 417//417 418//418 
f 419//419 418//418 438//438 
f 438//438 439//439 419//419 
f 439//439 420//420 419//419 
f 418//418 400//400 401//401 
f 419//419 400//400 418//418 
f 421//421 400//400 419//419 
f 420//420 421//421 419//419 
f 422//422 447//447 426//426 
f 422//422 420//420 441//441 
f 447//447 422//422 441//441 
f 420//420 402//402 421//421 
f 422//422 402//402 420//420 
f 426//426 413//413 403//403 
f 422//422 426//426 403//403 
f 429//429 423//423 391//391 
f 390//390 391//391 423//423 
f 442//442 443//443 423//423 
f 424//424 443//443 414//414 
f 390//390 423//423 443//443 
f 411//411 431//431 412//412 
f 394//394 412//412 431//431 
f 425//425 448//448 465//465 
f 444//444 427//427 426//426 
f 444//444 426//426 447//447 
f 448//448 427//427 444//444 
f 426//426 427//427 413//413 
f 448//448 425//425 428//428 
f 448//448 428//428 427//427 
f 427//427 428//428 413//413 
f 429//429 410//410 449//449 
f 430//430 449//449 410//410 
f 410//410 429//429 391//391 
f 393//393 430//430 410//410 
f 450//450 430//430 431//431 
f 431//431 430//430 394//394 
f 457//457 452//452 433//433 
f 458//458 433//433 398//398 
f 434//434 432//432 454//454 
f 452//452 415//415 433//433 
f 432//432 415//415 452//452 
f 432//432 416//416 415//415 
f 432//432 434//434 416//416 
f 436//436 435//435 454//454 
f 416//416 434//434 435//435 
f 434//434 454//454 435//435 
f 454//454 455//455 436//436 
f 435//435 436//436 418//418 
f 436//436 438//438 418//418 
f 438//438 436//436 455//455 
f 439//439 438//438 455//455 
f 440//440 439//439 437//437 
f 437//437 460//460 440//440 
f 440//440 420//420 439//439 
f 445//445 440//440 460//460 
f 441//441 445//445 447//447 
f 441//441 420//420 440//440 
f 440//440 445//445 441//441 
f 467//467 443//443 442//442 
f 467//467 442//442 423//423 
f 499//499 425//425 465//465 
f 448//448 461//461 465//465 
f 461//461 448//448 444//444 
f 446//446 447//447 445//445 
f 447//447 446//446 444//444 
f 468//468 429//429 469//469 
f 429//429 449//449 469//469 
f 489//489 449//449 450//450 
f 430//430 450//450 449//449 
f 451//451 411//411 425//425 
f 470//470 411//411 451//451 
f 451//451 425//425 499//499 
f 470//470 450//450 431//431 
f 411//411 470//470 431//431 
f 476//476 454//454 475//475 
f 452//452 475//475 432//432 
f 475//475 454//454 432//432 
f 455//455 454//454 453//453 
f 459//459 455//455 453//453 
f 459//459 437//437 455//455 
f 455//455 437//437 439//439 
f 467//467 456//456 443//443 
f 457//457 433//433 458//458 
f 458//458 414//414 456//456 
f 443//443 456//456 414//414 
f 459//459 460//460 437//437 
f 461//461 485//485 465//465 
f 485//485 499//499 465//465 
f 464//464 446//446 445//445 
f 460//460 463//463 445//445 
f 463//463 464//464 445//445 
f 446//446 464//464 462//462 
f 462//462 461//461 444//444 
f 462//462 444//444 446//446 
f 467//467 423//423 466//466 
f 467//467 520//520 456//456 
f 466//466 468//468 502//502 
f 429//429 466//466 423//423 
f 466//466 429//429 468//468 
f 449//449 489//489 469//469 
f 489//489 450//450 470//470 
f 470//470 451//451 484//484 
f 451//451 499//499 484//484 
f 469//469 488//488 468//468 
f 456//456 520//520 497//497 
f 458//458 456//456 497//497 
f 458//458 497//497 471//471 
f 471//471 457//457 458//458 
f 457//457 473//473 452//452 
f 471//471 473//473 457//457 
f 475//475 452//452 473//473 
f 472//472 473//473 471//471 
f 473//473 493//493 475//475 
f 475//475 493//493 476//476 
f 474//474 479//479 476//476 
f 476//476 479//479 477//477 
f 479//479 481//481 477//477 
f 479//479 480//480 481//481 
f 476//476 453//453 454//454 
f 453//453 476//476 477//477 
f 453//453 477//477 459//459 
f 477//477 481//481 459//459 
f 460//460 459//459 481//481 
f 481//481 483//483 460//460 
f 481//481 480//480 483//483 
f 480//480 478//478 483//483 
f 501//501 462//462 482//482 
f 483//483 478//478 482//482 
f 478//478 501//501 482//482 
f 461//461 462//462 486//486 
f 486//486 462//462 501//501 
f 463//463 460//460 483//483 
f 483//483 482//482 463//463 
f 464//464 463//463 482//482 
f 482//482 462//462 464//464 
f 467//467 503//503 520//520 
f 466//466 503//503 467//467 
f 486//486 485//485 461//461 
f 487//487 502//502 468//468 
f 525//525 502//502 487//487 
f 488//488 487//487 468//468 
f 469//469 504//504 488//488 
f 489//489 504//504 469//469 
f 470//470 484//484 506//506 
f 506//506 489//489 470//470 
f 490//490 472//472 471//471 
f 490//490 473//473 472//472 
f 490//490 491//491 473//473 
f 491//491 493//493 473//473 
f 491//491 512//512 493//493 
f 512//512 492//492 493//493 
f 493//493 492//492 476//476 
f 492//492 494//494 476//476 
f 474//474 476//476 494//494 
f 494//494 492//492 508//508 
f 474//474 494//494 495//495 
f 479//479 474//474 495//495 
f 498//498 479//479 495//495 
f 494//494 508//508 495//495 
f 514//514 498//498 495//495 
f 498//498 480//480 479//479 
f 519//519 497//497 520//520 
f 497//497 519//519 496//496 
f 496//496 471//471 497//497 
f 490//490 471//471 511//511 
f 471//471 496//496 511//511 
f 523//523 484//484 499//499 
f 501//501 516//516 486//486 
f 486//486 516//516 485//485 
f 499//499 485//485 523//523 
f 480//480 500//500 478//478 
f 500//500 518//518 501//501 
f 478//478 500//500 501//501 
f 516//516 501//501 518//518 
f 498//498 500//500 480//480 
f 526//526 502//502 525//525 
f 542//542 520//520 503//503 
f 525//525 487//487 507//507 
f 488//488 507//507 487//487 
f 503//503 466//466 502//502 
f 488//488 504//504 527//527 
f 528//528 504//504 529//529 
f 527//527 504//504 528//528 
f 529//529 504//504 505//505 
f 529//529 505//505 546//546 
f 522//522 546//546 505//505 
f 504//504 489//489 505//505 
f 489//489 506//506 505//505 
f 484//484 522//522 506//506 
f 506//506 522//522 505//505 
f 523//523 522//522 484//484 
f 488//488 527//527 507//507 
f 511//511 496//496 510//510 
f 509//509 510//510 496//496 
f 510//510 530//530 491//491 
f 530//530 512//512 491//491 
f 511//511 510//510 490//490 
f 510//510 491//491 490//490 
f 532//532 492//492 512//512 
f 492//492 532//532 508//508 
f 532//532 513//513 508//508 
f 513//513 515//515 508//508 
f 513//513 514//514 515//515 
f 517//517 514//514 534//534 
f 534//534 535//535 517//517 
f 508//508 515//515 495//495 
f 514//514 495//495 515//515 
f 517//517 535//535 518//518 
f 518//518 535//535 516//516 
f 514//514 517//517 498//498 
f 498//498 517//517 500//500 
f 517//517 518//518 500//500 
f 503//503 502//502 526//526 
f 522//522 558//558 546//546 
f 523//523 558//558 522//522 
f 485//485 524//524 523//523 
f 521//521 485//485 516//516 
f 521//521 524//524 485//485 
f 521//521 523//523 524//524 
f 544//544 527//527 528//528 
f 544//544 507//507 527//527 
f 545//545 528//528 529//529 
f 546//546 545//545 529//529 
f 509//509 537//537 510//510 
f 510//510 537//537 530//530 
f 530//530 531//531 512//512 
f 533//533 531//531 552//552 
f 533//533 552//552 539//539 
f 532//532 512//512 531//531 
f 533//533 532//532 531//531 
f 513//513 533//533 539//539 
f 514//514 513//513 539//539 
f 539//539 554//554 514//514 
f 513//513 532//532 533//533 
f 520//520 543//543 519//519 
f 543//543 536//536 519//519 
f 537//537 548//548 573//573 
f 519//519 538//538 496//496 
f 538//538 509//509 496//496 
f 536//536 538//538 519//519 
f 548//548 538//538 536//536 
f 509//509 538//538 537//537 
f 538//538 548//548 537//537 
f 540//540 554//554 553//553 
f 554//554 540//540 514//514 
f 514//514 540//540 534//534 
f 534//534 540//540 535//535 
f 540//540 541//541 535//535 
f 541//541 516//516 535//535 
f 516//516 541//541 521//521 
f 520//520 542//542 555//555 
f 543//543 520//520 555//555 
f 547//547 544//544 528//528 
f 547//547 528//528 545//545 
f 557//557 546//546 558//558 
f 507//507 544//544 525//525 
f 547//547 566//566 544//544 
f 563//563 547//547 545//545 
f 563//563 545//545 564//564 
f 546//546 564//564 545//545 
f 573//573 549//549 537//537 
f 575//575 576//576 551//551 
f 537//537 550//550 530//530 
f 550//550 531//531 530//530 
f 537//537 549//549 550//550 
f 549//549 575//575 550//550 
f 575//575 551//551 550//550 
f 550//550 551//551 531//531 
f 576//576 552//552 551//551 
f 577//577 606//606 553//553 
f 553//553 606//606 559//559 
f 551//551 552//552 531//531 
f 568//568 554//554 552//552 
f 568//568 577//577 554//554 
f 553//553 554//554 577//577 
f 540//540 553//553 559//559 
f 540//540 559//559 541//541 
f 552//552 554//554 539//539 
f 571//571 556//556 536//536 
f 536//536 569//569 571//571 
f 555//555 569//569 543//543 
f 569//569 536//536 543//543 
f 556//556 548//548 536//536 
f 556//556 573//573 548//548 
f 521//521 580//580 523//523 
f 606//606 613//613 559//559 
f 613//613 580//580 559//559 
f 559//559 580//580 541//541 
f 541//541 580//580 521//521 
f 597//597 581//581 560//560 
f 503//503 560//560 542//542 
f 597//597 560//560 561//561 
f 503//503 561//561 560//560 
f 555//555 542//542 562//562 
f 542//542 560//560 562//562 
f 569//569 555//555 562//562 
f 560//560 581//581 562//562 
f 503//503 526//526 561//561 
f 525//525 561//561 526//526 
f 544//544 566//566 525//525 
f 567//567 566//566 547//547 
f 567//567 547//547 563//563 
f 579//579 557//557 558//558 
f 557//557 579//579 564//564 
f 557//557 564//564 546//546 
f 561//561 565//565 583//583 
f 561//561 525//525 565//565 
f 583//583 565//565 566//566 
f 566//566 565//565 525//525 
f 586//586 583//583 566//566 
f 566//566 567//567 586//586 
f 567//567 563//563 584//584 
f 563//563 585//585 584//584 
f 564//564 585//585 563//563 
f 552//552 576//576 568//568 
f 570//570 573//573 556//556 
f 572//572 549//549 573//573 
f 549//549 574//574 575//575 
f 570//570 572//572 573//573 
f 572//572 574//574 549//549 
f 572//572 587//587 574//574 
f 587//587 575//575 574//574 
f 591//591 569//569 582//582 
f 581//581 582//582 562//562 
f 582//582 569//569 562//562 
f 569//569 591//591 592//592 
f 592//592 578//578 571//571 
f 569//569 592//592 571//571 
f 590//590 578//578 592//592 
f 578//578 556//556 571//571 
f 578//578 590//590 593//593 
f 593//593 556//556 578//578 
f 556//556 593//593 570//570 
f 595//595 579//579 558//558 
f 580//580 611//611 558//558 
f 523//523 580//580 558//558 
f 583//583 600//600 561//561 
f 601//601 584//584 585//585 
f 586//586 567//567 601//601 
f 567//567 584//584 601//601 
f 585//585 579//579 598//598 
f 595//595 598//598 579//579 
f 579//579 585//585 564//564 
f 570//570 587//587 572//572 
f 587//587 594//594 575//575 
f 588//588 589//589 568//568 
f 589//589 606//606 577//577 
f 588//588 576//576 575//575 
f 568//568 576//576 588//588 
f 568//568 589//589 577//577 
f 590//590 592//592 609//609 
f 610//610 593//593 590//590 
f 582//582 607//607 591//591 
f 591//591 609//609 592//592 
f 591//591 607//607 609//609 
f 570//570 593//593 603//603 
f 603//603 587//587 570//570 
f 594//594 588//588 575//575 
f 558//558 611//611 595//595 
f 613//613 611//611 580//580 
f 561//561 599//599 597//597 
f 581//581 596//596 582//582 
f 582//582 596//596 607//607 
f 581//581 597//597 596//596 
f 612//612 598//598 595//595 
f 597//597 599//599 615//615 
f 615//615 614//614 597//597 
f 614//614 596//596 597//597 
f 600//600 599//599 561//561 
f 617//617 601//601 585//585 
f 622//622 604//604 621//621 
f 610//610 603//603 593//593 
f 610//610 621//621 603//603 
f 621//621 604//604 603//603 
f 587//587 603//603 604//604 
f 602//602 605//605 604//604 
f 604//604 594//594 587//587 
f 604//604 605//605 594//594 
f 588//588 594//594 605//605 
f 589//589 588//588 605//605 
f 624//624 625//625 607//607 
f 616//616 624//624 607//607 
f 607//607 625//625 608//608 
f 652//652 610//610 608//608 
f 652//652 608//608 625//625 
f 609//609 607//607 608//608 
f 609//609 608//608 590//590 
f 608//608 610//610 590//590 
f 622//622 602//602 604//604 
f 611//611 612//612 595//595 
f 643//643 616//616 614//614 
f 607//607 596//596 616//616 
f 616//616 596//596 614//614 
f 628//628 617//617 629//629 
f 628//628 601//601 617//617 
f 629//629 617//617 618//618 
f 618//618 626//626 635//635 
f 598//598 618//618 585//585 
f 617//617 585//585 618//618 
f 598//598 626//626 618//618 
f 626//626 612//612 611//611 
f 598//598 612//612 626//626 
f 599//599 642//642 615//615 
f 615//615 642//642 643//643 
f 643//643 614//614 615//615 
f 583//583 586//586 619//619 
f 586//586 601//601 620//620 
f 619//619 586//586 620//620 
f 620//620 601//601 628//628 
f 652//652 621//621 610//610 
f 621//621 670//670 622//622 
f 670//670 631//631 622//622 
f 622//622 631//631 602//602 
f 602//602 631//631 605//605 
f 623//623 605//605 639//639 
f 589//589 605//605 623//623 
f 631//631 639//639 605//605 
f 623//623 639//639 633//633 
f 589//589 623//623 633//633 
f 613//613 606//606 637//637 
f 589//589 633//633 606//606 
f 643//643 640//640 616//616 
f 640//640 624//624 616//616 
f 640//640 634//634 624//624 
f 624//624 634//634 625//625 
f 652//652 670//670 621//621 
f 626//626 636//636 635//635 
f 626//626 627//627 636//636 
f 613//613 636//636 627//627 
f 627//627 626//626 611//611 
f 611//611 613//613 627//627 
f 630//630 618//618 635//635 
f 618//618 630//630 629//629 
f 644//644 642//642 599//599 
f 600//600 583//583 644//644 
f 644//644 583//583 619//619 
f 600//600 644//644 599//599 
f 633//633 632//632 606//606 
f 606//606 632//632 637//637 
f 641//641 634//634 640//640 
f 652//652 625//625 641//641 
f 625//625 634//634 641//641 
f 613//613 637//637 636//636 
f 669//669 638//638 620//620 
f 619//619 620//620 638//638 
f 636//636 637//637 645//645 
f 641//641 640//640 651//651 
f 644//644 663//663 642//642 
f 646//646 643//643 642//642 
f 642//642 663//663 646//646 
f 644//644 638//638 663//663 
f 644//644 619//619 638//638 
f 658//658 645//645 637//637 
f 640//640 659//659 651//651 
f 641//641 651//651 652//652 
f 640//640 643//643 646//646 
f 647//647 629//629 648//648 
f 630//630 635//635 648//648 
f 630//630 648//648 629//629 
f 646//646 663//663 685//685 
f 628//628 629//629 647//647 
f 668//668 663//663 638//638 
f 669//669 668//668 638//638 
f 664//664 669//669 620//620 
f 665//665 620//620 628//628 
f 649//649 639//639 671//671 
f 671//671 639//639 631//631 
f 633//633 639//639 649//649 
f 650//650 632//632 633//633 
f 649//649 650//650 633//633 
f 650//650 657//657 632//632 
f 632//632 657//657 637//637 
f 650//650 672//672 657//657 
f 670//670 671//671 631//631 
f 650//650 653//653 672//672 
f 645//645 655//655 654//654 
f 654//654 636//636 645//645 
f 672//672 656//656 657//657 
f 657//657 656//656 655//655 
f 655//655 645//645 658//658 
f 637//637 657//657 658//658 
f 655//655 658//658 657//657 
f 680//680 659//659 646//646 
f 659//659 640//640 646//646 
f 648//648 667//667 666//666 
f 660//660 667//667 648//648 
f 662//662 661//661 660//660 
f 682//682 667//667 660//660 
f 635//635 660//660 648//648 
f 662//662 635//635 636//636 
f 635//635 662//662 660//660 
f 654//654 662//662 636//636 
f 662//662 654//654 661//661 
f 661//661 654//654 655//655 
f 646//646 685//685 680//680 
f 669//669 664//664 688//688 
f 688//688 664//664 689//689 
f 689//689 664//664 665//665 
f 689//689 665//665 690//690 
f 666//666 690//690 665//665 
f 690//690 666//666 691//691 
f 664//664 620//620 665//665 
f 665//665 628//628 647//647 
f 665//665 647//647 666//666 
f 666//666 647//647 648//648 
f 671//671 696//696 649//649 
f 696//696 675//675 649//649 
f 649//649 675//675 653//653 
f 675//675 697//697 653//653 
f 649//649 653//653 650//650 
f 653//653 697//697 672//672 
f 659//659 680//680 674//674 
f 680//680 679//679 674//674 
f 673//673 674//674 679//679 
f 673//673 652//652 674//674 
f 673//673 670//670 652//652 
f 659//659 674//674 651//651 
f 674//674 652//652 651//651 
f 683//683 676//676 677//677 
f 705//705 677//677 678//678 
f 683//683 677//677 705//705 
f 698//698 705//705 678//678 
f 661//661 676//676 660//660 
f 682//682 660//660 676//676 
f 677//677 676//676 661//661 
f 656//656 678//678 655//655 
f 655//655 678//678 677//677 
f 661//661 655//655 677//677 
f 697//697 698//698 672//672 
f 698//698 678//678 672//672 
f 672//672 678//678 656//656 
f 707//707 679//679 686//686 
f 680//680 686//686 679//679 
f 685//685 684//684 680//680 
f 684//684 686//686 680//680 
f 679//679 708//708 673//673 
f 681//681 691//691 666//666 
f 676//676 702//702 682//682 
f 681//681 682//682 712//712 
f 712//712 682//682 702//702 
f 667//667 681//681 666//666 
f 667//667 682//682 681//681 
f 683//683 702//702 676//676 
f 703//703 683//683 705//705 
f 683//683 703//703 702//702 
f 686//686 684//684 706//706 
f 684//684 716//716 706//706 
f 706//706 707//707 686//686 
f 716//716 684//684 685//685 
f 693//693 692//692 685//685 
f 692//692 716//716 685//685 
f 663//663 693//693 685//685 
f 693//693 663//663 668//668 
f 669//669 688//688 720//720 
f 720//720 688//688 687//687 
f 687//687 688//688 689//689 
f 687//687 689//689 709//709 
f 709//709 689//689 691//691 
f 691//691 689//689 690//690 
f 709//709 691//691 711//711 
f 681//681 711//711 691//691 
f 711//711 681//681 712//712 
f 720//720 687//687 718//718 
f 694//694 670//670 673//673 
f 696//696 671//671 730//730 
f 725//725 671//671 670//670 
f 694//694 725//725 670//670 
f 700//700 695//695 697//697 
f 675//675 696//696 700//700 
f 697//697 675//675 700//700 
f 697//697 695//695 698//698 
f 753//753 723//723 728//728 
f 723//723 708//708 728//728 
f 723//723 694//694 673//673 
f 723//723 673//673 708//708 
f 694//694 729//729 725//725 
f 725//725 730//730 671//671 
f 696//696 730//730 724//724 
f 700//700 696//696 724//724 
f 712//712 702//702 713//713 
f 727//727 695//695 700//700 
f 698//698 695//695 727//727 
f 727//727 699//699 698//698 
f 699//699 704//704 698//698 
f 704//704 703//703 698//698 
f 701//701 703//703 704//704 
f 713//713 703//703 701//701 
f 713//713 702//702 703//703 
f 703//703 705//705 698//698 
f 706//706 714//714 715//715 
f 707//707 706//706 715//715 
f 707//707 708//708 679//679 
f 711//711 747//747 719//719 
f 718//718 687//687 709//709 
f 710//710 747//747 711//711 
f 710//710 749//749 747//747 
f 710//710 735//735 749//749 
f 736//736 735//735 713//713 
f 711//711 712//712 710//710 
f 712//712 735//735 710//710 
f 712//712 713//713 735//735 
f 714//714 692//692 721//721 
f 714//714 716//716 692//692 
f 721//721 692//692 722//722 
f 693//693 722//722 692//692 
f 751//751 722//722 693//693 
f 714//714 706//706 716//716 
f 750//750 717//717 720//720 
f 750//750 720//720 794//794 
f 717//717 750//750 751//751 
f 717//717 751//751 693//693 
f 668//668 717//717 693//693 
f 717//717 668//668 669//669 
f 717//717 669//669 720//720 
f 794//794 718//718 743//743 
f 718//718 719//719 743//743 
f 744//744 743//743 719//719 
f 744//744 719//719 747//747 
f 794//794 720//720 718//718 
f 718//718 709//709 719//719 
f 711//711 719//719 709//709 
f 722//722 769//769 721//721 
f 753//753 729//729 723//723 
f 723//723 729//729 694//694 
f 730//730 754//754 724//724 
f 724//724 732//732 726//726 
f 727//727 738//738 699//699 
f 726//726 732//732 727//727 
f 727//727 732//732 738//738 
f 724//724 726//726 700//700 
f 727//727 700//700 726//726 
f 699//699 701//701 704//704 
f 739//739 708//708 707//707 
f 781//781 729//729 753//753 
f 756//756 732//732 724//724 
f 748//748 737//737 733//733 
f 748//748 734//734 737//737 
f 732//732 731//731 738//738 
f 731//731 733//733 738//738 
f 737//737 738//738 733//733 
f 749//749 735//735 734//734 
f 734//734 736//736 737//737 
f 736//736 734//734 735//735 
f 737//737 699//699 738//738 
f 699//699 737//737 701//701 
f 736//736 701//701 737//737 
f 713//713 701//701 736//736 
f 764//764 741//741 739//739 
f 741//741 764//764 763//763 
f 763//763 742//742 741//741 
f 739//739 715//715 740//740 
f 741//741 742//742 739//739 
f 742//742 708//708 739//739 
f 728//728 708//708 742//742 
f 739//739 707//707 715//715 
f 759//759 745//745 746//746 
f 745//745 744//744 747//747 
f 749//749 746//746 745//745 
f 745//745 747//747 749//749 
f 734//734 746//746 749//749 
f 746//746 734//734 748//748 
f 721//721 769//769 770//770 
f 721//721 770//770 714//714 
f 791//791 722//722 750//750 
f 722//722 751//751 750//750 
f 744//744 766//766 793//793 
f 766//766 744//744 745//745 
f 794//794 743//743 793//793 
f 793//793 743//743 744//744 
f 728//728 780//780 752//752 
f 752//752 753//753 728//728 
f 780//780 753//753 752//752 
f 781//781 753//753 780//780 
f 781//781 772//772 729//729 
f 729//729 772//772 725//725 
f 772//772 773//773 725//725 
f 730//730 725//725 773//773 
f 730//730 773//773 754//754 
f 754//754 756//756 724//724 
f 774//774 756//756 754//754 
f 756//756 774//774 755//755 
f 756//756 755//755 760//760 
f 731//731 760//760 733//733 
f 760//760 748//748 733//733 
f 731//731 756//756 760//760 
f 732//732 756//756 731//731 
f 779//779 780//780 728//728 
f 742//742 763//763 765//765 
f 742//742 765//765 728//728 
f 757//757 815//815 758//758 
f 759//759 758//758 766//766 
f 775//775 757//757 760//760 
f 748//748 760//760 757//757 
f 757//757 758//758 748//748 
f 758//758 759//759 746//746 
f 748//748 758//758 746//746 
f 774//774 775//775 755//755 
f 775//775 760//760 755//755 
f 784//784 776//776 761//761 
f 764//764 761//761 776//776 
f 764//764 776//776 763//763 
f 761//761 740//740 762//762 
f 761//761 764//764 740//740 
f 715//715 714//714 770//770 
f 762//762 740//740 715//715 
f 762//762 715//715 770//770 
f 779//779 728//728 765//765 
f 740//740 764//764 739//739 
f 814//814 766//766 758//758 
f 815//815 814//814 758//758 
f 814//814 793//793 766//766 
f 745//745 759//759 766//766 
f 787//787 767//767 788//788 
f 768//768 767//767 787//787 
f 762//762 768//768 761//761 
f 768//768 762//762 767//767 
f 788//788 767//767 769//769 
f 769//769 767//767 770//770 
f 767//767 762//762 770//770 
f 769//769 722//722 771//771 
f 771//771 722//722 791//791 
f 792//792 791//791 750//750 
f 750//750 794//794 792//792 
f 800//800 773//773 772//772 
f 801//801 773//773 800//800 
f 754//754 773//773 801//801 
f 801//801 774//774 754//754 
f 782//782 775//775 774//774 
f 775//775 782//782 808//808 
f 775//775 808//808 757//757 
f 807//807 757//757 808//808 
f 815//815 757//757 807//807 
f 763//763 776//776 777//777 
f 777//777 804//804 778//778 
f 803//803 778//778 804//804 
f 777//777 779//779 765//765 
f 765//765 763//763 777//777 
f 778//778 780//780 779//779 
f 777//777 778//778 779//779 
f 778//778 799//799 780//780 
f 780//780 799//799 781//781 
f 781//781 800//800 772//772 
f 801//801 826//826 774//774 
f 774//774 826//826 782//782 
f 826//826 808//808 782//782 
f 784//784 813//813 783//783 
f 813//813 802//802 783//783 
f 784//784 783//783 776//776 
f 804//804 783//783 802//802 
f 761//761 768//768 784//784 
f 784//784 768//768 790//790 
f 790//790 768//768 787//787 
f 777//777 776//776 783//783 
f 777//777 783//783 804//804 
f 787//787 809//809 786//786 
f 784//784 786//786 813//813 
f 787//787 786//786 790//790 
f 784//784 790//790 786//786 
f 785//785 788//788 789//789 
f 789//789 769//769 771//771 
f 787//787 788//788 785//785 
f 788//788 769//769 789//789 
f 791//791 792//792 819//819 
f 819//819 792//792 794//794 
f 795//795 785//785 816//816 
f 785//785 795//795 787//787 
f 816//816 785//785 796//796 
f 785//785 789//789 796//796 
f 796//796 789//789 797//797 
f 771//771 797//797 789//789 
f 797//797 771//771 818//818 
f 818//818 771//771 791//791 
f 791//791 819//819 818//818 
f 798//798 819//819 794//794 
f 803//803 806//806 778//778 
f 778//778 806//806 799//799 
f 806//806 805//805 799//799 
f 805//805 800//800 799//799 
f 800//800 805//805 825//825 
f 799//799 800//800 781//781 
f 801//801 800//800 825//825 
f 825//825 833//833 801//801 
f 812//812 831//831 803//803 
f 803//803 831//831 824//824 
f 812//812 804//804 802//802 
f 812//812 803//803 804//804 
f 803//803 824//824 806//806 
f 808//808 836//836 807//807 
f 815//815 807//807 836//836 
f 833//833 826//826 801//801 
f 810//810 846//846 811//811 
f 809//809 846//846 810//810 
f 795//795 817//817 809//809 
f 787//787 795//795 809//809 
f 846//846 827//827 811//811 
f 809//809 810//810 786//786 
f 813//813 786//786 810//810 
f 811//811 813//813 810//810 
f 812//812 811//811 827//827 
f 811//811 802//802 813//813 
f 812//812 802//802 811//811 
f 793//793 814//814 837//837 
f 815//815 837//837 814//814 
f 816//816 845//845 817//817 
f 845//845 809//809 817//817 
f 822//822 816//816 796//796 
f 822//822 796//796 797//797 
f 817//817 795//795 816//816 
f 797//797 818//818 822//822 
f 822//822 818//818 840//840 
f 820//820 819//819 798//798 
f 823//823 798//798 821//821 
f 823//823 821//821 839//839 
f 821//821 837//837 839//839 
f 798//798 794//794 821//821 
f 793//793 821//821 794//794 
f 837//837 821//821 793//793 
f 819//819 840//840 818//818 
f 820//820 798//798 823//823 
f 824//824 832//832 805//805 
f 832//832 825//825 805//805 
f 825//825 832//832 859//859 
f 833//833 825//825 859//859 
f 824//824 805//805 806//806 
f 833//833 835//835 826//826 
f 835//835 808//808 826//826 
f 827//827 855//855 828//828 
f 829//829 828//828 856//856 
f 827//827 828//828 812//812 
f 824//824 829//829 830//830 
f 856//856 830//830 829//829 
f 828//828 831//831 812//812 
f 828//828 829//829 831//831 
f 829//829 824//824 831//831 
f 830//830 832//832 824//824 
f 842//842 838//838 836//836 
f 842//842 836//836 843//843 
f 834//834 843//843 836//836 
f 838//838 815//815 836//836 
f 808//808 835//835 834//834 
f 808//808 834//834 836//836 
f 856//856 828//828 855//855 
f 855//855 827//827 846//846 
f 837//837 815//815 838//838 
f 845//845 848//848 809//809 
f 809//809 848//848 846//846 
f 838//838 844//844 839//839 
f 844//844 838//838 842//842 
f 837//837 838//838 839//839 
f 841//841 840//840 819//819 
f 841//841 819//819 820//820 
f 853//853 841//841 849//849 
f 832//832 830//830 857//857 
f 856//856 857//857 830//830 
f 835//835 860//860 843//843 
f 835//835 843//843 834//834 
f 861//861 845//845 851//851 
f 845//845 861//861 848//848 
f 848//848 861//861 846//846 
f 862//862 855//855 846//846 
f 846//846 861//861 862//862 
f 845//845 816//816 847//847 
f 822//822 847//847 816//816 
f 849//849 823//823 854//854 
f 854//854 823//823 850//850 
f 820//820 849//849 841//841 
f 849//849 820//820 823//823 
f 839//839 850//850 823//823 
f 864//864 850//850 839//839 
f 839//839 844//844 864//864 
f 847//847 877//877 851//851 
f 847//847 840//840 877//877 
f 847//847 851//851 845//845 
f 847//847 822//822 840//840 
f 882//882 852//852 853//853 
f 840//840 841//841 852//852 
f 853//853 852//852 841//841 
f 870//870 853//853 854//854 
f 854//854 853//853 849//849 
f 840//840 852//852 879//879 
f 857//857 858//858 832//832 
f 857//857 888//888 858//858 
f 832//832 858//858 859//859 
f 859//859 921//921 833//833 
f 833//833 921//921 835//835 
f 860//860 842//842 843//843 
f 861//861 869//869 862//862 
f 863//863 865//865 897//897 
f 864//864 844//844 863//863 
f 866//866 860//860 865//865 
f 865//865 863//863 866//866 
f 844//844 842//842 863//863 
f 842//842 866//866 863//863 
f 866//866 842//842 860//860 
f 876//876 869//869 868//868 
f 851//851 867//867 868//868 
f 876//876 868//868 867//867 
f 851//851 868//868 869//869 
f 869//869 892//892 862//862 
f 867//867 851//851 877//877 
f 851//851 869//869 861//861 
f 870//870 854//854 871//871 
f 850//850 871//871 854//854 
f 873//873 871//871 850//850 
f 885//885 871//871 873//873 
f 872//872 873//873 864//864 
f 872//872 885//885 873//873 
f 873//873 850//850 864//864 
f 875//875 876//876 877//877 
f 877//877 878//878 874//874 
f 878//878 912//912 874//874 
f 875//875 877//877 874//874 
f 876//876 867//867 877//877 
f 912//912 878//878 879//879 
f 877//877 840//840 878//878 
f 879//879 878//878 840//840 
f 880//880 912//912 879//879 
f 880//880 882//882 881//881 
f 912//912 880//880 899//899 
f 880//880 881//881 899//899 
f 881//881 883//883 900//900 
f 899//899 881//881 900//900 
f 882//882 880//880 852//852 
f 879//879 852//852 880//880 
f 881//881 882//882 883//883 
f 900//900 883//883 904//904 
f 882//882 853//853 883//883 
f 883//883 884//884 904//904 
f 905//905 904//904 884//884 
f 905//905 884//884 885//885 
f 883//883 853//853 870//870 
f 883//883 870//870 884//884 
f 884//884 870//870 871//871 
f 885//885 884//884 871//871 
f 872//872 906//906 885//885 
f 859//859 858//858 888//888 
f 862//862 892//892 886//886 
f 862//862 886//886 855//855 
f 886//886 887//887 856//856 
f 886//886 856//856 855//855 
f 856//856 887//887 857//857 
f 857//857 887//887 888//888 
f 891//891 898//898 865//865 
f 859//859 888//888 889//889 
f 921//921 859//859 889//889 
f 921//921 890//890 835//835 
f 890//890 891//891 835//835 
f 835//835 891//891 860//860 
f 865//865 860//860 891//891 
f 893//893 886//886 892//892 
f 893//893 914//914 886//886 
f 914//914 887//887 886//886 
f 914//914 915//915 887//887 
f 907//907 872//872 896//896 
f 907//907 896//896 895//895 
f 895//895 894//894 922//922 
f 897//897 895//895 896//896 
f 894//894 897//897 898//898 
f 894//894 895//895 897//897 
f 890//890 920//920 891//891 
f 920//920 923//923 891//891 
f 898//898 891//891 923//923 
f 923//923 894//894 898//898 
f 864//864 863//863 872//872 
f 872//872 863//863 896//896 
f 863//863 897//897 896//896 
f 898//898 897//897 865//865 
f 909//909 910//910 876//876 
f 928//928 869//869 910//910 
f 910//910 869//869 876//876 
f 900//900 958//958 899//899 
f 913//913 900//900 901//901 
f 900//900 904//904 902//902 
f 902//902 901//901 900//900 
f 902//902 903//903 901//901 
f 905//905 902//902 904//904 
f 946//946 903//903 907//907 
f 885//885 906//906 905//905 
f 902//902 905//905 906//906 
f 903//903 902//902 906//906 
f 907//907 903//903 906//906 
f 872//872 907//907 906//906 
f 908//908 911//911 957//957 
f 909//909 875//875 908//908 
f 910//910 909//909 955//955 
f 956//956 909//909 908//908 
f 956//956 955//955 909//909 
f 876//876 875//875 909//909 
f 965//965 911//911 912//912 
f 908//908 874//874 911//911 
f 965//965 912//912 958//958 
f 874//874 908//908 875//875 
f 912//912 911//911 874//874 
f 913//913 958//958 900//900 
f 912//912 899//899 958//958 
f 892//892 869//869 933//933 
f 933//933 934//934 892//892 
f 934//934 893//893 892//892 
f 934//934 935//935 893//893 
f 935//935 914//914 893//893 
f 935//935 967//967 914//914 
f 967//967 968//968 914//914 
f 968//968 915//915 914//914 
f 916//916 915//915 968//968 
f 968//968 983//983 916//916 
f 915//915 916//916 887//887 
f 983//983 917//917 916//916 
f 916//916 888//888 887//887 
f 889//889 888//888 916//916 
f 916//916 917//917 889//889 
f 918//918 919//919 920//920 
f 919//919 945//945 920//920 
f 920//920 945//945 922//922 
f 922//922 945//945 944//944 
f 918//918 921//921 917//917 
f 921//921 918//918 920//920 
f 889//889 917//917 921//921 
f 921//921 920//920 890//890 
f 920//920 922//922 923//923 
f 922//922 894//894 923//923 
f 969//969 925//925 954//954 
f 925//925 969//969 926//926 
f 924//924 954//954 925//925 
f 925//925 926//926 930//930 
f 910//910 924//924 928//928 
f 929//929 928//928 924//924 
f 929//929 924//924 925//925 
f 929//929 925//925 930//930 
f 927//927 931//931 930//930 
f 927//927 930//930 926//926 
f 927//927 932//932 931//931 
f 933//933 928//928 929//929 
f 869//869 928//928 933//933 
f 933//933 929//929 930//930 
f 930//930 931//931 933//933 
f 932//932 935//935 934//934 
f 932//932 934//934 931//931 
f 932//932 976//976 935//935 
f 973//973 976//976 932//932 
f 934//934 933//933 931//931 
f 993//993 936//936 996//996 
f 936//936 941//941 996//996 
f 996//996 941//941 937//937 
f 938//938 936//936 993//993 
f 937//937 940//940 942//942 
f 941//941 940//940 937//937 
f 918//918 985//985 919//919 
f 919//919 985//985 942//942 
f 942//942 985//985 937//937 
f 938//938 913//913 901//901 
f 903//903 939//939 938//938 
f 938//938 901//901 903//903 
f 939//939 903//903 943//943 
f 938//938 939//939 936//936 
f 936//936 939//939 941//941 
f 939//939 943//943 941//941 
f 943//943 940//940 941//941 
f 942//942 945//945 919//919 
f 942//942 944//944 945//945 
f 942//942 940//940 944//944 
f 944//944 940//940 943//943 
f 943//943 903//903 946//946 
f 946//946 944//944 943//943 
f 907//907 895//895 946//946 
f 946//946 895//895 922//922 
f 922//922 944//944 946//946 
f 960//960 947//947 962//962 
f 961//961 962//962 949//949 
f 949//949 962//962 951//951 
f 962//962 947//947 951//951 
f 951//951 947//947 952//952 
f 952//952 947//947 986//986 
f 949//949 951//951 948//948 
f 949//949 948//948 956//956 
f 956//956 963//963 949//949 
f 956//956 957//957 963//963 
f 951//951 950//950 953//953 
f 948//948 951//951 953//953 
f 952//952 950//950 951//951 
f 952//952 991//991 992//992 
f 948//948 953//953 955//955 
f 954//954 924//924 953//953 
f 955//955 953//953 924//924 
f 954//954 953//953 950//950 
f 950//950 952//952 954//954 
f 969//969 954//954 992//992 
f 954//954 952//952 992//992 
f 948//948 955//955 956//956 
f 956//956 908//908 957//957 
f 910//910 955//955 924//924 
f 958//958 913//913 993//993 
f 993//993 913//913 938//938 
f 959//959 966//966 1010//1010 
f 959//959 961//961 963//963 
f 966//966 963//963 957//957 
f 961//961 959//959 1000//1000 
f 963//963 966//966 959//959 
f 1000//1000 960//960 962//962 
f 961//961 1000//1000 962//962 
f 949//949 963//963 961//961 
f 1012//1012 964//964 965//965 
f 1012//1012 957//957 964//964 
f 965//965 958//958 1005//1005 
f 911//911 964//964 957//957 
f 965//965 964//964 911//911 
f 1005//1005 958//958 993//993 
f 1016//1016 966//966 1012//1012 
f 1010//1010 966//966 1016//1016 
f 966//966 957//957 1012//1012 
f 969//969 992//992 970//970 
f 971//971 1025//1025 972//972 
f 969//969 927//927 926//926 
f 927//927 969//969 973//973 
f 970//970 972//972 969//969 
f 973//973 969//969 972//972 
f 972//972 974//974 973//973 
f 970//970 971//971 972//972 
f 972//972 975//975 974//974 
f 1017//1017 975//975 972//972 
f 1025//1025 1017//1017 972//972 
f 1017//1017 1018//1018 975//975 
f 927//927 973//973 932//932 
f 975//975 977//977 974//974 
f 975//975 1018//1018 977//977 
f 978//978 977//977 1018//1018 
f 973//973 974//974 976//976 
f 974//974 977//977 976//976 
f 979//979 978//978 1027//1027 
f 1033//1033 1028//1028 979//979 
f 1028//1028 982//982 979//979 
f 976//976 980//980 935//935 
f 976//976 977//977 980//980 
f 977//977 981//981 980//980 
f 983//983 981//981 978//978 
f 977//977 978//978 981//981 
f 978//978 979//979 983//983 
f 982//982 1028//1028 995//995 
f 980//980 967//967 935//935 
f 967//967 980//980 968//968 
f 968//968 980//980 981//981 
f 983//983 968//968 981//981 
f 979//979 982//982 983//983 
f 995//995 994//994 985//985 
f 982//982 917//917 983//983 
f 917//917 982//982 984//984 
f 982//982 995//995 984//984 
f 984//984 995//995 985//985 
f 985//985 918//918 984//984 
f 994//994 937//937 985//985 
f 996//996 937//937 994//994 
f 917//917 984//984 918//918 
f 987//987 999//999 1001//1001 
f 1001//1001 988//988 987//987 
f 1001//1001 1019//1019 988//988 
f 1002//1002 986//986 947//947 
f 960//960 1002//1002 947//947 
f 986//986 1002//1002 999//999 
f 999//999 987//987 986//986 
f 987//987 988//988 990//990 
f 988//988 1019//1019 990//990 
f 952//952 986//986 991//991 
f 991//991 986//986 987//987 
f 991//991 990//990 989//989 
f 991//991 987//987 990//990 
f 991//991 989//989 970//970 
f 970//970 989//989 971//971 
f 989//989 1021//1021 971//971 
f 989//989 990//990 1021//1021 
f 1019//1019 1021//1021 990//990 
f 991//991 970//970 992//992 
f 1021//1021 1025//1025 971//971 
f 994//994 1030//1030 1007//1007 
f 1007//1007 993//993 996//996 
f 996//996 994//994 1007//1007 
f 1011//1011 997//997 1000//1000 
f 998//998 999//999 1002//1002 
f 997//997 998//998 1002//1002 
f 998//998 997//997 1008//1008 
f 1011//1011 1008//1008 997//997 
f 998//998 1043//1043 999//999 
f 1043//1043 998//998 1008//1008 
f 999//999 1043//1043 1063//1063 
f 999//999 1063//1063 1001//1001 
f 960//960 997//997 1002//1002 
f 1000//1000 997//997 960//960 
f 1014//1014 1003//1003 1004//1004 
f 1037//1037 1041//1041 1004//1004 
f 965//965 1005//1005 1003//1003 
f 1003//1003 1005//1005 1004//1004 
f 1004//1004 1005//1005 1006//1006 
f 1006//1006 1037//1037 1004//1004 
f 993//993 1007//1007 1006//1006 
f 1006//1006 1007//1007 1037//1037 
f 993//993 1006//1006 1005//1005 
f 1042//1042 1008//1008 1011//1011 
f 1009//1009 1042//1042 1011//1011 
f 1008//1008 1042//1042 1043//1043 
f 1009//1009 959//959 1010//1010 
f 1011//1011 1000//1000 1009//1009 
f 1009//1009 1000//1000 959//959 
f 1013//1013 1012//1012 965//965 
f 1013//1013 965//965 1014//1014 
f 1014//1014 1004//1004 1040//1040 
f 965//965 1003//1003 1014//1014 
f 1040//1040 1004//1004 1041//1041 
f 1009//1009 1010//1010 1044//1044 
f 1044//1044 1010//1010 1045//1045 
f 1010//1010 1016//1016 1045//1045 
f 1015//1015 1045//1045 1016//1016 
f 1053//1053 1046//1046 1013//1013 
f 1012//1012 1015//1015 1016//1016 
f 1015//1015 1012//1012 1046//1046 
f 1012//1012 1013//1013 1046//1046 
f 1017//1017 1025//1025 1026//1026 
f 1027//1027 1017//1017 1026//1026 
f 1018//1018 1017//1017 1027//1027 
f 978//978 1018//1018 1027//1027 
f 1027//1027 1033//1033 979//979 
f 1019//1019 1020//1020 1021//1021 
f 1020//1020 1022//1022 1021//1021 
f 1020//1020 1023//1023 1022//1022 
f 1032//1032 1023//1023 1020//1020 
f 1032//1032 1058//1058 1023//1023 
f 1058//1058 1024//1024 1023//1023 
f 1055//1055 1024//1024 1058//1058 
f 1021//1021 1022//1022 1025//1025 
f 1025//1025 1022//1022 1026//1026 
f 1022//1022 1023//1023 1026//1026 
f 1023//1023 1024//1024 1026//1026 
f 1024//1024 1055//1055 1033//1033 
f 1027//1027 1026//1026 1024//1024 
f 1033//1033 1027//1027 1024//1024 
f 1038//1038 1029//1029 1036//1036 
f 1038//1038 1030//1030 1029//1029 
f 1033//1033 1036//1036 1028//1028 
f 1036//1036 1029//1029 1028//1028 
f 1007//1007 1030//1030 1038//1038 
f 1028//1028 1029//1029 995//995 
f 995//995 1029//1029 994//994 
f 1030//1030 994//994 1029//1029 
f 1001//1001 1063//1063 1019//1019 
f 1019//1019 1031//1031 1020//1020 
f 1020//1020 1031//1031 1032//1032 
f 1056//1056 1031//1031 1019//1019 
f 1056//1056 1019//1019 1063//1063 
f 1031//1031 1057//1057 1032//1032 
f 1056//1056 1057//1057 1031//1031 
f 1032//1032 1057//1057 1058//1058 
f 1041//1041 1037//1037 1035//1035 
f 1037//1037 1038//1038 1035//1035 
f 1033//1033 1054//1054 1036//1036 
f 1054//1054 1034//1034 1036//1036 
f 1038//1038 1036//1036 1034//1034 
f 1034//1034 1035//1035 1038//1038 
f 1007//1007 1038//1038 1037//1037 
f 1039//1039 1040//1040 1041//1041 
f 1041//1041 1061//1061 1039//1039 
f 1035//1035 1034//1034 1061//1061 
f 1041//1041 1035//1035 1061//1061 
f 1069//1069 1042//1042 1044//1044 
f 1042//1042 1068//1068 1043//1043 
f 1069//1069 1068//1068 1042//1042 
f 1044//1044 1042//1042 1009//1009 
f 1050//1050 1045//1045 1015//1015 
f 1053//1053 1013//1013 1014//1014 
f 1049//1049 1067//1067 1048//1048 
f 1048//1048 1045//1045 1049//1049 
f 1069//1069 1044//1044 1048//1048 
f 1047//1047 1049//1049 1050//1050 
f 1050//1050 1086//1086 1047//1047 
f 1089//1089 1086//1086 1050//1050 
f 1044//1044 1045//1045 1048//1048 
f 1045//1045 1050//1050 1049//1049 
f 1050//1050 1051//1051 1089//1089 
f 1089//1089 1051//1051 1071//1071 
f 1015//1015 1046//1046 1050//1050 
f 1050//1050 1046//1046 1051//1051 
f 1046//1046 1053//1053 1051//1051 
f 1053//1053 1071//1071 1051//1051 
f 1071//1071 1053//1053 1052//1052 
f 1053//1053 1014//1014 1052//1052 
f 1056//1056 1064//1064 1057//1057 
f 1058//1058 1057//1057 1096//1096 
f 1055//1055 1058//1058 1098//1098 
f 1098//1098 1099//1099 1055//1055 
f 1055//1055 1099//1099 1060//1060 
f 1033//1033 1055//1055 1060//1060 
f 1060//1060 1054//1054 1033//1033 
f 1059//1059 1062//1062 1054//1054 
f 1065//1065 1062//1062 1059//1059 
f 1059//1059 1054//1054 1060//1060 
f 1065//1065 1039//1039 1061//1061 
f 1054//1054 1062//1062 1034//1034 
f 1061//1061 1034//1034 1062//1062 
f 1061//1061 1062//1062 1065//1065 
f 1064//1064 1063//1063 1092//1092 
f 1064//1064 1056//1056 1063//1063 
f 1125//1125 1106//1106 1066//1066 
f 1075//1075 1125//1125 1066//1066 
f 1067//1067 1075//1075 1069//1069 
f 1075//1075 1066//1066 1069//1069 
f 1069//1069 1048//1048 1067//1067 
f 1067//1067 1049//1049 1082//1082 
f 1049//1049 1047//1047 1082//1082 
f 1043//1043 1068//1068 1070//1070 
f 1069//1069 1066//1066 1068//1068 
f 1068//1068 1106//1106 1070//1070 
f 1106//1106 1068//1068 1066//1066 
f 1092//1092 1063//1063 1070//1070 
f 1063//1063 1043//1043 1070//1070 
f 1092//1092 1070//1070 1106//1106 
f 1072//1072 1073//1073 1091//1091 
f 1073//1073 1113//1113 1091//1091 
f 1073//1073 1114//1114 1113//1113 
f 1052//1052 1074//1074 1072//1072 
f 1074//1074 1052//1052 1014//1014 
f 1071//1071 1052//1052 1072//1072 
f 1074//1074 1014//1014 1040//1040 
f 1073//1073 1072//1072 1074//1074 
f 1040//1040 1073//1073 1074//1074 
f 1039//1039 1114//1114 1040//1040 
f 1114//1114 1073//1073 1040//1040 
f 1076//1076 1078//1078 1077//1077 
f 1079//1079 1077//1077 1078//1078 
f 1077//1077 1079//1079 1130//1130 
f 1080//1080 1130//1130 1079//1079 
f 1131//1131 1130//1130 1080//1080 
f 1067//1067 1082//1082 1078//1078 
f 1079//1079 1078//1078 1082//1082 
f 1076//1076 1075//1075 1067//1067 
f 1078//1078 1076//1076 1067//1067 
f 1082//1082 1047//1047 1083//1083 
f 1082//1082 1083//1083 1079//1079 
f 1079//1079 1083//1083 1080//1080 
f 1080//1080 1083//1083 1084//1084 
f 1080//1080 1084//1084 1081//1081 
f 1081//1081 1084//1084 1085//1085 
f 1081//1081 1085//1085 1137//1137 
f 1137//1137 1085//1085 1140//1140 
f 1086//1086 1083//1083 1047//1047 
f 1086//1086 1084//1084 1083//1083 
f 1084//1084 1086//1086 1087//1087 
f 1084//1084 1087//1087 1085//1085 
f 1085//1085 1087//1087 1088//1088 
f 1088//1088 1087//1087 1090//1090 
f 1140//1140 1085//1085 1088//1088 
f 1089//1089 1071//1071 1090//1090 
f 1090//1090 1071//1071 1072//1072 
f 1086//1086 1089//1089 1087//1087 
f 1087//1087 1089//1089 1090//1090 
f 1091//1091 1090//1090 1072//1072 
f 1088//1088 1090//1090 1091//1091 
f 1092//1092 1107//1107 1093//1093 
f 1093//1093 1107//1107 1109//1109 
f 1092//1092 1093//1093 1064//1064 
f 1093//1093 1096//1096 1064//1064 
f 1093//1093 1094//1094 1096//1096 
f 1093//1093 1109//1109 1110//1110 
f 1093//1093 1110//1110 1094//1094 
f 1064//1064 1096//1096 1057//1057 
f 1096//1096 1094//1094 1097//1097 
f 1097//1097 1058//1058 1096//1096 
f 1097//1097 1094//1094 1095//1095 
f 1116//1116 1099//1099 1171//1171 
f 1058//1058 1095//1095 1098//1098 
f 1095//1095 1058//1058 1097//1097 
f 1095//1095 1099//1099 1098//1098 
f 1099//1099 1116//1116 1059//1059 
f 1116//1116 1065//1065 1059//1059 
f 1099//1099 1059//1059 1060//1060 
f 1153//1153 1101//1101 1118//1118 
f 1100//1100 1158//1158 1103//1103 
f 1102//1102 1100//1100 1103//1103 
f 1102//1102 1101//1101 1100//1100 
f 1101//1101 1102//1102 1120//1120 
f 1103//1103 1105//1105 1104//1104 
f 1106//1106 1104//1104 1105//1105 
f 1125//1125 1102//1102 1104//1104 
f 1104//1104 1106//1106 1125//1125 
f 1125//1125 1120//1120 1102//1102 
f 1103//1103 1104//1104 1102//1102 
f 1103//1103 1160//1160 1105//1105 
f 1160//1160 1108//1108 1105//1105 
f 1105//1105 1107//1107 1106//1106 
f 1105//1105 1108//1108 1107//1107 
f 1109//1109 1107//1107 1108//1108 
f 1109//1109 1108//1108 1162//1162 
f 1106//1106 1107//1107 1092//1092 
f 1110//1110 1170//1170 1094//1094 
f 1169//1169 1111//1111 1117//1117 
f 1095//1095 1168//1168 1112//1112 
f 1168//1168 1171//1171 1112//1112 
f 1111//1111 1169//1169 1146//1146 
f 1117//1117 1111//1111 1115//1115 
f 1115//1115 1111//1111 1114//1114 
f 1169//1169 1116//1116 1171//1171 
f 1169//1169 1117//1117 1116//1116 
f 1095//1095 1112//1112 1099//1099 
f 1112//1112 1171//1171 1099//1099 
f 1039//1039 1115//1115 1114//1114 
f 1065//1065 1117//1117 1115//1115 
f 1039//1039 1065//1065 1115//1115 
f 1117//1117 1065//1065 1116//1116 
f 1076//1076 1077//1077 1118//1118 
f 1120//1120 1076//1076 1118//1118 
f 1077//1077 1119//1119 1118//1118 
f 1119//1119 1126//1126 1121//1121 
f 1119//1119 1077//1077 1126//1126 
f 1101//1101 1120//1120 1118//1118 
f 1122//1122 1126//1126 1127//1127 
f 1122//1122 1121//1121 1126//1126 
f 1122//1122 1127//1127 1123//1123 
f 1124//1124 1121//1121 1122//1122 
f 1124//1124 1180//1180 1121//1121 
f 1181//1181 1180//1180 1124//1124 
f 1124//1124 1122//1122 1123//1123 
f 1181//1181 1124//1124 1186//1186 
f 1186//1186 1124//1124 1123//1123 
f 1186//1186 1123//1123 1185//1185 
f 1125//1125 1075//1075 1076//1076 
f 1120//1120 1125//1125 1076//1076 
f 1130//1130 1126//1126 1077//1077 
f 1127//1127 1126//1126 1130//1130 
f 1131//1131 1127//1127 1130//1130 
f 1128//1128 1131//1131 1133//1133 
f 1128//1128 1127//1127 1131//1131 
f 1128//1128 1133//1133 1129//1129 
f 1128//1128 1123//1123 1127//1127 
f 1123//1123 1128//1128 1129//1129 
f 1129//1129 1133//1133 1135//1135 
f 1185//1185 1129//1129 1203//1203 
f 1185//1185 1123//1123 1129//1129 
f 1135//1135 1203//1203 1129//1129 
f 1081//1081 1131//1131 1080//1080 
f 1133//1133 1131//1131 1132//1132 
f 1131//1131 1081//1081 1132//1132 
f 1132//1132 1134//1134 1133//1133 
f 1133//1133 1134//1134 1135//1135 
f 1135//1135 1134//1134 1136//1136 
f 1206//1206 1135//1135 1136//1136 
f 1081//1081 1137//1137 1132//1132 
f 1132//1132 1137//1137 1134//1134 
f 1134//1134 1137//1137 1138//1138 
f 1136//1136 1134//1134 1138//1138 
f 1139//1139 1136//1136 1138//1138 
f 1138//1138 1137//1137 1140//1140 
f 1141//1141 1140//1140 1143//1143 
f 1138//1138 1140//1140 1141//1141 
f 1142//1142 1144//1144 1145//1145 
f 1139//1139 1138//1138 1141//1141 
f 1141//1141 1142//1142 1139//1139 
f 1144//1144 1142//1142 1141//1141 
f 1197//1197 1142//1142 1202//1202 
f 1142//1142 1145//1145 1202//1202 
f 1139//1139 1142//1142 1197//1197 
f 1143//1143 1140//1140 1088//1088 
f 1143//1143 1088//1088 1091//1091 
f 1091//1091 1144//1144 1143//1143 
f 1141//1141 1143//1143 1144//1144 
f 1147//1147 1144//1144 1091//1091 
f 1147//1147 1145//1145 1144//1144 
f 1147//1147 1111//1111 1145//1145 
f 1111//1111 1146//1146 1145//1145 
f 1147//1147 1113//1113 1114//1114 
f 1147//1147 1091//1091 1113//1113 
f 1147//1147 1114//1114 1111//1111 
f 1206//1206 1203//1203 1135//1135 
f 1214//1214 1217//1217 1152//1152 
f 1152//1152 1217//1217 1220//1220 
f 1157//1157 1220//1220 1221//1221 
f 1148//1148 1214//1214 1152//1152 
f 1174//1174 1216//1216 1148//1148 
f 1149//1149 1216//1216 1174//1174 
f 1216//1216 1149//1149 1224//1224 
f 1149//1149 1229//1229 1224//1224 
f 1149//1149 1151//1151 1229//1229 
f 1151//1151 1172//1172 1229//1229 
f 1172//1172 1241//1241 1229//1229 
f 1229//1229 1241//1241 1230//1230 
f 1148//1148 1153//1153 1174//1174 
f 1149//1149 1174//1174 1175//1175 
f 1148//1148 1152//1152 1150//1150 
f 1148//1148 1150//1150 1153//1153 
f 1152//1152 1155//1155 1150//1150 
f 1149//1149 1175//1175 1151//1151 
f 1152//1152 1220//1220 1155//1155 
f 1153//1153 1118//1118 1174//1174 
f 1153//1153 1150//1150 1101//1101 
f 1154//1154 1101//1101 1150//1150 
f 1150//1150 1155//1155 1154//1154 
f 1155//1155 1156//1156 1154//1154 
f 1156//1156 1158//1158 1154//1154 
f 1155//1155 1220//1220 1157//1157 
f 1156//1156 1155//1155 1157//1157 
f 1157//1157 1233//1233 1156//1156 
f 1154//1154 1158//1158 1100//1100 
f 1100//1100 1101//1101 1154//1154 
f 1156//1156 1159//1159 1158//1158 
f 1156//1156 1233//1233 1159//1159 
f 1158//1158 1160//1160 1103//1103 
f 1160//1160 1161//1161 1108//1108 
f 1159//1159 1160//1160 1158//1158 
f 1160//1160 1159//1159 1161//1161 
f 1233//1233 1237//1237 1159//1159 
f 1237//1237 1161//1161 1159//1159 
f 1161//1161 1162//1162 1108//1108 
f 1163//1163 1162//1162 1161//1161 
f 1161//1161 1237//1237 1163//1163 
f 1164//1164 1162//1162 1163//1163 
f 1240//1240 1166//1166 1167//1167 
f 1162//1162 1110//1110 1109//1109 
f 1162//1162 1164//1164 1110//1110 
f 1163//1163 1165//1165 1164//1164 
f 1164//1164 1165//1165 1110//1110 
f 1165//1165 1170//1170 1110//1110 
f 1163//1163 1167//1167 1165//1165 
f 1170//1170 1165//1165 1167//1167 
f 1166//1166 1168//1168 1167//1167 
f 1200//1200 1199//1199 1171//1171 
f 1170//1170 1167//1167 1168//1168 
f 1168//1168 1200//1200 1171//1171 
f 1168//1168 1166//1166 1200//1200 
f 1095//1095 1094//1094 1170//1170 
f 1095//1095 1170//1170 1168//1168 
f 1199//1199 1169//1169 1171//1171 
f 1172//1172 1151//1151 1175//1175 
f 1173//1173 1241//1241 1172//1172 
f 1173//1173 1177//1177 1242//1242 
f 1242//1242 1241//1241 1173//1173 
f 1247//1247 1242//1242 1177//1177 
f 1174//1174 1118//1118 1175//1175 
f 1118//1118 1119//1119 1175//1175 
f 1119//1119 1121//1121 1175//1175 
f 1180//1180 1175//1175 1121//1121 
f 1175//1175 1180//1180 1176//1176 
f 1182//1182 1176//1176 1180//1180 
f 1176//1176 1172//1172 1175//1175 
f 1172//1172 1176//1176 1173//1173 
f 1177//1177 1173//1173 1176//1176 
f 1178//1178 1182//1182 1183//1183 
f 1182//1182 1177//1177 1176//1176 
f 1177//1177 1182//1182 1178//1178 
f 1178//1178 1183//1183 1179//1179 
f 1177//1177 1178//1178 1247//1247 
f 1247//1247 1178//1178 1179//1179 
f 1182//1182 1180//1180 1181//1181 
f 1182//1182 1181//1181 1183//1183 
f 1186//1186 1183//1183 1181//1181 
f 1183//1183 1186//1186 1187//1187 
f 1184//1184 1183//1183 1187//1187 
f 1184//1184 1187//1187 1188//1188 
f 1179//1179 1183//1183 1184//1184 
f 1179//1179 1184//1184 1252//1252 
f 1252//1252 1184//1184 1251//1251 
f 1184//1184 1188//1188 1251//1251 
f 1186//1186 1185//1185 1187//1187 
f 1188//1188 1258//1258 1251//1251 
f 1258//1258 1188//1188 1191//1191 
f 1205//1205 1204//1204 1189//1189 
f 1193//1193 1189//1189 1204//1204 
f 1193//1193 1190//1190 1189//1189 
f 1205//1205 1189//1189 1191//1191 
f 1191//1191 1189//1189 1190//1190 
f 1263//1263 1190//1190 1265//1265 
f 1190//1190 1263//1263 1191//1191 
f 1190//1190 1262//1262 1265//1265 
f 1206//1206 1136//1136 1193//1193 
f 1193//1193 1136//1136 1192//1192 
f 1193//1193 1192//1192 1190//1190 
f 1194//1194 1262//1262 1190//1190 
f 1190//1190 1192//1192 1194//1194 
f 1195//1195 1198//1198 1199//1199 
f 1262//1262 1194//1194 1195//1195 
f 1194//1194 1198//1198 1195//1195 
f 1196//1196 1195//1195 1199//1199 
f 1195//1195 1264//1264 1262//1262 
f 1192//1192 1136//1136 1139//1139 
f 1192//1192 1139//1139 1197//1197 
f 1194//1194 1197//1197 1198//1198 
f 1197//1197 1194//1194 1192//1192 
f 1196//1196 1199//1199 1200//1200 
f 1267//1267 1196//1196 1200//1200 
f 1145//1145 1201//1201 1202//1202 
f 1197//1197 1202//1202 1198//1198 
f 1202//1202 1201//1201 1198//1198 
f 1198//1198 1201//1201 1199//1199 
f 1201//1201 1145//1145 1146//1146 
f 1201//1201 1169//1169 1199//1199 
f 1201//1201 1146//1146 1169//1169 
f 1187//1187 1185//1185 1205//1205 
f 1205//1205 1188//1188 1187//1187 
f 1191//1191 1188//1188 1205//1205 
f 1185//1185 1203//1203 1205//1205 
f 1205//1205 1203//1203 1204//1204 
f 1203//1203 1206//1206 1204//1204 
f 1204//1204 1206//1206 1193//1193 
f 1269//1269 1208//1208 1207//1207 
f 1213//1213 1276//1276 1275//1275 
f 1275//1275 1212//1212 1213//1213 
f 1209//1209 1210//1210 1214//1214 
f 1211//1211 1280//1280 1219//1219 
f 1282//1282 1276//1276 1213//1213 
f 1207//1207 1208//1208 1215//1215 
f 1207//1207 1216//1216 1212//1212 
f 1212//1212 1224//1224 1223//1223 
f 1216//1216 1224//1224 1212//1212 
f 1209//1209 1214//1214 1208//1208 
f 1215//1215 1208//1208 1214//1214 
f 1212//1212 1223//1223 1213//1213 
f 1213//1213 1223//1223 1225//1225 
f 1215//1215 1214//1214 1148//1148 
f 1148//1148 1216//1216 1215//1215 
f 1207//1207 1215//1215 1216//1216 
f 1214//1214 1210//1210 1217//1217 
f 1210//1210 1218//1218 1217//1217 
f 1210//1210 1211//1211 1218//1218 
f 1219//1219 1218//1218 1211//1211 
f 1221//1221 1220//1220 1218//1218 
f 1218//1218 1220//1220 1217//1217 
f 1218//1218 1219//1219 1221//1221 
f 1221//1221 1219//1219 1287//1287 
f 1287//1287 1222//1222 1221//1221 
f 1221//1221 1222//1222 1157//1157 
f 1232//1232 1222//1222 1287//1287 
f 1287//1287 1305//1305 1232//1232 
f 1224//1224 1225//1225 1223//1223 
f 1213//1213 1225//1225 1282//1282 
f 1282//1282 1225//1225 1226//1226 
f 1282//1282 1226//1226 1284//1284 
f 1228//1228 1284//1284 1226//1226 
f 1226//1226 1225//1225 1227//1227 
f 1225//1225 1230//1230 1227//1227 
f 1228//1228 1226//1226 1227//1227 
f 1292//1292 1228//1228 1227//1227 
f 1225//1225 1224//1224 1229//1229 
f 1225//1225 1229//1229 1230//1230 
f 1230//1230 1244//1244 1227//1227 
f 1244//1244 1231//1231 1227//1227 
f 1292//1292 1227//1227 1231//1231 
f 1157//1157 1222//1222 1233//1233 
f 1222//1222 1232//1232 1234//1234 
f 1235//1235 1234//1234 1232//1232 
f 1305//1305 1235//1235 1232//1232 
f 1235//1235 1305//1305 1306//1306 
f 1234//1234 1237//1237 1233//1233 
f 1222//1222 1234//1234 1233//1233 
f 1235//1235 1237//1237 1234//1234 
f 1306//1306 1239//1239 1235//1235 
f 1236//1236 1239//1239 1306//1306 
f 1235//1235 1238//1238 1237//1237 
f 1163//1163 1237//1237 1238//1238 
f 1239//1239 1163//1163 1238//1238 
f 1238//1238 1235//1235 1239//1239 
f 1240//1240 1167//1167 1163//1163 
f 1240//1240 1163//1163 1239//1239 
f 1200//1200 1240//1240 1239//1239 
f 1200//1200 1239//1239 1266//1266 
f 1266//1266 1239//1239 1236//1236 
f 1166//1166 1240//1240 1200//1200 
f 1242//1242 1244//1244 1241//1241 
f 1244//1244 1230//1230 1241//1241 
f 1245//1245 1231//1231 1244//1244 
f 1298//1298 1231//1231 1245//1245 
f 1246//1246 1298//1298 1245//1245 
f 1246//1246 1307//1307 1298//1298 
f 1242//1242 1247//1247 1243//1243 
f 1243//1243 1247//1247 1248//1248 
f 1243//1243 1244//1244 1242//1242 
f 1243//1243 1245//1245 1244//1244 
f 1246//1246 1245//1245 1243//1243 
f 1248//1248 1246//1246 1243//1243 
f 1246//1246 1248//1248 1249//1249 
f 1250//1250 1246//1246 1249//1249 
f 1307//1307 1246//1246 1250//1250 
f 1247//1247 1179//1179 1248//1248 
f 1248//1248 1179//1179 1249//1249 
f 1252//1252 1249//1249 1179//1179 
f 1254//1254 1250//1250 1249//1249 
f 1308//1308 1250//1250 1309//1309 
f 1249//1249 1252//1252 1254//1254 
f 1252//1252 1251//1251 1254//1254 
f 1254//1254 1251//1251 1253//1253 
f 1253//1253 1258//1258 1260//1260 
f 1254//1254 1253//1253 1255//1255 
f 1255//1255 1250//1250 1254//1254 
f 1260//1260 1255//1255 1253//1253 
f 1256//1256 1257//1257 1255//1255 
f 1255//1255 1309//1309 1250//1250 
f 1309//1309 1255//1255 1257//1257 
f 1258//1258 1191//1191 1263//1263 
f 1258//1258 1253//1253 1251//1251 
f 1258//1258 1263//1263 1260//1260 
f 1263//1263 1265//1265 1260//1260 
f 1265//1265 1259//1259 1260//1260 
f 1256//1256 1255//1255 1260//1260 
f 1259//1259 1256//1256 1260//1260 
f 1257//1257 1261//1261 1310//1310 
f 1256//1256 1261//1261 1257//1257 
f 1259//1259 1261//1261 1256//1256 
f 1236//1236 1310//1310 1261//1261 
f 1261//1261 1267//1267 1236//1236 
f 1262//1262 1264//1264 1265//1265 
f 1196//1196 1267//1267 1264//1264 
f 1236//1236 1267//1267 1266//1266 
f 1259//1259 1267//1267 1261//1261 
f 1267//1267 1259//1259 1264//1264 
f 1259//1259 1265//1265 1264//1264 
f 1195//1195 1196//1196 1264//1264 
f 1200//1200 1266//1266 1267//1267 
f 1269//1269 1311//1311 1268//1268 
f 1269//1269 1207//1207 1271//1271 
f 1209//1209 1270//1270 1317//1317 
f 1273//1273 1209//1209 1317//1317 
f 1271//1271 1207//1207 1212//1212 
f 1272//1272 1316//1316 1271//1271 
f 1268//1268 1208//1208 1269//1269 
f 1268//1268 1270//1270 1208//1208 
f 1212//1212 1275//1275 1271//1271 
f 1271//1271 1275//1275 1272//1272 
f 1208//1208 1270//1270 1209//1209 
f 1278//1278 1273//1273 1318//1318 
f 1209//1209 1273//1273 1210//1210 
f 1274//1274 1272//1272 1276//1276 
f 1274//1274 1276//1276 1277//1277 
f 1326//1326 1327//1327 1274//1274 
f 1326//1326 1274//1274 1277//1277 
f 1276//1276 1272//1272 1275//1275 
f 1277//1277 1283//1283 1329//1329 
f 1326//1326 1277//1277 1329//1329 
f 1278//1278 1211//1211 1210//1210 
f 1278//1278 1210//1210 1273//1273 
f 1280//1280 1211//1211 1278//1278 
f 1280//1280 1278//1278 1279//1279 
f 1280//1280 1279//1279 1281//1281 
f 1287//1287 1280//1280 1281//1281 
f 1281//1281 1279//1279 1335//1335 
f 1336//1336 1281//1281 1335//1335 
f 1219//1219 1280//1280 1287//1287 
f 1277//1277 1276//1276 1282//1282 
f 1284//1284 1277//1277 1282//1282 
f 1277//1277 1284//1284 1283//1283 
f 1284//1284 1285//1285 1283//1283 
f 1285//1285 1337//1337 1283//1283 
f 1284//1284 1291//1291 1285//1285 
f 1286//1286 1285//1285 1291//1291 
f 1295//1295 1339//1339 1286//1286 
f 1281//1281 1336//1336 1287//1287 
f 1336//1336 1289//1289 1287//1287 
f 1344//1344 1289//1289 1336//1336 
f 1303//1303 1344//1344 1345//1345 
f 1287//1287 1288//1288 1305//1305 
f 1290//1290 1305//1305 1288//1288 
f 1289//1289 1288//1288 1287//1287 
f 1289//1289 1290//1290 1288//1288 
f 1290//1290 1289//1289 1344//1344 
f 1303//1303 1290//1290 1344//1344 
f 1291//1291 1284//1284 1228//1228 
f 1291//1291 1228//1228 1292//1292 
f 1291//1291 1292//1292 1293//1293 
f 1286//1286 1291//1291 1293//1293 
f 1293//1293 1292//1292 1299//1299 
f 1293//1293 1299//1299 1294//1294 
f 1295//1295 1286//1286 1293//1293 
f 1295//1295 1293//1293 1294//1294 
f 1339//1339 1295//1295 1296//1296 
f 1296//1296 1295//1295 1294//1294 
f 1300//1300 1296//1296 1294//1294 
f 1297//1297 1296//1296 1300//1300 
f 1297//1297 1301//1301 1302//1302 
f 1301//1301 1297//1297 1300//1300 
f 1296//1296 1297//1297 1346//1346 
f 1302//1302 1346//1346 1297//1297 
f 1292//1292 1231//1231 1299//1299 
f 1298//1298 1299//1299 1231//1231 
f 1298//1298 1307//1307 1300//1300 
f 1298//1298 1300//1300 1299//1299 
f 1300//1300 1294//1294 1299//1299 
f 1301//1301 1300//1300 1307//1307 
f 1302//1302 1304//1304 1347//1347 
f 1303//1303 1236//1236 1290//1290 
f 1301//1301 1308//1308 1302//1302 
f 1302//1302 1308//1308 1310//1310 
f 1302//1302 1310//1310 1304//1304 
f 1303//1303 1304//1304 1236//1236 
f 1304//1304 1310//1310 1236//1236 
f 1290//1290 1306//1306 1305//1305 
f 1306//1306 1290//1290 1236//1236 
f 1308//1308 1307//1307 1250//1250 
f 1308//1308 1301//1301 1307//1307 
f 1309//1309 1310//1310 1308//1308 
f 1310//1310 1309//1309 1257//1257 
f 1353//1353 1311//1311 1312//1312 
f 1380//1380 1315//1315 1314//1314 
f 1314//1314 1311//1311 1380//1380 
f 1312//1312 1271//1271 1313//1313 
f 1312//1312 1269//1269 1271//1271 
f 1312//1312 1311//1311 1269//1269 
f 1314//1314 1268//1268 1311//1311 
f 1314//1314 1270//1270 1268//1268 
f 1314//1314 1315//1315 1270//1270 
f 1315//1315 1317//1317 1270//1270 
f 1271//1271 1316//1316 1313//1313 
f 1354//1354 1313//1313 1316//1316 
f 1352//1352 1354//1354 1319//1319 
f 1319//1319 1354//1354 1316//1316 
f 1318//1318 1273//1273 1317//1317 
f 1324//1324 1358//1358 1359//1359 
f 1323//1323 1322//1322 1318//1318 
f 1323//1323 1318//1318 1358//1358 
f 1323//1323 1358//1358 1324//1324 
f 1319//1319 1316//1316 1272//1272 
f 1272//1272 1274//1274 1319//1319 
f 1319//1319 1274//1274 1320//1320 
f 1320//1320 1274//1274 1327//1327 
f 1319//1319 1320//1320 1352//1352 
f 1355//1355 1320//1320 1327//1327 
f 1355//1355 1327//1327 1321//1321 
f 1355//1355 1352//1352 1320//1320 
f 1355//1355 1321//1321 1362//1362 
f 1362//1362 1321//1321 1331//1331 
f 1318//1318 1322//1322 1278//1278 
f 1279//1279 1278//1278 1322//1322 
f 1328//1328 1327//1327 1326//1326 
f 1328//1328 1326//1326 1329//1329 
f 1329//1329 1330//1330 1328//1328 
f 1321//1321 1327//1327 1328//1328 
f 1328//1328 1331//1331 1321//1321 
f 1332//1332 1363//1363 1331//1331 
f 1329//1329 1283//1283 1330//1330 
f 1283//1283 1337//1337 1330//1330 
f 1331//1331 1328//1328 1330//1330 
f 1337//1337 1331//1331 1330//1330 
f 1331//1331 1338//1338 1332//1332 
f 1337//1337 1338//1338 1331//1331 
f 1332//1332 1338//1338 1333//1333 
f 1332//1332 1333//1333 1364//1364 
f 1333//1333 1334//1334 1367//1367 
f 1334//1334 1333//1333 1341//1341 
f 1345//1345 1366//1366 1342//1342 
f 1366//1366 1367//1367 1334//1334 
f 1366//1366 1334//1334 1342//1342 
f 1279//1279 1322//1322 1335//1335 
f 1336//1336 1335//1335 1324//1324 
f 1323//1323 1335//1335 1322//1322 
f 1323//1323 1324//1324 1335//1335 
f 1325//1325 1344//1344 1336//1336 
f 1325//1325 1336//1336 1324//1324 
f 1344//1344 1325//1325 1345//1345 
f 1286//1286 1337//1337 1285//1285 
f 1338//1338 1337//1337 1286//1286 
f 1338//1338 1286//1286 1339//1339 
f 1338//1338 1339//1339 1341//1341 
f 1341//1341 1333//1333 1338//1338 
f 1340//1340 1296//1296 1346//1346 
f 1339//1339 1296//1296 1340//1340 
f 1339//1339 1340//1340 1341//1341 
f 1340//1340 1346//1346 1343//1343 
f 1342//1342 1334//1334 1343//1343 
f 1340//1340 1334//1334 1341//1341 
f 1343//1343 1334//1334 1340//1340 
f 1347//1347 1304//1304 1342//1342 
f 1347//1347 1342//1342 1343//1343 
f 1347//1347 1343//1343 1346//1346 
f 1342//1342 1304//1304 1345//1345 
f 1303//1303 1345//1345 1304//1304 
f 1302//1302 1347//1347 1346//1346 
f 1348//1348 1380//1380 1311//1311 
f 1353//1353 1349//1349 1348//1348 
f 1348//1348 1311//1311 1353//1353 
f 1349//1349 1353//1353 1350//1350 
f 1380//1380 1351//1351 1315//1315 
f 1353//1353 1312//1312 1350//1350 
f 1315//1315 1351//1351 1317//1317 
f 1318//1318 1388//1388 1389//1389 
f 1389//1389 1358//1358 1318//1318 
f 1394//1394 1384//1384 1352//1352 
f 1313//1313 1350//1350 1312//1312 
f 1350//1350 1313//1313 1354//1354 
f 1350//1350 1354//1354 1385//1385 
f 1352//1352 1385//1385 1354//1354 
f 1394//1394 1352//1352 1355//1355 
f 1362//1362 1436//1436 1391//1391 
f 1389//1389 1392//1392 1358//1358 
f 1358//1358 1392//1392 1359//1359 
f 1318//1318 1317//1317 1388//1388 
f 1355//1355 1362//1362 1391//1391 
f 1400//1400 1364//1364 1365//1365 
f 1365//1365 1357//1357 1400//1400 
f 1359//1359 1360//1360 1324//1324 
f 1345//1345 1360//1360 1361//1361 
f 1366//1366 1361//1361 1357//1357 
f 1366//1366 1357//1357 1365//1365 
f 1436//1436 1362//1362 1356//1356 
f 1356//1356 1362//1362 1363//1363 
f 1364//1364 1356//1356 1363//1363 
f 1331//1331 1363//1363 1362//1362 
f 1332//1332 1364//1364 1363//1363 
f 1367//1367 1365//1365 1364//1364 
f 1367//1367 1366//1366 1365//1365 
f 1360//1360 1325//1325 1324//1324 
f 1360//1360 1345//1345 1325//1325 
f 1361//1361 1366//1366 1345//1345 
f 1367//1367 1364//1364 1333//1333 
f 1368//1368 1375//1375 1369//1369 
f 1375//1375 1416//1416 1369//1369 
f 1372//1372 1368//1368 1373//1373 
f 1372//1372 1375//1375 1368//1368 
f 1373//1373 1348//1348 1372//1372 
f 1373//1373 1370//1370 1371//1371 
f 1423//1423 1381//1381 1374//1374 
f 1382//1382 1381//1381 1423//1423 
f 1375//1375 1376//1376 1416//1416 
f 1416//1416 1376//1376 1377//1377 
f 1421//1421 1416//1416 1377//1377 
f 1385//1385 1376//1376 1375//1375 
f 1376//1376 1385//1385 1377//1377 
f 1384//1384 1429//1429 1377//1377 
f 1348//1348 1349//1349 1372//1372 
f 1373//1373 1371//1371 1380//1380 
f 1348//1348 1373//1373 1380//1380 
f 1371//1371 1379//1379 1380//1380 
f 1349//1349 1375//1375 1372//1372 
f 1385//1385 1375//1375 1378//1378 
f 1378//1378 1375//1375 1349//1349 
f 1349//1349 1350//1350 1378//1378 
f 1374//1374 1379//1379 1371//1371 
f 1380//1380 1379//1379 1351//1351 
f 1379//1379 1381//1381 1351//1351 
f 1379//1379 1374//1374 1381//1381 
f 1383//1383 1381//1381 1382//1382 
f 1386//1386 1383//1383 1382//1382 
f 1382//1382 1433//1433 1386//1386 
f 1388//1388 1383//1383 1386//1386 
f 1378//1378 1350//1350 1385//1385 
f 1377//1377 1385//1385 1384//1384 
f 1384//1384 1385//1385 1352//1352 
f 1429//1429 1384//1384 1391//1391 
f 1387//1387 1351//1351 1381//1381 
f 1387//1387 1317//1317 1351//1351 
f 1383//1383 1387//1387 1381//1381 
f 1388//1388 1387//1387 1383//1383 
f 1389//1389 1386//1386 1437//1437 
f 1387//1387 1388//1388 1317//1317 
f 1388//1388 1386//1386 1389//1389 
f 1389//1389 1437//1437 1390//1390 
f 1390//1390 1438//1438 1393//1393 
f 1391//1391 1384//1384 1394//1394 
f 1392//1392 1393//1393 1395//1395 
f 1389//1389 1390//1390 1392//1392 
f 1390//1390 1393//1393 1392//1392 
f 1441//1441 1395//1395 1393//1393 
f 1391//1391 1394//1394 1355//1355 
f 1432//1432 1397//1397 1431//1431 
f 1395//1395 1360//1360 1359//1359 
f 1392//1392 1395//1395 1359//1359 
f 1395//1395 1398//1398 1360//1360 
f 1400//1400 1357//1357 1397//1397 
f 1432//1432 1356//1356 1400//1400 
f 1400//1400 1397//1397 1432//1432 
f 1357//1357 1396//1396 1397//1397 
f 1398//1398 1399//1399 1361//1361 
f 1360//1360 1398//1398 1361//1361 
f 1399//1399 1357//1357 1361//1361 
f 1396//1396 1357//1357 1399//1399 
f 1356//1356 1364//1364 1400//1400 
f 1401//1401 1410//1410 1402//1402 
f 1410//1410 1368//1368 1402//1402 
f 1460//1460 1405//1405 1404//1404 
f 1401//1401 1404//1404 1410//1410 
f 1467//1467 1403//1403 1407//1407 
f 1407//1407 1403//1403 1368//1368 
f 1368//1368 1403//1403 1402//1402 
f 1405//1405 1411//1411 1404//1404 
f 1406//1406 1405//1405 1463//1463 
f 1467//1467 1407//1407 1408//1408 
f 1408//1408 1409//1409 1467//1467 
f 1404//1404 1411//1411 1410//1410 
f 1406//1406 1412//1412 1405//1405 
f 1410//1410 1411//1411 1370//1370 
f 1410//1410 1373//1373 1368//1368 
f 1410//1410 1370//1370 1373//1373 
f 1411//1411 1405//1405 1417//1417 
f 1411//1411 1417//1417 1370//1370 
f 1417//1417 1405//1405 1412//1412 
f 1414//1414 1412//1412 1406//1406 
f 1470//1470 1414//1414 1406//1406 
f 1470//1470 1474//1474 1414//1414 
f 1412//1412 1413//1413 1417//1417 
f 1414//1414 1413//1413 1412//1412 
f 1414//1414 1474//1474 1419//1419 
f 1419//1419 1474//1474 1477//1477 
f 1420//1420 1419//1419 1477//1477 
f 1368//1368 1369//1369 1407//1407 
f 1408//1408 1407//1407 1416//1416 
f 1409//1409 1408//1408 1415//1415 
f 1369//1369 1416//1416 1407//1407 
f 1416//1416 1421//1421 1408//1408 
f 1421//1421 1415//1415 1408//1408 
f 1371//1371 1370//1370 1417//1417 
f 1371//1371 1417//1417 1413//1413 
f 1414//1414 1418//1418 1413//1413 
f 1419//1419 1418//1418 1414//1414 
f 1413//1413 1374//1374 1371//1371 
f 1418//1418 1374//1374 1413//1413 
f 1418//1418 1423//1423 1374//1374 
f 1423//1423 1418//1418 1419//1419 
f 1420//1420 1423//1423 1419//1419 
f 1420//1420 1485//1485 1425//1425 
f 1485//1485 1420//1420 1477//1477 
f 1425//1425 1485//1485 1422//1422 
f 1424//1424 1423//1423 1420//1420 
f 1424//1424 1420//1420 1425//1425 
f 1415//1415 1421//1421 1481//1481 
f 1487//1487 1427//1427 1422//1422 
f 1423//1423 1424//1424 1382//1382 
f 1424//1424 1425//1425 1426//1426 
f 1422//1422 1427//1427 1425//1425 
f 1425//1425 1427//1427 1426//1426 
f 1428//1428 1427//1427 1487//1487 
f 1382//1382 1424//1424 1433//1433 
f 1429//1429 1421//1421 1377//1377 
f 1481//1481 1421//1421 1429//1429 
f 1429//1429 1430//1430 1481//1481 
f 1490//1490 1434//1434 1428//1428 
f 1484//1484 1432//1432 1431//1431 
f 1437//1437 1386//1386 1433//1433 
f 1424//1424 1426//1426 1433//1433 
f 1426//1426 1437//1437 1433//1433 
f 1427//1427 1438//1438 1426//1426 
f 1428//1428 1438//1438 1427//1427 
f 1434//1434 1435//1435 1440//1440 
f 1438//1438 1437//1437 1426//1426 
f 1436//1436 1432//1432 1430//1430 
f 1391//1391 1436//1436 1430//1430 
f 1429//1429 1391//1391 1430//1430 
f 1440//1440 1435//1435 1431//1431 
f 1428//1428 1439//1439 1438//1438 
f 1439//1439 1428//1428 1434//1434 
f 1440//1440 1431//1431 1443//1443 
f 1434//1434 1440//1440 1439//1439 
f 1437//1437 1438//1438 1390//1390 
f 1438//1438 1441//1441 1393//1393 
f 1438//1438 1439//1439 1441//1441 
f 1439//1439 1442//1442 1441//1441 
f 1439//1439 1440//1440 1442//1442 
f 1440//1440 1443//1443 1442//1442 
f 1436//1436 1356//1356 1432//1432 
f 1442//1442 1398//1398 1441//1441 
f 1441//1441 1398//1398 1395//1395 
f 1399//1399 1398//1398 1442//1442 
f 1442//1442 1443//1443 1399//1399 
f 1396//1396 1443//1443 1431//1431 
f 1443//1443 1396//1396 1399//1399 
f 1397//1397 1396//1396 1431//1431 
f 1501//1501 1444//1444 1445//1445 
f 1498//1498 1445//1445 1447//1447 
f 1500//1500 1447//1447 1446//1446 
f 1444//1444 1453//1453 1445//1445 
f 1445//1445 1451//1451 1447//1447 
f 1451//1451 1445//1445 1453//1453 
f 1508//1508 1452//1452 1444//1444 
f 1444//1444 1452//1452 1453//1453 
f 1511//1511 1452//1452 1508//1508 
f 1511//1511 1455//1455 1452//1452 
f 1446//1446 1447//1447 1448//1448 
f 1449//1449 1448//1448 1457//1457 
f 1446//1446 1448//1448 1449//1449 
f 1446//1446 1449//1449 1516//1516 
f 1516//1516 1449//1449 1450//1450 
f 1450//1450 1449//1449 1459//1459 
f 1525//1525 1450//1450 1459//1459 
f 1456//1456 1448//1448 1447//1447 
f 1447//1447 1451//1451 1456//1456 
f 1452//1452 1460//1460 1453//1453 
f 1448//1448 1456//1456 1457//1457 
f 1451//1451 1404//1404 1401//1401 
f 1451//1451 1402//1402 1456//1456 
f 1460//1460 1404//1404 1453//1453 
f 1453//1453 1404//1404 1451//1451 
f 1460//1460 1452//1452 1455//1455 
f 1511//1511 1454//1454 1455//1455 
f 1454//1454 1462//1462 1455//1455 
f 1454//1454 1520//1520 1462//1462 
f 1462//1462 1461//1461 1455//1455 
f 1520//1520 1529//1529 1462//1462 
f 1449//1449 1457//1457 1458//1458 
f 1449//1449 1458//1458 1459//1459 
f 1402//1402 1451//1451 1401//1401 
f 1403//1403 1456//1456 1402//1402 
f 1457//1457 1456//1456 1403//1403 
f 1457//1457 1403//1403 1458//1458 
f 1460//1460 1455//1455 1461//1461 
f 1461//1461 1405//1405 1460//1460 
f 1463//1463 1405//1405 1461//1461 
f 1462//1462 1463//1463 1461//1461 
f 1462//1462 1464//1464 1463//1463 
f 1470//1470 1463//1463 1464//1464 
f 1464//1464 1468//1468 1470//1470 
f 1465//1465 1468//1468 1464//1464 
f 1464//1464 1462//1462 1529//1529 
f 1465//1465 1464//1464 1529//1529 
f 1529//1529 1532//1532 1465//1465 
f 1468//1468 1465//1465 1469//1469 
f 1458//1458 1467//1467 1466//1466 
f 1458//1458 1466//1466 1459//1459 
f 1466//1466 1525//1525 1459//1459 
f 1467//1467 1458//1458 1403//1403 
f 1473//1473 1525//1525 1466//1466 
f 1473//1473 1466//1466 1472//1472 
f 1526//1526 1473//1473 1480//1480 
f 1469//1469 1471//1471 1468//1468 
f 1532//1532 1469//1469 1465//1465 
f 1532//1532 1537//1537 1469//1469 
f 1406//1406 1463//1463 1470//1470 
f 1474//1474 1470//1470 1468//1468 
f 1474//1474 1468//1468 1471//1471 
f 1469//1469 1475//1475 1471//1471 
f 1469//1469 1537//1537 1475//1475 
f 1538//1538 1475//1475 1537//1537 
f 1471//1471 1478//1478 1474//1474 
f 1467//1467 1409//1409 1466//1466 
f 1466//1466 1409//1409 1472//1472 
f 1473//1473 1472//1472 1481//1481 
f 1478//1478 1471//1471 1475//1475 
f 1538//1538 1479//1479 1475//1475 
f 1479//1479 1538//1538 1476//1476 
f 1478//1478 1477//1477 1474//1474 
f 1478//1478 1475//1475 1486//1486 
f 1486//1486 1475//1475 1479//1479 
f 1486//1486 1479//1479 1488//1488 
f 1482//1482 1479//1479 1476//1476 
f 1472//1472 1409//1409 1415//1415 
f 1481//1481 1472//1472 1415//1415 
f 1473//1473 1481//1481 1480//1480 
f 1476//1476 1484//1484 1483//1483 
f 1488//1488 1482//1482 1489//1489 
f 1482//1482 1488//1488 1479//1479 
f 1482//1482 1483//1483 1489//1489 
f 1489//1489 1483//1483 1484//1484 
f 1476//1476 1483//1483 1482//1482 
f 1478//1478 1485//1485 1477//1477 
f 1478//1478 1486//1486 1485//1485 
f 1485//1485 1486//1486 1422//1422 
f 1487//1487 1422//1422 1486//1486 
f 1488//1488 1487//1487 1486//1486 
f 1480//1480 1481//1481 1430//1430 
f 1432//1432 1480//1480 1430//1430 
f 1484//1484 1480//1480 1432//1432 
f 1428//1428 1487//1487 1488//1488 
f 1490//1490 1488//1488 1489//1489 
f 1488//1488 1490//1490 1428//1428 
f 1435//1435 1490//1490 1489//1489 
f 1489//1489 1484//1484 1435//1435 
f 1435//1435 1484//1484 1431//1431 
f 1490//1490 1435//1435 1434//1434 
f 1550//1550 1493//1493 1491//1491 
f 1492//1492 1498//1498 1548//1548 
f 1493//1493 1494//1494 1491//1491 
f 1492//1492 1494//1494 1498//1498 
f 1550//1550 1496//1496 1493//1493 
f 1499//1499 1555//1555 1500//1500 
f 1493//1493 1496//1496 1494//1494 
f 1497//1497 1496//1496 1556//1556 
f 1496//1496 1502//1502 1495//1495 
f 1495//1495 1501//1501 1494//1494 
f 1495//1495 1494//1494 1496//1496 
f 1495//1495 1502//1502 1501//1501 
f 1497//1497 1562//1562 1503//1503 
f 1497//1497 1503//1503 1502//1502 
f 1498//1498 1500//1500 1548//1548 
f 1494//1494 1501//1501 1498//1498 
f 1501//1501 1445//1445 1498//1498 
f 1502//1502 1496//1496 1497//1497 
f 1504//1504 1503//1503 1565//1565 
f 1565//1565 1503//1503 1562//1562 
f 1501//1501 1502//1502 1444//1444 
f 1508//1508 1444//1444 1502//1502 
f 1505//1505 1508//1508 1502//1502 
f 1503//1503 1505//1505 1502//1502 
f 1506//1506 1505//1505 1503//1503 
f 1503//1503 1504//1504 1506//1506 
f 1506//1506 1504//1504 1565//1565 
f 1506//1506 1509//1509 1505//1505 
f 1506//1506 1507//1507 1509//1509 
f 1564//1564 1499//1499 1516//1516 
f 1447//1447 1500//1500 1498//1498 
f 1500//1500 1516//1516 1499//1499 
f 1564//1564 1516//1516 1517//1517 
f 1516//1516 1500//1500 1446//1446 
f 1505//1505 1510//1510 1508//1508 
f 1509//1509 1510//1510 1505//1505 
f 1510//1510 1511//1511 1508//1508 
f 1512//1512 1511//1511 1510//1510 
f 1510//1510 1509//1509 1512//1512 
f 1512//1512 1509//1509 1513//1513 
f 1513//1513 1509//1509 1507//1507 
f 1507//1507 1514//1514 1513//1513 
f 1571//1571 1514//1514 1507//1507 
f 1571//1571 1515//1515 1514//1514 
f 1512//1512 1454//1454 1511//1511 
f 1520//1520 1454//1454 1512//1512 
f 1513//1513 1520//1520 1512//1512 
f 1521//1521 1520//1520 1513//1513 
f 1521//1521 1513//1513 1514//1514 
f 1514//1514 1518//1518 1521//1521 
f 1515//1515 1518//1518 1514//1514 
f 1573//1573 1517//1517 1526//1526 
f 1517//1517 1516//1516 1525//1525 
f 1526//1526 1517//1517 1525//1525 
f 1450//1450 1525//1525 1516//1516 
f 1519//1519 1518//1518 1515//1515 
f 1519//1519 1527//1527 1518//1518 
f 1523//1523 1527//1527 1519//1519 
f 1522//1522 1527//1527 1523//1523 
f 1580//1580 1522//1522 1523//1523 
f 1580//1580 1531//1531 1522//1522 
f 1520//1520 1521//1521 1529//1529 
f 1521//1521 1524//1524 1529//1529 
f 1521//1521 1518//1518 1524//1524 
f 1518//1518 1527//1527 1524//1524 
f 1530//1530 1527//1527 1522//1522 
f 1525//1525 1473//1473 1526//1526 
f 1528//1528 1581//1581 1484//1484 
f 1522//1522 1531//1531 1530//1530 
f 1524//1524 1532//1532 1529//1529 
f 1527//1527 1532//1532 1524//1524 
f 1527//1527 1533//1533 1532//1532 
f 1530//1530 1533//1533 1527//1527 
f 1534//1534 1533//1533 1530//1530 
f 1530//1530 1531//1531 1535//1535 
f 1534//1534 1530//1530 1535//1535 
f 1536//1536 1535//1535 1531//1531 
f 1531//1531 1528//1528 1536//1536 
f 1536//1536 1528//1528 1484//1484 
f 1532//1532 1533//1533 1537//1537 
f 1533//1533 1534//1534 1537//1537 
f 1480//1480 1581//1581 1526//1526 
f 1581//1581 1480//1480 1484//1484 
f 1538//1538 1537//1537 1534//1534 
f 1535//1535 1538//1538 1534//1534 
f 1476//1476 1538//1538 1535//1535 
f 1536//1536 1476//1476 1535//1535 
f 1536//1536 1484//1484 1476//1476 
f 1587//1587 1543//1543 1539//1539 
f 1542//1542 1592//1592 1539//1539 
f 1589//1589 1540//1540 1543//1543 
f 1539//1539 1543//1543 1542//1542 
f 1543//1543 1541//1541 1542//1542 
f 1544//1544 1546//1546 1540//1540 
f 1544//1544 1540//1540 1596//1596 
f 1597//1597 1544//1544 1596//1596 
f 1593//1593 1552//1552 1595//1595 
f 1595//1595 1552//1552 1553//1553 
f 1543//1543 1540//1540 1546//1546 
f 1546//1546 1544//1544 1491//1491 
f 1546//1546 1547//1547 1543//1543 
f 1546//1546 1491//1491 1547//1547 
f 1543//1543 1545//1545 1541//1541 
f 1547//1547 1545//1545 1543//1543 
f 1541//1541 1548//1548 1542//1542 
f 1541//1541 1545//1545 1548//1548 
f 1552//1552 1542//1542 1500//1500 
f 1500//1500 1542//1542 1548//1548 
f 1547//1547 1492//1492 1545//1545 
f 1547//1547 1494//1494 1492//1492 
f 1494//1494 1547//1547 1491//1491 
f 1545//1545 1492//1492 1548//1548 
f 1549//1549 1544//1544 1597//1597 
f 1597//1597 1601//1601 1549//1549 
f 1601//1601 1557//1557 1549//1549 
f 1550//1550 1491//1491 1544//1544 
f 1549//1549 1550//1550 1544//1544 
f 1601//1601 1551//1551 1557//1557 
f 1601//1601 1602//1602 1551//1551 
f 1560//1560 1551//1551 1602//1602 
f 1549//1549 1556//1556 1550//1550 
f 1556//1556 1496//1496 1550//1550 
f 1549//1549 1557//1557 1556//1556 
f 1552//1552 1500//1500 1555//1555 
f 1554//1554 1553//1553 1564//1564 
f 1554//1554 1564//1564 1605//1605 
f 1497//1497 1556//1556 1557//1557 
f 1551//1551 1558//1558 1557//1557 
f 1558//1558 1551//1551 1559//1559 
f 1559//1559 1563//1563 1558//1558 
f 1559//1559 1560//1560 1563//1563 
f 1562//1562 1497//1497 1557//1557 
f 1557//1557 1558//1558 1562//1562 
f 1562//1562 1558//1558 1565//1565 
f 1558//1558 1563//1563 1565//1565 
f 1561//1561 1563//1563 1560//1560 
f 1560//1560 1610//1610 1561//1561 
f 1566//1566 1561//1561 1610//1610 
f 1563//1563 1561//1561 1568//1568 
f 1561//1561 1566//1566 1568//1568 
f 1552//1552 1555//1555 1553//1553 
f 1555//1555 1499//1499 1553//1553 
f 1614//1614 1606//1606 1605//1605 
f 1553//1553 1499//1499 1564//1564 
f 1605//1605 1564//1564 1614//1614 
f 1611//1611 1614//1614 1574//1574 
f 1572//1572 1611//1611 1574//1574 
f 1565//1565 1569//1569 1506//1506 
f 1563//1563 1569//1569 1565//1565 
f 1563//1563 1567//1567 1569//1569 
f 1569//1569 1567//1567 1571//1571 
f 1568//1568 1571//1571 1567//1567 
f 1568//1568 1567//1567 1563//1563 
f 1575//1575 1566//1566 1570//1570 
f 1575//1575 1568//1568 1566//1566 
f 1569//1569 1507//1507 1506//1506 
f 1569//1569 1571//1571 1507//1507 
f 1576//1576 1571//1571 1568//1568 
f 1614//1614 1564//1564 1517//1517 
f 1614//1614 1517//1517 1573//1573 
f 1574//1574 1614//1614 1573//1573 
f 1574//1574 1573//1573 1526//1526 
f 1570//1570 1578//1578 1575//1575 
f 1572//1572 1574//1574 1581//1581 
f 1570//1570 1572//1572 1578//1578 
f 1568//1568 1575//1575 1576//1576 
f 1575//1575 1577//1577 1576//1576 
f 1578//1578 1577//1577 1575//1575 
f 1578//1578 1582//1582 1580//1580 
f 1578//1578 1572//1572 1582//1582 
f 1572//1572 1581//1581 1582//1582 
f 1576//1576 1515//1515 1571//1571 
f 1576//1576 1519//1519 1515//1515 
f 1576//1576 1579//1579 1519//1519 
f 1579//1579 1576//1576 1577//1577 
f 1579//1579 1577//1577 1578//1578 
f 1578//1578 1580//1580 1579//1579 
f 1581//1581 1574//1574 1526//1526 
f 1519//1519 1579//1579 1523//1523 
f 1580//1580 1523//1523 1579//1579 
f 1581//1581 1528//1528 1582//1582 
f 1582//1582 1528//1528 1580//1580 
f 1531//1531 1580//1580 1528//1528 
f 1619//1619 1586//1586 1584//1584 
f 1585//1585 1623//1623 1583//1583 
f 1584//1584 1587//1587 1583//1583 
f 1589//1589 1587//1587 1584//1584 
f 1592//1592 1583//1583 1587//1587 
f 1583//1583 1592//1592 1591//1591 
f 1588//1588 1540//1540 1586//1586 
f 1586//1586 1589//1589 1584//1584 
f 1540//1540 1589//1589 1586//1586 
f 1625//1625 1590//1590 1594//1594 
f 1591//1591 1592//1592 1593//1593 
f 1583//1583 1591//1591 1585//1585 
f 1585//1585 1591//1591 1593//1593 
f 1590//1590 1585//1585 1593//1593 
f 1587//1587 1539//1539 1592//1592 
f 1542//1542 1593//1593 1592//1592 
f 1594//1594 1590//1590 1595//1595 
f 1595//1595 1554//1554 1594//1594 
f 1587//1587 1589//1589 1543//1543 
f 1552//1552 1593//1593 1542//1542 
f 1590//1590 1593//1593 1595//1595 
f 1642//1642 1596//1596 1588//1588 
f 1540//1540 1588//1588 1596//1596 
f 1642//1642 1597//1597 1596//1596 
f 1627//1627 1598//1598 1643//1643 
f 1643//1643 1601//1601 1597//1597 
f 1598//1598 1601//1601 1643//1643 
f 1627//1627 1602//1602 1598//1598 
f 1601//1601 1598//1598 1602//1602 
f 1595//1595 1553//1553 1554//1554 
f 1600//1600 1606//1606 1632//1632 
f 1606//1606 1611//1611 1607//1607 
f 1604//1604 1560//1560 1602//1602 
f 1629//1629 1608//1608 1604//1604 
f 1629//1629 1609//1609 1608//1608 
f 1560//1560 1559//1559 1551//1551 
f 1604//1604 1610//1610 1560//1560 
f 1610//1610 1604//1604 1608//1608 
f 1554//1554 1605//1605 1599//1599 
f 1600//1600 1599//1599 1605//1605 
f 1600//1600 1605//1605 1606//1606 
f 1607//1607 1611//1611 1603//1603 
f 1608//1608 1612//1612 1610//1610 
f 1612//1612 1608//1608 1609//1609 
f 1609//1609 1603//1603 1613//1613 
f 1609//1609 1613//1613 1612//1612 
f 1613//1613 1603//1603 1572//1572 
f 1572//1572 1603//1603 1611//1611 
f 1566//1566 1610//1610 1612//1612 
f 1613//1613 1570//1570 1612//1612 
f 1570//1570 1566//1566 1612//1612 
f 1570//1570 1613//1613 1572//1572 
f 1611//1611 1606//1606 1614//1614 
f 1641//1641 1616//1616 1638//1638 
f 1638//1638 1616//1616 1639//1639 
f 1641//1641 1615//1615 1618//1618 
f 1617//1617 1616//1616 1641//1641 
f 1618//1618 1617//1617 1641//1641 
f 1616//1616 1617//1617 1622//1622 
f 1622//1622 1647//1647 1616//1616 
f 1647//1647 1639//1639 1616//1616 
f 1647//1647 1622//1622 1625//1625 
f 1620//1620 1583//1583 1618//1618 
f 1617//1617 1618//1618 1583//1583 
f 1615//1615 1620//1620 1618//1618 
f 1620//1620 1615//1615 1637//1637 
f 1625//1625 1648//1648 1647//1647 
f 1637//1637 1619//1619 1620//1620 
f 1622//1622 1617//1617 1621//1621 
f 1619//1619 1584//1584 1620//1620 
f 1584//1584 1583//1583 1620//1620 
f 1623//1623 1617//1617 1583//1583 
f 1623//1623 1621//1621 1617//1617 
f 1619//1619 1588//1588 1586//1586 
f 1644//1644 1627//1627 1643//1643 
f 1643//1643 1597//1597 1642//1642 
f 1649//1649 1628//1628 1627//1627 
f 1648//1648 1625//1625 1626//1626 
f 1621//1621 1623//1623 1624//1624 
f 1621//1621 1624//1624 1622//1622 
f 1622//1622 1624//1624 1625//1625 
f 1624//1624 1585//1585 1590//1590 
f 1624//1624 1623//1623 1585//1585 
f 1624//1624 1590//1590 1625//1625 
f 1628//1628 1602//1602 1627//1627 
f 1602//1602 1628//1628 1604//1604 
f 1626//1626 1625//1625 1594//1594 
f 1600//1600 1678//1678 1650//1650 
f 1632//1632 1678//1678 1600//1600 
f 1626//1626 1594//1594 1554//1554 
f 1599//1599 1626//1626 1554//1554 
f 1626//1626 1599//1599 1650//1650 
f 1650//1650 1599//1599 1600//1600 
f 1653//1653 1630//1630 1631//1631 
f 1631//1631 1629//1629 1653//1653 
f 1629//1629 1604//1604 1628//1628 
f 1629//1629 1631//1631 1609//1609 
f 1609//1609 1631//1631 1603//1603 
f 1631//1631 1630//1630 1603//1603 
f 1630//1630 1632//1632 1607//1607 
f 1630//1630 1607//1607 1603//1603 
f 1632//1632 1606//1606 1607//1607 
f 1655//1655 1654//1654 1635//1635 
f 1660//1660 1655//1655 1635//1635 
f 1636//1636 1660//1660 1635//1635 
f 1636//1636 1661//1661 1660//1660 
f 1661//1661 1636//1636 1634//1634 
f 1661//1661 1634//1634 1670//1670 
f 1633//1633 1619//1619 1657//1657 
f 1666//1666 1643//1643 1642//1642 
f 1634//1634 1636//1636 1638//1638 
f 1634//1634 1638//1638 1670//1670 
f 1670//1670 1638//1638 1639//1639 
f 1670//1670 1639//1639 1640//1640 
f 1641//1641 1635//1635 1615//1615 
f 1637//1637 1654//1654 1657//1657 
f 1619//1619 1637//1637 1657//1657 
f 1635//1635 1654//1654 1615//1615 
f 1654//1654 1637//1637 1615//1615 
f 1635//1635 1641//1641 1636//1636 
f 1638//1638 1636//1636 1641//1641 
f 1588//1588 1619//1619 1633//1633 
f 1642//1642 1588//1588 1633//1633 
f 1669//1669 1644//1644 1666//1666 
f 1666//1666 1644//1644 1643//1643 
f 1672//1672 1640//1640 1646//1646 
f 1645//1645 1672//1672 1646//1646 
f 1648//1648 1646//1646 1640//1640 
f 1678//1678 1645//1645 1646//1646 
f 1639//1639 1647//1647 1640//1640 
f 1640//1640 1647//1647 1648//1648 
f 1676//1676 1627//1627 1644//1644 
f 1649//1649 1676//1676 1677//1677 
f 1653//1653 1649//1649 1677//1677 
f 1676//1676 1649//1649 1627//1627 
f 1629//1629 1628//1628 1649//1649 
f 1653//1653 1629//1629 1649//1649 
f 1648//1648 1626//1626 1646//1646 
f 1646//1646 1626//1626 1650//1650 
f 1678//1678 1646//1646 1650//1650 
f 1674//1674 1678//1678 1651//1651 
f 1632//1632 1651//1651 1678//1678 
f 1675//1675 1674//1674 1651//1651 
f 1652//1652 1651//1651 1632//1632 
f 1679//1679 1651//1651 1652//1652 
f 1679//1679 1652//1652 1653//1653 
f 1653//1653 1652//1652 1630//1630 
f 1630//1630 1652//1652 1632//1632 
f 1682//1682 1655//1655 1683//1683 
f 1656//1656 1683//1683 1655//1655 
f 1682//1682 1654//1654 1655//1655 
f 1633//1633 1657//1657 1712//1712 
f 1658//1658 1633//1633 1712//1712 
f 1658//1658 1642//1642 1633//1633 
f 1658//1658 1666//1666 1642//1642 
f 1692//1692 1664//1664 1667//1667 
f 1659//1659 1662//1662 1686//1686 
f 1686//1686 1662//1662 1671//1671 
f 1660//1660 1656//1656 1655//1655 
f 1656//1656 1660//1660 1661//1661 
f 1659//1659 1656//1656 1661//1661 
f 1662//1662 1659//1659 1661//1661 
f 1662//1662 1661//1661 1670//1670 
f 1662//1662 1670//1670 1671//1671 
f 1693//1693 1671//1671 1672//1672 
f 1693//1693 1672//1672 1663//1663 
f 1666//1666 1692//1692 1667//1667 
f 1668//1668 1664//1664 1694//1694 
f 1667//1667 1669//1669 1666//1666 
f 1664//1664 1669//1669 1667//1667 
f 1664//1664 1668//1668 1669//1669 
f 1677//1677 1668//1668 1665//1665 
f 1665//1665 1668//1668 1694//1694 
f 1671//1671 1670//1670 1640//1640 
f 1671//1671 1640//1640 1672//1672 
f 1672//1672 1645//1645 1663//1663 
f 1673//1673 1663//1663 1645//1645 
f 1673//1673 1645//1645 1678//1678 
f 1674//1674 1673//1673 1678//1678 
f 1668//1668 1676//1676 1669//1669 
f 1679//1679 1675//1675 1651//1651 
f 1679//1679 1665//1665 1675//1675 
f 1669//1669 1676//1676 1644//1644 
f 1677//1677 1676//1676 1668//1668 
f 1677//1677 1665//1665 1679//1679 
f 1653//1653 1677//1677 1679//1679 
f 1657//1657 1654//1654 1680//1680 
f 1680//1680 1682//1682 1696//1696 
f 1682//1682 1680//1680 1654//1654 
f 1696//1696 1682//1682 1697//1697 
f 1683//1683 1697//1697 1682//1682 
f 1681//1681 1683//1683 1684//1684 
f 1683//1683 1699//1699 1697//1697 
f 1699//1699 1683//1683 1681//1681 
f 1685//1685 1681//1681 1684//1684 
f 1700//1700 1658//1658 1712//1712 
f 1700//1700 1691//1691 1658//1658 
f 1704//1704 1691//1691 1700//1700 
f 1704//1704 1692//1692 1691//1691 
f 1704//1704 1701//1701 1692//1692 
f 1706//1706 1692//1692 1701//1701 
f 1705//1705 1706//1706 1701//1701 
f 1691//1691 1666//1666 1658//1658 
f 1656//1656 1684//1684 1683//1683 
f 1684//1684 1656//1656 1659//1659 
f 1685//1685 1684//1684 1659//1659 
f 1685//1685 1659//1659 1686//1686 
f 1688//1688 1663//1663 1689//1689 
f 1690//1690 1674//1674 1675//1675 
f 1689//1689 1674//1674 1690//1690 
f 1708//1708 1694//1694 1706//1706 
f 1707//1707 1690//1690 1675//1675 
f 1691//1691 1692//1692 1666//1666 
f 1706//1706 1664//1664 1692//1692 
f 1664//1664 1706//1706 1694//1694 
f 1687//1687 1686//1686 1671//1671 
f 1693//1693 1687//1687 1671//1671 
f 1687//1687 1693//1693 1688//1688 
f 1663//1663 1688//1688 1693//1693 
f 1663//1663 1673//1673 1689//1689 
f 1674//1674 1689//1689 1673//1673 
f 1665//1665 1694//1694 1709//1709 
f 1709//1709 1675//1675 1665//1665 
f 1715//1715 1697//1697 1699//1699 
f 1699//1699 1720//1720 1715//1715 
f 1680//1680 1696//1696 1717//1717 
f 1698//1698 1717//1717 1712//1712 
f 1728//1728 1700//1700 1712//1712 
f 1700//1700 1718//1718 1704//1704 
f 1695//1695 1720//1720 1699//1699 
f 1713//1713 1695//1695 1721//1721 
f 1698//1698 1680//1680 1717//1717 
f 1680//1680 1698//1698 1657//1657 
f 1657//1657 1698//1698 1712//1712 
f 1705//1705 1701//1701 1718//1718 
f 1718//1718 1701//1701 1704//1704 
f 1695//1695 1703//1703 1721//1721 
f 1687//1687 1721//1721 1703//1703 
f 1687//1687 1702//1702 1721//1721 
f 1695//1695 1699//1699 1681//1681 
f 1695//1695 1681//1681 1703//1703 
f 1688//1688 1702//1702 1687//1687 
f 1702//1702 1688//1688 1747//1747 
f 1747//1747 1688//1688 1689//1689 
f 1681//1681 1685//1685 1703//1703 
f 1685//1685 1686//1686 1703//1703 
f 1703//1703 1686//1686 1687//1687 
f 1706//1706 1705//1705 1722//1722 
f 1722//1722 1708//1708 1706//1706 
f 1722//1722 1709//1709 1708//1708 
f 1675//1675 1709//1709 1707//1707 
f 1709//1709 1694//1694 1708//1708 
f 1715//1715 1710//1710 1711//1711 
f 1710//1710 1726//1726 1711//1711 
f 1710//1710 1715//1715 1725//1725 
f 1715//1715 1716//1716 1725//1725 
f 1724//1724 1726//1726 1710//1710 
f 1710//1710 1725//1725 1724//1724 
f 1727//1727 1712//1712 1717//1717 
f 1727//1727 1717//1717 1711//1711 
f 1727//1727 1711//1711 1726//1726 
f 1711//1711 1714//1714 1715//1715 
f 1697//1697 1714//1714 1696//1696 
f 1711//1711 1696//1696 1714//1714 
f 1711//1711 1717//1717 1696//1696 
f 1714//1714 1697//1697 1715//1715 
f 1715//1715 1720//1720 1716//1716 
f 1745//1745 1718//1718 1700//1700 
f 1745//1745 1700//1700 1728//1728 
f 1719//1719 1705//1705 1718//1718 
f 1705//1705 1719//1719 1732//1732 
f 1722//1722 1705//1705 1732//1732 
f 1716//1716 1720//1720 1695//1695 
f 1716//1716 1695//1695 1713//1713 
f 1747//1747 1740//1740 1702//1702 
f 1713//1713 1721//1721 1740//1740 
f 1740//1740 1721//1721 1702//1702 
f 1690//1690 1731//1731 1689//1689 
f 1731//1731 1690//1690 1707//1707 
f 1731//1731 1707//1707 1723//1723 
f 1707//1707 1709//1709 1723//1723 
f 1709//1709 1722//1722 1723//1723 
f 1713//1713 1737//1737 1716//1716 
f 1737//1737 1725//1725 1716//1716 
f 1740//1740 1737//1737 1713//1713 
f 1730//1730 1718//1718 1745//1745 
f 1731//1731 1733//1733 1749//1749 
f 1749//1749 1733//1733 1734//1734 
f 1730//1730 1719//1719 1718//1718 
f 1730//1730 1729//1729 1719//1719 
f 1731//1731 1747//1747 1689//1689 
f 1732//1732 1719//1719 1729//1729 
f 1732//1732 1734//1734 1722//1722 
f 1734//1734 1733//1733 1723//1723 
f 1734//1734 1723//1723 1722//1722 
f 1723//1723 1733//1733 1731//1731 
f 1750//1750 1736//1736 1754//1754 
f 1754//1754 1736//1736 1735//1735 
f 1754//1754 1735//1735 1724//1724 
f 1754//1754 1724//1724 1725//1725 
f 1725//1725 1755//1755 1754//1754 
f 1737//1737 1755//1755 1725//1725 
f 1736//1736 1726//1726 1724//1724 
f 1736//1736 1727//1727 1726//1726 
f 1735//1735 1736//1736 1724//1724 
f 1756//1756 1738//1738 1762//1762 
f 1756//1756 1737//1737 1738//1738 
f 1737//1737 1740//1740 1738//1738 
f 1738//1738 1739//1739 1762//1762 
f 1739//1739 1738//1738 1741//1741 
f 1741//1741 1738//1738 1740//1740 
f 1739//1739 1741//1741 1763//1763 
f 1764//1764 1763//1763 1741//1741 
f 1747//1747 1764//1764 1741//1741 
f 1757//1757 1764//1764 1747//1747 
f 1765//1765 1746//1746 1761//1761 
f 1742//1742 1746//1746 1765//1765 
f 1743//1743 1742//1742 1758//1758 
f 1742//1742 1765//1765 1758//1758 
f 1746//1746 1745//1745 1761//1761 
f 1745//1745 1746//1746 1730//1730 
f 1746//1746 1742//1742 1730//1730 
f 1742//1742 1729//1729 1730//1730 
f 1743//1743 1729//1729 1742//1742 
f 1743//1743 1732//1732 1729//1729 
f 1741//1741 1740//1740 1747//1747 
f 1749//1749 1759//1759 1757//1757 
f 1749//1749 1744//1744 1759//1759 
f 1757//1757 1747//1747 1748//1748 
f 1731//1731 1748//1748 1747//1747 
f 1749//1749 1757//1757 1748//1748 
f 1731//1731 1749//1749 1748//1748 
f 1749//1749 1734//1734 1744//1744 
f 1744//1744 1734//1734 1732//1732 
f 1732//1732 1743//1743 1744//1744 
f 1773//1773 1755//1755 1756//1756 
f 1779//1779 1754//1754 1773//1773 
f 1750//1750 1754//1754 1779//1779 
f 1754//1754 1755//1755 1773//1773 
f 1752//1752 1750//1750 1760//1760 
f 1750//1750 1752//1752 1736//1736 
f 1752//1752 1751//1751 1727//1727 
f 1751//1751 1712//1712 1727//1727 
f 1736//1736 1752//1752 1727//1727 
f 1760//1760 1751//1751 1752//1752 
f 1712//1712 1751//1751 1728//1728 
f 1753//1753 1728//1728 1751//1751 
f 1745//1745 1728//1728 1753//1753 
f 1761//1761 1745//1745 1753//1753 
f 1755//1755 1737//1737 1756//1756 
f 1763//1763 1762//1762 1739//1739 
f 1743//1743 1758//1758 1766//1766 
f 1766//1766 1759//1759 1744//1744 
f 1766//1766 1744//1744 1743//1743 
f 1760//1760 1750//1750 1779//1779 
f 1767//1767 1751//1751 1760//1760 
f 1768//1768 1751//1751 1767//1767 
f 1753//1753 1751//1751 1768//1768 
f 1761//1761 1753//1753 1768//1768 
f 1775//1775 1765//1765 1761//1761 
f 1769//1769 1765//1765 1775//1775 
f 1762//1762 1777//1777 1756//1756 
f 1777//1777 1773//1773 1756//1756 
f 1782//1782 1768//1768 1767//1767 
f 1777//1777 1762//1762 1774//1774 
f 1763//1763 1774//1774 1762//1762 
f 1761//1761 1768//1768 1775//1775 
f 1771//1771 1770//1770 1766//1766 
f 1770//1770 1772//1772 1759//1759 
f 1770//1770 1759//1759 1766//1766 
f 1758//1758 1769//1769 1771//1771 
f 1758//1758 1765//1765 1769//1769 
f 1758//1758 1771//1771 1766//1766 
f 1772//1772 1783//1783 1764//1764 
f 1772//1772 1757//1757 1759//1759 
f 1757//1757 1772//1772 1764//1764 
f 1760//1760 1781//1781 1767//1767 
f 1780//1780 1773//1773 1777//1777 
f 1794//1794 1777//1777 1774//1774 
f 1781//1781 1782//1782 1767//1767 
f 1776//1776 1769//1769 1775//1775 
f 1768//1768 1782//1782 1775//1775 
f 1778//1778 1774//1774 1763//1763 
f 1764//1764 1778//1778 1763//1763 
f 1783//1783 1778//1778 1764//1764 
f 1801//1801 1803//1803 1781//1781 
f 1780//1780 1790//1790 1789//1789 
f 1801//1801 1779//1779 1789//1789 
f 1779//1779 1801//1801 1781//1781 
f 1789//1789 1773//1773 1780//1780 
f 1773//1773 1789//1789 1779//1779 
f 2228//2228 1780//1780 1793//1793 
f 1803//1803 1782//1782 1781//1781 
f 1782//1782 1803//1803 1788//1788 
f 1781//1781 1760//1760 1779//1779 
f 1782//1782 1788//1788 1791//1791 
f 1791//1791 1792//1792 1775//1775 
f 1782//1782 1791//1791 1775//1775 
f 1794//1794 1778//1778 1808//1808 
f 1808//1808 1778//1778 1783//1783 
f 1777//1777 1793//1793 1780//1780 
f 1793//1793 1777//1777 1794//1794 
f 1778//1778 1794//1794 1774//1774 
f 1792//1792 1776//1776 1775//1775 
f 1792//1792 1784//1784 1776//1776 
f 1797//1797 1784//1784 1792//1792 
f 1795//1795 1796//1796 1786//1786 
f 1784//1784 1769//1769 1776//1776 
f 1769//1769 1784//1784 1785//1785 
f 1771//1771 1785//1785 1786//1786 
f 1771//1771 1769//1769 1785//1785 
f 1785//1785 1797//1797 1795//1795 
f 1784//1784 1797//1797 1785//1785 
f 1785//1785 1795//1795 1786//1786 
f 1787//1787 1796//1796 1798//1798 
f 1772//1772 1770//1770 1787//1787 
f 1772//1772 1798//1798 1783//1783 
f 1796//1796 1787//1787 1786//1786 
f 1787//1787 1770//1770 1786//1786 
f 1786//1786 1770//1770 1771//1771 
f 1772//1772 1787//1787 1798//1798 
f 1790//1790 1802//1802 1789//1789 
f 1790//1790 1799//1799 1802//1802 
f 1804//1804 2229//2229 2228//2228 
f 1794//1794 2230//2230 1793//1793 
f 1788//1788 1805//1805 1791//1791 
f 1791//1791 1805//1805 1810//1810 
f 1810//1810 1792//1792 1791//1791 
f 1811//1811 1814//1814 1796//1796 
f 1804//1804 2228//2228 1793//1793 
f 1798//1798 1815//1815 1783//1783 
f 1811//1811 1797//1797 1810//1810 
f 1810//1810 1797//1797 1792//1792 
f 1795//1795 1797//1797 1811//1811 
f 1811//1811 1796//1796 1795//1795 
f 1804//1804 1823//1823 2229//2229 
f 2231//2231 2230//2230 1800//1800 
f 2230//2230 1794//1794 1800//1800 
f 1834//1834 1800//1800 1794//1794 
f 1802//1802 1825//1825 1789//1789 
f 1825//1825 1803//1803 1801//1801 
f 1825//1825 1801//1801 1789//1789 
f 1806//1806 1807//1807 1832//1832 
f 1829//1829 1805//1805 1788//1788 
f 1832//1832 1810//1810 1805//1805 
f 1810//1810 1832//1832 1807//1807 
f 1807//1807 1811//1811 1810//1810 
f 1806//1806 1811//1811 1807//1807 
f 1806//1806 1809//1809 1811//1811 
f 1834//1834 1794//1794 1808//1808 
f 1834//1834 1808//1808 1835//1835 
f 1835//1835 1808//1808 1815//1815 
f 1815//1815 1839//1839 1835//1835 
f 1783//1783 1815//1815 1808//1808 
f 1814//1814 1811//1811 1809//1809 
f 1809//1809 1812//1812 1814//1814 
f 1812//1812 1798//1798 1796//1796 
f 1812//1812 1813//1813 1798//1798 
f 1815//1815 1798//1798 1813//1813 
f 1796//1796 1814//1814 1812//1812 
f 1842//1842 1818//1818 1816//1816 
f 1817//1817 1822//1822 1819//1819 
f 1817//1817 1824//1824 1822//1822 
f 1816//1816 1824//1824 1817//1817 
f 1824//1824 1816//1816 1818//1818 
f 1842//1842 1820//1820 1818//1818 
f 1848//1848 1829//1829 1820//1820 
f 1860//1860 1829//1829 1848//1848 
f 1818//1818 1820//1820 1825//1825 
f 1818//1818 1825//1825 1824//1824 
f 1827//1827 1826//1826 1860//1860 
f 1826//1826 1829//1829 1860//1860 
f 1847//1847 1819//1819 1821//1821 
f 1819//1819 1822//1822 1821//1821 
f 1847//1847 2231//2231 1853//1853 
f 1800//1800 1853//1853 2231//2231 
f 1824//1824 1799//1799 1822//1822 
f 1821//1821 1822//1822 1799//1799 
f 1847//1847 1821//1821 1823//1823 
f 1825//1825 1802//1802 1824//1824 
f 1799//1799 1824//1824 1802//1802 
f 1823//1823 1821//1821 2229//2229 
f 1800//1800 1834//1834 1853//1853 
f 1853//1853 1834//1834 1851//1851 
f 1803//1803 1825//1825 1820//1820 
f 1833//1833 1855//1855 1851//1851 
f 1820//1820 1788//1788 1803//1803 
f 1829//1829 1788//1788 1820//1820 
f 1826//1826 1827//1827 1832//1832 
f 1827//1827 1830//1830 1832//1832 
f 1863//1863 1836//1836 1828//1828 
f 1833//1833 1836//1836 1863//1863 
f 1830//1830 1827//1827 1862//1862 
f 1831//1831 1830//1830 1862//1862 
f 1828//1828 1836//1836 1831//1831 
f 1829//1829 1826//1826 1805//1805 
f 1826//1826 1832//1832 1805//1805 
f 1851//1851 1834//1834 1835//1835 
f 1851//1851 1835//1835 1833//1833 
f 1835//1835 1839//1839 1833//1833 
f 1839//1839 1838//1838 1836//1836 
f 1837//1837 1836//1836 1838//1838 
f 1839//1839 1836//1836 1833//1833 
f 1831//1831 1836//1836 1837//1837 
f 1838//1838 1839//1839 1813//1813 
f 1830//1830 1806//1806 1832//1832 
f 1806//1806 1830//1830 1831//1831 
f 1831//1831 1809//1809 1806//1806 
f 1838//1838 1812//1812 1809//1809 
f 1838//1838 1813//1813 1812//1812 
f 1831//1831 1837//1837 1809//1809 
f 1837//1837 1838//1838 1809//1809 
f 1813//1813 1839//1839 1815//1815 
f 1840//1840 1841//1841 1870//1870 
f 1875//1875 1879//1879 1842//1842 
f 1875//1875 1842//1842 1846//1846 
f 1846//1846 1840//1840 1875//1875 
f 1879//1879 1843//1843 1842//1842 
f 1841//1841 1844//1844 1872//1872 
f 1840//1840 1845//1845 1841//1841 
f 1845//1845 1840//1840 1846//1846 
f 1841//1841 1845//1845 1844//1844 
f 1845//1845 1817//1817 1844//1844 
f 1872//1872 1844//1844 1819//1819 
f 1869//1869 1872//1872 1819//1819 
f 1847//1847 1869//1869 1819//1819 
f 1846//1846 1816//1816 1845//1845 
f 1817//1817 1845//1845 1816//1816 
f 1816//1816 1846//1846 1842//1842 
f 1844//1844 1817//1817 1819//1819 
f 1847//1847 1853//1853 1882//1882 
f 1842//1842 1843//1843 1820//1820 
f 1848//1848 1820//1820 1843//1843 
f 1848//1848 1843//1843 1880//1880 
f 1880//1880 1849//1849 1848//1848 
f 1883//1883 1850//1850 1849//1849 
f 1883//1883 1849//1849 1880//1880 
f 1850//1850 1883//1883 1877//1877 
f 1856//1856 1850//1850 1884//1884 
f 1853//1853 1851//1851 1882//1882 
f 1858//1858 1855//1855 1864//1864 
f 1884//1884 1852//1852 1858//1858 
f 1856//1856 1884//1884 1858//1858 
f 1858//1858 1852//1852 1855//1855 
f 1849//1849 1860//1860 1848//1848 
f 1849//1849 1859//1859 1860//1860 
f 1850//1850 1859//1859 1849//1849 
f 1850//1850 1854//1854 1859//1859 
f 1856//1856 1857//1857 1854//1854 
f 1856//1856 1854//1854 1850//1850 
f 1864//1864 1857//1857 1858//1858 
f 1857//1857 1856//1856 1858//1858 
f 1859//1859 1827//1827 1860//1860 
f 1854//1854 1827//1827 1859//1859 
f 1864//1864 1862//1862 1857//1857 
f 1854//1854 1861//1861 1827//1827 
f 1862//1862 1861//1861 1857//1857 
f 1861//1861 1854//1854 1857//1857 
f 1862//1862 1827//1827 1861//1861 
f 1864//1864 1855//1855 1863//1863 
f 1833//1833 1863//1863 1855//1855 
f 1862//1862 1864//1864 1828//1828 
f 1864//1864 1863//1863 1828//1828 
f 1828//1828 1831//1831 1862//1862 
f 1865//1865 1871//1871 1870//1870 
f 1866//1866 1865//1865 1870//1870 
f 1866//1866 1872//1872 1867//1867 
f 1866//1866 1870//1870 1872//1872 
f 1869//1869 1867//1867 1872//1872 
f 1898//1898 1871//1871 1865//1865 
f 1868//1868 1871//1871 1901//1901 
f 1898//1898 1901//1901 1871//1871 
f 1904//1904 1868//1868 1901//1901 
f 1868//1868 1876//1876 1871//1871 
f 1868//1868 1904//1904 1876//1876 
f 1904//1904 1880//1880 1876//1876 
f 1904//1904 1905//1905 1880//1880 
f 1872//1872 1870//1870 1841//1841 
f 1895//1895 1869//1869 1873//1873 
f 1871//1871 1875//1875 1874//1874 
f 1870//1870 1871//1871 1874//1874 
f 1874//1874 1840//1840 1870//1870 
f 1875//1875 1871//1871 1876//1876 
f 1840//1840 1874//1874 1875//1875 
f 1876//1876 1879//1879 1875//1875 
f 1880//1880 1879//1879 1876//1876 
f 1905//1905 1883//1883 1880//1880 
f 1882//1882 1910//1910 1873//1873 
f 1910//1910 1882//1882 1909//1909 
f 1909//1909 1882//1882 1881//1881 
f 1880//1880 1843//1843 1879//1879 
f 1869//1869 1847//1847 1873//1873 
f 1873//1873 1847//1847 1882//1882 
f 1881//1881 1852//1852 1878//1878 
f 1855//1855 1852//1852 1881//1881 
f 1877//1877 1884//1884 1850//1850 
f 1884//1884 1877//1877 1878//1878 
f 1878//1878 1852//1852 1884//1884 
f 1855//1855 1881//1881 1882//1882 
f 1851//1851 1855//1855 1882//1882 
f 1885//1885 1894//1894 1891//1891 
f 1886//1886 1885//1885 1891//1891 
f 1894//1894 1885//1885 1887//1887 
f 1886//1886 1916//1916 1885//1885 
f 1894//1894 1887//1887 1889//1889 
f 1887//1887 1888//1888 1889//1889 
f 1888//1888 1887//1887 1920//1920 
f 1920//1920 1924//1924 1888//1888 
f 1889//1889 1890//1890 1898//1898 
f 1896//1896 1889//1889 1898//1898 
f 1889//1889 1888//1888 1890//1890 
f 1888//1888 1899//1899 1890//1890 
f 1899//1899 1888//1888 1924//1924 
f 1919//1919 1886//1886 1892//1892 
f 1886//1886 1891//1891 1892//1892 
f 1891//1891 1897//1897 1892//1892 
f 1893//1893 1919//1919 1892//1892 
f 1893//1893 1892//1892 1897//1897 
f 1927//1927 1919//1919 1893//1893 
f 1893//1893 1895//1895 1927//1927 
f 1891//1891 1896//1896 1897//1897 
f 1896//1896 1891//1891 1894//1894 
f 1889//1889 1896//1896 1894//1894 
f 1895//1895 1893//1893 1869//1869 
f 1896//1896 1865//1865 1866//1866 
f 1867//1867 1897//1897 1866//1866 
f 1897//1897 1896//1896 1866//1866 
f 1897//1897 1867//1867 1893//1893 
f 1893//1893 1867//1867 1869//1869 
f 1899//1899 1898//1898 1890//1890 
f 1930//1930 1895//1895 1873//1873 
f 1898//1898 1865//1865 1896//1896 
f 1901//1901 1898//1898 1899//1899 
f 1904//1904 1901//1901 1899//1899 
f 1899//1899 1900//1900 1904//1904 
f 1900//1900 1905//1905 1904//1904 
f 1924//1924 1900//1900 1899//1899 
f 1902//1902 1925//1925 1932//1932 
f 1903//1903 1931//1931 1908//1908 
f 1905//1905 1925//1925 1902//1902 
f 1902//1902 1907//1907 1905//1905 
f 2232//2232 1903//1903 1906//1906 
f 1907//1907 1902//1902 1906//1906 
f 1903//1903 1911//1911 1906//1906 
f 1907//1907 1883//1883 1905//1905 
f 1883//1883 1907//1907 1877//1877 
f 1877//1877 1907//1907 1906//1906 
f 1930//1930 1873//1873 1908//1908 
f 1908//1908 1873//1873 1910//1910 
f 1910//1910 1909//1909 1908//1908 
f 1903//1903 1909//1909 1911//1911 
f 1909//1909 1903//1903 1908//1908 
f 1906//1906 1911//1911 1878//1878 
f 1906//1906 1878//1878 1877//1877 
f 1909//1909 1881//1881 1911//1911 
f 1911//1911 1881//1881 1878//1878 
f 1914//1914 1939//1939 1912//1912 
f 1913//1913 1939//1939 1914//1914 
f 1939//1939 1913//1913 1941//1941 
f 1941//1941 1913//1913 1943//1943 
f 1915//1915 1943//1943 1913//1913 
f 1912//1912 1918//1918 1914//1914 
f 1919//1919 1914//1914 1918//1918 
f 1921//1921 1912//1912 1944//1944 
f 1919//1919 1913//1913 1914//1914 
f 1913//1913 1919//1919 1927//1927 
f 1934//1934 1922//1922 1945//1945 
f 1922//1922 1920//1920 1945//1945 
f 1921//1921 1944//1944 1945//1945 
f 1920//1920 1921//1921 1945//1945 
f 1915//1915 1913//1913 1927//1927 
f 1934//1934 1946//1946 1922//1922 
f 1946//1946 1952//1952 1922//1922 
f 1917//1917 1885//1885 1916//1916 
f 1918//1918 1917//1917 1916//1916 
f 1886//1886 1918//1918 1916//1916 
f 1918//1918 1912//1912 1917//1917 
f 1917//1917 1921//1921 1885//1885 
f 1885//1885 1921//1921 1887//1887 
f 1886//1886 1919//1919 1918//1918 
f 1917//1917 1912//1912 1921//1921 
f 1887//1887 1921//1921 1920//1920 
f 1952//1952 1923//1923 1922//1922 
f 1952//1952 1925//1925 1923//1923 
f 1922//1922 1924//1924 1920//1920 
f 1922//1922 1923//1923 1924//1924 
f 1924//1924 1923//1923 1900//1900 
f 1925//1925 1905//1905 1923//1923 
f 1926//1926 1953//1953 1932//1932 
f 1923//1923 1905//1905 1900//1900 
f 1895//1895 1915//1915 1927//1927 
f 1928//1928 1915//1915 1895//1895 
f 1915//1915 1928//1928 1947//1947 
f 1947//1947 1928//1928 1929//1929 
f 1929//1929 1928//1928 1930//1930 
f 1947//1947 1929//1929 1949//1949 
f 1928//1928 1895//1895 1930//1930 
f 1929//1929 1930//1930 1931//1931 
f 1931//1931 1954//1954 1929//1929 
f 1953//1953 1954//1954 1931//1931 
f 1908//1908 1931//1931 1930//1930 
f 1931//1931 2233//2233 1953//1953 
f 1932//1932 1925//1925 1926//1926 
f 2233//2233 1931//1931 1903//1903 
f 2232//2232 2233//2233 1903//1903 
f 1935//1935 1956//1956 1933//1933 
f 1966//1966 1956//1956 1935//1935 
f 1942//1942 1935//1935 1933//1933 
f 1933//1933 1945//1945 1942//1942 
f 1958//1958 1934//1934 1945//1945 
f 1933//1933 1958//1958 1945//1945 
f 1936//1936 1940//1940 1941//1941 
f 1936//1936 1935//1935 1940//1940 
f 1942//1942 1940//1940 1935//1935 
f 1936//1936 1938//1938 1966//1966 
f 1936//1936 1966//1966 1935//1935 
f 1941//1941 1938//1938 1936//1936 
f 1938//1938 1941//1941 1937//1937 
f 1939//1939 1940//1940 1912//1912 
f 1942//1942 1944//1944 1912//1912 
f 1940//1940 1939//1939 1941//1941 
f 1942//1942 1912//1912 1940//1940 
f 1937//1937 1941//1941 1943//1943 
f 1943//1943 1915//1915 1965//1965 
f 1947//1947 1965//1965 1915//1915 
f 1945//1945 1944//1944 1942//1942 
f 1951//1951 1948//1948 1970//1970 
f 1951//1951 1970//1970 1973//1973 
f 1950//1950 1952//1952 1946//1946 
f 1969//1969 1947//1947 1949//1949 
f 1973//1973 1969//1969 1949//1949 
f 1949//1949 1951//1951 1973//1973 
f 1954//1954 1951//1951 1949//1949 
f 1926//1926 1925//1925 1948//1948 
f 1952//1952 1950//1950 1948//1948 
f 1925//1925 1952//1952 1948//1948 
f 1929//1929 1954//1954 1949//1949 
f 1948//1948 1951//1951 1926//1926 
f 1951//1951 1954//1954 1953//1953 
f 1951//1951 1953//1953 1926//1926 
f 1957//1957 1956//1956 1978//1978 
f 1955//1955 1976//1976 1956//1956 
f 1963//1963 1977//1977 1955//1955 
f 1985//1985 1977//1977 1963//1963 
f 1961//1961 1956//1956 1966//1966 
f 1961//1961 1955//1955 1956//1956 
f 1956//1956 1957//1957 1933//1933 
f 1961//1961 1963//1963 1955//1955 
f 1979//1979 1959//1959 1957//1957 
f 1980//1980 1959//1959 1979//1979 
f 1958//1958 1959//1959 1934//1934 
f 1957//1957 1958//1958 1933//1933 
f 1957//1957 1959//1959 1958//1958 
f 1959//1959 1950//1950 1946//1946 
f 1982//1982 1960//1960 1950//1950 
f 1983//1983 1960//1960 1982//1982 
f 1982//1982 1950//1950 1959//1959 
f 1983//1983 1967//1967 1960//1960 
f 1959//1959 1946//1946 1934//1934 
f 1963//1963 1962//1962 1985//1985 
f 1962//1962 1964//1964 1985//1985 
f 1986//1986 1985//1985 1964//1964 
f 1938//1938 1961//1961 1966//1966 
f 1961//1961 1938//1938 1962//1962 
f 1937//1937 1962//1962 1938//1938 
f 1962//1962 1963//1963 1961//1961 
f 1962//1962 1937//1937 1964//1964 
f 1964//1964 1937//1937 1943//1943 
f 1964//1964 1943//1943 1965//1965 
f 1988//1988 1969//1969 1971//1971 
f 1971//1971 1990//1990 1988//1988 
f 1988//1988 1965//1965 1969//1969 
f 1971//1971 1968//1968 1990//1990 
f 1965//1965 1947//1947 1969//1969 
f 1969//1969 1973//1973 1971//1971 
f 1972//1972 1950//1950 1960//1960 
f 1972//1972 1960//1960 1967//1967 
f 1967//1967 1970//1970 1972//1972 
f 1970//1970 1968//1968 1973//1973 
f 1973//1973 1968//1968 1971//1971 
f 1968//1968 1970//1970 1967//1967 
f 1948//1948 1950//1950 1972//1972 
f 1972//1972 1970//1970 1948//1948 
f 1977//1977 1975//1975 1955//1955 
f 1975//1975 1992//1992 1991//1991 
f 1975//1975 1991//1991 1955//1955 
f 1974//1974 1992//1992 1975//1975 
f 1975//1975 1977//1977 1974//1974 
f 1974//1974 1977//1977 1985//1985 
f 1978//1978 1993//1993 1979//1979 
f 1978//1978 1956//1956 1976//1976 
f 1955//1955 1991//1991 1976//1976 
f 1978//1978 1976//1976 1991//1991 
f 1991//1991 1993//1993 1978//1978 
f 1978//1978 1979//1979 1957//1957 
f 1981//1981 1980//1980 1979//1979 
f 1999//1999 1982//1982 1980//1980 
f 1999//1999 1983//1983 1982//1982 
f 1998//1998 1999//1999 1980//1980 
f 2002//2002 1983//1983 1999//1999 
f 2001//2001 1984//1984 2002//2002 
f 1984//1984 1983//1983 2002//2002 
f 1990//1990 1984//1984 2001//2001 
f 1980//1980 1982//1982 1959//1959 
f 1983//1983 1984//1984 1967//1967 
f 1974//1974 1985//1985 1986//1986 
f 1994//1994 1974//1974 1986//1986 
f 1986//1986 1987//1987 1996//1996 
f 1965//1965 1986//1986 1964//1964 
f 1987//1987 1986//1986 1965//1965 
f 1987//1987 1965//1965 1988//1988 
f 1988//1988 1989//1989 1987//1987 
f 1989//1989 1990//1990 2001//2001 
f 1988//1988 1990//1990 1989//1989 
f 1990//1990 1968//1968 1984//1984 
f 1984//1984 1968//1968 1967//1967 
f 2011//2011 2009//2009 1992//1992 
f 2010//2010 1992//1992 1994//1994 
f 1992//1992 1974//1974 1994//1994 
f 1993//1993 1995//1995 1979//1979 
f 1979//1979 1995//1995 1981//1981 
f 1991//1991 2234//2234 1993//1993 
f 2009//2009 1991//1991 1992//1992 
f 1994//1994 1986//1986 2012//2012 
f 2012//2012 1986//1986 1996//1996 
f 2007//2007 1996//1996 1989//1989 
f 1995//1995 2004//2004 1981//1981 
f 2004//2004 1980//1980 1981//1981 
f 2001//2001 2007//2007 1989//1989 
f 1998//1998 1980//1980 2004//2004 
f 2001//2001 1997//1997 2007//2007 
f 2005//2005 2006//2006 2002//2002 
f 1997//1997 2001//2001 2006//2006 
f 2002//2002 2006//2006 2001//2001 
f 2000//2000 1998//1998 2005//2005 
f 1999//1999 1998//1998 2000//2000 
f 2002//2002 1999//1999 2000//2000 
f 2000//2000 2005//2005 2002//2002 
f 1996//1996 1987//1987 1989//1989 
f 2234//2234 2017//2017 1993//1993 
f 2235//2235 1994//1994 2012//2012 
f 1993//1993 2086//2086 1995//1995 
f 1993//1993 2017//2017 2086//2086 
f 1995//1995 2008//2008 2004//2004 
f 2006//2006 2005//2005 2015//2015 
f 1997//1997 2006//2006 2015//2015 
f 2008//2008 2003//2003 2004//2004 
f 2003//2003 1998//1998 2004//2004 
f 2018//2018 2008//2008 2086//2086 
f 2018//2018 2020//2020 2008//2008 
f 2086//2086 2008//2008 1995//1995 
f 2011//2011 2010//2010 2022//2022 
f 2011//2011 1992//1992 2010//2010 
f 2021//2021 2009//2009 2011//2011 
f 2021//2021 2011//2011 2022//2022 
f 2234//2234 2023//2023 2017//2017 
f 2012//2012 1996//1996 2026//2026 
f 1996//1996 2007//2007 2026//2026 
f 2008//2008 2020//2020 2003//2003 
f 2020//2020 2014//2014 2003//2003 
f 2007//2007 1997//1997 2034//2034 
f 2007//2007 2034//2034 2026//2026 
f 2005//2005 2014//2014 2013//2013 
f 2013//2013 2015//2015 2005//2005 
f 1997//1997 2033//2033 2034//2034 
f 2013//2013 2014//2014 2035//2035 
f 2015//2015 2013//2013 2035//2035 
f 1998//1998 2003//2003 2005//2005 
f 1997//1997 2015//2015 2033//2033 
f 2014//2014 2005//2005 2003//2003 
f 2016//2016 2023//2023 2100//2100 
f 2173//2173 2086//2086 2016//2016 
f 2016//2016 2086//2086 2017//2017 
f 2023//2023 2016//2016 2017//2017 
f 2018//2018 2019//2019 2020//2020 
f 2019//2019 2030//2030 2020//2020 
f 2241//2241 2024//2024 2101//2101 
f 2102//2102 2242//2242 2024//2024 
f 2097//2097 2241//2241 2101//2101 
f 2024//2024 2236//2236 2009//2009 
f 2021//2021 2024//2024 2009//2009 
f 2021//2021 2022//2022 2024//2024 
f 2241//2241 2236//2236 2024//2024 
f 2024//2024 2022//2022 2102//2102 
f 2102//2102 2022//2022 2025//2025 
f 2022//2022 2010//2010 2025//2025 
f 2025//2025 2235//2235 2104//2104 
f 2235//2235 2012//2012 2104//2104 
f 2026//2026 2104//2104 2012//2012 
f 2029//2029 2033//2033 2027//2027 
f 2033//2033 2029//2029 2034//2034 
f 2034//2034 2032//2032 2026//2026 
f 2031//2031 2027//2027 2028//2028 
f 2029//2029 2027//2027 2031//2031 
f 2034//2034 2029//2029 2032//2032 
f 2028//2028 2030//2030 2116//2116 
f 2116//2116 2031//2031 2028//2028 
f 2032//2032 2029//2029 2031//2031 
f 2030//2030 2014//2014 2020//2020 
f 2033//2033 2015//2015 2035//2035 
f 2028//2028 2014//2014 2030//2030 
f 2028//2028 2027//2027 2035//2035 
f 2014//2014 2028//2028 2035//2035 
f 2033//2033 2035//2035 2027//2027 
f 2036//2036 2049//2049 2052//2052 
f 2037//2037 2049//2049 2036//2036 
f 2037//2037 2036//2036 2038//2038 
f 2036//2036 2039//2039 2038//2038 
f 2062//2062 2037//2037 2040//2040 
f 2041//2041 2040//2040 2038//2038 
f 2040//2040 2037//2037 2038//2038 
f 2041//2041 2038//2038 2042//2042 
f 2038//2038 2039//2039 2042//2042 
f 2065//2065 2042//2042 2039//2039 
f 2062//2062 2043//2043 2067//2067 
f 2043//2043 2062//2062 2044//2044 
f 2044//2044 2062//2062 2040//2040 
f 2045//2045 2040//2040 2041//2041 
f 2044//2044 2040//2040 2045//2045 
f 2045//2045 2041//2041 2042//2042 
f 2046//2046 2045//2045 2042//2042 
f 2046//2046 2042//2042 2065//2065 
f 2069//2069 2046//2046 2065//2065 
f 2067//2067 2043//2043 2121//2121 
f 2121//2121 2043//2043 2117//2117 
f 2117//2117 2043//2043 2044//2044 
f 2118//2118 2044//2044 2045//2045 
f 2118//2118 2117//2117 2044//2044 
f 2118//2118 2045//2045 2046//2046 
f 2046//2046 2122//2122 2118//2118 
f 2122//2122 2046//2046 2069//2069 
f 2047//2047 2048//2048 2054//2054 
f 2049//2049 2055//2055 2050//2050 
f 2055//2055 2056//2056 2051//2051 
f 2050//2050 2055//2055 2051//2051 
f 2047//2047 2052//2052 2050//2050 
f 2052//2052 2049//2049 2050//2050 
f 2051//2051 2047//2047 2050//2050 
f 2048//2048 2047//2047 2051//2051 
f 2053//2053 2036//2036 2052//2052 
f 2047//2047 2054//2054 2052//2052 
f 2054//2054 2053//2053 2052//2052 
f 2048//2048 2073//2073 2054//2054 
f 2057//2057 2053//2053 2054//2054 
f 2057//2057 2054//2054 2073//2073 
f 2037//2037 2058//2058 2049//2049 
f 2058//2058 2064//2064 2055//2055 
f 2049//2049 2058//2058 2055//2055 
f 2055//2055 2064//2064 2056//2056 
f 2036//2036 2053//2053 2039//2039 
f 2039//2039 2053//2053 2059//2059 
f 2053//2053 2057//2057 2059//2059 
f 2059//2059 2057//2057 2060//2060 
f 2060//2060 2057//2057 2061//2061 
f 2057//2057 2073//2073 2061//2061 
f 2037//2037 2062//2062 2058//2058 
f 2058//2058 2062//2062 2063//2063 
f 2063//2063 2064//2064 2058//2058 
f 2064//2064 2144//2144 2056//2056 
f 2065//2065 2039//2039 2059//2059 
f 2066//2066 2065//2065 2059//2059 
f 2066//2066 2059//2059 2060//2060 
f 2060//2060 2061//2061 2072//2072 
f 2067//2067 2068//2068 2062//2062 
f 2062//2062 2068//2068 2063//2063 
f 2064//2064 2063//2063 2068//2068 
f 2065//2065 2070//2070 2069//2069 
f 2070//2070 2065//2065 2066//2066 
f 2070//2070 2066//2066 2071//2071 
f 2066//2066 2060//2060 2071//2071 
f 2060//2060 2072//2072 2071//2071 
f 2072//2072 2061//2061 2185//2185 
f 2121//2121 2119//2119 2067//2067 
f 2067//2067 2119//2119 2068//2068 
f 2068//2068 2120//2120 2064//2064 
f 2068//2068 2119//2119 2120//2120 
f 2070//2070 2123//2123 2069//2069 
f 2123//2123 2122//2122 2069//2069 
f 2123//2123 2070//2070 2071//2071 
f 2071//2071 2072//2072 2134//2134 
f 2051//2051 2074//2074 2048//2048 
f 2048//2048 2074//2074 2073//2073 
f 2056//2056 2074//2074 2051//2051 
f 2144//2144 2074//2074 2056//2056 
f 2144//2144 2076//2076 2074//2074 
f 2076//2076 2075//2075 2074//2074 
f 2074//2074 2075//2075 2073//2073 
f 2073//2073 2091//2091 2090//2090 
f 2073//2073 2075//2075 2091//2091 
f 2075//2075 2076//2076 2077//2077 
f 2076//2076 2153//2153 2077//2077 
f 2077//2077 2078//2078 2075//2075 
f 2075//2075 2078//2078 2091//2091 
f 2077//2077 2081//2081 2078//2078 
f 2081//2081 2079//2079 2078//2078 
f 2078//2078 2093//2093 2092//2092 
f 2078//2078 2079//2079 2093//2093 
f 2077//2077 2153//2153 2081//2081 
f 2079//2079 2081//2081 2080//2080 
f 2079//2079 2080//2080 2093//2093 
f 2081//2081 2153//2153 2165//2165 
f 2081//2081 2083//2083 2080//2080 
f 2080//2080 2083//2083 2082//2082 
f 2081//2081 2165//2165 2083//2083 
f 2173//2173 2083//2083 2165//2165 
f 2082//2082 2083//2083 2100//2100 
f 2100//2100 2083//2083 2016//2016 
f 2016//2016 2083//2083 2173//2173 
f 2173//2173 2177//2177 2084//2084 
f 2177//2177 2178//2178 2084//2084 
f 2173//2173 2084//2084 2086//2086 
f 2084//2084 2178//2178 2088//2088 
f 2178//2178 2085//2085 2088//2088 
f 2180//2180 2085//2085 2178//2178 
f 2107//2107 2085//2085 2180//2180 
f 2018//2018 2086//2086 2087//2087 
f 2087//2087 2086//2086 2084//2084 
f 2089//2089 2019//2019 2087//2087 
f 2019//2019 2018//2018 2087//2087 
f 2084//2084 2088//2088 2087//2087 
f 2088//2088 2089//2089 2087//2087 
f 2089//2089 2030//2030 2019//2019 
f 2114//2114 2030//2030 2089//2089 
f 2089//2089 2088//2088 2085//2085 
f 2114//2114 2089//2089 2085//2085 
f 2114//2114 2085//2085 2107//2107 
f 2061//2061 2073//2073 2090//2090 
f 2061//2061 2090//2090 2185//2185 
f 2185//2185 2090//2090 2184//2184 
f 2090//2090 2091//2091 2184//2184 
f 2091//2091 2078//2078 2092//2092 
f 2238//2238 2184//2184 2091//2091 
f 2188//2188 2184//2184 2238//2238 
f 2238//2238 2093//2093 2094//2094 
f 2188//2188 2238//2238 2094//2094 
f 2093//2093 2095//2095 2094//2094 
f 2188//2188 2094//2094 2189//2189 
f 2095//2095 2093//2093 2080//2080 
f 2080//2080 2097//2097 2095//2095 
f 2095//2095 2239//2239 2096//2096 
f 2094//2094 2095//2095 2096//2096 
f 2189//2189 2094//2094 2096//2096 
f 2097//2097 2080//2080 2237//2237 
f 2239//2239 2098//2098 2096//2096 
f 2240//2240 2103//2103 2099//2099 
f 2239//2239 2242//2242 2098//2098 
f 2237//2237 2241//2241 2097//2097 
f 2103//2103 2240//2240 2102//2102 
f 2202//2202 2201//2201 2106//2106 
f 2102//2102 2025//2025 2103//2103 
f 2103//2103 2025//2025 2104//2104 
f 2102//2102 2098//2098 2242//2242 
f 2099//2099 2103//2103 2106//2106 
f 2103//2103 2104//2104 2106//2106 
f 2106//2106 2104//2104 2111//2111 
f 2111//2111 2113//2113 2106//2106 
f 2108//2108 2115//2115 2107//2107 
f 2108//2108 2105//2105 2115//2115 
f 2115//2115 2105//2105 2110//2110 
f 2201//2201 2099//2099 2106//2106 
f 2113//2113 2110//2110 2105//2105 
f 2105//2105 2109//2109 2113//2113 
f 2113//2113 2109//2109 2106//2106 
f 2106//2106 2109//2109 2202//2202 
f 2109//2109 2108//2108 2200//2200 
f 2105//2105 2108//2108 2109//2109 
f 2111//2111 2026//2026 2032//2032 
f 2104//2104 2026//2026 2111//2111 
f 2110//2110 2031//2031 2112//2112 
f 2032//2032 2031//2031 2110//2110 
f 2113//2113 2032//2032 2110//2110 
f 2111//2111 2032//2032 2113//2113 
f 2114//2114 2115//2115 2112//2112 
f 2030//2030 2114//2114 2112//2112 
f 2110//2110 2112//2112 2115//2115 
f 2107//2107 2115//2115 2114//2114 
f 2116//2116 2030//2030 2112//2112 
f 2031//2031 2116//2116 2112//2112 
f 2125//2125 2121//2121 2117//2117 
f 2125//2125 2117//2117 2118//2118 
f 2129//2129 2118//2118 2122//2122 
f 2129//2129 2128//2128 2125//2125 
f 2118//2118 2129//2129 2125//2125 
f 2121//2121 2126//2126 2119//2119 
f 2119//2119 2124//2124 2120//2120 
f 2121//2121 2125//2125 2126//2126 
f 2129//2129 2122//2122 2131//2131 
f 2131//2131 2122//2122 2123//2123 
f 2133//2133 2131//2131 2123//2123 
f 2133//2133 2123//2123 2071//2071 
f 2134//2134 2133//2133 2071//2071 
f 2124//2124 2119//2119 2126//2126 
f 2127//2127 2124//2124 2126//2126 
f 2127//2127 2145//2145 2124//2124 
f 2126//2126 2125//2125 2128//2128 
f 2127//2127 2126//2126 2128//2128 
f 2128//2128 2129//2129 2130//2130 
f 2129//2129 2131//2131 2130//2130 
f 2130//2130 2132//2132 2136//2136 
f 2130//2130 2131//2131 2132//2132 
f 2133//2133 2132//2132 2131//2131 
f 2134//2134 2132//2132 2133//2133 
f 2139//2139 2132//2132 2134//2134 
f 2138//2138 2145//2145 2127//2127 
f 2127//2127 2128//2128 2135//2135 
f 2127//2127 2135//2135 2138//2138 
f 2136//2136 2135//2135 2128//2128 
f 2130//2130 2136//2136 2128//2128 
f 2135//2135 2136//2136 2137//2137 
f 2138//2138 2135//2135 2137//2137 
f 2136//2136 2132//2132 2137//2137 
f 2137//2137 2132//2132 2142//2142 
f 2139//2139 2142//2142 2132//2132 
f 2064//2064 2120//2120 2144//2144 
f 2124//2124 2145//2145 2120//2120 
f 2120//2120 2160//2160 2144//2144 
f 2142//2142 2139//2139 2143//2143 
f 2140//2140 2145//2145 2138//2138 
f 2138//2138 2137//2137 2141//2141 
f 2138//2138 2141//2141 2140//2140 
f 2141//2141 2137//2137 2142//2142 
f 2141//2141 2142//2142 2147//2147 
f 2142//2142 2143//2143 2147//2147 
f 2140//2140 2141//2141 2146//2146 
f 2146//2146 2141//2141 2147//2147 
f 2140//2140 2146//2146 2145//2145 
f 2147//2147 2143//2143 2149//2149 
f 2183//2183 2149//2149 2143//2143 
f 2151//2151 2145//2145 2146//2146 
f 2146//2146 2147//2147 2148//2148 
f 2148//2148 2147//2147 2149//2149 
f 2144//2144 2160//2160 2153//2153 
f 2160//2160 2173//2173 2153//2153 
f 2145//2145 2150//2150 2120//2120 
f 2120//2120 2150//2150 2160//2160 
f 2150//2150 2145//2145 2151//2151 
f 2154//2154 2150//2150 2151//2151 
f 2151//2151 2155//2155 2154//2154 
f 2146//2146 2155//2155 2151//2151 
f 2149//2149 2187//2187 2152//2152 
f 2148//2148 2149//2149 2152//2152 
f 2148//2148 2152//2152 2157//2157 
f 2157//2157 2146//2146 2148//2148 
f 2155//2155 2146//2146 2157//2157 
f 2076//2076 2144//2144 2153//2153 
f 2150//2150 2161//2161 2160//2160 
f 2161//2161 2150//2150 2154//2154 
f 2162//2162 2161//2161 2154//2154 
f 2156//2156 2154//2154 2155//2155 
f 2162//2162 2154//2154 2156//2156 
f 2155//2155 2158//2158 2156//2156 
f 2152//2152 2192//2192 2159//2159 
f 2187//2187 2192//2192 2152//2152 
f 2158//2158 2155//2155 2157//2157 
f 2157//2157 2152//2152 2159//2159 
f 2157//2157 2159//2159 2158//2158 
f 2158//2158 2159//2159 2164//2164 
f 2192//2192 2164//2164 2159//2159 
f 2166//2166 2173//2173 2160//2160 
f 2173//2173 2166//2166 2167//2167 
f 2160//2160 2161//2161 2166//2166 
f 2161//2161 2168//2168 2166//2166 
f 2161//2161 2162//2162 2168//2168 
f 2156//2156 2163//2163 2162//2162 
f 2158//2158 2163//2163 2156//2156 
f 2158//2158 2164//2164 2163//2163 
f 2153//2153 2173//2173 2165//2165 
f 2166//2166 2168//2168 2167//2167 
f 2168//2168 2169//2169 2167//2167 
f 2174//2174 2167//2167 2169//2169 
f 2175//2175 2174//2174 2169//2169 
f 2162//2162 2169//2169 2168//2168 
f 2162//2162 2171//2171 2169//2169 
f 2171//2171 2170//2170 2169//2169 
f 2175//2175 2169//2169 2170//2170 
f 2171//2171 2162//2162 2163//2163 
f 2172//2172 2170//2170 2171//2171 
f 2163//2163 2164//2164 2171//2171 
f 2171//2171 2164//2164 2172//2172 
f 2164//2164 2192//2192 2195//2195 
f 2164//2164 2195//2195 2172//2172 
f 2172//2172 2195//2195 2198//2198 
f 2167//2167 2177//2177 2173//2173 
f 2177//2177 2167//2167 2174//2174 
f 2175//2175 2177//2177 2174//2174 
f 2175//2175 2181//2181 2177//2177 
f 2182//2182 2181//2181 2175//2175 
f 2175//2175 2176//2176 2182//2182 
f 2176//2176 2197//2197 2182//2182 
f 2170//2170 2172//2172 2176//2176 
f 2170//2170 2176//2176 2175//2175 
f 2172//2172 2198//2198 2176//2176 
f 2176//2176 2198//2198 2197//2197 
f 2182//2182 2180//2180 2178//2178 
f 2179//2179 2177//2177 2181//2181 
f 2178//2178 2177//2177 2179//2179 
f 2181//2181 2182//2182 2179//2179 
f 2179//2179 2182//2182 2178//2178 
f 2182//2182 2203//2203 2180//2180 
f 2205//2205 2180//2180 2203//2203 
f 2203//2203 2182//2182 2197//2197 
f 2180//2180 2205//2205 2107//2107 
f 2134//2134 2072//2072 2183//2183 
f 2183//2183 2139//2139 2134//2134 
f 2183//2183 2143//2143 2139//2139 
f 2189//2189 2185//2185 2184//2184 
f 2186//2186 2183//2183 2072//2072 
f 2072//2072 2185//2185 2186//2186 
f 2187//2187 2149//2149 2183//2183 
f 2187//2187 2183//2183 2186//2186 
f 2187//2187 2186//2186 2191//2191 
f 2184//2184 2188//2188 2189//2189 
f 2186//2186 2185//2185 2190//2190 
f 2190//2190 2191//2191 2186//2186 
f 2192//2192 2187//2187 2191//2191 
f 2193//2193 2185//2185 2189//2189 
f 2190//2190 2185//2185 2193//2193 
f 2190//2190 2193//2193 2194//2194 
f 2194//2194 2191//2191 2190//2190 
f 2194//2194 2192//2192 2191//2191 
f 2199//2199 2192//2192 2194//2194 
f 2189//2189 2096//2096 2193//2193 
f 2194//2194 2196//2196 2199//2199 
f 2193//2193 2196//2196 2194//2194 
f 2195//2195 2199//2199 2198//2198 
f 2195//2195 2192//2192 2199//2199 
f 2096//2096 2240//2240 2193//2193 
f 2193//2193 2240//2240 2099//2099 
f 2193//2193 2099//2099 2196//2196 
f 2099//2099 2201//2201 2196//2196 
f 2204//2204 2201//2201 2202//2202 
f 2199//2199 2196//2196 2201//2201 
f 2204//2204 2199//2199 2201//2201 
f 2204//2204 2198//2198 2199//2199 
f 2198//2198 2204//2204 2197//2197 
f 2200//2200 2205//2205 2203//2203 
f 2200//2200 2204//2204 2202//2202 
f 2203//2203 2197//2197 2204//2204 
f 2200//2200 2203//2203 2204//2204 
f 2200//2200 2108//2108 2205//2205 
f 2205//2205 2108//2108 2107//2107 
f 2109//2109 2200//2200 2202//2202 
