#
# Compatibility version : 4.3
# File ID : FJ4275
# Representation ID : BP29196
# Build-up logic : FMA 3.0 is_a
# Concept ID : FMA45241
# English name : Medial cord of left brachial nerve plexus
# Bounds(mm): (53.209600,-91.088100,1330.279400)-(89.828400,-81.233500,1352.596600)
# Volume(cm3): 0.397100
#
v 53.3964 -82.8664 1349.95
v 53.2771 -82.9575 1350.55
v 53.2478 -82.8585 1350.84
v 53.3472 -83.1516 1350.76
v 53.3051 -82.9583 1351.05
v 53.3104 -82.769 1351.26
v 53.2967 -82.7607 1350.17
v 53.361 -82.6455 1349.96
v 53.3492 -82.3515 1350.05
v 53.2181 -82.661 1350.57
v 53.2299 -82.6614 1350.95
v 53.2481 -82.4572 1350.35
v 53.2156 -82.4548 1350.75
v 53.2577 -82.2517 1350.56
v 53.2525 -82.2547 1350.78
v 53.3355 -82.1635 1350.26
v 53.342 -82.0547 1350.46
v 53.3258 -82.0547 1350.75
v 53.3403 -82.0619 1350.96
v 53.2669 -82.4584 1351.14
v 53.3105 -82.255 1351.16
v 53.373 -82.4679 1351.46
v 53.8101 -83.5779 1349.96
v 54.0148 -83.8317 1350.15
v 54.274 -83.8364 1349.76
v 53.8109 -83.7196 1350.37
v 53.8011 -83.7306 1350.85
v 54.075 -83.943 1350.75
v 54.0034 -83.8773 1350.97
v 54.1074 -83.9414 1350.37
v 53.8129 -83.6529 1351.25
v 53.999 -83.6254 1351.64
v 54.1045 -83.8481 1351.34
v 53.8093 -82.945 1349.36
v 54.2817 -83.05 1349.02
v 54.4377 -83.4225 1349.08
v 53.4164 -83.1424 1350.17
v 53.5486 -83.2464 1349.96
v 53.58 -82.9696 1349.66
v 53.7179 -83.2604 1349.67
v 53.8277 -83.1583 1349.45
v 54.1251 -83.5095 1349.46
v 53.4097 -83.2504 1350.46
v 53.5605 -83.4448 1350.34
v 53.5321 -83.4527 1350.65
v 53.5032 -83.3539 1351.06
v 53.4283 -83.0607 1351.35
v 53.4462 -82.8494 1351.56
v 53.6128 -83.1484 1351.65
v 53.7019 -83.4377 1351.46
v 53.8087 -83.3566 1351.75
v 53.6302 -82.8635 1351.85
v 53.7653 -83.1574 1351.86
v 53.9904 -83.4472 1351.86
v 53.9031 -82.9519 1352.12
v 54.1017 -83.2484 1352.13
v 54.1247 -83.0575 1352.25
v 54.1075 -82.8511 1352.3
v 53.8219 -82.4506 1349.33
v 54.1736 -82.7453 1349.05
v 53.9158 -82.1558 1349.36
v 54.5212 -82.5883 1348.84
v 54.3797 -82.3284 1349
v 53.4139 -82.1476 1350.05
v 53.5978 -82.748 1349.56
v 53.5144 -82.4483 1349.69
v 53.5468 -82.1653 1349.77
v 53.7065 -82.1607 1349.56
v 53.4588 -82.2547 1351.55
v 53.419 -82.0546 1351.26
v 53.5236 -82.6548 1351.75
v 53.5341 -82.4519 1351.75
v 53.5863 -82.2542 1351.76
v 53.6136 -82.0541 1351.65
v 53.6804 -82.6545 1351.96
v 53.7816 -82.551 1352.06
v 53.7076 -82.3632 1351.95
v 53.8009 -82.1479 1351.95
v 53.9024 -82.7472 1352.17
v 53.9067 -82.3541 1352.14
v 54.0125 -82.5602 1352.25
v 54.0104 -82.1451 1352.13
v 54.1218 -81.9576 1349.35
v 53.621 -81.9594 1349.86
v 53.7057 -81.7362 1350.07
v 53.8917 -81.7557 1349.76
v 53.9016 -81.9549 1349.52
v 53.9149 -81.5871 1350.05
v 54.1065 -81.7617 1349.56
v 53.4481 -81.9528 1350.25
v 53.4524 -81.859 1350.57
v 53.4685 -81.8573 1350.96
v 53.6052 -81.7054 1350.45
v 53.6433 -81.6545 1350.83
v 53.8207 -81.5401 1350.45
v 54.0026 -81.4184 1350.77
v 53.5976 -81.8501 1351.36
v 53.7747 -81.8495 1351.65
v 53.8064 -81.5646 1351.07
v 53.9965 -81.6076 1351.53
v 54.111 -81.6716 1351.75
v 53.9035 -81.9545 1351.91
v 54.1117 -81.8598 1351.98
v 54.3197 -84.0749 1350.75
v 54.5008 -84.0887 1350.14
v 54.7546 -84.2341 1350.47
v 54.8064 -84.2327 1350.89
v 54.2094 -83.9903 1351.05
v 54.2274 -83.8279 1351.57
v 54.3956 -84.0329 1351.26
v 54.4956 -84.1214 1351.06
v 54.5084 -84.0148 1351.46
v 54.614 -84.1178 1351.26
v 54.6079 -83.9143 1351.75
v 54.8078 -84.0724 1351.55
v 55.054 -84.211 1351.25
v 54.2038 -83.6371 1351.85
v 54.4959 -83.7284 1351.95
v 54.7283 -83.8085 1351.97
v 54.3086 -83.4563 1352.12
v 54.4707 -83.2513 1352.34
v 54.4888 -83.0333 1352.44
v 54.7012 -83.4631 1352.3
v 54.801 -83.1516 1352.49
v 54.2073 -82.3444 1352.33
v 54.3107 -82.6512 1352.43
v 54.5193 -82.3577 1352.46
v 54.5045 -82.0692 1352.33
v 54.72 -82.6614 1352.55
v 54.8973 -82.3584 1352.53
v 54.8833 -82.152 1352.44
v 54.7172 -82.0525 1349.01
v 54.2139 -81.578 1349.76
v 54.1958 -81.4172 1350.17
v 54.541 -81.7551 1349.37
v 54.4157 -81.3901 1350.05
v 54.9298 -81.579 1349.53
v 54.2045 -81.3436 1350.55
v 54.3161 -81.3086 1350.86
v 54.4044 -81.3141 1350.35
v 54.5078 -81.269 1350.56
v 54.7146 -81.2969 1350.25
v 54.7096 -81.248 1350.86
v 54.8187 -81.2422 1350.63
v 54.1979 -81.3879 1351.16
v 54.3003 -81.4431 1351.46
v 54.5117 -81.4793 1351.66
v 54.5916 -81.3386 1351.33
v 54.8134 -81.3655 1351.48
v 54.9155 -81.2812 1351.16
v 54.3047 -81.9617 1352.18
v 54.4017 -81.6931 1351.96
v 54.6219 -81.8599 1352.2
v 54.7008 -81.6834 1352.04
v 54.8901 -81.5372 1351.85
v 55.0063 -84.0069 1351.76
v 55.2773 -84.1517 1351.5
v 55.6357 -84.095 1351.61
v 55.0045 -83.652 1352.21
v 55.2075 -83.8296 1352.04
v 55.3918 -83.6442 1352.22
v 55.7562 -83.8321 1351.95
v 55.0131 -83.448 1352.38
v 55.0112 -82.869 1352.59
v 55.1044 -83.2363 1352.49
v 55.3194 -83.349 1352.43
v 55.3893 -82.9523 1352.55
v 55.6334 -83.1577 1352.45
v 55.9099 -83.528 1352.16
v 55.1074 -82.4581 1352.56
v 55.1097 -82.2515 1352.49
v 55.1899 -82.6625 1352.59
v 55.407 -82.5671 1352.55
v 55.4102 -82.3576 1352.49
v 55.4012 -82.1411 1352.38
v 55.6296 -82.7702 1352.51
v 55.2758 -81.4273 1349.89
v 55.3512 -81.3575 1350.22
v 55.3341 -81.3113 1350.69
v 55.1123 -81.4995 1351.75
v 55.1144 -81.3714 1351.45
v 55.3128 -81.3322 1351.16
v 55.7306 -81.5706 1351.46
v 55.9788 -81.5252 1350.91
v 55.0068 -81.6874 1352.05
v 55.0951 -81.9602 1352.32
v 55.3041 -81.8234 1352.16
v 55.4113 -81.6813 1351.94
v 55.6119 -81.856 1352.06
v 56.5448 -84.6333 1348.53
v 56.5685 -84.7854 1349.7
v 56.4137 -83.1157 1352.07
v 56.5886 -83.5182 1351.86
v 55.7953 -82.5548 1352.42
v 55.8066 -82.2578 1352.29
v 56.1854 -82.8161 1352.23
v 56.0918 -82.1037 1351.96
v 56.4231 -82.6724 1352.04
v 56.4862 -82.3656 1351.85
v 56.1159 -81.8562 1351.62
v 57.1651 -84.9635 1348.83
v 57.2686 -84.9455 1349.62
v 57.2524 -84.3703 1347.36
v 58.1191 -85.1723 1347.76
v 57.3847 -84.7088 1347.64
v 57.7199 -84.9344 1349.85
v 58.0618 -84.0429 1346.58
v 58.2343 -82.2141 1348.45
v 58.4736 -84.7481 1350.12
v 58.2132 -84.4271 1350.55
v 58.7215 -83.3831 1346.37
v 59.5415 -85.2433 1346.15
v 59.4349 -85.4708 1346.69
v 59.4925 -85.2376 1349.19
v 59.0836 -84.6094 1346.01
v 59.1277 -83.1163 1346.45
v 59.5862 -82.8042 1346.9
v 60.3037 -85.8565 1346.73
v 60.4359 -85.9026 1347.28
v 60.3974 -85.1841 1345.31
v 59.9109 -84.3287 1345.4
v 60.0111 -84.1592 1345.37
v 61.2223 -86.0498 1345.85
v 60.8605 -85.9034 1347.66
v 61.2006 -85.8888 1347.77
v 61.6254 -84.5206 1348.79
v 61.2887 -85.1701 1348.71
v 60.8324 -84.0596 1349.26
v 60.5089 -82.832 1347.63
v 60.8247 -83.3576 1348.8
v 61.949 -86.1122 1345.02
v 61.8901 -85.8307 1344.62
v 62.0212 -83.9672 1348.32
v 61.2973 -83.2794 1348.14
v 62.347 -86.4034 1345.46
v 62.6721 -85.2789 1343.68
v 63.2239 -85.64 1343.4
v 62.4376 -85.8954 1347.58
v 63.1851 -86.6407 1345.49
v 63.4296 -86.6693 1345.67
v 63.5051 -83.669 1345.16
v 63.4359 -84.0426 1347.12
v 64.6311 -86.9899 1344.19
v 64.2328 -86.2487 1342.99
v 63.9973 -86.6405 1345.97
v 63.9527 -86.473 1346.34
v 64.3232 -84.4183 1343.29
v 65.5965 -86.8802 1342.53
v 64.7675 -84.1811 1343.63
v 64.8313 -84.0045 1345.21
v 65.3886 -87.0938 1343.27
v 65.9048 -87.2275 1344.39
v 65.2962 -86.5207 1345.93
v 66.187 -85.2589 1345.85
v 65.5241 -84.339 1345.4
v 67.6634 -87.4881 1341.49
v 66.9299 -87.5257 1343.37
v 67.5008 -87.523 1343.68
v 67.06 -86.3642 1345.28
v 67.8292 -84.683 1342.97
v 68.2409 -87.7789 1341.67
v 68.1502 -87.5476 1343.59
v 67.6862 -86.8935 1344.65
v 68.5833 -87.3644 1343.8
v 68.5186 -85.4444 1344.16
v 68.2092 -84.8582 1343.4
v 67.8706 -85.0206 1344.2
v 68.1369 -85.9063 1340.41
v 69.0898 -85.252 1340.78
v 68.8546 -85.0163 1341.44
v 70.1781 -88.2137 1341.6
v 68.7512 -86.4841 1339.9
v 69.7157 -85.9371 1339.64
v 69.6403 -85.6466 1339.98
v 71.2995 -88.5002 1340.38
v 70.4482 -87.1365 1338.86
v 71.7731 -88.4684 1340.98
v 70.8343 -87.6006 1338.79
v 71.1067 -87.6127 1342.57
v 71.834 -88.2103 1341.57
v 72.267 -85.6594 1339.84
v 72.3189 -87.1857 1342.11
v 72.9187 -87.0391 1341.74
v 72.7375 -86.353 1337.96
v 73.2193 -86.1031 1338.23
v 72.7401 -85.8244 1339.1
v 72.5 -85.7326 1340.49
v 73.2548 -87.9189 1341.34
v 73.3126 -87.6775 1341.44
v 73.4873 -87.3963 1336.91
v 73.9187 -86.9398 1336.86
v 74.184 -86.1151 1338.1
v 73.0919 -86.0783 1340.88
v 73.8233 -86.0374 1340.17
v 73.3226 -86.5715 1341.29
v 74.0955 -86.4224 1340.67
v 74.0465 -85.9349 1339.41
v 74.3192 -88.8042 1337.06
v 74.908 -88.9368 1339.47
v 74.1293 -88.4886 1340.43
v 74.2456 -87.848 1340.96
v 74.1909 -87.4361 1341.1
v 74.2606 -86.8619 1340.95
v 74.7923 -87.1351 1340.92
v 74.7496 -86.0073 1338.76
v 74.6884 -86.0679 1339.78
v 74.7957 -86.3844 1340.43
v 74.7283 -86.6648 1340.72
v 75.0763 -89.1635 1337.01
v 75.256 -88.7644 1339.7
v 75.2691 -88.3987 1340.2
v 75.4586 -87.9091 1340.57
v 74.9997 -87.464 1340.87
v 75.9151 -87.4187 1340.75
v 75.7921 -87.2147 1340.81
v 75.7744 -86.4927 1336.8
v 75.6329 -86.0813 1339.51
v 75.7339 -88.6476 1335.61
v 75.91 -88.1542 1335.29
v 76.433 -86.9951 1335.7
v 76.4353 -86.9092 1340.72
v 76.1988 -86.2902 1337.33
v 75.8058 -86.1172 1337.99
v 76.375 -86.1866 1339.92
v 76.288 -86.7324 1340.64
v 76.7126 -86.3926 1340.33
v 77.0495 -89.6338 1337.32
v 77.0534 -88.604 1339.33
v 77.0435 -88.0047 1334.56
v 76.706 -88.177 1340.05
v 76.8788 -87.5189 1334.92
v 76.6626 -86.1534 1337.95
v 76.8279 -86.2653 1337.56
v 77.406 -89.758 1335.92
v 77.9215 -88.8505 1338.49
v 77.9928 -88.4503 1338.99
v 77.9971 -87.9839 1339.78
v 78.0924 -87.7573 1340.12
v 77.8174 -86.9903 1335.36
v 78.2749 -86.9243 1335.72
v 78.1286 -86.8187 1336.96
v 78.2034 -87.3545 1337.86
v 77.4093 -86.5015 1337.15
v 77.8196 -86.574 1337.38
v 77.487 -86.2931 1337.82
v 77.9009 -86.4104 1337.76
v 77.8616 -86.2453 1338.06
v 78.1223 -86.5583 1337.66
v 78.1447 -86.3231 1337.96
v 77.3049 -86.0555 1338.65
v 78.3423 -85.9422 1338.84
v 77.5186 -85.9987 1339.17
v 78.5195 -89.4793 1333.9
v 78.415 -89.7979 1334.54
v 78.2171 -89.7301 1337.01
v 78.2344 -89.5272 1337.44
v 78.3089 -89.2122 1337.83
v 78.9053 -88.5591 1333.21
v 78.5105 -88.7262 1338.14
v 78.7048 -88.4562 1338.14
v 79.0364 -88.8962 1337.65
v 78.3068 -88.712 1338.34
v 78.4118 -88.4496 1338.56
v 78.4999 -88.522 1338.35
v 78.6534 -88.0747 1333.55
v 79.0865 -87.8051 1333.54
v 78.8809 -88.1551 1337.97
v 78.8435 -88.0516 1338.16
v 78.892 -87.8633 1337.96
v 78.9025 -87.7579 1337.75
v 78.883 -87.7435 1337.85
v 79.1087 -88.2874 1337.73
v 78.9339 -88.0478 1337.85
v 78.9056 -87.9618 1338.26
v 78.9394 -87.8505 1338.16
v 78.9016 -87.699 1337.95
v 78.4062 -88.2558 1338.98
v 78.7055 -88.2544 1338.34
v 78.7216 -88.1731 1338.76
v 78.7729 -88.1512 1338.45
v 78.774 -87.0287 1336.24
v 78.8159 -87.2156 1337.03
v 78.2042 -87.3553 1337.86
v 78.2042 -87.3545 1337.86
v 78.205 -87.3545 1337.86
v 78.2042 -87.3538 1337.86
v 78.2042 -87.3545 1337.86
v 78.2906 -86.8248 1337.45
v 78.5973 -87.0511 1337.56
v 78.7247 -86.9491 1337.67
v 78.8699 -87.5491 1337.54
v 78.8094 -87.4562 1337.66
v 78.8496 -87.457 1337.77
v 78.8091 -87.2517 1337.71
v 78.9884 -87.5693 1337.98
v 78.3312 -87.414 1340.43
v 78.3769 -86.5496 1337.76
v 78.4974 -86.7566 1337.66
v 78.702 -86.6505 1337.76
v 78.8544 -86.3497 1337.94
v 78.5227 -86.0061 1338.52
v 78.8395 -86.1035 1338.23
v 79.6476 -89.0727 1332.68
v 79.1103 -87.542 1333.88
v 79.5225 -87.984 1337.22
v 79.0207 -88.0355 1337.71
v 79.183 -87.7219 1337.33
v 79.1241 -87.972 1338.86
v 79.0897 -87.9226 1338.54
v 79.2056 -87.7679 1338.35
v 79.5477 -87.7698 1338.57
v 79.5425 -87.6511 1338.32
v 79.0024 -87.9579 1339.33
v 79.7514 -87.808 1339.08
v 79.033 -87.3665 1337.86
v 79.0004 -87.1476 1337.77
v 79.022 -86.9507 1337.73
v 79.4198 -87.0583 1337.77
v 79.3654 -86.8502 1337.72
v 79.6296 -87.3536 1337.97
v 79.1377 -86.657 1337.75
v 80.3317 -89.5328 1336.5
v 79.9998 -87.669 1339.65
v 80.616 -87.5531 1338.36
v 80.1252 -86.2817 1340.3
v 80.1471 -85.726 1339.05
v 80.3379 -85.8646 1339.77
v 80.9249 -90.1991 1335.36
v 80.9474 -89.9022 1335.81
v 81.2535 -88.4452 1336.03
v 80.9806 -87.6529 1339.02
v 81.1799 -87.5615 1339.54
v 81.1137 -87.5241 1334.24
v 81.0216 -87.3079 1337.95
v 81.1678 -87.1796 1340.17
v 80.996 -86.2661 1337.68
v 81.0661 -86.6617 1337.57
v 80.5167 -86.0256 1340.06
v 80.4287 -85.7335 1339.37
v 81.8997 -89.7598 1335.45
v 81.969 -88.8754 1335.61
v 81.3521 -89.0456 1336.09
v 81.5803 -87.6743 1334.38
v 81.5745 -88.0731 1335.38
v 82.1077 -88.3913 1335.21
v 81.3641 -86.9604 1337.63
v 81.8236 -87.3507 1337.96
v 82.1287 -86.843 1337.47
v 81.9999 -87.537 1338.38
v 81.292 -87.416 1339.86
v 81.2034 -86.5947 1340.37
v 81.6925 -86.0538 1340.09
v 81.8061 -86.285 1340.24
v 81.2383 -85.7191 1338.36
v 81.6025 -85.6136 1338.67
v 81.5571 -85.6088 1339.06
v 81.9159 -85.6988 1339.53
v 81.6622 -85.8611 1339.86
v 82.6205 -90.8318 1331.77
v 82.5688 -90.2244 1330.79
v 82.9091 -90.4433 1330.76
v 82.4272 -90.554 1331.3
v 82.1762 -89.9071 1330.87
v 82.4197 -89.7267 1330.62
v 82.3758 -89.4401 1330.62
v 82.3184 -89.2267 1330.69
v 82.6165 -89.956 1330.56
v 82.7031 -89.4566 1330.43
v 82.4742 -89.6364 1335.17
v 82.3266 -88.8977 1330.83
v 82.8152 -89.1613 1330.44
v 82.7929 -88.7234 1330.73
v 82.5687 -88.0851 1334.26
v 82.8201 -87.6053 1338.84
v 82.2763 -87.0636 1337.57
v 82.6084 -86.8792 1340.17
v 82.2179 -86.5639 1337.4
v 82.6746 -86.3645 1337.33
v 81.8916 -86.6852 1340.31
v 82.7056 -86.0617 1340.02
v 82.9058 -86.553 1340.2
v 82.6727 -85.8331 1337.76
v 82.4801 -85.5551 1338.87
v 82.781 -85.8342 1339.75
v 82.8726 -85.5865 1339.15
v 83.0909 -90.8015 1331.18
v 83.2959 -90.9586 1331.45
v 83.4066 -90.8028 1331.06
v 83.6972 -90.9462 1331.36
v 83.2752 -91.0317 1331.96
v 82.4198 -90.8398 1333.25
v 83.6832 -91.0708 1332.48
v 83.1479 -90.8972 1333.19
v 83.0076 -90.1489 1330.49
v 83.1891 -90.6335 1330.87
v 83.3142 -90.3601 1330.56
v 83.4005 -90.1542 1330.42
v 83.5004 -90.5981 1330.77
v 83.6007 -90.0452 1330.37
v 83.7071 -90.7452 1330.96
v 83.6921 -90.2483 1330.48
v 82.9873 -89.7591 1330.35
v 83.0921 -89.4577 1330.31
v 83.2109 -89.7402 1330.3
v 83.1971 -89.2586 1330.33
v 83.3009 -89.9511 1330.34
v 83.3129 -89.4604 1330.28
v 83.4041 -89.2547 1330.32
v 83.5012 -89.754 1330.29
v 83.6988 -89.4521 1330.31
v 83.0394 -89.3747 1334.83
v 82.9857 -88.953 1330.49
v 82.7802 -88.3949 1331.12
v 83.2041 -89.0607 1330.4
v 83.2082 -88.8546 1330.51
v 83.2105 -88.5779 1330.76
v 83.3812 -88.419 1330.96
v 83.501 -88.754 1330.6
v 83.6041 -89.0502 1330.42
v 83.6122 -88.5248 1330.86
v 83.6088 -88.3813 1331.07
v 82.9712 -88.2433 1331.35
v 82.9291 -88.0602 1331.85
v 83.679 -88.226 1331.46
v 83.5341 -88.1107 1331.92
v 83.2573 -86.9566 1337.29
v 83.0179 -87.2128 1337.56
v 83.4112 -87.5157 1339.32
v 83.5893 -87.2891 1339.72
v 83.256 -86.5603 1337.18
v 83.7292 -86.3507 1337.11
v 83.5999 -86.2682 1340.02
v 83.6278 -86.0498 1339.86
v 83.0571 -85.5878 1338.27
v 83.1421 -85.549 1338.84
v 83.3885 -85.6395 1339.25
v 83.7489 -85.7621 1339.46
v 83.8942 -91.0235 1331.66
v 83.9115 -90.7894 1331.07
v 84.0977 -90.8945 1331.37
v 84.1965 -90.9816 1331.75
v 84.2143 -90.7525 1331.15
v 84.4859 -90.8148 1331.55
v 83.9136 -91.0736 1332.05
v 84.1934 -90.9989 1332.46
v 84.4061 -90.9372 1331.97
v 83.8191 -90.921 1333.01
v 84.0074 -90.7308 1333.3
v 84.3858 -90.8339 1332.86
v 83.7964 -90.4545 1330.65
v 83.804 -90.0575 1330.4
v 83.9127 -90.2452 1330.51
v 84.0072 -90.6185 1330.86
v 84.1962 -90.3542 1330.69
v 84.197 -90.1432 1330.56
v 84.3005 -90.4988 1330.87
v 84.4069 -90.142 1330.67
v 84.4979 -90.3522 1330.87
v 84.5076 -90.6763 1331.26
v 84.5011 -90.5404 1331.06
v 84.4545 -90.6535 1333.16
v 84.1374 -90.4754 1333.57
v 84.2836 -90.2283 1333.69
v 84.4115 -90.0205 1333.7
v 83.8007 -89.8453 1330.34
v 84.0069 -89.9512 1330.41
v 84.0887 -89.5607 1330.4
v 84.3038 -89.755 1330.5
v 84.2928 -89.3597 1330.53
v 84.5051 -89.3806 1330.67
v 84.2819 -89.4361 1333.84
v 83.7993 -88.7604 1330.66
v 84.0035 -89.1698 1330.47
v 84.0018 -88.9462 1330.59
v 84.0175 -88.6594 1330.85
v 84.2173 -88.7726 1330.85
v 84.2962 -89.0648 1330.67
v 84.54 -89.0493 1330.87
v 83.9928 -88.4974 1331.06
v 83.9946 -88.3858 1331.27
v 84.21 -88.6033 1331.06
v 84.2091 -88.4844 1331.26
v 84.2033 -88.3954 1331.46
v 84.4792 -88.6583 1331.25
v 84.4881 -88.803 1331.05
v 84.491 -88.5656 1331.47
v 84.3975 -88.4029 1332.37
v 84.2454 -88.4505 1332.89
v 84.2413 -88.6129 1333.22
v 84.4068 -89.0268 1333.53
v 83.9961 -88.2783 1331.56
v 84.2903 -88.3613 1331.78
v 83.6362 -88.1068 1332.48
v 83.9476 -88.2376 1332.65
v 84.0857 -88.2338 1332.17
v 83.7477 -87.6348 1338.26
v 84.2539 -87.683 1338.76
v 84.3302 -87.3503 1337.27
v 84.48 -87.0798 1336.97
v 83.7585 -87.4933 1337.76
v 84.006 -86.0805 1337.21
v 84.3007 -86.6631 1339.97
v 83.8391 -85.7141 1337.76
v 83.8329 -85.5945 1338.14
v 84.4875 -85.7072 1337.74
v 83.8371 -85.5599 1338.45
v 84.1988 -85.598 1338.76
v 84.5944 -90.8184 1332.55
v 84.7076 -90.1415 1330.91
v 84.6983 -90.7509 1331.76
v 84.7054 -90.6444 1331.47
v 84.7049 -90.5253 1331.26
v 84.6977 -90.3624 1331.06
v 84.908 -90.4444 1331.47
v 84.9229 -90.2536 1331.26
v 85.1013 -90.3439 1331.83
v 85.1504 -90.0595 1331.55
v 85.2211 -90.0473 1331.77
v 84.7958 -90.7269 1332.16
v 84.9455 -90.5591 1331.85
v 84.9908 -90.5463 1332.24
v 85.1235 -90.344 1332.37
v 85.2551 -90.06 1332.06
v 85.2363 -90.0453 1332.45
v 84.6082 -90.6757 1332.95
v 84.5918 -90.4769 1333.26
v 84.8043 -90.45 1333.04
v 84.7823 -90.2463 1333.27
v 84.8935 -90.5617 1332.65
v 84.989 -90.3544 1332.84
v 84.9437 -90.2481 1333.05
v 84.9059 -90.0483 1333.23
v 85.0726 -90.0504 1332.96
v 85.1251 -90.1539 1332.76
v 84.6018 -89.7581 1330.7
v 84.751 -89.4666 1330.86
v 84.7639 -89.2588 1330.96
v 84.8719 -89.7515 1330.97
v 84.9146 -89.4585 1331.06
v 84.9722 -89.2652 1331.26
v 85.0408 -89.9513 1331.25
v 85.0671 -89.6487 1331.25
v 85.1665 -89.7619 1331.45
v 85.1549 -89.5518 1331.46
v 85.0994 -89.2577 1331.55
v 85.158 -89.2516 1331.77
v 85.2347 -89.7635 1331.66
v 85.2436 -89.5456 1331.77
v 85.2867 -89.8485 1331.95
v 85.2966 -89.858 1332.17
v 85.2748 -89.7543 1332.45
v 85.2971 -89.6574 1332.15
v 85.2738 -89.5546 1332.35
v 85.2329 -89.5516 1332.56
v 85.2641 -89.4582 1332.16
v 85.1949 -89.2576 1332.15
v 85.2202 -89.3548 1332.37
v 84.8595 -89.7632 1333.36
v 84.8549 -89.3567 1333.26
v 84.9377 -89.6454 1333.25
v 85.0541 -89.8512 1333.07
v 85.0637 -89.6542 1333.05
v 85.0211 -89.4487 1333.06
v 85.0462 -89.2585 1332.86
v 85.1592 -89.8476 1332.84
v 85.1211 -89.4635 1332.85
v 85.1198 -89.2609 1332.66
v 84.5601 -89.742 1333.65
v 84.4129 -89.2135 1333.64
v 84.7438 -89.9571 1333.45
v 84.7449 -89.5503 1333.46
v 84.6392 -88.8588 1331.17
v 84.796 -89.0586 1331.15
v 84.7005 -88.7407 1331.46
v 84.8935 -88.9648 1331.45
v 84.8873 -88.853 1331.66
v 85.0327 -89.0523 1331.67
v 84.6018 -88.525 1332.24
v 84.7007 -88.6239 1331.85
v 84.699 -88.652 1332.55
v 84.8545 -88.7607 1332.35
v 84.9502 -88.8603 1331.96
v 85.0438 -89.0576 1332.54
v 85.0314 -88.963 1332.24
v 85.0989 -89.0742 1331.96
v 84.502 -88.8406 1333.23
v 84.5872 -88.6678 1332.85
v 84.7436 -89.1494 1333.27
v 84.892 -89.1604 1333.06
v 84.8249 -88.8519 1332.75
v 84.9361 -89.0576 1332.85
v 84.884 -87.7616 1337.84
v 84.9378 -87.8067 1338.36
v 85.1574 -87.6709 1339.05
v 84.5789 -87.057 1339.81
v 85.0868 -87.4441 1339.42
v 85.1176 -86.703 1336.65
v 84.6904 -86.0143 1339.55
v 84.7965 -86.4589 1339.84
v 84.8587 -86.2566 1339.72
v 85.24 -86.6657 1339.77
v 84.6766 -85.645 1338.04
v 85.0506 -85.6671 1338.36
v 85.0641 -85.7012 1338.68
v 84.6261 -85.8496 1339.34
v 84.5586 -85.7151 1339.06
v 85.0958 -85.8145 1339.05
v 85.6816 -87.6317 1336.85
v 86.0472 -87.9848 1337.16
v 85.9849 -88.0801 1337.88
v 85.7906 -87.3479 1336.52
v 86.0253 -86.8511 1339.57
v 86.067 -87.0527 1339.54
v 85.3784 -86.3428 1336.71
v 85.8226 -86.0314 1336.92
v 85.4136 -86.2559 1339.53
v 85.5301 -86.0391 1339.23
v 85.799 -86.557 1339.57
v 86.1295 -85.8738 1337.43
v 85.4906 -85.8093 1338.76
v 85.9008 -85.9499 1338.85
v 85.9599 -85.8553 1338.45
v 86.5034 -87.6718 1336.27
v 86.6512 -87.8858 1336.34
v 86.3811 -87.9624 1336.72
v 86.5198 -88.0829 1338.51
v 86.8415 -87.8847 1338.91
v 86.2618 -87.4058 1339.36
v 86.5683 -86.8458 1339.39
v 86.9059 -87.06 1339.3
v 86.3711 -86.4588 1336.25
v 86.6973 -86.7337 1336.02
v 86.7497 -86.0064 1336.56
v 86.9306 -86.1731 1336.27
v 86.5859 -86.1548 1338.75
v 86.3662 -86.4483 1339.28
v 86.617 -86.3536 1339.05
v 86.9064 -86.7673 1339.23
v 86.9363 -86.5652 1339.08
v 86.7175 -85.9193 1337.7
v 87.4042 -88.4545 1336.29
v 87.6042 -88.7006 1336.56
v 87.6524 -88.6371 1336.54
v 87.7042 -88.7545 1336.6
v 87.6981 -88.6437 1336.57
v 87.0728 -88.031 1336.1
v 87.1174 -87.8562 1335.98
v 87.164 -88.2655 1336.28
v 87.1838 -88.1912 1336.17
v 87.2373 -88.0553 1336.1
v 87.2759 -87.72 1336.02
v 87.3368 -88.3337 1336.25
v 87.4445 -88.2626 1336.3
v 87.0787 -87.2309 1335.85
v 87.0014 -86.9362 1335.87
v 86.8784 -87.5189 1335.94
v 87.2965 -86.7476 1335.86
v 86.9835 -86.451 1336.04
v 87.1929 -86.5501 1335.94
v 87.2177 -86.2597 1336.12
v 87.1952 -86.0291 1336.37
v 87.5078 -86.4456 1335.96
v 87.4899 -86.0856 1336.26
v 87.5933 -86.2475 1336.1
v 87.7069 -86.04 1336.35
v 87.427 -86.213 1338.15
v 87.5178 -85.9789 1337.57
v 87.5892 -86.5388 1338.63
v 87.4208 -85.9132 1336.56
v 87.0458 -85.903 1336.68
v 87.2844 -85.8453 1336.96
v 87.5559 -85.8728 1337.18
v 87.9133 -88.9075 1336.86
v 87.8815 -88.7388 1336.75
v 88.2042 -89.0381 1337.16
v 88.2145 -88.9545 1337.06
v 88.1123 -88.7321 1336.9
v 88.2375 -88.7451 1337.02
v 88.3067 -89.0503 1337.27
v 88.3079 -89.0545 1337.16
v 88.3009 -88.8554 1337.09
v 88.5042 -89.0835 1337.36
v 88.6644 -88.809 1337.37
v 88.2113 -88.9164 1337.65
v 88.4049 -88.8472 1337.9
v 87.963 -87.6334 1338.92
v 87.9115 -87.3357 1338.95
v 87.9211 -86.9491 1338.82
v 87.8013 -86.254 1336.13
v 88.0193 -86.4769 1336.3
v 88.0951 -86.1563 1336.36
v 87.9916 -85.9741 1337.36
v 88.2074 -85.9933 1336.86
v 88.2994 -86.0879 1336.66
v 88.403 -86.0619 1337.07
v 88.583 -86.3411 1336.7
v 88.0967 -86.1642 1337.77
v 88.3949 -86.1093 1337.44
v 87.7821 -85.8728 1336.95
v 87.9091 -85.9406 1336.66
v 87.9029 -85.906 1337.15
v 88.0006 -85.914 1336.96
v 88.119 -85.9612 1337.15
v 88.6885 -89.0481 1337.47
v 88.6673 -89.0399 1337.58
v 88.6708 -88.7076 1338.16
v 88.7962 -88.927 1337.85
v 88.9925 -88.9545 1337.66
v 88.9838 -88.9737 1337.75
v 88.9957 -88.9118 1337.87
v 89.1043 -88.767 1338.06
v 89.2042 -88.8913 1337.86
v 88.8894 -88.5024 1338.34
v 88.9904 -88.2086 1338.51
v 89.0813 -87.9525 1338.58
v 89.1365 -87.7304 1338.57
v 89.3232 -88.3542 1338.35
v 89.2983 -88.1496 1338.45
v 88.7737 -87.3465 1338.66
v 88.8484 -86.8433 1338.37
v 88.9845 -87.0698 1338.46
v 89.1943 -87.4492 1338.52
v 89.209 -86.9531 1338.25
v 88.5973 -86.1958 1336.88
v 88.7146 -86.2309 1337.27
v 89.201 -86.5545 1337.26
v 88.6837 -86.4999 1338.06
v 88.7816 -86.3528 1337.69
v 89.0089 -86.5361 1337.85
v 89.165 -86.5514 1337.56
v 89.1817 -86.75 1338.04
v 89.2954 -86.6927 1337.76
v 89.3922 -88.6797 1338.05
v 89.4836 -88.6545 1337.96
v 89.3844 -88.5582 1338.17
v 89.5042 -88.6141 1338.06
v 89.5165 -88.5545 1337.96
v 89.5007 -88.5003 1338.16
v 89.6042 -88.5272 1338.06
v 89.7042 -88.3786 1338.06
v 89.5976 -88.3497 1338.19
v 89.7706 -88.0545 1338.16
v 89.7497 -87.6625 1338.16
v 89.7486 -87.7135 1337.93
v 89.8178 -87.681 1338.06
v 89.3934 -87.9451 1338.46
v 89.4024 -87.655 1338.45
v 89.5033 -88.1453 1338.35
v 89.5984 -87.7667 1338.32
v 89.4037 -86.868 1337.96
v 89.5204 -87.1595 1338.15
v 89.5058 -86.8819 1337.54
v 89.6543 -87.1518 1337.95
v 89.7914 -87.5481 1338.06
v 89.7148 -87.3546 1338.06
v 89.8253 -87.4545 1337.96
v 89.3892 -87.3108 1338.35
v 89.6038 -87.4616 1338.25
v 78.2034 -87.3545 1337.86
v 78.2034 -87.3545 1337.86
v 78.2034 -87.3545 1337.86
v 78.2042 -87.3553 1337.86
v 78.2042 -87.3553 1337.86
v 78.2042 -87.3553 1337.86
v 78.2042 -87.3545 1337.86
v 78.2042 -87.3545 1337.86
v 78.2042 -87.3545 1337.86
v 78.205 -87.3545 1337.86
v 78.205 -87.3545 1337.86
v 78.205 -87.3545 1337.86
v 78.2042 -87.3538 1337.86
v 78.2042 -87.3538 1337.86
v 78.2042 -87.3538 1337.86
v 78.2042 -87.3545 1337.86
v 78.2042 -87.3545 1337.86
v 78.2042 -87.3545 1337.86
v 78.5973 -87.0511 1337.56
v 78.5973 -87.0511 1337.56
v 87.4042 -88.4545 1336.29
v 87.6042 -88.7006 1336.56
v 87.7042 -88.7545 1336.6
v 87.1174 -87.8562 1335.98
v 87.1838 -88.1912 1336.17
v 87.2373 -88.0553 1336.1
v 87.3368 -88.3337 1336.25
v 87.3368 -88.3337 1336.25
v 87.0787 -87.2309 1335.85
v 87.2965 -86.7476 1335.86
v 87.5078 -86.4456 1335.96
v 87.9133 -88.9075 1336.86
v 88.2042 -89.0381 1337.16
v 88.3079 -89.0545 1337.16
v 88.3079 -89.0545 1337.16
v 88.5042 -89.0835 1337.36
v 87.8013 -86.254 1336.13
v 88.0951 -86.1563 1336.36
v 88.583 -86.3411 1336.7
v 88.6885 -89.0481 1337.47
v 88.9925 -88.9545 1337.66
v 89.2042 -88.8913 1337.86
v 89.2042 -88.8913 1337.86
v 89.201 -86.5545 1337.26
v 89.4836 -88.6545 1337.96
v 89.4836 -88.6545 1337.96
v 89.5042 -88.6141 1338.06
v 89.5042 -88.6141 1338.06
v 89.5165 -88.5545 1337.96
v 89.6042 -88.5272 1338.06
v 89.7042 -88.3786 1338.06
v 89.7706 -88.0545 1338.16
v 89.8178 -87.681 1338.06
v 89.5058 -86.8819 1337.54
v 89.8253 -87.4545 1337.96
vn -0.887736 -0.232749 -0.39718
vn -0.950276 -0.295304 -0.0988486
vn -0.971063 -0.232209 0.0558125
vn -0.901196 -0.43095 0.0461385
vn -0.931222 -0.312813 0.187013
vn -0.944402 -0.140342 0.297337
vn -0.957695 -0.157445 -0.240896
vn -0.917875 -0.0184629 -0.39644
vn -0.910324 0.192013 -0.366662
vn -0.994194 -0.0857608 -0.0649856
vn -0.987486 -0.0829724 0.134116
vn -0.976544 0.0918076 -0.194762
vn -0.995503 0.092911 0.0184537
vn -0.96057 0.264921 -0.0843933
vn -0.963651 0.255831 0.0769915
vn -0.916408 0.326369 -0.23169
vn -0.886751 0.445013 -0.125042
vn -0.893858 0.448223 0.0107094
vn -0.896178 0.418724 0.146748
vn -0.972617 0.0868816 0.215565
vn -0.930569 0.261326 0.256419
vn -0.916702 0.0605389 0.394958
vn -0.662476 -0.661373 -0.351726
vn -0.550392 -0.794128 -0.257739
vn -0.514116 -0.767808 -0.382304
vn -0.662705 -0.739593 -0.117577
vn -0.680441 -0.729664 0.0677546
vn -0.547683 -0.83659 0.0126648
vn -0.576189 -0.804046 0.146685
vn -0.508625 -0.853117 -0.11616
vn -0.664055 -0.705855 0.246573
vn -0.592065 -0.688657 0.418581
vn -0.530986 -0.798277 0.284268
vn -0.684105 -0.187368 -0.704907
vn -0.58758 -0.260547 -0.766071
vn -0.581984 -0.452002 -0.67601
vn -0.886843 -0.392863 -0.243245
vn -0.806599 -0.468802 -0.360031
vn -0.799509 -0.296727 -0.522244
vn -0.710227 -0.504321 -0.49116
vn -0.655288 -0.411665 -0.633348
vn -0.580004 -0.614409 -0.534881
vn -0.871774 -0.478548 -0.104891
vn -0.779763 -0.596143 -0.191266
vn -0.787784 -0.615933 -0.00482593
vn -0.81217 -0.555352 0.178784
vn -0.865767 -0.384922 0.319815
vn -0.876995 -0.199862 0.43696
vn -0.78939 -0.405188 0.461179
vn -0.739972 -0.574857 0.349257
vn -0.680816 -0.546281 0.487921
vn -0.778859 -0.232851 0.582374
vn -0.687066 -0.41077 0.59934
vn -0.5801 -0.572814 0.57911
vn -0.655771 -0.265107 0.706882
vn -0.550583 -0.455476 0.699572
vn -0.504067 -0.327854 0.799017
vn -0.519864 -0.155441 0.839988
vn -0.644257 0.153558 -0.749235
vn -0.589094 -0.018658 -0.807849
vn -0.560012 0.393917 -0.728845
vn -0.516021 0.156382 -0.84218
vn -0.446646 0.365825 -0.816504
vn -0.845538 0.394976 -0.359249
vn -0.786535 -0.0663053 -0.613976
vn -0.823473 0.142538 -0.549159
vn -0.805523 0.33805 -0.486678
vn -0.703947 0.370449 -0.605991
vn -0.859339 0.281878 0.42671
vn -0.838046 0.453205 0.303782
vn -0.847393 -0.0599784 0.527568
vn -0.827841 0.115644 0.548913
vn -0.774025 0.299028 0.558092
vn -0.73902 0.466441 0.486089
vn -0.754882 -0.0489843 0.654029
vn -0.683654 0.0600318 0.727333
vn -0.73144 0.185896 0.656078
vn -0.657589 0.386806 0.646497
vn -0.646292 -0.094199 0.757253
vn -0.604642 0.234551 0.761179
vn -0.557284 0.059825 0.828164
vn -0.511211 0.431165 0.743479
vn -0.402487 0.57049 -0.715922
vn -0.71003 0.545823 -0.444898
vn -0.641021 0.703465 -0.306967
vn -0.534958 0.706241 -0.463727
vn -0.569692 0.564572 -0.597252
vn -0.481918 0.81394 -0.324434
vn -0.396476 0.70992 -0.582083
vn -0.796026 0.550832 -0.250853
vn -0.794188 0.605003 -0.0568957
vn -0.776085 0.614251 0.142782
vn -0.686009 0.713529 -0.142365
vn -0.645952 0.762573 0.0350499
vn -0.521945 0.841549 -0.139173
vn -0.44509 0.894701 0.0374725
vn -0.696675 0.640172 0.323765
vn -0.605154 0.641416 0.471566
vn -0.567424 0.799003 0.199056
vn -0.489443 0.796946 0.354009
vn -0.409926 0.758057 0.507258
vn -0.573155 0.557122 0.600923
vn -0.433732 0.623981 0.650019
vn -0.401459 -0.915875 0.00212074
vn -0.416568 -0.888904 -0.190581
vn -0.330805 -0.943237 -0.0295239
vn -0.252379 -0.96062 0.11625
vn -0.468749 -0.870437 0.15038
vn -0.448115 -0.794615 0.409609
vn -0.409443 -0.873835 0.262239
vn -0.351294 -0.925361 0.142477
vn -0.344958 -0.870702 0.350545
vn -0.26973 -0.931504 0.244021
vn -0.30021 -0.826801 0.475682
vn -0.199767 -0.907788 0.368802
vn -0.152306 -0.952273 0.264535
vn -0.481103 -0.69209 0.5381
vn -0.358064 -0.724885 0.5885
vn -0.214137 -0.760477 0.613042
vn -0.43173 -0.589857 0.682406
vn -0.370455 -0.442308 0.816778
vn -0.349433 -0.229864 0.908328
vn -0.258207 -0.590893 0.764313
vn -0.198212 -0.336154 0.920713
vn -0.43608 0.287409 0.852778
vn -0.396131 0.0183208 0.918011
vn -0.264208 0.270193 0.925846
vn -0.260894 0.472619 0.841763
vn -0.18448 0.0182775 0.982666
vn -0.0926784 0.283869 0.954374
vn -0.0902649 0.480455 0.872362
vn -0.309891 0.593254 -0.742979
vn -0.304201 0.836329 -0.456088
vn -0.35043 0.901387 -0.254363
vn -0.230805 0.74949 -0.620479
vn -0.175257 0.922335 -0.344359
vn -0.0806891 0.882329 -0.463664
vn -0.32971 0.939923 -0.0885257
vn -0.239946 0.967788 0.0762341
vn -0.207205 0.96082 -0.184094
vn -0.145664 0.987316 -0.0631666
vn -0.0278784 0.97043 -0.239768
vn -0.039643 0.996275 0.0765803
vn 0.0430048 0.997139 -0.0621653
vn -0.348145 0.914219 0.207361
vn -0.295182 0.886048 0.357472
vn -0.177897 0.872779 0.454543
vn -0.1434 0.95911 0.244016
vn -0.0175626 0.934757 0.354855
vn 0.0474064 0.98517 0.164904
vn -0.352269 0.552395 0.755491
vn -0.269007 0.742577 0.613364
vn -0.137724 0.649792 0.74753
vn -0.108807 0.782873 0.612593
vn -0.0186333 0.862496 0.505721
vn -0.110037 -0.859831 0.49858
vn -0.0651741 -0.916517 0.39465
vn 0.0455828 -0.856188 0.51465
vn -0.110366 -0.679606 0.725228
vn -0.0104301 -0.78402 0.620648
vn 0.0981212 -0.638662 0.763206
vn 0.170474 -0.728728 0.663245
vn -0.0800276 -0.539422 0.838224
vn -0.0561725 -0.136717 0.989016
vn -0.0162868 -0.350596 0.936385
vn 0.125298 -0.453352 0.882481
vn 0.14685 -0.151272 0.977523
vn 0.327292 -0.287995 0.899966
vn 0.293618 -0.527216 0.797391
vn 0.0388434 0.219163 0.974915
vn 0.0718592 0.422051 0.90372
vn 0.042887 0.054438 0.997596
vn 0.209797 0.146428 0.966718
vn 0.235784 0.345549 0.908296
vn 0.239162 0.53538 0.810043
vn 0.357686 -0.0344419 0.933207
vn 0.0696514 0.952061 -0.297874
vn 0.153191 0.976864 -0.149228
vn 0.191869 0.981346 0.0121217
vn 0.148152 0.880799 0.449716
vn 0.158714 0.934832 0.317646
vn 0.239336 0.954701 0.176815
vn 0.356635 0.869325 0.342176
vn 0.355245 0.921712 0.155717
vn 0.0556117 0.766751 0.639531
vn 0.0555969 0.610332 0.790193
vn 0.196569 0.694768 0.691851
vn 0.278688 0.809042 0.517478
vn 0.37566 0.674886 0.635145
vn -0.452865 -0.833319 -0.317006
vn -0.251515 -0.965954 0.0605974
vn 0.466377 -0.167045 0.868671
vn 0.408435 -0.364185 0.836989
vn 0.419199 0.223311 0.880003
vn 0.444014 0.452097 0.773602
vn 0.505605 0.0408224 0.861799
vn 0.509692 0.607464 0.609263
vn 0.556709 0.257606 0.789756
vn 0.554503 0.480862 0.679189
vn 0.464704 0.753314 0.465369
vn -0.324877 -0.943044 -0.0715791
vn -0.16504 -0.9671 0.193594
vn -0.555152 -0.561338 -0.613765
vn -0.393422 -0.895147 -0.209597
vn -0.50872 -0.727158 -0.460919
vn -0.051413 -0.933111 0.355893
vn -0.556999 -0.129217 -0.820399
vn 0.169732 0.969106 -0.178954
vn 0.167795 -0.767554 0.618632
vn 0.25841 -0.652217 0.712627
vn -0.353783 0.506088 -0.786583
vn -0.511502 -0.694503 -0.505995
vn -0.44891 -0.824236 -0.34513
vn 0.0638345 -0.867281 0.49371
vn -0.569221 -0.335405 -0.75066
vn -0.185014 0.752252 -0.632366
vn 0.0134474 0.920681 -0.390085
vn -0.326386 -0.939516 -0.103834
vn -0.227425 -0.97149 0.0669729
vn -0.551329 -0.508074 -0.661738
vn -0.52458 0.0415545 -0.850346
vn -0.461574 0.260449 -0.848007
vn -0.383097 -0.893857 -0.23293
vn -0.105776 -0.961714 0.252819
vn -0.00591841 -0.919967 0.391951
vn 0.536286 0.0214886 0.843763
vn 0.30763 -0.590535 0.746078
vn 0.563371 0.223835 0.795305
vn 0.292552 0.955752 0.030858
vn 0.528258 0.659556 0.534724
vn -0.445255 -0.810807 -0.37992
vn -0.507413 -0.673611 -0.537382
vn 0.551656 0.507702 0.661751
vn 0.440275 0.835956 0.32762
vn -0.309491 -0.945174 -0.104219
vn -0.548728 -0.128348 -0.82609
vn -0.555565 -0.342587 -0.757616
vn 0.168507 -0.779351 0.603505
vn -0.227708 -0.97326 0.0302408
vn -0.143241 -0.97519 0.168779
vn 0.167926 0.976872 -0.13237
vn 0.494641 0.714869 0.494259
vn -0.276511 -0.957787 -0.0786456
vn -0.529716 -0.558058 -0.638727
vn -0.0266562 -0.941351 0.336374
vn 0.0859728 -0.867684 0.489626
vn -0.177288 0.787775 -0.589897
vn -0.478335 -0.724785 -0.495865
vn -0.00328878 0.929646 -0.36844
vn 0.318416 0.937845 0.138051
vn -0.373981 -0.89068 -0.258509
vn -0.0968805 -0.971913 0.214473
vn 0.209274 -0.744639 0.633812
vn 0.554178 0.332766 0.76299
vn 0.417809 0.843382 0.337851
vn -0.406273 -0.845337 -0.346912
vn -0.190131 -0.980117 0.056751
vn -0.0303058 -0.953252 0.300654
vn 0.431887 -0.353251 0.829872
vn 0.22997 0.973082 0.0149916
vn -0.307162 -0.938339 -0.158657
vn 0.0596968 -0.902436 0.426668
vn 0.304184 -0.61795 0.724989
vn 0.186024 -0.788304 0.586491
vn 0.513126 0.608715 0.605118
vn 0.354206 0.903354 0.241848
vn 0.459377 0.763434 0.454029
vn -0.388714 0.466188 -0.794714
vn -0.0729219 0.896467 -0.437069
vn 0.0699089 0.969938 -0.233096
vn -0.109729 -0.980501 0.163024
vn -0.513559 0.0853752 -0.853796
vn -0.300012 0.650383 -0.69785
vn -0.183871 0.79866 -0.573004
vn -0.212473 -0.977165 -0.00215939
vn -0.55481 -0.176699 -0.812997
vn -0.000277808 -0.948333 0.317277
vn -0.543214 -0.47065 -0.695275
vn 0.316342 -0.613939 0.723193
vn 0.11397 -0.87066 0.478499
vn 0.152153 0.986011 -0.0680597
vn 0.509264 -0.121158 0.852039
vn 0.50795 0.125159 0.852245
vn -0.242352 0.748387 -0.617399
vn -0.0767909 0.911731 -0.403547
vn 0.0608899 0.979985 -0.189529
vn 0.267663 0.948176 0.171225
vn 0.333472 -0.537377 0.774611
vn 0.433579 -0.261523 0.862331
vn -0.510841 0.169045 -0.842891
vn -0.389939 0.513779 -0.764185
vn -0.00691595 0.968288 -0.24974
vn 0.39882 0.800309 0.447714
vn 0.235537 0.90413 0.35647
vn 0.471837 0.543695 0.694094
vn 0.283038 0.709689 0.645159
vn 0.131791 0.989011 0.0670034
vn -0.468385 -0.749889 -0.467207
vn 0.0929398 -0.894696 0.4369
vn 0.197606 -0.777548 0.596967
vn 0.309145 -0.400978 0.862349
vn 0.340574 -0.0490118 0.938939
vn 0.327635 0.409766 0.851321
vn 0.15266 0.213432 0.964957
vn 0.0439432 0.996365 -0.0729839
vn 0.0971689 0.956635 0.274604
vn 0.10491 0.806351 0.582059
vn 0.150382 0.562432 0.813053
vn -0.376319 -0.879945 -0.289968
vn 0.156882 -0.836963 0.52429
vn 0.204341 -0.709615 0.674308
vn 0.17909 -0.499711 0.847476
vn 0.200059 -0.219123 0.954967
vn 0.118974 -0.347299 0.930177
vn 0.100975 -0.0561013 0.993306
vn -0.0787748 0.910479 -0.405983
vn 0.032046 0.994647 0.0982352
vn -0.556686 -0.46782 -0.686473
vn -0.567368 -0.0421798 -0.822383
vn -0.211245 0.802357 -0.558211
vn 0.0569808 0.304654 0.950757
vn 0.0336922 0.956703 -0.28911
vn 0.0100433 0.981897 -0.189148
vn -0.0148878 0.950666 0.30986
vn 0.0408159 0.558916 0.828219
vn -0.0103145 0.787758 0.615898
vn -0.0527967 -0.972479 0.226928
vn 0.269096 -0.792095 0.54788
vn -0.498164 0.293439 -0.81592
vn 0.192198 -0.763032 0.617124
vn -0.369201 0.587079 -0.720436
vn 0.074004 0.967296 -0.242613
vn 0.112125 0.948689 -0.295665
vn -0.293176 -0.946771 -0.132935
vn 0.431593 -0.693444 0.576943
vn 0.385817 -0.788118 0.4796
vn 0.259728 -0.856552 0.445937
vn 0.182832 -0.807302 0.561102
vn -0.0187517 0.940277 -0.339892
vn 0.175915 0.97576 -0.13018
vn 0.445242 0.891152 -0.0872251
vn 0.557867 0.568805 0.604355
vn 0.244637 0.933987 -0.260426
vn 0.362307 0.858257 -0.363496
vn 0.184482 0.919349 -0.34751
vn 0.209741 0.852288 -0.47918
vn 0.0739456 0.913096 -0.400983
vn 0.330437 0.728727 -0.599806
vn 0.0690221 0.809106 -0.583595
vn -0.0165742 0.98832 -0.151486
vn -0.0997171 0.98163 -0.162661
vn -0.0765491 0.996477 0.0342699
vn -0.549788 -0.59657 -0.584669
vn -0.425676 -0.835854 -0.346623
vn 0.0464839 -0.933169 0.356418
vn 0.179307 -0.845291 0.503322
vn 0.390593 -0.665347 0.636201
vn -0.547697 0.183793 -0.81624
vn 0.561574 -0.536746 0.629713
vn 0.731395 -0.367712 0.574326
vn 0.526028 -0.379776 0.760963
vn 0.525517 -0.624845 0.577408
vn 0.582753 -0.703377 0.407013
vn 0.635481 -0.569903 0.520936
vn -0.455489 0.444065 -0.77158
vn -0.321874 0.683714 -0.65493
vn 0.893494 -0.0804067 0.441817
vn 0.915946 -0.399683 0.0359968
vn 0.998196 -0.0369082 0.0473521
vn 0.891532 0.319055 0.321521
vn 0.989359 0.142585 -0.028969
vn 0.689592 0.134398 0.711618
vn 0.874546 0.200983 0.441334
vn 0.779494 -0.586906 -0.218933
vn 0.801812 -0.480805 -0.354858
vn 0.925442 -0.143117 -0.350819
vn 0.367505 -0.855478 0.364824
vn 0.816788 -0.495849 0.294943
vn 0.500699 -0.859925 0.0991417
vn 0.706867 -0.707266 0.0106849
vn 0.315457 0.945293 0.0831143
vn 0.595598 0.759263 0.262266
vn 0.557867 0.568805 0.604355
vn 0.557867 0.568805 0.604355
vn -0.557867 0.568805 0.604355
vn 0.557867 -0.568805 0.604355
vn 0.587034 0.598544 -0.545103
vn 0.523102 0.719422 -0.456942
vn 0.567749 0.813223 -0.127789
vn 0.294799 0.125036 -0.947343
vn 0.798044 0.513658 0.31509
vn 0.959738 0.250812 -0.126475
vn 0.780172 -0.196303 -0.593967
vn 0.613762 -0.0241104 -0.789123
vn 0.568627 -0.525168 -0.633136
vn 0.143697 -0.623518 0.76849
vn 0.16047 0.59928 -0.784291
vn 0.35185 0.491765 -0.796473
vn 0.108725 0.409395 -0.905856
vn -0.0363161 0.608855 -0.79245
vn -0.0738174 0.922858 -0.378001
vn -0.0969635 0.846568 -0.523375
vn -0.605735 -0.173331 -0.776557
vn -0.163728 0.853762 -0.49425
vn 0.608628 0.405491 0.682019
vn 0.73536 0.324799 0.59477
vn 0.620639 0.545078 0.563647
vn 0.355275 -0.932139 -0.0699705
vn 0.516449 -0.812862 -0.269325
vn 0.387303 -0.778982 -0.493136
vn 0.227777 -0.928023 -0.294773
vn 0.178832 -0.806119 -0.564084
vn 0.271732 -0.939104 0.210347
vn 0.190427 -0.981046 0.035862
vn 0.341844 -0.462562 -0.818034
vn 0.219098 -0.219678 -0.950651
vn 0.0833078 -0.0993532 -0.991559
vn 0.0265743 -0.374102 -0.927007
vn -0.0419075 -0.0805757 -0.995867
vn 0.0798364 -0.649614 -0.756061
vn -0.0248941 0.228241 -0.973286
vn 0.383999 -0.585942 0.713594
vn 0.155619 -0.935944 0.315898
vn 0.0566863 -0.926567 -0.371834
vn 0.00975071 0.582068 0.813082
vn -0.0955954 0.99541 -0.00448577
vn -0.0475059 0.905478 0.421726
vn 0.133963 -0.884237 0.447414
vn 0.278931 -0.746819 0.603705
vn 0.599269 0.40595 0.689987
vn 0.0718711 -0.996764 -0.0359868
vn 0.0891351 -0.953305 0.288556
vn 0.227587 0.973676 0.0126152
vn -0.0127957 -0.742549 -0.66967
vn 0.111722 -0.681794 0.722963
vn -0.14118 0.443039 -0.885316
vn -0.117702 -0.0551727 -0.991515
vn -0.0206532 0.78184 0.623137
vn -0.0744383 0.979378 0.187822
vn 0.420025 -0.540454 0.729033
vn 0.617565 0.191026 0.762969
vn 0.573478 -0.100951 0.812977
vn 0.338092 0.925188 0.1724
vn 0.530503 0.68499 0.499355
vn 0.582193 0.541652 0.606354
vn -0.0921854 -0.472926 -0.876267
vn -0.0743682 -0.853349 -0.516008
vn -0.159355 -0.331546 -0.929883
vn -0.0195248 -0.972436 -0.232352
vn 0.107791 -0.871512 0.47838
vn 0.0790288 0.154612 0.984809
vn 0.0307882 0.68787 0.725181
vn 0.0753446 0.37136 0.925427
vn -0.105131 0.938635 -0.328498
vn -0.0809196 0.99005 -0.115125
vn -0.0581427 0.993542 0.0974367
vn -0.0130308 0.948204 0.317394
vn -7.32119e-06 0.846321 0.532673
vn -0.338826 -0.908294 -0.245355
vn -0.49482 -0.574085 -0.652365
vn -0.344203 -0.669078 -0.658679
vn -0.444332 -0.761528 -0.471851
vn -0.587426 -0.393279 -0.707292
vn -0.528628 -0.173513 -0.83093
vn -0.552245 0.0257897 -0.833283
vn -0.52322 0.191838 -0.830325
vn -0.459801 -0.37366 -0.805581
vn -0.415244 0.0410605 -0.908783
vn 0.524441 -0.308961 0.793414
vn -0.430773 0.462263 -0.775079
vn -0.319431 0.302826 -0.89792
vn -0.27077 0.654277 -0.70612
vn 0.450515 0.824625 0.342095
vn -0.0216346 -0.999481 0.0238512
vn -0.125327 -0.630225 -0.76623
vn 0.126643 -0.374239 0.918644
vn -0.174194 -0.0472959 -0.983575
vn -0.185995 0.248471 -0.950615
vn 0.105367 -0.0612194 0.992547
vn 0.092106 0.618302 0.780525
vn 0.131453 0.0595388 0.989533
vn -0.115331 0.814025 -0.569265
vn -0.0309714 0.998161 0.0521073
vn 0.0631191 0.832814 0.549942
vn 0.0105386 0.978363 0.206627
vn -0.284244 -0.859803 -0.424198
vn -0.155334 -0.948097 -0.277461
vn -0.0857977 -0.867037 -0.4908
vn 0.0257677 -0.939966 -0.340293
vn -0.134461 -0.987351 -0.0840172
vn -0.140659 -0.985761 0.0921383
vn 0.00765616 -0.991036 0.133377
vn 0.00622034 -0.959701 0.280955
vn -0.285003 -0.478657 -0.830458
vn -0.230815 -0.772336 -0.591796
vn -0.110309 -0.629409 -0.769205
vn -0.0731364 -0.473286 -0.877868
vn -0.0377308 -0.750657 -0.659614
vn 0.0510315 -0.339174 -0.939339
vn 0.0605483 -0.820421 -0.568546
vn 0.0674233 -0.525798 -0.847933
vn -0.309199 -0.196601 -0.930454
vn -0.215465 0.066886 -0.974218
vn -0.128556 -0.118872 -0.984552
vn -0.130388 0.241365 -0.961635
vn -0.116264 -0.313496 -0.942445
vn -0.0333201 0.0727066 -0.996797
vn 0.0334585 0.273145 -0.961391
vn 0.036727 -0.126469 -0.991291
vn 0.167489 0.133481 -0.976796
vn 0.599568 -0.0468208 0.798953
vn -0.250373 0.50289 -0.827294
vn -0.187612 0.805721 -0.561797
vn -0.0833938 0.405317 -0.910365
vn -0.0705986 0.584208 -0.808527
vn -0.0696692 0.737802 -0.671412
vn -0.000153708 0.849186 -0.528095
vn 0.0864194 0.642456 -0.761434
vn 0.141122 0.450947 -0.881323
vn 0.159491 0.768224 -0.619995
vn 0.145223 0.879037 -0.454097
vn -0.0452875 0.911187 -0.409497
vn 0.0471447 0.964191 -0.260986
vn 0.142749 0.94006 -0.309695
vn 0.20285 0.972319 -0.115963
vn -0.223541 -0.4727 -0.852399
vn -0.17015 -0.721726 -0.67094
vn 0.00734052 -0.958169 0.286107
vn 0.0602949 -0.802833 0.593147
vn -0.224532 0.0138288 -0.974369
vn -0.210682 0.347915 -0.913547
vn 0.158306 0.388001 0.907962
vn 0.150759 0.684936 0.712836
vn -0.0498044 0.977512 -0.204915
vn 0.0234745 0.997376 0.0684884
vn 0.0678366 0.949285 0.30701
vn 0.126314 0.858898 0.496326
vn 0.0776882 -0.974459 -0.210699
vn 0.159177 -0.856459 -0.49106
vn 0.230018 -0.90687 -0.353099
vn 0.272495 -0.943658 -0.187767
vn 0.326228 -0.809594 -0.487988
vn 0.413593 -0.862201 -0.29249
vn 0.123213 -0.991415 -0.0437607
vn 0.258091 -0.955483 0.14297
vn 0.391225 -0.918486 -0.0576737
vn 0.144566 -0.929582 0.339083
vn 0.249333 -0.827577 0.502941
vn 0.340078 -0.876971 0.339513
vn 0.116289 -0.664761 -0.737949
vn 0.171049 -0.362881 -0.916002
vn 0.232082 -0.489998 -0.840262
vn 0.22195 -0.741087 -0.633663
vn 0.337712 -0.571388 -0.747975
vn 0.381606 -0.372196 -0.846077
vn 0.373473 -0.678942 -0.632104
vn 0.511665 -0.352512 -0.78354
vn 0.510532 -0.53343 -0.674396
vn 0.464441 -0.773288 -0.431649
vn 0.477495 -0.681533 -0.554537
vn 0.402581 -0.764058 0.504127
vn 0.374521 -0.672938 0.637878
vn 0.502215 -0.480646 0.71886
vn 0.582256 -0.276531 0.764531
vn 0.183866 -0.149728 -0.971481
vn 0.310749 -0.245728 -0.918179
vn 0.338121 0.053864 -0.93956
vn 0.484226 -0.0823751 -0.871056
vn 0.473542 0.220901 -0.85262
vn 0.591837 0.234809 -0.771099
vn 0.636285 0.169059 0.752702
vn 0.225677 0.635776 -0.738145
vn 0.321789 0.337893 -0.884466
vn 0.329634 0.547745 -0.768971
vn 0.327755 0.705937 -0.627878
vn 0.451596 0.622999 -0.638697
vn 0.481307 0.446421 -0.754355
vn 0.597458 0.491368 -0.63372
vn 0.30627 0.804266 -0.509269
vn 0.298188 0.871301 -0.389767
vn 0.43862 0.735175 -0.516846
vn 0.432819 0.804131 -0.407481
vn 0.423484 0.856456 -0.295201
vn 0.550127 0.72149 -0.420492
vn 0.546583 0.640325 -0.539658
vn 0.545407 0.789096 -0.282594
vn 0.5033 0.854349 0.129527
vn 0.485774 0.821895 0.297509
vn 0.533542 0.725117 0.435361
vn 0.616933 0.498972 0.608622
vn 0.306921 0.925817 -0.220596
vn 0.452354 0.883755 -0.119805
vn 0.276186 0.959981 0.0464553
vn 0.388587 0.902962 0.183468
vn 0.355381 0.934718 -0.00244999
vn -0.112774 -0.982569 -0.147783
vn -0.070924 -0.988475 0.133739
vn -0.273627 -0.768826 -0.577958
vn -0.326199 -0.491767 -0.807316
vn -0.160175 -0.889864 -0.427183
vn -0.161641 0.606273 -0.778656
vn 0.178775 -0.0573922 0.982215
vn -0.0543901 0.922218 -0.382826
vn 0.000949075 0.977748 -0.209782
vn 0.016655 0.955226 -0.295409
vn 0.0401981 0.998394 -0.0399202
vn 0.0944423 0.985873 0.138327
vn 0.490027 -0.85661 0.161534
vn 0.675797 -0.327604 -0.660284
vn 0.552161 -0.81472 -0.177059
vn 0.591224 -0.738921 -0.323187
vn 0.613036 -0.642704 -0.459477
vn 0.622842 -0.533965 -0.571795
vn 0.748933 -0.570298 -0.337432
vn 0.758725 -0.438943 -0.481317
vn 0.855602 -0.492879 -0.158163
vn 0.888089 -0.30889 -0.340419
vn 0.942834 -0.263083 -0.204575
vn 0.597616 -0.801721 0.00997981
vn 0.710143 -0.683383 -0.169367
vn 0.760963 -0.64831 0.0250674
vn 0.863614 -0.491444 0.112486
vn 0.950979 -0.307044 -0.0369115
vn 0.957194 -0.240136 0.1616
vn 0.543123 -0.752827 0.371847
vn 0.534727 -0.614824 0.579705
vn 0.66456 -0.601121 0.443863
vn 0.64897 -0.430776 0.627113
vn 0.684383 -0.693025 0.226575
vn 0.787096 -0.526566 0.321261
vn 0.780027 -0.414586 0.468696
vn 0.780758 -0.244081 0.575188
vn 0.866294 -0.242028 0.436987
vn 0.889058 -0.340635 0.305849
vn 0.627069 -0.0773279 -0.775116
vn 0.702043 0.154987 -0.695065
vn 0.706413 0.350252 -0.615065
vn 0.769386 -0.0543566 -0.636467
vn 0.799451 0.191516 -0.569386
vn 0.825703 0.336715 -0.45259
vn 0.836507 -0.200134 -0.5101
vn 0.867415 0.0715971 -0.492408
vn 0.920471 -0.0544148 -0.387004
vn 0.918746 0.167242 -0.357682
vn 0.87942 0.35843 -0.313288
vn 0.914643 0.367594 -0.168233
vn 0.963775 -0.0369716 -0.26414
vn 0.966368 0.189658 -0.173674
vn 0.990712 -0.0666426 -0.118524
vn 0.993699 -0.107675 0.031121
vn 0.984994 -0.0112316 0.172223
vn 0.997181 0.0744236 -0.00954368
vn 0.979998 0.1624 0.115022
vn 0.952724 0.170281 0.251637
vn 0.968948 0.246871 -0.0139768
vn 0.920706 0.39024 -0.00364441
vn 0.932617 0.33539 0.133187
vn 0.761768 -0.0413344 0.64653
vn 0.750301 0.299307 0.589461
vn 0.80998 0.103886 0.577183
vn 0.856854 -0.0801174 0.509296
vn 0.886892 0.0820214 0.454637
vn 0.838388 0.256779 0.480801
vn 0.844995 0.379895 0.376381
vn 0.939525 -0.0555266 0.337948
vn 0.913037 0.202655 0.35397
vn 0.888951 0.375221 0.26263
vn 0.647275 -0.030846 0.761632
vn 0.63984 0.351502 0.683411
vn 0.681875 -0.21386 0.699507
vn 0.704868 0.164161 0.690081
vn 0.645887 0.604865 -0.465798
vn 0.715602 0.487072 -0.500674
vn 0.653232 0.687954 -0.316239
vn 0.762279 0.53832 -0.359364
vn 0.73781 0.638613 -0.218654
vn 0.830197 0.511956 -0.220623
vn 0.596699 0.801978 0.0279635
vn 0.6426 0.7565 -0.121546
vn 0.632353 0.749348 0.196486
vn 0.7271 0.680112 0.093663
vn 0.769828 0.633644 -0.0765531
vn 0.835632 0.516983 0.185602
vn 0.829334 0.555949 0.0559066
vn 0.863738 0.497517 -0.080207
vn 0.621208 0.615287 0.485307
vn 0.588004 0.735399 0.336809
vn 0.681333 0.458703 0.570418
vn 0.758249 0.457799 0.464196
vn 0.71551 0.627977 0.306087
vn 0.771025 0.526919 0.357599
vn -0.237939 -0.945694 -0.221467
vn -0.166079 -0.981942 0.0905931
vn -0.0603178 -0.919771 0.387793
vn 0.131982 -0.468801 0.873388
vn 0.0198068 -0.77791 0.628063
vn -0.35961 0.00230562 -0.9331
vn 0.207779 0.738599 0.641327
vn 0.227595 0.295005 0.927994
vn 0.23118 0.536026 0.811931
vn 0.24149 0.072714 0.967675
vn 0.0767134 0.988918 -0.127105
vn 0.147771 0.987675 0.0515912
vn 0.172789 0.965939 0.192628
vn 0.190291 0.854503 0.483336
vn 0.143073 0.93848 0.314301
vn 0.213807 0.905875 0.365619
vn -0.408398 -0.694564 -0.592278
vn -0.400773 -0.856714 -0.324687
vn -0.341325 -0.939799 0.0165991
vn -0.441132 -0.448235 -0.777488
vn 0.277872 0.0615669 0.958643
vn 0.21275 -0.21564 0.953015
vn -0.249336 0.544098 -0.801117
vn -0.11426 0.868334 -0.482638
vn 0.284591 0.620495 0.730749
vn 0.277819 0.801039 0.530239
vn 0.302829 0.370852 0.877932
vn 0.00315055 0.993753 -0.11156
vn 0.229503 0.936337 0.26571
vn 0.276613 0.891765 0.358107
vn 0.25172 0.943891 0.213791
vn -0.507901 -0.539478 -0.671565
vn -0.555365 -0.612645 -0.562348
vn -0.516959 -0.71825 -0.465694
vn -0.193188 -0.914369 0.355819
vn -0.0531254 -0.775934 0.628574
vn 0.107906 -0.54149 0.833754
vn 0.335203 0.228567 0.914
vn 0.323808 0.0434709 0.945124
vn -0.313222 0.458165 -0.831851
vn -0.300374 0.294518 -0.907212
vn -0.207194 0.830706 -0.516718
vn -0.235944 0.676901 -0.697234
vn 0.327796 0.846553 0.419402
vn 0.340454 0.594494 0.72847
vn 0.352476 0.730032 0.585504
vn 0.376882 0.37445 0.8472
vn 0.391404 0.600833 0.696996
vn 0.140093 0.9811 0.133481
vn -0.469861 -0.682831 -0.559439
vn -0.472436 -0.844202 -0.253234
vn 0.488375 -0.272688 -0.828933
vn 0.529838 -0.245354 -0.811833
vn 0.626311 -0.130512 -0.768571
vn -0.366509 -0.536159 -0.760398
vn -0.323314 -0.417122 -0.849398
vn -0.469678 -0.653663 -0.593403
vn -0.488473 -0.663984 -0.566144
vn -0.0493689 -0.486591 -0.872234
vn 0.501514 -0.189245 -0.844198
vn 0.500942 -0.156799 -0.851159
vn 0.571745 -0.174288 -0.801705
vn -0.260467 -0.0542715 -0.963956
vn -0.275185 0.121833 -0.95364
vn -0.40964 -0.301777 -0.860887
vn -0.157443 0.248674 -0.955705
vn -0.254572 0.49018 -0.833616
vn -0.170912 0.407924 -0.896876
vn -0.123237 0.630012 -0.766744
vn -0.119865 0.825125 -0.552089
vn -0.013938 0.50524 -0.862866
vn -0.0029304 0.786731 -0.617289
vn 0.0587078 0.663543 -0.745831
vn 0.15185 0.819421 -0.552712
vn 0.240198 0.896756 0.371663
vn 0.134004 0.930544 0.340779
vn 0.328257 0.74775 0.577163
vn 0.0215847 0.942188 -0.334389
vn -0.1121 0.94999 -0.291466
vn 0.00283518 0.997967 -0.0636773
vn 0.0775961 0.982335 0.170283
vn -0.418894 -0.900312 -0.11818
vn 0.603613 -0.24543 -0.758562
vn -0.312628 -0.941973 0.122268
vn 0.432632 -0.453294 -0.77933
vn 0.571424 -0.248583 -0.7821
vn 0.61503 -0.196133 -0.763721
vn -0.243762 -0.959548 0.140883
vn 0.611963 -0.274756 -0.741627
vn 0.581452 -0.214984 -0.784663
vn 0.589079 -0.309407 -0.746494
vn 0.5964 -0.220281 -0.77187
vn -0.268549 -0.914462 0.302721
vn -0.154401 -0.86066 0.485206
vn 0.248623 -0.185005 0.950768
vn 0.337098 0.135382 0.931685
vn 0.358237 0.465444 0.809338
vn 0.578127 -0.0275111 -0.815483
vn 0.583885 -0.125494 -0.802078
vn 0.364492 0.772354 -0.520207
vn 0.187631 0.939958 0.285086
vn 0.375721 0.917486 -0.130589
vn 0.477585 0.779953 -0.404458
vn 0.419974 0.907526 0.00430923
vn 0.613234 -0.0934655 -0.784352
vn 0.226221 0.877445 0.422983
vn 0.336729 0.910633 0.239503
vn 0.113508 0.992424 -0.0470258
vn 0.234716 0.926905 -0.292841
vn 0.178201 0.973775 0.141444
vn 0.254382 0.966472 -0.0349637
vn 0.303301 0.946779 0.107786
vn 0.549186 -0.264708 -0.792669
vn -0.0414211 -0.955372 0.292486
vn -0.021358 -0.774828 0.631811
vn -0.0397938 -0.874488 0.483411
vn 0.618933 -0.342515 -0.706828
vn 0.187872 -0.964304 0.186606
vn 0.0614548 -0.845525 0.530388
vn 0.145576 -0.744294 0.651793
vn 0.410152 -0.899672 -0.149551
vn 0.102482 -0.631112 0.768892
vn 0.198904 -0.400652 0.89438
vn 0.29068 -0.185237 0.938718
vn 0.345541 0.014762 0.938287
vn 0.337871 -0.476659 0.811566
vn 0.351335 -0.300798 0.886614
vn 0.341258 0.241314 0.908466
vn 0.35654 0.634234 0.686023
vn 0.396265 0.433748 0.80922
vn 0.419714 0.231525 0.877631
vn 0.495346 0.572261 0.653566
vn 0.556248 0.786239 -0.269103
vn 0.497814 0.865087 0.0616935
vn 0.637375 0.760782 -0.122329
vn 0.330514 0.792725 0.512199
vn 0.401702 0.862313 0.308305
vn 0.468769 0.809087 0.354449
vn 0.583461 0.800547 0.136738
vn 0.4724 0.725266 0.500827
vn 0.616797 0.748749 0.242767
vn 0.380203 -0.767539 0.516072
vn 0.628988 -0.322008 -0.707591
vn 0.288138 -0.627606 0.723247
vn 0.440009 -0.688186 0.576882
vn 0.659733 -0.412723 -0.628023
vn 0.451404 -0.535922 0.713458
vn 0.674394 -0.60257 -0.426735
vn 0.795197 -0.246768 -0.553865
vn 0.576388 -0.402958 0.710916
vn 0.709128 -0.129876 0.693015
vn 0.767534 0.125263 0.62865
vn 0.74863 -0.177299 -0.638842
vn 0.858545 0.111216 0.500531
vn 0.459612 -0.0967711 0.882832
vn 0.509605 0.129615 0.850589
vn 0.532941 -0.245793 0.809666
vn 0.629017 0.0278766 0.776892
vn 0.648526 0.657612 0.383353
vn 0.637642 0.491172 0.593433
vn 0.640063 -0.134487 -0.756461
vn 0.777009 0.545174 0.31471
vn 0.804816 0.235771 0.544686
vn 0.74971 0.392072 0.533118
vn 0.861539 0.366663 0.351154
vn 0.523375 0.363013 0.770909
vn 0.662729 0.274482 0.696742
vn 0.587034 0.598544 -0.545103
vn 0.557867 -0.568805 0.604355
vn 0.587034 -0.598544 -0.545103
vn 0.587034 0.598544 -0.545103
vn -0.557867 0.568805 0.604355
vn -0.587034 0.598544 -0.545103
vn 0.557867 -0.568805 0.604355
vn -0.557867 0.568805 0.604355
vn -0.557867 -0.568805 0.604355
vn -0.587034 0.598544 -0.545103
vn -0.557867 -0.568805 0.604355
vn -0.587034 -0.598544 -0.545103
vn 0.587034 -0.598544 -0.545103
vn -0.557867 -0.568805 0.604355
vn -0.587034 -0.598544 -0.545103
vn 0.587034 -0.598544 -0.545103
vn -0.587034 0.598544 -0.545103
vn -0.587034 -0.598544 -0.545103
vn 0.848314 0.491145 0.19784
vn 0.57073 0.283667 -0.770585
vn 0.515817 -0.234989 -0.82384
vn 0.27973 -0.447171 -0.849582
vn -0.400789 -0.893813 -0.201164
vn 0.516414 -0.183793 -0.836383
vn -0.0211863 -0.44599 -0.894787
vn 0.57953 -0.185131 -0.793644
vn -0.346689 -0.611734 -0.711047
vn 0.044447 -0.466141 -0.883593
vn 0.493468 -0.171328 -0.852723
vn 0.556636 -0.16207 -0.814794
vn 0.541203 -0.0817589 -0.836908
vn 0.482191 -0.470864 -0.738769
vn 0.0790679 -0.768744 -0.634651
vn -0.119465 -0.755574 -0.644077
vn -0.168155 -0.98514 0.0349616
vn -0.131536 -0.973979 0.184562
vn 0.173324 0.676752 -0.715517
vn 0.594869 0.0310144 -0.803224
vn 0.618484 0.576809 -0.533636
vn 0.22262 -0.974778 0.0157481
vn 0.394289 -0.906256 -0.152436
vn 0.263253 -0.831164 0.48976
vn 0.653539 -0.552782 -0.517029
vn 0.662769 -0.0281091 -0.748296
vn 0.511492 -0.811258 0.28326
vn 0.947705 -0.311612 -0.068948
vn 0.947705 -0.311612 -0.068948
vn 0.615329 -0.708274 -0.346004
vn 0.947705 -0.311612 -0.068948
vn 0.567373 -0.50533 0.650176
vn 0.680512 -0.390079 0.620276
vn 0.978196 -0.159351 -0.133189
vn 0.926608 -0.17441 -0.333134
vn 0.756167 0.647866 0.0920966
vn 0.803036 -0.17218 -0.570515
g grp1
usemtl mtl1
f 1//1 37//37 7//7 
f 2//2 4//4 3//3 
f 7//7 37//37 2//2 
f 2//2 3//3 10//10 
f 5//5 11//11 3//3 
f 43//43 45//45 4//4 
f 2//2 43//43 4//4 
f 4//4 5//5 3//3 
f 2//2 37//37 43//43 
f 5//5 6//6 11//11 
f 6//6 20//20 11//11 
f 4//4 46//46 5//5 
f 46//46 47//47 5//5 
f 47//47 6//6 5//5 
f 47//47 48//48 6//6 
f 6//6 22//22 20//20 
f 6//6 48//48 22//22 
f 1//1 7//7 8//8 
f 7//7 12//12 8//8 
f 8//8 12//12 9//9 
f 16//16 64//64 9//9 
f 2//2 10//10 7//7 
f 3//3 11//11 10//10 
f 7//7 10//10 12//12 
f 10//10 11//11 13//13 
f 10//10 13//13 12//12 
f 9//9 12//12 16//16 
f 12//12 14//14 16//16 
f 12//12 13//13 14//14 
f 13//13 15//15 14//14 
f 13//13 20//20 15//15 
f 20//20 21//21 15//15 
f 21//21 19//19 15//15 
f 16//16 14//14 17//17 
f 14//14 15//15 18//18 
f 17//17 14//14 18//18 
f 19//19 18//18 15//15 
f 90//90 16//16 17//17 
f 17//17 18//18 91//91 
f 18//18 92//92 91//91 
f 18//18 19//19 92//92 
f 70//70 92//92 19//19 
f 11//11 20//20 13//13 
f 48//48 71//71 22//22 
f 22//22 21//21 20//20 
f 70//70 19//19 21//21 
f 24//24 26//26 23//23 
f 26//26 24//24 30//30 
f 23//23 42//42 25//25 
f 23//23 25//25 24//24 
f 25//25 42//42 205//205 
f 24//24 25//25 105//105 
f 30//30 24//24 105//105 
f 44//44 23//23 26//26 
f 46//46 45//45 27//27 
f 45//45 44//44 26//26 
f 31//31 46//46 27//27 
f 50//50 46//46 31//31 
f 26//26 28//28 27//27 
f 27//27 45//45 26//26 
f 31//31 27//27 29//29 
f 28//28 26//26 30//30 
f 104//104 108//108 28//28 
f 108//108 29//29 28//28 
f 29//29 27//27 28//28 
f 30//30 104//104 28//28 
f 50//50 31//31 32//32 
f 33//33 31//31 29//29 
f 33//33 32//32 31//31 
f 109//109 32//32 33//33 
f 109//109 117//117 32//32 
f 33//33 29//29 108//108 
f 54//54 117//117 120//120 
f 65//65 60//60 34//34 
f 42//42 41//41 36//36 
f 41//41 34//34 35//35 
f 35//35 34//34 60//60 
f 36//36 41//41 35//35 
f 44//44 37//37 38//38 
f 37//37 44//44 43//43 
f 38//38 1//1 39//39 
f 38//38 37//37 1//1 
f 39//39 1//1 65//65 
f 23//23 44//44 38//38 
f 40//40 38//38 39//39 
f 34//34 41//41 39//39 
f 65//65 34//34 39//39 
f 38//38 40//40 23//23 
f 39//39 41//41 40//40 
f 42//42 23//23 40//40 
f 40//40 41//41 42//42 
f 45//45 46//46 4//4 
f 43//43 44//44 45//45 
f 50//50 47//47 46//46 
f 47//47 50//50 49//49 
f 47//47 49//49 48//48 
f 49//49 52//52 48//48 
f 48//48 52//52 71//71 
f 50//50 51//51 49//49 
f 50//50 32//32 51//51 
f 53//53 52//52 49//49 
f 51//51 32//32 54//54 
f 49//49 51//51 53//53 
f 32//32 117//117 54//54 
f 55//55 52//52 53//53 
f 53//53 51//51 54//54 
f 53//53 54//54 56//56 
f 55//55 53//53 56//56 
f 55//55 56//56 57//57 
f 57//57 58//58 55//55 
f 55//55 58//58 79//79 
f 120//120 56//56 54//54 
f 59//59 60//60 65//65 
f 62//62 60//60 59//59 
f 59//59 68//68 61//61 
f 62//62 59//59 63//63 
f 61//61 63//63 59//59 
f 61//61 87//87 83//83 
f 61//61 83//83 63//63 
f 62//62 63//63 222//222 
f 65//65 1//1 8//8 
f 65//65 8//8 66//66 
f 66//66 8//8 9//9 
f 9//9 64//64 67//67 
f 67//67 64//64 84//84 
f 84//84 64//64 90//90 
f 90//90 64//64 16//16 
f 9//9 67//67 66//66 
f 59//59 66//66 68//68 
f 65//65 66//66 59//59 
f 66//66 67//67 68//68 
f 67//67 84//84 68//68 
f 87//87 61//61 68//68 
f 68//68 84//84 87//87 
f 22//22 71//71 72//72 
f 22//22 69//69 21//21 
f 72//72 69//69 22//22 
f 72//72 73//73 69//69 
f 70//70 21//21 69//69 
f 69//69 74//74 70//70 
f 71//71 75//75 72//72 
f 72//72 77//77 73//73 
f 74//74 69//69 73//73 
f 71//71 52//52 75//75 
f 75//75 52//52 55//55 
f 72//72 75//75 77//77 
f 75//75 76//76 77//77 
f 55//55 79//79 75//75 
f 79//79 81//81 76//76 
f 75//75 79//79 76//76 
f 77//77 76//76 80//80 
f 76//76 81//81 80//80 
f 73//73 77//77 78//78 
f 73//73 78//78 74//74 
f 77//77 80//80 78//78 
f 102//102 74//74 78//78 
f 80//80 82//82 78//78 
f 102//102 78//78 82//82 
f 81//81 79//79 58//58 
f 80//80 81//81 125//125 
f 80//80 125//125 82//82 
f 151//151 82//82 125//125 
f 103//103 102//102 82//82 
f 103//103 82//82 151//151 
f 81//81 58//58 126//126 
f 125//125 81//81 126//126 
f 83//83 132//132 63//63 
f 135//135 132//132 83//83 
f 90//90 85//85 84//84 
f 85//85 86//86 84//84 
f 88//88 86//86 85//85 
f 95//95 88//88 85//85 
f 87//87 84//84 86//86 
f 134//134 88//88 95//95 
f 89//89 87//87 86//86 
f 87//87 89//89 83//83 
f 133//133 89//89 86//86 
f 86//86 88//88 133//133 
f 83//83 89//89 135//135 
f 134//134 133//133 88//88 
f 91//91 90//90 17//17 
f 93//93 90//90 91//91 
f 91//91 92//92 94//94 
f 85//85 90//90 93//93 
f 93//93 91//91 94//94 
f 95//95 85//85 93//93 
f 94//94 95//95 93//93 
f 99//99 94//94 92//92 
f 96//96 95//95 94//94 
f 95//95 138//138 134//134 
f 96//96 138//138 95//95 
f 94//94 99//99 96//96 
f 138//138 96//96 139//139 
f 140//140 134//134 138//138 
f 70//70 97//97 92//92 
f 70//70 74//74 97//97 
f 74//74 98//98 97//97 
f 92//92 97//97 99//99 
f 98//98 74//74 102//102 
f 98//98 102//102 101//101 
f 99//99 97//97 100//100 
f 97//97 98//98 100//100 
f 98//98 101//101 100//100 
f 103//103 101//101 102//102 
f 99//99 145//145 96//96 
f 96//96 145//145 139//139 
f 145//145 99//99 100//100 
f 146//146 100//100 101//101 
f 145//145 100//100 146//146 
f 105//105 25//25 190//190 
f 190//190 204//204 105//105 
f 25//25 205//205 190//190 
f 204//204 201//201 105//105 
f 30//30 105//105 104//104 
f 105//105 106//106 104//104 
f 111//111 108//108 104//104 
f 104//104 106//106 107//107 
f 111//111 104//104 107//107 
f 201//201 106//106 105//105 
f 106//106 191//191 107//107 
f 191//191 202//202 107//107 
f 110//110 33//33 108//108 
f 109//109 33//33 110//110 
f 110//110 108//108 111//111 
f 110//110 112//112 109//109 
f 118//118 109//109 114//114 
f 107//107 113//113 111//111 
f 111//111 113//113 110//110 
f 112//112 110//110 113//113 
f 118//118 114//114 119//119 
f 116//116 113//113 107//107 
f 109//109 112//112 114//114 
f 115//115 112//112 113//113 
f 115//115 113//113 116//116 
f 114//114 112//112 115//115 
f 107//107 202//202 116//116 
f 116//116 157//157 115//115 
f 156//156 115//115 157//157 
f 115//115 156//156 114//114 
f 109//109 118//118 117//117 
f 118//118 120//120 117//117 
f 123//123 120//120 118//118 
f 118//118 119//119 123//123 
f 119//119 114//114 156//156 
f 123//123 119//119 159//159 
f 159//159 119//119 160//160 
f 121//121 56//56 120//120 
f 121//121 57//57 56//56 
f 57//57 121//121 122//122 
f 58//58 57//57 122//122 
f 126//126 58//58 122//122 
f 121//121 120//120 123//123 
f 121//121 123//123 124//124 
f 122//122 121//121 124//124 
f 129//129 126//126 122//122 
f 123//123 159//159 163//163 
f 164//164 129//129 124//124 
f 129//129 122//122 124//124 
f 163//163 124//124 123//123 
f 165//165 124//124 163//163 
f 222//222 63//63 211//211 
f 211//211 63//63 132//132 
f 127//127 125//125 126//126 
f 125//125 128//128 151//151 
f 125//125 127//127 128//128 
f 129//129 127//127 126//126 
f 131//131 128//128 127//127 
f 129//129 130//130 127//127 
f 127//127 130//130 131//131 
f 153//153 128//128 131//131 
f 131//131 186//186 153//153 
f 170//170 130//130 129//129 
f 216//216 132//132 135//135 
f 89//89 133//133 135//135 
f 133//133 134//134 136//136 
f 135//135 133//133 137//137 
f 216//216 135//135 137//137 
f 133//133 136//136 137//137 
f 137//137 136//136 142//142 
f 142//142 136//136 140//140 
f 177//177 137//137 142//142 
f 140//140 136//136 134//134 
f 140//140 138//138 141//141 
f 138//138 139//139 141//141 
f 139//139 145//145 148//148 
f 139//139 148//148 143//143 
f 139//139 143//143 141//141 
f 140//140 141//141 142//142 
f 141//141 143//143 144//144 
f 178//178 142//142 144//144 
f 142//142 141//141 144//144 
f 144//144 143//143 179//179 
f 177//177 142//142 178//178 
f 178//178 144//144 179//179 
f 150//150 143//143 148//148 
f 179//179 143//143 150//150 
f 146//146 101//101 147//147 
f 145//145 146//146 148//148 
f 147//147 101//101 152//152 
f 148//148 146//146 147//147 
f 152//152 154//154 147//147 
f 149//149 148//148 147//147 
f 149//149 147//147 155//155 
f 148//148 149//149 150//150 
f 180//180 149//149 155//155 
f 182//182 150//150 181//181 
f 150//150 149//149 181//181 
f 103//103 151//151 152//152 
f 103//103 152//152 101//101 
f 153//153 152//152 151//151 
f 128//128 153//153 151//151 
f 152//152 153//153 154//154 
f 154//154 155//155 147//147 
f 154//154 153//153 185//185 
f 154//154 185//185 155//155 
f 186//186 185//185 153//153 
f 156//156 157//157 158//158 
f 119//119 156//156 160//160 
f 156//156 158//158 160//160 
f 159//159 160//160 161//161 
f 162//162 160//160 158//158 
f 162//162 161//161 160//160 
f 161//161 162//162 169//169 
f 166//166 165//165 163//163 
f 165//165 164//164 124//124 
f 172//172 129//129 164//164 
f 161//161 163//163 159//159 
f 163//163 161//161 166//166 
f 167//167 172//172 164//164 
f 165//165 166//166 167//167 
f 167//167 164//164 165//165 
f 166//166 168//168 167//167 
f 161//161 169//169 166//166 
f 166//166 169//169 168//168 
f 176//176 167//167 168//168 
f 193//193 168//168 169//169 
f 172//172 170//170 129//129 
f 170//170 171//171 130//130 
f 131//131 171//171 186//186 
f 171//171 131//131 130//130 
f 173//173 170//170 172//172 
f 167//167 173//173 172//172 
f 174//174 171//171 170//170 
f 175//175 186//186 171//171 
f 176//176 173//173 167//167 
f 174//174 170//170 173//173 
f 171//171 174//174 175//175 
f 194//194 173//173 176//176 
f 194//194 174//174 173//173 
f 174//174 195//195 175//175 
f 217//217 137//137 177//177 
f 217//217 177//177 208//208 
f 179//179 229//229 178//178 
f 150//150 182//182 179//179 
f 177//177 178//178 208//208 
f 208//208 178//178 229//229 
f 179//179 182//182 184//184 
f 229//229 179//179 184//184 
f 183//183 181//181 180//180 
f 181//181 149//149 180//180 
f 180//180 185//185 188//188 
f 183//183 182//182 181//181 
f 180//180 188//188 183//183 
f 200//200 183//183 188//188 
f 183//183 184//184 182//182 
f 200//200 234//234 183//183 
f 184//184 183//183 234//234 
f 184//184 234//234 229//229 
f 185//185 186//186 187//187 
f 186//186 175//175 187//187 
f 155//155 185//185 180//180 
f 187//187 189//189 188//188 
f 175//175 189//189 187//187 
f 188//188 185//185 187//187 
f 195//195 189//189 175//175 
f 189//189 200//200 188//188 
f 197//197 200//200 189//189 
f 197//197 189//189 195//195 
f 201//201 191//191 106//106 
f 202//202 206//206 116//116 
f 157//157 116//116 206//206 
f 157//157 206//206 158//158 
f 203//203 42//42 36//36 
f 210//210 169//169 162//162 
f 193//193 192//192 168//168 
f 192//192 176//176 168//168 
f 196//196 192//192 226//226 
f 192//192 196//196 176//176 
f 210//210 227//227 169//169 
f 227//227 193//193 169//169 
f 227//227 259//259 193//193 
f 193//193 259//259 192//192 
f 259//259 226//226 192//192 
f 233//233 230//230 199//199 
f 194//194 195//195 174//174 
f 196//196 198//198 194//194 
f 176//176 196//196 194//194 
f 198//198 195//195 194//194 
f 198//198 199//199 195//195 
f 199//199 197//197 195//195 
f 226//226 198//198 196//196 
f 200//200 230//230 234//234 
f 197//197 230//230 200//200 
f 199//199 230//230 197//197 
f 205//205 42//42 203//203 
f 212//212 205//205 203//203 
f 212//212 203//203 220//220 
f 215//215 203//203 36//36 
f 215//215 36//36 35//35 
f 220//220 203//203 215//215 
f 217//217 216//216 137//137 
f 218//218 201//201 204//204 
f 219//219 191//191 201//201 
f 209//209 162//162 158//158 
f 207//207 35//35 60//60 
f 207//207 60//60 221//221 
f 60//60 62//62 221//221 
f 198//198 233//233 199//199 
f 218//218 219//219 201//201 
f 219//219 202//202 191//191 
f 224//224 206//206 202//202 
f 214//214 158//158 206//206 
f 214//214 209//209 158//158 
f 224//224 225//225 206//206 
f 206//206 225//225 214//214 
f 210//210 162//162 209//209 
f 215//215 35//35 207//207 
f 216//216 211//211 132//132 
f 241//241 217//217 208//208 
f 213//213 190//190 205//205 
f 204//204 190//190 213//213 
f 205//205 212//212 213//213 
f 204//204 213//213 223//223 
f 223//223 218//218 204//204 
f 219//219 224//224 202//202 
f 215//215 207//207 236//236 
f 236//236 207//207 221//221 
f 227//227 210//210 209//209 
f 221//221 62//62 222//222 
f 228//228 198//198 226//226 
f 241//241 208//208 229//229 
f 232//232 212//212 220//220 
f 213//213 231//231 223//223 
f 220//220 215//215 237//237 
f 237//237 215//215 236//236 
f 240//240 224//224 219//219 
f 244//244 220//220 237//237 
f 212//212 232//232 231//231 
f 213//213 212//212 231//231 
f 227//227 209//209 238//238 
f 268//268 222//222 211//211 
f 228//228 233//233 198//198 
f 254//254 228//228 226//226 
f 247//247 216//216 217//217 
f 249//249 217//217 241//241 
f 247//247 217//217 249//249 
f 241//241 229//229 250//250 
f 235//235 218//218 223//223 
f 218//218 235//235 219//219 
f 245//245 224//224 240//240 
f 245//245 225//225 224//224 
f 246//246 225//225 245//245 
f 232//232 220//220 244//244 
f 246//246 214//214 225//225 
f 246//246 238//238 214//214 
f 238//238 209//209 214//214 
f 221//221 272//272 236//236 
f 221//221 222//222 272//272 
f 233//233 242//242 230//230 
f 242//242 234//234 230//230 
f 250//250 229//229 234//234 
f 231//231 248//248 251//251 
f 244//244 248//248 232//232 
f 251//251 223//223 231//231 
f 235//235 223//223 251//251 
f 219//219 239//239 240//240 
f 239//239 219//219 235//235 
f 237//237 236//236 276//276 
f 236//236 272//272 276//276 
f 239//239 235//235 243//243 
f 243//243 257//257 239//239 
f 211//211 216//216 268//268 
f 235//235 251//251 243//243 
f 257//257 240//240 239//239 
f 252//252 245//245 240//240 
f 252//252 240//240 257//257 
f 278//278 244//244 237//237 
f 278//278 248//248 244//244 
f 232//232 248//248 231//231 
f 241//241 270//270 249//249 
f 261//261 243//243 251//251 
f 243//243 261//261 257//257 
f 253//253 238//238 246//246 
f 238//238 253//253 227//227 
f 227//227 263//263 259//259 
f 259//259 282//282 226//226 
f 254//254 233//233 228//228 
f 241//241 250//250 260//260 
f 234//234 255//255 250//250 
f 242//242 255//255 234//234 
f 251//251 248//248 256//256 
f 263//263 227//227 253//253 
f 242//242 233//233 267//267 
f 267//267 255//255 242//242 
f 251//251 256//256 261//261 
f 264//264 253//253 246//246 
f 263//263 253//253 264//264 
f 268//268 216//216 247//247 
f 266//266 250//250 255//255 
f 252//252 258//258 245//245 
f 262//262 245//245 258//258 
f 245//245 262//262 246//246 
f 268//268 272//272 222//222 
f 237//237 276//276 278//278 
f 247//247 274//274 273//273 
f 269//269 247//247 249//249 
f 270//270 241//241 260//260 
f 281//281 270//270 260//260 
f 233//233 254//254 265//265 
f 265//265 267//267 233//233 
f 256//256 248//248 298//298 
f 256//256 298//298 309//309 
f 256//256 309//309 261//261 
f 252//252 257//257 271//271 
f 264//264 246//246 262//262 
f 273//273 268//268 247//247 
f 295//295 265//265 254//254 
f 295//295 293//293 265//265 
f 265//265 293//293 267//267 
f 274//274 247//247 269//269 
f 260//260 250//250 266//266 
f 267//267 266//266 255//255 
f 334//334 261//261 309//309 
f 334//334 275//275 261//261 
f 257//257 261//261 275//275 
f 275//275 271//271 257//257 
f 271//271 258//258 252//252 
f 269//269 249//249 270//270 
f 260//260 287//287 281//281 
f 277//277 258//258 271//271 
f 277//277 262//262 258//258 
f 274//274 284//284 273//273 
f 287//287 260//260 266//266 
f 318//318 248//248 278//278 
f 262//262 277//277 280//280 
f 259//259 289//289 282//282 
f 290//290 272//272 268//268 
f 283//283 254//254 226//226 
f 269//269 270//270 285//285 
f 274//274 269//269 285//285 
f 281//281 286//286 270//270 
f 491//491 275//275 334//334 
f 491//491 271//271 275//275 
f 280//280 264//264 262//262 
f 300//300 264//264 280//280 
f 300//300 279//279 264//264 
f 279//279 263//263 264//264 
f 279//279 300//300 288//288 
f 276//276 272//272 290//290 
f 263//263 279//279 259//259 
f 279//279 288//288 259//259 
f 286//286 285//285 270//270 
f 297//297 281//281 287//287 
f 267//267 293//293 266//266 
f 299//299 280//280 277//277 
f 318//318 278//278 276//276 
f 288//288 289//289 259//259 
f 284//284 274//274 285//285 
f 300//300 280//280 299//299 
f 300//300 311//311 288//288 
f 290//290 319//319 276//276 
f 282//282 289//289 283//283 
f 282//282 283//283 226//226 
f 268//268 273//273 291//291 
f 284//284 285//285 320//320 
f 284//284 291//291 273//273 
f 292//292 285//285 286//286 
f 283//283 295//295 254//254 
f 286//286 281//281 297//297 
f 266//266 293//293 287//287 
f 248//248 318//318 298//298 
f 276//276 319//319 318//318 
f 283//283 289//289 302//302 
f 288//288 301//301 289//289 
f 301//301 302//302 289//289 
f 288//288 311//311 301//301 
f 290//290 291//291 329//329 
f 268//268 291//291 290//290 
f 303//303 295//295 283//283 
f 302//302 303//303 283//283 
f 316//316 320//320 285//285 
f 322//322 285//285 292//292 
f 316//316 285//285 322//322 
f 323//323 292//292 305//305 
f 292//292 286//286 305//305 
f 294//294 287//287 293//293 
f 297//297 287//287 294//294 
f 296//296 293//293 295//295 
f 296//296 294//294 293//293 
f 303//303 296//296 295//295 
f 305//305 286//286 297//297 
f 305//305 297//297 317//317 
f 353//353 298//298 318//318 
f 310//310 300//300 299//299 
f 311//311 300//300 310//310 
f 403//403 318//318 319//319 
f 311//311 312//312 301//301 
f 301//301 312//312 313//313 
f 284//284 331//331 291//291 
f 331//331 284//284 320//320 
f 302//302 313//313 304//304 
f 302//302 301//301 313//313 
f 304//304 303//303 302//302 
f 303//303 304//304 308//308 
f 308//308 304//304 325//325 
f 322//322 292//292 323//323 
f 317//317 297//297 306//306 
f 297//297 294//294 306//306 
f 296//296 307//307 294//294 
f 306//306 294//294 307//307 
f 308//308 307//307 296//296 
f 306//306 307//307 324//324 
f 308//308 296//296 303//303 
f 311//311 310//310 328//328 
f 330//330 311//311 328//328 
f 311//311 330//330 396//396 
f 311//311 396//396 312//312 
f 331//331 329//329 291//291 
f 314//314 313//313 312//312 
f 315//315 313//313 314//314 
f 315//315 304//304 313//313 
f 321//321 304//304 315//315 
f 305//305 317//317 350//350 
f 323//323 305//305 350//350 
f 317//317 306//306 324//324 
f 307//307 326//326 324//324 
f 325//325 307//307 308//308 
f 491//491 327//327 271//271 
f 277//277 271//271 327//327 
f 327//327 355//355 277//277 
f 355//355 299//299 277//277 
f 299//299 356//356 310//310 
f 328//328 310//310 356//356 
f 290//290 329//329 319//319 
f 396//396 314//314 312//312 
f 325//325 321//321 425//425 
f 339//339 316//316 322//322 
f 332//332 323//323 350//350 
f 322//322 323//323 332//332 
f 317//317 324//324 352//352 
f 326//326 307//307 325//325 
f 321//321 325//325 304//304 
f 298//298 354//354 309//309 
f 298//298 353//353 354//354 
f 355//355 356//356 299//299 
f 353//353 318//318 403//403 
f 403//403 319//319 358//358 
f 331//331 365//365 329//329 
f 358//358 319//319 329//329 
f 396//396 330//330 338//338 
f 338//338 330//330 328//328 
f 314//314 476//476 479//479 
f 396//396 476//476 314//314 
f 479//479 315//315 314//314 
f 340//340 322//322 343//343 
f 339//339 322//322 340//340 
f 343//343 322//322 333//333 
f 343//343 333//333 345//345 
f 333//333 322//322 332//332 
f 333//333 332//332 345//345 
f 317//317 352//352 350//350 
f 353//353 462//462 354//354 
f 354//354 334//334 309//309 
f 357//357 328//328 356//356 
f 357//357 335//335 328//328 
f 328//328 335//335 336//336 
f 335//335 363//363 336//336 
f 357//357 362//362 335//335 
f 362//362 363//363 335//335 
f 329//329 365//365 358//358 
f 328//328 336//336 337//337 
f 338//338 328//328 337//337 
f 338//338 435//435 396//396 
f 366//366 331//331 320//320 
f 341//341 344//344 388//388 
f 384//384 342//342 383//383 
f 862//862 859//859 387//387 
f 865//865 386//386 860//860 
f 861//861 871//871 874//874 
f 341//341 340//340 343//343 
f 344//344 341//341 343//343 
f 347//347 332//332 350//350 
f 347//347 345//345 332//332 
f 344//344 343//343 345//345 
f 344//344 345//345 346//346 
f 345//345 347//347 346//346 
f 346//346 347//347 349//349 
f 388//388 344//344 348//348 
f 348//348 344//344 346//346 
f 348//348 346//346 349//349 
f 347//347 401//401 349//349 
f 398//398 348//348 397//397 
f 349//349 397//397 348//348 
f 350//350 352//352 351//351 
f 347//347 350//350 401//401 
f 359//359 362//362 357//357 
f 360//360 364//364 359//359 
f 357//357 361//361 359//359 
f 359//359 361//361 360//360 
f 361//361 372//372 360//360 
f 364//364 363//363 362//362 
f 359//359 364//364 362//362 
f 363//363 364//364 360//360 
f 331//331 366//366 365//365 
f 367//367 378//378 360//360 
f 368//368 378//378 367//367 
f 360//360 372//372 367//367 
f 369//369 367//367 373//373 
f 367//367 369//369 368//368 
f 370//370 371//371 369//369 
f 371//371 376//376 369//369 
f 391//391 392//392 370//370 
f 370//370 392//392 371//371 
f 371//371 392//392 376//376 
f 372//372 373//373 367//367 
f 406//406 373//373 372//372 
f 406//406 370//370 373//373 
f 373//373 370//370 369//369 
f 368//368 369//369 375//375 
f 374//374 368//368 375//375 
f 407//407 370//370 406//406 
f 369//369 376//376 375//375 
f 391//391 370//370 407//407 
f 375//375 376//376 395//395 
f 363//363 377//377 336//336 
f 336//336 377//377 337//337 
f 378//378 380//380 363//363 
f 380//380 379//379 363//363 
f 378//378 363//363 360//360 
f 379//379 377//377 363//363 
f 368//368 380//380 378//378 
f 413//413 379//379 408//408 
f 380//380 368//368 374//374 
f 409//409 380//380 374//374 
f 379//379 380//380 409//409 
f 409//409 374//374 375//375 
f 413//413 337//337 377//377 
f 379//379 413//413 377//377 
f 404//404 366//366 320//320 
f 320//320 316//316 404//404 
f 316//316 339//339 404//404 
f 341//341 381//381 340//340 
f 341//341 388//388 389//389 
f 341//341 389//389 382//382 
f 381//381 341//341 382//382 
f 392//392 382//382 877//877 
f 391//391 382//382 392//392 
f 391//391 407//407 382//382 
f 863//863 385//385 866//866 
f 864//864 875//875 868//868 
f 869//869 872//872 867//867 
f 870//870 876//876 873//873 
f 398//398 388//388 348//348 
f 878//878 388//388 398//398 
f 390//390 878//878 398//398 
f 394//394 878//878 390//390 
f 394//394 392//392 878//878 
f 395//395 393//393 415//415 
f 395//395 376//376 393//393 
f 376//376 392//392 393//393 
f 392//392 394//394 393//393 
f 393//393 394//394 415//415 
f 415//415 394//394 416//416 
f 416//416 394//394 390//390 
f 417//417 390//390 421//421 
f 390//390 417//417 416//416 
f 349//349 400//400 397//397 
f 400//400 349//349 402//402 
f 401//401 402//402 349//349 
f 390//390 398//398 399//399 
f 399//399 398//398 397//397 
f 400//400 399//399 397//397 
f 482//482 400//400 402//402 
f 421//421 390//390 399//399 
f 421//421 399//399 400//400 
f 350//350 351//351 401//401 
f 454//454 402//402 401//401 
f 324//324 326//326 427//427 
f 428//428 356//356 355//355 
f 361//361 357//357 422//422 
f 358//358 466//466 403//403 
f 404//404 513//513 366//366 
f 406//406 405//405 407//407 
f 405//405 406//406 372//372 
f 430//430 407//407 405//405 
f 430//430 405//405 372//372 
f 395//395 412//412 410//410 
f 395//395 410//410 375//375 
f 409//409 408//408 379//379 
f 375//375 410//410 409//409 
f 413//413 408//408 414//414 
f 409//409 411//411 408//408 
f 411//411 414//414 408//408 
f 410//410 411//411 409//409 
f 412//412 411//411 410//410 
f 423//423 338//338 337//337 
f 414//414 423//423 413//413 
f 423//423 337//337 413//413 
f 339//339 340//340 523//523 
f 444//444 382//382 407//407 
f 418//418 415//415 416//416 
f 418//418 417//417 419//419 
f 419//419 417//417 421//421 
f 418//418 416//416 417//417 
f 395//395 415//415 412//412 
f 415//415 420//420 412//412 
f 415//415 418//418 420//420 
f 425//425 326//326 325//325 
f 326//326 425//425 438//438 
f 426//426 352//352 439//439 
f 439//439 352//352 324//324 
f 354//354 459//459 334//334 
f 429//429 356//356 428//428 
f 357//357 356//356 429//429 
f 422//422 357//357 429//429 
f 358//358 365//365 470//470 
f 365//365 366//366 470//470 
f 430//430 445//445 407//407 
f 445//445 444//444 407//407 
f 431//431 414//414 411//411 
f 412//412 424//424 411//411 
f 411//411 424//424 431//431 
f 431//431 432//432 414//414 
f 414//414 432//432 423//423 
f 420//420 434//434 412//412 
f 434//434 424//424 412//412 
f 437//437 418//418 419//419 
f 447//447 424//424 434//434 
f 434//434 420//420 418//418 
f 423//423 450//450 338//338 
f 450//450 435//435 338//338 
f 396//396 435//435 476//476 
f 450//450 423//423 432//432 
f 482//482 402//402 454//454 
f 437//437 419//419 421//421 
f 437//437 421//421 436//436 
f 421//421 400//400 436//436 
f 427//427 326//326 438//438 
f 351//351 352//352 426//426 
f 439//439 324//324 427//427 
f 456//456 426//426 439//439 
f 459//459 354//354 462//462 
f 493//493 327//327 491//491 
f 493//493 355//355 327//327 
f 548//548 429//429 428//428 
f 429//429 440//440 422//422 
f 440//440 361//361 422//422 
f 442//442 372//372 361//361 
f 372//372 442//442 441//441 
f 430//430 372//372 441//441 
f 443//443 381//381 382//382 
f 473//473 443//443 382//382 
f 443//443 593//593 433//433 
f 444//444 473//473 382//382 
f 424//424 447//447 449//449 
f 424//424 449//449 431//431 
f 525//525 433//433 593//593 
f 525//525 340//340 433//433 
f 433//433 340//340 381//381 
f 381//381 443//443 433//433 
f 447//447 434//434 475//475 
f 418//418 446//446 434//434 
f 418//418 437//437 446//446 
f 446//446 475//475 434//434 
f 435//435 695//695 476//476 
f 482//482 436//436 400//400 
f 451//451 321//321 315//315 
f 452//452 438//438 425//425 
f 438//438 452//452 458//458 
f 479//479 451//451 315//315 
f 454//454 401//401 351//351 
f 351//351 426//426 455//455 
f 454//454 351//351 455//455 
f 455//455 426//426 456//456 
f 457//457 439//439 427//427 
f 457//457 427//427 458//458 
f 456//456 439//439 457//457 
f 427//427 438//438 458//458 
f 466//466 465//465 403//403 
f 469//469 442//442 361//361 
f 440//440 469//469 361//361 
f 472//472 470//470 366//366 
f 669//669 430//430 441//441 
f 445//445 430//430 669//669 
f 441//441 442//442 511//511 
f 511//511 571//571 441//441 
f 669//669 441//441 571//571 
f 442//442 469//469 511//511 
f 513//513 404//404 522//522 
f 522//522 404//404 339//339 
f 340//340 525//525 523//523 
f 594//594 593//593 443//443 
f 594//594 443//443 473//473 
f 474//474 431//431 449//449 
f 437//437 448//448 446//446 
f 448//448 475//475 446//446 
f 475//475 527//527 447//447 
f 526//526 475//475 448//448 
f 450//450 432//432 529//529 
f 529//529 435//435 450//450 
f 477//477 437//437 478//478 
f 478//478 437//437 436//436 
f 448//448 437//437 477//477 
f 436//436 601//601 478//478 
f 601//601 436//436 482//482 
f 425//425 453//453 452//452 
f 425//425 321//321 453//453 
f 453//453 480//480 452//452 
f 534//534 482//482 454//454 
f 534//534 454//454 455//455 
f 455//455 456//456 483//483 
f 483//483 457//457 485//485 
f 456//456 457//457 483//483 
f 458//458 484//484 457//457 
f 484//484 458//458 452//452 
f 480//480 484//484 452//452 
f 459//459 462//462 486//486 
f 462//462 353//353 460//460 
f 463//463 467//467 460//460 
f 460//460 353//353 463//463 
f 460//460 467//467 494//494 
f 460//460 494//494 461//461 
f 461//461 462//462 460//460 
f 506//506 494//494 502//502 
f 496//496 461//461 494//494 
f 464//464 467//467 463//463 
f 463//463 403//403 464//464 
f 353//353 403//403 463//463 
f 464//464 403//403 465//465 
f 502//502 467//467 464//464 
f 468//468 465//465 466//466 
f 502//502 464//464 468//468 
f 464//464 465//465 468//468 
f 468//468 466//466 471//471 
f 466//466 470//470 471//471 
f 494//494 467//467 502//502 
f 502//502 468//468 503//503 
f 471//471 503//503 468//468 
f 466//466 358//358 470//470 
f 470//470 472//472 512//512 
f 512//512 471//471 470//470 
f 513//513 516//516 472//472 
f 513//513 472//472 366//366 
f 522//522 339//339 523//523 
f 449//449 596//596 474//474 
f 474//474 528//528 431//431 
f 596//596 597//597 474//474 
f 528//528 432//432 431//431 
f 448//448 530//530 526//526 
f 527//527 475//475 526//526 
f 596//596 449//449 447//447 
f 529//529 432//432 528//528 
f 530//530 448//448 477//477 
f 530//530 477//477 478//478 
f 453//453 321//321 451//451 
f 479//479 453//453 451//451 
f 481//481 479//479 476//476 
f 481//481 453//453 479//479 
f 485//485 535//535 483//483 
f 487//487 459//459 486//486 
f 334//334 459//459 490//490 
f 488//488 487//487 486//486 
f 490//490 459//459 487//487 
f 489//489 490//490 487//487 
f 488//488 489//489 487//487 
f 538//538 490//490 489//489 
f 488//488 500//500 489//489 
f 489//489 500//500 539//539 
f 539//539 540//540 489//489 
f 489//489 540//540 538//538 
f 490//490 491//491 334//334 
f 490//490 492//492 491//491 
f 428//428 355//355 493//493 
f 491//491 492//492 493//493 
f 495//495 462//462 461//461 
f 495//495 461//461 496//496 
f 486//486 462//462 495//495 
f 494//494 506//506 497//497 
f 495//495 498//498 488//488 
f 488//488 486//486 495//495 
f 494//494 497//497 496//496 
f 496//496 498//498 495//495 
f 500//500 488//488 498//498 
f 498//498 496//496 550//550 
f 499//499 497//497 506//506 
f 550//550 500//500 498//498 
f 550//550 496//496 501//501 
f 501//501 496//496 497//497 
f 501//501 497//497 499//499 
f 501//501 552//552 550//550 
f 551//551 501//501 499//499 
f 552//552 501//501 551//551 
f 562//562 429//429 548//548 
f 506//506 502//502 504//504 
f 504//504 502//502 503//503 
f 505//505 503//503 471//471 
f 507//507 504//504 503//503 
f 507//507 503//503 505//505 
f 509//509 504//504 507//507 
f 508//508 507//507 505//505 
f 508//508 505//505 514//514 
f 509//509 506//506 504//504 
f 499//499 506//506 509//509 
f 551//551 499//499 565//565 
f 565//565 499//499 509//509 
f 510//510 509//509 507//507 
f 510//510 507//507 508//508 
f 519//519 510//510 508//508 
f 472//472 515//515 512//512 
f 472//472 516//516 515//515 
f 517//517 516//516 513//513 
f 505//505 471//471 514//514 
f 471//471 512//512 514//514 
f 512//512 515//515 514//514 
f 515//515 516//516 518//518 
f 519//519 514//514 515//515 
f 520//520 518//518 516//516 
f 517//517 520//520 516//516 
f 508//508 514//514 519//519 
f 519//519 515//515 518//518 
f 517//517 521//521 520//520 
f 521//521 517//517 522//522 
f 579//579 520//520 521//521 
f 572//572 519//519 518//518 
f 572//572 518//518 520//520 
f 575//575 520//520 579//579 
f 513//513 522//522 517//517 
f 522//522 524//524 521//521 
f 580//580 579//579 521//521 
f 522//522 523//523 524//524 
f 580//580 521//521 524//524 
f 524//524 523//523 525//525 
f 597//597 528//528 474//474 
f 526//526 530//530 697//697 
f 600//600 596//596 447//447 
f 527//527 600//600 447//447 
f 529//529 528//528 694//694 
f 435//435 529//529 695//695 
f 531//531 478//478 601//601 
f 531//531 530//530 478//478 
f 481//481 532//532 453//453 
f 532//532 480//480 453//453 
f 532//532 533//533 480//480 
f 715//715 601//601 482//482 
f 603//603 534//534 604//604 
f 603//603 482//482 534//534 
f 604//604 534//534 606//606 
f 534//534 455//455 483//483 
f 534//534 483//483 535//535 
f 534//534 535//535 606//606 
f 606//606 535//535 607//607 
f 480//480 533//533 484//484 
f 535//535 485//485 536//536 
f 536//536 485//485 457//457 
f 537//537 484//484 533//533 
f 536//536 457//457 484//484 
f 537//537 536//536 484//484 
f 698//698 537//537 533//533 
f 539//539 542//542 540//540 
f 540//540 541//541 538//538 
f 540//540 542//542 543//543 
f 543//543 541//541 540//540 
f 541//541 543//543 546//546 
f 538//538 544//544 490//490 
f 490//490 544//544 492//492 
f 544//544 545//545 492//492 
f 545//545 547//547 492//492 
f 541//541 544//544 538//538 
f 541//541 546//546 544//544 
f 546//546 545//545 544//544 
f 546//546 608//608 545//545 
f 492//492 547//547 493//493 
f 547//547 428//428 493//493 
f 547//547 548//548 428//428 
f 547//547 549//549 548//548 
f 545//545 549//549 547//547 
f 545//545 608//608 549//549 
f 608//608 625//625 549//549 
f 550//550 552//552 554//554 
f 551//551 566//566 552//552 
f 539//539 500//500 553//553 
f 550//550 554//554 553//553 
f 553//553 500//500 550//550 
f 553//553 542//542 539//539 
f 553//553 554//554 556//556 
f 542//542 553//553 556//556 
f 555//555 552//552 566//566 
f 552//552 555//555 554//554 
f 568//568 555//555 566//566 
f 558//558 556//556 554//554 
f 557//557 558//558 554//554 
f 554//554 555//555 557//557 
f 568//568 557//557 555//555 
f 556//556 558//558 560//560 
f 556//556 560//560 542//542 
f 609//609 613//613 558//558 
f 558//558 557//557 609//609 
f 542//542 559//559 543//543 
f 542//542 560//560 559//559 
f 561//561 562//562 548//548 
f 549//549 561//561 548//548 
f 549//549 625//625 561//561 
f 561//561 626//626 562//562 
f 440//440 563//563 469//469 
f 440//440 429//429 562//562 
f 564//564 469//469 563//563 
f 562//562 563//563 440//440 
f 562//562 626//626 563//563 
f 566//566 551//551 565//565 
f 567//567 565//565 510//510 
f 510//510 565//565 509//509 
f 519//519 573//573 510//510 
f 567//567 566//566 565//565 
f 567//567 510//510 573//573 
f 566//566 567//567 568//568 
f 573//573 569//569 567//567 
f 569//569 568//568 567//567 
f 573//573 577//577 569//569 
f 569//569 577//577 570//570 
f 568//568 635//635 557//557 
f 568//568 569//569 570//570 
f 635//635 568//568 570//570 
f 635//635 609//609 557//557 
f 570//570 636//636 635//635 
f 511//511 469//469 564//564 
f 511//511 564//564 668//668 
f 511//511 668//668 571//571 
f 572//572 520//520 575//575 
f 574//574 573//573 519//519 
f 574//574 519//519 572//572 
f 572//572 575//575 574//574 
f 576//576 575//575 581//581 
f 575//575 579//579 581//581 
f 574//574 577//577 573//573 
f 574//574 575//575 576//576 
f 577//577 574//574 576//576 
f 578//578 577//577 576//576 
f 578//578 576//576 585//585 
f 585//585 576//576 581//581 
f 578//578 570//570 577//577 
f 582//582 579//579 580//580 
f 582//582 580//580 583//583 
f 582//582 581//581 579//579 
f 592//592 583//583 591//591 
f 581//581 584//584 585//585 
f 584//584 581//581 582//582 
f 583//583 586//586 582//582 
f 586//586 583//583 592//592 
f 586//586 584//584 582//582 
f 592//592 679//679 586//586 
f 672//672 585//585 584//584 
f 592//592 595//595 587//587 
f 595//595 594//594 587//587 
f 587//587 678//678 592//592 
f 678//678 679//679 592//592 
f 444//444 589//589 473//473 
f 588//588 594//594 473//473 
f 445//445 686//686 444//444 
f 686//686 589//589 444//444 
f 588//588 473//473 589//589 
f 588//588 587//587 594//594 
f 590//590 686//686 445//445 
f 686//686 687//687 589//589 
f 687//687 588//588 589//589 
f 590//590 445//445 669//669 
f 580//580 524//524 591//591 
f 591//591 524//524 525//525 
f 580//580 591//591 583//583 
f 592//592 591//591 525//525 
f 525//525 593//593 595//595 
f 595//595 593//593 594//594 
f 592//592 525//525 595//595 
f 596//596 693//693 597//597 
f 528//528 597//597 694//694 
f 598//598 527//527 526//526 
f 599//599 526//526 697//697 
f 527//527 598//598 600//600 
f 598//598 526//526 599//599 
f 692//692 600//600 598//598 
f 692//692 596//596 600//600 
f 695//695 529//529 728//728 
f 695//695 602//602 476//476 
f 602//602 481//481 476//476 
f 714//714 531//531 601//601 
f 714//714 530//530 531//531 
f 715//715 714//714 601//601 
f 697//697 530//530 714//714 
f 533//533 700//700 698//698 
f 532//532 700//700 533//533 
f 481//481 602//602 532//532 
f 699//699 700//700 532//532 
f 699//699 532//532 602//602 
f 715//715 482//482 603//603 
f 605//605 715//715 603//603 
f 605//605 603//603 604//604 
f 702//702 605//605 604//604 
f 605//605 702//702 719//719 
f 702//702 604//604 606//606 
f 702//702 606//606 703//703 
f 606//606 607//607 703//703 
f 704//704 703//703 607//607 
f 706//706 704//704 607//607 
f 607//607 535//535 536//536 
f 705//705 537//537 698//698 
f 537//537 706//706 536//536 
f 706//706 607//607 536//536 
f 706//706 537//537 705//705 
f 608//608 546//546 619//619 
f 629//629 608//608 619//619 
f 613//613 560//560 558//558 
f 613//613 609//609 615//615 
f 609//609 641//641 615//615 
f 543//543 610//610 546//546 
f 611//611 610//610 543//543 
f 559//559 611//611 543//543 
f 612//612 611//611 559//559 
f 559//559 560//560 612//612 
f 611//611 620//620 610//610 
f 614//614 620//620 611//611 
f 612//612 560//560 613//613 
f 615//615 612//612 613//613 
f 611//611 612//612 614//614 
f 615//615 614//614 612//612 
f 616//616 620//620 614//614 
f 614//614 615//615 617//617 
f 615//615 641//641 617//617 
f 616//616 614//614 617//617 
f 616//616 617//617 618//618 
f 616//616 618//618 623//623 
f 618//618 617//617 647//647 
f 618//618 647//647 649//649 
f 610//610 619//619 546//546 
f 620//620 619//619 610//610 
f 621//621 619//619 620//620 
f 629//629 619//619 621//621 
f 621//621 620//620 616//616 
f 616//616 622//622 621//621 
f 621//621 622//622 629//629 
f 616//616 623//623 622//622 
f 622//622 623//623 624//624 
f 665//665 634//634 624//624 
f 624//624 623//623 650//650 
f 618//618 649//649 623//623 
f 629//629 625//625 608//608 
f 625//625 626//626 561//561 
f 564//564 563//563 628//628 
f 629//629 627//627 625//625 
f 627//627 626//626 625//625 
f 628//628 626//626 627//627 
f 563//563 626//626 628//628 
f 630//630 627//627 629//629 
f 631//631 627//627 630//630 
f 627//627 631//631 628//628 
f 632//632 628//628 631//631 
f 670//670 628//628 632//632 
f 630//630 629//629 622//622 
f 658//658 632//632 661//661 
f 632//632 658//658 670//670 
f 634//634 630//630 622//622 
f 631//631 630//630 634//634 
f 633//633 631//631 634//634 
f 632//632 631//631 633//633 
f 665//665 633//633 634//634 
f 661//661 633//633 665//665 
f 633//633 661//661 632//632 
f 634//634 622//622 624//624 
f 670//670 564//564 628//628 
f 570//570 637//637 636//636 
f 641//641 609//609 638//638 
f 638//638 609//609 635//635 
f 636//636 638//638 635//635 
f 636//636 637//637 639//639 
f 570//570 578//578 637//637 
f 636//636 639//639 638//638 
f 642//642 641//641 638//638 
f 639//639 642//642 638//638 
f 642//642 639//639 640//640 
f 637//637 640//640 639//639 
f 640//640 637//637 673//673 
f 642//642 640//640 644//644 
f 640//640 645//645 644//644 
f 645//645 677//677 646//646 
f 617//617 641//641 643//643 
f 617//617 643//643 647//647 
f 642//642 643//643 641//641 
f 643//643 642//642 644//644 
f 647//647 644//644 648//648 
f 644//644 645//645 648//648 
f 646//646 648//648 645//645 
f 644//644 647//647 643//643 
f 647//647 648//648 649//649 
f 657//657 667//667 654//654 
f 646//646 656//656 648//648 
f 657//657 656//656 683//683 
f 667//667 657//657 683//683 
f 623//623 649//649 650//650 
f 650//650 651//651 624//624 
f 624//624 651//651 665//665 
f 649//649 652//652 650//650 
f 652//652 651//651 650//650 
f 652//652 653//653 651//651 
f 651//651 653//653 654//654 
f 651//651 654//654 665//665 
f 649//649 648//648 652//652 
f 652//652 648//648 655//655 
f 652//652 655//655 653//653 
f 653//653 655//655 657//657 
f 655//655 648//648 656//656 
f 655//655 656//656 657//657 
f 653//653 657//657 654//654 
f 659//659 688//688 669//669 
f 671//671 658//658 660//660 
f 659//659 671//671 660//660 
f 659//659 689//689 688//688 
f 660//660 658//658 661//661 
f 663//663 659//659 660//660 
f 689//689 663//663 664//664 
f 689//689 659//659 663//663 
f 661//661 662//662 660//660 
f 662//662 663//663 660//660 
f 666//666 662//662 665//665 
f 662//662 666//666 663//663 
f 664//664 663//663 666//666 
f 661//661 665//665 662//662 
f 654//654 666//666 665//665 
f 654//654 667//667 666//666 
f 666//666 667//667 664//664 
f 668//668 671//671 571//571 
f 571//571 671//671 669//669 
f 670//670 658//658 668//668 
f 564//564 670//670 668//668 
f 668//668 658//658 671//671 
f 671//671 659//659 669//669 
f 578//578 673//673 637//637 
f 578//578 585//585 672//672 
f 674//674 672//672 584//584 
f 674//674 584//584 586//586 
f 674//674 586//586 679//679 
f 673//673 578//578 672//672 
f 676//676 675//675 674//674 
f 679//679 676//676 674//674 
f 672//672 675//675 673//673 
f 672//672 674//674 675//675 
f 675//675 676//676 677//677 
f 679//679 682//682 676//676 
f 640//640 675//675 645//645 
f 640//640 673//673 675//675 
f 677//677 682//682 685//685 
f 677//677 676//676 682//682 
f 677//677 645//645 675//675 
f 646//646 677//677 685//685 
f 681//681 678//678 680//680 
f 587//587 680//680 678//678 
f 678//678 681//681 679//679 
f 690//690 680//680 687//687 
f 681//681 682//682 679//679 
f 681//681 690//690 683//683 
f 681//681 684//684 682//682 
f 680//680 690//690 681//681 
f 683//683 684//684 681//681 
f 667//667 683//683 691//691 
f 685//685 682//682 684//684 
f 656//656 646//646 685//685 
f 684//684 656//656 685//685 
f 683//683 656//656 684//684 
f 669//669 688//688 590//590 
f 686//686 590//590 688//688 
f 690//690 687//687 686//686 
f 587//587 687//687 680//680 
f 588//588 687//687 587//587 
f 691//691 689//689 664//664 
f 691//691 686//686 689//689 
f 689//689 686//686 688//688 
f 691//691 690//690 686//686 
f 691//691 683//683 690//690 
f 691//691 664//664 667//667 
f 692//692 598//598 709//709 
f 596//596 692//692 693//693 
f 692//692 710//710 693//693 
f 694//694 597//597 693//693 
f 711//711 599//599 697//697 
f 599//599 708//708 598//598 
f 708//708 599//599 711//711 
f 696//696 728//728 529//529 
f 696//696 529//529 694//694 
f 695//695 713//713 602//602 
f 699//699 718//718 700//700 
f 718//718 716//716 700//700 
f 700//700 716//716 698//698 
f 718//718 699//699 701//701 
f 701//701 699//699 602//602 
f 698//698 716//716 717//717 
f 713//713 701//701 602//602 
f 715//715 605//605 719//719 
f 707//707 704//704 706//706 
f 720//720 704//704 707//707 
f 717//717 705//705 698//698 
f 707//707 706//706 705//705 
f 717//717 707//707 705//705 
f 708//708 709//709 598//598 
f 708//708 725//725 709//709 
f 708//708 723//723 725//725 
f 709//709 710//710 692//692 
f 710//710 726//726 693//693 
f 726//726 694//694 693//693 
f 694//694 726//726 727//727 
f 696//696 694//694 727//727 
f 696//696 727//727 728//728 
f 723//723 711//711 756//756 
f 697//697 756//756 711//711 
f 708//708 711//711 723//723 
f 713//713 695//695 728//728 
f 730//730 712//712 713//713 
f 729//729 712//712 730//730 
f 732//732 697//697 731//731 
f 717//717 721//721 720//720 
f 721//721 717//717 735//735 
f 737//737 735//735 717//717 
f 712//712 701//701 713//713 
f 718//718 701//701 712//712 
f 736//736 716//716 718//718 
f 729//729 718//718 712//712 
f 729//729 738//738 718//718 
f 738//738 736//736 718//718 
f 736//736 717//717 716//716 
f 719//719 702//702 740//740 
f 702//702 703//703 740//740 
f 740//740 703//703 722//722 
f 720//720 703//703 704//704 
f 720//720 707//707 717//717 
f 722//722 703//703 720//720 
f 720//720 721//721 722//722 
f 722//722 721//721 735//735 
f 709//709 725//725 742//742 
f 742//742 710//710 709//709 
f 725//725 723//723 724//724 
f 747//747 723//723 756//756 
f 755//755 754//754 697//697 
f 755//755 697//697 732//732 
f 738//738 729//729 730//730 
f 697//697 714//714 731//731 
f 732//732 731//731 758//758 
f 714//714 715//715 733//733 
f 734//734 731//731 714//714 
f 714//714 733//733 734//734 
f 758//758 734//734 760//760 
f 758//758 731//731 734//734 
f 734//734 733//733 761//761 
f 737//737 768//768 735//735 
f 735//735 766//766 722//722 
f 735//735 768//768 766//766 
f 717//717 736//736 737//737 
f 739//739 737//737 736//736 
f 739//739 736//736 738//738 
f 733//733 715//715 770//770 
f 761//761 733//733 770//770 
f 715//715 719//719 770//770 
f 770//770 719//719 771//771 
f 771//771 719//719 772//772 
f 772//772 719//719 740//740 
f 766//766 740//740 722//722 
f 742//742 725//725 741//741 
f 725//725 748//748 741//741 
f 752//752 753//753 879//879 
f 885//885 741//741 748//748 
f 753//753 743//743 879//879 
f 743//743 880//880 879//879 
f 743//743 745//745 744//744 
f 743//743 744//744 880//880 
f 742//742 881//881 773//773 
f 745//745 753//753 774//774 
f 743//743 753//753 745//745 
f 774//774 744//744 745//745 
f 777//777 774//774 753//753 
f 710//710 742//742 773//773 
f 748//748 725//725 724//724 
f 746//746 724//724 723//723 
f 746//746 723//723 747//747 
f 754//754 747//747 756//756 
f 749//749 748//748 724//724 
f 724//724 746//746 749//749 
f 883//883 746//746 750//750 
f 882//882 777//777 884//884 
f 750//750 746//746 747//747 
f 751//751 777//777 882//882 
f 887//887 751//751 882//882 
f 748//748 749//749 885//885 
f 750//750 886//886 883//883 
f 751//751 790//790 777//777 
f 790//790 751//751 887//887 
f 753//753 752//752 884//884 
f 777//777 753//753 884//884 
f 786//786 713//713 728//728 
f 754//754 756//756 697//697 
f 757//757 754//754 755//755 
f 755//755 732//732 757//757 
f 790//790 887//887 888//888 
f 787//787 738//738 730//730 
f 786//786 730//730 713//713 
f 788//788 738//738 787//787 
f 786//786 787//787 730//730 
f 757//757 732//732 759//759 
f 732//732 758//758 759//759 
f 760//760 734//734 761//761 
f 758//758 760//760 759//759 
f 763//763 760//760 761//761 
f 763//763 761//761 769//769 
f 759//759 760//760 762//762 
f 760//760 764//764 762//762 
f 757//757 759//759 762//762 
f 764//764 760//760 763//763 
f 889//889 790//790 888//888 
f 765//765 764//764 763//763 
f 789//789 790//790 889//889 
f 895//895 762//762 764//764 
f 895//895 764//764 765//765 
f 765//765 791//791 895//895 
f 740//740 766//766 767//767 
f 767//767 766//766 797//797 
f 766//766 768//768 797//797 
f 768//768 737//737 739//739 
f 788//788 739//739 738//738 
f 788//788 768//768 739//739 
f 769//769 761//761 770//770 
f 769//769 770//770 771//771 
f 765//765 763//763 769//769 
f 765//765 769//769 800//800 
f 799//799 771//771 772//772 
f 799//799 769//769 771//771 
f 772//772 767//767 792//792 
f 799//799 800//800 769//769 
f 799//799 772//772 801//801 
f 801//801 772//772 792//792 
f 767//767 772//772 740//740 
f 797//797 792//792 767//767 
f 744//744 774//774 890//890 
f 710//710 773//773 775//775 
f 777//777 890//890 774//774 
f 891//891 890//890 776//776 
f 726//726 710//710 784//784 
f 775//775 784//784 710//710 
f 777//777 776//776 890//890 
f 796//796 783//783 790//790 
f 776//776 781//781 780//780 
f 776//776 892//892 891//891 
f 779//779 775//775 893//893 
f 784//784 775//775 779//779 
f 777//777 778//778 776//776 
f 781//781 778//778 790//790 
f 776//776 778//778 781//781 
f 790//790 778//778 777//777 
f 780//780 783//783 782//782 
f 893//893 894//894 779//779 
f 781//781 783//783 780//780 
f 894//894 784//784 779//779 
f 790//790 783//783 781//781 
f 785//785 727//727 726//726 
f 785//785 726//726 784//784 
f 894//894 805//805 784//784 
f 784//784 805//805 785//785 
f 785//785 806//806 727//727 
f 727//727 806//806 813//813 
f 727//727 813//813 728//728 
f 783//783 796//796 852//852 
f 816//816 787//787 786//786 
f 787//787 819//819 788//788 
f 765//765 800//800 791//791 
f 790//790 789//789 896//896 
f 790//790 896//896 796//796 
f 794//794 791//791 800//800 
f 897//897 791//791 794//794 
f 793//793 794//794 800//800 
f 795//795 793//793 803//803 
f 793//793 795//795 824//824 
f 792//792 798//798 803//803 
f 795//795 803//803 798//798 
f 824//824 794//794 793//793 
f 798//798 825//825 795//795 
f 792//792 797//797 798//798 
f 800//800 799//799 802//802 
f 802//802 799//799 801//801 
f 800//800 802//802 793//793 
f 803//803 801//801 792//792 
f 803//803 793//793 802//802 
f 801//801 803//803 802//802 
f 782//782 783//783 804//804 
f 804//804 783//783 808//808 
f 894//894 898//898 805//805 
f 805//805 807//807 785//785 
f 898//898 899//899 809//809 
f 805//805 898//898 809//809 
f 809//809 807//807 805//805 
f 807//807 806//806 785//785 
f 810//810 807//807 809//809 
f 807//807 810//810 806//806 
f 811//811 813//813 806//806 
f 809//809 899//899 812//812 
f 900//900 810//810 809//809 
f 900//900 811//811 810//810 
f 810//810 811//811 806//806 
f 835//835 813//813 811//811 
f 901//901 808//808 834//834 
f 833//833 811//811 900//900 
f 834//834 783//783 837//837 
f 808//808 783//783 834//834 
f 833//833 835//835 811//811 
f 728//728 813//813 814//814 
f 813//813 817//817 814//814 
f 835//835 817//817 813//813 
f 814//814 786//786 728//728 
f 819//819 787//787 816//816 
f 815//815 786//786 814//814 
f 786//786 815//815 816//816 
f 816//816 822//822 819//819 
f 818//818 814//814 817//817 
f 814//814 818//818 815//815 
f 815//815 818//818 846//846 
f 816//816 815//815 846//846 
f 817//817 848//848 818//818 
f 857//857 847//847 858//858 
f 823//823 831//831 820//820 
f 850//850 831//831 823//823 
f 831//831 850//850 832//832 
f 788//788 820//820 768//768 
f 819//819 821//821 788//788 
f 822//822 821//821 819//819 
f 821//821 820//820 788//788 
f 823//823 820//820 821//821 
f 822//822 816//816 847//847 
f 822//822 857//857 821//821 
f 857//857 822//822 847//847 
f 857//857 823//823 821//821 
f 824//824 897//897 794//794 
f 824//824 795//795 825//825 
f 826//826 897//897 824//824 
f 826//826 824//824 825//825 
f 826//826 825//825 830//830 
f 852//852 796//796 902//902 
f 830//830 912//912 826//826 
f 768//768 827//827 797//797 
f 797//797 828//828 798//798 
f 827//827 828//828 797//797 
f 827//827 829//829 828//828 
f 820//820 827//827 768//768 
f 825//825 798//798 828//828 
f 827//827 831//831 829//829 
f 831//831 827//827 820//820 
f 828//828 829//829 830//830 
f 828//828 830//830 825//825 
f 829//829 831//831 832//832 
f 832//832 830//830 829//829 
f 830//830 832//832 912//912 
f 903//903 833//833 900//900 
f 903//903 836//836 833//833 
f 836//836 838//838 835//835 
f 836//836 835//835 833//833 
f 838//838 817//817 835//835 
f 841//841 817//817 838//838 
f 905//905 904//904 907//907 
f 839//839 906//906 837//837 
f 836//836 908//908 838//838 
f 841//841 838//838 908//908 
f 840//840 839//839 837//837 
f 909//909 841//841 908//908 
f 837//837 783//783 840//840 
f 909//909 842//842 841//841 
f 841//841 842//842 848//848 
f 849//849 848//848 842//842 
f 783//783 844//844 840//840 
f 843//843 842//842 845//845 
f 849//849 842//842 843//843 
f 854//854 843//843 845//845 
f 854//854 858//858 843//843 
f 844//844 911//911 840//840 
f 840//840 911//911 910//910 
f 856//856 854//854 845//845 
f 913//913 911//911 844//844 
f 818//818 848//848 846//846 
f 847//847 846//846 849//849 
f 846//846 847//847 816//816 
f 847//847 849//849 858//858 
f 817//817 841//841 848//848 
f 848//848 849//849 846//846 
f 849//849 843//843 858//858 
f 851//851 850//850 823//823 
f 851//851 855//855 853//853 
f 850//850 851//851 853//853 
f 912//912 850//850 853//853 
f 832//832 850//850 912//912 
f 844//844 783//783 852//852 
f 851//851 858//858 855//855 
f 853//853 855//855 856//856 
f 852//852 913//913 844//844 
f 855//855 854//854 856//856 
f 855//855 858//858 854//854 
f 853//853 856//856 912//912 
f 858//858 851//851 857//857 
f 851//851 823//823 857//857 
