#
# Compatibility version : 4.3
# File ID : FJ4264
# Representation ID : BP29324
# Build-up logic : FMA 3.0 is_a
# Concept ID : FMA24105
# English name : Trunk of left fifth cervical nerve
# Bounds(mm): (0.987900,-89.426300,1378.930300)-(40.027000,-64.704400,1418.689700)
# Volume(cm3): 0.309800
#
v 1.12549 -71.3804 1414.96
v 1.34127 -71.6804 1414.86
v 1.00194 -71.2784 1415.25
v 1.06417 -71.5807 1415.45
v 1.0749 -71.4911 1415.16
v 1.0471 -71.3493 1415.67
v 1.28223 -71.7758 1415.16
v 1.33307 -71.8645 1415.39
v 1.14913 -71.6703 1415.93
v 1.27269 -71.2436 1417.44
v 1.40669 -71.6063 1417.4
v 1.40761 -71.3852 1417.86
v 1.08163 -71.0087 1414.96
v 1.14541 -70.8021 1414.95
v 1.05055 -70.7548 1415.1
v 1.35491 -70.956 1418.04
v 1.4319 -70.7891 1418.16
v 1.21616 -70.0716 1415.28
v 1.24202 -70.3231 1415.11
v 1.33204 -70.0229 1415.26
v 1.38197 -69.8297 1417.71
v 1.25563 -69.6848 1415.64
v 1.3231 -69.4459 1415.66
v 1.3231 -69.0802 1416.07
v 1.35248 -69.168 1416.65
v 1.3895 -69.1802 1417.26
v 1.73913 -72.057 1414.97
v 1.94345 -72.0303 1414.76
v 1.53179 -71.9927 1415.17
v 1.74008 -72.1356 1415.59
v 1.8396 -72.167 1415.26
v 1.55052 -71.9925 1416.06
v 2.01603 -72.0581 1417.43
v 1.52213 -71.9265 1414.96
v 1.50448 -71.4509 1414.62
v 1.7095 -71.9476 1414.77
v 1.71747 -71.7745 1414.6
v 1.73763 -71.5826 1414.52
v 1.7379 -71.3684 1414.53
v 1.93166 -71.7783 1414.54
v 2.12695 -71.5672 1414.49
v 1.70277 -71.4786 1418.16
v 1.99694 -71.8967 1417.94
v 2.01548 -71.4767 1418.4
v 2.03221 -71.2827 1418.44
v 1.53267 -70.9653 1414.7
v 1.71385 -70.4652 1414.95
v 2.12942 -70.9897 1414.66
v 1.43608 -71.1891 1418.08
v 1.54935 -71.0931 1418.21
v 1.72685 -70.8834 1418.3
v 1.82379 -70.6832 1418.28
v 1.44151 -70.3828 1418.09
v 1.55978 -70.2832 1418.09
v 1.45152 -69.0831 1416.18
v 1.4231 -68.9513 1416.56
v 1.70755 -69.3636 1415.93
v 1.98569 -69.2835 1416.44
v 1.4231 -69.0497 1417.16
v 1.60763 -69.2213 1417.27
v 1.53697 -69.0437 1416.94
v 1.97968 -69.2861 1416.88
v 1.4231 -69.3552 1417.56
v 2.20002 -66.5718 1415.87
v 2.12647 -66.5462 1416.46
v 2.16988 -65.9744 1414.97
v 2.02215 -65.9767 1415.36
v 1.95573 -65.7804 1415.72
v 2.10291 -66.1802 1415.27
v 2.0848 -65.6863 1415.17
v 2.1309 -66.3801 1415.51
v 1.92352 -66.0828 1416.59
v 1.98884 -66.1874 1415.85
v 1.89841 -65.6834 1417.27
v 1.93511 -65.6623 1417.76
v 1.93786 -65.9796 1417.63
v 2.0711 -66.3776 1417.42
v 2.04472 -66.1689 1417.87
v 2.03747 -65.8678 1418.14
v 2.1968 -65.9854 1418.35
v 2.03244 -65.4773 1415.56
v 2.20975 -65.0999 1415.77
v 1.99537 -65.384 1416.13
v 2.10233 -65.0896 1416.91
v 1.99398 -65.3021 1417.41
v 2.05997 -65.4819 1418.15
v 2.0932 -65.1874 1417.74
v 2.1483 -65.2793 1418.15
v 2.19394 -65.5912 1418.44
v 2.51753 -72.1166 1414.8
v 2.25646 -72.3243 1415.54
v 2.3508 -72.2867 1415.18
v 2.44668 -72.2983 1417.13
v 2.57484 -72.1596 1417.99
v 2.35948 -71.8798 1414.59
v 2.62404 -71.6781 1414.57
v 2.63165 -71.2891 1414.62
v 2.22925 -71.7821 1418.33
v 2.41802 -71.668 1418.48
v 2.52026 -71.4705 1418.52
v 2.63312 -71.2678 1418.48
v 2.73618 -71.6802 1418.5
v 2.87155 -71.9856 1418.34
v 2.46727 -70.6429 1414.95
v 2.93362 -70.8965 1414.9
v 2.21116 -71.1584 1418.46
v 2.21424 -70.7573 1418.32
v 2.84475 -66.4583 1414.87
v 2.32265 -66.573 1415.46
v 2.51235 -66.7468 1415.71
v 2.5426 -66.6114 1415.26
v 2.78627 -66.7992 1415.66
v 2.32188 -66.7358 1416.65
v 2.69508 -66.8716 1416.61
v 2.83189 -66.8066 1417.31
v 2.34829 -66.6423 1417.45
v 2.43224 -66.5077 1417.96
v 2.77107 -66.662 1417.76
v 2.24712 -66.18 1414.97
v 2.31204 -65.9838 1414.77
v 2.42624 -66.3743 1414.96
v 2.4189 -66.1762 1414.77
v 2.33211 -65.6891 1414.75
v 2.52025 -65.9801 1414.61
v 2.63469 -66.2645 1414.72
v 2.62735 -65.7776 1414.55
v 2.74698 -65.9833 1414.54
v 2.85706 -65.7877 1414.51
v 2.23555 -66.381 1415.23
v 2.22735 -66.3701 1417.95
v 2.33332 -65.6806 1418.58
v 2.41886 -66.3192 1418.25
v 2.519 -66.1715 1418.46
v 2.5201 -65.8806 1418.63
v 2.53153 -65.6805 1418.67
v 2.65172 -66.3216 1418.33
v 2.74914 -65.9996 1418.6
v 2.75552 -65.7868 1418.67
v 2.43585 -65.4595 1414.78
v 2.61709 -65.58 1414.61
v 2.63635 -65.2467 1414.88
v 2.74239 -65.3866 1414.71
v 2.84566 -65.5867 1414.57
v 2.22793 -65.3882 1415.11
v 2.42328 -65.1482 1415.17
v 2.43232 -64.9441 1415.66
v 2.62102 -65.0532 1415.19
v 2.75778 -64.8382 1415.75
v 2.84943 -65.0424 1415.17
v 2.32251 -64.9095 1416.19
v 2.52824 -64.8271 1416
v 2.23382 -64.9384 1417.06
v 2.43589 -64.801 1416.67
v 2.42724 -64.8114 1417.25
v 2.32855 -65.0965 1418.15
v 2.33144 -64.9247 1417.65
v 2.52831 -64.9137 1417.95
v 2.78247 -64.8913 1417.94
v 2.22715 -65.3474 1418.35
v 2.32598 -65.4794 1418.54
v 2.42998 -65.286 1418.48
v 2.51833 -65.4864 1418.64
v 2.64884 -65.3806 1418.6
v 2.75192 -65.5806 1418.67
v 2.74276 -65.1007 1418.34
v 2.62467 -64.7393 1417.15
v 2.84551 -64.7209 1416.71
v 2.87584 -64.7514 1417.35
v 2.61618 -64.7895 1417.56
v 3.40855 -72.4277 1415.37
v 3.52106 -72.3022 1415.15
v 3.67268 -72.7159 1416.29
v 3.02165 -71.4828 1418.46
v 3.20368 -71.7965 1418.4
v 3.64855 -71.5891 1418.27
v 2.94924 -70.56 1415.19
v 3.40047 -71.1514 1418.19
v 3.11173 -70.0646 1417.14
v 3.15779 -69.984 1416.73
v 3.56996 -66.5325 1414.87
v 3.34321 -66.6651 1415.1
v 3.28852 -66.4552 1418.1
v 3.18347 -66.1931 1414.58
v 3.31585 -65.9842 1414.51
v 3.54363 -65.7814 1414.55
v 3.65139 -66.279 1414.65
v 3.80149 -66.0163 1414.59
v 3.37863 -66.2843 1418.28
v 3.42985 -66.0709 1418.41
v 3.49128 -65.7046 1418.47
v 3.13945 -65.2262 1414.88
v 3.33542 -65.3939 1414.73
v 3.70422 -65.0009 1415.38
v 3.44883 -64.8225 1415.91
v 3.75774 -65.1605 1418.02
v 3.38857 -65.4653 1418.45
v 4.25627 -72.9762 1416.81
v 4.08221 -72.1005 1414.99
v 4.01839 -72.741 1415.75
v 4.08834 -72.4747 1415.27
v 4.05796 -72.6219 1417.55
v 4.49985 -72.3996 1417.82
v 4.25556 -71.5464 1415.01
v 4.61015 -71.6394 1417.89
v 4.09998 -70.5513 1415.94
v 4.40304 -70.6008 1416.25
v 3.68006 -70.646 1417.61
v 4.08023 -70.4615 1416.83
v 4.30067 -67.0111 1415.78
v 4.33516 -67.0598 1416.33
v 4.43321 -66.8577 1417.25
v 4.12607 -65.5915 1414.79
v 4.0445 -65.1824 1415.16
v 4.51075 -64.9269 1415.97
v 4.0085 -64.8168 1416.75
v 3.83058 -64.9594 1417.6
v 4.1059 -65.4902 1418.13
v 4.66898 -72.1152 1417.91
v 4.59955 -71.2894 1415.26
v 5.16624 -71.4344 1417.5
v 4.74819 -70.9639 1417.22
v 5.19763 -67.2832 1416.38
v 5.32168 -67.3278 1415.96
v 4.60391 -66.8953 1415.35
v 5.02598 -66.652 1415.07
v 5.31155 -67.1856 1415.57
v 5.13119 -67.0432 1417.06
v 5.30883 -66.8831 1417.32
v 4.66857 -66.5932 1417.63
v 5.25791 -66.1894 1414.99
v 5.45691 -65.8451 1415.13
v 5.0005 -66.4131 1417.69
v 5.22022 -65.9301 1417.71
v 4.64925 -65.0938 1415.56
v 5.30087 -65.0407 1416.46
v 4.81784 -64.9705 1416.88
v 4.97503 -65.1216 1417.19
v 5.63825 -73.6915 1416.1
v 5.45571 -73.3389 1415.55
v 5.85419 -73.0086 1415.13
v 5.7528 -73.3631 1417.27
v 5.92118 -73.0753 1417.51
v 6.14474 -72.6049 1415.06
v 6.01513 -72.7853 1417.6
v 6.17105 -71.5033 1416.35
v 5.87924 -67.3894 1415.47
v 5.82847 -67.5987 1416.27
v 5.90326 -67.6175 1415.86
v 6.1099 -67.5328 1416.87
v 5.51983 -67.0724 1415.33
v 5.77568 -66.7255 1415.09
v 5.88561 -65.5135 1415.53
v 5.61156 -65.1741 1416.04
v 5.55086 -65.4529 1417.29
v 5.81518 -65.262 1416.76
v 6.68375 -74.1223 1415.59
v 6.47364 -74.063 1416.68
v 6.52176 -73.889 1417.03
v 6.65859 -73.7557 1417.22
v 6.89558 -73.6637 1417.32
v 6.268 -72.0832 1415.31
v 6.91037 -72.5336 1417.33
v 6.28009 -72.6599 1417.57
v 7.03757 -69.1442 1415.65
v 6.63262 -68.1017 1415.48
v 7.0061 -68.6062 1415.34
v 6.84274 -68.0419 1415.27
v 6.49981 -68.2154 1416.35
v 6.54169 -68.3071 1415.95
v 6.88019 -68.5423 1416.73
v 6.97002 -68.1942 1416.97
v 6.31219 -67.872 1415.66
v 6.38658 -67.3992 1415.23
v 6.22443 -67.9232 1416.15
v 6.307 -67.887 1416.56
v 6.19051 -67.2551 1417.18
v 6.53371 -67.8566 1416.86
v 6.69339 -67.6489 1417.08
v 6.62877 -67.2096 1415.12
v 6.3123 -66.8079 1417.39
v 6.57783 -65.895 1415.47
v 6.79269 -65.6593 1416.47
v 6.25013 -65.8961 1417.28
v 6.52039 -65.6647 1416.86
v 6.41081 -65.4414 1416.26
v 6.53621 -65.5898 1415.86
v 7.58105 -74.198 1415.03
v 7.07142 -73.3968 1417.42
v 7.40246 -73.0524 1417.34
v 6.98141 -71.9824 1416.56
v 7.8044 -71.2236 1415.76
v 7.76257 -70.0189 1416.81
v 7.70445 -69.3218 1414.99
v 7.09488 -69.4273 1416.15
v 7.21288 -68.5168 1415.16
v 7.59556 -67.9563 1414.86
v 7.61171 -67.4242 1414.91
v 7.11126 -67.4968 1415.09
v 7.21403 -67.4106 1417.22
v 7.64074 -67.4339 1417.38
v 7.10726 -67.0516 1415.12
v 7.25541 -66.5711 1415.29
v 7.73024 -66.7681 1415.08
v 7.20705 -66.9379 1417.22
v 7.25006 -66.5512 1417.09
v 7.43526 -67.0689 1417.23
v 7.63422 -66.61 1417.14
v 7.23859 -66.2011 1415.54
v 7.17821 -66.0696 1415.67
v 7.3377 -66.04 1415.76
v 7.73679 -66.0896 1415.55
v 7.71428 -65.8944 1415.84
v 7.20379 -65.9586 1415.86
v 7.17143 -65.8782 1416.06
v 7.19434 -65.874 1416.26
v 7.30379 -65.9984 1416.57
v 7.33235 -65.9397 1415.97
v 7.34095 -65.9131 1416.27
v 7.52958 -65.9426 1416.55
v 7.53831 -65.8624 1416.35
v 7.62057 -65.8366 1416.07
v 7.73109 -65.8744 1416.46
v 7.2565 -66.2427 1416.9
v 7.43868 -66.2663 1416.87
v 7.6196 -66.0868 1416.77
v 8.2714 -73.4369 1414.87
v 8.20375 -71.9789 1415.38
v 8.108 -72.577 1415.81
v 8.4231 -72.7802 1415.63
v 8.4235 -72.6192 1415.56
v 8.43481 -72.6802 1415.76
v 8.4231 -72.72 1416.16
v 8.4661 -72.6802 1416.06
v 8.19344 -71.6318 1415.17
v 8.18664 -70.5425 1416.88
v 8.08885 -69.79 1414.88
v 8.56932 -70.1021 1414.8
v 7.956 -69.2149 1414.82
v 8.42146 -69.1605 1414.66
v 7.89888 -69.4952 1417.23
v 8.35787 -69.3906 1417.47
v 7.82022 -68.6031 1414.78
v 8.04072 -68.1955 1414.69
v 8.52991 -68.4836 1414.63
v 7.90549 -68.7065 1417.45
v 8.00777 -67.5001 1414.79
v 8.33009 -67.888 1414.69
v 8.32012 -67.2898 1414.85
v 8.11542 -67.9692 1417.55
v 8.32852 -67.5167 1417.49
v 8.14796 -66.5257 1415.21
v 7.91463 -67.1942 1417.4
v 7.91803 -66.3957 1417.05
v 8.12006 -66.9816 1417.34
v 8.31907 -66.7702 1417.22
v 8.52318 -67.1877 1417.35
v 8.1112 -66.0009 1415.76
v 8.32955 -66.3006 1415.47
v 8.52264 -66.2232 1415.78
v 7.82658 -65.834 1416.25
v 7.91562 -65.8663 1415.97
v 8.13472 -65.9226 1416.06
v 8.12563 -65.9682 1416.46
v 8.51943 -66.2375 1416.58
v 7.83206 -65.9982 1416.67
v 8.30496 -66.3725 1416.93
v 8.99213 -75.2426 1416.47
v 9.19352 -74.6732 1416.92
v 8.63389 -74.1187 1414.67
v 9.14672 -73.8452 1416.93
v 8.99695 -73.5636 1414.88
v 9.08566 -73.4076 1414.92
v 8.7231 -73.1802 1415.16
v 8.7258 -72.9965 1415.18
v 8.58095 -72.8538 1416.35
v 8.9231 -73.0802 1416.41
v 8.74413 -73.0939 1416.6
v 9.0231 -73.1369 1416.46
v 8.97227 -72.9268 1416.47
v 8.78138 -72.3254 1414.84
v 8.65669 -72.7802 1416.26
v 8.84052 -72.2578 1416.67
v 8.64245 -71.3688 1414.78
v 9.14583 -71.5097 1414.68
v 9.01483 -71.9754 1416.81
v 8.68259 -70.8469 1416.95
v 9.1914 -71.1893 1416.89
v 9.22256 -70.5842 1417.14
v 8.9167 -69.8538 1414.73
v 9.14564 -70.37 1414.86
v 9.22652 -69.9496 1414.79
v 8.61298 -70.2527 1417.24
v 9.10994 -69.9506 1417.38
v 9.09679 -69.0864 1414.69
v 8.90465 -69.3734 1417.52
v 9.20655 -69.2328 1417.46
v 8.89968 -68.1555 1414.73
v 9.31931 -68.6767 1414.81
v 9.23313 -68.2864 1417.37
v 8.60457 -68.7479 1417.58
v 9.239 -67.742 1415.06
v 8.92734 -67.4001 1417.26
v 9.32382 -67.7891 1417.14
v 8.81981 -67.9952 1417.49
v 8.72637 -67.1942 1415
v 8.71927 -66.7749 1415.27
v 8.91061 -66.6799 1415.57
v 9.11646 -67.1047 1415.35
v 8.83861 -66.5021 1416.55
v 9.01765 -66.6023 1416.06
v 9.23554 -66.8903 1416.37
v 9.41853 -67.1228 1416.15
v 8.62917 -66.6981 1417.01
v 9.15682 -67.0279 1416.77
v 8.60538 -66.2072 1416.26
v 9.50074 -75.2804 1416.6
v 10.0316 -74.3828 1414.43
v 9.35875 -74.4259 1416.94
v 9.36724 -73.8683 1414.72
v 9.52434 -73.8171 1414.67
v 9.94865 -73.619 1414.44
v 9.66893 -73.6802 1416.56
v 9.81426 -73.6199 1416.59
v 10.1373 -73.9423 1416.55
v 9.52669 -72.4304 1416.78
v 9.81753 -71.5538 1414.86
v 9.45324 -70.6048 1414.96
v 9.7513 -70.8286 1415.14
v 9.72048 -70.56 1415.13
v 9.98668 -71.0046 1415.36
v 9.93178 -70.7681 1415.37
v 10.1172 -71.1045 1415.65
v 10.1228 -70.8506 1415.77
v 9.75886 -71.265 1416.65
v 9.96012 -71.2597 1416.45
v 9.83823 -71.0577 1416.6
v 10.0752 -71.3166 1416.31
v 10.0073 -71.0652 1416.36
v 10.1085 -71.0911 1416.05
v 10.1894 -70.7671 1416.17
v 10.1091 -70.5815 1416.57
v 9.72372 -70.6752 1416.93
v 9.51778 -70.2554 1414.94
v 9.91143 -69.9058 1415.15
v 10.1952 -70.1922 1415.58
v 9.52849 -70.1792 1417.21
v 9.51488 -69.6784 1417.31
v 9.8157 -69.8592 1417.1
v 9.9094 -70.276 1416.94
v 10.0479 -69.9798 1416.85
v 9.52534 -69.4719 1414.85
v 9.72722 -68.8564 1415.07
v 9.91559 -69.2912 1415.17
v 10.0293 -68.8872 1415.46
v 10.1883 -69.5838 1415.55
v 9.70589 -69.0874 1417.18
v 9.96563 -69.3984 1416.96
v 9.97539 -68.9798 1416.85
v 10.1156 -69.4946 1416.74
v 9.77953 -68.4384 1415.27
v 9.85485 -68.1226 1415.65
v 10.0835 -68.5734 1416.26
v 10.1292 -68.7362 1415.95
v 9.66706 -68.3858 1417.05
v 9.91219 -68.3655 1416.64
v 9.40084 -67.2371 1415.67
v 9.56689 -67.6897 1415.46
v 9.58883 -67.4905 1416.46
v 9.76009 -67.7834 1415.86
v 9.83852 -67.9042 1416.17
v 9.64295 -67.9485 1416.85
v 10.3123 -76.2207 1415.09
v 10.7357 -76.395 1415.54
v 10.5574 -76.0097 1416.14
v 10.3433 -75.3294 1414.23
v 10.1521 -75.742 1414.49
v 10.642 -75.6848 1416.42
v 10.868 -75.3578 1416.52
v 10.7137 -74.7696 1416.54
v 10.6014 -74.3123 1414.23
v 10.4381 -73.3826 1414.45
v 10.8269 -72.9692 1414.86
v 10.3697 -73.3599 1416.58
v 10.9354 -72.7337 1415.35
v 10.3594 -71.7666 1415.35
v 10.44 -71.7861 1415.76
v 10.2849 -70.386 1416.05
v 10.234 -70.2491 1416.45
v 10.3126 -69.9649 1416.04
v 10.238 -69.3697 1415.79
v 10.2689 -69.593 1416.34
v 10.2022 -69.1413 1416.36
v 11.6748 -75.3803 1413.83
v 11.1254 -74.7304 1416.35
v 11.4717 -74.3156 1414.26
v 11.6066 -73.8237 1414.84
v 11.6682 -73.758 1415.37
v 11.04 -72.9109 1415.76
v 11.2077 -73.4331 1416.05
v 12.0494 -77.0153 1414.03
v 12.0476 -76.8722 1415.53
v 12.0854 -76.4904 1413.6
v 12.1945 -76.6627 1415.77
v 11.9546 -76.1851 1416.07
v 12.2032 -75.4012 1413.78
v 12.5619 -75.7029 1413.57
v 12.604 -75.5033 1413.72
v 11.8452 -75.7706 1416.2
v 12.307 -75.087 1414
v 13.1805 -77.792 1413.94
v 13.4833 -77.848 1413.39
v 13.3574 -77.8748 1414.23
v 13.2853 -77.4152 1415.12
v 12.5888 -76.0633 1413.39
v 13.0202 -76.3916 1415.72
v 12.6926 -75.2318 1414.04
v 13.2088 -75.3313 1414.33
v 13.189 -75.3705 1415.07
v 13.078 -75.8708 1415.62
v 13.8027 -77.74 1412.87
v 13.9926 -78.0978 1414.27
v 14.0368 -77.2127 1412.55
v 13.9508 -77.3372 1415.13
v 14.1248 -76.9665 1415.2
v 13.556 -76.6105 1412.89
v 13.6005 -76.3643 1412.99
v 13.7049 -76.0568 1413.24
v 14.2626 -76.6298 1415.1
v 14.2406 -77.7803 1414.78
v 14.9143 -78.2824 1414.25
v 14.8427 -77.3081 1412.14
v 14.3052 -76.1528 1413.23
v 14.5294 -76.3528 1414.71
v 15.4307 -78.6111 1411.83
v 15.3222 -78.2325 1411.76
v 15.0377 -77.7754 1411.92
v 15.1132 -78.0705 1414.42
v 15.0858 -77.672 1414.63
v 15.0347 -77.0333 1412.24
v 15.328 -77.49 1414.54
v 16.0864 -79.3308 1412.63
v 16.4856 -79.3511 1412.89
v 16.1328 -78.7748 1413.64
v 16.0225 -77.6957 1411.48
v 16.2404 -78.2866 1411.12
v 16.4413 -77.6158 1411.45
v 16.0658 -78.2926 1413.98
v 15.9778 -76.9307 1412.49
v 15.9755 -76.9466 1413.6
v 16.1352 -77.5552 1413.98
v 17.3841 -79.7058 1410.41
v 16.6727 -79.6295 1411.46
v 17.3593 -79.4869 1412.72
v 17.1455 -79.0801 1413.13
v 16.6378 -78.1044 1413.71
v 16.7809 -77.6703 1413.44
v 16.4907 -77.1117 1412.81
v 17.6248 -80.1044 1411.69
v 18.0856 -80.1475 1411.79
v 17.3766 -79.3436 1410.23
v 18.0621 -79.2509 1409.69
v 17.5403 -78.5807 1410.3
v 17.6184 -78.4672 1413
v 17.7923 -77.9789 1412.47
v 18.935 -80.296 1408.94
v 18.2653 -80.5256 1410.68
v 18.9135 -80.2663 1411.54
v 18.8551 -79.8913 1408.96
v 18.9564 -79.4923 1409.01
v 18.3687 -79.6185 1412.27
v 18.3117 -79.2266 1412.46
v 18.1796 -78.5608 1410.1
v 18.5116 -78.4954 1410.16
v 18.826 -78.5809 1411.76
v 18.3696 -78.4891 1412.27
v 18.3548 -78.1385 1411.02
v 18.4968 -78.2203 1411.58
v 19.2586 -80.8031 1410.73
v 19.2791 -79.3843 1411.7
v 19.6413 -79.9889 1411.36
v 19.3882 -79.1709 1409.1
v 19.7418 -78.9613 1409.51
v 19.5152 -79.0908 1411.34
v 20.4599 -81.1889 1407.52
v 20.4246 -80.8646 1407.46
v 19.9067 -81.1901 1408.35
v 20.1848 -81.4176 1409.57
v 20.158 -80.9688 1410.39
v 20.2174 -80.3689 1407.72
v 20.0704 -80.6813 1410.71
v 20.5733 -80.0197 1407.71
v 20.0288 -79.1729 1410.67
v 20.7237 -81.8034 1408.2
v 21.0252 -80.777 1410.09
v 21.2709 -80.4683 1409.93
v 21.2693 -80.0544 1409.78
v 21.1832 -79.8408 1407.8
v 21.4456 -79.8024 1409.1
v 21.9433 -82.0978 1406.07
v 21.9728 -81.6909 1405.82
v 21.5261 -82.193 1407.84
v 21.5076 -81.9337 1408.67
v 21.8208 -82.2233 1408.04
v 21.7827 -81.7575 1408.88
v 22.1286 -81.2039 1409.05
v 22.0976 -81.4813 1408.95
v 21.6193 -79.8195 1408.46
v 22.7304 -82.722 1405.61
v 22.4895 -82.6842 1406.31
v 22.7161 -82.5467 1407.37
v 22.1533 -81.314 1405.69
v 22.9516 -81.0225 1405.37
v 22.9227 -81.0858 1408.22
v 22.7964 -80.6201 1408.03
v 23.8653 -82.7743 1403.59
v 22.9799 -82.8655 1406.49
v 23.7596 -82.886 1406.5
v 23.0286 -82.3112 1407.64
v 24.5091 -83.4427 1403.23
v 24.3059 -83.4916 1403.97
v 24.2813 -83.4972 1404.6
v 23.8581 -83.2072 1405.72
v 24.0474 -82.7594 1406.53
v 23.9559 -82.1489 1403.5
v 24.1949 -81.8839 1403.46
v 24.5934 -81.8875 1406.34
v 24.6761 -81.7107 1406.1
v 23.8984 -82.1829 1407.1
v 23.9555 -81.8489 1407.13
v 23.8036 -81.0347 1405.16
v 24.5125 -81.3814 1405.95
v 25.2346 -83.2699 1401.65
v 24.8946 -83.494 1404.88
v 24.9985 -83.3031 1405.19
v 25.0847 -82.8846 1401.82
v 25.0606 -82.9587 1405.54
v 25.2006 -82.7661 1405.54
v 24.7286 -81.6857 1403.37
v 24.7771 -82.2185 1406.16
v 25.0601 -81.4757 1404.47
v 25.771 -83.9949 1401.74
v 25.5282 -83.9831 1402.66
v 25.8147 -83.6642 1400.94
v 25.4207 -83.8925 1403.49
v 25.7406 -83.2796 1404.6
v 25.8078 -83.7122 1403.94
v 25.4632 -82.4865 1401.54
v 26.0198 -82.8889 1404.52
v 25.5833 -81.7672 1402.98
v 26.6751 -84.1145 1399.96
v 26.636 -84.2969 1400.82
v 26.8702 -84.349 1401.27
v 26.6357 -84.1891 1402.18
v 26.4723 -83.5445 1399.65
v 26.7448 -83.888 1402.83
v 26.8443 -83.3835 1403.26
v 26.3771 -83.1502 1399.8
v 26.5011 -82.875 1399.77
v 26.5599 -82.7367 1403.73
v 26.8618 -83.1687 1403.33
v 26.2649 -82.1643 1401.33
v 26.8053 -82.1407 1401.49
v 26.8869 -82.2559 1402.42
v 27.1847 -84.0766 1398.85
v 27.5825 -84.4458 1399.04
v 27.7419 -84.3631 1398.37
v 27.6718 -84.5279 1399.44
v 27.5163 -84.1568 1401.53
v 27.7536 -84.0051 1401.5
v 27.4339 -83.2621 1397.98
v 27.5892 -83.7559 1402
v 27.5778 -83.3945 1402.21
v 27.1659 -82.4735 1399.57
v 26.9497 -82.4286 1402.72
v 27.1719 -82.7634 1402.71
v 27.5729 -83.1701 1402.23
v 28.3744 -85.2027 1398.26
v 28.4224 -85.2338 1398.48
v 28.3872 -84.2706 1396.91
v 28.5935 -84.4838 1397.13
v 28.4231 -84.5872 1397.96
v 27.8227 -84.5202 1398.85
v 27.9561 -84.6855 1398.85
v 27.9981 -84.5802 1398.66
v 27.819 -84.5658 1399.06
v 27.8049 -84.5596 1399.51
v 27.9423 -84.6998 1399.16
v 27.9943 -84.56 1399.6
v 28.1382 -84.7547 1399.23
v 28.1696 -84.529 1399.64
v 28.3491 -84.6448 1399.32
v 27.805 -84.3958 1400.58
v 28.4963 -84.2918 1399.98
v 28.4604 -83.5213 1396.07
v 28.2818 -83.7745 1400.96
v 27.868 -82.8696 1397.6
v 28.31 -82.5841 1397.59
v 28.0766 -82.426 1399.03
v 28.2619 -82.5122 1399.76
v 29.0798 -86.1817 1397.15
v 29.1157 -86.2112 1397.36
v 29.2404 -86.2435 1397.44
v 29.0231 -85.4802 1397.2
v 29.347 -85.5673 1396.94
v 28.6299 -85.5356 1398.06
v 28.7417 -85.5887 1398.13
v 28.7267 -85.2873 1398.53
v 28.925 -85.1228 1398.58
v 29.1069 -85.217 1398.38
v 29.1231 -84.7609 1397.76
v 29.202 -84.6802 1398.16
v 29.008 -84.4802 1398.76
v 29.0869 -84.7866 1398.53
v 29.2231 -84.2904 1398.86
v 28.6625 -84.614 1399.1
v 28.6175 -84.482 1399.31
v 28.691 -84.0695 1400.04
v 28.7168 -83.8642 1395.75
v 29.4391 -83.9841 1398.86
v 29.1197 -83.7795 1399.55
v 28.7304 -83.4797 1400.28
v 29.4788 -83.0341 1394.34
v 29.0731 -82.4997 1397.19
v 28.7223 -83.1784 1400.18
v 28.5954 -82.8532 1400.04
v 29.9301 -87.3751 1395.86
v 29.991 -87.4187 1396.13
v 29.5522 -86.8959 1396.53
v 29.7712 -86.8694 1395.99
v 29.8968 -87.0807 1396.59
v 29.9102 -86.8468 1396.82
v 29.4104 -86.2457 1397.46
v 30.1143 -86.125 1396.91
v 29.4064 -85.9557 1397.71
v 30.1428 -84.1321 1393.62
v 29.7442 -84.4057 1394.9
v 30.021 -84.4246 1397.06
v 29.6855 -82.681 1394.55
v 29.8419 -82.4888 1395.31
v 30.1417 -82.4836 1395.53
v 29.6059 -82.547 1396.89
v 30.6176 -88.1854 1394.94
v 30.9315 -88.4362 1394.86
v 31.0128 -88.3535 1394.26
v 30.5177 -88.0535 1395.37
v 30.8046 -88.1687 1395.28
v 30.4718 -87.9294 1395.01
v 30.6523 -87.727 1394.81
v 30.7181 -87.4969 1394.91
v 30.2714 -87.8277 1395.51
v 30.6132 -87.7502 1395.77
v 30.9262 -87.7715 1395.53
v 30.3183 -87.6337 1395.96
v 30.6226 -86.8937 1395.62
v 30.2095 -86.9704 1396.58
v 30.2057 -86.5592 1396.77
v 30.2788 -84.4856 1394.47
v 30.6606 -84.0848 1396.46
v 30.804 -83.6789 1391.92
v 30.4823 -83.782 1397.04
v 30.4817 -83.5488 1397.06
v 30.9914 -82.638 1391.79
v 30.8814 -82.4358 1392.72
v 30.6691 -83.149 1396.48
v 30.5269 -82.7692 1396.12
v 31.4371 -88.8444 1393.79
v 31.7357 -88.9806 1393.84
v 31.7355 -88.8565 1394.05
v 31.4752 -88.3968 1393.73
v 31.622 -88.3414 1393.68
v 31.7219 -88.2147 1393.86
v 31.2445 -88.7428 1394.24
v 31.2192 -88.3743 1394.88
v 31.4132 -88.7372 1394.36
v 31.3579 -87.9777 1394.94
v 31.2493 -87.6672 1394.8
v 31.3263 -87.9537 1394.27
v 31.1499 -87.5479 1395.18
v 31.7759 -84.3104 1391.98
v 31.1316 -84.4729 1393.85
v 31.9273 -84.0493 1393.92
v 31.0396 -84.3339 1395.17
v 31.1818 -83.3762 1391.07
v 31.0257 -82.5492 1394.64
v 31.5958 -82.3171 1392.82
v 32.4143 -89.3099 1392.57
v 31.928 -88.9787 1393.04
v 31.909 -89.1331 1393.28
v 32.3376 -89.2918 1392.86
v 32.1288 -89.0998 1393.44
v 32.2677 -88.9833 1393.45
v 31.9255 -88.4706 1393.36
v 32.1132 -88.7649 1392.87
v 32.2158 -88.5146 1393.27
v 32.3311 -88.594 1393.32
v 32.4947 -88.7647 1393.19
v 32.4503 -88.6828 1392.73
v 31.9784 -88.6618 1393.96
v 31.9561 -88.3575 1393.89
v 31.8575 -84.0828 1391.01
v 32.6444 -84.2054 1391.05
v 32.2395 -84.2703 1392.34
v 31.9308 -83.6874 1390.11
v 32.0445 -83.8228 1393.97
v 32.5304 -82.879 1388.6
v 31.985 -82.7746 1389.63
v 32.1312 -82.4703 1392.81
v 32.2154 -82.677 1393.13
v 32.9257 -89.274 1391.82
v 32.9213 -89.0854 1391.81
v 33.025 -89.282 1391.83
v 33.0248 -89.1743 1391.8
v 33.0277 -88.9821 1391.84
v 32.7893 -89.2639 1391.92
v 32.7702 -89.062 1391.94
v 32.899 -89.4075 1391.99
v 32.8859 -88.8791 1392
v 33.0274 -89.4005 1391.96
v 32.9949 -89.4043 1392.1
v 33.0041 -88.8518 1391.99
v 33.1189 -89.3472 1392.06
v 33.099 -89.2952 1392.19
v 33.1653 -89.2798 1391.96
v 33.1845 -89.2678 1392.06
v 33.1421 -89.1837 1391.86
v 33.2125 -89.1742 1391.96
v 33.1483 -89.0838 1391.86
v 33.1831 -89.0863 1392.19
v 33.1973 -88.9855 1391.96
v 33.1677 -88.9726 1392.19
v 33.1187 -88.8857 1391.97
v 33.1485 -88.8865 1392.06
v 33.0874 -88.8483 1392.1
v 33.1079 -88.8774 1392.18
v 33.2355 -89.0835 1392.06
v 32.6996 -89.2666 1392.69
v 32.7153 -89.0742 1392.85
v 32.8073 -88.9672 1392.75
v 32.8222 -88.8677 1392.69
v 32.7269 -88.7501 1392.65
v 32.7828 -84.0751 1391.86
v 32.8963 -83.2928 1388.18
v 32.6181 -83.475 1393.02
v 32.6362 -82.9999 1392.83
v 33.3324 -82.0707 1387.81
v 33.4551 -81.9727 1389.52
v 33.6823 -83.3993 1387.15
v 34.1985 -83.8413 1388.9
v 33.9133 -82.8888 1386.28
v 34.2706 -81.7072 1387.23
v 33.9036 -82.1069 1389.52
v 34.3205 -83.5201 1386.58
v 34.2117 -83.7912 1387.65
v 34.8169 -83.2727 1388.88
v 34.3359 -83.0699 1385.79
v 34.3841 -83.0707 1389.78
v 34.3614 -82.5625 1389.59
v 34.3649 -82.2908 1385.45
v 34.382 -81.9798 1385.7
v 35.7685 -83.4813 1385.5
v 35.7746 -82.5745 1383.24
v 35.6592 -82.9643 1383.86
v 35.1299 -82.3553 1384.14
v 36.1618 -83.1874 1383.79
v 35.972 -83.2066 1386.58
v 36.5038 -81.6939 1381.94
v 36.7332 -83.1753 1383.33
v 36.8168 -82.7324 1385.45
v 37.0224 -82.2652 1385.16
v 37.0709 -81.7599 1384.72
v 36.462 -81.2701 1382.75
v 36.5159 -81.2454 1384.1
v 36.895 -81.4068 1384.34
v 38.0603 -81.8943 1379.49
v 37.9096 -81.5279 1379.62
v 38.0872 -81.2943 1379.43
v 37.9758 -81.1363 1379.77
v 38.6766 -82.6253 1379.89
v 38.8216 -82.4415 1379.37
v 38.7237 -81.8623 1378.98
v 38.0518 -82.1333 1379.67
v 38.2857 -82.3924 1379.72
v 38.5326 -82.0798 1379.15
v 38.4271 -81.5957 1379.05
v 38.649 -81.4008 1378.98
v 38.7235 -81.1744 1379.04
v 38.235 -81.4857 1379.18
v 38.3212 -81.0796 1379.3
v 38.1538 -80.9311 1379.82
v 38.4235 -81.283 1379.1
v 38.5268 -81.0609 1379.17
v 38.5209 -80.8233 1379.46
v 38.7264 -80.89 1379.26
v 38.9269 -80.7979 1379.36
v 38.4515 -80.7472 1379.94
v 38.7294 -80.7513 1379.47
v 38.8197 -80.6702 1379.67
v 38.6216 -80.6934 1380.21
v 39.0274 -82.5721 1379.58
v 39.2202 -82.4185 1379.36
v 39.4022 -82.5236 1379.67
v 38.9444 -82.6853 1380.13
v 39.0598 -82.6765 1380.41
v 39.5165 -82.5219 1379.88
v 39.337 -82.5249 1380.62
v 39.7168 -82.3839 1379.97
v 39.011 -82.0703 1379.04
v 39.0256 -81.7695 1378.95
v 39.2227 -81.9759 1379.03
v 39.4141 -81.7669 1379.06
v 39.0121 -82.2704 1379.17
v 39.2227 -82.1751 1379.13
v 39.4257 -82.1818 1379.23
v 39.4228 -81.9838 1379.11
v 39.5194 -82.3534 1379.46
v 39.6206 -82.1744 1379.37
v 39.6419 -82.3822 1379.67
v 39.6923 -82.2755 1379.56
v 39.6127 -82.0192 1379.26
v 39.6232 -81.8661 1379.21
v 39.791 -82.2683 1379.76
v 39.7412 -81.9722 1379.37
v 39.0144 -81.4806 1378.94
v 39.0141 -81.2836 1378.99
v 39.2165 -81.4828 1378.98
v 39.2191 -81.2733 1379.04
v 39.023 -80.9916 1379.16
v 39.2255 -80.8072 1379.46
v 39.3235 -81.0837 1379.19
v 39.419 -81.3801 1379.09
v 39.5392 -81.1876 1379.26
v 39.5214 -80.9765 1379.46
v 39.5227 -80.8702 1379.66
v 39.6741 -81.4834 1379.26
v 39.7247 -81.2011 1379.47
v 39.7438 -81.0796 1379.66
v 39.5096 -80.8248 1379.88
v 39.3767 -80.9294 1380.5
v 39.7831 -81.0742 1379.88
v 39.6276 -81.1146 1380.47
v 39.02 -80.7057 1379.56
v 39.0199 -80.6573 1379.78
v 39.3087 -80.7327 1379.76
v 39.0898 -80.7444 1380.34
v 39.823 -82.0856 1379.56
v 39.9146 -82.0679 1379.76
v 39.9008 -81.8801 1379.57
v 39.9766 -81.8727 1379.76
v 39.9625 -81.6839 1379.66
v 39.6723 -82.2175 1380.55
v 39.6855 -81.7351 1380.81
v 39.9334 -82.0868 1380.05
v 40.004 -81.88 1379.95
v 39.9867 -81.8844 1380.16
v 39.8163 -81.9102 1380.55
v 40.0116 -81.6801 1379.85
v 39.9758 -81.6766 1380.27
v 40.0215 -81.6802 1379.97
v 39.8547 -81.5933 1379.46
v 39.8971 -81.2774 1379.76
v 39.9378 -81.4808 1379.66
v 39.7043 -81.3408 1380.59
v 39.9879 -81.4802 1379.86
v 39.9879 -81.4814 1380.07
v 39.9186 -81.2817 1379.98
v 1.3231 -69.4459 1415.66
v 1.3231 -69.0802 1416.07
v 1.3895 -69.1802 1417.26
v 1.44151 -70.3828 1418.09
v 1.4231 -68.9513 1416.56
v 1.4231 -69.0497 1417.16
v 1.4231 -69.0497 1417.16
v 1.4231 -69.3552 1417.56
v 8.4231 -72.7802 1415.63
v 8.4231 -72.7802 1415.63
v 8.43481 -72.6802 1415.76
v 8.43481 -72.6802 1415.76
v 8.43481 -72.6802 1415.76
v 8.4231 -72.72 1416.16
v 8.4661 -72.6802 1416.06
v 8.4661 -72.6802 1416.06
v 9.08566 -73.4076 1414.92
v 8.9231 -73.0802 1416.41
v 9.0231 -73.1369 1416.46
v 8.65669 -72.7802 1416.26
v 9.66893 -73.6802 1416.56
v 28.4231 -84.5872 1397.96
v 28.4231 -84.5872 1397.96
v 29.1231 -84.7609 1397.76
v 29.1231 -84.7609 1397.76
v 29.202 -84.6802 1398.16
v 29.202 -84.6802 1398.16
v 29.2231 -84.2904 1398.86
v 30.6226 -86.8937 1395.62
v 31.1499 -87.5479 1395.18
v 32.4143 -89.3099 1392.57
v 32.9257 -89.274 1391.82
v 32.9213 -89.0854 1391.81
v 33.025 -89.282 1391.83
v 33.0277 -88.9821 1391.84
v 32.899 -89.4075 1391.99
v 33.0274 -89.4005 1391.96
v 33.1973 -88.9855 1391.96
v 33.1973 -88.9855 1391.96
v 33.1187 -88.8857 1391.97
vn -0.822464 -0.214304 -0.526904
vn -0.68007 -0.503906 -0.532525
vn -0.98459 -0.0951823 -0.146705
vn -0.894964 -0.444768 -0.0349435
vn -0.863556 -0.409508 -0.294233
vn -0.994727 -0.0102477 0.102043
vn -0.714281 -0.66316 -0.223653
vn -0.646801 -0.762152 -0.0277964
vn -0.848393 -0.516939 0.114035
vn -0.984512 -0.109052 0.137274
vn -0.740105 -0.639396 0.208369
vn -0.815569 -0.459576 0.35162
vn -0.820391 0.0299986 -0.571016
vn -0.606054 0.245975 -0.756436
vn -0.930612 0.216846 -0.294855
vn -0.903652 -0.0746979 0.421702
vn -0.641255 0.0150548 0.76718
vn -0.716789 0.419424 -0.557043
vn -0.430565 0.433827 -0.79146
vn -0.211129 0.527555 -0.822867
vn -0.971921 0.112191 0.206838
vn -0.968973 0.221716 -0.109239
vn 0.110119 0.652253 -0.74996
vn -0.982662 0.185393 0.00229324
vn -0.978766 0.193218 0.0684413
vn -0.980173 0.166584 0.107284
vn -0.372935 -0.87602 -0.305791
vn -0.184235 -0.778629 -0.599829
vn -0.546099 -0.825503 -0.142551
vn -0.453222 -0.891247 0.0164007
vn -0.358059 -0.923621 -0.136813
vn -0.553365 -0.826849 0.100538
vn -0.4821 -0.854972 0.191315
vn -0.58214 -0.739219 -0.338627
vn -0.542083 -0.0622908 -0.838013
vn -0.450935 -0.717989 -0.530235
vn -0.41234 -0.49039 -0.767785
vn -0.259265 -0.144173 -0.954985
vn -0.1703 0.180673 -0.968687
vn -0.122549 -0.424275 -0.897203
vn 0.0454826 0.0115398 -0.998899
vn -0.602264 -0.501056 0.621466
vn -0.545553 -0.749467 0.375063
vn -0.453111 -0.321254 0.831556
vn -0.304131 -0.0525742 0.951178
vn -0.254097 0.344862 -0.903607
vn -0.010584 0.529113 -0.848486
vn 0.0810775 0.417539 -0.905035
vn -0.736988 -0.309104 0.601086
vn -0.568848 -0.170671 0.804539
vn -0.341179 0.109232 0.93363
vn -0.156743 0.298201 0.941545
vn -0.900119 0.147183 0.410027
vn -0.145483 0.416443 0.897446
vn 0.404968 0.841087 -0.358571
vn 0.401195 0.9136 -0.0661595
vn 0.378979 0.763709 -0.522613
vn 0.489567 0.855764 -0.167311
vn -0.948312 0.311837 0.0588314
vn 0.338344 0.775823 0.532561
vn 0.412895 0.894897 0.169342
vn 0.501379 0.836801 0.219963
vn -0.922208 0.18968 0.336977
vn -0.716181 -0.687822 -0.118263
vn -0.835107 -0.54991 -0.0139748
vn -0.879239 -0.116591 -0.461893
vn -0.96179 -0.115095 -0.24842
vn -0.992332 0.0465248 -0.114514
vn -0.884772 -0.3513 -0.306213
vn -0.922537 0.155318 -0.353272
vn -0.819523 -0.530932 -0.215621
vn -0.973646 -0.227933 -0.00777619
vn -0.940491 -0.321257 -0.110768
vn -0.996744 0.0798846 0.0109591
vn -0.978111 0.130577 0.162012
vn -0.972509 -0.199017 0.120903
vn -0.823398 -0.554915 0.118676
vn -0.855137 -0.428515 0.291746
vn -0.923381 -0.129876 0.361247
vn -0.693087 -0.395353 0.602766
vn -0.916601 0.344323 -0.203185
vn -0.760606 0.62075 -0.190126
vn -0.938328 0.338946 -0.0682369
vn -0.818277 0.574472 -0.0201059
vn -0.934486 0.352548 0.0494565
vn -0.907801 0.244809 0.340538
vn -0.824769 0.543032 0.157709
vn -0.777596 0.525039 0.345947
vn -0.801048 0.0820588 0.592949
vn 0.000242711 -0.803052 -0.595909
vn -0.283984 -0.957766 -0.0451338
vn -0.165345 -0.940238 -0.29768
vn -0.362159 -0.927509 0.0925648
vn -0.292822 -0.876788 0.381441
vn 0.0531144 -0.476676 -0.877473
vn 0.198505 -0.0704237 -0.977567
vn 0.217636 0.306071 -0.926798
vn -0.391377 -0.643035 0.658278
vn -0.206324 -0.339672 0.917635
vn -0.0293889 0.0157404 0.999444
vn 0.142992 0.305049 0.94154
vn 0.0533395 -0.232426 0.97115
vn -0.0594999 -0.657359 0.751225
vn 0.195299 0.593365 -0.780882
vn 0.252518 0.525706 -0.812322
vn -0.0950532 0.204341 0.974274
vn 0.106156 0.449826 0.886785
vn -0.161227 -0.780311 -0.604252
vn -0.590494 -0.757894 -0.277333
vn -0.380925 -0.909073 -0.168768
vn -0.325259 -0.857078 -0.399529
vn -0.160474 -0.958834 -0.234276
vn -0.561743 -0.827146 0.0165231
vn -0.218061 -0.975902 0.00807511
vn -0.133164 -0.968392 0.210911
vn -0.443908 -0.871085 0.210135
vn -0.328634 -0.846865 0.418114
vn -0.0970189 -0.914568 0.392623
vn -0.748575 -0.435549 -0.499932
vn -0.718016 -0.192254 -0.668948
vn -0.469866 -0.699874 -0.537961
vn -0.543641 -0.482947 -0.686452
vn -0.703261 0.181083 -0.687483
vn -0.464927 -0.224143 -0.856506
vn -0.267084 -0.592183 -0.760253
vn -0.320014 0.112646 -0.940692
vn -0.168973 -0.264357 -0.949507
vn -0.0487966 0.110302 -0.9927
vn -0.682794 -0.62264 -0.382247
vn -0.660328 -0.65943 0.359332
vn -0.560069 -0.0367147 0.827632
vn -0.434314 -0.699408 0.567626
vn -0.290851 -0.590934 0.752464
vn -0.300342 -0.339408 0.891402
vn -0.205896 -0.00929924 0.97853
vn -0.050119 -0.77103 0.634823
vn 0.0524462 -0.508332 0.859562
vn 0.113626 -0.178634 0.977333
vn -0.500269 0.558667 -0.661529
vn -0.334942 0.406189 -0.850191
vn -0.208881 0.771236 -0.601301
vn -0.119974 0.647654 -0.75243
vn -0.0399784 0.413409 -0.909667
vn -0.775059 0.480876 -0.409929
vn -0.526644 0.733923 -0.428956
vn -0.439111 0.860068 -0.259739
vn -0.222402 0.88294 -0.413467
vn -0.0750017 0.964305 -0.25395
vn -0.0159312 0.891184 -0.453363
vn -0.618171 0.779582 -0.100581
vn -0.290957 0.94654 -0.139301
vn -0.670984 0.740936 0.0281633
vn -0.392762 0.918811 -0.0390345
vn -0.437044 0.896187 0.0764349
vn -0.512578 0.751099 0.416071
vn -0.546014 0.817717 0.182229
vn -0.245738 0.899643 0.360909
vn 0.0791175 0.927863 0.364433
vn -0.697897 0.467456 0.542609
vn -0.569529 0.321817 0.756353
vn -0.350391 0.627924 0.694938
vn -0.27048 0.309938 0.911471
vn 0.0227908 0.539314 0.841797
vn 0.118876 0.187597 0.975026
vn 0.00877831 0.791483 0.611128
vn -0.172103 0.983896 0.0482604
vn -0.0386616 0.998172 -0.0464474
vn 0.0662354 0.986529 0.149579
vn -0.186235 0.963828 0.190663
vn -0.124373 -0.903764 -0.409564
vn -0.011806 -0.77291 -0.634406
vn -0.314026 -0.941807 -0.119946
vn 0.223683 0.135773 0.965159
vn 0.207673 -0.258896 0.943316
vn 0.331195 0.138609 0.933326
vn 0.294528 0.670112 -0.681324
vn 0.323781 0.48342 0.813308
vn 0.450571 0.826911 0.336459
vn 0.471822 0.880489 0.0460754
vn -0.0217052 -0.74559 -0.666051
vn -0.105698 -0.897063 -0.429074
vn 0.076645 -0.816943 0.571603
vn -0.0485884 -0.541352 -0.839391
vn 0.0632957 -0.158719 -0.985293
vn 0.170508 0.258812 -0.950759
vn 0.0936168 -0.469417 -0.878
vn 0.204795 -0.151608 -0.966992
vn 0.158899 -0.652102 0.741292
vn 0.259887 -0.37123 0.89143
vn 0.350298 0.00318822 0.936633
vn 0.0519927 0.801535 -0.595683
vn 0.123024 0.620145 -0.774781
vn 0.101609 0.917626 -0.384237
vn 0.0698115 0.983443 -0.167234
vn 0.291584 0.758632 0.58263
vn 0.298692 0.468942 0.83119
vn -0.387044 -0.911006 0.142356
vn 0.0549821 -0.404774 -0.912762
vn -0.351192 -0.861432 -0.366878
vn -0.197527 -0.729169 -0.655207
vn -0.18047 -0.815491 0.549913
vn 0.0237303 -0.555422 0.83123
vn 0.224792 0.23793 -0.944911
vn 0.345737 0.282592 0.894767
vn 0.398569 0.825675 -0.399253
vn 0.436495 0.89114 -0.123862
vn 0.414388 0.724298 0.551067
vn 0.455789 0.872046 0.178305
vn -0.187598 -0.960817 -0.204052
vn -0.151635 -0.984871 0.0838829
vn -0.0546293 -0.919933 0.388252
vn 0.265965 0.487205 -0.831801
vn 0.198619 0.777851 -0.596237
vn 0.164741 0.967274 -0.192979
vn 0.132502 0.990225 0.0435722
vn 0.199721 0.928334 0.313541
vn 0.409265 0.416918 0.811592
vn 0.203166 -0.157842 0.966338
vn 0.32204 0.608436 -0.725324
vn 0.416306 0.605032 0.678693
vn 0.448908 0.780079 0.435842
vn -0.318595 -0.936647 0.145565
vn -0.38533 -0.912118 -0.139864
vn -0.115108 -0.830588 -0.544861
vn 0.0490259 -0.50041 -0.864399
vn -0.309243 -0.840178 -0.4455
vn -0.190858 -0.850824 0.489563
vn -0.0858137 -0.708584 0.700389
vn 0.0777956 -0.746907 0.660362
vn 0.182557 0.029903 -0.98274
vn 0.253668 0.410935 -0.875663
vn 0.146538 -0.478125 0.865981
vn 0.342289 0.152354 0.92716
vn 0.219692 0.882921 -0.414953
vn 0.259726 0.965587 0.0136024
vn 0.236493 0.949257 0.207322
vn 0.312454 0.852458 0.419152
vn -0.47 -0.851818 -0.231312
vn -0.402006 -0.721401 -0.563891
vn -0.233116 -0.388518 -0.891466
vn -0.229368 -0.68086 0.695571
vn -0.0591947 -0.431206 0.900309
vn 0.0331621 0.15627 -0.987157
vn 0.093481 -0.186524 0.977993
vn 0.468596 0.882895 0.0302462
vn -0.411111 -0.706952 -0.575506
vn -0.539332 -0.834283 0.11442
vn -0.530839 -0.811671 -0.243723
vn -0.37522 -0.739064 0.559459
vn -0.217626 -0.642746 -0.734518
vn -0.0788879 -0.295759 -0.951999
vn 0.294671 0.7374 -0.607791
vn 0.292485 0.919717 -0.261865
vn 0.391504 0.656202 0.645076
vn 0.369413 0.883092 0.28928
vn -0.484269 -0.722519 -0.493406
vn -0.365867 -0.835797 0.409371
vn -0.314409 -0.75833 0.571036
vn -0.202287 -0.627873 0.751569
vn -0.0758523 -0.463267 0.882967
vn 0.234757 0.5475 -0.803201
vn 0.385896 0.451512 0.804501
vn 0.2277 0.0811079 0.970347
vn -0.866362 -0.366403 -0.339361
vn -0.699076 -0.432885 -0.569124
vn -0.678602 -0.271257 -0.682583
vn -0.456199 -0.242411 -0.856224
vn -0.807829 -0.557559 0.191154
vn -0.828194 -0.532407 -0.175036
vn -0.70661 -0.407794 0.578279
vn -0.484936 -0.29835 0.822085
vn -0.636789 -0.640945 -0.428591
vn -0.377089 -0.463627 -0.801782
vn -0.707937 -0.706275 -0.000563509
vn -0.675637 -0.649823 0.348203
vn -0.16214 -0.559601 0.812746
vn -0.532355 -0.512545 0.673718
vn -0.276702 -0.449216 0.849495
vn -0.125472 -0.157069 -0.979585
vn 0.070467 -0.24735 0.96636
vn 0.340831 0.650026 -0.679191
vn 0.470412 0.85851 0.204138
vn 0.406687 0.512108 0.756539
vn 0.44932 0.738629 0.502533
vn 0.415532 0.908916 -0.0347045
vn 0.400802 0.830844 -0.386077
vn -0.390067 -0.433919 -0.812135
vn 0.0962858 -0.167746 0.981117
vn 0.276616 0.175802 0.944763
vn 0.479853 0.834121 0.272
vn -0.923204 -0.378111 -0.0687415
vn -0.61067 -0.352515 0.709095
vn -0.485919 -0.14321 -0.862191
vn -0.90199 -0.421813 0.0921335
vn -0.539957 -0.16322 -0.825715
vn -0.391941 0.00407395 -0.919981
vn -0.246092 0.223606 -0.943101
vn -0.27492 -0.0459196 -0.96037
vn -0.185126 -0.0823696 0.979257
vn -0.302365 0.100451 0.947884
vn -0.0627945 0.110008 -0.991945
vn 0.0480209 0.43634 -0.8985
vn -0.126011 0.441121 -0.888557
vn 0.15464 0.0889331 0.98396
vn 0.201219 0.39369 0.89695
vn -0.15127 0.207277 0.966516
vn -0.108241 0.422392 0.899927
vn 0.0962863 0.683996 -0.723104
vn 0.317649 0.766519 -0.558165
vn -0.00404413 0.849037 -0.528319
vn -0.0161572 0.737971 -0.674639
vn -0.0630726 0.900086 -0.431123
vn 0.283954 0.86577 -0.412083
vn 0.384299 0.90387 -0.18797
vn 0.392943 0.918624 0.0415465
vn 0.174305 0.865687 0.469258
vn 0.0298042 0.965466 -0.258819
vn -0.114968 0.985595 0.124035
vn -0.167905 0.881053 0.442214
vn -0.179186 0.964297 0.194997
vn -0.131865 0.985088 -0.110513
vn 0.0412089 0.931225 0.362107
vn 0.364888 0.622299 0.692532
vn -0.0285246 0.632434 0.774089
vn -0.114431 0.72065 0.68379
vn 0.0867225 0.463394 -0.881898
vn -0.869886 -0.346979 -0.350577
vn 0.381178 0.905614 -0.185922
vn 0.357839 0.847188 -0.392714
vn -0.938267 -0.275534 -0.209134
vn 0.154251 0.780001 -0.60647
vn 0.399263 0.902466 0.161691
vn -0.883293 -0.39207 0.257051
vn -0.771308 -0.283954 -0.569609
vn -0.424265 -0.328745 0.843757
vn -0.289318 -0.0800437 -0.95388
vn -0.059523 -0.0682665 -0.99589
vn -0.375757 -0.166921 -0.911561
vn -0.145887 -0.101376 -0.984093
vn -0.529472 -0.329233 0.781834
vn -0.211444 -0.233649 0.949052
vn -0.424779 -0.102661 -0.899457
vn -0.222812 0.0347644 -0.974241
vn 0.0330853 0.047385 -0.998329
vn -0.367869 -0.115895 0.922627
vn -0.170111 0.205482 -0.963763
vn 0.0236561 0.17546 -0.984202
vn 0.113991 0.345094 -0.93162
vn -0.152511 0.0601764 0.986468
vn 0.0821286 0.198533 0.976647
vn 0.165398 0.552732 -0.816781
vn -0.155211 0.23869 0.958612
vn 0.0268347 0.584053 0.811272
vn 0.0430551 0.373256 0.926729
vn 0.248941 0.493296 0.833479
vn 0.296028 0.359063 0.885122
vn 0.287264 0.848306 -0.444811
vn 0.365563 0.704241 -0.608612
vn 0.560308 0.773699 -0.29571
vn 0.132648 0.987093 0.0897357
vn 0.170975 0.961239 -0.216301
vn 0.414741 0.906805 -0.0754619
vn 0.35674 0.876071 0.3244
vn 0.526752 0.739227 0.419614
vn 0.108338 0.800903 0.588911
vn 0.326501 0.682351 0.65406
vn -0.285906 -0.780317 0.556203
vn 0.0447802 -0.346068 0.93714
vn -0.14642 0.0988004 -0.984276
vn 0.369475 0.308739 0.876452
vn -0.0576131 0.497906 -0.865315
vn -0.327816 0.265229 -0.906747
vn -0.110662 0.541992 -0.833066
vn -0.799613 -0.17775 -0.573606
vn 0.305957 0.821068 0.48191
vn 0.356419 0.772345 0.525783
vn 0.44054 0.730843 0.521338
vn -0.36747 -0.134372 0.920277
vn -0.512525 -0.235019 0.825884
vn -0.558506 -0.169372 -0.812025
vn -0.66713 -0.279708 0.690435
vn -0.490663 -0.307137 0.815424
vn -0.328106 -0.0532737 -0.943138
vn 0.000393914 0.113135 -0.99358
vn -0.221047 -0.205843 0.953293
vn -0.148533 -0.281174 0.948092
vn 0.175864 -0.157231 0.971777
vn 0.121468 -0.383919 0.915342
vn 0.0389415 -0.149876 -0.987938
vn 0.210796 -0.0700008 -0.97502
vn 0.240948 -0.132527 -0.961447
vn -0.241714 -0.383625 0.891295
vn 0.113612 -0.248096 0.96205
vn 0.207502 -0.00402912 -0.978226
vn 0.0730862 -0.138418 0.987674
vn 0.323124 -0.0073585 0.946328
vn 0.293213 0.216308 -0.931256
vn 0.472285 0.158674 -0.867046
vn 0.500193 0.186654 0.845557
vn 0.020079 -0.00982251 0.99975
vn 0.587078 0.334791 -0.737058
vn 0.496506 0.373239 0.783693
vn 0.6439 0.347662 0.68156
vn 0.282776 0.173704 0.943326
vn 0.392018 0.419627 -0.818679
vn 0.466576 0.565401 -0.680168
vn 0.640448 0.636463 -0.429815
vn 0.643933 0.493279 -0.58483
vn 0.676066 0.664371 0.318663
vn 0.739323 0.668305 -0.0822774
vn 0.783661 0.589818 0.19491
vn 0.846273 0.532357 -0.0204274
vn 0.503066 0.552432 0.664638
vn 0.702163 0.506294 0.500633
vn 0.599319 0.797213 0.0725782
vn -0.129607 -0.60492 0.785668
vn -0.316406 0.0769122 -0.945501
vn 0.23145 -0.0108983 0.972786
vn -0.134753 0.319717 -0.937882
vn -0.489619 -0.0338307 -0.87128
vn -0.237932 0.0324752 -0.970739
vn 0.434199 0.542871 0.718862
vn -0.0809517 -0.189825 0.978475
vn 0.0898325 -0.0499037 0.994706
vn 0.0081404 -0.128755 0.991643
vn 0.475143 0.297393 -0.828129
vn 0.50533 0.074049 -0.859743
vn 0.705921 0.218924 -0.673608
vn 0.617682 -0.0747122 -0.782871
vn 0.84201 0.310621 -0.44106
vn 0.829315 0.0142348 -0.558601
vn 0.94214 0.276202 -0.189958
vn 0.966404 -0.127503 -0.223173
vn 0.572831 -0.0855781 0.815194
vn 0.768097 0.138705 0.62513
vn 0.771092 -0.195577 0.605943
vn 0.873705 0.307157 0.377219
vn 0.877382 -0.124435 0.463376
vn 0.986391 0.0580211 0.153835
vn 0.951674 -0.265645 0.154111
vn 0.808213 -0.287407 0.513994
vn 0.570504 -0.329488 0.752305
vn 0.424585 -0.13762 -0.894868
vn 0.697677 -0.073782 -0.712603
vn 0.912149 -0.105146 -0.396142
vn 0.396068 -0.252258 0.882891
vn 0.428396 -0.091018 0.898995
vn 0.622428 -0.0805007 0.778526
vn 0.652845 -0.221592 0.724356
vn 0.807917 -0.0814195 0.583644
vn 0.494142 -0.00221675 -0.869378
vn 0.673209 0.184693 -0.716016
vn 0.74992 0.0908543 -0.65526
vn 0.877097 0.215074 -0.42947
vn 0.908344 0.0562992 -0.414418
vn 0.618245 0.086268 0.781237
vn 0.765132 0.0516579 0.641797
vn 0.83683 0.178112 0.51768
vn 0.898289 0.0663787 0.434363
vn 0.769921 0.296082 -0.565294
vn 0.882186 0.341866 -0.323844
vn 0.948451 0.291547 0.124264
vn 0.954348 0.276517 -0.11295
vn 0.72774 0.240303 0.642377
vn 0.88567 0.304971 0.350115
vn 0.790033 0.536916 -0.29592
vn 0.780735 0.418427 -0.464081
vn 0.849011 0.459164 0.261438
vn 0.886054 0.428975 -0.175755
vn 0.914741 0.399871 0.057896
vn 0.785736 0.375462 0.491576
vn -0.51589 -0.829044 -0.215739
vn -0.386382 -0.881575 0.271171
vn -0.192865 -0.742263 0.641754
vn -0.33129 -0.027885 -0.943117
vn -0.503929 -0.544516 -0.670491
vn 7.51995e-05 -0.502455 0.864603
vn 0.198426 -0.179584 0.963523
vn 0.334734 0.155487 0.929396
vn -0.242504 0.110128 -0.96388
vn 0.142531 0.304849 -0.941675
vn 0.602533 0.508907 -0.61479
vn 0.334609 0.0445456 0.941304
vn 0.816218 0.54563 -0.189936
vn 0.812418 0.436718 -0.386335
vn 0.900667 0.432895 0.0374353
vn 0.986586 -0.155937 -0.0482785
vn 0.947977 -0.0969989 0.303201
vn 0.998016 -0.000598039 -0.0629641
vn 0.979272 0.145462 -0.140951
vn 0.981491 0.076182 0.175703
vn 0.96254 0.184849 0.198363
vn -0.109841 0.327913 -0.938301
vn 0.326613 0.0877623 0.941075
vn 0.282505 0.523546 -0.803798
vn 0.639787 0.669405 -0.377583
vn 0.794072 0.605814 0.0493835
vn 0.858922 0.484248 0.166606
vn 0.740582 0.392993 0.545064
vn -0.57975 -0.663442 -0.473006
vn -0.209905 -0.809064 0.548958
vn -0.499009 -0.202295 -0.842655
vn -0.0130231 -0.618959 0.785316
vn 0.162014 -0.368349 0.915462
vn 0.0358529 0.524417 -0.850707
vn -0.0652539 0.547337 -0.834365
vn 0.0942488 0.672848 -0.733752
vn 0.336685 -0.0255002 0.941272
vn 0.21526 0.586807 -0.78059
vn -0.516672 -0.850756 -0.0962479
vn -0.60945 -0.682919 -0.402731
vn -0.404452 -0.899373 0.16597
vn -0.0661177 -0.73612 0.673615
vn -0.275069 0.257654 -0.926257
vn 0.343407 -0.131566 0.929926
vn 0.319662 0.716723 -0.619777
vn 0.45687 0.857094 -0.238033
vn 0.661951 0.70622 0.251146
vn 0.5093 0.242448 0.825732
vn -0.616044 -0.417833 -0.667761
vn -0.253169 -0.877387 0.407551
vn -0.506492 0.0105687 -0.86218
vn 0.188066 -0.454574 0.870628
vn 0.413869 -0.0849703 0.906362
vn -0.343302 0.281596 -0.896018
vn -0.171812 0.505919 -0.845297
vn 0.0130913 0.696442 -0.717493
vn 0.54824 0.226917 0.804948
vn 0.0616667 -0.647971 0.759165
vn -0.0397083 -0.776772 0.628528
vn -0.376194 0.325773 -0.867381
vn 0.140186 0.817691 -0.558328
vn 0.608077 0.513666 0.605301
vn -0.659131 -0.471595 -0.585786
vn -0.608931 -0.143318 -0.780168
vn -0.514895 0.0759122 -0.853886
vn 0.191215 -0.551489 0.811971
vn 0.352401 -0.300707 0.886222
vn -0.154703 0.600701 -0.784363
vn 0.503726 -0.0260751 0.86347
vn -0.360177 -0.912885 0.192127
vn -0.131527 -0.866467 0.481596
vn 0.12395 -0.675284 0.727068
vn -0.288055 0.512087 -0.809192
vn -0.50368 0.198267 -0.840831
vn -0.0805613 0.739511 -0.668306
vn 0.383789 -0.344419 0.856786
vn 0.251578 0.901134 -0.353081
vn 0.607251 0.712051 0.352463
vn 0.610314 0.268012 0.745444
vn -0.697604 -0.461143 -0.548358
vn -0.613679 -0.73194 -0.296077
vn 0.120634 -0.726491 0.676504
vn 0.317412 -0.49556 0.808498
vn 0.547673 -0.036488 0.835897
vn 0.651809 0.470308 0.594941
vn 0.491884 0.870066 0.0321582
vn -0.251437 -0.921529 0.295913
vn -0.0480671 -0.857952 0.511477
vn -0.66169 -0.13072 -0.738295
vn -0.552339 0.21984 -0.804109
vn -0.341318 0.526647 -0.778553
vn 0.640995 0.169717 0.748546
vn 0.645452 0.639187 0.418128
vn -0.721508 -0.269407 -0.637845
vn -0.427491 -0.902517 0.0521
vn 0.170056 -0.728844 0.663225
vn -0.641899 0.0897456 -0.761519
vn -0.467688 0.428985 -0.772813
vn 0.36775 -0.495793 0.786733
vn 0.525658 -0.192964 0.828522
vn -0.151101 0.731037 -0.665397
vn 0.069414 0.869612 -0.488832
vn 0.666799 0.613167 0.423563
vn 0.682864 0.413494 0.602262
vn 0.348312 0.921167 -0.173578
vn 0.572396 0.798604 0.185996
vn -0.0488927 -0.882769 0.467257
vn 0.676688 0.129578 0.724778
vn 0.555266 -0.248008 0.793833
vn -0.145558 0.770448 -0.620664
vn 0.166531 0.918546 -0.358524
vn 0.707163 0.421065 0.568
vn -0.751501 -0.329278 -0.571683
vn -0.717418 -0.0373641 -0.69564
vn -0.700161 -0.579589 -0.416955
vn -0.219143 -0.933951 0.282333
vn 0.15516 -0.78009 0.606123
vn -0.591508 0.28953 -0.752523
vn 0.371031 -0.568587 0.734197
vn -0.355785 0.639442 -0.681565
vn 0.675771 0.627707 0.386415
vn -0.531122 -0.841004 -0.103056
vn 0.557559 -0.319862 0.766039
vn 0.69423 0.0298052 0.719136
vn 0.729903 0.411902 0.545507
vn 0.0499637 0.915162 -0.399977
vn 0.626456 0.736957 0.253865
vn -0.752185 -0.460255 -0.471575
vn -0.765485 -0.0968663 -0.63612
vn -0.34392 -0.931022 0.122133
vn 0.0154937 -0.883365 0.468429
vn -0.147189 -0.939819 0.308344
vn 0.253893 -0.741203 0.621415
vn 0.6649 -0.171676 0.726935
vn 0.484314 -0.499044 0.718606
vn 0.406504 0.91121 -0.0667157
vn -0.627906 -0.739898 -0.241424
vn -0.456027 -0.88947 -0.029701
vn 0.0396299 -0.899612 0.434889
vn -0.62024 0.334305 -0.709607
vn -0.311496 0.76673 -0.561334
vn 0.759939 0.233464 0.60662
vn 0.722549 0.545495 0.424685
vn -0.810707 -0.237535 -0.5351
vn -0.236685 -0.952908 0.189598
vn 0.171695 -0.859485 0.481462
vn 0.343091 -0.700672 0.625577
vn -0.687285 -0.651797 -0.320624
vn -0.511727 -0.85016 -0.123944
vn -0.308655 -0.948332 0.0734674
vn -0.0754034 -0.955453 0.285348
vn 0.417893 -0.669316 0.614315
vn -0.709332 0.300036 -0.63783
vn -0.497941 0.660176 -0.562336
vn 0.792372 0.215764 0.570607
vn 0.770919 0.441371 0.459212
vn 0.617 -0.372275 0.693341
vn 0.740924 -0.0305377 0.670894
vn 0.0809775 0.949836 -0.302085
vn 0.656011 0.702193 0.276723
vn -0.832299 -0.218472 -0.509458
vn 0.107247 -0.921228 0.373947
vn 0.352852 -0.773942 0.525842
vn -0.821695 0.078375 -0.564512
vn 0.548731 -0.551419 0.628356
vn 0.6917 -0.321973 0.64644
vn -0.218687 0.877171 -0.427489
vn 0.773996 -0.0381843 0.632038
vn 0.380088 0.924769 -0.0182889
vn -0.530517 -0.827769 -0.182623
vn -0.333565 -0.942658 -0.0114303
vn -0.782507 -0.461627 -0.417831
vn -0.0799824 -0.977235 0.196508
vn 0.587072 -0.565065 0.579696
vn 0.273067 -0.866847 0.417147
vn -0.644267 0.545268 -0.536287
vn 0.774479 -0.16853 0.609737
vn 0.0417515 0.968194 -0.246693
vn -0.611439 -0.741819 -0.275402
vn -0.38067 -0.919229 -0.100543
vn -0.0788615 -0.991551 0.102992
vn 0.157389 -0.945897 0.283738
vn -0.858658 -0.134656 -0.494545
vn 0.494377 -0.725264 0.479149
vn 0.719729 -0.393144 0.572213
vn -0.827071 0.193751 -0.527649
vn -0.717165 0.505071 -0.480186
vn 0.823895 0.186039 0.535338
vn 0.81966 -0.0778682 0.567533
vn -0.213604 0.920888 -0.326096
vn 0.208847 0.976631 -0.0507404
vn 0.539631 0.82251 0.179651
vn -0.703579 -0.611018 -0.362813
vn -0.453927 -0.874158 -0.172622
vn -0.517787 -0.817355 -0.252641
vn -0.381593 -0.924007 -0.024446
vn 0.410942 -0.830105 0.376898
vn 0.62364 -0.628458 0.46488
vn -0.843603 0.232181 -0.484176
vn 0.710562 -0.464153 0.528833
vn 0.825728 -0.165233 0.539325
vn -0.378593 0.873901 -0.3049
vn 0.721074 0.598337 0.349348
vn 0.805039 0.394243 0.443266
vn 0.850729 0.126405 0.510179
vn -0.821202 -0.567988 -0.054927
vn -0.497146 -0.804425 0.325187
vn -0.623814 -0.701348 -0.344916
vn -0.40733 -0.884404 -0.227841
vn -0.848013 -0.130783 -0.513586
vn -0.579743 -0.775794 -0.249084
vn -0.791493 -0.568308 -0.224866
vn -0.801982 -0.435507 -0.40885
vn -0.611543 -0.779474 -0.135775
vn -0.232487 -0.953171 0.193431
vn -0.586163 -0.804995 0.0916368
vn 0.0357934 -0.945113 0.324777
vn -0.138216 -0.877412 0.459396
vn 0.205758 -0.928897 0.307919
vn 0.321099 -0.741796 0.588757
vn 0.257156 -0.929525 0.2643
vn 0.516113 -0.773875 0.367076
vn -0.877858 0.0132284 -0.478738
vn 0.798452 -0.324873 0.506884
vn -0.655584 0.652949 -0.379299
vn -0.344123 0.916705 -0.203055
vn 0.0404774 0.997216 -0.0626301
vn 0.392194 0.90784 0.148361
vn -0.888341 -0.414425 -0.197743
vn -0.65549 -0.715789 0.240788
vn -0.290293 -0.786795 0.544687
vn -0.587176 0.342495 -0.733432
vn -0.348704 0.569932 -0.744032
vn -0.670653 -0.713742 0.201984
vn -0.413646 -0.791836 0.449325
vn -0.00262291 -0.766951 0.641701
vn 0.42218 -0.543014 0.725878
vn 0.588793 -0.378746 0.714055
vn -0.0858801 0.686677 -0.721872
vn 0.741087 0.620379 -0.256749
vn 0.690341 -0.569892 0.445704
vn 0.845746 -0.0613902 0.530042
vn 0.874788 0.411619 -0.255572
vn 0.632077 -0.448635 0.631827
vn 0.463883 -0.78428 0.411968
vn 0.723685 -0.518992 0.454893
vn -0.805152 -0.390034 -0.44677
vn 0.799734 -0.402071 0.445831
vn 0.852289 -0.194694 0.485487
vn 0.867642 0.0151386 0.496959
vn -0.797555 0.444456 -0.407878
vn -0.036482 0.998753 -0.0340692
vn 0.836408 0.312212 0.450495
vn 0.698972 0.627507 0.343034
vn -0.883658 -0.374843 -0.280429
vn -0.476931 -0.790185 0.384895
vn -0.787241 -0.615024 0.0446951
vn -0.828907 -0.00815249 -0.559326
vn -0.0970644 -0.763074 0.638981
vn 0.260871 -0.621676 0.738556
vn 0.106681 -0.690063 0.715844
vn 0.895605 0.178168 0.407613
vn 0.360171 -0.557451 0.748014
vn -0.626681 -0.677144 -0.385676
vn -0.441957 -0.851386 -0.282518
vn 0.592353 -0.747972 0.299426
vn -0.542412 0.799185 -0.259021
vn -0.181486 0.981383 -0.0628485
vn 0.112497 0.989132 0.0946645
vn 0.236532 0.963649 0.124233
vn -0.786637 -0.596598 -0.158973
vn -0.243793 -0.888007 0.389884
vn -0.8118 -0.0248172 -0.583408
vn -0.424839 -0.839288 0.339274
vn 0.0541256 -0.796832 0.601771
vn -0.866068 -0.239163 -0.439007
vn -0.613668 0.331521 -0.716593
vn -0.213191 0.657448 -0.722711
vn -0.734844 -0.676621 0.0467752
vn 0.345884 -0.610559 0.712448
vn 0.64954 -0.349772 0.675098
vn -0.0366145 -0.779632 0.625167
vn -0.0185957 0.759743 -0.649957
vn 0.519555 -0.446916 0.728237
vn 0.758132 -0.167464 0.630232
vn -0.232439 -0.955731 -0.180419
vn 0.753374 -0.534047 0.383695
vn -0.770633 -0.441953 -0.459133
vn 0.866663 -0.198696 0.457618
vn 0.874861 0.113816 0.470813
vn -0.660814 0.689191 -0.297222
vn -0.392173 0.909874 -0.135388
vn 0.77227 0.474271 0.422689
vn 0.537445 0.788828 0.298168
vn -0.780516 -0.538495 -0.31752
vn -0.0268526 -0.936318 0.350126
vn 0.435807 -0.669358 0.601691
vn -0.457199 0.573178 -0.680027
vn -0.289412 0.741736 -0.605036
vn 0.163981 0.906933 -0.388049
vn -0.466351 -0.87699 0.115783
vn 0.397546 -0.639229 0.658288
vn 0.0537586 -0.865501 0.498015
vn 0.858941 0.034438 0.510915
vn 0.540261 0.810373 -0.226747
vn 0.00374852 0.823925 -0.566686
vn 0.708581 0.698841 -0.0976407
vn -0.11373 -0.980463 -0.16049
vn 0.140124 -0.990123 -0.0046236
vn 0.708239 -0.624546 0.329149
vn 0.524733 -0.82052 0.22672
vn -0.847117 -0.211995 -0.487289
vn 0.363717 0.899338 0.242695
vn 0.101352 0.985299 0.137528
vn -0.711385 -0.559723 -0.425019
vn -0.81206 -0.215481 -0.542335
vn -0.523027 -0.847329 -0.0920658
vn -0.0411861 -0.980421 0.192558
vn 0.32779 -0.812627 0.481861
vn 0.615221 -0.517561 0.594672
vn -0.23462 0.816644 -0.527302
vn -0.596145 0.516203 -0.614935
vn 0.322458 0.935895 -0.141853
vn 0.697044 0.677629 0.234412
vn 0.831061 0.297204 0.470114
vn -0.0682117 0.947598 -0.312098
vn 0.7739 -0.174477 0.608799
vn 0.779182 0.59337 0.20196
vn -0.396279 -0.864229 -0.309953
vn 0.137128 -0.989814 -0.0382613
vn 0.347393 -0.932414 0.0996109
vn -0.64069 -0.63962 -0.424739
vn 0.841387 -0.335087 0.424011
vn -0.869637 -0.0148966 -0.493466
vn -0.856468 0.253681 -0.449565
vn 0.402564 0.865997 0.296634
vn 0.609907 0.693271 0.383912
vn -0.243377 -0.745655 -0.620295
vn -0.356474 0.0443589 -0.933252
vn -0.057776 -0.765806 -0.640471
vn 0.21384 -0.0290104 -0.976438
vn 0.368547 0.348286 -0.861899
vn -0.688499 -0.322645 -0.649515
vn -0.684239 0.27283 -0.676299
vn -0.311599 -0.744873 -0.589975
vn -0.393799 0.697796 -0.598334
vn 0.446102 -0.874329 -0.191158
vn 0.278346 -0.93429 0.222769
vn -0.00523334 0.899923 -0.436017
vn 0.638141 -0.761691 0.112261
vn 0.67084 -0.575409 0.467844
vn 0.735174 -0.565031 -0.374511
vn 0.883327 -0.435224 0.174107
vn 0.644949 -0.241364 -0.72511
vn 0.921923 -0.156755 -0.354239
vn 0.631972 0.147395 -0.760846
vn 0.862808 -0.135324 0.487084
vn 0.912861 0.0838013 -0.399578
vn 0.856226 0.387777 0.341331
vn 0.415011 0.846468 -0.333555
vn 0.744899 0.666728 0.0244614
vn 0.368306 0.929165 -0.0316535
vn 0.673951 0.691839 0.259131
vn 0.99273 0.0318243 0.116076
vn 0.471425 -0.741535 0.477372
vn 0.744511 -0.332502 0.578918
vn 0.832299 0.0641165 0.550607
vn 0.789808 0.443308 0.423889
vn 0.540737 0.824465 0.166913
vn 0.549961 -0.807116 0.214724
vn -0.755948 -0.442845 -0.48211
vn 0.882778 -0.0290548 0.468891
vn 0.824173 0.318161 0.468522
vn -0.569434 0.789712 -0.228254
vn 0.131946 0.972807 0.190358
vn -0.579464 -0.696844 -0.422646
vn 0.405207 -0.907306 0.11226
vn -0.816058 -0.27205 -0.50994
vn -0.221379 0.975184 -0.00276537
vn 0.426266 0.838352 0.339799
vn -0.382132 -0.860245 -0.33757
vn -0.116598 -0.973952 -0.194482
vn 0.840439 -0.330792 0.42923
vn -0.697695 -0.528422 -0.483728
vn 0.874149 -0.012169 0.485506
vn 0.752094 0.456063 0.475775
vn -0.856032 0.206323 -0.473963
vn -0.746735 0.556684 -0.363991
vn 0.138541 -0.988632 -0.058415
vn -0.755551 -0.399951 -0.518828
vn -0.557589 -0.703622 -0.440467
vn -0.848507 -0.0797573 -0.52314
vn -0.299533 -0.901058 -0.313646
vn 0.721649 -0.606992 0.332842
vn -0.835703 0.282591 -0.470896
vn -0.0700993 -0.979764 -0.187478
vn 0.847235 -0.256348 0.465272
vn 0.834033 0.185476 0.519604
vn 0.653587 0.590461 0.473476
vn -0.526338 0.826364 -0.200225
vn 0.113992 0.972638 0.20244
vn 0.387836 0.851597 0.352655
vn -0.74225 -0.263388 -0.616191
vn -0.834059 0.0296397 -0.550878
vn -0.761251 0.324689 -0.561314
vn -0.731115 0.54847 -0.405773
vn -0.198404 -0.932968 -0.300345
vn -0.19525 -0.806812 -0.557612
vn -0.206197 -0.225582 -0.952153
vn -0.646964 -0.534416 -0.543909
vn -0.455555 -0.76097 -0.461946
vn -0.424947 -0.516331 -0.74352
vn -0.497915 -0.0989774 -0.861559
vn -0.189593 0.135024 -0.972534
vn -0.147569 0.468874 -0.870851
vn -0.709931 0.0465458 -0.702732
vn -0.605672 0.572052 -0.553099
vn -0.592376 0.747812 -0.299779
vn -0.487287 0.317423 -0.813507
vn -0.352541 0.592673 -0.724192
vn -0.404561 0.80747 -0.429327
vn -0.151097 0.728176 -0.668528
vn 0.0608052 0.827214 -0.558587
vn -0.352949 0.925771 -0.135553
vn -0.176713 0.905455 -0.385905
vn -0.128681 0.977393 -0.167765
vn -0.0807761 0.99462 0.064853
vn 0.0373984 -0.93365 -0.356228
vn 0.212115 -0.772391 -0.598682
vn 0.313269 -0.908293 -0.277249
vn 0.0949008 -0.986228 -0.135457
vn 0.293863 -0.955846 0.00152203
vn 0.459714 -0.885982 -0.0608152
vn 0.559564 -0.806053 0.192786
vn 0.689245 -0.723248 0.0430538
vn -0.00189475 -0.44063 -0.897687
vn 0.0884327 -0.121235 -0.988677
vn 0.255091 -0.302291 -0.918449
vn 0.446043 -0.064745 -0.892667
vn -0.0184638 -0.649387 -0.760234
vn 0.246159 -0.541716 -0.80371
vn 0.427949 -0.554603 -0.713635
vn 0.446182 -0.331746 -0.831184
vn 0.469905 -0.711855 -0.521969
vn 0.61965 -0.504918 -0.600909
vn 0.584723 -0.758045 -0.288904
vn 0.667315 -0.60332 -0.436687
vn 0.591208 -0.36514 -0.719128
vn 0.650716 -0.131201 -0.747901
vn 0.774768 -0.593452 -0.218056
vn 0.748065 -0.259124 -0.610944
vn 0.0523415 0.111246 -0.992414
vn 0.0817956 0.344469 -0.935228
vn 0.289487 0.12098 -0.949506
vn 0.291474 0.394523 -0.871433
vn 0.132733 0.631571 -0.763871
vn 0.323206 0.81079 -0.488013
vn 0.394238 0.573618 -0.71801
vn 0.490317 0.252117 -0.834282
vn 0.591347 0.446107 -0.671787
vn 0.55712 0.6628 -0.500314
vn 0.56321 0.786876 -0.252231
vn 0.678765 0.161339 -0.716414
vn 0.764079 0.409741 -0.498293
vn 0.735933 0.607888 -0.298119
vn 0.529577 0.844586 0.0788824
vn 0.530688 0.782282 0.326199
vn 0.735119 0.6771 0.0337093
vn 0.702651 0.61785 0.352906
vn 0.12071 0.933683 -0.337144
vn 0.11015 0.993387 -0.0323922
vn 0.342933 0.931139 -0.124004
vn 0.252664 0.944883 0.208222
vn 0.787195 -0.428383 -0.443634
vn 0.894298 -0.385343 -0.227469
vn 0.872121 -0.194539 -0.448953
vn 0.952193 -0.177557 -0.2486
vn 0.933803 0.00291705 -0.357776
vn 0.785514 -0.519113 0.336882
vn 0.860981 0.0586182 0.505248
vn 0.877594 -0.473731 0.0735396
vn 0.976791 -0.208067 -0.0508619
vn 0.943829 -0.232482 0.234817
vn 0.874043 -0.215444 0.435469
vn 0.984308 0.0203466 -0.175281
vn 0.935106 0.0773011 0.345833
vn 0.998826 0.0307898 0.0374014
vn 0.823506 0.0642675 -0.563655
vn 0.875048 0.429688 -0.222843
vn 0.912408 0.218761 -0.345913
vn 0.813576 0.375138 0.444259
vn 0.965519 0.237479 -0.106666
vn 0.943826 0.278009 0.178616
vn 0.875656 0.465183 0.129736
vn -0.932523 0.282649 -0.224747
vn 0.327092 0.816739 -0.47534
vn 0.119551 0.743176 0.658329
vn -0.33398 0.273961 0.901888
vn -0.938235 0.337282 0.0771703
vn 0.0865175 0.591822 0.801412
vn 0.422424 0.864968 0.270904
vn 0.148296 0.65092 0.744521
vn -0.838171 -0.063961 -0.541645
vn -0.997398 0.0316177 0.0647953
vn -0.965216 -0.259546 0.0315215
vn 0.313615 0.943926 0.103198
vn -0.596663 0.800077 0.0622049
vn -0.596663 0.800077 0.0622049
vn 0.0370346 0.867492 0.49607
vn -0.596663 0.800077 0.0622049
vn -0.693858 -0.259657 -0.671669
vn -0.538966 -0.135525 0.831353
vn 0.384459 0.765796 0.515507
vn 0.0840542 0.75439 0.651023
vn -0.187047 -0.182079 0.965329
vn -0.35385 -0.913209 -0.202088
vn -0.069123 0.620966 -0.780783
vn 0.22491 -0.97134 0.076899
vn 0.771109 0.577303 -0.268538
vn 0.928131 0.215056 0.303847
vn 0.486564 -0.769432 0.4138
vn 0.625602 -0.680975 0.380652
vn 0.662276 0.718013 -0.214121
vn 0.901671 0.265776 0.341105
vn -0.28611 -0.958061 -0.0161352
vn -0.242461 -0.133238 -0.960968
vn -0.431797 0.564947 -0.703126
vn 0.430418 -0.434477 -0.791183
vn -0.171433 0.693801 -0.699465
vn -0.0663488 -0.997371 0.029135
vn -0.110894 -0.740827 -0.662478
vn 0.519245 0.450281 -0.726383
vn 0.879008 0.476625 -0.0131762
vn 0.525424 0.427178 -0.735832
g grp1
usemtl mtl1
f 1//1 5//5 3//3 
f 2//2 1//1 35//35 
f 5//5 2//2 7//7 
f 4//4 6//6 3//3 
f 5//5 4//4 3//3 
f 4//4 9//9 6//6 
f 1//1 2//2 5//5 
f 4//4 8//8 9//9 
f 5//5 7//7 4//4 
f 8//8 4//4 7//7 
f 7//7 29//29 8//8 
f 9//9 8//8 32//32 
f 32//32 11//11 9//9 
f 9//9 11//11 10//10 
f 10//10 11//11 12//12 
f 13//13 1//1 3//3 
f 13//13 15//15 14//14 
f 3//3 15//15 13//13 
f 19//19 14//14 15//15 
f 13//13 35//35 1//1 
f 14//14 35//35 13//13 
f 35//35 14//14 46//46 
f 14//14 19//19 46//46 
f 46//46 19//19 47//47 
f 47//47 19//19 20//20 
f 3//3 6//6 15//15 
f 9//9 10//10 6//6 
f 10//10 24//24 6//6 
f 12//12 16//16 10//10 
f 16//16 12//12 49//49 
f 49//49 50//50 16//16 
f 50//50 17//17 16//16 
f 50//50 51//51 17//17 
f 17//17 53//53 16//16 
f 16//16 53//53 21//21 
f 18//18 19//19 15//15 
f 18//18 15//15 22//22 
f 20//20 19//19 18//18 
f 18//18 23//23 20//20 
f 966//966 18//18 22//22 
f 15//15 6//6 22//22 
f 6//6 24//24 22//22 
f 24//24 10//10 25//25 
f 53//53 63//63 21//21 
f 16//16 21//21 10//10 
f 10//10 21//21 25//25 
f 966//966 22//22 24//24 
f 55//55 967//967 56//56 
f 970//970 24//24 25//25 
f 59//59 25//25 26//26 
f 971//971 968//968 60//60 
f 970//970 25//25 59//59 
f 63//63 26//26 21//21 
f 21//21 26//26 25//25 
f 27//27 92//92 31//31 
f 92//92 27//27 28//28 
f 27//27 36//36 28//28 
f 28//28 90//90 92//92 
f 90//90 28//28 95//95 
f 29//29 31//31 30//30 
f 34//34 27//27 29//29 
f 29//29 27//27 31//31 
f 8//8 29//29 30//30 
f 30//30 32//32 8//8 
f 32//32 30//30 93//93 
f 92//92 91//91 31//31 
f 31//31 91//91 30//30 
f 30//30 91//91 93//93 
f 93//93 94//94 33//33 
f 94//94 43//43 33//33 
f 7//7 2//2 34//34 
f 34//34 29//29 7//7 
f 2//2 35//35 37//37 
f 38//38 37//37 35//35 
f 35//35 39//39 38//38 
f 27//27 34//34 36//36 
f 34//34 2//2 36//36 
f 2//2 37//37 36//36 
f 28//28 36//36 37//37 
f 28//28 37//37 40//40 
f 40//40 37//37 38//38 
f 40//40 38//38 41//41 
f 41//41 38//38 39//39 
f 48//48 41//41 39//39 
f 48//48 39//39 46//46 
f 95//95 28//28 40//40 
f 97//97 41//41 48//48 
f 93//93 33//33 32//32 
f 11//11 32//32 33//33 
f 42//42 49//49 12//12 
f 42//42 50//50 49//49 
f 50//50 42//42 44//44 
f 43//43 12//12 11//11 
f 42//42 12//12 43//43 
f 43//43 11//11 33//33 
f 42//42 98//98 44//44 
f 98//98 43//43 94//94 
f 98//98 42//42 43//43 
f 44//44 45//45 50//50 
f 39//39 35//35 46//46 
f 23//23 47//47 20//20 
f 23//23 104//104 47//47 
f 48//48 46//46 47//47 
f 104//104 48//48 47//47 
f 52//52 54//54 969//969 
f 51//51 50//50 45//45 
f 969//969 17//17 51//51 
f 52//52 969//969 51//51 
f 106//106 51//51 45//45 
f 106//106 52//52 51//51 
f 52//52 107//107 54//54 
f 973//973 54//54 107//107 
f 107//107 52//52 106//106 
f 104//104 23//23 176//176 
f 176//176 23//23 57//57 
f 54//54 973//973 969//969 
f 57//57 23//23 967//967 
f 57//57 967//967 55//55 
f 58//58 55//55 56//56 
f 58//58 57//57 55//55 
f 205//205 57//57 58//58 
f 179//179 205//205 58//58 
f 972//972 61//61 56//56 
f 972//972 62//62 61//61 
f 207//207 62//62 60//60 
f 60//60 62//62 972//972 
f 56//56 62//62 58//58 
f 61//61 62//62 56//56 
f 207//207 178//178 62//62 
f 179//179 62//62 178//178 
f 179//179 58//58 62//62 
f 60//60 968//968 973//973 
f 207//207 60//60 973//973 
f 71//71 64//64 73//73 
f 129//129 109//109 71//71 
f 64//64 71//71 109//109 
f 73//73 65//65 72//72 
f 65//65 73//73 64//64 
f 65//65 113//113 77//77 
f 113//113 116//116 77//77 
f 70//70 66//66 67//67 
f 66//66 69//69 67//67 
f 123//123 120//120 66//66 
f 66//66 70//70 123//123 
f 73//73 68//68 67//67 
f 73//73 72//72 68//68 
f 67//67 68//68 70//70 
f 70//70 68//68 81//81 
f 69//69 71//71 73//73 
f 67//67 69//69 73//73 
f 71//71 69//69 129//129 
f 68//68 72//72 74//74 
f 68//68 74//74 83//83 
f 74//74 72//72 76//76 
f 76//76 75//75 74//74 
f 77//77 72//72 65//65 
f 78//78 79//79 76//76 
f 79//79 89//89 86//86 
f 76//76 79//79 75//75 
f 79//79 86//86 75//75 
f 77//77 76//76 72//72 
f 77//77 78//78 76//76 
f 130//130 77//77 116//116 
f 78//78 77//77 130//130 
f 80//80 89//89 79//79 
f 78//78 80//80 79//79 
f 80//80 131//131 89//89 
f 68//68 83//83 81//81 
f 81//81 83//83 82//82 
f 70//70 81//81 144//144 
f 81//81 82//82 144//144 
f 145//145 144//144 82//82 
f 83//83 74//74 85//85 
f 83//83 85//85 84//84 
f 82//82 83//83 84//84 
f 84//84 152//152 150//150 
f 74//74 75//75 85//85 
f 85//85 87//87 84//84 
f 87//87 152//152 84//84 
f 152//152 87//87 156//156 
f 86//86 87//87 75//75 
f 87//87 85//85 75//75 
f 86//86 88//88 87//87 
f 87//87 88//88 155//155 
f 155//155 156//156 87//87 
f 86//86 89//89 159//159 
f 160//160 159//159 89//89 
f 86//86 159//159 88//88 
f 95//95 198//198 90//90 
f 90//90 171//171 170//170 
f 171//171 90//90 198//198 
f 92//92 90//90 170//170 
f 172//172 92//92 170//170 
f 92//92 172//172 91//91 
f 91//91 172//172 93//93 
f 93//93 197//197 94//94 
f 103//103 98//98 94//94 
f 95//95 40//40 41//41 
f 96//96 41//41 97//97 
f 96//96 95//95 41//41 
f 96//96 198//198 95//95 
f 97//97 203//203 96//96 
f 219//219 97//97 105//105 
f 99//99 98//98 103//103 
f 44//44 98//98 99//99 
f 99//99 45//45 44//44 
f 102//102 100//100 99//99 
f 100//100 45//45 99//99 
f 100//100 106//106 45//45 
f 103//103 102//102 99//99 
f 101//101 106//106 100//100 
f 173//173 100//100 102//102 
f 173//173 101//101 100//100 
f 174//174 102//102 103//103 
f 173//173 177//177 101//101 
f 174//174 173//173 102//102 
f 48//48 104//104 105//105 
f 97//97 48//48 105//105 
f 176//176 105//105 104//104 
f 107//107 177//177 973//973 
f 207//207 973//973 177//177 
f 106//106 101//101 107//107 
f 101//101 177//177 107//107 
f 108//108 111//111 121//121 
f 181//181 111//111 108//108 
f 181//181 108//108 180//180 
f 109//109 110//110 64//64 
f 109//109 129//129 111//111 
f 110//110 109//109 111//111 
f 110//110 112//112 114//114 
f 110//110 111//111 112//112 
f 111//111 181//181 112//112 
f 64//64 110//110 113//113 
f 65//65 64//64 113//113 
f 110//110 114//114 113//113 
f 114//114 116//116 113//113 
f 114//114 115//115 116//116 
f 115//115 118//118 116//116 
f 117//117 130//130 116//116 
f 132//132 130//130 117//117 
f 116//116 118//118 117//117 
f 136//136 117//117 118//118 
f 136//136 132//132 117//117 
f 182//182 136//136 118//118 
f 211//211 118//118 115//115 
f 119//119 121//121 129//129 
f 69//69 119//119 129//129 
f 119//119 69//69 66//66 
f 120//120 119//119 66//66 
f 123//123 124//124 120//120 
f 129//129 121//121 111//111 
f 122//122 121//121 119//119 
f 122//122 120//120 124//124 
f 122//122 119//119 120//120 
f 140//140 123//123 139//139 
f 121//121 122//122 125//125 
f 125//125 122//122 124//124 
f 127//127 125//125 124//124 
f 126//126 127//127 124//124 
f 123//123 126//126 124//124 
f 140//140 126//126 123//123 
f 108//108 121//121 125//125 
f 125//125 183//183 108//108 
f 125//125 127//127 183//183 
f 183//183 127//127 184//184 
f 128//128 127//127 126//126 
f 140//140 143//143 126//126 
f 184//184 127//127 128//128 
f 143//143 128//128 126//126 
f 180//180 108//108 183//183 
f 185//185 184//184 128//128 
f 185//185 128//128 143//143 
f 130//130 80//80 78//78 
f 89//89 131//131 160//160 
f 131//131 162//162 160//160 
f 130//130 132//132 80//80 
f 135//135 162//162 131//131 
f 136//136 133//133 132//132 
f 133//133 80//80 132//132 
f 80//80 133//133 134//134 
f 134//134 131//131 80//80 
f 135//135 131//131 134//134 
f 137//137 133//133 136//136 
f 134//134 133//133 137//137 
f 137//137 138//138 134//134 
f 138//138 135//135 134//134 
f 138//138 164//164 135//135 
f 164//164 162//162 135//135 
f 136//136 182//182 188//188 
f 137//137 136//136 188//188 
f 144//144 123//123 70//70 
f 139//139 123//123 144//144 
f 139//139 142//142 140//140 
f 139//139 141//141 142//142 
f 143//143 140//140 142//142 
f 141//141 147//147 149//149 
f 191//191 142//142 141//141 
f 141//141 149//149 191//191 
f 139//139 144//144 145//145 
f 146//146 147//147 145//145 
f 82//82 146//146 145//145 
f 141//141 139//139 145//145 
f 147//147 141//141 145//145 
f 147//147 146//146 148//148 
f 149//149 147//147 148//148 
f 84//84 150//150 82//82 
f 153//153 150//150 152//152 
f 146//146 82//82 150//150 
f 146//146 150//150 151//151 
f 150//150 153//153 151//151 
f 146//146 151//151 148//148 
f 153//153 152//152 154//154 
f 154//154 152//152 156//156 
f 156//156 169//169 154//154 
f 88//88 159//159 155//155 
f 155//155 157//157 156//156 
f 157//157 155//155 165//165 
f 169//169 156//156 157//157 
f 157//157 165//165 158//158 
f 169//169 157//157 158//158 
f 195//195 158//158 165//165 
f 162//162 161//161 160//160 
f 159//159 160//160 161//161 
f 159//159 161//161 155//155 
f 155//155 161//161 165//165 
f 163//163 162//162 164//164 
f 163//163 161//161 162//162 
f 196//196 165//165 163//163 
f 165//165 161//161 163//163 
f 164//164 196//196 163//163 
f 196//196 195//195 165//165 
f 148//148 151//151 167//167 
f 151//151 153//153 167//167 
f 153//153 154//154 166//166 
f 154//154 169//169 166//166 
f 167//167 153//153 166//166 
f 167//167 166//166 168//168 
f 166//166 169//169 168//168 
f 168//168 169//169 158//158 
f 170//170 171//171 200//200 
f 172//172 197//197 93//93 
f 197//197 201//201 94//94 
f 103//103 94//94 201//201 
f 219//219 203//203 97//97 
f 96//96 203//203 198//198 
f 220//220 177//177 204//204 
f 103//103 202//202 174//174 
f 174//174 175//175 173//173 
f 175//175 177//177 173//173 
f 204//204 177//177 175//175 
f 219//219 105//105 176//176 
f 176//176 57//57 219//219 
f 220//220 207//207 177//177 
f 180//180 224//224 181//181 
f 210//210 115//115 114//114 
f 210//210 211//211 115//115 
f 182//182 118//118 211//211 
f 229//229 182//182 211//211 
f 192//192 185//185 143//143 
f 186//186 180//180 183//183 
f 184//184 186//186 183//183 
f 187//187 184//184 185//185 
f 212//212 185//185 192//192 
f 187//187 186//186 184//184 
f 187//187 185//185 230//230 
f 212//212 230//230 185//185 
f 225//225 180//180 186//186 
f 190//190 164//164 138//138 
f 189//189 137//137 188//188 
f 137//137 189//189 138//138 
f 188//188 182//182 229//229 
f 190//190 138//138 189//189 
f 232//232 188//188 229//229 
f 188//188 232//232 189//189 
f 189//189 232//232 190//190 
f 217//217 190//190 233//233 
f 190//190 217//217 196//196 
f 142//142 192//192 143//143 
f 142//142 191//191 192//192 
f 191//191 149//149 193//193 
f 192//192 213//213 212//212 
f 192//192 191//191 213//213 
f 193//193 213//213 191//191 
f 149//149 148//148 193//193 
f 148//148 194//194 193//193 
f 194//194 214//214 193//193 
f 215//215 214//214 194//194 
f 194//194 148//148 167//167 
f 194//194 167//167 215//215 
f 236//236 215//215 216//216 
f 158//158 195//195 216//216 
f 190//190 196//196 164//164 
f 167//167 168//168 215//215 
f 215//215 168//168 216//216 
f 168//168 158//158 216//216 
f 239//239 199//199 200//200 
f 199//199 238//238 172//172 
f 257//257 201//201 197//197 
f 241//241 201//201 257//257 
f 171//171 198//198 200//200 
f 240//240 200//200 198//198 
f 199//199 172//172 170//170 
f 200//200 199//199 170//170 
f 239//239 200//200 240//240 
f 202//202 103//103 201//201 
f 241//241 202//202 201//201 
f 174//174 218//218 175//175 
f 202//202 218//218 174//174 
f 175//175 218//218 204//204 
f 208//208 206//206 179//179 
f 221//221 178//178 207//207 
f 208//208 178//178 221//221 
f 220//220 221//221 207//207 
f 179//179 206//206 205//205 
f 178//178 208//208 179//179 
f 112//112 209//209 114//114 
f 181//181 209//209 112//112 
f 181//181 224//224 209//209 
f 209//209 210//210 114//114 
f 225//225 186//186 187//187 
f 230//230 212//212 231//231 
f 230//230 225//225 187//187 
f 232//232 233//233 190//190 
f 212//212 213//213 252//252 
f 213//213 193//193 234//234 
f 234//234 193//193 214//214 
f 213//213 234//234 252//252 
f 237//237 236//236 216//216 
f 217//217 195//195 196//196 
f 237//237 216//216 195//195 
f 233//233 254//254 217//217 
f 254//254 195//195 217//217 
f 238//238 199//199 239//239 
f 238//238 239//239 256//256 
f 197//197 172//172 238//238 
f 243//243 198//198 203//203 
f 243//243 240//240 198//198 
f 242//242 202//202 241//241 
f 204//204 218//218 263//263 
f 244//244 263//263 218//218 
f 242//242 218//218 202//202 
f 263//263 262//262 204//204 
f 219//219 261//261 203//203 
f 262//262 220//220 204//204 
f 219//219 57//57 205//205 
f 208//208 221//221 290//290 
f 208//208 290//290 245//245 
f 226//226 223//223 209//209 
f 209//209 223//223 222//222 
f 226//226 248//248 223//223 
f 223//223 247//247 222//222 
f 224//224 226//226 209//209 
f 180//180 225//225 224//224 
f 224//224 250//250 226//226 
f 224//224 225//225 250//250 
f 222//222 211//211 210//210 
f 209//209 222//222 210//210 
f 222//222 227//227 211//211 
f 227//227 229//229 211//211 
f 229//229 227//227 228//228 
f 229//229 228//228 232//232 
f 251//251 225//225 230//230 
f 231//231 212//212 252//252 
f 214//214 253//253 234//234 
f 214//214 215//215 235//235 
f 215//215 236//236 235//235 
f 253//253 214//214 235//235 
f 235//235 236//236 255//255 
f 237//237 255//255 236//236 
f 195//195 254//254 237//237 
f 255//255 237//237 254//254 
f 238//238 472//472 197//197 
f 473//473 197//197 472//472 
f 258//258 241//241 257//257 
f 218//218 242//242 244//244 
f 243//243 203//203 261//261 
f 245//245 206//206 208//208 
f 246//246 226//226 250//250 
f 248//248 246//246 272//272 
f 246//246 248//248 226//226 
f 246//246 250//250 273//273 
f 272//272 274//274 248//248 
f 223//223 248//248 247//247 
f 248//248 274//274 247//247 
f 275//275 249//249 247//247 
f 275//275 247//247 274//274 
f 249//249 227//227 222//222 
f 249//249 228//228 227//227 
f 247//247 249//249 222//222 
f 276//276 249//249 278//278 
f 276//276 232//232 249//249 
f 250//250 225//225 251//251 
f 273//273 250//250 251//251 
f 279//279 273//273 251//251 
f 279//279 251//251 301//301 
f 249//249 232//232 228//228 
f 232//232 280//280 233//233 
f 301//301 251//251 230//230 
f 301//301 230//230 231//231 
f 302//302 301//301 231//231 
f 281//281 302//302 231//231 
f 252//252 281//281 231//231 
f 283//283 254//254 233//233 
f 305//305 283//283 233//233 
f 234//234 253//253 252//252 
f 255//255 285//285 235//235 
f 253//253 235//235 285//285 
f 283//283 284//284 254//254 
f 255//255 254//254 284//284 
f 238//238 256//256 472//472 
f 256//256 239//239 287//287 
f 287//287 240//240 369//369 
f 257//257 197//197 473//473 
f 257//257 473//473 367//367 
f 367//367 258//258 257//257 
f 259//259 241//241 258//258 
f 241//241 259//259 242//242 
f 260//260 242//242 259//259 
f 369//369 240//240 243//243 
f 239//239 240//240 287//287 
f 260//260 288//288 242//242 
f 263//263 288//288 289//289 
f 244//244 242//242 288//288 
f 288//288 263//263 244//244 
f 377//377 221//221 220//220 
f 205//205 261//261 219//219 
f 332//332 245//245 290//290 
f 290//290 221//221 377//377 
f 269//269 264//264 294//294 
f 265//265 266//266 264//264 
f 269//269 265//265 264//264 
f 272//272 265//265 269//269 
f 265//265 272//272 273//273 
f 265//265 273//273 267//267 
f 267//267 295//295 266//266 
f 266//266 265//265 267//267 
f 269//269 268//268 274//274 
f 294//294 268//268 269//269 
f 294//294 270//270 268//268 
f 270//270 271//271 277//277 
f 269//269 274//274 272//272 
f 272//272 246//246 273//273 
f 267//267 273//273 279//279 
f 296//296 267//267 298//298 
f 298//298 267//267 279//279 
f 298//298 279//279 301//301 
f 268//268 275//275 274//274 
f 270//270 275//275 268//268 
f 270//270 277//277 275//275 
f 277//277 249//249 275//275 
f 249//249 277//277 278//278 
f 280//280 276//276 278//278 
f 277//277 271//271 278//278 
f 299//299 280//280 278//278 
f 271//271 299//299 278//278 
f 232//232 276//276 280//280 
f 304//304 233//233 280//280 
f 305//305 233//233 304//304 
f 299//299 304//304 280//280 
f 286//286 281//281 252//252 
f 308//308 302//302 281//281 
f 286//286 309//309 281//281 
f 313//313 309//309 286//286 
f 285//285 314//314 286//286 
f 314//314 313//313 286//286 
f 323//323 283//283 305//305 
f 323//323 284//284 283//283 
f 284//284 316//316 282//282 
f 253//253 286//286 252//252 
f 285//285 255//255 282//282 
f 284//284 282//282 255//255 
f 285//285 286//286 253//253 
f 256//256 287//287 476//476 
f 259//259 258//258 367//367 
f 416//416 260//260 259//259 
f 326//326 369//369 243//243 
f 326//326 243//243 261//261 
f 373//373 326//326 261//261 
f 370//370 262//262 289//289 
f 329//329 205//205 206//206 
f 329//329 206//206 328//328 
f 205//205 373//373 261//261 
f 328//328 206//206 245//245 
f 290//290 375//375 332//332 
f 377//377 376//376 375//375 
f 289//289 262//262 263//263 
f 262//262 377//377 220//220 
f 377//377 375//375 290//290 
f 422//422 377//377 262//262 
f 264//264 291//291 294//294 
f 291//291 333//333 294//294 
f 333//333 270//270 294//294 
f 334//334 264//264 266//266 
f 292//292 340//340 270//270 
f 293//293 342//342 338//338 
f 345//345 271//271 340//340 
f 296//296 295//295 267//267 
f 293//293 295//295 342//342 
f 343//343 339//339 342//342 
f 342//342 296//296 343//343 
f 342//342 295//295 296//296 
f 340//340 271//271 270//270 
f 301//301 296//296 298//298 
f 296//296 301//301 297//297 
f 296//296 297//297 346//346 
f 343//343 296//296 346//346 
f 271//271 345//345 299//299 
f 299//299 300//300 306//306 
f 352//352 306//306 300//300 
f 345//345 300//300 299//299 
f 352//352 300//300 349//349 
f 300//300 345//345 349//349 
f 301//301 302//302 297//297 
f 297//297 302//302 303//303 
f 303//303 302//302 308//308 
f 303//303 308//308 311//311 
f 306//306 304//304 299//299 
f 306//306 305//305 304//304 
f 306//306 307//307 305//305 
f 307//307 324//324 305//305 
f 324//324 323//323 305//305 
f 352//352 307//307 306//306 
f 354//354 307//307 352//352 
f 353//353 307//307 354//354 
f 281//281 309//309 308//308 
f 310//310 308//308 309//309 
f 310//310 309//309 313//313 
f 310//310 311//311 308//308 
f 311//311 310//310 312//312 
f 311//311 312//312 357//357 
f 285//285 282//282 315//315 
f 285//285 315//315 314//314 
f 282//282 316//316 315//315 
f 310//310 313//313 317//317 
f 317//317 313//313 314//314 
f 314//314 315//315 317//317 
f 317//317 315//315 318//318 
f 318//318 315//315 316//316 
f 310//310 317//317 312//312 
f 312//312 317//317 321//321 
f 318//318 316//316 319//319 
f 321//321 317//317 318//318 
f 318//318 319//319 320//320 
f 321//321 318//318 320//320 
f 320//320 319//319 322//322 
f 321//321 320//320 360//360 
f 320//320 322//322 360//360 
f 322//322 319//319 365//365 
f 312//312 321//321 361//361 
f 361//361 321//321 360//360 
f 323//323 316//316 284//284 
f 323//323 324//324 316//316 
f 307//307 353//353 324//324 
f 324//324 325//325 316//316 
f 353//353 325//325 324//324 
f 316//316 325//325 319//319 
f 353//353 365//365 325//325 
f 325//325 365//365 319//319 
f 256//256 476//476 472//472 
f 371//371 326//326 373//373 
f 373//373 205//205 329//329 
f 327//327 374//374 330//330 
f 330//330 374//374 974//974 
f 974//974 374//374 373//373 
f 375//375 980//980 332//332 
f 422//422 262//262 370//370 
f 291//291 264//264 327//327 
f 329//329 328//328 331//331 
f 327//327 330//330 291//291 
f 333//333 291//291 976//976 
f 374//374 327//327 334//334 
f 976//976 330//330 975//975 
f 976//976 291//291 330//330 
f 245//245 332//332 328//328 
f 332//332 977//977 328//328 
f 979//979 981//981 978//978 
f 333//333 381//381 270//270 
f 381//381 379//379 270//270 
f 379//379 382//382 270//270 
f 270//270 382//382 292//292 
f 295//295 380//380 266//266 
f 380//380 295//295 293//293 
f 380//380 293//293 383//383 
f 334//334 327//327 264//264 
f 382//382 335//335 292//292 
f 383//383 293//293 336//336 
f 337//337 336//336 338//338 
f 340//340 292//292 335//335 
f 335//335 392//392 340//340 
f 392//392 341//341 340//340 
f 293//293 338//338 336//336 
f 339//339 338//338 342//342 
f 339//339 337//337 338//338 
f 340//340 341//341 345//345 
f 341//341 400//400 345//345 
f 344//344 339//339 343//343 
f 344//344 343//343 347//347 
f 344//344 347//347 397//397 
f 400//400 349//349 345//345 
f 343//343 346//346 347//347 
f 347//347 346//346 348//348 
f 346//346 297//297 303//303 
f 348//348 346//346 303//303 
f 397//397 347//347 348//348 
f 350//350 356//356 354//354 
f 350//350 352//352 349//349 
f 350//350 354//354 352//352 
f 350//350 349//349 400//400 
f 404//404 350//350 400//400 
f 404//404 356//356 350//350 
f 351//351 348//348 303//303 
f 351//351 405//405 348//348 
f 405//405 397//397 348//348 
f 303//303 311//311 351//351 
f 405//405 351//351 406//406 
f 354//354 355//355 353//353 
f 355//355 413//413 366//366 
f 356//356 355//355 354//354 
f 356//356 413//413 355//355 
f 312//312 361//361 357//357 
f 358//358 351//351 311//311 
f 358//358 311//311 357//357 
f 357//357 361//361 362//362 
f 358//358 406//406 351//351 
f 357//357 359//359 358//358 
f 407//407 358//358 359//359 
f 365//365 366//366 363//363 
f 363//363 360//360 322//322 
f 363//363 322//322 365//365 
f 361//361 360//360 362//362 
f 362//362 360//360 363//363 
f 362//362 359//359 357//357 
f 366//366 364//364 363//363 
f 364//364 413//413 409//409 
f 415//415 363//363 364//364 
f 366//366 413//413 364//364 
f 362//362 415//415 359//359 
f 363//363 415//415 362//362 
f 365//365 353//353 366//366 
f 355//355 366//366 353//353 
f 472//472 476//476 500//500 
f 474//474 367//367 473//473 
f 474//474 416//416 367//367 
f 367//367 416//416 259//259 
f 288//288 260//260 368//368 
f 368//368 418//418 288//288 
f 368//368 260//260 416//416 
f 419//419 369//369 326//326 
f 419//419 326//326 371//371 
f 475//475 287//287 369//369 
f 417//417 475//475 369//369 
f 417//417 369//369 419//419 
f 418//418 289//289 288//288 
f 418//418 370//370 289//289 
f 419//419 371//371 372//372 
f 420//420 982//982 380//380 
f 419//419 372//372 420//420 
f 374//374 372//372 373//373 
f 373//373 372//372 371//371 
f 376//376 985//985 375//375 
f 985//985 980//980 375//375 
f 381//381 983//983 379//379 
f 983//983 378//378 379//379 
f 377//377 984//984 376//376 
f 422//422 984//984 377//377 
f 379//379 378//378 986//986 
f 986//986 382//382 379//379 
f 385//385 382//382 986//986 
f 334//334 982//982 374//374 
f 334//334 380//380 982//982 
f 334//334 266//266 380//380 
f 421//421 380//380 383//383 
f 421//421 383//383 384//384 
f 336//336 384//384 383//383 
f 384//384 337//337 426//426 
f 335//335 382//382 385//385 
f 385//385 386//386 335//335 
f 425//425 386//386 385//385 
f 425//425 387//387 386//386 
f 483//483 387//387 425//425 
f 387//387 483//483 434//434 
f 384//384 336//336 337//337 
f 426//426 337//337 390//390 
f 443//443 427//427 390//390 
f 427//427 443//443 429//429 
f 386//386 392//392 335//335 
f 388//388 392//392 386//386 
f 386//386 387//387 388//388 
f 434//434 388//388 387//387 
f 389//389 390//390 337//337 
f 390//390 389//389 391//391 
f 443//443 390//390 391//391 
f 451//451 443//443 391//391 
f 388//388 393//393 392//392 
f 393//393 341//341 392//392 
f 337//337 339//339 389//389 
f 394//394 389//389 339//339 
f 394//394 339//339 344//344 
f 394//394 344//344 397//397 
f 391//391 389//389 394//394 
f 451//451 391//391 394//394 
f 394//394 397//397 398//398 
f 394//394 398//398 451//451 
f 447//447 396//396 393//393 
f 447//447 456//456 396//396 
f 400//400 341//341 395//395 
f 395//395 341//341 393//393 
f 400//400 395//395 396//396 
f 395//395 393//393 396//396 
f 398//398 397//397 401//401 
f 398//398 401//401 452//452 
f 402//402 404//404 399//399 
f 399//399 403//403 402//402 
f 464//464 399//399 456//456 
f 464//464 403//403 399//399 
f 396//396 404//404 400//400 
f 399//399 404//404 396//396 
f 456//456 399//399 396//396 
f 405//405 408//408 401//401 
f 397//397 405//405 401//401 
f 408//408 466//466 467//467 
f 467//467 401//401 408//408 
f 403//403 414//414 402//402 
f 402//402 414//414 413//413 
f 414//414 403//403 471//471 
f 471//471 468//468 414//414 
f 402//402 356//356 404//404 
f 405//405 406//406 408//408 
f 406//406 358//358 407//407 
f 406//406 407//407 408//408 
f 466//466 408//408 407//407 
f 466//466 407//407 410//410 
f 415//415 409//409 410//410 
f 409//409 411//411 410//410 
f 409//409 414//414 411//411 
f 411//411 412//412 410//410 
f 412//412 411//411 468//468 
f 413//413 356//356 402//402 
f 414//414 409//409 413//413 
f 411//411 414//414 468//468 
f 415//415 364//364 409//409 
f 407//407 359//359 410//410 
f 359//359 415//415 410//410 
f 476//476 287//287 475//475 
f 474//474 477//477 416//416 
f 477//477 368//368 416//416 
f 368//368 477//477 478//478 
f 478//478 418//418 368//368 
f 479//479 418//418 478//478 
f 417//417 420//420 380//380 
f 417//417 419//419 420//420 
f 417//417 380//380 421//421 
f 480//480 421//421 481//481 
f 421//421 480//480 417//417 
f 423//423 986//986 424//424 
f 479//479 370//370 418//418 
f 422//422 370//370 479//479 
f 384//384 481//481 421//421 
f 425//425 986//986 423//423 
f 385//385 986//986 425//425 
f 424//424 425//425 423//423 
f 494//494 483//483 424//424 
f 424//424 483//483 425//425 
f 426//426 481//481 384//384 
f 482//482 481//481 426//426 
f 428//428 485//485 426//426 
f 485//485 430//430 432//432 
f 499//499 435//435 434//434 
f 437//437 435//435 499//499 
f 427//427 426//426 390//390 
f 426//426 427//427 428//428 
f 429//429 443//443 444//444 
f 427//427 429//429 428//428 
f 431//431 428//428 429//429 
f 444//444 431//431 429//429 
f 485//485 428//428 430//430 
f 431//431 430//430 428//428 
f 430//430 431//431 432//432 
f 432//432 433//433 439//439 
f 432//432 431//431 433//433 
f 444//444 445//445 431//431 
f 445//445 433//433 431//431 
f 435//435 436//436 434//434 
f 438//438 437//437 439//439 
f 435//435 437//437 438//438 
f 435//435 438//438 436//436 
f 439//439 440//440 438//438 
f 440//440 441//441 438//438 
f 439//439 433//433 440//440 
f 441//441 440//440 488//488 
f 487//487 488//488 440//440 
f 434//434 436//436 442//442 
f 434//434 442//442 388//388 
f 388//388 446//446 393//393 
f 388//388 442//442 446//446 
f 442//442 436//436 441//441 
f 442//442 449//449 446//446 
f 449//449 442//442 441//441 
f 436//436 438//438 441//441 
f 451//451 444//444 443//443 
f 444//444 453//453 455//455 
f 445//445 444//444 455//455 
f 447//447 393//393 446//446 
f 449//449 448//448 446//446 
f 446//446 448//448 447//447 
f 449//449 441//441 450//450 
f 449//449 450//450 448//448 
f 450//450 441//441 488//488 
f 450//450 488//488 459//459 
f 488//488 491//491 459//459 
f 451//451 398//398 452//452 
f 444//444 451//451 453//453 
f 453//453 451//451 452//452 
f 452//452 454//454 453//453 
f 454//454 455//455 453//453 
f 490//490 454//454 463//463 
f 492//492 459//459 491//491 
f 448//448 456//456 447//447 
f 456//456 458//458 464//464 
f 450//450 457//457 448//448 
f 457//457 456//456 448//448 
f 458//458 457//457 459//459 
f 457//457 458//458 456//456 
f 492//492 458//458 459//459 
f 450//450 459//459 457//457 
f 401//401 467//467 460//460 
f 401//401 460//460 452//452 
f 460//460 467//467 461//461 
f 460//460 454//454 452//452 
f 463//463 461//461 469//469 
f 460//460 461//461 454//454 
f 454//454 461//461 463//463 
f 462//462 465//465 492//492 
f 463//463 469//469 470//470 
f 463//463 470//470 462//462 
f 462//462 470//470 465//465 
f 492//492 463//463 462//462 
f 471//471 403//403 464//464 
f 471//471 464//464 465//465 
f 464//464 458//458 465//465 
f 492//492 465//465 458//458 
f 467//467 466//466 469//469 
f 412//412 466//466 410//410 
f 469//469 466//466 412//412 
f 461//461 467//467 469//469 
f 468//468 470//470 412//412 
f 465//465 468//468 471//471 
f 468//468 465//465 470//470 
f 470//470 469//469 412//412 
f 500//500 510//510 472//472 
f 510//510 473//473 472//472 
f 501//501 473//473 521//521 
f 501//501 474//474 473//473 
f 502//502 476//476 475//475 
f 417//417 480//480 475//475 
f 424//424 479//479 494//494 
f 479//479 424//424 986//986 
f 493//493 480//480 481//481 
f 481//481 482//482 495//495 
f 495//495 482//482 496//496 
f 496//496 484//484 497//497 
f 499//499 434//434 483//483 
f 499//499 498//498 437//437 
f 482//482 484//484 496//496 
f 484//484 485//485 486//486 
f 484//484 486//486 498//498 
f 498//498 486//486 437//437 
f 498//498 497//497 484//484 
f 426//426 485//485 482//482 
f 482//482 485//485 484//484 
f 486//486 432//432 439//439 
f 486//486 485//485 432//432 
f 486//486 439//439 437//437 
f 440//440 433//433 487//487 
f 433//433 445//445 487//487 
f 445//445 455//455 489//489 
f 455//455 490//490 489//489 
f 487//487 445//445 489//489 
f 487//487 489//489 488//488 
f 488//488 489//489 491//491 
f 455//455 454//454 490//490 
f 489//489 490//490 491//491 
f 491//491 490//490 492//492 
f 492//492 490//490 463//463 
f 500//500 476//476 502//502 
f 477//477 474//474 503//503 
f 503//503 474//474 501//501 
f 475//475 480//480 493//493 
f 503//503 504//504 477//477 
f 477//477 504//504 478//478 
f 508//508 479//479 478//478 
f 519//519 479//479 508//508 
f 504//504 508//508 478//478 
f 505//505 493//493 495//495 
f 495//495 509//509 505//505 
f 509//509 495//495 516//516 
f 479//479 519//519 494//494 
f 519//519 499//499 483//483 
f 493//493 481//481 495//495 
f 495//495 496//496 516//516 
f 498//498 499//499 497//497 
f 483//483 494//494 519//519 
f 500//500 511//511 510//510 
f 520//520 500//500 502//502 
f 510//510 512//512 473//473 
f 521//521 473//473 512//512 
f 513//513 503//503 501//501 
f 523//523 503//503 513//513 
f 515//515 508//508 504//504 
f 504//504 503//503 523//523 
f 523//523 515//515 504//504 
f 514//514 475//475 493//493 
f 502//502 475//475 514//514 
f 514//514 493//493 506//506 
f 506//506 493//493 505//505 
f 506//506 505//505 507//507 
f 519//519 508//508 515//515 
f 507//507 505//505 509//509 
f 507//507 509//509 516//516 
f 518//518 496//496 497//497 
f 518//518 497//497 499//499 
f 513//513 501//501 521//521 
f 525//525 502//502 514//514 
f 526//526 525//525 514//514 
f 526//526 514//514 506//506 
f 527//527 526//526 506//506 
f 507//507 527//527 506//506 
f 516//516 532//532 507//507 
f 532//532 516//516 517//517 
f 507//507 532//532 527//527 
f 517//517 518//518 557//557 
f 518//518 499//499 519//519 
f 496//496 517//517 516//516 
f 518//518 517//517 496//496 
f 500//500 520//520 511//511 
f 511//511 520//520 534//534 
f 534//534 520//520 535//535 
f 521//521 512//512 541//541 
f 510//510 541//541 512//512 
f 521//521 530//530 513//513 
f 513//513 529//529 523//523 
f 522//522 525//525 531//531 
f 539//539 531//531 525//525 
f 535//535 520//520 522//522 
f 522//522 520//520 502//502 
f 523//523 524//524 515//515 
f 522//522 502//502 525//525 
f 525//525 526//526 539//539 
f 527//527 539//539 526//526 
f 524//524 519//519 515//515 
f 533//533 519//519 528//528 
f 518//518 519//519 533//533 
f 533//533 549//549 518//518 
f 534//534 552//552 511//511 
f 552//552 510//510 511//511 
f 536//536 535//535 522//522 
f 522//522 531//531 536//536 
f 529//529 513//513 530//530 
f 538//538 524//524 523//523 
f 537//537 529//529 530//530 
f 529//529 537//537 523//523 
f 524//524 528//528 519//519 
f 527//527 532//532 539//539 
f 518//518 549//549 557//557 
f 551//551 552//552 534//534 
f 510//510 552//552 566//566 
f 541//541 510//510 566//566 
f 542//542 521//521 541//541 
f 530//530 521//521 542//542 
f 536//536 545//545 535//535 
f 545//545 531//531 544//544 
f 536//536 531//531 545//545 
f 537//537 530//530 543//543 
f 537//537 547//547 538//538 
f 523//523 537//537 538//538 
f 531//531 539//539 544//544 
f 546//546 544//544 539//539 
f 532//532 546//546 539//539 
f 556//556 549//549 533//533 
f 550//550 533//533 528//528 
f 538//538 540//540 524//524 
f 540//540 528//528 524//524 
f 550//550 528//528 540//540 
f 548//548 532//532 517//517 
f 560//560 535//535 545//545 
f 542//542 543//543 530//530 
f 543//543 547//547 537//537 
f 543//543 554//554 547//547 
f 547//547 554//554 571//571 
f 545//545 544//544 562//562 
f 544//544 546//546 562//562 
f 547//547 555//555 540//540 
f 538//538 547//547 540//540 
f 540//540 555//555 550//550 
f 555//555 547//547 571//571 
f 563//563 556//556 550//550 
f 563//563 550//550 555//555 
f 546//546 532//532 548//548 
f 548//548 517//517 557//557 
f 533//533 550//550 556//556 
f 564//564 549//549 556//556 
f 560//560 551//551 534//534 
f 586//586 552//552 551//551 
f 565//565 551//551 560//560 
f 558//558 542//542 541//541 
f 558//558 541//541 566//566 
f 559//559 542//542 558//558 
f 559//559 553//553 542//542 
f 553//553 543//543 542//542 
f 543//543 553//553 554//554 
f 534//534 535//535 560//560 
f 546//546 573//573 572//572 
f 575//575 564//564 556//556 
f 575//575 556//556 563//563 
f 563//563 555//555 571//571 
f 548//548 573//573 546//546 
f 557//557 549//549 577//577 
f 564//564 577//577 549//549 
f 558//558 578//578 559//559 
f 560//560 568//568 565//565 
f 561//561 568//568 560//560 
f 565//565 586//586 551//551 
f 554//554 570//570 571//571 
f 570//570 554//554 553//553 
f 561//561 560//560 545//545 
f 545//545 562//562 561//561 
f 572//572 562//562 546//546 
f 563//563 571//571 579//579 
f 548//548 576//576 573//573 
f 576//576 548//548 557//557 
f 575//575 563//563 579//579 
f 593//593 566//566 552//552 
f 552//552 586//586 593//593 
f 559//559 578//578 567//567 
f 553//553 559//559 567//567 
f 561//561 562//562 569//569 
f 561//561 569//569 568//568 
f 553//553 567//567 570//570 
f 571//571 570//570 580//580 
f 575//575 574//574 564//564 
f 576//576 557//557 577//577 
f 607//607 576//576 577//577 
f 574//574 577//577 564//564 
f 578//578 588//588 567//567 
f 568//568 585//585 565//565 
f 588//588 590//590 567//567 
f 590//590 570//570 567//567 
f 590//590 580//580 570//570 
f 568//568 569//569 589//589 
f 572//572 581//581 562//562 
f 581//581 569//569 562//562 
f 581//581 591//591 569//569 
f 591//591 581//581 597//597 
f 580//580 579//579 571//571 
f 581//581 572//572 573//573 
f 576//576 582//582 573//573 
f 573//573 582//582 581//581 
f 582//582 576//576 607//607 
f 607//607 577//577 598//598 
f 583//583 575//575 579//579 
f 583//583 574//574 575//575 
f 577//577 592//592 598//598 
f 574//574 583//583 592//592 
f 574//574 592//592 577//577 
f 601//601 587//587 566//566 
f 603//603 587//587 601//601 
f 611//611 585//585 589//589 
f 585//585 584//584 565//565 
f 586//586 608//608 593//593 
f 586//586 565//565 584//584 
f 587//587 558//558 566//566 
f 587//587 578//578 558//558 
f 587//587 602//602 578//578 
f 578//578 602//602 588//588 
f 588//588 602//602 604//604 
f 585//585 568//568 589//589 
f 589//589 569//569 591//591 
f 597//597 581//581 582//582 
f 596//596 592//592 583//583 
f 596//596 583//583 579//579 
f 608//608 586//586 599//599 
f 599//599 586//586 584//584 
f 593//593 608//608 609//609 
f 593//593 601//601 566//566 
f 602//602 587//587 603//603 
f 611//611 600//600 585//585 
f 580//580 590//590 594//594 
f 604//604 590//590 588//588 
f 590//590 604//604 606//606 
f 606//606 594//594 590//590 
f 589//589 591//591 611//611 
f 591//591 597//597 612//612 
f 595//595 613//613 596//596 
f 595//595 579//579 580//580 
f 579//579 595//595 596//596 
f 597//597 582//582 607//607 
f 596//596 598//598 592//592 
f 600//600 599//599 584//584 
f 585//585 600//600 584//584 
f 609//609 601//601 593//593 
f 603//603 610//610 602//602 
f 605//605 594//594 606//606 
f 605//605 595//595 594//594 
f 611//611 591//591 612//612 
f 580//580 594//594 595//595 
f 605//605 613//613 595//595 
f 608//608 599//599 619//619 
f 609//609 616//616 601//601 
f 616//616 603//603 601//601 
f 610//610 603//603 616//616 
f 600//600 615//615 599//599 
f 611//611 624//624 600//600 
f 618//618 604//604 610//610 
f 604//604 602//602 610//610 
f 618//618 606//606 604//604 
f 605//605 606//606 628//628 
f 624//624 611//611 612//612 
f 605//605 629//629 613//613 
f 630//630 597//597 640//640 
f 596//596 614//614 598//598 
f 596//596 613//613 614//614 
f 615//615 619//619 599//599 
f 621//621 616//616 609//609 
f 622//622 610//610 616//616 
f 616//616 621//621 622//622 
f 622//622 617//617 610//610 
f 623//623 618//618 617//617 
f 623//623 628//628 618//618 
f 617//617 618//618 610//610 
f 600//600 624//624 615//615 
f 628//628 606//606 618//618 
f 605//605 628//628 629//629 
f 625//625 624//624 612//612 
f 630//630 612//612 597//597 
f 649//649 612//612 630//630 
f 627//627 614//614 613//613 
f 640//640 597//597 607//607 
f 598//598 614//614 631//631 
f 614//614 627//627 631//631 
f 608//608 619//619 620//620 
f 608//608 620//620 609//609 
f 620//620 621//621 609//609 
f 620//620 642//642 621//621 
f 642//642 644//644 621//621 
f 633//633 617//617 622//622 
f 644//644 622//622 621//621 
f 634//634 623//623 617//617 
f 623//623 634//634 636//636 
f 636//636 628//628 623//623 
f 636//636 637//637 628//628 
f 637//637 639//639 628//628 
f 638//638 625//625 612//612 
f 624//624 635//635 615//615 
f 613//613 626//626 627//627 
f 626//626 613//613 629//629 
f 628//628 639//639 629//629 
f 638//638 612//612 649//649 
f 643//643 650//650 619//619 
f 615//615 643//643 619//619 
f 641//641 642//642 620//620 
f 641//641 620//620 619//619 
f 644//644 633//633 622//622 
f 644//644 646//646 633//633 
f 646//646 634//634 633//633 
f 633//633 634//634 617//617 
f 615//615 635//635 632//632 
f 635//635 624//624 647//647 
f 639//639 637//637 648//648 
f 637//637 636//636 645//645 
f 648//648 659//659 639//639 
f 661//661 625//625 638//638 
f 647//647 624//624 625//625 
f 638//638 649//649 661//661 
f 626//626 659//659 627//627 
f 639//639 659//659 626//626 
f 629//629 639//639 626//626 
f 630//630 640//640 649//649 
f 598//598 640//640 607//607 
f 651//651 642//642 641//641 
f 650//650 651//651 641//641 
f 652//652 642//642 651//651 
f 653//653 644//644 652//652 
f 653//653 646//646 644//644 
f 654//654 632//632 635//635 
f 654//654 643//643 632//632 
f 641//641 619//619 650//650 
f 615//615 632//632 643//643 
f 644//644 642//642 652//652 
f 655//655 645//645 646//646 
f 645//645 634//634 646//646 
f 645//645 636//636 634//634 
f 635//635 647//647 657//657 
f 647//647 658//658 657//657 
f 645//645 648//648 637//637 
f 661//661 647//647 625//625 
f 661//661 673//673 647//647 
f 631//631 640//640 598//598 
f 650//650 666//666 665//665 
f 651//651 650//650 665//665 
f 667//667 652//652 651//651 
f 653//653 655//655 646//646 
f 657//657 670//670 654//654 
f 657//657 654//654 635//635 
f 654//654 718//718 643//643 
f 643//643 664//664 650//650 
f 656//656 645//645 655//655 
f 656//656 660//660 648//648 
f 645//645 656//656 648//648 
f 658//658 670//670 657//657 
f 673//673 658//658 647//647 
f 673//673 696//696 658//658 
f 673//673 697//697 696//696 
f 674//674 631//631 627//627 
f 675//675 627//627 659//659 
f 676//676 659//659 660//660 
f 648//648 660//660 659//659 
f 673//673 661//661 698//698 
f 698//698 661//661 662//662 
f 662//662 661//661 649//649 
f 649//649 640//640 662//662 
f 640//640 663//663 662//662 
f 674//674 663//663 631//631 
f 631//631 663//663 640//640 
f 666//666 650//650 664//664 
f 682//682 685//685 665//665 
f 651//651 665//665 667//667 
f 667//667 685//685 687//687 
f 667//667 665//665 685//685 
f 687//687 686//686 667//667 
f 667//667 686//686 652//652 
f 686//686 688//688 652//652 
f 692//692 653//653 652//652 
f 668//668 653//653 692//692 
f 692//692 693//693 668//668 
f 668//668 655//655 653//653 
f 669//669 655//655 668//668 
f 693//693 669//669 668//668 
f 654//654 694//694 718//718 
f 694//694 654//654 670//670 
f 718//718 664//664 643//643 
f 671//671 655//655 669//669 
f 656//656 655//655 671//671 
f 671//671 672//672 656//656 
f 672//672 721//721 676//676 
f 660//660 656//656 672//672 
f 676//676 660//660 672//672 
f 696//696 738//738 722//722 
f 696//696 722//722 670//670 
f 658//658 696//696 670//670 
f 662//662 663//663 699//699 
f 663//663 725//725 699//699 
f 674//674 725//725 663//663 
f 659//659 676//676 675//675 
f 675//675 674//674 627//627 
f 699//699 698//698 662//662 
f 677//677 705//705 678//678 
f 678//678 687//687 677//677 
f 689//689 687//687 678//678 
f 689//689 678//678 707//707 
f 679//679 666//666 664//664 
f 664//664 718//718 679//679 
f 666//666 679//679 680//680 
f 703//703 684//684 681//681 
f 666//666 680//680 987//987 
f 682//682 683//683 685//685 
f 665//665 666//666 682//682 
f 682//682 684//684 683//683 
f 987//987 684//684 666//666 
f 682//682 666//666 684//684 
f 684//684 677//677 683//683 
f 677//677 687//687 683//683 
f 687//687 685//685 683//683 
f 689//689 686//686 687//687 
f 689//689 688//688 686//686 
f 691//691 690//690 688//688 
f 691//691 688//688 689//689 
f 707//707 691//691 689//689 
f 691//691 707//707 708//708 
f 716//716 692//692 690//690 
f 716//716 693//693 692//692 
f 708//708 715//715 691//691 
f 716//716 691//691 715//715 
f 716//716 690//690 691//691 
f 690//690 652//652 688//688 
f 690//690 692//692 652//652 
f 693//693 717//717 669//669 
f 722//722 694//694 670//670 
f 721//721 724//724 676//676 
f 695//695 669//669 717//717 
f 672//672 695//695 721//721 
f 671//671 669//669 695//695 
f 672//672 671//671 695//695 
f 696//696 697//697 738//738 
f 697//697 673//673 723//723 
f 723//723 673//673 698//698 
f 723//723 698//698 741//741 
f 698//698 699//699 741//741 
f 675//675 676//676 724//724 
f 725//725 675//675 724//724 
f 675//675 725//725 674//674 
f 701//701 700//700 728//728 
f 702//702 727//727 730//730 
f 701//701 705//705 677//677 
f 729//729 684//684 703//703 
f 684//684 700//700 677//677 
f 677//677 700//700 701//701 
f 700//700 684//684 729//729 
f 727//727 702//702 701//701 
f 702//702 730//730 732//732 
f 701//701 706//706 705//705 
f 702//702 706//706 701//701 
f 704//704 703//703 710//710 
f 710//710 749//749 704//704 
f 706//706 678//678 705//705 
f 706//706 707//707 678//678 
f 706//706 702//702 707//707 
f 707//707 702//702 732//732 
f 707//707 732//732 708//708 
f 734//734 708//708 732//732 
f 734//734 709//709 708//708 
f 715//715 708//708 709//709 
f 713//713 715//715 709//709 
f 736//736 679//679 735//735 
f 736//736 757//757 680//680 
f 680//680 679//679 736//736 
f 757//757 987//987 680//680 
f 757//757 989//989 987//987 
f 703//703 988//988 710//710 
f 990//990 714//714 711//711 
f 989//989 737//737 993//993 
f 713//713 712//712 715//715 
f 991//991 712//712 713//713 
f 992//992 993//993 712//712 
f 758//758 719//719 993//993 
f 712//712 716//716 715//715 
f 712//712 693//693 716//716 
f 693//693 712//712 993//993 
f 993//993 717//717 693//693 
f 717//717 993//993 719//719 
f 720//720 717//717 719//719 
f 717//717 720//720 695//695 
f 721//721 720//720 761//761 
f 720//720 721//721 695//695 
f 738//738 697//697 739//739 
f 739//739 697//697 723//723 
f 723//723 740//740 739//739 
f 765//765 741//741 699//699 
f 699//699 725//725 765//765 
f 729//729 747//747 726//726 
f 750//750 727//727 728//728 
f 750//750 728//728 726//726 
f 750//750 745//745 727//727 
f 727//727 745//745 753//753 
f 730//730 727//727 753//753 
f 700//700 726//726 728//728 
f 748//748 729//729 703//703 
f 700//700 729//729 726//726 
f 727//727 701//701 728//728 
f 748//748 703//703 704//704 
f 749//749 748//748 704//704 
f 730//730 753//753 731//731 
f 755//755 709//709 731//731 
f 756//756 733//733 713//713 
f 709//709 756//756 713//713 
f 713//713 733//733 991//991 
f 732//732 730//730 731//731 
f 732//732 731//731 734//734 
f 731//731 709//709 734//734 
f 754//754 749//749 710//710 
f 990//990 711//711 994//994 
f 718//718 735//735 679//679 
f 759//759 735//735 718//718 
f 780//780 989//989 757//757 
f 780//780 782//782 989//989 
f 737//737 989//989 782//782 
f 758//758 993//993 737//737 
f 720//720 719//719 760//760 
f 760//760 719//719 758//758 
f 761//761 764//764 724//724 
f 721//721 761//761 724//724 
f 761//761 720//720 760//760 
f 763//763 762//762 738//738 
f 763//763 738//738 739//739 
f 740//740 741//741 784//784 
f 740//740 723//723 741//741 
f 725//725 764//764 765//765 
f 764//764 725//725 724//724 
f 742//742 743//743 745//745 
f 729//729 744//744 747//747 
f 747//747 744//744 742//742 
f 744//744 729//729 748//748 
f 743//743 746//746 745//745 
f 773//773 746//746 743//743 
f 773//773 751//751 746//746 
f 769//769 748//748 749//749 
f 769//769 749//749 754//754 
f 750//750 742//742 745//745 
f 726//726 747//747 742//742 
f 742//742 750//750 726//726 
f 746//746 751//751 753//753 
f 746//746 753//753 745//745 
f 755//755 751//751 752//752 
f 994//994 778//778 776//776 
f 753//753 751//751 731//731 
f 755//755 731//731 751//751 
f 756//756 755//755 752//752 
f 994//994 711//711 778//778 
f 756//756 709//709 755//755 
f 733//733 775//775 995//995 
f 756//756 775//775 733//733 
f 752//752 775//775 756//756 
f 995//995 991//991 733//733 
f 800//800 757//757 736//736 
f 800//800 736//736 735//735 
f 782//782 758//758 737//737 
f 758//758 782//782 781//781 
f 718//718 694//694 783//783 
f 759//759 718//718 783//783 
f 760//760 843//843 761//761 
f 758//758 804//804 760//760 
f 760//760 804//804 843//843 
f 722//722 806//806 694//694 
f 845//845 762//762 763//763 
f 738//738 762//762 722//722 
f 763//763 739//739 785//785 
f 785//785 739//739 740//740 
f 785//785 740//740 784//784 
f 765//765 764//764 808//808 
f 784//784 741//741 765//765 
f 744//744 787//787 766//766 
f 788//788 766//766 787//787 
f 744//744 766//766 742//742 
f 772//772 742//742 766//766 
f 772//772 767//767 774//774 
f 767//767 768//768 774//774 
f 788//788 767//767 772//772 
f 772//772 766//766 788//788 
f 767//767 790//790 768//768 
f 743//743 772//772 774//774 
f 769//769 744//744 748//748 
f 770//770 769//769 777//777 
f 793//793 787//787 744//744 
f 769//769 793//793 744//744 
f 792//792 769//769 770//770 
f 771//771 792//792 770//770 
f 770//770 777//777 771//771 
f 777//777 776//776 771//771 
f 768//768 798//798 773//773 
f 742//742 772//772 743//743 
f 752//752 751//751 773//773 
f 774//774 773//773 743//743 
f 752//752 773//773 798//798 
f 768//768 773//773 774//774 
f 798//798 775//775 752//752 
f 799//799 995//995 775//775 
f 776//776 778//778 799//799 
f 798//798 799//799 775//775 
f 754//754 777//777 769//769 
f 777//777 994//994 776//776 
f 803//803 800//800 735//735 
f 779//779 780//780 757//757 
f 779//779 757//757 800//800 
f 780//780 802//802 782//782 
f 779//779 801//801 780//780 
f 801//801 802//802 780//780 
f 841//841 781//781 782//782 
f 758//758 781//781 804//804 
f 803//803 735//735 759//759 
f 844//844 764//764 761//761 
f 694//694 806//806 805//805 
f 783//783 694//694 805//805 
f 806//806 722//722 859//859 
f 722//722 762//762 859//859 
f 784//784 807//807 785//785 
f 851//851 785//785 807//807 
f 808//808 764//764 844//844 
f 808//808 784//784 765//765 
f 784//784 808//808 807//807 
f 787//787 815//815 814//814 
f 793//793 815//815 787//787 
f 816//816 786//786 814//814 
f 1001//1001 789//789 996//996 
f 996//996 789//789 788//788 
f 787//787 786//786 788//788 
f 789//789 767//767 788//788 
f 787//787 814//814 786//786 
f 789//789 790//790 767//767 
f 836//836 790//790 789//789 
f 836//836 791//791 790//790 
f 798//798 791//791 837//837 
f 837//837 838//838 798//798 
f 838//838 796//796 798//798 
f 791//791 768//768 790//790 
f 768//768 791//791 798//798 
f 793//793 769//769 792//792 
f 793//793 792//792 797//797 
f 797//797 792//792 794//794 
f 795//795 799//799 796//796 
f 799//799 795//795 794//794 
f 840//840 797//797 794//794 
f 840//840 794//794 795//795 
f 794//794 792//792 771//771 
f 776//776 799//799 771//771 
f 771//771 799//799 794//794 
f 798//798 796//796 799//799 
f 853//853 779//779 800//800 
f 848//848 802//802 801//801 
f 802//802 841//841 782//782 
f 865//865 781//781 841//841 
f 849//849 783//783 805//805 
f 783//783 842//842 759//759 
f 842//842 803//803 759//759 
f 865//865 804//804 781//781 
f 761//761 843//843 844//844 
f 807//807 808//808 851//851 
f 845//845 763//763 850//850 
f 850//850 763//763 785//785 
f 814//814 809//809 816//816 
f 997//997 814//814 810//810 
f 810//810 814//814 815//815 
f 815//815 817//817 998//998 
f 816//816 809//809 811//811 
f 999//999 997//997 812//812 
f 812//812 997//997 810//810 
f 812//812 810//810 813//813 
f 1000//1000 998//998 817//817 
f 820//820 1000//1000 817//817 
f 823//823 999//999 825//825 
f 825//825 999//999 812//812 
f 812//812 827//827 825//825 
f 827//827 812//812 813//813 
f 1001//1001 819//819 789//789 
f 817//817 793//793 797//797 
f 819//819 822//822 836//836 
f 819//819 836//836 789//789 
f 837//837 836//836 822//822 
f 815//815 793//793 817//817 
f 818//818 819//819 1001//1001 
f 1002//1002 816//816 811//811 
f 828//828 830//830 838//838 
f 837//837 828//828 838//838 
f 839//839 838//838 830//830 
f 817//817 797//797 820//820 
f 820//820 797//797 833//833 
f 833//833 797//797 840//840 
f 821//821 819//819 818//818 
f 999//999 823//823 818//818 
f 822//822 819//819 821//821 
f 828//828 837//837 822//822 
f 1000//1000 820//820 831//831 
f 830//830 840//840 839//839 
f 831//831 820//820 833//833 
f 840//840 834//834 833//833 
f 821//821 818//818 823//823 
f 824//824 821//821 823//823 
f 822//822 821//821 824//824 
f 823//823 825//825 826//826 
f 835//835 824//824 826//826 
f 824//824 823//823 826//826 
f 835//835 828//828 824//824 
f 828//828 822//822 824//824 
f 829//829 826//826 827//827 
f 826//826 825//825 827//827 
f 827//827 813//813 1003//1003 
f 1003//1003 813//813 1005//1005 
f 1004//1004 831//831 832//832 
f 1004//1004 832//832 830//830 
f 832//832 834//834 830//830 
f 834//834 840//840 830//830 
f 832//832 831//831 833//833 
f 834//834 832//832 833//833 
f 826//826 829//829 835//835 
f 828//828 835//835 830//830 
f 835//835 1004//1004 830//830 
f 791//791 836//836 837//837 
f 838//838 839//839 796//796 
f 839//839 840//840 795//795 
f 839//839 795//795 796//796 
f 841//841 802//802 848//848 
f 855//855 847//847 842//842 
f 800//800 847//847 852//852 
f 847//847 800//800 803//803 
f 847//847 803//803 842//842 
f 800//800 852//852 853//853 
f 843//843 856//856 844//844 
f 854//854 804//804 865//865 
f 856//856 804//804 854//854 
f 843//843 804//804 856//856 
f 849//849 842//842 783//783 
f 846//846 850//850 785//785 
f 846//846 872//872 850//850 
f 872//872 846//846 851//851 
f 846//846 785//785 851//851 
f 862//862 852//852 847//847 
f 847//847 855//855 862//862 
f 853//853 801//801 779//779 
f 848//848 865//865 841//841 
f 858//858 863//863 805//805 
f 858//858 805//805 806//806 
f 863//863 849//849 805//805 
f 849//849 855//855 842//842 
f 808//808 857//857 851//851 
f 857//857 844//844 856//856 
f 857//857 808//808 844//844 
f 806//806 859//859 858//858 
f 859//859 762//762 845//845 
f 850//850 871//871 845//845 
f 863//863 861//861 849//849 
f 855//855 849//849 861//861 
f 857//857 870//870 851//851 
f 853//853 852//852 864//864 
f 867//867 853//853 864//864 
f 860//860 853//853 867//867 
f 860//860 801//801 853//853 
f 860//860 848//848 801//801 
f 863//863 874//874 861//861 
f 869//869 870//870 857//857 
f 868//868 856//856 854//854 
f 858//858 859//859 866//866 
f 866//866 863//863 858//858 
f 872//872 851//851 873//873 
f 870//870 873//873 851//851 
f 859//859 845//845 871//871 
f 865//865 848//848 905//905 
f 862//862 855//855 861//861 
f 881//881 861//861 874//874 
f 861//861 881//881 862//862 
f 950//950 865//865 905//905 
f 856//856 868//868 869//869 
f 856//856 869//869 857//857 
f 854//854 865//865 868//868 
f 869//869 962//962 870//870 
f 859//859 871//871 889//889 
f 852//852 862//862 864//864 
f 862//862 882//882 864//864 
f 848//848 860//860 903//903 
f 865//865 950//950 868//868 
f 940//940 870//870 962//962 
f 962//962 869//869 951//951 
f 895//895 889//889 871//871 
f 903//903 860//860 902//902 
f 874//874 887//887 884//884 
f 868//868 951//951 869//869 
f 866//866 877//877 876//876 
f 866//866 859//859 877//877 
f 889//889 877//877 859//859 
f 875//875 887//887 874//874 
f 875//875 863//863 866//866 
f 875//875 866//866 876//876 
f 863//863 875//875 874//874 
f 871//871 850//850 895//895 
f 898//898 850//850 872//872 
f 864//864 882//882 878//878 
f 879//879 878//878 882//882 
f 878//878 879//879 899//899 
f 878//878 899//899 902//902 
f 878//878 902//902 867//867 
f 902//902 860//860 867//867 
f 878//878 867//867 864//864 
f 880//880 884//884 885//885 
f 908//908 880//880 885//885 
f 883//883 880//880 907//907 
f 908//908 907//907 880//880 
f 882//882 862//862 881//881 
f 881//881 874//874 883//883 
f 883//883 874//874 884//884 
f 882//882 881//881 883//883 
f 882//882 883//883 879//879 
f 880//880 883//883 884//884 
f 911//911 879//879 883//883 
f 883//883 907//907 911//911 
f 884//884 890//890 885//885 
f 885//885 890//890 886//886 
f 923//923 908//908 885//885 
f 924//924 923//923 885//885 
f 924//924 885//885 886//886 
f 875//875 876//876 887//887 
f 876//876 877//877 888//888 
f 888//888 877//877 889//889 
f 887//887 890//890 884//884 
f 887//887 876//876 890//890 
f 876//876 888//888 890//890 
f 892//892 889//889 895//895 
f 888//888 891//891 890//890 
f 891//891 888//888 892//892 
f 892//892 888//888 889//889 
f 886//886 890//890 891//891 
f 891//891 893//893 886//886 
f 892//892 893//893 891//891 
f 896//896 893//893 892//892 
f 893//893 896//896 894//894 
f 927//927 893//893 894//894 
f 927//927 886//886 893//893 
f 896//896 892//892 895//895 
f 895//895 850//850 898//898 
f 941//941 894//894 896//896 
f 941//941 896//896 897//897 
f 896//896 895//895 897//897 
f 897//897 895//895 898//898 
f 928//928 894//894 941//941 
f 897//897 898//898 942//942 
f 942//942 898//898 944//944 
f 944//944 898//898 872//872 
f 899//899 900//900 901//901 
f 902//902 899//899 901//901 
f 899//899 879//879 900//900 
f 879//879 911//911 900//900 
f 901//901 903//903 902//902 
f 904//904 903//903 901//901 
f 900//900 915//915 901//901 
f 901//901 917//917 904//904 
f 905//905 848//848 903//903 
f 903//903 904//904 905//905 
f 906//906 905//905 904//904 
f 917//917 906//906 904//904 
f 950//950 905//905 906//906 
f 906//906 917//917 921//921 
f 952//952 906//906 921//921 
f 907//907 908//908 909//909 
f 914//914 909//909 910//910 
f 910//910 909//909 908//908 
f 912//912 911//911 907//907 
f 909//909 912//912 907//907 
f 912//912 900//900 911//911 
f 914//914 912//912 909//909 
f 915//915 900//900 913//913 
f 913//913 900//900 912//912 
f 913//913 912//912 914//914 
f 915//915 913//913 916//916 
f 913//913 914//914 919//919 
f 901//901 915//915 917//917 
f 919//919 916//916 913//913 
f 914//914 910//910 920//920 
f 920//920 919//919 914//914 
f 934//934 920//920 910//910 
f 915//915 918//918 917//917 
f 916//916 918//918 915//915 
f 919//919 922//922 916//916 
f 920//920 922//922 919//919 
f 922//922 920//920 959//959 
f 934//934 959//959 920//920 
f 917//917 918//918 921//921 
f 918//918 916//916 945//945 
f 918//918 945//945 921//921 
f 916//916 922//922 945//945 
f 945//945 922//922 947//947 
f 922//922 959//959 947//947 
f 952//952 950//950 906//906 
f 950//950 955//955 868//868 
f 868//868 955//955 951//951 
f 924//924 925//925 923//923 
f 927//927 924//924 886//886 
f 908//908 923//923 925//925 
f 926//926 925//925 924//924 
f 927//927 926//926 924//924 
f 910//910 908//908 925//925 
f 894//894 928//928 927//927 
f 927//927 929//929 926//926 
f 928//928 929//929 927//927 
f 910//910 925//925 930//930 
f 925//925 926//926 930//930 
f 930//930 926//926 929//929 
f 933//933 928//928 943//943 
f 934//934 910//910 930//930 
f 931//931 929//929 932//932 
f 932//932 929//929 928//928 
f 933//933 932//932 928//928 
f 929//929 931//931 930//930 
f 932//932 933//933 936//936 
f 931//931 934//934 930//930 
f 931//931 932//932 935//935 
f 935//935 932//932 936//936 
f 933//933 939//939 936//936 
f 937//937 939//939 933//933 
f 959//959 934//934 935//935 
f 934//934 931//931 935//935 
f 935//935 936//936 960//960 
f 873//873 938//938 944//944 
f 873//873 870//870 938//938 
f 938//938 870//870 940//940 
f 937//937 944//944 938//938 
f 937//937 938//938 939//939 
f 938//938 940//940 939//939 
f 942//942 941//941 897//897 
f 943//943 928//928 941//941 
f 941//941 942//942 943//943 
f 933//933 943//943 937//937 
f 872//872 873//873 944//944 
f 944//944 943//943 942//942 
f 937//937 943//943 944//944 
f 921//921 945//945 946//946 
f 952//952 921//921 946//946 
f 945//945 947//947 946//946 
f 946//946 947//947 948//948 
f 947//947 949//949 948//948 
f 947//947 959//959 949//949 
f 948//948 949//949 956//956 
f 949//949 961//961 956//956 
f 956//956 961//961 963//963 
f 954//954 950//950 952//952 
f 955//955 950//950 954//954 
f 946//946 948//948 953//953 
f 946//946 953//953 952//952 
f 952//952 953//953 954//954 
f 948//948 956//956 953//953 
f 953//953 956//956 958//958 
f 953//953 958//958 954//954 
f 957//957 954//954 958//958 
f 954//954 957//957 955//955 
f 955//955 957//957 951//951 
f 956//956 963//963 958//958 
f 959//959 935//935 961//961 
f 961//961 935//935 960//960 
f 961//961 960//960 963//963 
f 963//963 960//960 965//965 
f 960//960 936//936 939//939 
f 965//965 960//960 939//939 
f 961//961 949//949 959//959 
f 957//957 962//962 951//951 
f 965//965 940//940 962//962 
f 940//940 965//965 939//939 
f 958//958 963//963 964//964 
f 958//958 964//964 957//957 
f 964//964 963//963 965//965 
f 964//964 965//965 962//962 
f 962//962 957//957 964//964 
