#
# Compatibility version : 4.3
# File ID : FJ4256
# Representation ID : BP29546
# Build-up logic : FMA 3.0 is_a
# Concept ID : FMA65292
# English name : Left thoracodorsal nerve
# Bounds(mm): (39.063600,-66.820300,1068.344400)-(132.207300,-14.912400,1308.438100)
# Volume(cm3): 0.897600
#
v 39.1964 -22.5124 1080.4
v 39.3964 -22.5124 1080.39
v 39.0636 -22.5124 1080.68
v 39.1964 -22.7234 1080.48
v 39.1964 -22.7671 1080.68
v 39.3964 -22.7796 1080.68
v 39.3964 -22.5124 1081.06
v 39.3964 -22.2328 1080.68
v 40.4615 -21.607 1081.73
v 40.1964 -21.7015 1081.88
v 41.4575 -21.4446 1082.57
v 41.7964 -21.2828 1083.28
v 42.2011 -20.9483 1083.86
v 42.5964 -20.2078 1084.28
v 42.9964 -20.5984 1084.48
v 43.0472 -20.1296 1084.86
v 44.1964 -19.7902 1085.88
v 43.8279 -19.8175 1084.9
v 44.4142 -19.8182 1085.48
v 44.8328 -19.6637 1086.1
v 44.9964 -18.9453 1086.28
v 45.7811 -19.1124 1086.68
v 45.7964 -18.9124 1086.64
v 45.8869 -18.7229 1087.47
v 45.984 -18.5047 1087.44
v 46.7964 -18.6399 1088.08
v 46.9964 -18.6703 1087.88
v 47.3964 -18.3124 1087.94
v 47.2432 -18.1326 1087.89
v 47.7174 -17.7214 1088.62
v 48.0945 -17.8956 1089.22
v 47.9633 -17.6916 1089.04
v 48.5964 -17.4234 1089.08
v 48.9964 -17.8515 1089.68
v 49.3053 -17.1455 1089.74
v 49.6015 -17.5298 1089.51
v 49.944 -17.1318 1090.5
v 51.1964 -16.7124 1090.62
v 51.4241 -16.5498 1090.91
v 51.7056 -17.1467 1091.16
v 51.5964 -16.9124 1091.52
v 51.9058 -16.8951 1090.94
v 51.7211 -16.4541 1091.34
v 53.9706 -15.9428 1092.35
v 54.7877 -15.7872 1092.95
v 55.1964 -16.1124 1092.65
v 55.8307 -15.7125 1093.09
v 55.0084 -15.9295 1093.29
v 55.3964 -16.3703 1093.28
v 55.7964 -16.1124 1093.71
v 58.6607 -15.9702 1094.79
v 58.5964 -15.9953 1094.48
v 58.5964 -15.7124 1094.19
v 58.5724 -15.2732 1094.47
v 58.7786 -15.2751 1094.86
v 59.9964 -15.5124 1095.63
v 60.9193 -15.0601 1095.54
v 61.9274 -15.148 1095.69
v 63.1964 -21.5765 1073.68
v 63.1964 -21.5124 1073.42
v 63.4037 -21.5014 1073.71
v 63.5047 -21.4963 1074.74
v 63.7002 -21.5392 1074.72
v 62.9261 -21.3124 1073.48
v 63.1964 -21.3124 1073.28
v 63.1964 -21.1124 1073.46
v 63.1964 -21.1124 1073.97
v 63.3964 -21.3124 1073.46
v 63.8261 -21.3032 1074.51
v 63.1618 -15.0146 1096.74
v 65.5964 -21.3765 1078.88
v 65.6116 -21.3635 1079.46
v 64.57 -21.2899 1077.63
v 65.2854 -21.1124 1077.88
v 65.1987 -20.9124 1079.08
v 64.3444 -15.5415 1097.39
v 64.8864 -15.7124 1097.08
v 64.8758 -15.1393 1096.85
v 65.4848 -15.5124 1097.08
v 64.7059 -14.9346 1097.04
v 66.007 -20.7124 1079.88
v 66.4647 -20.9124 1080.23
v 66.3243 -20.9141 1081.4
v 66.9964 -21.1703 1081.48
v 66.9964 -20.4578 1082.08
v 67.2471 -20.8976 1082.88
v 67.2542 -20.5301 1082.9
v 66.6271 -15.3489 1098.49
v 67.5417 -20.7124 1082.08
v 67.6013 -21.0368 1083.05
v 68.2546 -20.1957 1084.17
v 68.1301 -20.8981 1083.15
v 67.8434 -20.5091 1083.9
v 68.7236 -20.8354 1084.3
v 67.6796 -15.3085 1097.99
v 67.4102 -14.9948 1098.09
v 68.3964 -15.8234 1098.88
v 68.6538 -15.5206 1098.43
v 69.0214 -15.0301 1099.22
v 67.3336 -14.9294 1098.26
v 69.5574 -20.2061 1084.96
v 69.1964 -19.9796 1084.88
v 69.5765 -20.4559 1085.01
v 69.6356 -20.0382 1086.42
v 69.7634 -20.2921 1086.52
v 68.9343 -15.7184 1098.69
v 69.4034 -15.3224 1098.78
v 70.6512 -15.1209 1099.62
v 71.1964 -15.7124 1100.58
v 71.5788 -16.0607 1100.23
v 72.6959 -18.9014 1089.74
v 72.8637 -15.3722 1100.61
v 73.1658 -15.9548 1100.66
v 72.7964 -15.5124 1101.36
v 73.7698 -19.5068 1090.47
v 74.5573 -18.9124 1092.88
v 74.3254 -18.585 1092.47
v 74.296 -18.5122 1091.51
v 74.4923 -18.408 1092.36
v 74.6909 -18.9831 1091.47
v 74.734 -18.5553 1091.78
v 74.971 -18.2742 1092.64
v 74.2114 -15.4029 1101.7
v 75.4174 -15.7392 1102.72
v 75.5964 -19.0734 1093.68
v 76.0886 -18.7235 1093.43
v 76.2118 -18.3377 1093.63
v 76.6739 -18.7687 1094.68
v 75.8172 -18.1283 1093.5
v 76.658 -18.0917 1094.43
v 76.7536 -17.7975 1095.24
v 76.4056 -16.646 1102.93
v 76.2436 -16.1124 1103.28
v 77.4914 -18.277 1095.62
v 77.3964 -18.5921 1096.48
v 78.2626 -18.2673 1098.4
v 77.1964 -18.1124 1096.98
v 77.1848 -17.7418 1096.68
v 78.3533 -17.4889 1097.62
v 78.4012 -17.3697 1098.14
v 77.2259 -15.8131 1103.04
v 78.4226 -16.3102 1103.44
v 78.8928 -18.25 1098.93
v 79.7194 -17.5099 1099.76
v 78.9138 -17.5012 1100.17
v 79.2623 -17.8945 1100.69
v 79.8198 -17.9221 1100.13
v 80.0109 -17.0706 1101.11
v 79.7546 -17.0849 1101.23
v 80.0681 -17.9883 1101.63
v 80.2532 -16.9124 1105.68
v 80.7932 -16.7473 1106.02
v 81.1325 -17.3124 1105.08
v 80.9964 -17.3124 1105.24
v 81.0823 -17.1124 1104.88
v 80.9964 -17.1124 1104.99
v 80.9964 -16.9124 1104.94
v 81.2208 -16.9124 1104.88
v 81.5102 -16.7124 1105.28
v 81.3964 -17.4796 1106.08
v 81.3964 -17.3124 1106.33
v 80.7248 -16.4234 1105.66
v 81.8583 -16.5723 1105.93
v 81.676 -16.7635 1104.89
v 81.8138 -17.6706 1105.62
v 82.5667 -17.3124 1105.88
v 82.4748 -16.9675 1105.7
v 81.9917 -17.6384 1106.26
v 82.1402 -17.6765 1105.97
v 82.4497 -17.6367 1105.95
v 82.7035 -17.7802 1106.63
v 82.4536 -17.7236 1106.69
v 82.7781 -17.3124 1106.08
v 84.9519 -17.3646 1107.76
v 84.8685 -17.861 1107.57
v 86.5221 -17.9612 1108.74
v 85.6302 -17.7415 1109.34
v 85.8085 -18.1382 1109.55
v 86.7092 -18.6339 1109.19
v 86.6968 -18.7718 1109.67
v 87.7994 -17.9503 1110.37
v 88.4756 -18.7314 1110.23
v 88.5388 -18.3433 1110.36
v 89.7002 -19.1124 1112.68
v 90.2928 -19.8121 1112.41
v 91.0389 -20.0566 1113.35
v 90.8807 -19.8264 1113.58
v 89.9338 -19.6959 1112.44
v 90.4126 -18.8864 1113.01
v 90.7701 -18.7959 1112.47
v 91.0367 -19.6682 1112.43
v 91.3749 -19.1391 1112.72
v 91.9643 -20.1871 1113.49
v 91.3317 -19.4883 1112.57
v 92.4243 -19.8035 1115.14
v 92.4677 -19.3294 1114.41
v 93.1433 -20.302 1114.29
v 93.6378 -20.0975 1114.67
v 93.5671 -20.5324 1116.25
v 93.7556 -20.9562 1116.06
v 93.1204 -19.6012 1114.44
v 94.9058 -21.3563 1116.63
v 94.8023 -21.1119 1116.12
v 95.4823 -20.962 1116.52
v 96.0883 -20.7721 1117.2
v 96.7104 -21.9124 1119.48
v 97.5334 -22.4336 1119.85
v 97.1964 -21.3124 1119.92
v 98.8596 -22.0944 1120.17
v 98.6564 -22.7393 1120.57
v 97.7626 -21.191 1119.53
v 100.579 -34.5124 1073.48
v 100.773 -34.5124 1073.88
v 100.796 -34.5124 1073.22
v 100.982 -34.5124 1073.28
v 100.796 -34.2578 1073.48
v 100.165 -22.3767 1121.83
v 100.996 -34.8484 1073.68
v 101.003 -34.9124 1074.28
v 101.396 -34.6046 1074.48
v 101.616 -35.3554 1075.3
v 101.596 -35.1124 1075.55
v 101.796 -35.3124 1075.06
v 102.1 -35.3712 1076.49
v 101.972 -35.0595 1075.86
v 102.276 -35.7494 1076.88
v 102.396 -35.264 1076.48
v 102.489 -24.7124 1125.68
v 102.451 -24.7124 1126.08
v 100.949 -23.2764 1122.81
v 101.651 -23.5661 1125.81
v 102.196 -24.4953 1125.68
v 102.075 -24.427 1125.9
v 102.529 -24.5124 1126.88
v 101.497 -22.8062 1124.71
v 102.625 -35.9908 1076.98
v 103.617 -36.5115 1079.69
v 103.548 -36.1252 1079.19
v 103.796 -36.689 1079.08
v 103.996 -34.3984 1107.68
v 103.996 -34.1124 1107.46
v 103.735 -34.1124 1107.88
v 103.596 -33.5617 1109.08
v 103.769 -33.5124 1108.28
v 103.996 -33.9546 1108.48
v 104.068 -33.4942 1108.9
v 103.996 -33.3015 1108.68
v 103.876 -32.6896 1109.94
v 103.86 -32.7124 1110.28
v 103.226 -32.5124 1110.28
v 103.593 -32.4841 1109.92
v 102.97 -31.9124 1111.88
v 103.042 -32.1124 1111.68
v 103.196 -31.91 1111.15
v 103.42 -32.537 1111.15
v 103.396 -31.726 1111.32
v 103.403 -31.3396 1112.29
v 103.593 -31.971 1110.93
v 102.789 -31.2694 1114.11
v 102.848 -31.5124 1113.48
v 102.945 -31.3186 1112.77
v 103.187 -31.9981 1112.47
v 103.203 -31.6702 1113.65
v 103.202 -31.26 1112.44
v 103.411 -31.9928 1112.43
v 103.57 -31.5038 1113.17
v 103.579 -31.3124 1112.88
v 103.624 -31.5889 1112.34
v 102.995 -31.46 1114.56
v 103.389 -31.3399 1115.12
v 103 -30.9155 1118.49
v 103.22 -31.0832 1117.79
v 103.203 -30.8423 1113.9
v 102.808 -30.7147 1115.38
v 103.557 -30.9124 1114.68
v 102.708 -30.7208 1116.8
v 102.742 -30.7117 1117.96
v 102.763 -30.3258 1118.21
v 103.578 -30.8794 1117.8
v 103.639 -30.3124 1118.08
v 102.789 -30.2738 1119.91
v 102.789 -29.9293 1119.98
v 102.996 -29.864 1119.28
v 102.996 -29.5124 1120.36
v 103.373 -30.5426 1120.09
v 103.396 -29.8265 1119.28
v 103.396 -29.4705 1120.28
v 103.59 -30.482 1119.86
v 103.72 -30.301 1119.54
v 103.701 -29.9124 1119.88
v 102.774 -29.4829 1121.49
v 102.864 -29.4109 1121.99
v 102.997 -30.1921 1120.84
v 103.204 -29.7199 1121.87
v 103.711 -29.7036 1120.5
v 103.588 -29.6915 1121.66
v 103.737 -29.5286 1121.41
v 102.806 -29.3454 1121.21
v 103.007 -29.0446 1121.27
v 103.396 -28.9765 1121.28
v 103.706 -29.0947 1121.66
v 102.709 -28.117 1123.06
v 102.808 -28.6776 1122.11
v 102.961 -28.5 1122.07
v 102.799 -27.8799 1122.96
v 103.196 -28.4796 1123.48
v 103.396 -28.9796 1122.88
v 103.664 -28.274 1123.09
v 103.673 -28.1124 1122.88
v 102.996 -27.0642 1123.48
v 102.745 -27.6742 1123.89
v 102.734 -27.0058 1123.78
v 102.596 -26.6624 1124.48
v 103.459 -26.2904 1125.07
v 102.618 -24.7124 1125.48
v 102.796 -24.7979 1126.48
v 103.196 -24.8265 1126.48
v 103.392 -24.7825 1126.11
v 103.396 -24.6515 1126.28
v 102.596 -24.4671 1125.48
v 102.896 -24.3124 1125.48
v 102.983 -24.6195 1125.38
v 103.189 -24.3124 1125.68
v 102.903 -23.3474 1125.97
v 103.003 -24.0261 1125.42
v 103.441 -24.7079 1125.92
v 103.474 -23.9392 1126.08
v 103.704 -24.3735 1126.39
v 104.903 -37.4872 1082.22
v 105.129 -37.5124 1082.88
v 105.396 -37.7515 1082.48
v 104.492 -36.7124 1080.08
v 104.184 -36.6083 1080.64
v 104.281 -37.1322 1080.64
v 104.396 -36.6078 1080.88
v 104.396 -36.5124 1080.56
v 104.66 -37.1124 1081.88
v 104.883 -36.779 1081.27
v 105.392 -37.3404 1081.94
v 105.76 -37.3408 1083.65
v 104.196 -34.3124 1107.69
v 104.264 -34.1124 1107.68
v 104.948 -24.6897 1128.18
v 105.527 -24.765 1129.25
v 105.686 -25.3657 1129.39
v 105.392 -25.4219 1131.47
v 105.324 -25.8916 1131.25
v 105.596 -24.8828 1131.08
v 107.301 -48.1124 1068.48
v 107.36 -47.9124 1068.68
v 105.98 -38.1609 1084.05
v 106.528 -38.2701 1084.57
v 106.344 -37.5797 1084.39
v 106.739 -37.9384 1084.67
v 106.748 -38.5971 1085.99
v 106.717 -38.3124 1086.28
v 106.96 -38.6609 1085.85
v 106.796 -26.6135 1131.98
v 106.505 -25.0998 1131.62
v 108.17 -66.2885 1307.49
v 108.325 -66.5065 1307.48
v 108.254 -66.3056 1307.1
v 108.6 -66.7052 1307.48
v 108.438 -66.2508 1306.79
v 108.59 -66.6281 1307.09
v 108.822 -66.5178 1306.79
v 108.291 -66.3025 1307.88
v 108.592 -66.6043 1307.87
v 108.612 -66.3046 1308.2
v 108.851 -66.7065 1307.86
v 108.813 -66.5649 1308.07
v 108.796 -64.7335 1305.18
v 108.106 -65.8259 1307.18
v 108.137 -65.421 1307.37
v 108.309 -65.9673 1306.73
v 108.413 -64.5893 1306.1
v 108.153 -65.902 1307.85
v 108.356 -65.262 1307.8
v 108.414 -65.9052 1308.19
v 108.815 -65.9123 1308.4
v 108.787 -65.518 1308.34
v 108.858 -63.3696 1305.15
v 107.396 -48.236 1068.68
v 107.409 -47.9913 1068.49
v 107.611 -48.3124 1068.48
v 107.596 -48.1921 1069.08
v 107.596 -48.1124 1068.34
v 107.596 -47.889 1068.48
v 107.796 -48.1124 1068.64
v 107.51 -47.9124 1069.48
v 107.596 -47.6078 1069.28
v 107.685 -47.5124 1070.28
v 107.795 -47.3124 1070.48
v 108.041 -47.7743 1070.39
v 108.104 -47.5124 1069.88
v 108.368 -47.1307 1072.77
v 108.889 -47.1124 1072.68
v 108.356 -46.9063 1071.75
v 108.596 -46.8453 1072.08
v 108.321 -46.9214 1072.51
v 108.655 -46.7247 1072.77
v 108.596 -38.764 1089.68
v 107.877 -27.1271 1135.85
v 108.241 -27.6086 1136.24
v 108.196 -27.6796 1135.48
v 108.583 -26.9329 1136.93
v 108.018 -25.8959 1133.73
v 108.984 -66.7455 1307.09
v 109.218 -66.733 1307.1
v 109.173 -66.8001 1307.48
v 109.216 -66.5525 1306.8
v 109.619 -66.4545 1306.97
v 109.571 -66.6382 1307.49
v 109.93 -66.1668 1307.35
v 109.198 -66.6843 1307.9
v 109.182 -66.2974 1308.29
v 109.626 -66.2996 1308.04
v 109.011 -64.928 1305.12
v 109.428 -65.2102 1305.23
v 109.818 -65.1792 1305.29
v 109.013 -65.0658 1308.05
v 109.195 -65.9121 1308.42
v 109.184 -65.5287 1308.37
v 109.553 -65.8977 1308.27
v 109.431 -65.2407 1308.1
v 109.922 -65.6212 1307.77
v 109.012 -63.4587 1304.04
v 109.25 -63.4973 1303.61
v 109.815 -63.6624 1303.25
v 109.045 -63.976 1306.71
v 109.787 -63.5219 1306.23
v 110.068 -63.7804 1306.3
v 110.375 -61.9683 1300.72
v 109.454 -62.1349 1302.7
v 109.941 -61.9223 1301.31
v 109.6 -62.1516 1304.18
v 109.626 -61.7182 1303.05
v 109.997 -61.9841 1304.17
v 110.336 -60.4991 1300.8
v 109.568 -47.0633 1075.74
v 109.996 -47.0921 1077.48
v 109.222 -46.7223 1073.85
v 109.136 -46.7258 1075.5
v 109.209 -46.5305 1074.36
v 109.196 -46.464 1074.88
v 109.645 -46.7124 1075.08
v 109.345 -46.9124 1076.08
v 109.396 -46.4578 1075.88
v 109.618 -46.4545 1075.75
v 109.945 -46.7049 1078.15
v 110.099 -46.9223 1078.66
v 110.193 -46.5408 1078.45
v 110.196 -46.4453 1077.88
v 110.422 -46.9234 1077.67
v 110.373 -46.7353 1079.39
v 109.448 -39.9675 1091.6
v 109.513 -39.4506 1090.46
v 109.745 -39.7124 1093.08
v 109.683 -40.0216 1092.68
v 109.839 -39.8441 1091.43
v 110.118 -39.5062 1091.81
v 109.996 -39.4265 1093.08
v 108.845 -38.7853 1089.58
v 110.375 -28.587 1138.25
v 109.04 -26.7091 1135.02
v 109.136 -27.4407 1135.33
v 109.333 -26.6262 1136.6
v 110.189 -27.1409 1137.52
v 109.796 -27.1124 1138.41
v 110.748 -63.2192 1302.66
v 111.087 -62.9898 1302.69
v 110.57 -64.221 1304.7
v 110.672 -63.7673 1305.28
v 111.797 -61.4201 1299.31
v 110.586 -62.3802 1301.13
v 111.527 -61.5351 1302.43
v 111.356 -62.5904 1302.87
v 111.821 -60.3451 1296.88
v 110.749 -60.145 1298.86
v 110.937 -60.7 1298.58
v 111.198 -61.1835 1298.88
v 110.588 -60.6382 1301.89
v 110.984 -61.2685 1302.86
v 111.969 -58.7428 1295.66
v 112.044 -59.3196 1295.3
v 111.777 -58.7744 1296.98
v 112.038 -58.7555 1297.8
v 111.385 -59.3417 1299.13
v 111.948 -59.369 1299.33
v 110.63 -47.2671 1079.58
v 110.959 -47.3162 1079.96
v 110.913 -47.3039 1081.08
v 111.216 -47.5004 1081.25
v 111.234 -47.5137 1081.79
v 111.572 -47.4759 1081.43
v 111.662 -47.1218 1081.24
v 111.2 -47.2946 1082.14
v 111.849 -47.4184 1083.96
v 111.835 -47.7885 1082.82
v 112.285 -47.6518 1083.15
v 112.08 -47.1872 1083.61
v 111.891 -47.7848 1084.18
v 110.664 -46.7124 1078.28
v 110.911 -46.9488 1079.04
v 110.996 -46.639 1080.08
v 111.211 -46.9354 1081.72
v 111.606 -46.9275 1081.45
v 111.193 -40.6052 1094.95
v 111.513 -40.2823 1094.9
v 111.426 -39.8042 1095.36
v 111.525 -29.5965 1141.4
v 111.041 -28.3311 1138.78
v 111.35 -28.0117 1139.44
v 110.886 -29.3266 1140.94
v 110.857 -28.9032 1141.85
v 111.097 -29.3588 1142.06
v 111.141 -28.4748 1142.12
v 111.961 -28.4 1142.82
v 112.827 -59.9069 1295.1
v 112.29 -60.7119 1297.49
v 112.156 -60.5488 1297.05
v 112.613 -60.6362 1297.66
v 112.572 -60.7003 1299.24
v 113.24 -58.7384 1292.29
v 113.599 -59.3331 1292.85
v 112.56 -59.7143 1294.89
v 112.827 -58.4272 1296.83
v 113.406 -59.137 1297.05
v 112.567 -59.3736 1298.76
v 113.285 -58.1056 1291.97
v 112.645 -58.0853 1294.49
v 113.149 -57.8652 1294.95
v 113.005 -48.6105 1086.88
v 112.387 -47.3915 1083.47
v 113.039 -48.4578 1086.04
v 113.003 -40.9038 1098.49
v 112.504 -40.6647 1099.88
v 112.735 -41.1124 1100.48
v 113.186 -40.5263 1099
v 113.196 -40.3484 1100.28
v 112.804 -30.0049 1143.14
v 113.586 -29.736 1144.1
v 113.101 -30.5631 1146.92
v 113.255 -30.1194 1147.3
v 113.424 -29.5788 1146.78
v 113.101 -28.8833 1144
v 114.258 -58.6994 1290.26
v 114.647 -59.0119 1290.79
v 115.154 -58.9077 1291.07
v 114.173 -59.3424 1292.86
v 114.124 -59.4184 1294.02
v 114.819 -58.3764 1293.37
v 113.857 -58.3157 1295.39
v 114.611 -57.9718 1288.52
v 115.188 -57.5413 1287.02
v 115.039 -57.1426 1287.91
v 114.407 -57.1535 1290.25
v 114.203 -57.2403 1292.04
v 114.197 -57.5118 1293.28
v 113.761 -48.8448 1090.02
v 114.154 -49.3015 1091.09
v 113.916 -48.586 1090.06
v 114.298 -48.9053 1091.42
v 114.393 -49.4651 1090.52
v 114.298 -48.6333 1090.79
v 114.692 -49.4207 1090.62
v 114.86 -48.8871 1090.63
v 114.529 -49.2929 1092.44
v 114.635 -48.9522 1092.19
v 114.844 -48.7617 1091.44
v 115.117 -49.6957 1094.4
v 115.113 -49.4963 1094.29
v 115.183 -49.2949 1094.09
v 113.764 -41.6216 1102.19
v 114.619 -41.152 1102.43
v 114.096 -41.0971 1104.24
v 114.775 -41.7615 1103.69
v 114.676 -41.5124 1106.08
v 115.353 -41.3208 1107.93
v 114.11 -31.4926 1148.57
v 114.583 -31.7545 1148.97
v 114.858 -31.6916 1148.71
v 114.038 -29.656 1147.39
v 114.671 -30.0067 1146.95
v 115.35 -30.5734 1150.83
v 115.396 -58.6859 1288.28
v 116.629 -58.5313 1287.07
v 115.797 -58.1385 1285.9
v 116.354 -56.7033 1285.41
v 115.473 -56.7903 1288.54
v 115.595 -56.9035 1289.49
v 115.546 -57.364 1290.83
v 115.994 -58.1765 1290.18
v 116.435 -57.6998 1289.15
v 115.743 -50.1768 1094.5
v 115.55 -50.1761 1094.75
v 116.386 -50.3256 1096.25
v 116.042 -50.302 1096.79
v 116.173 -50.3856 1096.4
v 116.597 -50.4435 1097.68
v 115.398 -49.3179 1094.63
v 115.357 -49.1076 1093.71
v 115.674 -49.6551 1093.1
v 115.992 -49.3124 1094.68
v 115.546 -50.0771 1095.5
v 115.556 -49.5108 1095.49
v 115.82 -49.2952 1095.18
v 115.844 -49.8796 1096.82
v 116.104 -49.7033 1097.5
v 116 -49.5208 1096.66
v 116.39 -49.4372 1096.9
v 116.418 -49.5231 1097.88
v 116.755 -49.8853 1096.51
v 116.796 -49.5514 1097.28
v 116.811 -49.4881 1097.97
v 116.491 -49.7256 1098.95
v 116.572 -50.086 1099.33
v 116.803 -49.6977 1100.24
v 115.741 -41.0087 1107.84
v 117.079 -41.9559 1109.36
v 116.197 -32.9632 1154.94
v 116.633 -33.3399 1155.2
v 115.608 -31.4864 1149.22
v 115.81 -31.2625 1149.43
v 116.516 -31.4943 1151.25
v 115.474 -31.9316 1153.33
v 115.56 -31.4607 1153.1
v 118.339 -58.4247 1282.68
v 117.396 -58.5109 1284.08
v 118.527 -57.9524 1278.52
v 118.364 -57.5352 1278.75
v 117.079 -56.9579 1282.62
v 117.834 -56.6285 1281.82
v 117.367 -56.54 1284.15
v 118.043 -56.6617 1283.72
v 118.501 -57.9661 1283.61
v 116.946 -56.6591 1286.15
v 117.14 -56.8428 1286.42
v 116.985 -50.36 1098.06
v 117.01 -50.4268 1098.76
v 117.384 -50.304 1099.49
v 116.984 -50.3277 1099.85
v 117.408 -50.3003 1100.52
v 117.238 -49.7016 1098.44
v 117.437 -50.1127 1099.05
v 117.005 -49.4287 1099.88
v 117.394 -49.4398 1099.88
v 117.635 -49.8782 1099.7
v 117.789 -50.0848 1100.8
v 117.272 -49.6989 1102.2
v 117.262 -49.3244 1101.82
v 117.384 -49.2706 1102.75
v 117.59 -49.9323 1102.42
v 117.587 -49.1762 1101.48
v 117.596 -48.9703 1102.68
v 117.979 -49.884 1102.63
v 118.172 -49.5045 1101.93
v 118.004 -49.3087 1101.66
v 118.235 -49.6804 1102.72
v 117.729 -49.3176 1104.03
v 117.614 -49.0755 1103.97
v 117.993 -49.6563 1103.54
v 117.999 -48.8371 1102.91
v 118.448 -48.8962 1103.48
v 117.876 -48.7124 1105.28
v 118.191 -48.9199 1105.36
v 118.389 -49.2639 1104.47
v 117.926 -48.1124 1105.48
v 117.996 -48.3234 1104.48
v 118.223 -47.7766 1105.58
v 118.388 -48.2891 1104.51
v 118.401 -48.1936 1106.73
v 118.592 -44.9124 1110.48
v 118.443 -45.2577 1111.12
v 117.944 -42.7595 1116.52
v 116.891 -41.1846 1110.02
v 117.145 -41.4925 1109.67
v 117.382 -41.868 1114.8
v 118.232 -41.9151 1112.8
v 118.398 -41.7437 1113.67
v 118.377 -41.5166 1115.35
v 117.994 -41.6479 1115.92
v 118.048 -34.2257 1161.23
v 118.449 -34.7736 1161.98
v 117.149 -33.0484 1154.15
v 117.11 -32.7963 1157.96
v 118.589 -32.8213 1159.88
v 117.313 -31.8923 1153.63
v 117.237 -31.6934 1154.88
v 117.634 -32.4874 1154.36
v 117.414 -32.5166 1158.06
v 119.044 -58.4767 1278.6
v 118.939 -56.5797 1280.47
v 118.843 -56.9479 1282.49
v 118.664 -48.9092 1104.44
v 118.631 -47.5858 1105.91
v 118.784 -48.5079 1105.82
v 118.9 -48.2658 1105.76
v 118.834 -48.0495 1105.57
v 118.612 -48.4067 1106.34
v 119.048 -47.4919 1107.5
v 119.124 -47.2407 1107.39
v 118.97 -47.4026 1107.87
v 119.184 -46.0806 1109.98
v 119.353 -45.7266 1110.08
v 118.955 -45.6987 1110.87
v 118.752 -45.2235 1109.78
v 119.316 -45.0946 1110.43
v 118.811 -43.9085 1112.41
v 118.996 -44.9671 1112.28
v 119.164 -44.6589 1110.88
v 119.471 -44.4282 1112.21
v 119.396 -44.3993 1113.08
v 118.996 -43.7953 1115.48
v 119.181 -43.6415 1112.97
v 119.383 -43.5523 1113.57
v 118.596 -43.1078 1115.48
v 118.753 -42.7124 1115.08
v 118.796 -42.9124 1115.14
v 118.88 -42.7124 1115.28
v 118.996 -42.8828 1115.08
v 118.996 -42.7124 1115.57
v 119.029 -42.5124 1115.48
v 119.209 -42.9714 1114.89
v 118.592 -43.2504 1116.25
v 118.786 -43.2956 1116.87
v 119.183 -42.7124 1115.68
v 118.788 -43.1965 1117.28
v 119.017 -43.3047 1118.46
v 119.396 -43.1071 1117.68
v 119.549 -42.5721 1117.06
v 118.81 -41.6612 1115.94
v 120.05 -42.0335 1120.88
v 119.863 -35.9665 1165.58
v 120.152 -36.2773 1167.61
v 119.108 -35.0511 1161.56
v 119.348 -34.9462 1165.82
v 119.751 -35.737 1167.13
v 119.354 -34.1146 1159.77
v 119.234 -33.3098 1159.41
v 119.11 -33.997 1163.98
v 119.98 -33.7363 1162.94
v 119.525 -33.8791 1164.25
v 121.558 -56.9635 1271.84
v 120.3 -56.8645 1278.2
v 120.426 -57.5101 1278.86
v 121.25 -44.4771 1128.47
v 121.62 -44.2033 1131.96
v 120.611 -42.5191 1121.25
v 120.2 -42.2158 1123.26
v 120.392 -43.681 1122.07
v 120.839 -43.5274 1122.59
v 121.336 -43.2634 1123.71
v 120.891 -42.876 1127.58
v 121.379 -35.9716 1166.82
v 121.336 -36.99 1173.38
v 120.352 -34.5618 1162.76
v 120.354 -35.4391 1163.88
v 121.024 -34.6533 1165.6
v 123.075 -58.8161 1267.04
v 121.864 -58.2673 1269.28
v 122.404 -58.8375 1271.28
v 122.765 -58.6359 1271.46
v 122.82 -57.2049 1267.46
v 122.05 -57.4857 1268.9
v 122.456 -56.983 1271.55
v 123.167 -57.9043 1271.38
v 122.195 -58.0986 1273.96
v 122.385 -57.4988 1273.44
v 122.282 -44.7146 1129.52
v 122.347 -44.2998 1128.35
v 122.915 -43.7875 1134.99
v 123.423 -45.23 1139.25
v 121.974 -42.9579 1126.81
v 121.738 -42.7586 1128.02
v 123.129 -43.8581 1130.53
v 122.188 -43.136 1131.02
v 121.887 -43.7197 1132.42
v 123.041 -43.421 1132.48
v 121.981 -37.9809 1174.46
v 122.33 -38.0869 1173.92
v 122.175 -36.0197 1169.13
v 121.994 -37.0051 1175.6
v 122.417 -36.7055 1175.87
v 123.108 -36.82 1176.88
v 124.867 -58.6561 1261
v 123.725 -58.4852 1263.81
v 124.368 -58.8903 1265.75
v 124.392 -58.4853 1267.28
v 124.991 -57.2381 1259.24
v 123.481 -58.0616 1264.1
v 123.812 -57.3136 1263.83
v 124.156 -56.9993 1265.14
v 124.218 -57.467 1267.74
v 124.154 -45.6268 1135.74
v 123.703 -46.0828 1139.73
v 124.516 -46.6116 1139.95
v 124.076 -44.2555 1138.05
v 124.844 -45.407 1137.14
v 125.078 -45.0323 1138.02
v 124.617 -44.5116 1136.76
v 123.737 -44.7464 1139.34
v 124.923 -44.6707 1139.71
v 124.715 -40.7494 1186.22
v 123.983 -39.0013 1178.05
v 124.22 -38.4986 1177.37
v 124.509 -38.1209 1177.94
v 123.536 -36.862 1176.55
v 124.065 -37.3155 1176.92
v 125.383 -58.794 1261.12
v 125.663 -58.6993 1262.02
v 125.717 -58.504 1262.76
v 126.294 -56.704 1253.84
v 125.746 -57.9182 1256.3
v 125.764 -57.4584 1255.7
v 126.519 -57.9613 1254.23
v 125.777 -56.7018 1258.56
v 125.423 -58.0801 1264.39
v 125.196 -41.1796 1186.68
v 125.269 -40.9083 1189.77
v 126.248 -40.0246 1185.13
v 126.215 -39.4864 1185.93
v 126.172 -39.8229 1188.93
v 125.107 -40.1121 1188.4
v 126.06 -40.3076 1190.63
v 125.582 -38.9626 1182.46
v 126.599 -58.3303 1255.84
v 127.333 -58.1209 1255.92
v 127.135 -56.848 1249.67
v 127.64 -57.4515 1249.95
v 127.969 -57.6852 1251.18
v 127.975 -57.6533 1254.21
v 127.668 -57.0888 1255.94
v 127.033 -56.6773 1257.06
v 126.895 -58.0989 1258.78
v 127.679 -55.7019 1246.56
v 127.984 -55.1969 1246.81
v 127.096 -56.3536 1249.6
v 127.267 -55.9251 1249.6
v 127.556 -55.6495 1249.84
v 127.657 -55.7873 1251.52
v 126.619 -56.3213 1254.19
v 127.506 -56.1654 1253.84
v 126.717 -48.5121 1149.55
v 127.188 -48.8109 1153.15
v 127.991 -49.2262 1152.88
v 127.831 -49.3224 1154.38
v 127.965 -48.8678 1157.28
v 126.877 -48.2766 1147.88
v 126.935 -46.9123 1150.66
v 126.723 -48.274 1151.89
v 126.918 -47.7572 1152.56
v 128.029 -47.6814 1155.2
v 128.122 -48.2611 1157.28
v 127.33 -46.6835 1149.81
v 127.996 -44.3796 1198.68
v 128.178 -44.9272 1199.69
v 127.996 -44.8828 1201.08
v 128.116 -45.3029 1203.61
v 128.069 -44.9659 1204.99
v 126.774 -43.1493 1196.86
v 127.972 -42.5606 1199.48
v 127.668 -43.3244 1201.07
v 127.22 -41.5771 1189.97
v 127.335 -40.9804 1190.08
v 128.092 -41.7264 1194.52
v 126.973 -40.4456 1190.86
v 128.78 -56.9249 1246.72
v 128.835 -57.0999 1249.47
v 129.387 -55.1784 1238.76
v 129.601 -55.858 1241.63
v 128.353 -55.5289 1242.5
v 128.392 -56.141 1243.88
v 128.79 -56.3648 1243.94
v 129.402 -56.4443 1244.84
v 128.427 -54.9149 1246.4
v 128.998 -54.9532 1246.52
v 129.445 -55.3412 1246.63
v 129.146 -56.4858 1249.2
v 128.338 -55.9968 1251.56
v 129.549 -53.7388 1233.68
v 128.966 -53.895 1236.67
v 129.574 -53.6618 1240.69
v 128.283 -54.9285 1242.5
v 128.354 -54.6719 1243.32
v 128.622 -54.5154 1244.09
v 129.326 -52.3838 1231.78
v 129.355 -53.0285 1232.46
v 129.049 -53.2957 1236.83
v 129.338 -53.3154 1238.83
v 129.61 -50.8449 1224.54
v 129.673 -51.7697 1227.16
v 129.474 -51.5374 1228.33
v 129.503 -51.7277 1231.01
v 128.251 -48.9313 1151.96
v 129.094 -49.0801 1154.3
v 128.809 -49.7532 1156.73
v 129.164 -49.6004 1156.18
v 129.725 -48.8888 1156.19
v 128.321 -49.4701 1157.9
v 128.801 -49.8202 1158.29
v 129.627 -49.881 1158.82
v 128.727 -48.6934 1160.68
v 129.385 -49.9553 1161.45
v 128.981 -49.2797 1162.26
v 129.577 -49.6661 1164.49
v 129.553 -48.8702 1165.97
v 129.394 -48.9193 1218.33
v 129.568 -50.1445 1224.43
v 128.182 -48.3173 1150.34
v 128.275 -47.3383 1150.8
v 128.462 -48.0704 1150.94
v 128.356 -47.5439 1154.92
v 129.334 -48.3494 1154.49
v 129.512 -48.0178 1157.02
v 128.429 -48.0355 1157.53
v 128.977 -47.9144 1158.05
v 129.168 -48.1539 1160.45
v 128.973 -46.9126 1208.96
v 129.391 -47.1431 1209.08
v 129.383 -48.1197 1217.52
v 129.774 -46.5103 1183.04
v 129.695 -45.7018 1184.11
v 129.172 -45.7548 1190.01
v 129.602 -45.7829 1195.03
v 128.864 -45.5726 1195.95
v 128.507 -45.6108 1203.14
v 129.486 -45.7135 1203.76
v 128.655 -46.453 1209.22
v 128.886 -46.1783 1210.89
v 129.613 -44.7188 1187.5
v 128.835 -44.9863 1191.52
v 128.953 -44.5386 1191.55
v 129.238 -44.1762 1191.8
v 128.652 -45.3178 1195.18
v 129.397 -43.8604 1194.27
v 128.251 -44.5124 1198.28
v 128.181 -44.4753 1198.58
v 128.196 -44.2078 1198.08
v 128.596 -43.9124 1197.75
v 128.996 -43.7296 1197.88
v 129.821 -45.1984 1203.35
v 129.394 -44.5028 1206.73
v 128.478 -45.0113 1206.96
v 129.167 -45.1863 1209.02
v 128.55 -42.448 1198.38
v 128.932 -43.5124 1198.08
v 128.505 -42.6883 1199.84
v 129.396 -43.6304 1200.28
v 129.455 -43.7628 1202.5
v 130.004 -55.628 1241.37
v 130.219 -55.0352 1242.64
v 129.889 -55.9066 1243.98
v 130.358 -53.5626 1232.24
v 130.582 -54.1997 1235.29
v 130.672 -54.4824 1238.54
v 130.782 -51.6476 1225.34
v 131.153 -51.9602 1227.31
v 131.261 -52.5453 1230.67
v 130.566 -51.7489 1232.7
v 131.138 -52.7005 1233.52
v 130.489 -53.2606 1237.87
v 130.136 -50.9681 1222.99
v 129.776 -51.6894 1232.18
v 130.238 -48.686 1158.76
v 130.263 -49.4811 1159.38
v 129.76 -50.0426 1161.15
v 130.21 -49.9987 1164.6
v 130.75 -49.8498 1163.61
v 131.261 -49.3022 1164.41
v 130.996 -49.8143 1167.2
v 130.399 -49.5908 1168.79
v 130.984 -49.6695 1169.28
v 130.132 -48.9124 1170.68
v 130.987 -49.0681 1173.59
v 129.739 -49.1757 1216.99
v 130.174 -49.3143 1216.86
v 131.241 -48.6736 1217.14
v 131.251 -49.9825 1220.76
v 130.107 -49.1351 1223.15
v 131.21 -49.8059 1224.62
v 130.019 -48.0777 1162.25
v 130.598 -48.2919 1162.36
v 129.998 -48.1257 1166.11
v 130.939 -47.8767 1167.52
v 131.116 -47.2053 1172.87
v 130.442 -47.3889 1173.89
v 131.158 -48.4266 1177.3
v 130.553 -48.0195 1178.36
v 130.066 -47.1192 1179.91
v 130.204 -47.0496 1183.57
v 130.59 -48.0464 1213.06
v 130.773 -47.2828 1211.65
v 131.122 -47.8871 1217.32
v 131.331 -48.5389 1218
v 130.546 -47.748 1218.4
v 130.135 -46.9124 1178.68
v 130.541 -46.3092 1178.75
v 130.975 -45.6983 1180.98
v 130.786 -46.6719 1185.94
v 129.966 -46.2658 1189.12
v 130.396 -46.0184 1190.26
v 130.946 -45.8522 1188.72
v 130.625 -45.4749 1192.07
v 130.215 -46.492 1207.87
v 130.36 -45.9287 1207.39
v 130.479 -45.7382 1208.77
v 130.526 -46.196 1212.01
v 130.915 -46.9907 1212.32
v 130.405 -44.5611 1187.14
v 130.771 -44.7074 1187.25
v 130.021 -44.5485 1187.39
v 129.997 -44.1716 1190.09
v 130.65 -44.5392 1191.2
v 131.021 -45.2101 1189.21
v 130.17 -44.0709 1192.66
v 129.889 -44.4548 1202.99
v 131.485 -50.235 1223.45
v 131.427 -51.1416 1225.61
v 131.427 -51.6337 1228.64
v 131.592 -49.3149 1167.3
v 131.626 -48.9042 1166.66
v 131.399 -49.5544 1169.28
v 131.968 -48.6886 1169.98
v 131.848 -49.0954 1170.36
v 131.573 -49.1782 1172.27
v 131.429 -49.4401 1222.03
v 131.634 -48.3166 1167.89
v 131.515 -47.8173 1169.68
v 132.098 -48.301 1174.78
v 132.117 -47.5641 1174.76
v 131.73 -48.1776 1177.56
v 132.157 -47.4472 1176.86
v 131.976 -47.4601 1179.13
v 131.665 -46.1207 1180.86
v 131.683 -46.3296 1183.23
v 39.1964 -22.5124 1080.4
v 39.1964 -22.5124 1080.4
v 39.1964 -22.5124 1080.4
v 39.3964 -22.5124 1080.39
v 39.3964 -22.5124 1080.39
v 39.0636 -22.5124 1080.68
v 39.0636 -22.5124 1080.68
v 39.1964 -22.7234 1080.48
v 39.1964 -22.7234 1080.48
v 39.1964 -22.7234 1080.48
v 39.1964 -22.7671 1080.68
v 39.1964 -22.7671 1080.68
v 39.1964 -22.7671 1080.68
v 39.3964 -22.7796 1080.68
v 39.3964 -22.7796 1080.68
v 39.3964 -22.5124 1081.06
v 39.3964 -22.2328 1080.68
v 40.4615 -21.607 1081.73
v 40.1964 -21.7015 1081.88
v 41.4575 -21.4446 1082.57
v 41.7964 -21.2828 1083.28
v 42.5964 -20.2078 1084.28
v 42.9964 -20.5984 1084.48
v 42.9964 -20.5984 1084.48
v 44.1964 -19.7902 1085.88
v 43.8279 -19.8175 1084.9
v 44.4142 -19.8182 1085.48
v 44.8328 -19.6637 1086.1
v 44.9964 -18.9453 1086.28
v 45.7811 -19.1124 1086.68
v 45.8869 -18.7229 1087.47
v 46.7964 -18.6399 1088.08
v 46.9964 -18.6703 1087.88
v 47.3964 -18.3124 1087.94
v 47.9633 -17.6916 1089.04
v 48.5964 -17.4234 1089.08
v 48.9964 -17.8515 1089.68
v 48.9964 -17.8515 1089.68
v 49.3053 -17.1455 1089.74
v 49.6015 -17.5298 1089.51
v 49.6015 -17.5298 1089.51
v 49.944 -17.1318 1090.5
v 51.1964 -16.7124 1090.62
v 51.4241 -16.5498 1090.91
v 51.7056 -17.1467 1091.16
v 51.5964 -16.9124 1091.52
v 51.5964 -16.9124 1091.52
v 51.9058 -16.8951 1090.94
v 51.7211 -16.4541 1091.34
v 54.7877 -15.7872 1092.95
v 55.1964 -16.1124 1092.65
v 55.8307 -15.7125 1093.09
v 55.3964 -16.3703 1093.28
v 55.3964 -16.3703 1093.28
v 55.7964 -16.1124 1093.71
v 58.6607 -15.9702 1094.79
v 58.5964 -15.9953 1094.48
v 58.5964 -15.7124 1094.19
v 58.5724 -15.2732 1094.47
v 58.7786 -15.2751 1094.86
v 59.9964 -15.5124 1095.63
v 60.9193 -15.0601 1095.54
v 63.1964 -21.5765 1073.68
v 63.1964 -21.5765 1073.68
v 63.1964 -21.5124 1073.42
v 63.1964 -21.5124 1073.42
v 63.5047 -21.4963 1074.74
v 63.7002 -21.5392 1074.72
v 62.9261 -21.3124 1073.48
v 62.9261 -21.3124 1073.48
v 62.9261 -21.3124 1073.48
v 62.9261 -21.3124 1073.48
v 63.1964 -21.3124 1073.28
v 63.1964 -21.3124 1073.28
v 63.1964 -21.3124 1073.28
v 63.1964 -21.1124 1073.46
v 63.1964 -21.1124 1073.46
v 63.1964 -21.1124 1073.97
v 63.3964 -21.3124 1073.46
v 65.5964 -21.3765 1078.88
v 64.57 -21.2899 1077.63
v 65.2854 -21.1124 1077.88
v 65.1987 -20.9124 1079.08
v 65.1987 -20.9124 1079.08
v 64.3444 -15.5415 1097.39
v 64.8864 -15.7124 1097.08
v 64.8758 -15.1393 1096.85
v 64.7059 -14.9346 1097.04
v 66.007 -20.7124 1079.88
v 66.007 -20.7124 1079.88
v 66.4647 -20.9124 1080.23
v 66.3243 -20.9141 1081.4
v 66.9964 -20.4578 1082.08
v 66.9964 -20.4578 1082.08
v 66.6271 -15.3489 1098.49
v 66.6271 -15.3489 1098.49
v 67.5417 -20.7124 1082.08
v 67.6796 -15.3085 1097.99
v 68.3964 -15.8234 1098.88
v 68.3964 -15.8234 1098.88
v 69.6356 -20.0382 1086.42
v 71.1964 -15.7124 1100.58
v 71.5788 -16.0607 1100.23
v 72.8637 -15.3722 1100.61
v 74.5573 -18.9124 1092.88
v 75.5964 -19.0734 1093.68
v 76.4056 -16.646 1102.93
v 76.2436 -16.1124 1103.28
v 77.4914 -18.277 1095.62
v 77.3964 -18.5921 1096.48
v 77.1964 -18.1124 1096.98
v 77.2259 -15.8131 1103.04
v 79.7194 -17.5099 1099.76
v 80.2532 -16.9124 1105.68
v 81.1325 -17.3124 1105.08
v 81.0823 -17.1124 1104.88
v 81.0823 -17.1124 1104.88
v 80.9964 -17.1124 1104.99
v 80.9964 -17.1124 1104.99
v 80.9964 -16.9124 1104.94
v 80.9964 -16.9124 1104.94
v 80.9964 -16.9124 1104.94
v 81.2208 -16.9124 1104.88
v 81.5102 -16.7124 1105.28
v 81.5102 -16.7124 1105.28
v 81.8583 -16.5723 1105.93
v 81.8583 -16.5723 1105.93
v 81.676 -16.7635 1104.89
v 82.4748 -16.9675 1105.7
v 82.4748 -16.9675 1105.7
v 82.4497 -17.6367 1105.95
v 84.8685 -17.861 1107.57
v 86.5221 -17.9612 1108.74
v 85.6302 -17.7415 1109.34
v 90.8807 -19.8264 1113.58
v 92.4243 -19.8035 1115.14
v 97.5334 -22.4336 1119.85
v 97.1964 -21.3124 1119.92
v 98.8596 -22.0944 1120.17
v 100.579 -34.5124 1073.48
v 100.579 -34.5124 1073.48
v 100.579 -34.5124 1073.48
v 100.773 -34.5124 1073.88
v 100.796 -34.5124 1073.22
v 100.796 -34.5124 1073.22
v 100.796 -34.5124 1073.22
v 100.982 -34.5124 1073.28
v 100.982 -34.5124 1073.28
v 100.796 -34.2578 1073.48
v 100.796 -34.2578 1073.48
v 100.796 -34.2578 1073.48
v 100.996 -34.8484 1073.68
v 101.003 -34.9124 1074.28
v 101.396 -34.6046 1074.48
v 101.616 -35.3554 1075.3
v 101.616 -35.3554 1075.3
v 101.596 -35.1124 1075.55
v 101.596 -35.1124 1075.55
v 101.796 -35.3124 1075.06
v 102.1 -35.3712 1076.49
v 102.276 -35.7494 1076.88
v 102.276 -35.7494 1076.88
v 102.396 -35.264 1076.48
v 102.489 -24.7124 1125.68
v 102.489 -24.7124 1125.68
v 102.451 -24.7124 1126.08
v 102.451 -24.7124 1126.08
v 101.651 -23.5661 1125.81
v 102.196 -24.4953 1125.68
v 102.196 -24.4953 1125.68
v 102.529 -24.5124 1126.88
v 103.617 -36.5115 1079.69
v 103.617 -36.5115 1079.69
v 103.796 -36.689 1079.08
v 103.996 -34.3984 1107.68
v 103.996 -34.3984 1107.68
v 103.996 -34.3984 1107.68
v 103.996 -34.1124 1107.46
v 103.996 -34.1124 1107.46
v 103.996 -34.1124 1107.46
v 103.735 -34.1124 1107.88
v 103.735 -34.1124 1107.88
v 103.596 -33.5617 1109.08
v 103.596 -33.5617 1109.08
v 103.596 -33.5617 1109.08
v 103.769 -33.5124 1108.28
v 103.996 -33.9546 1108.48
v 103.996 -33.9546 1108.48
v 104.068 -33.4942 1108.9
v 104.068 -33.4942 1108.9
v 103.996 -33.3015 1108.68
v 103.876 -32.6896 1109.94
v 103.86 -32.7124 1110.28
v 103.86 -32.7124 1110.28
v 103.226 -32.5124 1110.28
v 103.226 -32.5124 1110.28
v 103.593 -32.4841 1109.92
v 102.97 -31.9124 1111.88
v 103.042 -32.1124 1111.68
v 103.042 -32.1124 1111.68
v 103.42 -32.537 1111.15
v 102.848 -31.5124 1113.48
v 103.187 -31.9981 1112.47
v 103.203 -31.6702 1113.65
v 103.203 -31.6702 1113.65
v 103.411 -31.9928 1112.43
v 103.579 -31.3124 1112.88
v 103.624 -31.5889 1112.34
v 103.624 -31.5889 1112.34
v 103.389 -31.3399 1115.12
v 103.389 -31.3399 1115.12
v 103.203 -30.8423 1113.9
v 103.557 -30.9124 1114.68
v 103.578 -30.8794 1117.8
v 103.639 -30.3124 1118.08
v 102.789 -30.2738 1119.91
v 102.789 -29.9293 1119.98
v 102.996 -29.5124 1120.36
v 103.396 -29.8265 1119.28
v 103.396 -29.4705 1120.28
v 103.701 -29.9124 1119.88
v 102.774 -29.4829 1121.49
v 103.711 -29.7036 1120.5
v 103.737 -29.5286 1121.41
v 102.806 -29.3454 1121.21
v 103.007 -29.0446 1121.27
v 103.396 -28.9765 1121.28
v 103.706 -29.0947 1121.66
v 102.709 -28.117 1123.06
v 103.196 -28.4796 1123.48
v 103.396 -28.9796 1122.88
v 103.664 -28.274 1123.09
v 103.673 -28.1124 1122.88
v 103.673 -28.1124 1122.88
v 102.996 -27.0642 1123.48
v 102.596 -26.6624 1124.48
v 102.796 -24.7979 1126.48
v 103.196 -24.8265 1126.48
v 103.196 -24.8265 1126.48
v 103.396 -24.6515 1126.28
v 103.396 -24.6515 1126.28
v 102.596 -24.4671 1125.48
v 102.596 -24.4671 1125.48
v 102.596 -24.4671 1125.48
v 102.596 -24.4671 1125.48
v 102.896 -24.3124 1125.48
v 102.896 -24.3124 1125.48
v 102.983 -24.6195 1125.38
v 103.189 -24.3124 1125.68
v 103.441 -24.7079 1125.92
v 103.441 -24.7079 1125.92
v 103.704 -24.3735 1126.39
v 105.129 -37.5124 1082.88
v 105.129 -37.5124 1082.88
v 105.396 -37.7515 1082.48
v 105.396 -37.7515 1082.48
v 104.492 -36.7124 1080.08
v 104.396 -36.5124 1080.56
v 104.66 -37.1124 1081.88
v 104.883 -36.779 1081.27
v 105.76 -37.3408 1083.65
v 104.196 -34.3124 1107.69
v 104.196 -34.3124 1107.69
v 104.264 -34.1124 1107.68
v 104.264 -34.1124 1107.68
v 104.264 -34.1124 1107.68
v 105.392 -25.4219 1131.47
v 105.324 -25.8916 1131.25
v 105.596 -24.8828 1131.08
v 107.301 -48.1124 1068.48
v 107.301 -48.1124 1068.48
v 107.301 -48.1124 1068.48
v 107.301 -48.1124 1068.48
v 107.36 -47.9124 1068.68
v 105.98 -38.1609 1084.05
v 106.344 -37.5797 1084.39
v 106.739 -37.9384 1084.67
v 106.717 -38.3124 1086.28
v 107.396 -48.236 1068.68
v 107.396 -48.236 1068.68
v 107.396 -48.236 1068.68
v 107.611 -48.3124 1068.48
v 107.611 -48.3124 1068.48
v 107.611 -48.3124 1068.48
v 107.596 -48.1921 1069.08
v 107.596 -48.1124 1068.34
v 107.596 -48.1124 1068.34
v 107.596 -48.1124 1068.34
v 107.596 -47.889 1068.48
v 107.596 -47.889 1068.48
v 107.796 -48.1124 1068.64
v 107.796 -48.1124 1068.64
v 107.51 -47.9124 1069.48
v 107.596 -47.6078 1069.28
v 107.596 -47.6078 1069.28
v 107.685 -47.5124 1070.28
v 107.795 -47.3124 1070.48
v 108.041 -47.7743 1070.39
v 108.041 -47.7743 1070.39
v 108.104 -47.5124 1069.88
v 108.104 -47.5124 1069.88
v 108.104 -47.5124 1069.88
v 108.368 -47.1307 1072.77
v 108.368 -47.1307 1072.77
v 108.889 -47.1124 1072.68
v 108.889 -47.1124 1072.68
v 108.889 -47.1124 1072.68
v 108.596 -46.8453 1072.08
v 108.321 -46.9214 1072.51
v 108.655 -46.7247 1072.77
v 108.655 -46.7247 1072.77
v 108.655 -46.7247 1072.77
v 108.596 -38.764 1089.68
v 108.241 -27.6086 1136.24
v 108.583 -26.9329 1136.93
v 109.568 -47.0633 1075.74
v 109.996 -47.0921 1077.48
v 109.209 -46.5305 1074.36
v 109.196 -46.464 1074.88
v 109.645 -46.7124 1075.08
v 109.645 -46.7124 1075.08
v 109.345 -46.9124 1076.08
v 109.618 -46.4545 1075.75
v 110.196 -46.4453 1077.88
v 110.373 -46.7353 1079.39
v 109.448 -39.9675 1091.6
v 109.745 -39.7124 1093.08
v 109.683 -40.0216 1092.68
v 110.118 -39.5062 1091.81
v 109.996 -39.4265 1093.08
v 108.845 -38.7853 1089.58
v 109.136 -27.4407 1135.33
v 109.796 -27.1124 1138.41
v 110.748 -63.2192 1302.66
v 110.959 -47.3162 1079.96
v 111.216 -47.5004 1081.25
v 111.572 -47.4759 1081.43
v 111.835 -47.7885 1082.82
v 111.835 -47.7885 1082.82
v 112.08 -47.1872 1083.61
v 111.891 -47.7848 1084.18
v 111.891 -47.7848 1084.18
v 110.664 -46.7124 1078.28
v 110.996 -46.639 1080.08
v 111.211 -46.9354 1081.72
v 111.193 -40.6052 1094.95
v 111.961 -28.4 1142.82
v 113.003 -40.9038 1098.49
v 112.504 -40.6647 1099.88
v 112.735 -41.1124 1100.48
v 113.196 -40.3484 1100.28
v 113.196 -40.3484 1100.28
v 114.86 -48.8871 1090.63
v 114.844 -48.7617 1091.44
v 114.619 -41.152 1102.43
v 114.096 -41.0971 1104.24
v 116.629 -58.5313 1287.07
v 116.386 -50.3256 1096.25
v 116.597 -50.4435 1097.68
v 115.357 -49.1076 1093.71
v 115.992 -49.3124 1094.68
v 115.82 -49.2952 1095.18
v 116.755 -49.8853 1096.51
v 116.803 -49.6977 1100.24
v 118.339 -58.4247 1282.68
v 117.394 -49.4398 1099.88
v 117.262 -49.3244 1101.82
v 118.004 -49.3087 1101.66
v 117.999 -48.8371 1102.91
v 118.448 -48.8962 1103.48
v 117.926 -48.1124 1105.48
v 117.996 -48.3234 1104.48
v 118.223 -47.7766 1105.58
v 118.388 -48.2891 1104.51
v 118.592 -44.9124 1110.48
v 118.443 -45.2577 1111.12
v 118.443 -45.2577 1111.12
v 118.811 -43.9085 1112.41
v 118.996 -44.9671 1112.28
v 119.396 -44.3993 1113.08
v 118.996 -43.7953 1115.48
v 118.996 -43.7953 1115.48
v 118.596 -43.1078 1115.48
v 118.596 -43.1078 1115.48
v 118.596 -43.1078 1115.48
v 118.753 -42.7124 1115.08
v 118.796 -42.9124 1115.14
v 118.796 -42.9124 1115.14
v 118.796 -42.9124 1115.14
v 118.88 -42.7124 1115.28
v 118.88 -42.7124 1115.28
v 118.996 -42.7124 1115.57
v 118.996 -42.7124 1115.57
v 119.029 -42.5124 1115.48
v 119.029 -42.5124 1115.48
v 118.786 -43.2956 1116.87
v 119.183 -42.7124 1115.68
v 118.788 -43.1965 1117.28
v 119.396 -43.1071 1117.68
v 119.549 -42.5721 1117.06
v 119.549 -42.5721 1117.06
v 119.549 -42.5721 1117.06
v 119.549 -42.5721 1117.06
v 121.25 -44.4771 1128.47
v 121.336 -43.2634 1123.71
v 122.404 -58.8375 1271.28
v 122.05 -57.4857 1268.9
v 124.156 -56.9993 1265.14
v 125.196 -41.1796 1186.68
v 127.033 -56.6773 1257.06
v 126.774 -43.1493 1196.86
v 129.049 -53.2957 1236.83
v 129.338 -53.3154 1238.83
v 129.503 -51.7277 1231.01
v 129.553 -48.8702 1165.97
v 129.568 -50.1445 1224.43
v 128.977 -47.9144 1158.05
v 128.251 -44.5124 1198.28
v 128.196 -44.2078 1198.08
v 128.196 -44.2078 1198.08
v 128.196 -44.2078 1198.08
v 128.596 -43.9124 1197.75
v 128.596 -43.9124 1197.75
v 128.596 -43.9124 1197.75
v 128.996 -43.7296 1197.88
v 128.996 -43.7296 1197.88
v 128.932 -43.5124 1198.08
v 129.396 -43.6304 1200.28
v 129.776 -51.6894 1232.18
v 130.107 -49.1351 1223.15
v 129.998 -48.1257 1166.11
v 130.442 -47.3889 1173.89
v 130.204 -47.0496 1183.57
v 130.135 -46.9124 1178.68
v 130.625 -45.4749 1192.07
v 129.889 -44.4548 1202.99
vn -0.891671 -0.160021 -0.423456
vn 0.594509 -0.590479 -0.545797
vn -0.909284 -0.317841 -0.268663
vn -0.909284 -0.317841 -0.268663
vn -0.882179 -0.460031 -0.100658
vn 0.615857 -0.672608 -0.410267
vn -0.0893107 -0.810004 0.579584
vn -0.564301 0.817582 -0.11456
vn -0.298447 0.922091 -0.246328
vn -0.490691 0.868823 -0.0661015
vn 0.614465 -0.771331 -0.165772
vn 0.5797 -0.809583 -0.0923221
vn -0.223664 -0.723292 0.653316
vn -0.728088 0.460965 0.507346
vn 0.534909 -0.840606 -0.0851708
vn -0.709153 0.0682102 0.701747
vn -0.546261 -0.34588 0.762867
vn 0.676745 0.0164491 -0.736033
vn 0.701395 -0.114692 -0.703485
vn 0.0676751 -0.905685 0.418514
vn 0.201235 0.724052 -0.659737
vn 0.603904 -0.747831 -0.275769
vn 0.586527 0.179476 -0.789794
vn -0.549424 -0.284328 0.785678
vn -0.631478 0.682616 0.367792
vn 0.11279 -0.931953 0.344588
vn 0.621977 -0.6122 -0.488216
vn 0.597552 0.0677516 -0.798963
vn 0.41279 0.467641 -0.781611
vn -0.377515 0.92598 0.00656746
vn -0.534275 -0.190879 0.823478
vn -0.650315 0.293619 0.700627
vn 0.338552 0.546956 -0.765651
vn 0.335696 -0.941326 -0.0348484
vn -0.322346 0.946557 0.0110975
vn 0.443918 0.344575 -0.827167
vn -0.522503 0.661713 0.537705
vn 0.417656 0.281223 -0.863989
vn 0.0911071 0.83026 -0.54988
vn 0.433219 -0.798159 -0.418646
vn -0.442772 -0.351872 0.824705
vn 0.457082 -0.759795 -0.462372
vn -0.502149 0.593624 0.628854
vn -0.0517216 0.960424 -0.273696
vn -0.133545 0.989569 -0.0540196
vn 0.394836 0.22102 -0.89177
vn 0.0145547 0.941065 -0.337913
vn -0.457542 0.44206 0.771517
vn -0.168294 -0.785824 0.595112
vn -0.211477 -0.712903 0.668616
vn 0.00442887 -0.985868 0.167468
vn 0.31641 -0.745329 -0.58683
vn 0.3132 -0.713112 -0.627197
vn -0.111537 0.99348 -0.0235841
vn -0.375808 0.613588 0.694462
vn -0.390854 0.435511 0.810903
vn -0.130888 0.977251 0.166877
vn 0.280818 0.605007 -0.745055
vn -0.713885 -0.699004 0.0419679
vn -0.612482 -0.768176 -0.18647
vn 0.624731 -0.723246 -0.294325
vn -0.822867 -0.47715 0.308574
vn 0.619397 -0.749866 -0.232483
vn -0.78582 -0.600232 0.149022
vn -0.520313 -0.476613 -0.708601
vn -0.486873 0.568601 -0.66306
vn -0.360111 0.932418 0.0302893
vn 0.795519 -0.363441 -0.484829
vn 0.889462 -0.278726 -0.362172
vn -0.229918 0.841101 0.489578
vn 0.792738 -0.500946 -0.347304
vn -0.310541 -0.926296 0.213401
vn -0.865341 -0.363873 0.344646
vn 0.721988 0.580452 -0.376576
vn -0.917224 -0.0010629 0.398369
vn -0.126138 -0.944165 0.304371
vn 0.232566 -0.810072 -0.538234
vn 0.372735 0.133839 -0.918235
vn 0.358493 -0.379083 -0.853099
vn -0.0773026 0.98772 0.135769
vn 0.671584 0.660957 -0.334831
vn 0.600693 0.696318 -0.392823
vn -0.765417 -0.490154 0.416995
vn 0.524617 -0.823265 -0.21682
vn -0.232823 0.972487 -0.00788003
vn -0.667915 -0.566802 0.482312
vn -0.746907 0.546794 0.378346
vn -0.320558 0.596222 0.736045
vn 0.488384 0.767385 -0.415453
vn -0.209205 -0.942938 0.25904
vn -0.528305 0.819421 0.222358
vn 0.730393 -0.555801 -0.397003
vn -0.835159 0.117496 0.537313
vn 0.276077 -0.960654 -0.0304206
vn 0.39554 -0.0307386 -0.917934
vn 0.276809 0.761798 -0.585697
vn -0.313454 -0.708718 0.632033
vn 0.393071 -0.261044 -0.881675
vn -0.163073 0.881435 0.443261
vn 0.0267692 0.99961 -0.00791664
vn 0.717853 0.340188 -0.607421
vn 0.220385 0.910621 -0.349571
vn 0.760171 -0.42466 -0.491735
vn -0.690817 0.614516 0.380975
vn -0.577912 -0.617418 0.533679
vn 0.221468 -0.790634 -0.570833
vn 0.420541 0.331708 -0.844461
vn 0.215523 0.920513 -0.325892
vn -0.347197 -0.746981 0.566986
vn 0.155477 -0.872366 -0.46347
vn -0.161893 0.982552 -0.0915518
vn 0.453462 0.368856 -0.811368
vn 0.35333 -0.493929 -0.794476
vn -0.388762 0.397337 0.831257
vn 0.610451 -0.724451 -0.320188
vn -0.81329 0.0250516 0.581319
vn -0.759851 0.47773 0.440909
vn 0.166154 0.933674 -0.317248
vn -0.418931 0.899743 0.122309
vn 0.79662 -0.00429797 -0.604465
vn 0.496636 0.69752 -0.516545
vn -0.00290698 0.981494 -0.191469
vn 0.048158 0.992816 0.109529
vn -0.301796 0.663075 0.685019
vn -0.394999 -0.809807 0.433806
vn 0.80681 -0.329704 -0.490258
vn 0.738106 0.359851 -0.570708
vn 0.520015 -0.832893 -0.189403
vn 0.344935 0.850059 -0.39802
vn 0.600172 0.64577 -0.471989
vn -0.00781383 0.98816 -0.153229
vn -0.429137 -0.673829 0.601494
vn -0.466372 0.197948 0.862156
vn 0.81052 0.271363 -0.519057
vn -0.533993 -0.726057 0.433236
vn -0.412505 -0.856348 0.310657
vn -0.86097 0.15524 0.484387
vn -0.621461 0.740753 0.255091
vn 0.52192 0.760248 -0.38681
vn -0.084247 0.993362 -0.0783227
vn 0.441238 0.671759 -0.59502
vn 0.4964 0.161907 -0.852862
vn 0.192054 -0.981104 0.0234576
vn 0.675517 0.61251 -0.410497
vn -0.865693 0.313007 0.390644
vn -0.686256 -0.611262 0.394223
vn 0.725485 -0.619155 -0.30053
vn 0.324626 0.914952 -0.239753
vn -0.383042 0.918114 0.101716
vn -0.0386599 -0.993806 0.104188
vn -0.516406 -0.637854 0.571373
vn -0.494132 0.226609 0.839334
vn -0.867291 -0.268471 0.419201
vn -0.194219 -0.922667 -0.333114
vn -0.85687 0.364545 0.364528
vn 0.441088 -0.255507 -0.860324
vn 0.492652 -0.0604527 -0.868124
vn -0.463773 0.885945 -0.00403772
vn 0.52125 0.119461 -0.845002
vn -0.405874 -0.857165 0.317071
vn -0.541701 -0.568367 0.61929
vn -0.0986418 0.905568 0.412573
vn 0.289121 0.952779 -0.0928514
vn -0.196212 0.975829 -0.0962246
vn -0.340085 -0.934217 0.107616
vn 0.816166 -0.225162 -0.532142
vn 0.506831 0.805409 -0.307308
vn -0.222138 -0.97099 0.0885053
vn -0.0808777 -0.996675 0.00992578
vn 0.113327 -0.985432 -0.126814
vn -0.0926747 -0.985855 -0.139645
vn -0.311767 -0.935478 0.16638
vn 0.571688 -0.323154 -0.754152
vn 0.543568 0.652837 -0.527578
vn 0.483729 -0.392532 -0.782256
vn 0.609211 0.313399 -0.728453
vn -0.53939 0.265286 0.799176
vn -0.624419 -0.233277 0.745442
vn 0.234274 -0.78374 -0.575211
vn -0.359144 -0.921628 0.147031
vn 0.158027 0.980041 0.120611
vn 0.562861 -0.217856 -0.797324
vn 0.611082 0.526507 -0.591075
vn -0.608894 0.158359 0.777284
vn -0.187186 -0.972083 -0.141478
vn -0.453094 -0.872416 0.183294
vn -0.680446 -0.13607 0.720054
vn -0.428667 -0.883468 0.18902
vn -0.282644 0.755435 0.591126
vn 0.455727 0.857891 -0.237351
vn 0.442632 -0.539696 -0.716104
vn 0.657079 0.475247 -0.585139
vn 0.207748 -0.823074 -0.528573
vn 0.645702 -0.0362727 -0.762727
vn -0.714383 -0.114074 0.690394
vn 0.0780172 0.963554 0.255886
vn 0.53367 -0.436316 -0.724447
vn 0.707653 0.155408 -0.689257
vn -0.726997 -0.330571 0.601829
vn -0.531311 -0.811706 0.242574
vn 0.571189 0.750656 -0.332051
vn -0.0747212 -0.95994 -0.27006
vn 0.340816 -0.731145 -0.590993
vn 0.637981 -0.295272 -0.711192
vn 0.726265 0.435013 -0.532262
vn -0.745104 -0.466891 0.47627
vn -0.165355 -0.96673 -0.195168
vn -0.155313 0.886764 0.435348
vn 0.509817 -0.562557 -0.650858
vn 0.254184 -0.82242 -0.508937
vn 0.382132 0.923764 -0.0252142
vn -0.897034 -0.0810271 0.434471
vn -0.902141 -0.0983465 0.420082
vn -0.642864 0.548204 -0.534975
vn 0.542085 -0.599638 -0.588709
vn -0.642864 0.548204 -0.534975
vn 0.775627 0.394784 -0.492493
vn 0.397277 -0.69572 -0.598452
vn -0.895179 -0.20581 0.395343
vn 0.729442 0.662073 -0.171973
vn -0.250941 -0.94482 -0.210579
vn -0.890006 -0.300706 0.342731
vn -0.0312204 -0.949773 -0.311378
vn -0.882015 0.0683177 0.466243
vn -0.32271 0.839986 0.436213
vn -0.677889 -0.727761 0.104067
vn -0.200278 0.89697 0.394124
vn -0.590267 -0.804237 -0.0691949
vn -0.585915 -0.808508 -0.0549352
vn 0.664513 -0.356005 -0.657026
vn -0.47403 0.680701 0.558517
vn -0.079746 -0.958406 -0.27404
vn -0.595396 -0.793063 0.128667
vn -0.598726 -0.779248 0.185201
vn -0.048269 0.938886 0.340827
vn -0.276732 -0.944109 -0.1791
vn -0.899173 0.0298053 0.436578
vn -0.443524 0.773567 0.452637
vn -0.0632 -0.957615 -0.281033
vn -0.787751 -0.379232 -0.485418
vn -0.787751 -0.379232 -0.485418
vn -0.787751 -0.379232 -0.485418
vn -0.856759 -0.503959 0.109496
vn -0.751291 0.466172 -0.467168
vn 0.103511 -0.869795 0.482433
vn 0.813449 -0.455629 0.361529
vn 0.335784 0.811062 -0.478986
vn 0.981052 0.192925 0.0178105
vn 0.519233 -0.748017 0.413361
vn -0.934579 -0.355071 0.0220456
vn -0.471944 0.731516 -0.492091
vn -0.746389 -0.639562 0.184021
vn -0.616655 -0.734424 0.283474
vn -0.731344 0.558709 -0.391128
vn -0.493301 -0.815913 0.301562
vn -0.00822592 0.901886 -0.431896
vn 0.46408 0.839381 -0.282965
vn 0.568612 0.759781 -0.315298
vn -0.986051 -0.166159 -0.0097372
vn -0.614165 -0.773256 0.157724
vn -0.84196 0.493203 -0.218757
vn -0.644615 -0.735222 0.209572
vn -0.324155 -0.925991 0.193557
vn -0.266129 0.898444 -0.349247
vn 0.180655 -0.921085 0.344915
vn 0.910804 -0.392914 0.126708
vn 0.613848 0.761668 -0.207492
vn 0.992093 0.11444 0.0515281
vn -0.455276 -0.879842 0.13639
vn 0.537767 -0.83448 0.120206
vn -0.49462 -0.846984 0.194856
vn 0.217876 -0.962596 0.161058
vn -0.385731 0.898955 -0.207584
vn -0.81209 0.568245 -0.132693
vn 0.989716 -0.142413 0.0134769
vn -0.996907 0.0762504 -0.0190099
vn -0.945051 -0.320741 0.0632751
vn -0.927285 0.369842 -0.0579662
vn 0.932984 -0.358915 0.0268589
vn 0.988431 0.140922 -0.0560904
vn -0.777618 -0.595683 0.201177
vn -0.746726 0.632086 -0.207044
vn -0.458228 0.86163 -0.218219
vn -0.765172 0.591743 -0.253676
vn 0.171717 -0.929192 0.327286
vn -0.0901646 0.96178 -0.258551
vn -0.142704 0.912844 -0.38256
vn 0.718975 -0.667058 0.195211
vn 0.995631 -0.093259 0.00457126
vn 0.654549 0.720698 -0.228384
vn -0.88286 -0.41383 0.222043
vn -0.759256 -0.536305 0.368656
vn -0.573843 -0.752553 0.32306
vn -0.0891902 -0.848707 0.521289
vn 0.994787 0.0910379 -0.0459446
vn 0.665598 -0.642946 0.378946
vn 0.888413 -0.402974 0.21985
vn -0.997302 0.0635662 -0.0367259
vn -0.735479 0.565088 -0.373825
vn -0.248091 0.794034 -0.554942
vn 0.998305 0.0572468 -0.0104345
vn -0.945977 -0.26414 0.188035
vn -0.853134 0.392472 -0.343697
vn -0.524945 0.650969 -0.548336
vn -0.821613 0.38393 -0.421368
vn -0.358252 -0.683002 0.636525
vn 0.0991997 -0.811869 0.575351
vn 0.776918 -0.429191 0.460645
vn 0.543327 0.619015 -0.567111
vn -0.586167 0.536344 -0.607242
vn -0.799918 -0.436123 0.412222
vn -0.8337 0.319212 -0.450609
vn -0.974044 0.0990236 -0.203552
vn 0.846739 -0.311193 0.4315
vn -0.536334 0.276727 -0.797351
vn -0.617689 -0.640127 0.456835
vn -0.0452979 -0.633989 0.772014
vn 0.915682 -0.276246 0.291917
vn 0.89154 -0.370978 0.259867
vn -0.362623 -0.48785 -0.794044
vn 0.499338 -0.573604 -0.649338
vn -0.348489 0.405748 -0.84494
vn 0.34098 0.53828 -0.770706
vn 0.544612 0.829383 -0.124586
vn 0.742716 -0.130056 -0.656855
vn 0.842598 0.180712 -0.507319
vn 0.818387 0.263662 -0.510613
vn 0.617661 -0.762145 0.193985
vn -0.762744 -0.621551 0.178593
vn -0.814563 -0.530945 0.233631
vn -0.363296 -0.925929 -0.103306
vn 0.726615 0.664933 -0.172902
vn -0.532912 0.721737 0.441701
vn -0.54176 -0.840533 -0.000100842
vn -0.178455 0.926242 0.332009
vn -0.157643 0.928982 0.334875
vn -0.901099 -0.283285 0.328285
vn 0.169629 0.962303 0.212602
vn 0.745757 -0.445415 -0.495432
vn 0.205152 0.968969 0.137879
vn 0.469674 -0.429795 -0.771157
vn 0.856561 -0.370563 0.359148
vn 0.847447 0.108752 -0.519622
vn 0.790353 0.511609 -0.337043
vn 0.775565 -0.276651 -0.567418
vn -0.548359 0.648568 0.527885
vn -0.676022 -0.715445 0.176445
vn -0.54933 0.633471 0.544931
vn -0.969812 -0.0990021 0.222853
vn -0.497619 0.775823 -0.387909
vn -0.442738 -0.894039 -0.0683831
vn 0.537524 -0.716339 -0.444889
vn 0.231471 0.963963 0.131139
vn 0.738136 0.645493 -0.196198
vn -0.581557 -0.810827 0.0659653
vn -0.912497 -0.0951342 0.397869
vn 0.00963467 -0.969629 -0.244393
vn 0.204745 -0.888377 -0.410932
vn 0.318894 0.942858 0.0965669
vn -0.926858 -0.372709 0.0449641
vn -0.705957 -0.707581 0.0308844
vn -0.808848 -0.486388 -0.330442
vn -0.362758 -0.931549 0.0249576
vn -0.602302 -0.554316 -0.574427
vn -0.492042 -0.78969 -0.366449
vn -0.257999 -0.742026 -0.618736
vn -0.762858 -0.461663 0.452676
vn -0.501727 -0.760394 0.412397
vn -0.422339 -0.464408 0.778431
vn -0.160199 -0.926872 0.339476
vn -0.162996 -0.728197 0.665704
vn -0.728989 -0.408769 -0.549075
vn -0.981378 -0.0818923 -0.173754
vn -0.95145 0.28584 0.114187
vn -0.826159 -0.314506 -0.467491
vn -0.974413 0.175464 -0.140467
vn -0.941807 0.00431356 0.336127
vn -0.693767 0.517025 0.501371
vn -0.662503 0.00166449 0.749058
vn -0.21505 -0.0890596 0.972534
vn -0.352666 0.386948 0.851997
vn -0.840333 0.519593 0.15448
vn -0.919682 -0.300569 0.252671
vn -0.470454 0.596029 -0.650709
vn -0.525122 -0.812889 -0.25191
vn -0.552954 -0.733965 0.394383
vn -0.34258 0.439141 -0.830538
vn -0.372867 0.756913 -0.536705
vn 0.791216 -0.30995 -0.527169
vn -0.977105 0.124978 0.172183
vn -0.922113 0.376759 0.0880895
vn -0.62171 -0.6897 0.371203
vn -0.913543 0.392363 0.107191
vn 0.746833 -0.665011 0.000698957
vn 0.806611 0.427985 -0.407685
vn -0.62344 -0.729017 0.282588
vn 0.057426 -0.98984 0.13007
vn -0.16183 0.969587 -0.183607
vn 0.103511 0.962144 -0.252121
vn -0.956978 0.178654 0.22864
vn -0.0135252 0.985113 -0.171377
vn -0.652473 0.625246 0.428189
vn -0.885845 -0.0280398 0.463133
vn -0.657127 -0.746122 0.107177
vn -0.459376 -0.887794 -0.0282107
vn -0.83424 0.209111 0.510212
vn 0.651904 0.7437 -0.148092
vn -0.107225 -0.933059 -0.343373
vn 0.286697 -0.904806 -0.314851
vn 0.0882853 -0.995076 0.0450483
vn 0.154047 -0.804049 -0.57426
vn 0.579529 -0.731604 -0.359028
vn 0.58923 -0.805513 0.0629035
vn 0.906095 -0.415867 0.0777583
vn 0.243296 -0.837806 0.488762
vn 0.146779 -0.488236 0.86028
vn 0.693706 -0.483446 0.533903
vn -0.47992 -0.606072 -0.634314
vn -0.0639018 -0.766866 -0.638618
vn 0.388881 -0.768438 -0.508208
vn -0.107426 0.687839 0.717869
vn 0.17929 -0.091234 0.979557
vn 0.155034 0.330831 0.930868
vn 0.578403 -0.0149857 0.815613
vn 0.466068 0.509071 0.723621
vn 0.864254 0.0867301 0.495523
vn -0.91332 -0.139345 -0.382662
vn -0.708424 -0.45662 -0.538175
vn -0.28797 -0.746723 -0.599565
vn -0.393363 0.763033 0.51288
vn 0.194924 0.741199 0.642362
vn 0.661579 0.483475 0.573206
vn -0.566501 -0.625973 -0.535943
vn -0.960298 0.215475 -0.177198
vn -0.871939 -0.237479 -0.428165
vn -0.533083 0.764655 0.362113
vn -0.766339 0.62708 0.139628
vn -0.0966933 0.836561 0.539274
vn -0.780878 0.623218 0.0427704
vn -0.265315 -0.959695 0.0926993
vn -0.482222 -0.871639 0.0877901
vn 0.757675 0.566803 -0.323516
vn -0.943882 0.207933 0.256615
vn 0.641103 0.723331 -0.256475
vn -0.720919 0.68193 0.123482
vn 0.847023 -0.467323 -0.253301
vn -0.465168 -0.873507 0.143541
vn -0.516517 0.843282 0.148614
vn 0.0630564 0.997193 -0.0403647
vn -0.876343 0.385082 0.28937
vn -0.924561 -0.265863 0.272952
vn -0.510843 0.830046 0.223746
vn -0.210271 0.97186 0.106183
vn 0.753763 -0.595378 -0.27815
vn -0.916629 0.225328 0.330178
vn -0.429028 -0.90321 0.0121412
vn 0.853244 -0.254276 -0.455322
vn -0.921809 -0.159563 0.353282
vn -0.63819 -0.757944 0.135036
vn 0.504231 -0.769145 -0.392641
vn 0.715996 0.668219 -0.202073
vn -0.648395 0.663805 0.372756
vn 0.730065 0.652155 -0.204202
vn 0.395345 -0.801833 -0.44807
vn 0.877578 0.219992 -0.425981
vn 0.534546 -0.67319 -0.510956
vn 0.328268 0.938193 0.109697
vn 0.70775 0.688178 -0.159693
vn 0.100475 0.966495 0.236206
vn 0.0370634 -0.849956 -0.525548
vn 0.701918 -0.688356 -0.182967
vn 0.792352 -0.579435 -0.190878
vn 0.961458 -0.026934 0.273629
vn 0.328729 -0.897776 -0.293148
vn -0.183073 -0.829909 -0.527006
vn 0.847702 0.288343 0.445264
vn 0.946099 -0.296202 0.130997
vn -0.425565 -0.795975 -0.430486
vn -0.94985 0.173336 -0.260269
vn -0.745877 -0.480084 -0.461722
vn -0.308644 -0.818779 -0.484086
vn -0.282887 0.876998 0.388394
vn 0.404609 0.722601 0.560482
vn -0.904703 0.362927 -0.223152
vn -0.899228 -0.197722 -0.390249
vn -0.674511 0.738117 0.0147632
vn -0.203148 0.943382 0.262224
vn -0.397057 0.883248 0.249436
vn 0.161312 0.879871 0.446995
vn -0.284496 -0.958585 -0.0133217
vn 0.604855 -0.741782 -0.289672
vn -0.705712 -0.695296 0.136141
vn 0.120639 -0.974712 -0.188103
vn -0.652895 -0.751946 0.091135
vn 0.269465 -0.93419 -0.233833
vn 0.947384 0.0175008 -0.31962
vn -0.951198 -0.0322795 0.306888
vn -0.759425 0.546289 0.35333
vn -0.499797 -0.866033 0.0137535
vn 0.813111 -0.451378 -0.367571
vn -0.245082 0.935816 0.253345
vn -0.95027 -0.00259221 0.311417
vn 0.692175 0.697978 -0.183633
vn 0.855947 -0.394815 -0.33388
vn -0.289426 0.934205 0.208552
vn -0.845499 0.415756 0.335081
vn 0.688067 0.715395 -0.121548
vn 0.182309 -0.94413 -0.274557
vn 0.863876 -0.273506 -0.422981
vn 0.400262 0.916038 -0.0257912
vn -0.0472345 -0.962701 -0.266414
vn 0.813805 -0.298786 -0.498446
vn 0.876187 0.360974 -0.319366
vn -0.531644 -0.846955 -0.00468078
vn -0.914236 -0.0949319 0.393905
vn -0.820713 -0.528234 0.217714
vn -0.666664 0.574214 0.475223
vn 0.190347 0.963469 0.188404
vn -0.0976561 -0.947271 -0.30519
vn 0.149305 -0.945778 -0.288466
vn -0.152839 -0.910452 -0.38434
vn 0.496838 -0.859594 -0.119372
vn 0.840547 -0.537268 0.0694481
vn -0.782151 -0.481678 -0.395256
vn -0.326313 -0.89203 -0.312734
vn -0.55277 -0.721919 -0.416266
vn 0.271309 0.884127 0.380408
vn 0.912227 0.162277 0.376175
vn 0.624905 0.618759 0.476058
vn -0.921616 0.233621 -0.309911
vn -0.658519 0.749119 -0.0719252
vn -0.204557 0.962164 0.17999
vn -0.438508 -0.897271 -0.051147
vn 0.830244 0.527388 -0.180432
vn 0.225185 -0.932524 -0.282294
vn 0.617183 -0.70725 -0.344792
vn -0.932508 0.00860249 0.361047
vn -0.624085 -0.767303 0.147523
vn 0.812948 0.516711 -0.268563
vn 0.437656 0.896501 -0.0688744
vn 0.519705 -0.728954 -0.445571
vn 0.890171 -0.138213 -0.434157
vn -0.913006 -0.289868 0.287048
vn -0.843019 0.324691 0.42883
vn -0.426205 0.81345 0.395788
vn 0.51209 0.858849 0.0118757
vn -0.582378 -0.746219 -0.32248
vn -0.0450559 -0.985882 -0.161264
vn 0.480842 -0.875752 0.0429979
vn 0.177397 -0.976447 -0.122808
vn 0.560225 -0.828337 -0.002404
vn 0.93689 0.00459221 0.349595
vn 0.690862 0.592554 0.414234
vn -0.888202 -0.260252 -0.378637
vn -0.931964 0.0625073 -0.357121
vn -0.779056 0.57444 -0.251176
vn -0.589038 0.799666 -0.116486
vn -0.186409 0.977294 0.100741
vn 0.315355 0.898061 0.306655
vn -0.929491 0.167151 0.328797
vn -0.832185 -0.53082 0.160303
vn -0.700508 0.622378 0.349192
vn -0.735767 0.581832 0.346582
vn -0.164615 -0.975992 -0.142627
vn -0.369128 0.884826 0.284304
vn 0.503482 -0.800536 -0.325036
vn 0.947369 -0.0057014 -0.320094
vn -0.920245 0.216988 0.325677
vn -0.645821 0.691667 0.323284
vn 0.0657049 0.986214 0.151872
vn -0.955847 -0.102568 0.275383
vn -0.838347 0.446166 0.313225
vn -0.597603 0.747863 0.289089
vn -0.418981 -0.90727 0.0362703
vn 0.786755 -0.511152 -0.346035
vn -0.930882 0.14169 0.336725
vn 0.509745 -0.812076 -0.284064
vn -0.942732 -0.170686 0.28657
vn -0.802786 0.51934 0.292952
vn -0.659252 -0.749938 0.0545911
vn -0.242792 -0.955467 -0.167732
vn 0.210973 -0.91809 -0.33556
vn 0.0450887 0.969137 0.242363
vn 0.848112 0.481766 -0.220473
vn -0.158225 0.940913 0.299412
vn -0.251742 -0.950332 -0.183019
vn 0.123928 -0.992065 -0.021192
vn -0.704254 -0.640337 -0.306584
vn -0.468261 0.872087 -0.142116
vn -0.152245 0.987939 0.028246
vn 0.290522 0.931094 0.22059
vn 0.711725 0.603102 0.36016
vn 0.818708 -0.508345 0.267025
vn 0.924131 0.104025 0.367641
vn 0.240051 -0.947327 -0.212005
vn -0.440561 -0.89769 0.00761964
vn 0.230738 -0.964743 -0.12661
vn -0.566121 -0.813891 0.130724
vn -0.111163 -0.992808 -0.0444323
vn 0.274215 -0.955174 -0.111571
vn -0.54823 0.792265 0.267882
vn -0.407033 0.877701 0.252913
vn 0.839617 -0.428042 -0.334399
vn 0.187218 0.98004 0.0668649
vn -0.834634 -0.516059 0.192534
vn -0.669302 0.687993 0.280535
vn 0.237551 0.971132 0.0217406
vn -0.939178 0.194026 0.283371
vn -0.78408 0.58 0.22095
vn -0.597036 0.773375 0.213165
vn -0.010736 0.998523 0.0532501
vn -0.484145 0.864187 0.137059
vn 0.959407 0.0207873 -0.281257
vn 0.546902 0.829021 -0.116715
vn 0.230908 0.970986 -0.0621949
vn -0.890012 0.390554 0.235257
vn -0.916396 -0.308218 0.255383
vn -0.968509 0.0884049 0.232755
vn -0.387582 0.900164 0.198708
vn 0.88677 -0.325565 -0.328095
vn -0.821546 -0.554125 0.134194
vn -0.45009 -0.889611 -0.0775372
vn 0.707627 -0.560151 -0.430692
vn 0.915081 -0.102708 -0.389973
vn 0.935664 0.168961 -0.309815
vn -0.934083 0.0789461 0.348218
vn -0.67671 0.618169 0.399913
vn 0.0505414 -0.998548 0.0186283
vn -0.0858427 -0.994527 -0.0595557
vn -0.835028 -0.45988 -0.302057
vn -0.935454 0.0525771 -0.349515
vn -0.780976 0.550499 -0.295003
vn -0.389231 0.90681 -0.161846
vn -0.0163296 0.999777 0.0134117
vn 0.453895 0.872965 0.178638
vn 0.809561 -0.497888 0.310995
vn 0.265411 0.951865 0.15333
vn 0.65748 0.692419 0.297113
vn 0.616043 -0.765565 -0.185476
vn 0.175024 -0.984543 -0.00647848
vn 0.589412 -0.802425 -0.0933102
vn -0.450678 -0.873486 0.184151
vn 0.167293 -0.981701 0.0909738
vn 0.772539 0.60045 -0.206504
vn 0.882282 -0.417747 -0.216945
vn -0.333983 0.942577 0.00206889
vn 0.745262 0.623779 -0.235552
vn 0.953343 0.165339 -0.252585
vn 0.79019 -0.605896 -0.0921384
vn -0.929189 -0.266299 0.256305
vn -0.972608 0.150705 0.176982
vn -0.933406 0.345662 0.0962817
vn -0.360925 -0.890885 0.275785
vn -0.0640838 0.982366 -0.175645
vn -0.537713 0.834498 -0.120324
vn 0.356882 -0.92222 0.148811
vn 0.975742 0.00254508 -0.218909
vn 0.853171 0.430854 -0.294048
vn 0.815914 -0.578096 -0.00950418
vn -0.66942 -0.653257 0.35374
vn -0.986224 0.04886 0.158038
vn -0.0772072 -0.940874 0.32984
vn 0.499069 0.797391 -0.339261
vn 0.950019 0.191607 -0.246477
vn -0.839058 -0.427583 0.336385
vn -0.223876 -0.8719 0.435511
vn 0.492675 -0.835477 0.243413
vn -0.669501 0.683687 -0.290413
vn -0.829716 0.553688 -0.0707099
vn -0.0334597 0.884135 -0.466031
vn -0.0621267 0.91626 -0.395737
vn -0.31147 -0.80764 0.500703
vn -0.321154 0.837124 -0.442813
vn -0.978274 0.20495 -0.031242
vn -0.719203 -0.685217 0.114998
vn 0.430339 0.899457 -0.0760651
vn 0.862338 0.432585 -0.263141
vn -0.897079 0.344504 0.276704
vn 0.943154 0.169839 -0.285684
vn 0.81768 0.538609 -0.203223
vn 0.0918744 0.994466 0.0509506
vn -0.477532 0.854577 0.204111
vn -0.953419 -0.17501 0.24569
vn -0.799796 -0.593495 0.0899453
vn 0.538173 -0.752142 -0.380331
vn -0.841975 0.399141 0.362993
vn 0.0929824 0.974172 0.205776
vn 0.867829 0.459017 -0.190201
vn 0.49113 0.869809 0.0471485
vn 0.914604 -0.177652 -0.363236
vn -0.47226 0.810519 0.346453
vn -0.326673 -0.93928 -0.105061
vn 0.127531 0.991578 0.0225461
vn 0.790098 0.531369 0.305601
vn 0.967469 -0.238133 -0.0854187
vn 0.374086 0.786563 -0.491303
vn 0.763112 -0.617614 0.190299
vn 0.981171 -0.186925 -0.0486031
vn 0.860905 0.387788 -0.329338
vn 0.340411 -0.844042 0.414383
vn 0.837226 -0.507469 0.203786
vn 0.993117 0.0131056 -0.11639
vn 0.541814 -0.744446 0.390176
vn 0.610195 -0.707006 0.357498
vn 0.978392 -0.201407 0.0467327
vn 0.0369865 -0.86695 0.49702
vn -0.189297 0.861449 -0.471246
vn 0.848316 0.435231 -0.301553
vn -0.818566 0.539421 -0.197418
vn -0.349813 -0.856215 0.380167
vn 0.400462 0.803622 -0.440251
vn 0.998593 0.0233586 -0.0476076
vn 0.929343 -0.346775 0.12676
vn -0.224215 -0.91511 0.335115
vn 0.243541 0.897934 -0.36661
vn 0.752459 0.604542 -0.26141
vn -0.59246 -0.805495 -0.013007
vn 0.846629 -0.305095 -0.436047
vn -0.834649 0.516063 -0.192457
vn 0.86802 -0.124144 -0.480759
vn 0.0538748 0.916521 -0.396342
vn 0.424488 0.855198 -0.297398
vn 0.878659 -0.285642 -0.38258
vn 0.400458 0.869672 -0.288625
vn -0.699723 -0.714367 0.00816743
vn -0.610024 -0.776837 0.156189
vn 0.474919 0.824902 -0.306576
vn -0.528386 -0.84287 0.101876
vn -0.0695746 -0.992424 -0.101267
vn 0.273453 -0.961884 0.00177129
vn 0.957789 0.07959 -0.276234
vn 0.573564 0.813161 -0.0989603
vn 0.426647 0.904065 -0.0252603
vn -0.50181 -0.862204 -0.0692179
vn -0.731106 -0.681496 0.0323578
vn 0.0279025 -0.967346 -0.25192
vn -0.944524 0.143473 0.295449
vn -0.916893 -0.363726 0.16435
vn 0.855043 -0.368148 -0.365196
vn 0.905686 0.373789 -0.200037
vn -0.668877 0.658119 0.345664
vn 0.587342 0.809169 0.0166108
vn -0.295946 0.907997 0.296576
vn -0.3179 0.938302 -0.13612
vn 0.652741 0.725154 0.219276
vn 0.92278 0.177467 0.342027
vn -0.50903 -0.860749 0.00083006
vn -0.961897 -0.174124 0.210798
vn 0.875826 0.441642 -0.194631
vn -0.137396 0.981136 0.135996
vn 0.390269 -0.895281 -0.214853
vn 0.711556 -0.6495 -0.268027
vn 0.965441 0.079897 -0.248072
vn -0.555767 0.797525 0.234685
vn 0.788635 -0.508679 -0.3454
vn -0.969633 -0.114823 0.215934
vn 0.956335 -0.0202477 -0.291572
vn 0.520394 -0.779829 -0.347932
vn 0.847132 0.518205 -0.117604
vn -0.437883 -0.888031 -0.140215
vn -0.905889 -0.296128 -0.302776
vn -0.126298 -0.991796 -0.0197402
vn 0.612331 -0.754523 0.236107
vn -0.540795 0.820178 -0.18668
vn -0.621331 0.74945 -0.228632
vn 0.318292 0.944623 0.0798594
vn 0.946308 -0.000674529 0.323265
vn 0.886048 -0.323614 0.331954
vn 0.878932 0.368807 0.302425
vn 0.302416 -0.927983 -0.217698
vn 0.702101 -0.654246 -0.281097
vn -0.417462 0.875183 0.2445
vn -0.932391 0.230955 0.278041
vn 0.72738 0.678173 -0.104878
vn 0.269377 0.961868 0.0473937
vn 0.956352 0.186404 -0.225042
vn -0.100685 0.981696 0.161665
vn -0.806656 0.52196 0.277244
vn 0.41466 0.909391 0.0326266
vn -0.704464 -0.709709 0.00655741
vn -0.17432 -0.96589 -0.191492
vn 0.965208 0.0123208 -0.261194
vn -0.847468 0.424479 0.318772
vn -0.505176 0.800921 0.321437
vn -0.0551791 0.967198 0.247957
vn -0.483465 -0.85505 -0.187485
vn -0.780266 -0.573886 -0.248675
vn 0.344509 -0.933152 0.102665
vn 0.817451 -0.509009 0.269601
vn -0.792561 0.590001 -0.154096
vn -0.956168 -0.0483613 -0.288797
vn -0.730362 0.653867 -0.197559
vn -0.324054 0.941048 -0.0970497
vn 0.767681 0.592348 0.244521
vn 0.574979 -0.764595 -0.291192
vn -0.777768 -0.62399 0.0755872
vn -0.147823 -0.977622 -0.149676
vn -0.0279848 0.981606 0.188856
vn 0.907143 -0.302013 -0.293052
vn 0.944332 0.264722 -0.195342
vn 0.792908 0.600621 -0.102715
vn -0.617204 0.728422 0.297425
vn 0.473256 0.879713 0.0461969
vn -0.840666 -0.538355 0.0587804
vn 0.291929 -0.907776 -0.301198
vn 0.825915 -0.462589 -0.322298
vn 0.970278 0.028799 -0.240275
vn 0.466484 0.879598 0.09327
vn 0.849692 0.518813 -0.0941074
vn 0.0461936 -0.997882 -0.0458025
vn 0.510221 -0.855438 0.0888831
vn 0.77006 -0.604201 0.204813
vn -0.885183 0.444259 -0.138149
vn -0.822848 -0.506882 -0.256888
vn -0.970138 0.0701996 -0.232171
vn -0.626977 -0.743144 -0.233744
vn -0.289264 0.957243 0.0034755
vn 0.95708 -0.0676006 0.281828
vn -0.65994 -0.750186 -0.0412274
vn -0.977289 -0.00675575 0.211803
vn 0.958334 -0.129259 -0.25473
vn 0.777008 0.629164 -0.0202695
vn 0.126209 0.967957 0.217096
vn -0.803923 0.507701 0.309753
vn -0.364652 0.880484 0.302946
vn 0.945364 0.287319 -0.15406
vn -0.0829375 -0.987926 -0.130857
vn 0.51244 -0.858324 0.0261942
vn -0.946961 -0.235946 -0.21816
vn -0.268261 -0.9409 -0.206743
vn 0.243558 -0.965237 -0.0948489
vn 0.893472 -0.425436 0.143916
vn 0.935912 0.245429 0.252652
vn 0.238774 0.959369 0.150327
vn 0.875603 -0.444386 0.189315
vn -0.940415 0.325882 -0.0970577
vn -0.627449 0.777686 0.0388893
vn -0.971225 0.164921 -0.171823
vn -0.813636 0.577685 -0.0653882
vn -0.497846 0.866175 0.0434733
vn -0.0862478 0.985298 0.147476
vn -0.483474 0.875276 0.012014
vn 0.117252 0.980809 0.155772
vn -0.426519 -0.901954 -0.0675315
vn -0.777882 -0.622635 0.0850028
vn 0.00730658 -0.986754 -0.162058
vn -0.477342 -0.878613 -0.0135833
vn -0.977084 -0.00883379 0.21267
vn 0.0976946 -0.970967 -0.218357
vn -0.388879 0.885179 0.255406
vn -0.953928 -0.225148 0.198317
vn -0.884261 0.370564 0.284192
vn -0.413346 0.884513 0.21629
vn -0.770446 0.590949 0.239149
vn 0.217461 0.968188 0.123786
vn -0.34181 -0.900486 -0.268869
vn -0.931954 -0.35303 -0.0826505
vn -0.675784 -0.7247 -0.134632
vn -0.817124 -0.575204 -0.0380553
vn -0.990975 -0.0157958 0.133114
vn -0.794872 -0.606683 -0.0107055
vn -0.180777 0.942991 0.279442
vn -0.78245 0.553021 0.286253
vn 0.8421 -0.449996 -0.297273
vn 0.97469 0.144102 -0.170922
vn 0.81284 0.582407 -0.00967627
vn 0.501396 0.858022 0.111353
vn 0.189704 -0.970685 -0.14759
vn 0.693364 -0.720476 0.0126725
vn -0.248109 -0.935239 -0.252527
vn 0.197728 -0.96075 -0.194586
vn -0.901501 -0.379742 -0.207584
vn -0.596142 -0.764316 -0.245838
vn -0.203497 -0.952202 -0.227818
vn 0.534001 -0.841301 -0.0839944
vn -0.259263 0.954715 0.145954
vn 0.317855 0.919458 0.231442
vn 0.830468 0.503769 0.237781
vn 0.980029 -0.110587 0.165266
vn 0.548962 0.802224 0.234688
vn -0.676956 -0.698434 -0.232207
vn -0.979081 -0.154976 -0.131846
vn -0.0173877 0.975478 0.219411
vn -0.984042 0.144489 -0.103851
vn -0.786914 0.616609 0.0236716
vn -0.460855 0.879648 0.117606
vn -0.995972 0.0793966 -0.0416774
vn -0.933742 -0.330125 -0.138362
vn -0.973232 0.226759 -0.0374274
vn -0.676999 0.729546 0.0971315
vn -0.909016 -0.402229 -0.109093
vn -0.861805 -0.480814 -0.161582
vn -0.997086 -0.0594562 -0.0477903
vn -0.974672 0.223175 0.0144089
vn 0.475619 -0.838707 -0.265249
vn 0.778906 -0.570677 -0.260064
vn -0.0430213 -0.994734 -0.0930288
vn 0.435451 -0.877563 -0.200664
vn 0.954929 -0.186191 -0.231179
vn -0.798862 -0.589058 0.121776
vn -0.389216 -0.921086 0.0105453
vn 0.386428 -0.913226 -0.129196
vn -0.907623 0.37961 0.179211
vn -0.458503 -0.885824 0.0713535
vn -0.958814 -0.223442 0.175357
vn -0.76345 -0.630804 0.138672
vn -0.974304 -0.172679 0.144612
vn -0.976177 -0.216561 -0.0133955
vn -0.999981 0.0035399 0.00507888
vn 0.794646 -0.527019 -0.301312
vn 0.78537 0.613015 -0.0860619
vn 0.953902 -0.141847 -0.264481
vn -0.034827 0.987219 0.155519
vn 0.964165 0.170005 -0.203675
vn 0.480435 0.876899 -0.0151519
vn -0.53125 0.825448 0.190811
vn -0.326585 0.932883 0.151894
vn -0.505865 0.852163 0.133862
vn -0.665091 -0.737085 -0.119833
vn -0.255091 -0.940122 -0.226051
vn -0.951834 0.275013 0.13557
vn -0.951251 -0.30609 -0.0378163
vn -0.927791 0.340638 -0.152217
vn -0.77385 -0.633341 -0.00592271
vn 0.116676 -0.991674 0.0544886
vn -0.513625 -0.858012 -0.00225471
vn -0.425957 -0.89996 -0.0929078
vn 0.383012 -0.909024 -0.164244
vn -0.964788 -0.261444 0.0288232
vn -0.898301 0.391742 0.19898
vn -0.662231 0.728233 -0.176429
vn -0.993887 -0.0595654 -0.0929531
vn -0.87279 0.471104 -0.12767
vn -0.492359 0.861251 -0.125813
vn -0.840097 -0.539992 -0.0514432
vn -0.128042 0.989415 -0.0682942
vn -0.989368 -0.0710655 -0.12689
vn -0.760929 -0.604835 -0.234866
vn -0.583005 -0.708668 -0.39736
vn -0.644646 0.758423 -0.0960535
vn -0.210173 0.97591 -0.0585347
vn 0.924378 -0.369509 -0.0948045
vn 0.218289 0.948391 0.230009
vn -0.852689 0.462811 0.242336
vn -0.431889 0.855383 0.285992
vn 0.60046 0.793185 0.101511
vn -0.0631289 0.665821 -0.743436
vn 0.313419 0.929549 0.194184
vn 0.0858213 0.995584 -0.0380409
vn 0.710587 0.699308 0.0776796
vn 0.646164 -0.757513 -0.0929896
vn 0.982373 0.104379 0.155077
vn 0.877838 -0.477714 0.0344846
vn 0.0360991 -0.967347 -0.250872
vn 0.585019 -0.796152 -0.154581
vn 0.934269 -0.356422 0.0102369
vn 0.367135 -0.895015 -0.253299
vn 0.635458 -0.748868 -0.18812
vn 0.916956 -0.395475 -0.0528243
vn 0.317152 0.912431 0.258621
vn 0.949732 0.280095 0.13984
vn 0.68495 0.69038 0.23285
vn -0.535601 -0.812969 -0.228499
vn -0.73979 0.658965 0.135929
vn 0.947672 0.271797 -0.167463
vn 0.831621 -0.520515 -0.193573
vn 0.0212787 -0.999302 -0.0307058
vn -0.131266 -0.989498 0.0605211
vn 0.557209 -0.826726 -0.0777328
vn 0.941469 -0.303392 -0.14693
vn 0.377544 -0.925896 0.013293
vn -0.494199 -0.859489 0.130559
vn 0.0345736 -0.99383 0.105386
vn -0.953111 -0.288994 0.0897867
vn -0.148136 -0.976475 0.15669
vn -0.640747 -0.749047 -0.168439
vn -0.0718658 -0.961774 -0.264248
vn 0.935368 -0.323121 -0.143805
vn 0.777032 -0.600061 -0.190126
vn -0.789743 0.582082 0.193612
vn 0.789 0.58894 0.175011
vn 0.0426846 0.99906 -0.00756803
vn 0.638358 0.761172 -0.114526
vn -0.207016 0.97743 -0.0421322
vn 0.0384061 0.996324 -0.0765738
vn -0.15316 0.976864 -0.149263
vn -0.798928 0.596903 -0.0736241
vn -0.00237765 -0.983449 0.18117
vn -0.724745 -0.683617 0.0860911
vn -0.948539 -0.311688 -0.0558953
vn -0.695727 -0.716185 0.0551616
vn 0.607416 -0.753385 -0.251904
vn 0.895934 -0.399876 -0.193392
vn 0.82079 0.5613 0.106046
vn 0.994659 0.10079 -0.0222334
vn 0.237996 0.938175 0.251368
vn -0.978982 -0.199277 -0.04339
vn -0.589206 0.786178 -0.18644
vn 0.112272 0.978444 -0.173327
vn 0.279374 -0.941699 0.187492
vn -0.122577 -0.987403 0.100055
vn 0.49506 -0.856199 0.14778
vn 0.818267 -0.549479 0.168856
vn 0.54321 -0.833306 0.102589
vn 0.796578 -0.558017 -0.232553
vn 0.973558 -0.170004 -0.152588
vn 0.923597 0.383342 0.00414223
vn 0.631587 0.7615 0.145657
vn 0.99501 0.0719938 -0.0690794
vn 0.166131 0.976787 -0.135232
vn 0.553406 0.830289 -0.0660451
vn -0.262521 0.949351 -0.172671
vn 0.0594908 0.993469 -0.0973698
vn 0.871431 0.488528 0.0441437
vn 0.989639 0.10645 0.0963465
vn 0.457331 0.888937 -0.0252889
vn 0.998934 -0.0359039 -0.0290059
vn 0.999265 -0.0345227 -0.0166862
vn 0.919507 -0.381068 -0.0964057
vn 0.997196 0.0588095 0.0462764
vn 0.842582 -0.534893 -0.0628027
vn 0.990948 0.028365 -0.131212
vn 0.523964 -0.850835 0.0392695
vn 0.996155 -0.0576754 -0.06595
vn 0.82644 -0.562859 0.0136332
vn 0.4353 -0.891939 0.12231
vn 0.939405 0.333164 0.0807474
vn 0.876693 0.462747 -0.131437
vn 0.47329 0.871452 -0.128712
vn 0.921461 -0.384667 0.054236
vn 0.930983 0.357388 -0.0744598
vn 0.58089 -0.795068 0.174452
vn 0.995429 0.0925226 0.0236634
vn 0.917186 -0.376599 0.130165
vn 0.807195 0.588605 -0.0445001
vn 0.99567 0.0255517 0.0893793
vn -0.043921 -0.353154 -0.934534
vn -0.615284 0.732151 -0.292199
vn -0.0326627 0.718283 -0.694984
vn -0.043921 -0.353154 -0.934534
vn 0.264365 0.637062 -0.72406
vn -0.639926 0.761474 -0.103208
vn -0.737399 -0.155911 0.657217
vn 0.4269 -0.664067 -0.613817
vn -0.043921 -0.353154 -0.934534
vn -0.0609467 -0.975072 -0.213353
vn -0.0609467 -0.975072 -0.213353
vn -0.0507667 -0.812205 0.581159
vn -0.695673 -0.362773 0.620028
vn -0.0609467 -0.975072 -0.213353
vn -0.0606793 -0.83001 0.554438
vn -0.700339 -0.156651 0.696409
vn 0.110849 0.714238 -0.691069
vn 0.48759 0.454284 -0.745575
vn -0.753892 0.139778 0.641957
vn 0.630993 0.211001 -0.746543
vn -0.0104776 -0.863101 0.504922
vn -0.163 0.908204 -0.385483
vn -0.288616 -0.672508 0.681494
vn 0.0011344 -0.866485 0.499203
vn 0.0153629 -0.883751 0.467705
vn 0.0694076 0.828173 -0.556158
vn 0.54631 -0.828116 -0.125575
vn 0.607628 -0.739492 -0.289724
vn -0.510384 0.852623 0.111991
vn 0.68389 -0.199915 -0.701662
vn -0.685573 0.337621 0.644983
vn -0.453326 -0.424638 0.783695
vn 0.258575 -0.950573 0.171901
vn 0.624165 -0.641612 -0.445815
vn -0.511099 0.805011 0.301223
vn -0.158265 0.952903 -0.258705
vn -0.369907 -0.514296 0.773736
vn -0.0638841 -0.849327 0.523987
vn -0.248279 0.967716 -0.0433907
vn 0.599829 -0.576011 -0.555353
vn 0.443365 -0.852465 -0.277004
vn -0.576153 0.0344917 0.816614
vn 0.0607066 0.863115 -0.501345
vn -0.215034 0.97427 -0.0675156
vn -0.0894695 -0.851027 0.517443
vn -0.508232 0.299984 0.807286
vn -0.121233 -0.822012 0.556417
vn 0.441929 0.205588 -0.873174
vn -0.235448 0.971882 -0.00322363
vn -0.404607 0.722543 0.560557
vn 0.376533 -0.774152 -0.508834
vn 0.309598 0.515065 -0.799286
vn 0.346367 -0.825428 -0.445755
vn 0.0933951 -0.993729 0.0614831
vn -0.449108 0.0962557 0.888277
vn -0.25929 -0.636347 0.72652
vn 0.0528876 -0.996133 0.0701516
vn 0.387276 0.108033 -0.915612
vn 0.180044 0.796123 -0.577731
vn -0.165432 0.971685 0.168701
vn -0.289275 -0.591409 0.752699
vn 0.148469 0.868501 -0.472931
vn 0.356796 -0.916733 -0.179711
vn -0.197493 -0.9715 0.131086
vn -0.520313 -0.476613 -0.708601
vn 0.568797 -0.675074 -0.469835
vn -0.291705 -0.94267 0.162115
vn -0.120474 -0.98859 0.0904219
vn -0.520313 -0.476613 -0.708601
vn -0.486873 0.568601 -0.66306
vn -0.594783 0.803886 0
vn -0.872924 0.346135 0.343795
vn 0.593747 -0.449084 -0.667673
vn -0.486873 0.568601 -0.66306
vn 0.559506 0.539537 -0.629168
vn -0.379431 0.92522 0
vn 0.624503 0.608983 -0.489015
vn -0.899393 0.262358 0.349657
vn 0.624503 0.608983 -0.489015
vn 0.0742515 -0.997027 0.020578
vn -0.883954 -0.241163 0.400582
vn 0.847314 -0.36286 -0.387802
vn -0.277675 0.959817 0.0406025
vn -0.7345 0.589271 0.336556
vn -0.314586 -0.564072 0.763452
vn -0.08059 -0.969628 0.230926
vn 0.279341 0.691984 -0.665677
vn 0.19449 0.847709 -0.493522
vn -0.232564 0.972203 0.0271121
vn 0.714502 0.581224 -0.389443
vn 0.843858 -0.287659 -0.452942
vn -0.860252 0.152507 0.486527
vn -0.494126 0.849763 0.183691
vn 0.394499 0.844671 -0.361802
vn -0.318371 -0.638639 0.700557
vn -0.421057 -0.152229 0.894169
vn 0.828812 -0.192838 -0.525247
vn 0.349172 0.541833 -0.764523
vn -0.15921 -0.954642 0.251616
vn 0.0816572 -0.954815 -0.285763
vn -0.795624 -0.0560297 0.603195
vn -0.44339 0.0186967 0.896134
vn -0.313791 -0.81923 0.479997
vn 0.233719 0.93628 -0.262213
vn -0.495964 -0.724775 0.478248
vn 0.304496 -0.951667 -0.0401494
vn 0.0578196 -0.93458 -0.351022
vn -0.476021 -0.574941 0.665467
vn 0.806987 -0.442813 -0.390754
vn 0.107363 -0.99096 0.0804458
vn -0.585465 -0.695095 0.41722
vn 0.150862 0.988187 -0.026978
vn 0.898445 -0.102813 -0.42688
vn -0.513904 -0.0444587 0.856695
vn -0.509808 -0.748211 -0.424589
vn -0.717681 -0.412892 -0.560763
vn -0.233615 0.161784 -0.958775
vn 0.227556 -0.756274 -0.613408
vn -0.678217 -0.490118 -0.547546
vn -0.776809 -0.16782 -0.606963
vn -0.233615 0.161784 -0.958775
vn -0.0949067 0.916122 -0.389504
vn -0.233615 0.161784 -0.958775
vn 0.428386 0.736426 -0.523606
vn -0.161626 0.949229 -0.269891
vn 0.379218 0.840038 -0.38798
vn -0.0885435 0.982154 -0.165933
vn 0.478468 0.837983 -0.262399
vn 0.702852 -0.240045 -0.669609
vn 0.646701 0.185721 -0.739787
vn 0.637217 -0.375433 -0.673056
vn 0.610813 0.202009 -0.765571
vn 0.485113 -0.389557 -0.782886
vn -0.209247 0.806272 0.5533
vn -0.578033 -0.712332 0.398072
vn -0.315008 0.743113 0.590384
vn -0.5948 -0.763364 0.251971
vn -0.731743 0.098387 0.674442
vn 0.773181 0.153361 -0.615363
vn -0.642864 0.548204 -0.534975
vn -0.713963 0.608833 0.345802
vn -0.539141 -0.808979 -0.234265
vn -0.470725 0.764979 0.439574
vn 0.207753 -0.745407 -0.633409
vn -0.46076 -0.800425 -0.383433
vn 0.223292 0.697619 -0.680785
vn 0.7586 0.615194 -0.214623
vn 0.223292 0.697619 -0.680785
vn -0.545713 0.720982 0.427063
vn 0.713473 0.673119 -0.194595
vn 0.223292 0.697619 -0.680785
vn -0.426658 -0.880347 -0.207248
vn -0.543941 -0.834972 -0.0833686
vn -0.293873 0.850518 0.436185
vn -0.57558 -0.816916 0.0368247
vn -0.868795 -0.388994 0.306397
vn -0.42195 0.782737 0.457473
vn -0.862513 0.106648 0.494669
vn 0.698868 -0.480739 -0.529598
vn -0.445827 0.760661 0.471841
vn -0.882015 0.0683177 0.466243
vn -0.887899 -0.364258 0.280984
vn 0.68962 0.715202 -0.113624
vn -0.929622 0.0927315 -0.356655
vn -0.362623 -0.48785 -0.794044
vn -0.995631 0.00239763 -0.0933499
vn -0.69408 -0.531477 0.485578
vn -0.823433 -0.070321 0.563039
vn -0.548229 -0.835159 0.044217
vn -0.362623 -0.48785 -0.794044
vn -0.828102 -0.156357 0.53833
vn -0.704041 0.513511 0.490543
vn -0.854398 -0.441982 0.273232
vn 0.685844 -0.52372 -0.505308
vn 0.290417 -0.589109 -0.754061
vn -0.608627 -0.745502 0.271662
vn 0.103511 -0.869795 0.482433
vn 0.469674 -0.429795 -0.771157
vn -0.791046 0.369648 -0.487449
vn 0.309474 0.792593 -0.525379
vn -0.778565 -0.599668 0.185028
vn -0.83114 0.340196 -0.439856
vn -0.130496 -0.867015 0.480891
vn 0.324755 -0.761533 0.560894
vn -0.40567 -0.832444 0.377451
vn 0.161582 0.832149 -0.53049
vn 0.856561 -0.370563 0.359148
vn 0.350368 -0.659195 0.66536
vn 0.436895 -0.725926 0.531182
vn 0.964033 0.26573 -0.00532751
vn 0.948609 0.314479 -0.0352616
vn 0.660068 0.693283 -0.289255
vn 0.988729 0.139997 0.0530703
vn 0.867781 -0.3873 0.311375
vn -0.669255 0.574744 -0.470921
vn -0.9554 0.2258 -0.190332
vn 0.379534 0.823541 -0.421585
vn -0.962648 0.14659 -0.227639
vn -0.956763 -0.287546 -0.0438432
vn -0.965442 0.0893881 -0.24481
vn 0.359687 -0.831343 0.423668
vn -0.990059 0.0875567 -0.110074
vn 0.0762847 -0.94123 0.32904
vn 0.0663685 -0.961876 0.265311
vn 0.619566 -0.75676 0.208451
vn 0.828217 -0.506601 0.239607
vn 0.999192 0.0105151 0.0387838
vn 0.774661 0.599228 -0.202055
vn 0.948277 -0.271933 0.163778
vn 0.214228 -0.965137 0.150389
vn 0.946516 -0.31798 0.0547387
vn 0.453222 0.867203 -0.206275
vn 0.603119 0.780691 -0.163611
vn 0.488196 -0.861702 0.138329
vn 0.653789 0.738036 -0.166923
vn -0.999505 0.0308164 -0.00629825
vn -0.999794 0.0139193 0.0147782
vn -0.168977 0.910313 -0.377859
vn 0.635487 0.748606 -0.189063
vn 0.681472 0.672725 -0.288162
vn 0.994426 0.0923633 -0.0508471
vn -0.983578 0.136644 -0.117909
vn 0.690493 0.663818 -0.287343
vn 0.995363 0.0889193 -0.0366967
vn -0.73476 0.591715 -0.331665
vn -0.151001 0.862056 -0.483796
vn 0.667519 0.625268 -0.404299
vn 0.69767 0.618731 -0.361148
vn -0.937527 0.223337 -0.266764
vn 0.628569 -0.489398 0.604476
vn 0.758998 -0.433063 0.486188
vn 0.997773 -0.000245925 0.0666959
vn 0.998997 0.00522013 0.0444654
vn 0.873216 0.356277 -0.332507
vn 0.376277 0.62967 -0.679655
vn -0.846681 -0.371939 0.380516
vn -0.0731046 -0.961586 -0.26459
vn 0.747287 -0.443312 0.495012
vn 0.108034 -0.922378 -0.370875
vn 0.617661 -0.762145 0.193985
vn 0.499752 -0.674825 -0.543009
vn 0.378907 -0.734837 -0.562534
vn -0.0721475 -0.957572 -0.279017
vn -0.837294 -0.0736165 -0.541775
vn 0 0 -1
vn -0.16544 0.115158 -0.979473
vn 0.515802 0.40662 -0.754061
vn 0.38889 0.506761 -0.769388
vn 0.788833 0.0243314 -0.614126
vn 0.982781 -0.102402 0.153805
vn 0.617661 -0.762145 0.193985
vn 0.799897 -0.144253 -0.582542
vn -0.71152 0.515011 0.47802
vn -0.895021 0.0848667 0.437875
vn 0.600639 -0.636901 -0.483311
vn 0.0638068 -0.959689 -0.273726
vn 0.792176 -0.339603 -0.507077
vn 0.687485 0.708533 -0.159201
vn -0.668549 0.556281 0.493552
vn 0.722389 0.66489 -0.189937
vn -0.696661 0.527826 0.485863
vn 0.33185 -0.824937 0.457553
vn 0.891878 -0.282124 0.353497
vn 0.419361 0.756678 -0.501572
vn 0.94298 0.332383 -0.0175947
vn 0.621781 -0.245635 -0.743674
vn -0.861164 -0.0250613 0.50771
vn -0.864031 -0.202444 0.460941
vn 0.0780564 0.963463 0.256215
vn -0.395973 0.36861 -0.84103
vn -0.678111 0.610466 -0.409264
vn -0.525122 -0.812889 -0.25191
vn -0.355615 -0.550492 -0.755312
vn -0.953985 0.240667 0.178863
vn -0.368074 -0.927142 -0.0702097
vn 0.730184 0.65745 -0.185984
vn 0.871669 -0.163934 -0.461865
vn -0.605647 0.67321 0.42424
vn -0.590237 -0.715605 0.373537
vn -0.525122 -0.812889 -0.25191
vn -0.167922 -0.967322 0.189975
vn -0.355615 -0.550492 -0.755312
vn 0.309396 -0.938832 0.151223
vn 0.791216 -0.30995 -0.527169
vn 0.0701267 -0.977744 0.197735
vn -0.355615 -0.550492 -0.755312
vn 0.791216 -0.30995 -0.527169
vn 0.78669 0.326163 -0.524153
vn 0.799084 0.378226 -0.467343
vn 0.210109 0.92233 -0.324286
vn 0.799084 0.378226 -0.467343
vn 0.845753 -0.533355 -0.0152936
vn -0.574365 -0.705152 0.415772
vn -0.350968 0.883377 -0.310591
vn 0.0582936 0.955651 -0.288676
vn -0.94504 0.299482 0.131188
vn -0.421001 0.901252 -0.102487
vn -0.58697 -0.711464 0.386375
vn 0.0776016 -0.965092 0.250149
vn 0.214235 0.920617 -0.326448
vn 0.893212 -0.435124 -0.113314
vn 0.900635 0.316732 -0.297552
vn -0.084468 -0.985757 0.145428
vn -0.96371 0.0165801 0.266435
vn 0.840788 -0.516642 -0.16173
vn 0.867877 0.39628 -0.299585
vn 0.838321 -0.515198 -0.178293
vn 0.872096 0.430246 -0.233103
vn -0.60548 0.794416 0.0479392
vn 0.718765 0.633434 -0.286598
vn -0.513921 0.857758 0.0116763
vn 0.00851361 0.992161 -0.124674
vn 0.0505522 0.983492 0.173747
vn -0.871027 -0.347108 0.347603
vn -0.459371 0.756232 0.46593
vn 0.673661 -0.713444 -0.192819
vn 0.430277 -0.883687 -0.184279
vn 0.114253 0.986003 -0.121422
vn 0.0708262 0.994106 -0.0820833
vn 0.932602 0.164435 -0.321271
vn 0.696036 0.678174 -0.235825
vn -0.943566 -0.173929 0.281835
vn 0.665813 0.715795 -0.210549
vn 0.585458 0.796346 -0.151894
vn -0.518693 0.817231 0.251181
vn 0.178667 -0.942615 -0.282055
vn -0.638396 0.664495 0.388455
vn -0.915991 -0.14508 0.374047
vn 0.913051 0.114549 -0.39143
vn 0.0380203 0.989361 0.140424
vn 0.186582 0.974906 0.121428
vn 0.849675 -0.110486 -0.515601
vn -0.494032 0.725855 0.478609
vn 0.589181 -0.754384 -0.289433
vn 0.0308597 -0.991683 -0.124953
vn -0.510555 -0.859451 0.0260473
vn 0.774036 -0.526406 -0.351803
vn 0.3872 -0.873292 -0.295699
vn -0.0623147 -0.981535 -0.18085
vn 0.490741 0.871293 -0.00465012
vn -0.604645 -0.795304 0.0435422
vn -0.878433 -0.43748 0.192269
vn 0.939854 -0.118038 -0.320533
vn 0.554302 0.827436 -0.0899884
vn -0.309965 0.920374 0.238396
vn 0.328182 -0.903671 -0.275092
vn -0.367168 0.838831 0.401933
vn 0.925298 0.0567338 -0.374972
vn -0.638685 0.69687 0.326273
vn -0.937522 0.0376573 0.345882
vn -0.535266 0.791671 0.294529
vn -0.0324862 0.994676 0.0977939
vn 0.730841 0.671053 -0.124738
vn 0.636291 0.767824 -0.074703
vn 0.923072 0.194664 -0.33173
vn -0.674341 0.678658 0.291011
vn 0.679907 -0.699922 0.218714
vn 0.760909 -0.580186 -0.290518
vn -0.325851 -0.940522 0.0961195
vn 0.147927 0.983776 0.101501
vn 0.794999 0.581782 -0.171773
vn -0.384165 0.897457 0.216768
vn 0.953108 0.0529412 -0.297963
vn -0.730503 0.669813 0.133102
vn 0.57422 -0.788325 0.22094
vn 0.144348 0.980524 -0.133179
vn -0.641462 0.767154 0.000793454
vn 0.426087 0.862295 -0.273673
vn -0.142349 0.954573 -0.261776
vn 0.549461 0.751794 -0.364551
vn -0.989818 0.127549 0.0631731
vn -0.0849488 0.931867 -0.352715
vn -0.68466 0.680327 -0.261527
vn 0.611502 0.680885 -0.403064
vn -0.919209 0.375084 -0.119862
vn -0.427576 -0.792111 0.435591
vn -0.832723 -0.484495 0.268025
vn -0.119861 0.907794 -0.401925
vn 0.38159 -0.837858 0.390362
vn 0.350944 -0.874322 0.335259
vn -0.806279 -0.580926 0.111532
vn 0.200288 -0.931415 0.303892
vn 0.706758 -0.642626 -0.295846
vn -0.878395 0.449058 -0.163613
vn -0.723909 -0.32726 -0.607336
vn -0.723909 -0.32726 -0.607336
vn -0.270432 0.797545 -0.539248
vn 0.844271 0.0310697 -0.535014
vn -0.723909 -0.32726 -0.607336
vn -0.295465 0.635524 -0.713309
vn 0.633056 0.731157 -0.254262
vn 0.883953 -0.304266 -0.355033
vn 0.45971 -0.425174 -0.779675
vn 0.45971 -0.425174 -0.779675
vn 0.874561 0.400028 -0.27408
vn -0.071838 -0.958343 0.276437
vn 0.45971 -0.425174 -0.779675
vn 0.112337 -0.992355 0.051113
vn 0.96058 -0.266938 0.0776541
vn 0.716822 0.649531 -0.253525
vn 0.976702 -0.205157 0.0629521
vn 0.947475 0.293252 -0.127647
vn 0.822919 -0.495758 -0.27754
vn -0.544722 -0.838616 -0.000915557
vn 0.829062 -0.48096 -0.285191
vn 0.414537 -0.894395 0.167975
vn -0.930967 0.168626 -0.323831
vn 0.312998 0.942069 0.120576
vn 0.0119776 -0.969165 -0.246121
vn 0.802342 0.540091 0.254064
vn -0.977419 0.081602 0.194919
vn -0.68565 0.718528 0.116626
vn -0.219697 0.95373 0.205264
vn -0.713878 0.685191 0.144538
vn -0.862058 0.501113 0.0757788
vn -0.751367 0.638177 0.167862
vn 0.235417 0.971581 0.0246864
vn -0.237618 -0.562394 -0.791992
vn 0.221217 -0.93155 -0.28858
vn -0.939208 -0.289609 -0.184431
vn -0.237618 -0.562394 -0.791992
vn 0.63758 -0.702585 -0.316016
vn -0.237618 -0.562394 -0.791992
vn -0.0631289 0.665821 -0.743436
vn -0.0631289 0.665821 -0.743436
vn 0.893767 0.416607 -0.166189
vn 0.969406 -0.0617417 -0.237571
vn 0.883078 0.463946 -0.0702004
vn -0.154612 0.959696 0.234687
vn -0.101305 0.957698 0.269354
vn -0.827102 0.555385 0.086312
vn -0.858527 0.512768 0.000480977
vn -0.151595 -0.974975 0.162611
vn -0.851209 0.507737 -0.132838
vn 0.98723 -0.126421 0.0969299
vn 0.832425 0.552454 0.0431637
g grp1
usemtl mtl1
f 3//3 1//1 4//4 
f 6//6 1044//1044 2//2 
f 1040//1040 1045//1045 1037//1037 
f 2//2 11//11 6//6 
f 4//4 5//5 3//3 
f 1038//1038 1042//1042 8//8 
f 1046//1046 1050//1050 1047//1047 
f 1048//1048 1051//1051 7//7 
f 1043//1043 1049//1049 1052//1052 
f 1041//1041 1039//1039 1053//1053 
f 8//8 1042//1042 10//10 
f 1055//1055 1043//1043 1052//1052 
f 8//8 10//10 9//9 
f 1041//1041 1053//1053 1054//1054 
f 1052//1052 16//16 1055//1055 
f 16//16 14//14 1055//1055 
f 10//10 1058//1058 9//9 
f 1054//1054 1056//1056 1041//1041 
f 1056//1056 1054//1054 18//18 
f 1062//1062 9//9 1058//1058 
f 1052//1052 13//13 16//16 
f 13//13 7//7 1051//1051 
f 12//12 6//6 11//11 
f 1051//1051 1057//1057 13//13 
f 18//18 19//19 1056//1056 
f 11//11 15//15 12//12 
f 11//11 1063//1063 15//15 
f 13//13 1057//1057 1059//1059 
f 16//16 13//13 1059//1059 
f 17//17 16//16 1059//1059 
f 21//21 1062//1062 1058//1058 
f 1060//1060 20//20 1061//1061 
f 1065//1065 14//14 16//16 
f 15//15 1063//1063 1064//1064 
f 17//17 24//24 16//16 
f 1065//1065 16//16 25//25 
f 20//20 26//26 1061//1061 
f 24//24 17//17 1068//1068 
f 16//16 1067//1067 25//25 
f 1062//1062 21//21 23//23 
f 22//22 1064//1064 1063//1063 
f 23//23 1066//1066 19//19 
f 23//23 19//19 18//18 
f 23//23 28//28 1066//1066 
f 21//21 29//29 23//23 
f 29//29 28//28 23//23 
f 1070//1070 1064//1064 22//22 
f 1067//1067 32//32 25//25 
f 1070//1070 27//27 1064//1064 
f 31//31 24//24 1068//1068 
f 32//32 1067//1067 31//31 
f 20//20 1069//1069 26//26 
f 1069//1069 34//34 26//26 
f 1068//1068 1073//1073 31//31 
f 1065//1065 25//25 30//30 
f 25//25 1071//1071 30//30 
f 29//29 21//21 33//33 
f 1072//1072 1065//1065 30//30 
f 33//33 36//36 29//29 
f 1072//1072 30//30 35//35 
f 35//35 30//30 1071//1071 
f 36//36 28//28 29//29 
f 1071//1071 37//37 35//35 
f 32//32 31//31 1078//1078 
f 27//27 1070//1070 1076//1076 
f 1077//1077 34//34 1069//1069 
f 33//33 38//38 36//36 
f 1079//1079 1072//1072 35//35 
f 40//40 34//34 1077//1077 
f 31//31 1073//1073 41//41 
f 1078//1078 31//31 41//41 
f 35//35 37//37 43//43 
f 39//39 1079//1079 35//35 
f 1075//1075 1085//1085 1080//1080 
f 37//37 1082//1082 43//43 
f 1083//1083 1074//1074 1081//1081 
f 1077//1077 42//42 40//40 
f 36//36 38//38 1084//1084 
f 1081//1081 49//49 1083//1083 
f 1084//1084 38//38 46//46 
f 42//42 1087//1087 40//40 
f 1083//1083 49//49 50//50 
f 1085//1085 44//44 1080//1080 
f 39//39 44//44 1079//1079 
f 48//48 1082//1082 1091//1091 
f 1082//1082 48//48 43//43 
f 44//44 1085//1085 45//45 
f 43//43 48//48 1086//1086 
f 1087//1087 1089//1089 40//40 
f 44//44 47//47 1079//1079 
f 1088//1088 46//46 38//38 
f 48//48 55//55 1086//1086 
f 47//47 44//44 45//45 
f 1091//1091 56//56 48//48 
f 56//56 55//55 48//48 
f 54//54 47//47 45//45 
f 1095//1095 58//58 1088//1088 
f 54//54 45//45 1096//1096 
f 46//46 1088//1088 58//58 
f 1087//1087 52//52 1089//1089 
f 1093//1093 51//51 1090//1090 
f 49//49 1092//1092 50//50 
f 1087//1087 53//53 52//52 
f 1094//1094 46//46 58//58 
f 52//52 53//53 77//77 
f 1122//1122 51//51 1093//1093 
f 1092//1092 1097//1097 50//50 
f 56//56 70//70 55//55 
f 88//88 70//70 56//56 
f 57//57 54//54 1096//1096 
f 57//57 1096//1096 70//70 
f 1098//1098 58//58 1095//1095 
f 57//57 70//70 80//80 
f 1124//1124 58//58 1098//1098 
f 78//78 1094//1094 58//58 
f 1122//1122 76//76 51//51 
f 1097//1097 1092//1092 1121//1121 
f 1121//1121 1131//1131 1097//1097 
f 64//64 60//60 59//59 
f 59//59 62//62 64//64 
f 1105//1105 65//65 1101//1101 
f 1102//1102 61//61 1099//1099 
f 61//61 63//63 1099//1099 
f 1104//1104 1103//1103 1100//1100 
f 68//68 1102//1102 1109//1109 
f 1102//1102 68//68 61//61 
f 61//61 68//68 69//69 
f 61//61 69//69 63//63 
f 1106//1106 66//66 1110//1110 
f 1112//1112 1107//1107 67//67 
f 1113//1113 1115//1115 1111//1111 
f 81//81 1115//1115 1113//1113 
f 67//67 1125//1125 1112//1112 
f 1126//1126 69//69 68//68 
f 80//80 70//70 100//100 
f 71//71 63//63 69//69 
f 62//62 73//73 64//64 
f 1104//1104 72//72 1103//1103 
f 1103//1103 72//72 1117//1117 
f 1104//1104 1116//1116 72//72 
f 69//69 1126//1126 74//74 
f 75//75 1114//1114 1117//1117 
f 67//67 1119//1119 1125//1125 
f 71//71 69//69 1118//1118 
f 1114//1114 1108//1108 1117//1117 
f 1125//1125 1119//1119 85//85 
f 77//77 53//53 79//79 
f 79//79 1094//1094 78//78 
f 79//79 78//78 95//95 
f 99//99 70//70 88//88 
f 58//58 1124//1124 1123//1123 
f 99//99 100//100 70//70 
f 1126//1126 82//82 74//74 
f 1129//1129 1120//1120 87//87 
f 1117//1117 83//83 75//75 
f 1120//1120 1128//1128 87//87 
f 1126//1126 1130//1130 89//89 
f 72//72 83//83 1117//1117 
f 1116//1116 84//84 72//72 
f 1118//1118 84//84 71//71 
f 1118//1118 1127//1127 84//84 
f 82//82 1126//1126 89//89 
f 72//72 86//86 83//83 
f 72//72 84//84 90//90 
f 72//72 90//90 86//86 
f 1128//1128 93//93 87//87 
f 1124//1124 96//96 1123//1123 
f 100//100 96//96 1124//1124 
f 93//93 91//91 87//87 
f 87//87 91//91 1129//1129 
f 1128//1128 86//86 93//93 
f 1127//1127 92//92 84//84 
f 84//84 94//94 90//90 
f 86//86 90//90 105//105 
f 105//105 90//90 94//94 
f 92//92 1127//1127 1133//1133 
f 92//92 94//94 84//84 
f 93//93 86//86 105//105 
f 94//94 125//125 105//105 
f 1133//1133 103//103 92//92 
f 92//92 103//103 94//94 
f 103//103 115//115 94//94 
f 94//94 115//115 1142//1142 
f 1133//1133 101//101 103//103 
f 1130//1130 102//102 89//89 
f 101//101 89//89 102//102 
f 1121//1121 97//97 1131//1131 
f 1131//1131 97//97 109//109 
f 1122//1122 1135//1135 76//76 
f 77//77 79//79 106//106 
f 77//77 106//106 1136//1136 
f 98//98 106//106 79//79 
f 95//95 98//98 79//79 
f 1123//1123 96//96 1134//1134 
f 96//96 100//100 108//108 
f 100//100 99//99 108//108 
f 1129//1129 91//91 102//102 
f 91//91 93//93 104//104 
f 104//104 117//117 91//91 
f 1137//1137 93//93 105//105 
f 105//105 116//116 1137//1137 
f 116//116 117//117 1137//1137 
f 102//102 91//91 111//111 
f 111//111 91//91 119//119 
f 91//91 117//117 119//119 
f 125//125 1141//1141 105//105 
f 95//95 107//107 98//98 
f 107//107 1134//1134 96//96 
f 96//96 108//108 107//107 
f 106//106 110//110 1136//1136 
f 109//109 97//97 1139//1139 
f 106//106 98//98 113//113 
f 107//107 113//113 98//98 
f 107//107 108//108 112//112 
f 112//112 113//113 107//107 
f 112//112 142//142 113//113 
f 1138//1138 114//114 1132//1132 
f 123//123 108//108 99//99 
f 99//99 88//88 114//114 
f 114//114 1138//1138 133//133 
f 106//106 113//113 110//110 
f 108//108 123//123 1140//1140 
f 141//141 142//142 112//112 
f 1148//1148 1140//1140 123//123 
f 1139//1139 132//132 109//109 
f 1144//1144 109//109 132//132 
f 103//103 120//120 115//115 
f 101//101 120//120 103//103 
f 102//102 111//111 118//118 
f 102//102 121//121 101//101 
f 121//121 102//102 118//118 
f 101//101 121//121 120//120 
f 115//115 128//128 1142//1142 
f 118//118 111//111 122//122 
f 118//118 122//122 121//121 
f 122//122 111//111 119//119 
f 126//126 115//115 120//120 
f 124//124 123//123 99//99 
f 99//99 114//114 124//124 
f 133//133 124//124 114//114 
f 117//117 116//116 137//137 
f 122//122 129//129 121//121 
f 138//138 117//117 137//137 
f 121//121 127//127 120//120 
f 127//127 121//121 129//129 
f 115//115 126//126 128//128 
f 127//127 126//126 120//120 
f 126//126 127//127 134//134 
f 127//127 130//130 134//134 
f 1147//1147 1141//1141 135//135 
f 135//135 1141//1141 125//125 
f 128//128 1146//1146 1142//1142 
f 131//131 129//129 122//122 
f 122//122 119//119 131//131 
f 117//117 138//138 119//119 
f 130//130 127//127 129//129 
f 130//130 129//129 131//131 
f 131//131 119//119 138//138 
f 131//131 138//138 140//140 
f 113//113 154//154 1143//1143 
f 1143//1143 154//154 160//160 
f 132//132 160//160 1144//1144 
f 113//113 1143//1143 110//110 
f 133//133 152//152 124//124 
f 126//126 1145//1145 128//128 
f 130//130 139//139 134//134 
f 1147//1147 135//135 136//136 
f 136//136 146//146 1147//1147 
f 128//128 143//143 1146//1146 
f 1146//1146 143//143 136//136 
f 147//147 128//128 1145//1145 
f 130//130 131//131 139//139 
f 138//138 149//149 140//140 
f 131//131 140//140 139//139 
f 137//137 145//145 138//138 
f 137//137 146//146 145//145 
f 1144//1144 160//160 151//151 
f 1150//1150 152//152 133//133 
f 123//123 124//124 162//162 
f 123//123 162//162 1148//1148 
f 124//124 152//152 162//162 
f 128//128 147//147 143//143 
f 139//139 144//144 134//134 
f 1145//1145 1149//1149 147//147 
f 138//138 145//145 149//149 
f 140//140 149//149 148//148 
f 140//140 148//148 139//139 
f 147//147 150//150 143//143 
f 143//143 150//150 136//136 
f 148//148 144//144 139//139 
f 136//136 150//150 146//146 
f 146//146 153//153 145//145 
f 156//156 113//113 142//142 
f 157//157 156//156 142//142 
f 1148//1148 162//162 163//163 
f 159//159 157//157 142//142 
f 1160//1160 142//142 141//141 
f 1160//1160 141//141 1162//1162 
f 153//153 146//146 165//165 
f 165//165 146//146 150//150 
f 153//153 155//155 145//145 
f 158//158 149//149 145//145 
f 145//145 155//155 158//158 
f 148//148 149//149 164//164 
f 149//149 158//158 164//164 
f 166//166 147//147 1149//1149 
f 150//150 147//147 170//170 
f 147//147 166//166 1167//1167 
f 151//151 160//160 161//161 
f 113//113 1154//1154 154//154 
f 1155//1155 1152//1152 1151//1151 
f 154//154 1155//1155 1151//1151 
f 1152//1152 1155//1155 1156//1156 
f 1151//1151 165//165 154//154 
f 165//165 160//160 154//154 
f 1153//1153 1157//1157 1159//1159 
f 164//164 158//158 1161//1161 
f 158//158 1158//1158 1161//1161 
f 160//160 165//165 168//168 
f 164//164 1161//1161 1163//1163 
f 172//172 160//160 168//168 
f 172//172 161//161 160//160 
f 167//167 148//148 1164//1164 
f 170//170 169//169 150//150 
f 150//150 169//169 165//165 
f 148//148 167//167 144//144 
f 167//167 1164//1164 163//163 
f 1167//1167 166//166 173//173 
f 1149//1149 1165//1165 166//166 
f 166//166 1165//1165 173//173 
f 165//165 169//169 168//168 
f 169//169 172//172 168//168 
f 163//163 162//162 181//181 
f 170//170 171//171 169//169 
f 172//172 169//169 171//171 
f 1150//1150 161//161 152//152 
f 167//167 163//163 174//174 
f 180//180 172//172 171//171 
f 180//180 161//161 172//172 
f 1167//1167 173//173 175//175 
f 161//161 180//180 178//178 
f 1165//1165 175//175 173//173 
f 174//174 163//163 181//181 
f 1167//1167 175//175 179//179 
f 179//179 171//171 170//170 
f 161//161 178//178 152//152 
f 1166//1166 174//174 1168//1168 
f 178//178 177//177 152//152 
f 162//162 152//152 1170//1170 
f 181//181 162//162 1170//1170 
f 179//179 180//180 171//171 
f 174//174 176//176 1168//1168 
f 179//179 175//175 1169//1169 
f 179//179 185//185 180//180 
f 179//179 193//193 185//185 
f 182//182 179//179 1169//1169 
f 181//181 189//189 196//196 
f 1170//1170 189//189 181//181 
f 193//193 179//179 191//191 
f 191//191 179//179 182//182 
f 176//176 183//183 182//182 
f 183//183 176//176 174//174 
f 183//183 174//174 181//181 
f 184//184 189//189 177//177 
f 178//178 184//184 177//177 
f 182//182 194//194 191//191 
f 183//183 194//194 182//182 
f 185//185 188//188 180//180 
f 183//183 181//181 190//190 
f 178//178 187//187 184//184 
f 180//180 1171//1171 178//178 
f 185//185 186//186 188//188 
f 1171//1171 188//188 186//186 
f 194//194 183//183 192//192 
f 192//192 183//183 190//190 
f 190//190 181//181 196//196 
f 188//188 1171//1171 180//180 
f 184//184 187//187 195//195 
f 1172//1172 189//189 184//184 
f 187//187 199//199 195//195 
f 191//191 194//194 197//197 
f 193//193 191//191 197//197 
f 186//186 200//200 1171//1171 
f 1171//1171 200//200 199//199 
f 200//200 186//186 185//185 
f 192//192 190//190 201//201 
f 196//196 201//201 190//190 
f 189//189 1172//1172 196//196 
f 194//194 198//198 197//197 
f 194//194 192//192 198//198 
f 193//193 202//202 185//185 
f 185//185 202//202 200//200 
f 198//198 204//204 197//197 
f 192//192 201//201 198//198 
f 198//198 201//201 205//205 
f 193//193 197//197 203//203 
f 203//203 197//197 204//204 
f 208//208 196//196 1172//1172 
f 202//202 207//207 200//200 
f 206//206 199//199 200//200 
f 206//206 200//200 1173//1173 
f 202//202 193//193 203//203 
f 196//196 211//211 201//201 
f 205//205 201//201 211//211 
f 203//203 210//210 202//202 
f 205//205 204//204 198//198 
f 217//217 205//205 211//211 
f 204//204 210//210 203//203 
f 204//204 209//209 210//210 
f 205//205 1175//1175 204//204 
f 1175//1175 205//205 217//217 
f 195//195 199//199 206//206 
f 208//208 211//211 196//196 
f 235//235 211//211 208//208 
f 206//206 1174//1174 195//195 
f 210//210 207//207 202//202 
f 217//217 211//211 324//324 
f 324//324 211//211 235//235 
f 210//210 209//209 230//230 
f 212//212 219//219 213//213 
f 214//214 1176//1176 216//216 
f 1185//1185 1177//1177 1179//1179 
f 1180//1180 215//215 218//218 
f 1181//1181 1188//1188 1178//1178 
f 1188//1188 1189//1189 1178//1178 
f 1183//1183 1186//1186 220//220 
f 1185//1185 1179//1179 1190//1190 
f 1184//1184 1182//1182 1187//1187 
f 210//210 232//232 207//207 
f 210//210 230//230 321//321 
f 1173//1173 1205//1205 206//206 
f 230//230 1175//1175 217//217 
f 235//235 208//208 231//231 
f 223//223 236//236 221//221 
f 1191//1191 236//236 226//226 
f 1197//1197 237//237 224//224 
f 1208//1208 238//238 1196//1196 
f 215//215 1195//1195 218//218 
f 332//332 1183//1183 220//220 
f 1195//1195 215//215 1293//1293 
f 1189//1189 1188//1188 221//221 
f 221//221 1188//1188 223//223 
f 219//219 1192//1192 222//222 
f 222//222 213//213 219//219 
f 1179//1179 1193//1193 1190//1190 
f 225//225 1190//1190 1193//1193 
f 1192//1192 1198//1198 222//222 
f 1197//1197 224//224 1194//1194 
f 225//225 1193//1193 1196//1196 
f 1190//1190 225//225 227//227 
f 227//227 225//225 1196//1196 
f 238//238 227//227 1196//1196 
f 332//332 220//220 1199//1199 
f 1205//1205 228//228 233//233 
f 228//228 229//229 233//233 
f 1200//1200 315//315 312//312 
f 1200//1200 312//312 313//313 
f 313//313 1202//1202 1200//1200 
f 1201//1201 1206//1206 320//320 
f 233//233 206//206 1205//1205 
f 1278//1278 210//210 321//321 
f 1204//1204 1174//1174 206//206 
f 234//234 206//206 233//233 
f 1207//1207 1204//1204 206//206 
f 210//210 1279//1279 232//232 
f 217//217 324//324 327//327 
f 334//334 226//226 236//236 
f 226//226 334//334 1209//1209 
f 239//239 334//334 236//236 
f 239//239 236//236 223//223 
f 1210//1210 1195//1195 1293//1293 
f 238//238 336//336 227//227 
f 1208//1208 333//333 238//238 
f 240//240 242//242 241//241 
f 1214//1214 341//341 1211//1211 
f 1212//1212 243//243 1217//1217 
f 1219//1219 1213//1213 245//245 
f 1213//1213 1298//1298 245//245 
f 1217//1217 243//243 250//250 
f 244//244 1215//1215 1218//1218 
f 1218//1218 1231//1231 244//244 
f 244//244 1231//1231 251//251 
f 1216//1216 1222//1222 247//247 
f 1223//1223 342//342 246//246 
f 1220//1220 1224//1224 1225//1225 
f 247//247 1300//1300 1216//1216 
f 1227//1227 1226//1226 1301//1301 
f 1221//1221 255//255 253//253 
f 243//243 1235//1235 250//250 
f 249//249 265//265 1237//1237 
f 1237//1237 1220//1220 1225//1225 
f 249//249 1237//1237 1225//1225 
f 1222//1222 1233//1233 247//247 
f 1226//1226 1227//1227 248//248 
f 1226//1226 248//248 1229//1229 
f 1228//1228 247//247 1233//1233 
f 1229//1229 248//248 268//268 
f 1228//1228 1233//1233 258//258 
f 1244//1244 1228//1228 258//258 
f 252//252 262//262 260//260 
f 261//261 254//254 1234//1234 
f 1234//1234 1238//1238 261//261 
f 254//254 1236//1236 1234//1234 
f 254//254 1232//1232 1236//1236 
f 262//262 252//252 253//253 
f 261//261 264//264 254//254 
f 253//253 255//255 262//262 
f 265//265 1239//1239 1237//1237 
f 254//254 251//251 1231//1231 
f 256//256 251//251 254//254 
f 256//256 254//254 264//264 
f 257//257 256//256 264//264 
f 258//258 1233//1233 256//256 
f 257//257 258//258 256//256 
f 1244//1244 258//258 257//257 
f 1230//1230 1245//1245 1242//1242 
f 266//266 1242//1242 1245//1245 
f 259//259 261//261 1238//1238 
f 269//269 259//259 260//260 
f 262//262 263//263 260//260 
f 263//263 269//269 260//260 
f 264//264 261//261 273//273 
f 265//265 1240//1240 1239//1239 
f 257//257 264//264 1248//1248 
f 1241//1241 1242//1242 266//266 
f 270//270 1241//1241 266//266 
f 257//257 267//267 1244//1244 
f 1248//1248 267//267 257//257 
f 1245//1245 1243//1243 266//266 
f 259//259 274//274 261//261 
f 261//261 274//274 273//273 
f 263//263 1246//1246 269//269 
f 1247//1247 266//266 275//275 
f 1243//1243 275//275 266//266 
f 1246//1246 272//272 269//269 
f 279//279 1247//1247 275//275 
f 272//272 1246//1246 1250//1250 
f 275//275 289//289 279//279 
f 259//259 269//269 277//277 
f 277//277 269//269 271//271 
f 269//269 272//272 271//271 
f 1249//1249 267//267 1248//1248 
f 273//273 274//274 283//283 
f 283//283 286//286 273//273 
f 1255//1255 1249//1249 1248//1248 
f 274//274 259//259 276//276 
f 274//274 276//276 278//278 
f 283//283 274//274 278//278 
f 275//275 280//280 289//289 
f 259//259 277//277 276//276 
f 276//276 277//277 278//278 
f 283//283 278//278 282//282 
f 1251//1251 1249//1249 1255//1255 
f 271//271 281//281 277//277 
f 1253//1253 278//278 277//277 
f 277//277 1252//1252 1253//1253 
f 281//281 271//271 293//293 
f 1253//1253 1252//1252 298//298 
f 284//284 283//283 282//282 
f 284//284 282//282 1261//1261 
f 272//272 285//285 271//271 
f 283//283 1254//1254 287//287 
f 283//283 287//287 286//286 
f 1250//1250 288//288 272//272 
f 288//288 285//285 272//272 
f 290//290 1255//1255 1256//1256 
f 279//279 289//289 288//288 
f 1251//1251 1255//1255 290//290 
f 280//280 1257//1257 289//289 
f 289//289 1257//1257 295//295 
f 1256//1256 1259//1259 290//290 
f 293//293 291//291 281//281 
f 298//298 1252//1252 1258//1258 
f 293//293 292//292 291//291 
f 285//285 293//293 271//271 
f 293//293 285//285 294//294 
f 294//294 292//292 293//293 
f 285//285 296//296 294//294 
f 288//288 296//296 285//285 
f 289//289 297//297 288//288 
f 289//289 295//295 1260//1260 
f 296//296 288//288 297//297 
f 1260//1260 295//295 301//301 
f 308//308 296//296 297//297 
f 306//306 292//292 294//294 
f 296//296 307//307 294//294 
f 284//284 1261//1261 299//299 
f 303//303 298//298 1258//1258 
f 303//303 299//299 1261//1261 
f 304//304 299//299 303//303 
f 1254//1254 1262//1262 287//287 
f 287//287 1262//1262 300//300 
f 300//300 1262//1262 304//304 
f 1264//1264 1256//1256 1263//1263 
f 1256//1256 1264//1264 1259//1259 
f 292//292 302//302 291//291 
f 292//292 311//311 302//302 
f 1265//1265 303//303 1258//1258 
f 312//312 305//305 1265//1265 
f 292//292 306//306 311//311 
f 310//310 304//304 303//303 
f 305//305 303//303 1265//1265 
f 305//305 310//310 303//303 
f 310//310 305//305 312//312 
f 306//306 294//294 307//307 
f 310//310 300//300 304//304 
f 296//296 308//308 1267//1267 
f 1264//1264 1263//1263 309//309 
f 1260//1260 301//301 1268//1268 
f 1268//1268 301//301 1269//1269 
f 306//306 316//316 311//311 
f 1266//1266 1267//1267 308//308 
f 1263//1263 1271//1271 309//309 
f 311//311 1272//1272 302//302 
f 312//312 1265//1265 313//313 
f 314//314 1266//1266 308//308 
f 310//310 312//312 315//315 
f 322//322 310//310 315//315 
f 1271//1271 323//323 309//309 
f 323//323 1271//1271 1284//1284 
f 1285//1285 326//326 1270//1270 
f 1269//1269 1286//1286 1268//1268 
f 1272//1272 311//311 316//316 
f 316//316 1203//1203 1272//1272 
f 1200//1200 1280//1280 315//315 
f 316//316 233//233 1203//1203 
f 234//234 233//233 316//316 
f 316//316 306//306 317//317 
f 1274//1274 1266//1266 314//314 
f 1274//1274 314//314 318//318 
f 319//319 1274//1274 318//318 
f 314//314 1268//1268 1286//1286 
f 318//318 314//314 1286//1286 
f 319//319 318//318 1286//1286 
f 1276//1276 1287//1287 328//328 
f 316//316 347//347 234//234 
f 1277//1277 358//358 1275//1275 
f 1304//1304 1204//1204 1207//1207 
f 230//230 325//325 321//321 
f 325//325 230//230 217//217 
f 1281//1281 1282//1282 315//315 
f 1282//1282 322//322 315//315 
f 324//324 235//235 359//359 
f 1284//1284 1283//1283 323//323 
f 325//325 1285//1285 321//321 
f 326//326 1285//1285 327//327 
f 1285//1285 325//325 327//327 
f 326//326 327//327 1288//1288 
f 217//217 327//327 325//325 
f 1288//1288 327//327 343//343 
f 331//331 329//329 334//334 
f 334//334 329//329 1209//1209 
f 337//337 1209//1209 329//329 
f 329//329 330//330 337//337 
f 351//351 329//329 331//331 
f 329//329 1311//1311 330//330 
f 339//339 352//352 1291//1291 
f 1292//1292 352//352 1311//1311 
f 332//332 1199//1199 1294//1294 
f 1208//1208 1295//1295 333//333 
f 333//333 336//336 238//238 
f 333//333 335//335 336//336 
f 333//333 1295//1295 335//335 
f 239//239 331//331 334//334 
f 335//335 353//353 338//338 
f 353//353 335//335 340//340 
f 335//335 1295//1295 1297//1297 
f 1296//1296 332//332 1294//1294 
f 338//338 336//336 335//335 
f 1291//1291 1210//1210 339//339 
f 1293//1293 339//339 1210//1210 
f 332//332 1296//1296 354//354 
f 354//354 1296//1296 1312//1312 
f 1293//1293 1313//1313 339//339 
f 1297//1297 1295//1295 1289//1289 
f 1214//1214 1302//1302 341//341 
f 1223//1223 1299//1299 342//342 
f 347//347 405//405 404//404 
f 1277//1277 1288//1288 345//345 
f 1288//1288 343//343 345//345 
f 343//343 327//327 344//344 
f 1275//1275 358//358 1273//1273 
f 1277//1277 345//345 358//358 
f 359//359 344//344 324//324 
f 231//231 346//346 348//348 
f 231//231 348//348 235//235 
f 316//316 405//405 347//347 
f 1303//1303 1204//1204 1304//1304 
f 358//358 405//405 1273//1273 
f 235//235 1305//1305 359//359 
f 359//359 1305//1305 469//469 
f 324//324 344//344 327//327 
f 349//349 383//383 390//390 
f 1315//1315 386//386 1329//1329 
f 387//387 1306//1306 384//384 
f 350//350 384//384 1307//1307 
f 1310//1310 349//349 390//390 
f 391//391 1310//1310 390//390 
f 352//352 357//357 1311//1311 
f 352//352 339//339 1313//1313 
f 357//357 352//352 460//460 
f 460//460 352//352 457//457 
f 1313//1313 457//457 352//352 
f 354//354 1312//1312 463//463 
f 340//340 1367//1367 353//353 
f 330//330 1311//1311 355//355 
f 1311//1311 357//357 355//355 
f 355//355 459//459 330//330 
f 1364//1364 356//356 1290//1290 
f 1297//1297 1289//1289 402//402 
f 340//340 1349//1349 1367//1367 
f 456//456 355//355 357//357 
f 459//459 355//355 456//456 
f 1364//1364 458//458 356//356 
f 1363//1363 402//402 1314//1314 
f 1314//1314 402//402 1289//1289 
f 357//357 460//460 1362//1362 
f 403//403 406//406 1303//1303 
f 1351//1351 1369//1369 346//346 
f 343//343 344//344 345//345 
f 359//359 407//407 344//344 
f 1350//1350 403//403 1304//1304 
f 346//346 1369//1369 348//348 
f 1304//1304 403//403 1303//1303 
f 362//362 361//361 360//360 
f 373//373 362//362 360//360 
f 375//375 362//362 373//373 
f 360//360 377//377 373//373 
f 365//365 363//363 361//361 
f 362//362 365//365 361//361 
f 375//375 372//372 364//364 
f 375//375 364//364 362//362 
f 370//370 368//368 363//363 
f 368//368 361//361 363//363 
f 366//366 364//364 418//418 
f 365//365 364//364 366//366 
f 362//362 364//364 365//365 
f 364//364 372//372 418//418 
f 408//408 363//363 365//365 
f 365//365 366//366 408//408 
f 419//419 366//366 418//418 
f 408//408 410//410 363//363 
f 410//410 370//370 363//363 
f 366//366 419//419 411//411 
f 411//411 408//408 366//366 
f 360//360 367//367 377//377 
f 361//361 367//367 360//360 
f 367//367 361//361 368//368 
f 368//368 369//369 367//367 
f 367//367 369//369 379//379 
f 369//369 380//380 379//379 
f 371//371 368//368 370//370 
f 371//371 369//369 368//368 
f 371//371 416//416 369//369 
f 369//369 416//416 380//380 
f 415//415 371//371 370//370 
f 371//371 415//415 416//416 
f 418//418 372//372 428//428 
f 377//377 374//374 373//373 
f 373//373 374//374 376//376 
f 427//427 372//372 375//375 
f 373//373 427//427 375//375 
f 374//374 378//378 382//382 
f 376//376 374//374 382//382 
f 378//378 430//430 382//382 
f 421//421 431//431 430//430 
f 377//377 378//378 374//374 
f 377//377 367//367 379//379 
f 379//379 378//378 377//377 
f 378//378 379//379 381//381 
f 379//379 380//380 381//381 
f 378//378 381//381 421//421 
f 378//378 421//421 430//430 
f 423//423 381//381 380//380 
f 421//421 381//381 423//423 
f 427//427 373//373 376//376 
f 372//372 427//427 428//428 
f 1308//1308 385//385 1316//1316 
f 1309//1309 1322//1322 1318//1318 
f 1319//1319 1321//1321 1317//1317 
f 384//384 388//388 387//387 
f 384//384 350//350 388//388 
f 388//388 350//350 1330//1330 
f 1323//1323 389//389 1320//1320 
f 1319//1319 394//394 1321//1321 
f 1325//1325 1327//1327 1324//1324 
f 1327//1327 1325//1325 395//395 
f 1336//1336 1326//1326 1331//1331 
f 1319//1319 1328//1328 394//394 
f 1328//1328 1337//1337 394//394 
f 386//386 1334//1334 1329//1329 
f 1329//1329 1334//1334 392//392 
f 390//390 1332//1332 391//391 
f 391//391 1332//1332 393//393 
f 1331//1331 1333//1333 398//398 
f 1336//1336 1331//1331 398//398 
f 1332//1332 400//400 393//393 
f 1333//1333 1345//1345 398//398 
f 1334//1334 396//396 392//392 
f 397//397 1339//1339 1335//1335 
f 394//394 1337//1337 1341//1341 
f 400//400 1332//1332 1340//1340 
f 397//397 440//440 1339//1339 
f 447//447 1339//1339 440//440 
f 1336//1336 398//398 399//399 
f 399//399 398//398 401//401 
f 1338//1338 1344//1344 1342//1342 
f 1342//1342 1344//1344 1346//1346 
f 1347//1347 398//398 1345//1345 
f 443//443 400//400 1340//1340 
f 1340//1340 1358//1358 443//443 
f 1347//1347 1345//1345 445//445 
f 443//443 445//445 1345//1345 
f 354//354 463//463 461//461 
f 1313//1313 1365//1365 457//457 
f 514//514 404//404 405//405 
f 466//466 358//358 345//345 
f 345//345 465//465 1368//1368 
f 345//345 344//344 465//465 
f 344//344 407//407 465//465 
f 403//403 517//517 406//406 
f 407//407 467//467 468//468 
f 359//359 469//469 467//467 
f 359//359 467//467 407//407 
f 1350//1350 515//515 403//403 
f 515//515 517//517 403//403 
f 408//408 411//411 409//409 
f 408//408 409//409 410//410 
f 410//410 415//415 370//370 
f 413//413 410//410 409//409 
f 411//411 412//412 409//409 
f 411//411 420//420 412//412 
f 409//409 412//412 413//413 
f 411//411 419//419 420//420 
f 415//415 410//410 413//413 
f 414//414 413//413 412//412 
f 417//417 413//413 414//414 
f 414//414 412//412 472//472 
f 412//412 420//420 472//472 
f 415//415 417//417 416//416 
f 415//415 413//413 417//417 
f 417//417 414//414 426//426 
f 470//470 419//419 429//429 
f 429//429 419//419 418//418 
f 419//419 470//470 420//420 
f 472//472 420//420 1370//1370 
f 414//414 472//472 473//473 
f 473//473 432//432 426//426 
f 416//416 422//422 380//380 
f 422//422 423//423 380//380 
f 423//423 425//425 421//421 
f 425//425 431//431 421//421 
f 424//424 416//416 417//417 
f 416//416 424//424 422//422 
f 425//425 424//424 426//426 
f 424//424 425//425 423//423 
f 422//422 424//424 423//423 
f 432//432 431//431 425//425 
f 417//417 426//426 424//424 
f 425//425 426//426 432//432 
f 426//426 414//414 473//473 
f 429//429 418//418 428//428 
f 436//436 382//382 430//430 
f 435//435 427//427 434//434 
f 435//435 480//480 433//433 
f 480//480 435//435 479//479 
f 479//479 435//435 434//434 
f 433//433 475//475 429//429 
f 429//429 475//475 470//470 
f 435//435 428//428 427//427 
f 434//434 382//382 437//437 
f 429//429 428//428 433//433 
f 433//433 428//428 435//435 
f 427//427 376//376 434//434 
f 436//436 482//482 437//437 
f 376//376 382//382 434//434 
f 436//436 437//437 382//382 
f 438//438 482//482 436//436 
f 483//483 438//438 431//431 
f 483//483 482//482 438//438 
f 430//430 438//438 436//436 
f 431//431 438//438 430//430 
f 439//439 479//479 434//434 
f 479//479 439//439 486//486 
f 439//439 488//488 486//486 
f 434//434 437//437 439//439 
f 439//439 437//437 482//482 
f 439//439 482//482 488//488 
f 482//482 489//489 488//488 
f 1352//1352 1343//1343 446//446 
f 440//440 441//441 447//447 
f 451//451 447//447 441//441 
f 454//454 1352//1352 446//446 
f 1352//1352 454//454 1353//1353 
f 454//454 491//491 1353//1353 
f 441//441 492//492 451//451 
f 492//492 497//497 451//451 
f 1371//1371 490//490 441//441 
f 441//441 490//490 492//492 
f 1356//1356 1342//1342 442//442 
f 442//442 1342//1342 1346//1346 
f 442//442 1346//1346 444//444 
f 1348//1348 1355//1355 1354//1354 
f 443//443 448//448 445//445 
f 1357//1357 442//442 444//444 
f 1354//1354 1355//1355 449//449 
f 448//448 449//449 1355//1355 
f 1359//1359 1357//1357 444//444 
f 451//451 443//443 1358//1358 
f 451//451 450//450 443//443 
f 450//450 448//448 443//443 
f 448//448 450//450 452//452 
f 449//449 448//448 453//453 
f 448//448 452//452 453//453 
f 1359//1359 503//503 1357//1357 
f 1360//1360 503//503 1359//1359 
f 450//450 451//451 455//455 
f 451//451 497//497 455//455 
f 497//497 506//506 455//455 
f 450//450 1361//1361 452//452 
f 452//452 1361//1361 505//505 
f 1361//1361 1381//1381 505//505 
f 453//453 452//452 505//505 
f 461//461 463//463 510//510 
f 1367//1367 1349//1349 510//510 
f 1363//1363 462//462 402//402 
f 460//460 508//508 1362//1362 
f 1366//1366 510//510 1349//1349 
f 358//358 466//466 464//464 
f 358//358 511//511 405//405 
f 358//358 464//464 511//511 
f 1368//1368 465//465 512//512 
f 514//514 516//516 404//404 
f 1350//1350 516//516 515//515 
f 468//468 465//465 407//407 
f 465//465 468//468 513//513 
f 517//517 1369//1369 1351//1351 
f 468//468 467//467 546//546 
f 467//467 518//518 546//546 
f 467//467 469//469 518//518 
f 472//472 1370//1370 471//471 
f 473//473 472//472 477//477 
f 433//433 480//480 481//481 
f 481//481 521//521 474//474 
f 475//475 433//433 481//481 
f 475//475 481//481 470//470 
f 481//481 474//474 470//470 
f 1370//1370 474//474 471//471 
f 476//476 473//473 477//477 
f 473//473 476//476 432//432 
f 472//472 471//471 477//477 
f 526//526 478//478 480//480 
f 519//519 478//478 526//526 
f 485//485 480//480 479//479 
f 480//480 478//478 481//481 
f 481//481 478//478 521//521 
f 519//519 521//521 478//478 
f 521//521 520//520 474//474 
f 483//483 489//489 482//482 
f 476//476 483//483 432//432 
f 432//432 483//483 431//431 
f 485//485 484//484 530//530 
f 485//485 526//526 480//480 
f 479//479 486//486 484//484 
f 485//485 479//479 484//484 
f 488//488 489//489 487//487 
f 486//486 488//488 487//487 
f 489//489 527//527 487//487 
f 491//491 454//454 504//504 
f 1371//1371 493//493 490//490 
f 490//490 1372//1372 492//492 
f 494//494 492//492 1372//1372 
f 492//492 494//494 497//497 
f 494//494 1372//1372 499//499 
f 1371//1371 495//495 493//493 
f 1374//1374 493//493 495//495 
f 491//491 504//504 1373//1373 
f 504//504 1379//1379 496//496 
f 495//495 500//500 1374//1374 
f 1373//1373 504//504 496//496 
f 1373//1373 496//496 500//500 
f 503//503 507//507 496//496 
f 497//497 502//502 498//498 
f 498//498 506//506 497//497 
f 494//494 499//499 1377//1377 
f 1378//1378 497//497 494//494 
f 1381//1381 498//498 501//501 
f 1374//1374 500//500 535//535 
f 500//500 496//496 534//534 
f 507//507 534//534 496//496 
f 535//535 533//533 1375//1375 
f 499//499 533//533 1377//1377 
f 454//454 446//446 1379//1379 
f 454//454 1379//1379 504//504 
f 1380//1380 503//503 1360//1360 
f 505//505 1381//1381 501//501 
f 503//503 1380//1380 507//507 
f 507//507 1380//1380 1376//1376 
f 456//456 574//574 459//459 
f 1382//1382 574//574 456//456 
f 574//574 538//538 459//459 
f 1382//1382 460//460 509//509 
f 460//460 457//457 509//509 
f 509//509 457//457 1365//1365 
f 1364//1364 1386//1386 458//458 
f 1386//1386 537//537 458//458 
f 1385//1385 462//462 1363//1363 
f 1366//1366 540//540 510//510 
f 511//511 464//464 541//541 
f 514//514 405//405 511//511 
f 511//511 541//541 582//582 
f 512//512 465//465 513//513 
f 512//512 464//464 466//466 
f 546//546 513//513 468//468 
f 1369//1369 517//517 1383//1383 
f 513//513 546//546 584//584 
f 544//544 517//517 515//515 
f 526//526 524//524 525//525 
f 519//519 520//520 521//521 
f 525//525 519//519 526//526 
f 550//550 551//551 519//519 
f 551//551 520//520 519//519 
f 519//519 525//525 550//550 
f 520//520 522//522 474//474 
f 522//522 523//523 474//474 
f 551//551 522//522 520//520 
f 551//551 523//523 522//522 
f 474//474 523//523 471//471 
f 477//477 471//471 523//523 
f 477//477 528//528 476//476 
f 529//529 483//483 476//476 
f 523//523 528//528 477//477 
f 554//554 524//524 530//530 
f 547//547 548//548 525//525 
f 548//548 550//550 525//525 
f 524//524 547//547 525//525 
f 526//526 485//485 524//524 
f 531//531 530//530 484//484 
f 524//524 485//485 530//530 
f 531//531 484//484 486//486 
f 532//532 531//531 486//486 
f 552//552 523//523 551//551 
f 528//528 523//523 552//552 
f 487//487 527//527 532//532 
f 528//528 553//553 529//529 
f 529//529 553//553 527//527 
f 483//483 529//529 489//489 
f 529//529 527//527 489//489 
f 528//528 529//529 476//476 
f 557//557 531//531 558//558 
f 532//532 558//558 531//531 
f 532//532 486//486 487//487 
f 1377//1377 533//533 561//561 
f 535//535 564//564 533//533 
f 561//561 533//533 564//564 
f 534//534 507//507 1376//1376 
f 560//560 498//498 502//502 
f 502//502 561//561 560//560 
f 1382//1382 509//509 536//536 
f 509//509 539//539 1384//1384 
f 1386//1386 576//576 537//537 
f 619//619 1385//1385 1392//1392 
f 1382//1382 536//536 577//577 
f 577//577 536//536 575//575 
f 1384//1384 539//539 1391//1391 
f 1391//1391 539//539 677//677 
f 539//539 676//676 677//677 
f 574//574 578//578 538//538 
f 509//509 1365//1365 539//539 
f 462//462 1385//1385 1387//1387 
f 461//461 510//510 539//539 
f 539//539 510//510 540//540 
f 1385//1385 619//619 1387//1387 
f 676//676 539//539 540//540 
f 512//512 541//541 464//464 
f 541//541 623//623 582//582 
f 541//541 512//512 542//542 
f 541//541 542//542 623//623 
f 542//542 512//512 513//513 
f 513//513 584//584 542//542 
f 516//516 543//543 515//515 
f 543//543 544//544 515//515 
f 514//514 580//580 516//516 
f 511//511 581//581 514//514 
f 581//581 580//580 514//514 
f 581//581 511//511 582//582 
f 516//516 580//580 543//543 
f 1383//1383 545//545 583//583 
f 544//544 545//545 517//517 
f 517//517 545//545 1383//1383 
f 518//518 583//583 546//546 
f 588//588 586//586 547//547 
f 547//547 586//586 548//548 
f 524//524 554//554 547//547 
f 554//554 588//588 547//547 
f 548//548 549//549 550//550 
f 550//550 549//549 551//551 
f 551//551 593//593 552//552 
f 593//593 551//551 549//549 
f 552//552 553//553 528//528 
f 632//632 555//555 556//556 
f 632//632 556//556 589//589 
f 555//555 554//554 530//530 
f 556//556 555//555 530//530 
f 557//557 589//589 556//556 
f 556//556 530//530 557//557 
f 589//589 557//557 590//590 
f 590//590 557//557 558//558 
f 557//557 530//530 531//531 
f 553//553 592//592 559//559 
f 532//532 527//527 559//559 
f 532//532 559//559 558//558 
f 527//527 553//553 559//559 
f 552//552 592//592 553//553 
f 534//534 567//567 500//500 
f 560//560 563//563 562//562 
f 498//498 560//560 562//562 
f 498//498 562//562 565//565 
f 562//562 563//563 565//565 
f 561//561 568//568 560//560 
f 568//568 569//569 563//563 
f 568//568 563//563 560//560 
f 535//535 566//566 564//564 
f 569//569 565//565 563//563 
f 566//566 595//595 564//564 
f 566//566 535//535 500//500 
f 564//564 596//596 561//561 
f 596//596 564//564 595//595 
f 565//565 569//569 602//602 
f 565//565 1396//1396 570//570 
f 1396//1396 604//604 570//570 
f 596//596 605//605 561//561 
f 561//561 605//605 571//571 
f 561//561 571//571 568//568 
f 571//571 572//572 568//568 
f 572//572 569//569 568//568 
f 572//572 573//573 569//569 
f 602//602 569//569 573//573 
f 605//605 608//608 571//571 
f 571//571 608//608 572//572 
f 573//573 572//572 601//601 
f 602//602 573//573 601//601 
f 501//501 498//498 565//565 
f 534//534 1376//1376 1390//1390 
f 570//570 501//501 565//565 
f 1390//1390 1389//1389 534//534 
f 1382//1382 577//577 574//574 
f 577//577 717//717 574//574 
f 620//620 1419//1419 577//577 
f 577//577 575//575 620//620 
f 1386//1386 579//579 576//576 
f 579//579 619//619 1392//1392 
f 578//578 579//579 1386//1386 
f 580//580 621//621 543//543 
f 621//621 626//626 543//543 
f 542//542 584//584 624//624 
f 627//627 585//585 545//545 
f 621//621 683//683 626//626 
f 543//543 626//626 544//544 
f 626//626 627//627 544//544 
f 583//583 545//545 585//585 
f 583//583 689//689 546//546 
f 689//689 584//584 546//546 
f 584//584 625//625 624//624 
f 544//544 627//627 545//545 
f 583//583 585//585 689//689 
f 692//692 629//629 588//588 
f 588//588 629//629 586//586 
f 587//587 629//629 628//628 
f 629//629 587//587 586//586 
f 586//586 587//587 548//548 
f 548//548 587//587 549//549 
f 549//549 1393//1393 593//593 
f 632//632 631//631 555//555 
f 555//555 588//588 554//554 
f 634//634 589//589 590//590 
f 634//634 590//590 637//637 
f 591//591 638//638 637//637 
f 637//637 590//590 591//591 
f 558//558 591//591 590//590 
f 559//559 591//591 558//558 
f 559//559 592//592 591//591 
f 594//594 592//592 552//552 
f 592//592 594//594 638//638 
f 591//591 592//592 638//638 
f 593//593 594//594 552//552 
f 598//598 605//605 596//596 
f 595//595 599//599 596//596 
f 596//596 599//599 598//598 
f 595//595 597//597 599//599 
f 598//598 617//617 605//605 
f 597//597 600//600 599//599 
f 599//599 1395//1395 598//598 
f 597//597 639//639 600//600 
f 613//613 639//639 1394//1394 
f 1395//1395 642//642 598//598 
f 642//642 617//617 598//598 
f 639//639 640//640 600//600 
f 1395//1395 640//640 642//642 
f 566//566 500//500 603//603 
f 603//603 500//500 567//567 
f 1397//1397 1389//1389 1390//1390 
f 604//604 1396//1396 607//607 
f 602//602 601//601 1398//1398 
f 603//603 595//595 566//566 
f 1397//1397 613//613 1389//1389 
f 603//603 567//567 1399//1399 
f 613//613 1397//1397 614//614 
f 608//608 606//606 572//572 
f 601//601 572//572 606//606 
f 608//608 610//610 606//606 
f 601//601 606//606 1398//1398 
f 1398//1398 606//606 610//610 
f 614//614 604//604 607//607 
f 1394//1394 603//603 613//613 
f 1394//1394 595//595 603//603 
f 605//605 617//617 608//608 
f 608//608 609//609 610//610 
f 610//610 609//609 612//612 
f 614//614 607//607 611//611 
f 1398//1398 610//610 611//611 
f 610//610 612//612 611//611 
f 614//614 611//611 615//615 
f 611//611 612//612 615//615 
f 613//613 614//614 644//644 
f 615//615 644//644 614//614 
f 608//608 616//616 609//609 
f 609//609 616//616 612//612 
f 617//617 616//616 608//608 
f 617//617 618//618 616//616 
f 612//612 616//616 1400//1400 
f 615//615 612//612 646//646 
f 642//642 650//650 617//617 
f 617//617 650//650 618//618 
f 646//646 612//612 1400//1400 
f 618//618 650//650 651//651 
f 717//717 675//675 574//574 
f 574//574 675//675 578//578 
f 620//620 1391//1391 677//677 
f 1388//1388 619//619 676//676 
f 578//578 678//678 579//579 
f 678//678 578//578 675//675 
f 581//581 582//582 736//736 
f 582//582 623//623 685//685 
f 622//622 621//621 580//580 
f 581//581 622//622 580//580 
f 621//621 622//622 734//734 
f 622//622 581//581 736//736 
f 622//622 736//736 734//734 
f 734//734 684//684 621//621 
f 683//683 686//686 626//626 
f 621//621 684//684 683//683 
f 624//624 623//623 542//542 
f 623//623 624//624 690//690 
f 690//690 624//624 625//625 
f 625//625 584//584 688//688 
f 690//690 625//625 688//688 
f 690//690 685//685 623//623 
f 686//686 627//627 626//626 
f 627//627 691//691 585//585 
f 627//627 686//686 691//691 
f 691//691 687//687 585//585 
f 692//692 588//588 630//630 
f 692//692 628//628 629//629 
f 1401//1401 593//593 1393//1393 
f 631//631 630//630 555//555 
f 630//630 588//588 555//555 
f 633//633 765//765 632//632 
f 631//631 632//632 1443//1443 
f 633//633 632//632 589//589 
f 694//694 594//594 746//746 
f 633//633 589//589 634//634 
f 633//633 634//634 693//693 
f 635//635 693//693 634//634 
f 594//594 593//593 636//636 
f 635//635 637//637 638//638 
f 637//637 635//635 634//634 
f 638//638 694//694 635//635 
f 638//638 594//594 694//694 
f 639//639 641//641 640//640 
f 641//641 643//643 640//640 
f 640//640 643//643 642//642 
f 639//639 613//613 645//645 
f 641//641 639//639 645//645 
f 643//643 653//653 642//642 
f 641//641 649//649 643//643 
f 645//645 649//649 641//641 
f 649//649 656//656 643//643 
f 643//643 656//656 653//653 
f 644//644 615//615 647//647 
f 615//615 646//646 1402//1402 
f 613//613 648//648 645//645 
f 648//648 613//613 644//644 
f 644//644 647//647 648//648 
f 1400//1400 1403//1403 646//646 
f 648//648 647//647 658//658 
f 649//649 645//645 648//648 
f 648//648 658//658 657//657 
f 653//653 650//650 642//642 
f 650//650 652//652 651//651 
f 1403//1403 652//652 655//655 
f 1402//1402 646//646 654//654 
f 654//654 1403//1403 655//655 
f 654//654 646//646 1403//1403 
f 1402//1402 654//654 1404//1404 
f 659//659 656//656 649//649 
f 1404//1404 654//654 663//663 
f 654//654 655//655 1405//1405 
f 659//659 649//649 657//657 
f 648//648 657//657 649//649 
f 657//657 658//658 664//664 
f 653//653 660//660 650//650 
f 650//650 661//661 652//652 
f 650//650 660//660 661//661 
f 655//655 652//652 669//669 
f 669//669 652//652 661//661 
f 661//661 668//668 669//669 
f 661//661 665//665 1407//1407 
f 656//656 662//662 653//653 
f 662//662 660//660 653//653 
f 1405//1405 655//655 1408//1408 
f 659//659 667//667 656//656 
f 667//667 662//662 656//656 
f 1405//1405 1408//1408 671//671 
f 695//695 667//667 659//659 
f 659//659 657//657 695//695 
f 1406//1406 663//663 1410//1410 
f 657//657 664//664 695//695 
f 1406//1406 1404//1404 663//663 
f 661//661 660//660 665//665 
f 666//666 660//660 662//662 
f 666//666 665//665 660//660 
f 667//667 666//666 662//662 
f 666//666 672//672 665//665 
f 667//667 700//700 666//666 
f 672//672 666//666 700//700 
f 671//671 1408//1408 670//670 
f 669//669 668//668 1409//1409 
f 696//696 699//699 1410//1410 
f 671//671 670//670 696//696 
f 1409//1409 668//668 707//707 
f 696//696 670//670 707//707 
f 1407//1407 665//665 674//674 
f 707//707 668//668 673//673 
f 1407//1407 674//674 1411//1411 
f 709//709 1411//1411 1420//1420 
f 1420//1420 1411//1411 674//674 
f 1412//1412 710//710 714//714 
f 717//717 1413//1413 1417//1417 
f 675//675 726//726 728//728 
f 728//728 729//729 675//675 
f 725//725 675//675 717//717 
f 726//726 675//675 725//725 
f 620//620 677//677 679//679 
f 579//579 678//678 682//682 
f 619//619 579//579 682//682 
f 676//676 680//680 677//677 
f 732//732 680//680 676//676 
f 732//732 676//676 681//681 
f 680//680 679//679 677//677 
f 676//676 619//619 681//681 
f 682//682 678//678 754//754 
f 619//619 682//682 681//681 
f 682//682 750//750 681//681 
f 682//682 754//754 750//750 
f 582//582 685//685 736//736 
f 736//736 685//685 758//758 
f 758//758 685//685 739//739 
f 739//739 685//685 690//690 
f 689//689 742//742 740//740 
f 585//585 687//687 689//689 
f 688//688 584//584 689//689 
f 687//687 742//742 689//689 
f 760//760 692//692 630//630 
f 636//636 593//593 1401//1401 
f 693//693 635//635 745//745 
f 635//635 694//694 745//745 
f 594//594 636//636 768//768 
f 1406//1406 1410//1410 699//699 
f 664//664 699//699 695//695 
f 667//667 697//697 700//700 
f 695//695 697//697 667//667 
f 698//698 697//697 695//695 
f 701//701 697//697 698//698 
f 695//695 699//699 698//698 
f 698//698 699//699 702//702 
f 698//698 702//702 701//701 
f 696//696 708//708 699//699 
f 699//699 708//708 702//702 
f 700//700 697//697 701//701 
f 701//701 703//703 700//700 
f 700//700 706//706 672//672 
f 672//672 706//706 1412//1412 
f 706//706 700//700 703//703 
f 703//703 704//704 706//706 
f 704//704 703//703 701//701 
f 705//705 704//704 701//701 
f 705//705 701//701 702//702 
f 1412//1412 665//665 672//672 
f 708//708 705//705 702//702 
f 704//704 705//705 713//713 
f 705//705 712//712 713//713 
f 712//712 705//705 708//708 
f 706//706 710//710 1412//1412 
f 704//704 1415//1415 706//706 
f 711//711 696//696 707//707 
f 696//696 711//711 708//708 
f 673//673 1414//1414 707//707 
f 711//711 707//707 1414//1414 
f 711//711 1414//1414 715//715 
f 1414//1414 721//721 715//715 
f 708//708 711//711 716//716 
f 708//708 716//716 712//712 
f 715//715 716//716 711//711 
f 709//709 1420//1420 719//719 
f 721//721 1414//1414 1423//1423 
f 704//704 1416//1416 1415//1415 
f 1415//1415 1416//1416 1418//1418 
f 1416//1416 730//730 1418//1418 
f 713//713 712//712 1435//1435 
f 715//715 721//721 724//724 
f 715//715 724//724 716//716 
f 718//718 720//720 1424//1424 
f 1422//1422 1425//1425 1421//1421 
f 721//721 1423//1423 1426//1426 
f 721//721 1427//1427 722//722 
f 718//718 1419//1419 620//620 
f 723//723 718//718 620//620 
f 720//720 718//718 723//723 
f 720//720 723//723 1428//1428 
f 723//723 620//620 731//731 
f 620//620 679//679 731//731 
f 724//724 721//721 727//727 
f 727//727 721//721 722//722 
f 1429//1429 1430//1430 1433//1433 
f 679//679 680//680 731//731 
f 1436//1436 716//716 724//724 
f 1436//1436 724//724 727//727 
f 717//717 1417//1417 725//725 
f 1417//1417 726//726 725//725 
f 730//730 1432//1432 1418//1418 
f 730//730 1434//1434 1432//1432 
f 727//727 1431//1431 1436//1436 
f 1435//1435 712//712 1437//1437 
f 716//716 1438//1438 712//712 
f 1434//1434 730//730 729//729 
f 730//730 751//751 729//729 
f 730//730 752//752 751//751 
f 730//730 1439//1439 752//752 
f 753//753 731//731 749//749 
f 731//731 680//680 749//749 
f 675//675 747//747 748//748 
f 748//748 678//678 675//675 
f 675//675 729//729 747//747 
f 681//681 750//750 733//733 
f 748//748 778//778 678//678 
f 678//678 778//778 754//754 
f 732//732 681//681 733//733 
f 732//732 733//733 749//749 
f 749//749 680//680 732//732 
f 684//684 734//734 735//735 
f 735//735 738//738 684//684 
f 735//735 780//780 738//738 
f 738//738 756//756 737//737 
f 758//758 805//805 736//736 
f 739//739 740//740 757//757 
f 757//757 740//740 759//759 
f 683//683 737//737 686//686 
f 686//686 737//737 741//741 
f 684//684 738//738 683//683 
f 683//683 738//738 737//737 
f 688//688 689//689 740//740 
f 690//690 688//688 740//740 
f 739//739 690//690 740//740 
f 691//691 743//743 687//687 
f 742//742 759//759 740//740 
f 686//686 741//741 691//691 
f 691//691 741//741 743//743 
f 761//761 760//760 630//630 
f 744//744 765//765 633//633 
f 631//631 761//761 630//630 
f 1443//1443 761//761 631//631 
f 744//744 633//633 693//693 
f 744//744 764//764 765//765 
f 693//693 766//766 744//744 
f 764//764 744//744 793//793 
f 793//793 744//744 766//766 
f 766//766 693//693 745//745 
f 746//746 767//767 769//769 
f 745//745 746//746 769//769 
f 694//694 746//746 745//745 
f 767//767 746//746 768//768 
f 768//768 746//746 594//594 
f 751//751 770//770 729//729 
f 729//729 770//770 747//747 
f 770//770 797//797 747//747 
f 1441//1441 752//752 1439//1439 
f 750//750 754//754 777//777 
f 774//774 749//749 733//733 
f 775//775 774//774 733//733 
f 753//753 749//749 776//776 
f 776//776 749//749 774//774 
f 733//733 750//750 775//775 
f 750//750 777//777 775//775 
f 736//736 781//781 734//734 
f 735//735 734//734 780//780 
f 780//780 756//756 738//738 
f 734//734 781//781 780//780 
f 756//756 783//783 737//737 
f 783//783 741//741 737//737 
f 757//757 759//759 782//782 
f 758//758 755//755 805//805 
f 758//758 739//739 755//755 
f 782//782 755//755 757//757 
f 755//755 739//739 757//757 
f 760//760 761//761 787//787 
f 791//791 787//787 761//761 
f 760//760 762//762 692//692 
f 762//762 628//628 692//692 
f 763//763 1401//1401 1442//1442 
f 1401//1401 763//763 636//636 
f 768//768 636//636 763//763 
f 792//792 765//765 764//764 
f 761//761 1443//1443 791//791 
f 792//792 764//764 793//793 
f 767//767 794//794 769//769 
f 794//794 745//745 769//769 
f 752//752 770//770 751//751 
f 752//752 771//771 770//770 
f 771//771 752//752 1441//1441 
f 771//771 795//795 770//770 
f 1441//1441 795//795 771//771 
f 800//800 776//776 801//801 
f 778//778 748//748 773//773 
f 778//778 773//773 802//802 
f 778//778 802//802 772//772 
f 851//851 773//773 748//748 
f 775//775 779//779 774//774 
f 779//779 775//775 777//777 
f 776//776 774//774 801//801 
f 754//754 778//778 772//772 
f 754//754 772//772 777//777 
f 779//779 777//777 798//798 
f 777//777 772//772 798//798 
f 780//780 781//781 819//819 
f 736//736 805//805 781//781 
f 781//781 805//805 1445//1445 
f 756//756 824//824 783//783 
f 783//783 824//824 784//784 
f 759//759 742//742 808//808 
f 755//755 782//782 806//806 
f 782//782 759//759 809//809 
f 782//782 809//809 807//807 
f 809//809 759//759 808//808 
f 806//806 782//782 807//807 
f 784//784 741//741 783//783 
f 743//743 741//741 784//784 
f 687//687 743//743 785//785 
f 743//743 784//784 785//785 
f 742//742 687//687 808//808 
f 785//785 808//808 687//687 
f 814//814 816//816 786//786 
f 814//814 786//786 787//787 
f 786//786 760//760 787//787 
f 814//814 787//787 791//791 
f 760//760 788//788 762//762 
f 760//760 810//810 788//788 
f 811//811 788//788 810//810 
f 818//818 767//767 789//789 
f 788//788 763//763 1442//1442 
f 763//763 788//788 789//789 
f 768//768 763//763 789//789 
f 767//767 768//768 789//789 
f 814//814 791//791 815//815 
f 790//790 815//815 792//792 
f 791//791 792//792 815//815 
f 792//792 791//791 1443//1443 
f 794//794 1444//1444 766//766 
f 794//794 766//766 745//745 
f 770//770 795//795 797//797 
f 748//748 747//747 796//796 
f 796//796 851//851 748//748 
f 796//796 1440//1440 797//797 
f 851//851 852//852 773//773 
f 774//774 779//779 801//801 
f 803//803 779//779 798//798 
f 799//799 795//795 1441//1441 
f 799//799 753//753 776//776 
f 779//779 803//803 801//801 
f 798//798 772//772 802//802 
f 855//855 798//798 850//850 
f 798//798 802//802 850//850 
f 773//773 852//852 802//802 
f 802//802 852//852 850//850 
f 798//798 855//855 803//803 
f 821//821 864//864 806//806 
f 780//780 819//819 804//804 
f 756//756 780//780 804//804 
f 784//784 825//825 785//785 
f 784//784 824//824 825//825 
f 805//805 806//806 864//864 
f 806//806 805//805 755//755 
f 826//826 807//807 809//809 
f 809//809 808//808 822//822 
f 807//807 821//821 806//806 
f 821//821 807//807 826//826 
f 822//822 826//826 809//809 
f 827//827 810//810 786//786 
f 786//786 816//816 827//827 
f 810//810 760//760 786//786 
f 811//811 835//835 812//812 
f 835//835 818//818 812//812 
f 812//812 788//788 811//811 
f 812//812 789//789 788//788 
f 818//818 789//789 812//812 
f 814//814 815//815 829//829 
f 790//790 813//813 815//815 
f 816//816 814//814 829//829 
f 790//790 792//792 817//817 
f 817//817 1444//1444 834//834 
f 843//843 817//817 834//834 
f 793//793 817//817 792//792 
f 834//834 1444//1444 794//794 
f 1446//1446 794//794 833//833 
f 818//818 833//833 794//794 
f 818//818 794//794 767//767 
f 842//842 813//813 790//790 
f 839//839 813//813 842//842 
f 797//797 844//844 796//796 
f 845//845 796//796 844//844 
f 797//797 849//849 844//844 
f 845//845 851//851 796//796 
f 797//797 795//795 849//849 
f 799//799 776//776 912//912 
f 776//776 800//800 912//912 
f 801//801 803//803 911//911 
f 911//911 800//800 801//801 
f 819//819 861//861 804//804 
f 756//756 804//804 820//820 
f 824//824 756//756 820//820 
f 1447//1447 820//820 804//804 
f 1447//1447 863//863 820//820 
f 808//808 785//785 823//823 
f 826//826 822//822 865//865 
f 823//823 867//867 808//808 
f 822//822 808//808 867//867 
f 866//866 822//822 867//867 
f 865//865 822//822 866//866 
f 823//823 785//785 825//825 
f 824//824 820//820 863//863 
f 824//824 863//863 825//825 
f 831//831 827//827 830//830 
f 830//830 827//827 816//816 
f 811//811 810//810 828//828 
f 810//810 827//827 828//828 
f 811//811 828//828 835//835 
f 873//873 830//830 816//816 
f 829//829 815//815 838//838 
f 815//815 813//813 838//838 
f 831//831 828//828 827//827 
f 832//832 879//879 833//833 
f 828//828 832//832 835//835 
f 833//833 835//835 832//832 
f 833//833 818//818 835//835 
f 872//872 816//816 829//829 
f 884//884 836//836 885//885 
f 829//829 836//836 884//884 
f 837//837 885//885 836//836 
f 886//886 885//885 837//837 
f 886//886 837//837 876//876 
f 836//836 839//839 837//837 
f 829//829 838//838 836//836 
f 839//839 836//836 838//838 
f 842//842 840//840 839//839 
f 839//839 840//840 837//837 
f 837//837 840//840 841//841 
f 876//876 837//837 841//841 
f 876//876 841//841 877//877 
f 840//840 842//842 841//841 
f 839//839 838//838 813//813 
f 841//841 842//842 843//843 
f 834//834 880//880 843//843 
f 1446//1446 833//833 880//880 
f 880//880 841//841 843//843 
f 817//817 842//842 790//790 
f 842//842 817//817 843//843 
f 849//849 846//846 844//844 
f 795//795 910//910 895//895 
f 846//846 847//847 844//844 
f 844//844 847//847 845//845 
f 851//851 845//845 900//900 
f 851//851 900//900 848//848 
f 851//851 848//848 852//852 
f 847//847 900//900 845//845 
f 901//901 900//900 847//847 
f 799//799 910//910 795//795 
f 912//912 910//910 799//799 
f 850//850 913//913 855//855 
f 852//852 854//854 850//850 
f 850//850 854//854 853//853 
f 850//850 853//853 913//913 
f 848//848 854//854 852//852 
f 917//917 853//853 916//916 
f 916//916 853//853 854//854 
f 911//911 803//803 855//855 
f 915//915 911//911 855//855 
f 861//861 858//858 859//859 
f 856//856 939//939 938//938 
f 938//938 858//858 856//856 
f 805//805 1455//1455 856//856 
f 937//937 857//857 858//858 
f 857//857 859//859 858//858 
f 944//944 863//863 1447//1447 
f 819//819 858//858 861//861 
f 1445//1445 805//805 858//858 
f 858//858 805//805 856//856 
f 861//861 859//859 860//860 
f 864//864 821//821 865//865 
f 823//823 825//825 862//862 
f 867//867 823//823 948//948 
f 948//948 823//823 862//862 
f 866//866 867//867 946//946 
f 948//948 946//946 867//867 
f 863//863 862//862 825//825 
f 821//821 826//826 865//865 
f 874//874 830//830 873//873 
f 830//830 874//874 868//868 
f 875//875 869//869 868//868 
f 830//830 868//868 831//831 
f 831//831 868//868 869//869 
f 869//869 953//953 879//879 
f 831//831 869//869 828//828 
f 869//869 879//879 832//832 
f 832//832 828//828 869//869 
f 881//881 873//873 872//872 
f 873//873 881//881 870//870 
f 870//870 871//871 874//874 
f 872//872 873//873 816//816 
f 884//884 872//872 829//829 
f 873//873 870//870 874//874 
f 871//871 868//868 874//874 
f 871//871 875//875 868//868 
f 875//875 871//871 951//951 
f 951//951 953//953 875//875 
f 875//875 953//953 869//869 
f 878//878 833//833 879//879 
f 953//953 952//952 879//879 
f 952//952 878//878 879//879 
f 877//877 841//841 880//880 
f 878//878 880//880 833//833 
f 880//880 878//878 877//877 
f 887//887 888//888 882//882 
f 882//882 889//889 887//887 
f 882//882 884//884 889//889 
f 888//888 881//881 882//882 
f 881//881 872//872 882//882 
f 882//882 872//872 884//884 
f 885//885 889//889 884//884 
f 885//885 890//890 1448//1448 
f 1449//1449 886//886 883//883 
f 883//883 877//877 962//962 
f 890//890 885//885 886//886 
f 886//886 876//876 883//883 
f 883//883 876//876 877//877 
f 962//962 877//877 878//878 
f 888//888 893//893 892//892 
f 893//893 888//888 887//887 
f 888//888 892//892 881//881 
f 1448//1448 890//890 964//964 
f 1465//1465 1449//1449 883//883 
f 891//891 909//909 908//908 
f 891//891 893//893 909//909 
f 891//891 892//892 893//893 
f 893//893 894//894 909//909 
f 893//893 887//887 894//894 
f 1452//1452 1450//1450 964//964 
f 1450//1450 1448//1448 964//964 
f 894//894 887//887 889//889 
f 795//795 895//895 849//849 
f 849//849 895//895 846//846 
f 896//896 895//895 910//910 
f 895//895 898//898 846//846 
f 895//895 896//896 898//898 
f 896//896 910//910 912//912 
f 896//896 912//912 899//899 
f 912//912 914//914 899//899 
f 847//847 897//897 901//901 
f 846//846 897//897 847//847 
f 846//846 898//898 897//897 
f 896//896 966//966 898//898 
f 898//898 902//902 897//897 
f 898//898 966//966 902//902 
f 900//900 905//905 848//848 
f 848//848 905//905 903//903 
f 904//904 900//900 901//901 
f 897//897 967//967 901//901 
f 901//901 967//967 904//904 
f 897//897 902//902 967//967 
f 906//906 905//905 900//900 
f 905//905 907//907 903//903 
f 906//906 900//900 904//904 
f 906//906 907//907 905//905 
f 904//904 968//968 906//906 
f 906//906 974//974 907//907 
f 976//976 891//891 908//908 
f 921//921 908//908 909//909 
f 917//917 913//913 853//853 
f 913//913 1453//1453 915//915 
f 913//913 915//915 855//855 
f 912//912 800//800 914//914 
f 914//914 800//800 911//911 
f 911//911 915//915 965//965 
f 914//914 911//911 965//965 
f 965//965 915//915 983//983 
f 903//903 854//854 848//848 
f 916//916 854//854 918//918 
f 916//916 918//918 917//917 
f 854//854 903//903 918//918 
f 917//917 918//918 982//982 
f 918//918 984//984 982//982 
f 1453//1453 982//982 915//915 
f 918//918 903//903 1467//1467 
f 927//927 920//920 919//919 
f 920//920 976//976 919//919 
f 919//919 976//976 929//929 
f 908//908 929//929 976//976 
f 920//920 977//977 976//976 
f 929//929 908//908 921//921 
f 921//921 980//980 930//930 
f 922//922 923//923 997//997 
f 922//922 924//924 932//932 
f 991//991 1001//1001 924//924 
f 1001//1001 926//926 924//924 
f 932//932 924//924 935//935 
f 926//926 935//935 924//924 
f 1001//1001 1002//1002 925//925 
f 1001//1001 925//925 926//926 
f 926//926 925//925 927//927 
f 1002//1002 1004//1004 925//925 
f 1004//1004 928//928 925//925 
f 925//925 928//928 927//927 
f 935//935 926//926 927//927 
f 942//942 928//928 1471//1471 
f 935//935 927//927 859//859 
f 1005//1005 928//928 942//942 
f 860//860 859//859 929//929 
f 860//860 929//929 930//930 
f 930//930 944//944 860//860 
f 859//859 927//927 919//919 
f 919//919 929//929 859//859 
f 920//920 927//927 928//928 
f 945//945 944//944 930//930 
f 921//921 930//930 929//929 
f 945//945 930//930 980//980 
f 1012//1012 931//931 934//934 
f 933//933 931//931 923//923 
f 933//933 932//932 937//937 
f 922//922 932//932 923//923 
f 923//923 932//932 933//933 
f 934//934 931//931 933//933 
f 933//933 937//937 940//940 
f 940//940 934//934 933//933 
f 940//940 936//936 934//934 
f 940//940 941//941 936//936 
f 936//936 941//941 949//949 
f 936//936 949//949 1016//1016 
f 932//932 857//857 937//937 
f 1456//1456 937//937 938//938 
f 858//858 938//938 937//937 
f 1455//1455 805//805 1458//1458 
f 805//805 864//864 1458//1458 
f 1457//1457 1459//1459 1454//1454 
f 857//857 932//932 935//935 
f 1461//1461 1460//1460 947//947 
f 1463//1463 1458//1458 864//864 
f 1463//1463 1464//1464 1462//1462 
f 859//859 857//857 935//935 
f 944//944 1447//1447 860//860 
f 944//944 945//945 863//863 
f 945//945 862//862 863//863 
f 943//943 862//862 945//945 
f 1463//1463 864//864 865//865 
f 866//866 946//946 950//950 
f 948//948 950//950 946//946 
f 1464//1464 1463//1463 865//865 
f 948//948 862//862 943//943 
f 1464//1464 865//865 866//866 
f 866//866 950//950 1464//1464 
f 943//943 950//950 948//948 
f 950//950 1014//1014 1464//1464 
f 881//881 963//963 954//954 
f 954//954 870//870 881//881 
f 954//954 871//871 870//870 
f 871//871 954//954 955//955 
f 956//956 955//955 959//959 
f 951//951 871//871 955//955 
f 955//955 956//956 951//951 
f 951//951 956//956 953//953 
f 956//956 961//961 952//952 
f 961//961 962//962 952//952 
f 953//953 956//956 952//952 
f 952//952 962//962 878//878 
f 977//977 957//957 954//954 
f 881//881 892//892 963//963 
f 954//954 957//957 958//958 
f 959//959 955//955 958//958 
f 958//958 955//955 954//954 
f 1466//1466 1465//1465 960//960 
f 960//960 1465//1465 883//883 
f 956//956 959//959 961//961 
f 960//960 883//883 962//962 
f 961//961 960//960 962//962 
f 976//976 963//963 891//891 
f 957//957 979//979 958//958 
f 958//958 979//979 1019//1019 
f 963//963 977//977 954//954 
f 892//892 891//891 963//963 
f 960//960 996//996 1466//1466 
f 960//960 981//981 996//996 
f 964//964 980//980 1452//1452 
f 961//961 981//981 960//960 
f 1020//1020 981//981 961//961 
f 899//899 966//966 896//896 
f 965//965 899//899 914//914 
f 966//966 969//969 902//902 
f 902//902 969//969 967//967 
f 899//899 965//965 966//966 
f 969//969 968//968 967//967 
f 966//966 970//970 969//969 
f 966//966 965//965 970//970 
f 968//968 972//972 906//906 
f 967//967 968//968 904//904 
f 969//969 971//971 968//968 
f 968//968 971//971 973//973 
f 973//973 972//972 968//968 
f 906//906 972//972 974//974 
f 973//973 975//975 972//972 
f 971//971 1023//1023 973//973 
f 972//972 989//989 974//974 
f 975//975 989//989 972//972 
f 988//988 989//989 975//975 
f 977//977 992//992 957//957 
f 979//979 957//957 992//992 
f 992//992 993//993 978//978 
f 979//979 992//992 978//978 
f 995//995 994//994 1027//1027 
f 963//963 976//976 977//977 
f 1018//1018 1019//1019 979//979 
f 1018//1018 979//979 978//978 
f 994//994 981//981 1027//1027 
f 921//921 1452//1452 980//980 
f 945//945 1466//1466 996//996 
f 982//982 984//984 985//985 
f 983//983 915//915 982//982 
f 982//982 1029//1029 983//983 
f 1029//1029 1028//1028 983//983 
f 1028//1028 965//965 983//983 
f 982//982 985//985 1029//1029 
f 903//903 1451//1451 1467//1467 
f 985//985 984//984 986//986 
f 985//985 986//986 1029//1029 
f 974//974 987//987 907//907 
f 987//987 974//974 1470//1470 
f 1451//1451 1468//1468 1467//1467 
f 987//987 986//986 984//984 
f 999//999 1029//1029 986//986 
f 974//974 989//989 997//997 
f 986//986 987//987 998//998 
f 988//988 1469//1469 989//989 
f 989//989 990//990 997//997 
f 988//988 1000//1000 1469//1469 
f 989//989 991//991 922//922 
f 922//922 997//997 990//990 
f 989//989 922//922 990//990 
f 1469//1469 1000//1000 1001//1001 
f 977//977 928//928 992//992 
f 1005//1005 992//992 928//928 
f 992//992 1005//1005 993//993 
f 928//928 977//977 920//920 
f 978//978 993//993 1009//1009 
f 978//978 1009//1009 995//995 
f 1009//1009 994//994 995//995 
f 996//996 994//994 1008//1008 
f 994//994 996//996 981//981 
f 996//996 943//943 945//945 
f 986//986 998//998 999//999 
f 987//987 1470//1470 998//998 
f 924//924 922//922 991//991 
f 923//923 998//998 1470//1470 
f 1036//1036 1035//1035 1015//1015 
f 1015//1015 1471//1471 1003//1003 
f 1000//1000 1002//1002 1001//1001 
f 1003//1003 1002//1002 1000//1000 
f 1004//1004 1002//1002 1003//1003 
f 1006//1006 1005//1005 942//942 
f 942//942 1017//1017 1006//1006 
f 1006//1006 1017//1017 1007//1007 
f 993//993 1005//1005 1006//1006 
f 1006//1006 1007//1007 1009//1009 
f 1008//1008 1007//1007 950//950 
f 993//993 1006//1006 1009//1009 
f 950//950 943//943 1008//1008 
f 1009//1009 1007//1007 994//994 
f 994//994 1007//1007 1008//1008 
f 996//996 1008//1008 943//943 
f 1012//1012 999//999 998//998 
f 999//999 1012//1012 1010//1010 
f 923//923 931//931 998//998 
f 1012//1012 998//998 931//931 
f 1010//1010 1011//1011 999//999 
f 1011//1011 1014//1014 1035//1035 
f 1011//1011 1035//1035 999//999 
f 1014//1014 1015//1015 1035//1035 
f 1012//1012 1013//1013 1010//1010 
f 1011//1011 1010//1010 1013//1013 
f 1012//1012 934//934 1013//1013 
f 934//934 936//936 1013//1013 
f 1013//1013 936//936 1016//1016 
f 1011//1011 1013//1013 1016//1016 
f 1016//1016 1014//1014 1011//1011 
f 1014//1014 1471//1471 1015//1015 
f 1014//1014 1016//1016 1464//1464 
f 942//942 1471//1471 1017//1017 
f 1014//1014 1017//1017 1471//1471 
f 950//950 1472//1472 1014//1014 
f 1007//1007 1472//1472 950//950 
f 961//961 959//959 1020//1020 
f 1019//1019 1018//1018 1020//1020 
f 959//959 958//958 1019//1019 
f 959//959 1019//1019 1020//1020 
f 1018//1018 1027//1027 981//981 
f 1020//1020 1018//1018 981//981 
f 1021//1021 969//969 970//970 
f 971//971 969//969 1021//1021 
f 1021//1021 970//970 1022//1022 
f 970//970 965//965 1022//1022 
f 965//965 1028//1028 1022//1022 
f 1021//1021 1023//1023 971//971 
f 1021//1021 1022//1022 1024//1024 
f 1022//1022 1028//1028 1024//1024 
f 1023//1023 1021//1021 1025//1025 
f 1021//1021 1024//1024 1025//1025 
f 1023//1023 1026//1026 973//973 
f 1025//1025 1026//1026 1023//1023 
f 1026//1026 975//975 973//973 
f 1025//1025 1030//1030 1026//1026 
f 1024//1024 1031//1031 1030//1030 
f 1024//1024 1030//1030 1025//1025 
f 1026//1026 988//988 975//975 
f 1032//1032 988//988 1026//1026 
f 1032//1032 1026//1026 1030//1030 
f 978//978 995//995 1018//1018 
f 995//995 1027//1027 1018//1018 
f 1028//1028 1029//1029 1031//1031 
f 1024//1024 1028//1028 1031//1031 
f 1029//1029 1035//1035 1031//1031 
f 1031//1031 1033//1033 1030//1030 
f 1031//1031 1035//1035 1033//1033 
f 1033//1033 1034//1034 1030//1030 
f 988//988 1032//1032 1000//1000 
f 1030//1030 1034//1034 1032//1032 
f 1003//1003 1000//1000 1032//1032 
f 1034//1034 1003//1003 1032//1032 
f 999//999 1035//1035 1029//1029 
f 1034//1034 1033//1033 1036//1036 
f 1036//1036 1033//1033 1035//1035 
f 1015//1015 1003//1003 1036//1036 
f 1003//1003 1034//1034 1036//1036 
