# Original Z-Anatomy world coordinates in meters; no atlas registration
o Vestibule.l
v 0.04071284458 0.006402503699 1.583648801
v 0.04123163968 0.006442335434 1.583999515
v 0.04109893739 0.006229955703 1.584161639
v 0.04092727974 0.006565603893 1.583209872
v 0.04133419693 0.006674510892 1.583574295
v 0.0393900834 0.007719570305 1.581766963
v 0.03907601535 0.007844425738 1.581931591
v 0.03948922828 0.00848536659 1.581959486
v 0.03974565864 0.008324557915 1.58178091
v 0.03989076242 0.008331170306 1.581507921
v 0.03953380138 0.007644425146 1.581532359
v 0.03869161382 0.007933465764 1.581984401
v 0.03880214691 0.007300463039 1.582044959
v 0.03819264099 0.007474744227 1.58210516
v 0.03841350228 0.007867089473 1.581929326
v 0.03898674622 0.008726182394 1.581945539
v 0.03920270875 0.008643644862 1.581999779
v 0.04019394517 0.009018956684 1.581850529
v 0.04032092914 0.008990224451 1.581600189
v 0.04153347015 0.006592870224 1.582968116
v 0.04114535078 0.006559643894 1.582885385
v 0.04197674245 0.006981769111 1.583346367
v 0.04182907194 0.006936527323 1.583809018
v 0.04194711894 0.006286711432 1.582777262
v 0.04229127616 0.006743552629 1.583060622
v 0.04305604473 0.005125870463 1.583829165
v 0.04245153442 0.004481717944 1.584103227
v 0.04253067821 0.004894016311 1.584720254
v 0.04310943559 0.005334352609 1.584277749
v 0.04314839467 0.005529710092 1.583433509
v 0.04267632216 0.005075649824 1.583249331
v 0.04262480885 0.004705047701 1.583570004
v 0.04175977781 0.006574066356 1.584283471
v 0.04153868183 0.006167907268 1.584494591
v 0.04217298701 0.006481705233 1.584585905
v 0.04192117602 0.006094450131 1.584708452
v 0.04249144718 0.006328079849 1.584737062
v 0.04223574698 0.005946336314 1.584818482
v 0.04274591804 0.006987404078 1.584551573
v 0.04300826788 0.006798976101 1.584698677
v 0.04251332581 0.007138298824 1.584311366
v 0.04313937202 0.007664357312 1.584272146
v 0.04334974661 0.007544574793 1.584464073
v 0.04244482517 0.007317836396 1.5839324
v 0.04297797382 0.007746211719 1.583952785
v 0.0425156951 0.007343683392 1.583525419
v 0.04297168553 0.007720475085 1.583593488
v 0.04279433191 0.007134754676 1.583237171
v 0.04322804511 0.007540839259 1.583342195
v 0.04281264916 0.00617918279 1.583087683
v 0.04331607744 0.006641259417 1.583232403
v 0.0424287878 0.005704491399 1.582909584
v 0.04373591766 0.006130290683 1.58354938
v 0.04425675422 0.006869316567 1.583651423
v 0.04376720265 0.007192853373 1.583356977
v 0.04381902516 0.005917646922 1.583870649
v 0.04441358894 0.006756518036 1.583925247
v 0.04377132282 0.005965261254 1.584263086
v 0.04437954351 0.006788875442 1.584259868
v 0.04297683761 0.005709480029 1.584610701
v 0.04354277626 0.006229568738 1.584611058
v 0.0425763689 0.005354568828 1.584710002
v 0.04245234653 0.005713622551 1.584825873
v 0.04274515435 0.006083649117 1.584765077
v 0.04326056689 0.006552447565 1.584742308
v 0.04383611679 0.007210928015 1.584627271
v 0.04413419217 0.006979171652 1.584543824
v 0.04358483106 0.007393953856 1.584580779
v 0.04397337884 0.008136278018 1.584334016
v 0.04422463849 0.00804984197 1.584369302
v 0.0437383838 0.008204799145 1.584247708
v 0.04385931417 0.008887331933 1.583888292
v 0.04408099502 0.008904727176 1.583942175
v 0.04351579025 0.008245262317 1.584100127
v 0.04364424944 0.008842580952 1.583786249
v 0.04330920428 0.008236077614 1.583839655
v 0.04342953488 0.008744827472 1.583592296
v 0.04326065257 0.008154326119 1.583534718
v 0.0433537811 0.00861484278 1.583343506
v 0.04350115359 0.008012901992 1.583321571
v 0.04356387258 0.008518397808 1.583143234
v 0.04404384643 0.007844625041 1.583330154
v 0.04408055171 0.008520689793 1.583102465
v 0.04456231371 0.007733331062 1.583563089
v 0.0445895195 0.008610069752 1.583242536
v 0.04476089031 0.007721561007 1.583783507
v 0.04480092973 0.008696053177 1.583404064
v 0.04476372153 0.007787121926 1.584065557
v 0.04483254626 0.008805159479 1.583644032
v 0.04452585429 0.007925136946 1.584303737
v 0.0446129553 0.008891725913 1.58387351
v 0.04432077333 0.008912431076 1.583953023
v 0.0440764837 0.009675133973 1.583471656
v 0.04431885481 0.009744320065 1.583356023
v 0.04387573525 0.009592466056 1.583489537
v 0.04338081554 0.01016510185 1.583056092
v 0.04352309182 0.01028644945 1.583021283
v 0.0436886847 0.009506288916 1.583464622
v 0.04325096682 0.01003973652 1.583048582
v 0.04350657016 0.009397282265 1.583402395
v 0.04312360659 0.009894289076 1.583012223
v 0.04331821576 0.009236801416 1.583269238
v 0.04298874736 0.009697340429 1.582922935
v 0.04324025661 0.009073033929 1.583074689
v 0.04292841256 0.009512942284 1.582772851
v 0.0434111096 0.00901063066 1.582875848
v 0.04304991663 0.009470500983 1.58257854
v 0.04384806007 0.009141298942 1.582770467
v 0.04336616769 0.009673092514 1.582427502
v 0.04427521676 0.009386859834 1.582808733
v 0.04366723448 0.009990504012 1.582404733
v 0.04445483163 0.009555035271 1.582908273
v 0.04379251227 0.01018773206 1.582467198
v 0.04449205473 0.009704162367 1.583110332
v 0.04381867498 0.01034977194 1.582637787
v 0.0436979793 0.01038568281 1.582882762
v 0.04279645532 0.01076946594 1.582599163
v 0.04293080047 0.01088161767 1.582446933
v 0.04193418846 0.01107103657 1.582193971
v 0.04202000424 0.0112094013 1.58200717
v 0.04270074517 0.01062303036 1.582648277
v 0.041890461 0.01089545246 1.582276106
v 0.04262282327 0.01047076378 1.582656622
v 0.04186492413 0.01071460266 1.582315564
v 0.04255236685 0.0102985613 1.582643867
v 0.04185247794 0.01051503979 1.582333565
v 0.04247723147 0.0100751454 1.582589865
v 0.04185187072 0.01026351377 1.582312107
v 0.0424483493 0.009875411168 1.582472324
v 0.04188230634 0.01004610118 1.582212687
v 0.04254011065 0.009842650034 1.582278132
v 0.04196791351 0.01001349278 1.582002878
v 0.0427550599 0.01008780394 1.582086205
v 0.04207774252 0.01029939577 1.581741571
v 0.04294923693 0.01044728607 1.582018495
v 0.04213615134 0.01071713772 1.581603765
v 0.04302759096 0.01066202577 1.582057834
v 0.04214730114 0.0109633049 1.581612825
v 0.04303444177 0.01083745807 1.582207203
v 0.04211476073 0.01116292085 1.581748843
v 0.04096229374 0.0111501338 1.581699133
v 0.04103921354 0.01107021235 1.581415653
v 0.04096606746 0.01102649234 1.581929922
v 0.04007349163 0.01053270604 1.581843495
v 0.04004020989 0.0105990069 1.581593752
v 0.0410041362 0.01084920019 1.582042336
v 0.04016850889 0.01040181983 1.581968665
v 0.04104921967 0.01065847185 1.582107782
v 0.04027670622 0.01024807431 1.582033634
v 0.04110335186 0.01044667792 1.582145929
v 0.04039217904 0.01006415859 1.582066536
v 0.04118530452 0.01018162165 1.582138062
v 0.04054808989 0.009824640118 1.582047343
v 0.04128791019 0.009953781031 1.582039714
v 0.0407105051 0.009611731395 1.581934214
v 0.0413794294 0.009907178581 1.581809044
v 0.04081684723 0.00955433026 1.581696987
v 0.04137709737 0.01018256135 1.581490159
v 0.04075071216 0.009773668833 1.581368446
v 0.04125062004 0.01060231123 1.581303358
v 0.04051321745 0.01012060698 1.58118999
v 0.04114704579 0.01085372269 1.581290007
v 0.04033370316 0.01032560039 1.581186533
v 0.04015352577 0.01050550491 1.581312656
v 0.03940391168 0.00987201184 1.581526041
v 0.03956238925 0.009818227962 1.581251383
v 0.03891346604 0.009203358553 1.58138752
v 0.03913930058 0.009227765724 1.581130862
v 0.0394006148 0.009808392264 1.58178246
v 0.03883909062 0.009064294398 1.581644416
v 0.03948897123 0.009695610963 1.581927061
v 0.03888326138 0.008882212453 1.581833124
v 0.0396133773 0.009563525207 1.582002401
v 0.0397718437 0.009416554123 1.582035303
v 0.03998509049 0.009213672951 1.581999063
v 0.03830925748 0.008032022975 1.581737518
v 0.0383464396 0.008345684037 1.581445575
v 0.03851406276 0.008568919264 1.581170678
v 0.03882632777 0.008667815477 1.580936432
v 0.03914168477 0.008603196591 1.58084321
v 0.03939140961 0.009138284251 1.581008792
v 0.0393807292 0.008431127295 1.580885053
v 0.03961094469 0.008978799917 1.581010699
v 0.03985052183 0.008641419932 1.58119452
v 0.04025118798 0.009215489961 1.581281781
v 0.03997879103 0.009522895329 1.581115127
v 0.03977407888 0.009688552469 1.581120849
v 0.03930973634 0.007204559166 1.581871033
v 0.04142474383 0.006081505213 1.58499825
v 0.04081455618 0.006119603291 1.584342241
v 0.04098428413 0.005991305225 1.585270643
v 0.04051706195 0.00593906641 1.584592104
v 0.04169024155 0.006108919624 1.585751891
v 0.04134035856 0.006058312953 1.585886836
v 0.04192049056 0.00600099517 1.585144639
v 0.04202242568 0.006042365916 1.585729003
v 0.03576895967 0.007684773766 1.585730195
v 0.0358078517 0.008000492118 1.585709095
v 0.03586731851 0.007961479016 1.585122228
v 0.03574645519 0.007590169087 1.585172653
v 0.03583841771 0.007434883621 1.584548831
v 0.03566250205 0.007395221852 1.584753156
v 0.03604226932 0.007978964597 1.584620237
v 0.03605302796 0.007580155041 1.584412575
v 0.04252508283 0.00531194685 1.585105419
v 0.04196071997 0.004133640788 1.584592342
v 0.04205360264 0.004468341824 1.585401297
v 0.03502657264 0.008212490939 1.584989309
v 0.03502323478 0.008207917213 1.585767627
v 0.03483160958 0.008108039387 1.585838079
v 0.03477310762 0.008051195182 1.585179567
v 0.03478140756 0.007939581759 1.58462739
v 0.03492733836 0.008094628341 1.584468484
v 0.03532304242 0.008302459493 1.585094452
v 0.03524718434 0.008261176758 1.585747719
v 0.03535693884 0.008349759504 1.584425926
v 0.03557915241 0.008367531933 1.584546208
v 0.03518643603 0.008269829676 1.584194064
v 0.03565222025 0.008729439229 1.583783627
v 0.03579636663 0.008479985408 1.583984613
v 0.03629667684 0.00886646565 1.583526134
v 0.03621325269 0.008524907753 1.583711743
v 0.03593811393 0.008432356641 1.584072709
v 0.03638504446 0.008415778168 1.583706975
v 0.03607200086 0.008362564258 1.584128022
v 0.03645901009 0.008251974359 1.583779216
v 0.0361834839 0.00824986212 1.584179997
v 0.03647978976 0.00806476362 1.583861709
v 0.03626452014 0.008062548004 1.584206343
v 0.03644507006 0.007842869498 1.583923459
v 0.03628572822 0.007727404125 1.584147334
v 0.03594427556 0.008218300529 1.584637761
v 0.03576311097 0.008201979101 1.585131288
v 0.03577601537 0.008329141885 1.584604263
v 0.03555388749 0.00829687994 1.58512044
v 0.03568282351 0.008194306865 1.585715532
v 0.03547301888 0.008263266645 1.585732818
v 0.03587448224 0.008028876036 1.586351514
v 0.0357507281 0.008193842135 1.586378813
v 0.03556307405 0.00824948214 1.58642292
v 0.03596706688 0.008193762973 1.587076068
v 0.03580421209 0.0082479259 1.587142467
v 0.03536332771 0.00825140439 1.586470842
v 0.03563028574 0.008256372064 1.587214112
v 0.03616596013 0.008259936236 1.58782959
v 0.03601302207 0.008276265115 1.587924719
v 0.03546115384 0.008226505481 1.587289095
v 0.03517019376 0.008213805966 1.586522579
v 0.03586301953 0.008251377381 1.588022709
v 0.0365152061 0.008311214857 1.588563919
v 0.03638834134 0.008290715516 1.588688731
v 0.03572728112 0.00817971956 1.588116884
v 0.03530690446 0.008152284659 1.587362051
v 0.03627712652 0.008213851601 1.588806033
v 0.03706279024 0.008319106884 1.58923924
v 0.03698021919 0.008231270127 1.589374304
v 0.03619884327 0.008053993806 1.588895321
v 0.03562583402 0.008028295822 1.588193178
v 0.03692423552 0.008056606166 1.589464307
v 0.0378180854 0.00818030443 1.589775085
v 0.03777001426 0.007989786565 1.589857697
v 0.03691161051 0.007760679349 1.58946836
v 0.03618264943 0.00777080236 1.588921428
v 0.03773262352 0.007683333475 1.589838862
v 0.03867401555 0.007808562368 1.590031028
v 0.03859426081 0.007501184009 1.590010762
v 0.03955739364 0.007531657349 1.589987397
v 0.03945080191 0.007230744231 1.58997643
v 0.03855184838 0.007313347422 1.589902401
v 0.03773290291 0.00749241095 1.589737535
v 0.03937477246 0.007053684909 1.589869142
v 0.04027316719 0.006909166463 1.589778781
v 0.04016561806 0.006743413862 1.589668751
v 0.03931597248 0.006950738374 1.589713097
v 0.03853133321 0.007196617778 1.589747429
v 0.04007061571 0.00665793661 1.589511395
v 0.04087953269 0.006415605079 1.589286089
v 0.04074381664 0.006352386903 1.589140415
v 0.039982263 0.006622678135 1.589332581
v 0.03927045688 0.006895699538 1.58953321
v 0.04061387107 0.006335651036 1.588974953
v 0.04128531739 0.006053408608 1.588624001
v 0.04111634567 0.006054824684 1.588492274
v 0.04049256817 0.00639808923 1.58878088
v 0.03990714252 0.006671174895 1.58912468
v 0.04095712677 0.006134229247 1.588330746
v 0.04146184027 0.005801554769 1.58794713
v 0.04127639532 0.005896341987 1.58782649
v 0.04083490372 0.006361795589 1.588115335
v 0.04040771723 0.006607841235 1.588537812
v 0.04112578928 0.00614087237 1.587654352
v 0.04143789038 0.0056681321 1.587315559
v 0.04126727208 0.005934018176 1.587181807
v 0.04139649868 0.005410414655 1.586822033
v 0.04120853916 0.005722593982 1.586716413
v 0.04133426771 0.006157492287 1.587095499
v 0.04119392857 0.00636565825 1.58757937
v 0.0412681587 0.005968770944 1.58660543
v 0.04092255235 0.005492706783 1.586263657
v 0.0409847647 0.005799018312 1.586117506
v 0.04158784822 0.006162854843 1.586471796
v 0.04163841531 0.00634394493 1.587047696
v 0.04060042277 0.005645651836 1.585570574
v 0.04187164083 0.006202566437 1.586406946
v 0.04189397022 0.006402603816 1.587048411
v 0.0421317853 0.006161188241 1.586381912
v 0.04212015122 0.006399665494 1.587075233
v 0.04236947745 0.006069943774 1.586381435
v 0.04232860357 0.006350925658 1.587126851
v 0.04229915887 0.005901810247 1.585712314
v 0.04223296046 0.005842085928 1.585185409
v 0.04250440747 0.005695973057 1.585725665
v 0.04255494475 0.00592043763 1.586419106
v 0.04243936762 0.005604703911 1.585187078
v 0.04259825498 0.005462905858 1.585760593
v 0.04264738411 0.00572955329 1.586495161
v 0.04253592342 0.005156444386 1.585808396
v 0.04259714112 0.005503844004 1.58660078
v 0.0422203131 0.00483319303 1.586091042
v 0.04234384745 0.005255921744 1.586752534
v 0.04167595506 0.004372344818 1.585694313
v 0.04192128032 0.004743707832 1.586253047
v 0.04153325409 0.004132682923 1.585100889
v 0.04167743772 0.003883334342 1.584424019
v 0.04139296338 0.003899795469 1.58462286
v 0.04114127159 0.004183692392 1.58523345
v 0.04133021832 0.004415180534 1.585801482
v 0.04101324081 0.003976471722 1.584733367
v 0.04064347222 0.00416357303 1.584751964
v 0.04078865796 0.004335484933 1.585259914
v 0.04029592499 0.004487237893 1.584674358
v 0.0404817909 0.004629397765 1.585220933
v 0.03997181356 0.004986358806 1.58448422
v 0.04023594409 0.00513901934 1.585088491
v 0.03983624279 0.005457343999 1.584238291
v 0.04024491459 0.005543871783 1.584897518
v 0.03992203623 0.005921680015 1.583910465
v 0.04017926008 0.006233646069 1.58366406
v 0.04053513333 0.005272793118 1.585740685
v 0.04074388742 0.004807942081 1.585839272
v 0.04112233222 0.005100465845 1.58635962
v 0.04161623493 0.005251706578 1.586862206
v 0.04136480018 0.004887777846 1.586372256
v 0.04164002463 0.00555164367 1.587396741
v 0.04185505956 0.005516725127 1.587442875
v 0.04185190052 0.005183151457 1.586862445
v 0.04165793955 0.005786488764 1.58803761
v 0.04186069965 0.005817892496 1.58810854
v 0.04207839817 0.005530687049 1.587464929
v 0.04145928472 0.006097699516 1.588737488
v 0.04163613915 0.006226920988 1.588816047
v 0.04206616804 0.005932597443 1.588151574
v 0.04102401435 0.006561605725 1.589387536
v 0.04117536917 0.006851913873 1.589396954
v 0.04180813581 0.006509490311 1.588817596
v 0.04040144384 0.007208159193 1.589792132
v 0.03961579129 0.007731581572 1.589897752
v 0.04045602679 0.00741005782 1.589699507
v 0.0387288481 0.008007402532 1.589948297
v 0.03876722977 0.008131746203 1.589807987
v 0.03964351118 0.007865753025 1.589757085
v 0.03787375614 0.008284769021 1.589633107
v 0.03793252632 0.008308695629 1.589463472
v 0.03878826648 0.008172670379 1.589632511
v 0.03715936467 0.008338268846 1.589088321
v 0.037257649 0.008293521591 1.58894217
v 0.03798585013 0.00824944023 1.589297891
v 0.03664469346 0.008281724527 1.588443041
v 0.03676314279 0.00820618961 1.588333488
v 0.03734255582 0.008198527619 1.58881247
v 0.03630831465 0.008199275471 1.58774209
v 0.03640811145 0.008053489961 1.587679744
v 0.03684659302 0.008053720929 1.588251591
v 0.03607932478 0.008044221438 1.587031126
v 0.03607983142 0.007762589958 1.587033272
v 0.03641466051 0.00778283691 1.587672234
v 0.03586613014 0.007729709148 1.586359262
v 0.03572461009 0.007542793639 1.586401105
v 0.03595922142 0.007578759454 1.58708787
v 0.03560947999 0.007501526736 1.585765243
v 0.03532377258 0.007371953223 1.585835814
v 0.03545225412 0.007405024488 1.586483955
v 0.03556262702 0.007431759965 1.58524704
v 0.03528865799 0.00733461231 1.585325599
v 0.03530416638 0.007289056201 1.584902167
v 0.03549342602 0.007343623787 1.584911108
v 0.03513807803 0.007281624712 1.584914088
v 0.03508491069 0.007310926449 1.58536756
v 0.03497417644 0.007319388911 1.584917307
v 0.03490613401 0.007342512719 1.585386753
v 0.03483122587 0.007406268269 1.584898829
v 0.03474720567 0.007428211626 1.585385561
v 0.03473925591 0.007550365757 1.584846497
v 0.03464756161 0.007594403811 1.585351348
v 0.03471809253 0.007760469336 1.584743977
v 0.03465756029 0.007868490182 1.585266232
v 0.03469536081 0.007927757688 1.585880637
v 0.03466224298 0.007627723273 1.585925341
v 0.03486856446 0.007965688594 1.586630106
v 0.03482818976 0.007669104263 1.586661696
v 0.03518949449 0.007996665314 1.587423563
v 0.03515310958 0.007712294348 1.587455988
v 0.03491444513 0.007487664465 1.586645961
v 0.03475919738 0.007449383382 1.585931778
v 0.03523145616 0.007534243166 1.587428093
v 0.03559839725 0.007751883008 1.588225365
v 0.03567010537 0.007578474004 1.588182449
v 0.03536866978 0.00744031975 1.587364435
v 0.03506770357 0.007396751083 1.586601973
v 0.03579133376 0.007482558023 1.588098645
v 0.03623844683 0.007592418697 1.588859797
v 0.03633248433 0.007488907315 1.588751554
v 0.03593225032 0.007441276684 1.587999344
v 0.0355287306 0.007405724842 1.587287903
v 0.03644545376 0.007439528592 1.58862412
v 0.0370047465 0.007455788553 1.589260221
v 0.03707600385 0.007389250677 1.589109302
v 0.03658396751 0.007462619804 1.588476896
v 0.03609801084 0.007468884811 1.587883592
v 0.03717653453 0.007407172583 1.588935852
v 0.03778696433 0.007293829229 1.589424968
v 0.03784448653 0.007302712649 1.589231491
v 0.03732055053 0.007555399556 1.588731885
v 0.03676903993 0.007598172873 1.588298202
v 0.0379437618 0.007459813729 1.58901155
v 0.03854385391 0.007139815018 1.589360476
v 0.03860269859 0.007309440058 1.589125156
v 0.03924228624 0.006928224117 1.589323044
v 0.0392553322 0.00711186789 1.589077473
v 0.03866277263 0.007526339497 1.589070916
v 0.03800720349 0.007667367812 1.588953495
v 0.03931680694 0.007331494242 1.58901751
v 0.03986847401 0.006867543329 1.588875055
v 0.03992962837 0.007089338731 1.588808656
v 0.03943436965 0.007612997666 1.589119315
v 0.03873173892 0.007819440216 1.589172125
v 0.04009225965 0.007357484661 1.588901281
v 0.04046738148 0.006832414307 1.588465571
v 0.04066596925 0.007086669561 1.588546753
v 0.04089808092 0.00658814935 1.588041067
v 0.04113661125 0.006824924145 1.588097095
v 0.04082908109 0.007209196687 1.588669777
v 0.04022210836 0.007497783285 1.589033604
v 0.04133120924 0.00693257153 1.588193893
v 0.04147345945 0.006576878019 1.587593913
v 0.0417022109 0.006663314998 1.587648392
v 0.04150107503 0.006970516406 1.588315487
v 0.04097134992 0.007261317223 1.588817596
v 0.04190058261 0.006687121 1.587728739
v 0.04208194464 0.006659676321 1.587832689
v 0.04165576398 0.006953028496 1.588457704
v 0.04222475365 0.006567364093 1.587948442
v 0.04177499563 0.006868849043 1.588606
v 0.04249322414 0.006242514122 1.587201953
v 0.04257908091 0.006078694947 1.587292194
v 0.04230197519 0.006412789226 1.588056803
v 0.04253599048 0.005870214663 1.587380171
v 0.04226833582 0.006199915893 1.588133097
v 0.04230602458 0.005626406055 1.587454081
v 0.04209525511 0.005173344165 1.586832166
v 0.04163568839 0.004779668525 1.586333394
v 0.04101292789 0.004549512174 1.585847735
v 0.04183731228 0.006721595768 1.588735461
v 0.04121668637 0.007056698203 1.589305162
v 0.04118399322 0.007192082703 1.589157462
v 0.04046129063 0.007541249506 1.589549303
v 0.04041740671 0.007596687414 1.589368463
v 0.04109594598 0.007261243649 1.588985801
v 0.0396361351 0.007920452394 1.589582562
v 0.03958860412 0.007873997092 1.589407325
v 0.0403306894 0.007571289781 1.589190602
v 0.03878591955 0.008113934658 1.589456797
v 0.03876713663 0.007997400127 1.589304566
v 0.03952039778 0.007774461992 1.589253187
v 0.03802379966 0.008135350421 1.589154124
v 0.0380378142 0.007957946509 1.589033961
v 0.03739719093 0.00803283602 1.588710904
v 0.03739389777 0.007751139347 1.588661909
v 0.03685601056 0.007781779859 1.588226438
v 0.03631210327 0.007602698635 1.587737799
v 0.03571638092 0.007440456655 1.587200165
v 0.03524501249 0.007367351092 1.586547613
v 0.03510849178 0.007335685659 1.585882902
v 0.0349230729 0.007362680044 1.585914493
v 0.03852719814 0.007125361357 1.5895679
v 0.03775373101 0.007370142266 1.589593172
v 0.03694659844 0.007573607378 1.589387059
v 0.03499830514 0.008132266812 1.586581826
v 0.03716361895 0.008038537577 1.582569003
v 0.03702601045 0.007898204029 1.583040118
v 0.03692935407 0.008339128457 1.582983851
v 0.03686439618 0.008524880745 1.58251524
v 0.03679646924 0.00833330676 1.582164168
v 0.03715603799 0.00806236919 1.582198739
v 0.03682613 0.008725514635 1.582998991
v 0.03677942976 0.008943046443 1.582697988
v 0.0352429226 0.00774413906 1.583585382
v 0.03531770781 0.00752913719 1.58361721
v 0.03549706563 0.007510396652 1.583277702
v 0.03544890881 0.007803790737 1.583090186
v 0.03529410809 0.008002799004 1.583344698
v 0.03524814919 0.008191872388 1.583525658
v 0.03509251773 0.007881778292 1.583888292
v 0.03510705009 0.007679880597 1.583884239
v 0.03516416252 0.007495333906 1.583927274
v 0.03544019535 0.009230524302 1.583494544
v 0.03534776717 0.008711292408 1.583441377
v 0.03529966623 0.008579121903 1.583289742
v 0.03529938683 0.008809213527 1.583193064
v 0.0353268981 0.009098014794 1.58303988
v 0.03528736532 0.009715780616 1.583242774
v 0.03761592507 0.006951294839 1.582713008
v 0.03741044551 0.00754768122 1.582677484
v 0.03758470714 0.007638296112 1.582291484
v 0.0353333652 0.008350824006 1.583100915
v 0.03540958092 0.008657428436 1.582872748
v 0.03550957516 0.007284733932 1.584569693
v 0.03535311669 0.007258669939 1.584475756
v 0.03497461975 0.007968564518 1.584186196
v 0.03511486202 0.008076669648 1.583981156
v 0.0349361822 0.007823424414 1.584203362
v 0.03644285724 0.007490536664 1.583718181
v 0.03661492094 0.007891356014 1.583667397
v 0.03618945181 0.007387110032 1.583912849
v 0.03619630262 0.007078531198 1.583396316
v 0.03595855832 0.007119638845 1.583605051
v 0.03678723425 0.007829838432 1.58343482
v 0.0366872102 0.007394874003 1.583444357
v 0.03656055406 0.006995194592 1.583230019
v 0.03577906638 0.007215797901 1.583926082
v 0.03597665951 0.007346315309 1.584133148
v 0.03580095991 0.007141811308 1.583445072
v 0.03559508175 0.007230244111 1.583789587
v 0.03562786803 0.007290248293 1.583379745
v 0.03543589264 0.007340296172 1.58370018
v 0.03526552394 0.007354341913 1.583988309
v 0.03540656716 0.007267514244 1.584075093
v 0.03506807983 0.007370226085 1.584345818
v 0.03519460186 0.007290261798 1.584405422
v 0.03497992083 0.007490777411 1.584295869
v 0.03493274003 0.007646541577 1.584249377
v 0.03531421721 0.008381560445 1.583666444
v 0.03546927124 0.008080757223 1.582880616
v 0.0355785042 0.00724684773 1.5841856
v 0.03574429825 0.007308163214 1.584341884
v 0.03707451001 0.007415947504 1.583092332
v 0.03707294166 0.006927866023 1.582994938
v 0.03678004071 0.008220355026 1.583352685
v 0.03669049963 0.008567892946 1.583293915
v 0.03662572429 0.008207108825 1.583568096
v 0.03653848916 0.008479793556 1.583492398
v 0.03655645996 0.009079660289 1.583301067
v 0.03671607748 0.009288806468 1.583070278
v 0.03674184904 0.009295610711 1.582817793
v 0.03655996546 0.009731568396 1.582681537
v 0.03633725271 0.009933910333 1.582624912
v 0.03632033244 0.009372896515 1.582529545
v 0.03656041995 0.009188008495 1.582573175
v 0.03613191098 0.01000496373 1.582645297
v 0.03612665087 0.009419862181 1.5825423
v 0.03589330614 0.01003665198 1.582719326
v 0.03589298576 0.009415802546 1.582610369
v 0.03554892167 0.01001893356 1.582894087
v 0.03555843979 0.009351518936 1.582782149
v 0.03562945127 0.008855539374 1.5826509
v 0.03555475548 0.008311565034 1.582681298
v 0.03574267775 0.008456174284 1.582506895
v 0.0360067375 0.008529606275 1.582357645
v 0.03629858792 0.00852541253 1.582245708
v 0.03623781726 0.008963441476 1.5824157
v 0.03594001755 0.008938075975 1.582486629
v 0.03655746207 0.008775398135 1.582412004
v 0.03883398324 0.005285166204 1.579375863
v 0.03897213563 0.005171131343 1.579565167
v 0.03923297301 0.005782175809 1.579485059
v 0.03907144442 0.005570624955 1.579103827
v 0.03663150594 0.01029341854 1.583194613
v 0.03669472784 0.01030482538 1.582933068
v 0.03659182787 0.01039898116 1.582737327
v 0.03640826419 0.01049820054 1.582663417
v 0.03675187379 0.01103837974 1.582695127
v 0.03658983856 0.01108516287 1.582617164
v 0.03679698706 0.01108928956 1.583147526
v 0.03684534132 0.0110304933 1.582866788
v 0.0364882946 0.01026732381 1.583361387
v 0.03630988672 0.01026440132 1.583502293
v 0.03654428571 0.011215562 1.583436728
v 0.03667708114 0.01115342136 1.583313704
v 0.03603117168 0.0103072999 1.583602667
v 0.03564150631 0.01047834381 1.583542109
v 0.03546882421 0.01063445024 1.583357811
v 0.03534451127 0.01006136928 1.583092928
v 0.03550080955 0.0107009057 1.583152056
v 0.03569670022 0.01068146061 1.582919359
v 0.03621412441 0.01055757329 1.582670808
v 0.03599435464 0.01061527524 1.582741022
v 0.03641194105 0.01115163788 1.582608581
v 0.0362200588 0.01124470681 1.582669497
v 0.03690603748 0.01169705205 1.582451344
v 0.03674121201 0.01177256275 1.582431436
v 0.03705452755 0.01165543497 1.582542062
v 0.03743199632 0.01218616404 1.582280755
v 0.03737075999 0.0121965399 1.582230449
v 0.03728384152 0.01222092565 1.58217144
v 0.03714038432 0.01167063508 1.582712173
v 0.03711690009 0.01178737916 1.58297646
v 0.03752035648 0.01240276266 1.582672715
v 0.03751257062 0.01223622728 1.582431197
v 0.03702572361 0.01189087797 1.583138347
v 0.03692067042 0.01198497228 1.583261728
v 0.03739780188 0.0126752397 1.582939029
v 0.03746660426 0.01254571509 1.582823515
v 0.03633783758 0.01130903885 1.583518744
v 0.03674779832 0.01211038325 1.583342314
v 0.0359618552 0.01147656422 1.583483577
v 0.03581236303 0.01153434534 1.583330631
v 0.03582297266 0.01151068415 1.583122969
v 0.03629871458 0.01227900013 1.582939506
v 0.03630018234 0.01234334987 1.583140612
v 0.0359755829 0.01139463484 1.582854986
v 0.03639798984 0.01210436877 1.582672238
v 0.03658061847 0.01189697627 1.582486868
v 0.03714033589 0.01231292542 1.58213222
v 0.03701289371 0.01246551797 1.582178473
v 0.03757897392 0.01270748116 1.581710458
v 0.03748172522 0.01288804412 1.581736565
v 0.03770331666 0.0125972433 1.581768036
v 0.03815828264 0.01281814091 1.581266761
v 0.03803711757 0.01293689851 1.581195712
v 0.03783809394 0.01256962959 1.581876993
v 0.03830081597 0.01279072277 1.58138299
v 0.03794936836 0.01264680829 1.582026601
v 0.03801063076 0.01285322104 1.582241774
v 0.03856536746 0.01311072055 1.581712961
v 0.03843860701 0.01287686732 1.581529737
v 0.0380041711 0.01302800886 1.582371235
v 0.03797717392 0.01318710763 1.582466245
v 0.03862172738 0.01349259727 1.581881404
v 0.03860848024 0.01331028994 1.581813574
v 0.03788039088 0.01338052098 1.582499504
v 0.03854909167 0.01371008344 1.581877232
v 0.03726420552 0.012835728 1.583006501
v 0.03698616475 0.01304653659 1.582939148
v 0.03762713447 0.01361230388 1.582386494
v 0.03642324358 0.0123043647 1.58329463
v 0.0368723236 0.01305380557 1.582787037
v 0.03685054183 0.01294685155 1.582602024
v 0.03743511438 0.01346220449 1.582082987
v 0.03749600053 0.01360212918 1.582239866
v 0.03689212725 0.01272010058 1.582352877
v 0.03741659597 0.01318771578 1.58187592
v 0.03796425834 0.01314225886 1.581193089
v 0.03795051947 0.01348501444 1.581282735
v 0.03848013282 0.01301827002 1.580633521
v 0.03843256459 0.01323696692 1.580590606
v 0.03888364509 0.01293141022 1.58006084
v 0.03887028992 0.01315109339 1.579973936
v 0.03859283775 0.01289000269 1.580724359
v 0.03897813708 0.01279747672 1.58017242
v 0.03874435648 0.01285700966 1.580842376
v 0.03913318366 0.0127597088 1.580288649
v 0.0389114283 0.01294565201 1.580967307
v 0.03909548745 0.01319133677 1.581096172
v 0.03956138715 0.01309007127 1.580446124
v 0.03932657093 0.01284633297 1.580382943
v 0.03917817771 0.01340426411 1.581152678
v 0.03922356665 0.01359922811 1.581183076
v 0.0397580117 0.01349586248 1.580437183
v 0.03968086839 0.01330193132 1.580451131
v 0.03917666897 0.01382793393 1.58114481
v 0.03974487633 0.01372378506 1.580358267
v 0.03891989961 0.01409317367 1.580947638
v 0.03951536864 0.01399254799 1.580131531
v 0.03828728572 0.01396345999 1.581713796
v 0.03812192753 0.01395750884 1.581569195
v 0.03802149743 0.01380140241 1.581437945
v 0.03859672323 0.01393752825 1.580705643
v 0.0387333706 0.01409592386 1.580807209
v 0.03847130388 0.01360188518 1.580613971
v 0.03896844015 0.01351465937 1.579918742
v 0.03915289044 0.01384641975 1.579935789
v 0.03923169523 0.01288392581 1.57938087
v 0.03938375041 0.01322525647 1.579241872
v 0.03921473026 0.01267320197 1.579511285
v 0.03944340348 0.01227082219 1.579012752
v 0.03947242722 0.01245176699 1.578839898
v 0.03929085284 0.0125388857 1.57964623
v 0.03952227905 0.0121461302 1.579176545
v 0.0394484885 0.01249658037 1.579764962
v 0.03964534029 0.01217509806 1.579366326
v 0.03966626897 0.01257226523 1.579833627
v 0.03994926438 0.01279392 1.579834104
v 0.04021687433 0.01230456214 1.579296947
v 0.03989225253 0.01213977486 1.579344392
v 0.04010498151 0.01298880763 1.579782009
v 0.04021338373 0.01316766907 1.579715729
v 0.04052150249 0.01259888615 1.579072595
v 0.04039478302 0.01245729811 1.579190373
v 0.04023359343 0.01338100061 1.579585433
v 0.04056105763 0.01277646236 1.578887224
v 0.04003635794 0.01364452671 1.579314947
v 0.04038370401 0.01302300207 1.578564167
v 0.03932078928 0.01399931684 1.580001354
v 0.03962830082 0.01352825295 1.579175711
v 0.03983137757 0.01366105396 1.579197526
v 0.03965331241 0.01273573097 1.578622341
v 0.03993871808 0.01297257282 1.578477144
v 0.03976084664 0.01206057984 1.578091145
v 0.04005704448 0.01221788116 1.577884674
v 0.0395668149 0.01114649419 1.578063726
v 0.03975491226 0.0112474151 1.577724695
v 0.03957239538 0.01186345797 1.57837975
v 0.03954042122 0.01173298992 1.57859385
v 0.03952514753 0.01107146498 1.578304052
v 0.03962700069 0.01163134351 1.578784108
v 0.03960167244 0.01099989284 1.5785079
v 0.03977165371 0.01158578973 1.578889847
v 0.0399767682 0.01158177853 1.578931689
v 0.03994485736 0.01092661824 1.578642964
v 0.03974056989 0.0109539805 1.578614354
v 0.04032196477 0.01166602131 1.578843236
v 0.04028693959 0.01094148867 1.578518987
v 0.04050417244 0.01176369283 1.578698158
v 0.0406325832 0.01185979508 1.578545809
v 0.04059389606 0.01103834715 1.578177452
v 0.0404673554 0.01098695584 1.578349829
v 0.04067488015 0.01199455 1.578319669
v 0.04063481465 0.01112354267 1.577926517
v 0.04050882906 0.01220761612 1.577948689
v 0.04047500342 0.01127718203 1.577521205
v 0.04016831145 0.01306293439 1.578455687
v 0.04029402137 0.01226428244 1.577836871
v 0.04003829882 0.01132379752 1.577469349
v 0.04026735574 0.01133385766 1.577402592
v 0.03965518996 0.01036920305 1.57755506
v 0.03992465138 0.01037072483 1.577285886
v 0.039509736 0.009509696625 1.57751596
v 0.03975137696 0.009446679614 1.577283025
v 0.03947208822 0.01035640854 1.57790184
v 0.03942873701 0.01033982355 1.578148723
v 0.03928218409 0.009570520371 1.578111291
v 0.03932700679 0.009558831342 1.577868938
v 0.03950246796 0.01029620878 1.578352213
v 0.03935366496 0.009552785195 1.578306913
v 0.03963780403 0.01025597379 1.578454733
v 0.03983604163 0.01021466497 1.578473806
v 0.03967542574 0.009471993893 1.578413486
v 0.0394849591 0.009519479237 1.578402877
v 0.04016442224 0.01017790474 1.578330398
v 0.03998541459 0.009396914393 1.578263521
v 0.04034042731 0.01017912198 1.578154445
v 0.04046534002 0.01019051857 1.577978969
v 0.04027269036 0.009336827323 1.577921867
v 0.04015276209 0.009360631928 1.578091145
v 0.04050508514 0.01022551954 1.577725053
v 0.04031069577 0.009330432862 1.577679038
v 0.04034632072 0.01030657068 1.577317119
v 0.04015433043 0.009359867312 1.57729423
v 0.04014368355 0.01034967694 1.577203989
v 0.03995870054 0.009399034083 1.577196956
v 0.03952050582 0.008547691628 1.57733953
v 0.03972582519 0.008472110145 1.577256441
v 0.03927163035 0.008679304272 1.577589512
v 0.03890433908 0.007881936617 1.577693343
v 0.03917921335 0.007654894609 1.577418923
v 0.03911181167 0.008787669241 1.577921391
v 0.03907766938 0.008828783408 1.578158975
v 0.03875180706 0.008196509443 1.578330398
v 0.03875661641 0.008092164062 1.578070521
v 0.03915599734 0.008837304078 1.578353763
v 0.03886093944 0.008233037777 1.57854414
v 0.03928976879 0.008807606995 1.578446865
v 0.03947703913 0.008749774657 1.578460097
v 0.03922639415 0.008124618791 1.57867682
v 0.03901547566 0.008204388432 1.57864964
v 0.0397827588 0.00862710923 1.578313589
v 0.0395770818 0.007933004759 1.57854116
v 0.03994815052 0.008547218516 1.578140974
v 0.04006592184 0.008483627811 1.577970386
v 0.03989548236 0.007656572852 1.57815814
v 0.03976586089 0.00778493844 1.578352451
v 0.04009554535 0.008437076584 1.577727556
v 0.03990050033 0.007543306798 1.577880621
v 0.03992398828 0.008428844623 1.577348828
v 0.03964976221 0.00747482758 1.57745266
v 0.03931085765 0.006583864801 1.577714205
v 0.03941105306 0.00752705615 1.577341914
v 0.03899599239 0.006650520489 1.577575445
v 0.03871450201 0.006839470938 1.577640176
v 0.03829686716 0.006149880122 1.578089118
v 0.03859329596 0.005948717706 1.578032255
v 0.03840076551 0.007188264281 1.577933192
v 0.03797595948 0.006539715454 1.578379393
v 0.03826969117 0.007511623669 1.578360438
v 0.03830914572 0.007670876104 1.578656554
v 0.03796429932 0.007104323246 1.579131126
v 0.037873175 0.006909504067 1.578846574
v 0.03848087788 0.007731930818 1.578899145
v 0.03820244968 0.007205001544 1.579340219
v 0.0386762917 0.00771045126 1.579025388
v 0.03894116357 0.007610340603 1.5790658
v 0.03868634999 0.007135152817 1.57945776
v 0.03841917962 0.007219557185 1.579431176
v 0.03937715292 0.007355585694 1.578950167
v 0.03912545741 0.006885270588 1.579366803
v 0.03959920257 0.007125126198 1.578752995
v 0.03973944113 0.006913904566 1.57853806
v 0.03946124017 0.006295464002 1.579012871
v 0.03933621943 0.006585791241 1.579205275
v 0.03969835117 0.006719800644 1.578212857
v 0.03939260542 0.006057751831 1.578668237
v 0.03893744573 0.005885293242 1.578173876
v 0.03863103688 0.005398129579 1.578707457
v 0.0384195298 0.00511191925 1.579274058
v 0.03832079843 0.005446901079 1.57860136
v 0.03813564032 0.005168175325 1.579226851
v 0.03806415573 0.005639635492 1.578647017
v 0.03791729733 0.005367138423 1.579230309
v 0.03773204982 0.005702630617 1.57925272
v 0.03759263456 0.005807142705 1.579802871
v 0.03769359738 0.005316070747 1.580010295
v 0.03770017996 0.006307496689 1.579553723
v 0.03778588772 0.006011439022 1.578889966
v 0.03787304088 0.006612430327 1.579727888
v 0.03813124821 0.006786256097 1.579809666
v 0.03853382543 0.006801265758 1.579808235
v 0.03896052018 0.006631410215 1.579765677
v 0.03915169463 0.006264350843 1.579606533
v 0.03826200962 0.004845264833 1.579991937
v 0.03866992146 0.004777969792 1.579821944
v 0.04056657106 0.002524094656 1.579699516
v 0.04081223533 0.002429318847 1.580057502
v 0.04031813145 0.002752849832 1.579472899
v 0.03993092105 0.002828938188 1.579728961
v 0.04019475356 0.002545416821 1.579968691
v 0.04052502289 0.002388637746 1.58023715
v 0.04019598663 0.00307803927 1.579299569
v 0.04035143182 0.004158399068 1.579058528
v 0.04061672837 0.004248694517 1.578960538
v 0.03931348026 0.002886892296 1.580117345
v 0.03972546756 0.002446137602 1.580322862
v 0.0398658067 0.003203021828 1.579485178
v 0.03939288855 0.003414176172 1.579701424
v 0.03879918531 0.00370405009 1.580056667
v 0.03867196292 0.003314231988 1.580410242
v 0.03863393515 0.002904811874 1.580768228
v 0.03893519193 0.002571775578 1.580765128
v 0.03932624683 0.002289250726 1.58080554
v 0.0408487618 0.004228049424 1.57889092
v 0.03969150037 0.002142944373 1.580845714
v 0.04008305445 0.002227455378 1.580560207
v 0.0395918563 0.003834981471 1.579418659
v 0.03901300952 0.004184631165 1.57972908
v 0.03992459178 0.003645317862 1.579288244
v 0.03998970985 0.00426036492 1.579170465
v 0.03948298469 0.004669446032 1.579324245
v 0.03830130398 0.003723428817 1.581056118
v 0.03851231933 0.003025630722 1.581261992
v 0.03838545829 0.003835372394 1.581762075
v 0.03790745512 0.00451565301 1.581298232
v 0.03805969656 0.004564725794 1.581763744
v 0.0386284031 0.003175452352 1.581876159
v 0.03828698397 0.004059783183 1.580582857
v 0.03785023466 0.004633774515 1.58089304
v 0.04153456166 0.004625825677 1.580148816
v 0.04163263366 0.004788395949 1.579923272
v 0.04147540778 0.004632600117 1.580228925
v 0.03714961931 0.005869457033 1.581428051
v 0.03744891658 0.005266113207 1.581114888
v 0.03737176582 0.005490159616 1.580863714
v 0.03712621704 0.006014765706 1.581165433
v 0.04142441601 0.005074748304 1.580041528
v 0.03813302889 0.007114159875 1.580459595
v 0.03854247928 0.007161778398 1.58027041
v 0.03781693801 0.007303481922 1.580980062
v 0.03756647557 0.0069675087 1.580882311
v 0.03780020028 0.00672626961 1.580376148
v 0.03832550347 0.007867199369 1.580868602
v 0.0380666703 0.007784266025 1.581210256
v 0.03864001855 0.007895614952 1.580659151
v 0.03787758574 0.006104905158 1.582408071
v 0.03745568544 0.005859344266 1.581994891
v 0.03716680408 0.006303361151 1.582185626
v 0.03741103783 0.006457197946 1.582503557
v 0.03804175928 0.005399958696 1.582268476
v 0.03771642223 0.005266184453 1.581845045
v 0.03854221851 0.006169522647 1.58264029
v 0.03848041221 0.005552115384 1.582717657
v 0.03810108453 0.006765164435 1.582535982
v 0.03872961923 0.006737985183 1.582434654
v 0.03783233836 0.007632173132 1.581660628
v 0.03736757115 0.007704871707 1.58188498
v 0.03707090765 0.007924933918 1.581978679
v 0.03681056947 0.007956755348 1.581926703
v 0.03708574176 0.007597401273 1.581685305
v 0.03607520834 0.007070025429 1.583138466
v 0.03648115322 0.006903483067 1.582920432
v 0.03635562956 0.006963691674 1.58270514
v 0.03592809662 0.007206350099 1.583003283
v 0.04080243781 0.005899629556 1.580976248
v 0.04052535817 0.006063386798 1.580607533
v 0.0407991223 0.005825678352 1.580291152
v 0.04093680158 0.005574692972 1.580587626
v 0.04011021927 0.006172539666 1.580144405
v 0.0396653153 0.006130951922 1.579738617
v 0.04009435698 0.005813464988 1.57947433
v 0.04044757038 0.005877505522 1.579851866
v 0.03977489844 0.006652585231 1.580425978
v 0.03933949769 0.006675257348 1.580041766
v 0.03947329149 0.006394181866 1.579888821
v 0.03993398324 0.006415428128 1.580296636
v 0.04039887711 0.006342522334 1.580771923
v 0.04072573781 0.006193069741 1.581183553
v 0.04057696834 0.006462258287 1.581310034
v 0.04023717716 0.006579097826 1.580883503
v 0.0406646356 0.002346430905 1.581495404
v 0.03999355435 0.002291645156 1.581839323
v 0.0401551649 0.002571464516 1.582396984
v 0.04064740986 0.002615853446 1.582231045
v 0.04036332294 0.002185329329 1.580966473
v 0.03982013091 0.002136238851 1.581271887
v 0.04109527543 0.002808062127 1.582052827
v 0.04116288573 0.002648987109 1.581444144
v 0.04142873362 0.003081698436 1.58185041
v 0.0414374508 0.002951256465 1.581348658
v 0.04121725634 0.003096666187 1.582643151
v 0.04154031724 0.003343153745 1.582392335
v 0.04081677645 0.002922361484 1.582871318
v 0.04111300409 0.00321279862 1.583500266
v 0.04147193208 0.003400834743 1.583221674
v 0.04038419574 0.00286116777 1.583044291
v 0.04071690515 0.003139263485 1.58372426
v 0.03994631767 0.002954346826 1.583163619
v 0.04030269384 0.003221937921 1.583861232
v 0.03966973722 0.002685769228 1.582509279
v 0.03943987936 0.002415844006 1.581969142
v 0.03923586011 0.002954721218 1.582545042
v 0.03954117373 0.003207074478 1.583212256
v 0.03896801919 0.002703366568 1.581977129
v 0.03928836808 0.00227384083 1.581393003
v 0.03883334622 0.002564020688 1.581382751
v 0.03889251873 0.003380572423 1.582480788
v 0.03917429224 0.003609817941 1.583163977
v 0.03861539066 0.003982053138 1.582365394
v 0.03885500133 0.004180061165 1.583025217
v 0.03914708272 0.004405424464 1.583641052
v 0.03860360757 0.004873301834 1.582847118
v 0.03894464299 0.005073405337 1.583380461
v 0.03894395754 0.005712837912 1.583125114
v 0.03941941261 0.005844448227 1.583480477
v 0.03937543556 0.005279374309 1.58380425
v 0.03912367299 0.006253764499 1.582868576
v 0.03945782781 0.00671605859 1.582436562
v 0.04006763548 0.006542830262 1.582900167
v 0.03965676203 0.006285454612 1.583174229
v 0.040146593 0.006735657807 1.582109928
v 0.0405533202 0.006599420682 1.582596183
v 0.03969220072 0.007200750988 1.581301212
v 0.03984929994 0.006948548369 1.58167088
v 0.03923488036 0.007749308832 1.580661535
v 0.03946790472 0.007502714172 1.580939412
v 0.03951867297 0.008076610044 1.581144214
v 0.03895556182 0.007857875898 1.580590248
v 0.0388940759 0.007143981755 1.580218554
v 0.03922460601 0.007128118537 1.580335379
v 0.03980037197 0.005430442281 1.579301953
v 0.04033313319 0.005132078659 1.579068661
v 0.04057567939 0.005492025986 1.579208016
v 0.04099741951 0.004757760093 1.578843594
v 0.04084028304 0.00488824863 1.578895092
v 0.04158243164 0.004926336464 1.579240203
v 0.04107438773 0.002451205626 1.580809474
v 0.04134627432 0.002691407222 1.580846906
v 0.04080944881 0.002347995527 1.580551744
v 0.04153873026 0.003011705354 1.580734968
v 0.0416203551 0.003366189077 1.580601573
v 0.04157687724 0.003819649573 1.580519319
v 0.04171708971 0.003673842875 1.582059264
v 0.04193647951 0.003958139103 1.58265245
v 0.04192465171 0.004356412683 1.582396507
v 0.04176771268 0.003651871113 1.582932949
v 0.0420729816 0.004008887336 1.583467722
v 0.04224313796 0.004309158307 1.58312881
v 0.04178408533 0.003750879783 1.583772182
v 0.04146441817 0.003570007626 1.584006667
v 0.04110493883 0.003516489407 1.584221244
v 0.04070706666 0.00359671074 1.584358692
v 0.04030438513 0.003810785478 1.584385633
v 0.03989509493 0.003462895518 1.58389461
v 0.03949892521 0.003852986731 1.583821774
v 0.03991226107 0.00416799495 1.584297061
v 0.03955979645 0.004683922511 1.584092379
v 0.0409700051 0.006507562008 1.58239162
v 0.04062532261 0.006576885935 1.581890106
v 0.04027795419 0.00671181269 1.581441998
v 0.04094515741 0.006345450878 1.58178401
v 0.04130091146 0.006335954182 1.582304597
v 0.04120741412 0.005915900227 1.581740379
v 0.04163714871 0.005956041161 1.582303643
v 0.04156110436 0.004965575412 1.581933498
v 0.0420294255 0.005270728376 1.58250463
v 0.04110773653 0.005648229737 1.581411242
v 0.04118286818 0.00529760262 1.580275655
v 0.041326195 0.004624010064 1.580506682
v 0.04224848747 0.00467936229 1.582823634
v 0.039976459 0.006857712287 1.581049681
v 0.03958646581 0.007013784256 1.580651641
v 0.04084201157 0.005563918035 1.579567194
v 0.041256845 0.005228299182 1.579360008
v 0.04106065258 0.005165826995 1.579010844
v 0.04167708382 0.004921335261 1.579641104
v 0.04141869769 0.005232841242 1.579764128
v 0.04110529646 0.005551187322 1.579988837
v 0.03831618279 0.004420172889 1.580282688
v 0.03695769608 0.006689763628 1.582689643
v 0.0367982164 0.00665353518 1.582432151
v 0.03699559346 0.006301997229 1.581945896
v 0.03666290268 0.006701850798 1.582234621
v 0.03624800593 0.007066020742 1.582534075
v 0.0365672335 0.006793040782 1.582067132
v 0.0361802578 0.007193244528 1.582383394
v 0.03582790121 0.007365865633 1.582874179
v 0.03577987105 0.007544996217 1.582729578
v 0.03616482764 0.007325641345 1.582246661
v 0.03578916192 0.007718141191 1.582578182
v 0.03627769276 0.007585793268 1.58202827
v 0.03598114103 0.008006419986 1.582298517
v 0.03585460782 0.007877582684 1.582430482
v 0.03620011359 0.007458502427 1.582126975
v 0.036168769 0.008103300817 1.582180977
v 0.03639754653 0.007701454218 1.581950068
v 0.03655854613 0.007883287966 1.581929803
v 0.03634558246 0.008169314824 1.582110763
v 0.03654592112 0.008432280272 1.582179785
v 0.03673037514 0.007322279736 1.581646442
v 0.03688132763 0.007457689848 1.581627846
v 0.03661510721 0.007180618122 1.581714153
v 0.03692983091 0.006795384921 1.581363201
v 0.0370698683 0.007000825368 1.581289291
v 0.03653063253 0.006924096495 1.581916928
v 0.03649370372 0.007119384129 1.581860662
v 0.03684992716 0.006519737188 1.581562996
v 0.0368851684 0.006370313466 1.58175087
v 0.03725512698 0.005820201244 1.581694365
v 0.03753388673 0.005213676021 1.581474066
v 0.03734748438 0.006695502438 1.580865979
v 0.03719667345 0.006390650291 1.580937624
v 0.03741775081 0.006032634061 1.580434322
v 0.03756058216 0.006421529688 1.580351353
v 0.03724668175 0.007185483817 1.581299186
v 0.03747301921 0.007397799287 1.581392884
v 0.0406281054 0.004984629806 1.578965902
v 0.04084469005 0.00532091083 1.579093456
v 0.04106461257 0.005388566758 1.579444051
v 0.04131380096 0.005181086715 1.580137968
v 0.04127246514 0.005388577934 1.579855323
v 0.04142018408 0.004601720721 1.580329776
v 0.04162539169 0.003008462489 1.580528736
v 0.04147085175 0.002719506156 1.58057785
v 0.04125859588 0.002507487312 1.580543518
v 0.03941266611 0.009535674937 1.577667356
v 0.03795351833 0.005019532517 1.580042124
v 0.03749941662 0.005402301904 1.580569506
v 0.03786435351 0.004855597392 1.58051002
v 0.03831183538 0.004697488621 1.582274675
v 0.04055976123 0.003978915513 1.578946233
v 0.0416245237 0.004202301148 1.580240965
v 0.04104571417 0.002410446759 1.58035326
v 0.04133245349 0.004735119175 1.578889012
v 0.04022033885 0.00345333945 1.579137206
v 0.04170513898 0.003764284542 1.580339432
v 0.04170625657 0.00335664209 1.580439448
v 0.04159459472 0.004476878326 1.580139995
v 0.04035262018 0.003746982198 1.579024315
v 0.04132076725 0.004707187414 1.580782056
v 0.04176358506 0.004199889489 1.582113147
v 0.04158338159 0.003337733448 1.581689119
v 0.04153132811 0.0031644993 1.581285357
v 0.04151736945 0.003046814585 1.580992699
v 0.04159650952 0.003381022252 1.580765843
v 0.04155442119 0.003840153106 1.580652118
v 0.04102548957 0.005299521144 1.580682397
v 0.04088973254 0.005722956266 1.581033826
v 0.04090897366 0.005574536044 1.580759883
v 0.04160837084 0.003443918657 1.580993056
v 0.04157055914 0.003939162008 1.580900192
v 0.04101659358 0.006420287769 1.583850265
v 0.04089454934 0.006294890773 1.58395195
v 0.04081554338 0.00650819391 1.583417416
v 0.04161156341 0.006316353567 1.584382057
v 0.04198328778 0.006525374018 1.584467292
v 0.04214800149 0.00686717499 1.584302425
v 0.04355696589 0.006854109932 1.584699869
v 0.04360966757 0.01034579799 1.58296895
v 0.04317687079 0.01054470241 1.582809567
v 0.0421717912 0.00999119319 1.582333922
v 0.04247607663 0.009827769361 1.582382202
v 0.04041685164 0.01023668051 1.581170917
v 0.04022275284 0.009821581654 1.581155062
v 0.04152104631 0.006107946858 1.585801244
v 0.04185970873 0.00608511921 1.58573401
v 0.03613005951 0.008311713114 1.584155798
v 0.03591567278 0.008344244212 1.584364414
v 0.0358934328 0.008042527363 1.588556767
v 0.03654365242 0.008060554042 1.589199424
v 0.03618145362 0.007913711481 1.588918924
v 0.04063729942 0.006481931545 1.588333964
v 0.04099783301 0.006248539779 1.587887645
v 0.04179397225 0.006144509185 1.586081862
v 0.04179373756 0.004542777315 1.585977912
v 0.04159308597 0.004240014125 1.58539319
v 0.04150111601 0.004381688777 1.585758567
v 0.04041444883 0.006324398797 1.583637834
v 0.04110672697 0.006702470593 1.589405656
v 0.03540700674 0.007312806323 1.584896922
v 0.03521695733 0.007279212587 1.58490932
v 0.03711952642 0.007382462732 1.589028716
v 0.03742495179 0.007349007763 1.589288712
v 0.04083783925 0.006474589929 1.588056445
v 0.04199452698 0.006680854596 1.587778211
v 0.03749565408 0.007624314167 1.582486987
v 0.03539028764 0.007281638682 1.584722161
v 0.03726543486 0.007469957694 1.582884789
v 0.03667704761 0.0103261387 1.58306706
v 0.03668574989 0.01072336547 1.583187342
v 0.03656577691 0.01027145516 1.583288431
v 0.036974594 0.01193766296 1.583201647
v 0.037234772 0.01223462913 1.58299911
v 0.03887046874 0.01379592158 1.581522346
v 0.03842508048 0.01385285612 1.581805587
v 0.03979096189 0.01385239325 1.579719424
v 0.03940840065 0.01402659714 1.580051541
v 0.04002606496 0.01339196507 1.578814983
v 0.03962445259 0.009479268454 1.577391267
v 0.03940556943 0.009105605073 1.577548981
v 0.03851919621 0.00779594807 1.578193307
v 0.03879655525 0.007371948101 1.579267859
v 0.0391744487 0.00748888636 1.579028964
v 0.04071521387 0.004250792786 1.578925252
v 0.03796957806 0.004524322227 1.581524134
v 0.0378703922 0.00455098087 1.581090927
v 0.0406678915 0.006329440046 1.581252575
v 0.03898791969 0.004288588651 1.583348632
v 0.03871757537 0.004519951995 1.582935452
v 0.04036591947 0.006476039067 1.583235383
v 0.04071763158 0.004566662014 1.578923106
v 0.04092720151 0.00609237887 1.581429958
v 0.03719026595 0.006579827052 1.5825876
v 0.03637966514 0.006996154319 1.582223415
v 0.0365411602 0.006851176266 1.581990123
v 0.03673578054 0.006586831529 1.581909657
v 0.03771267459 0.004873085767 1.58138442
v 0.04074336961 0.00521000009 1.578996181
v 0.03943712264 0.009529179893 1.577622056
v 0.03983644396 0.008292526938 1.581654429
v 0.03996093944 0.008671067655 1.581812382
v 0.04285133258 0.007399147842 1.584304571
v 0.04245876893 0.007233897224 1.584134936
v 0.04419529065 0.008910038508 1.583954573
v 0.04401791841 0.00926228147 1.583717227
v 0.04296153039 0.009464690462 1.582677126
v 0.04270461947 0.009710658342 1.582620263
v 0.04260797426 0.01084852777 1.581833124
v 0.04304239154 0.01075676642 1.582116961
v 0.03911402822 0.009436164983 1.581723452
v 0.03943803534 0.00975534413 1.581867456
v 0.03577169776 0.007442421746 1.584652185
v 0.03592853993 0.007505279966 1.584525347
v 0.03566353768 0.008261865936 1.585127592
v 0.03570667282 0.008197272196 1.585411429
v 0.03863326088 0.007654083427 1.590034127
v 0.03912030533 0.0076785977 1.590031266
v 0.04072643071 0.004262534901 1.584985733
v 0.04046919197 0.004301852547 1.584727645
v 0.03870514408 0.007923389785 1.590000033
v 0.03467457741 0.00757583091 1.58510375
v 0.03471865505 0.007653110195 1.58479929
v 0.03827145696 0.007390873972 1.589088917
v 0.03798085451 0.007553633302 1.588958979
v 0.041063793 0.006474653725 1.587813616
v 0.041324839 0.006479952019 1.587579131
v 0.0424284637 0.006040458567 1.587763548
v 0.04243335128 0.00574018294 1.587422609
v 0.04006169736 0.007708677091 1.589673638
v 0.039645046 0.00790577475 1.589672208
v 0.03711303324 0.007969924249 1.5828017
v 0.03702031821 0.008268165402 1.582533956
v 0.03717778623 0.008075119928 1.58236742
v 0.03729620576 0.00780432811 1.582618117
v 0.03485329449 0.007517046295 1.584562302
v 0.03492789716 0.007735163439 1.584225416
v 0.03580407426 0.007366785314 1.584451437
v 0.03675037622 0.009287370369 1.582914233
v 0.03664820269 0.009778051637 1.583162189
v 0.03669429943 0.009809605777 1.582981944
v 0.03640533611 0.01026505698 1.583432078
v 0.0365527384 0.01075839903 1.583354712
v 0.03604527563 0.01190407481 1.583050609
v 0.03588157892 0.01146273874 1.582988977
v 0.03781045973 0.01380537264 1.581917286
v 0.03923917562 0.01394256018 1.579963803
v 0.03940629959 0.01371673495 1.57955122
v 0.03954493627 0.01141448971 1.578431606
v 0.03956430778 0.01167997532 1.578688979
v 0.03968692198 0.01024347544 1.578470826
v 0.03968765587 0.007853034884 1.578447104
v 0.03948068246 0.007629583124 1.578732729
v 0.03919821605 0.006372221746 1.579421759
v 0.03912831843 0.002418884542 1.580784678
v 0.0371847935 0.007821382955 1.581942081
v 0.03722307086 0.007658094633 1.581764817
v 0.03954830766 0.002183738863 1.581352115
v 0.03885117546 0.00253615831 1.581074357
v 0.03978212923 0.006608589552 1.582654238
v 0.03983715922 0.006761886645 1.582258701
v 0.04049665481 0.004003270995 1.584565401
v 0.04181863368 0.005123551469 1.582265735
v 0.03602558374 0.007664604578 1.582283616
v 0.04094607383 0.002391232178 1.580428958
v 0.04347762838 0.007379415445 1.583307862
v 0.04338811338 0.007769609801 1.583351374
v 0.04379816353 0.008505429141 1.5830971
v 0.04351453856 0.008767462336 1.583016157
v 0.04382035136 0.01027590223 1.582537413
v 0.04341914132 0.0104404306 1.582265735
v 0.04008064047 0.01057087444 1.581443071
v 0.03969215229 0.01023742184 1.581564784
v 0.03948283195 0.009035912342 1.582018852
v 0.03841087222 0.008472698741 1.581304669
v 0.03492207453 0.008164118975 1.585801363
v 0.03513318673 0.008240389638 1.585752487
v 0.0358886905 0.008228074759 1.587108016
v 0.03507732227 0.008210081607 1.586141467
v 0.04011757672 0.006694575772 1.589593887
v 0.04053565115 0.006580148358 1.589500785
v 0.04200816154 0.006406033412 1.587059021
v 0.04002154246 0.006101551 1.583761692
v 0.03703799471 0.008206728846 1.588588238
v 0.03652068973 0.008203040808 1.588049769
v 0.03681184724 0.008146507666 1.588287473
v 0.03603401035 0.008138167672 1.587049007
v 0.03515762463 0.007856248878 1.587445974
v 0.03988321126 0.006973095238 1.588814735
v 0.04182386771 0.006529527251 1.587354779
v 0.04083731398 0.007366378792 1.58937645
v 0.04114596173 0.007235666271 1.589072824
v 0.03527525812 0.00765296258 1.583581567
v 0.03526668623 0.007842550054 1.583483815
v 0.03518625349 0.007729761768 1.583708286
v 0.03680507839 0.006955813151 1.583120227
v 0.03588332236 0.009720703587 1.582671523
v 0.03572491556 0.01003554743 1.582794547
v 0.03557916731 0.01070022862 1.583035588
v 0.03592949733 0.0103286868 1.582742333
v 0.0356438309 0.01110590529 1.58315444
v 0.03752724081 0.01278381515 1.581711173
v 0.03763921931 0.01264581364 1.581728935
v 0.03780776262 0.01284161396 1.581461906
v 0.03890472651 0.01332208887 1.579939485
v 0.03906353936 0.01303915028 1.579672456
v 0.03957050294 0.01231992897 1.579530954
v 0.03954632953 0.0125147542 1.579807162
v 0.04031854868 0.01131100114 1.578663707
v 0.04042946547 0.01171598304 1.578771949
v 0.04021611437 0.009347860701 1.578008175
v 0.04031251371 0.00932965707 1.577822685
v 0.04016743228 0.008909295313 1.577932477
v 0.03948831186 0.007012057118 1.577557802
v 0.03952271491 0.007488315459 1.577358007
v 0.03799372911 0.005473203026 1.578918934
v 0.03791336715 0.005818665959 1.578726768
v 0.04031950608 0.002314307727 1.580388546
v 0.03728986904 0.005573890172 1.581263781
v 0.03712549061 0.00592066301 1.581297636
v 0.03818830848 0.008049316704 1.581331968
v 0.03652091697 0.006914605852 1.583071828
v 0.04129807279 0.003296221374 1.583364725
v 0.04091861099 0.003158391919 1.583621621
v 0.03965929896 0.005892138928 1.583669066
v 0.03946027532 0.007785810158 1.581062198
v 0.04067327827 0.002352372976 1.580391884
v 0.04128990695 0.003382583847 1.583763242
v 0.03951339796 0.007243769243 1.580795646
v 0.03701909259 0.006134003401 1.581590891
v 0.03719321266 0.005836895201 1.581559896
v 0.03706492484 0.007310444489 1.581472516
v 0.04253440723 0.006945777219 1.583157182
v 0.04254605994 0.006494800095 1.583027482
v 0.04442062601 0.006753927562 1.584086418
v 0.04462181404 0.007228748873 1.583885789
v 0.04474720359 0.008855482563 1.583771586
v 0.04471372068 0.00928095635 1.583378553
v 0.04230958968 0.01079014596 1.58245182
v 0.04266040027 0.01054783445 1.582655072
v 0.04063145816 0.009707660414 1.582004428
v 0.04025745392 0.009545294568 1.582020283
v 0.04012170061 0.009377906099 1.581173658
v 0.03575283289 0.008398553357 1.584301472
v 0.03568162397 0.008356522769 1.584579468
v 0.03610822558 0.008270187303 1.588367105
v 0.03579246253 0.00822174456 1.588070989
v 0.04088355601 0.006192703731 1.588745713
v 0.04055199772 0.006349656265 1.588886619
v 0.04261453077 0.005828727037 1.586453795
v 0.04188089445 0.005360480398 1.587147713
v 0.04177945107 0.005655994639 1.587739944
v 0.04196703061 0.005517468322 1.587456822
v 0.03581506386 0.007622980513 1.586374521
v 0.04124188796 0.006894051563 1.588142514
v 0.04132388905 0.006699566729 1.587851167
v 0.04254574701 0.006075009238 1.586807609
v 0.03914639726 0.007895321585 1.589302301
v 0.0383906737 0.008076881059 1.589255214
v 0.03515487537 0.007375022396 1.586575389
v 0.0349758938 0.007377970498 1.586241126
v 0.03520978615 0.007418837864 1.583954573
v 0.03530615568 0.007278134115 1.584219933
v 0.03508136049 0.007485487498 1.584091067
v 0.035490226 0.007247624919 1.584126949
v 0.03626709804 0.008725807071 1.582328677
v 0.03724294528 0.01194508187 1.582421541
v 0.03710728511 0.01164888032 1.582613349
v 0.03828530386 0.0130052343 1.581989169
v 0.03801311925 0.01294692233 1.582316518
v 0.03950714692 0.01273078006 1.580101132
v 0.04046144709 0.01252774242 1.579133153
v 0.04056432843 0.01267551538 1.579000115
v 0.0406001918 0.01224474702 1.578791857
v 0.04050702229 0.01175221056 1.577708364
v 0.04040143266 0.01225592103 1.577859759
v 0.03962932155 0.008504461497 1.577279449
v 0.0393929556 0.008607034571 1.577446461
v 0.03936751187 0.008096927777 1.577370763
v 0.0378937237 0.006742001045 1.578616619
v 0.03785553575 0.006253320724 1.578642249
v 0.03832218796 0.006823057774 1.579815865
v 0.03813466057 0.00685165124 1.580105424
v 0.0377009511 0.006851662882 1.580646515
v 0.03985410929 0.005979337264 1.579617977
v 0.03954797983 0.006267427467 1.579824328
v 0.03938476741 0.003084163647 1.582865953
v 0.03909290954 0.002821234055 1.58225596
v 0.03905220702 0.003146306612 1.582523823
v 0.03965093568 0.005053779576 1.579277515
v 0.04093490914 0.00482970383 1.578860998
v 0.04112062976 0.004808987491 1.578840613
v 0.03612339124 0.00819585938 1.587416053
v 0.04162722081 0.003647249658 1.583894372
v 0.03632891178 0.0083228359 1.582166314
v 0.0364280045 0.008481835946 1.582206607
v 0.03738467395 0.005531583913 1.581578612
v 0.0374507606 0.006827970501 1.580866337
v 0.03741428629 0.007075185422 1.581100821
v 0.04133605957 0.005324332509 1.57981205
v 0.04114498943 0.00594405923 1.586002946
v 0.04148304462 0.00610261783 1.586181045
v 0.0415122211 0.006676270626 1.589125276
v 0.04080164805 0.007031692658 1.589620829
v 0.03539277986 0.008012579754 1.587813854
v 0.0355999954 0.007891751826 1.588217616
v 0.03632756695 0.007471472025 1.58819437
v 0.0368681848 0.007440958638 1.588725448
v 0.03667938337 0.007521419786 1.588382959
v 0.04014979303 0.006737492047 1.58872056
v 0.04041516781 0.00671687955 1.588475943
v 0.04188790545 0.006807042286 1.588155866
v 0.04215987027 0.006621946581 1.587890148
v 0.04202758521 0.004960780498 1.586535811
v 0.04177848995 0.004752050154 1.586298466
v 0.04120972008 0.006968151778 1.58936131
v 0.03515893593 0.007350413129 1.586198568
v 0.04118985683 0.006319776177 1.584105611
v 0.04127138853 0.006577232387 1.583815217
v 0.04145530611 0.006483281031 1.584135294
v 0.04173870385 0.006138306577 1.584615946
v 0.04398199916 0.007097912021 1.584608912
v 0.04370580614 0.007308436092 1.584615111
v 0.04406308755 0.007616596296 1.584518909
v 0.04349870235 0.009783861227 1.58325386
v 0.04359906912 0.009457146749 1.583440304
v 0.04191856459 0.009994653054 1.582121134
v 0.04158589989 0.010032258 1.582115293
v 0.04070656002 0.01062499732 1.581219912
v 0.04148074239 0.006100087892 1.584690213
v 0.03632736206 0.008258007467 1.58396101
v 0.03647609055 0.008162356913 1.583820701
v 0.03902813047 0.008517058566 1.578429461
v 0.03924752027 0.008819407783 1.578428149
v 0.03849049658 0.007205235772 1.579442978
v 0.03892136365 0.007022237405 1.579429746
v 0.03858908638 0.006916340906 1.579620957
v 0.03953360394 0.002619934967 1.580225587
v 0.03934017569 0.003179148072 1.579877496
v 0.03894812614 0.003114909632 1.580235958
v 0.03908630088 0.002698930679 1.580456495
v 0.03708469123 0.007155744825 1.583072305
v 0.03655327857 0.008229778148 1.583657384
v 0.03666607291 0.01031884458 1.582820535
v 0.03674641997 0.01070042979 1.582903028
v 0.03714680672 0.01234638598 1.583120108
v 0.03685526922 0.01203691307 1.583313346
v 0.03712397814 0.01295210887 1.582988977
v 0.03818849474 0.01399042644 1.581635118
v 0.03979456797 0.01286994014 1.578534603
v 0.03972452879 0.01241928432 1.578341246
v 0.03986112401 0.009420426562 1.577220321
v 0.03964573145 0.008996632881 1.57730937
v 0.03597772494 0.007378535345 1.582551479
v 0.03616575524 0.007259323727 1.582313299
v 0.04094992206 0.005368986633 1.579248548
v 0.03817711771 0.004624226131 1.5820117
v 0.03786110878 0.005327024497 1.582050443
v 0.03825294971 0.005474796519 1.582494259
v 0.03749576211 0.007722013164 1.582050443
v 0.04041527212 0.006524840835 1.581096768
v 0.03902202845 0.004733674694 1.583515286
v 0.03931128979 0.004109478556 1.583744526
v 0.0393419303 0.004535951186 1.583887219
v 0.04080961645 0.006526669022 1.582129478
v 0.040445555 0.006589123979 1.581367135
v 0.04075484723 0.006398926489 1.581540704
v 0.041142039 0.006435634103 1.582337856
v 0.03902520984 0.007374570705 1.590016246
v 0.03856820241 0.007390890736 1.589964867
v 0.04114884511 0.005882332101 1.586363435
v 0.04141490906 0.006078506354 1.586535811
v 0.04063125327 0.004453378264 1.585251451
v 0.03790322691 0.008307681419 1.589549661
v 0.03556009755 0.007356096059 1.584837317
v 0.03463838995 0.007730832323 1.585311174
v 0.03464078158 0.007610655855 1.58561945
v 0.03857056051 0.007212389726 1.589233279
v 0.03889499977 0.007040097844 1.589362264
v 0.04087967053 0.004426417407 1.585554957
v 0.03853075206 0.007114695851 1.589471221
v 0.03698163852 0.008123497479 1.583006263
v 0.039690651 0.008005784824 1.581506729
v 0.04010058194 0.008663251065 1.581545472
v 0.04324100912 0.007607857697 1.584381938
v 0.04304701835 0.007713921834 1.584125638
v 0.04336003587 0.007948058657 1.584205151
v 0.04361181334 0.008546385914 1.583957314
v 0.04340345412 0.008248752914 1.583982348
v 0.0432540141 0.009246696718 1.582728744
v 0.04360918328 0.009052003734 1.582805276
v 0.04213870317 0.0110712396 1.581662536
v 0.04164421931 0.01096847095 1.581424594
v 0.03885204718 0.008974722587 1.581748724
v 0.03857236728 0.00869182311 1.581550598
v 0.03989960253 0.008459998295 1.581346154
v 0.03565208241 0.008313765749 1.584853053
v 0.04001078382 0.008514359593 1.578057289
v 0.03985211626 0.008156090975 1.578221917
v 0.03955652937 0.0063670245 1.578432798
v 0.03558646142 0.007323209196 1.584643364
v 0.03656057641 0.007712068502 1.583705544
v 0.03630204126 0.007425751537 1.583814025
v 0.03630881011 0.007229744457 1.583561182
v 0.03690816462 0.007849843241 1.583256364
v 0.0365495421 0.007421938702 1.583575487
v 0.03705573827 0.007664329838 1.583074927
v 0.03667382151 0.00951472763 1.582757354
v 0.03640494123 0.01079845056 1.583479524
v 0.03619047627 0.01027211268 1.58356595
v 0.0362887606 0.0123233553 1.583048582
v 0.03633452952 0.01220336091 1.582806468
v 0.03656883165 0.01262911037 1.582792401
v 0.03715183958 0.01297434326 1.582132339
v 0.03929042816 0.01304533798 1.579308033
v 0.03920885175 0.0127637051 1.579447389
v 0.03936950862 0.0126878703 1.579102755
v 0.03954365477 0.01103687938 1.578407407
v 0.03948484734 0.01071229856 1.578209996
v 0.03975607455 0.009846096858 1.578428507
v 0.04001189023 0.01019089948 1.578418851
v 0.03637145832 0.007259271573 1.581971645
v 0.03952619433 0.002190604107 1.580823898
v 0.04155300558 0.004713909701 1.580078244
v 0.04150651395 0.004630397074 1.580185294
v 0.03694805503 0.007949895225 1.581948757
v 0.04110522196 0.002700818935 1.581756353
v 0.04128345102 0.002942068037 1.581950545
v 0.04113516212 0.002946241293 1.582347155
v 0.03926716 0.002259967383 1.581092834
v 0.03984456137 0.006439325865 1.583038926
v 0.04031116888 0.006594553124 1.582745433
v 0.0421686694 0.004946017172 1.582660556
v 0.03892462328 0.007081254385 1.589752674
v 0.03970014304 0.00680793263 1.589632988
v 0.0392916128 0.006916360464 1.589625359
v 0.04214865714 0.006268242374 1.586728454
v 0.04225507751 0.006122480147 1.586377859
v 0.03475400805 0.00803512428 1.585861683
v 0.03518050537 0.007606868632 1.587448835
v 0.03536042199 0.007733637467 1.587846518
v 0.04000705481 0.007228439208 1.588843703
v 0.04020989686 0.006960680243 1.588650942
v 0.04044561088 0.007579747122 1.589460611
v 0.03767272085 0.008175433613 1.589003801
v 0.03737555072 0.008131411858 1.588757277
v 0.03489753976 0.008122224361 1.586201668
v 0.03539348021 0.007539082319 1.583454847
v 0.03524263203 0.007511011325 1.583772898
v 0.04027444869 0.008974297903 1.581739187
v 0.04305615276 0.006405977067 1.583157539
v 0.0426116772 0.005944523495 1.583018184
v 0.04409468174 0.00818530377 1.583237052
v 0.04433245584 0.007777475752 1.583435297
v 0.04418151453 0.01005539671 1.582863569
v 0.04057051614 0.01067050919 1.581991911
v 0.04102620855 0.01075519808 1.582078338
v 0.04044367746 0.009340407327 1.581891179
v 0.04009444267 0.009106111713 1.581938267
v 0.0386595875 0.008637489751 1.581041694
v 0.03479416296 0.008085657842 1.585496545
v 0.03571736813 0.008256963454 1.587177873
v 0.03597098216 0.008252230473 1.587492943
v 0.04004989937 0.008950971067 1.578100085
v 0.03913716227 0.006595911458 1.577600956
v 0.03816420585 0.005054133013 1.582256794
v 0.03952369839 0.006633205805 1.577949762
v 0.03912226111 0.006207800005 1.577924848
v 0.03780527413 0.005546524189 1.579232693
v 0.03781164438 0.005317068193 1.5796175
v 0.03588435799 0.007266313769 1.584019542
v 0.03568274528 0.007206482347 1.583850145
v 0.03537082672 0.007423125673 1.583659768
v 0.03568253666 0.007239614613 1.584063411
v 0.03572997078 0.009394540451 1.582682133
v 0.03591459244 0.009158474393 1.582547903
v 0.03584580123 0.01065003127 1.582817674
v 0.03581831232 0.01103231218 1.582900405
v 0.03744130209 0.0130291814 1.581792355
v 0.03772321716 0.0130355088 1.5814749
v 0.038793277 0.01286531519 1.580447197
v 0.03866620362 0.01286091376 1.580781817
v 0.03974454477 0.01212000195 1.57933569
v 0.04039343074 0.01096281968 1.578434229
v 0.0402344279 0.01056291163 1.57840848
v 0.03677351773 0.006987760309 1.581552863
v 0.03655837476 0.007118963636 1.581781507
v 0.03748312965 0.00522387214 1.581296682
v 0.03788052127 0.004924199078 1.581795692
v 0.03741675243 0.005355549045 1.58094418
v 0.03840275854 0.008226376027 1.581028938
v 0.03990801796 0.006271603517 1.583389878
v 0.04155794531 0.003889952553 1.580763221
v 0.04163136333 0.003519810736 1.583077192
v 0.04162810743 0.003567789216 1.583485246
v 0.03978778422 0.006936166435 1.580849051
v 0.04119957983 0.006048373878 1.588559747
v 0.0414933227 0.005916850641 1.58833468
v 0.04137247056 0.006069574039 1.588683605
v 0.03681958839 0.008328401484 1.588842392
v 0.03658040613 0.008302303031 1.588502526
v 0.03582655638 0.00756136002 1.58674407
v 0.03565321118 0.007523716893 1.586071253
v 0.03559203073 0.007466234267 1.586441159
v 0.03604548424 0.007490936201 1.588439226
v 0.0358603783 0.007455198094 1.588050008
v 0.04053829238 0.007352897897 1.588868141
v 0.04109431803 0.007069278043 1.588442922
v 0.04090140015 0.007240829058 1.588740587
v 0.04197404906 0.005170813762 1.586851478
v 0.04176618159 0.004984999541 1.58659339
v 0.03538022563 0.008872816339 1.58345139
v 0.03534168005 0.009456393309 1.58336401
v 0.04274983704 0.004798071459 1.584000945
v 0.04310604557 0.005208375398 1.584073067
v 0.04315564409 0.005311079789 1.583611488
v 0.04282079265 0.004896343686 1.583694458
v 0.04345953837 0.005534847267 1.583838463
v 0.0440938063 0.006351229269 1.584275603
v 0.04367521778 0.006078127306 1.584456444
v 0.04461323097 0.008415016346 1.584108114
v 0.04187612236 0.01080582757 1.582298636
v 0.04145013168 0.01092083286 1.582137227
v 0.04099385068 0.009815328754 1.581981659
v 0.04133950174 0.009895671159 1.581942201
v 0.03986869752 0.009619340301 1.581100941
v 0.03538542241 0.008402884007 1.584010482
v 0.03645064682 0.008307711221 1.588626385
v 0.03982241824 0.008445570245 1.577266693
v 0.03958176449 0.007998717949 1.577290177
v 0.03827303275 0.007608650252 1.578524232
v 0.03804342449 0.00721797999 1.57857883
v 0.03874595836 0.006744082086 1.579785585
v 0.03514095768 0.008181348443 1.584075451
v 0.03512638062 0.007324753795 1.584374309
v 0.03501924127 0.007425806019 1.584319949
v 0.03608553857 0.008948205039 1.582435966
v 0.03640724346 0.008861321025 1.582401872
v 0.03552716225 0.009822489694 1.58352983
v 0.03738969192 0.01219099015 1.582243204
v 0.03747744486 0.01219640579 1.582340837
v 0.03762099519 0.01239173394 1.582099199
v 0.03850885853 0.01298635546 1.581624985
v 0.03859510645 0.01321739331 1.581772447
v 0.0388372615 0.01317294501 1.58141315
v 0.03920412809 0.01350114774 1.581170201
v 0.03943805024 0.01337843761 1.580802083
v 0.04047127441 0.0121256467 1.578929067
v 0.04037136957 0.01131852437 1.577425003
v 0.04042020068 0.01079198904 1.577391863
v 0.03767250851 0.006573980208 1.580355525
v 0.04073747993 0.004936455749 1.578930736
v 0.04120360687 0.005456297193 1.579905748
v 0.03852265328 0.006899612956 1.580035329
v 0.04026237503 0.005866587628 1.579641819
v 0.0393525511 0.003388562473 1.583200693
v 0.03994384035 0.005681058392 1.579364777
v 0.04035077244 0.005641198717 1.57932806
v 0.04129056633 0.003526225686 1.584118605
v 0.03970988095 0.003328057472 1.583566308
v 0.04095565528 0.005079029594 1.578920484
v 0.03535824269 0.008512256667 1.582991958
v 0.03523276746 0.007268699352 1.584683776
v 0.0353814736 0.008222985081 1.582998633
v 0.03650254384 0.0104607828 1.582686782
v 0.03665228188 0.0107314717 1.582727313
v 0.0374337472 0.0126101207 1.58288312
v 0.03767519072 0.01295686606 1.58271873
v 0.03735053539 0.01274520904 1.582985401
v 0.03730000928 0.01335525326 1.582683325
v 0.03669344634 0.01269137487 1.583141327
v 0.03690713271 0.01307399664 1.582868218
v 0.03806875646 0.01389716007 1.58150661
v 0.03842962533 0.01405532751 1.581197023
v 0.04001916572 0.01261663903 1.578163624
v 0.0400608331 0.01303344127 1.578453422
v 0.03943543881 0.01035326347 1.578038454
v 0.03940427676 0.009942740202 1.577869654
v 0.03896797821 0.008217722178 1.578627706
v 0.03867778927 0.007975676097 1.578706384
v 0.03949336335 0.002361258492 1.580547452
v 0.04132041335 0.006193102803 1.584342003
v 0.04200532287 0.006258551963 1.584617496
v 0.04234229773 0.006415858399 1.584674835
v 0.04243294895 0.006728627253 1.584569812
v 0.04436365142 0.007437958848 1.584448814
v 0.0431885682 0.009972343221 1.58303535
v 0.04295660928 0.01027201675 1.582849145
v 0.04225828499 0.009960096329 1.582133651
v 0.04263955355 0.009934493341 1.582172632
v 0.04024311528 0.01041795593 1.581229806
v 0.04002686962 0.0100035714 1.581157446
v 0.04096530005 0.006169793196 1.584239483
v 0.04196473956 0.006012717728 1.585426807
v 0.03622934967 0.008172983304 1.584198713
v 0.03605569899 0.008234150708 1.584406972
v 0.03733528033 0.008035493083 1.589685917
v 0.03691164404 0.007909348235 1.589478254
v 0.0412177369 0.006036813837 1.587418437
v 0.04112554342 0.006256335415 1.5876019
v 0.042090673 0.00593193993 1.585172892
v 0.0414746739 0.004029557109 1.584844828
v 0.0413309522 0.00414644042 1.585191846
v 0.03509460762 0.007296466734 1.585140347
v 0.03505620733 0.007294739131 1.584917545
v 0.04172126204 0.006919463631 1.588532567
v 0.04206077382 0.006353269797 1.58848536
v 0.04184014723 0.006628063507 1.588784933
v 0.04139120504 0.007103473414 1.588736653
v 0.03620867431 0.007527437992 1.587807655
v 0.03589385003 0.007457183208 1.587550282
v 0.03501461446 0.007342453115 1.585900068
v 0.03991202265 0.002316054655 1.580426335
v 0.03877990693 0.00291415141 1.581936598
v 0.0387525335 0.003270972287 1.582173586
v 0.03876434639 0.004971523769 1.58312571
v 0.04044348747 0.006641396787 1.581659317
v 0.04079953209 0.006472615525 1.581824899
v 0.04011585191 0.006710022222 1.580955148
v 0.03702738881 0.006774651352 1.58285296
v 0.03579747304 0.00745436037 1.582803249
v 0.0376091823 0.005227990448 1.581654549
v 0.04118375853 0.005400452763 1.579657435
v 0.03845399618 0.004781259689 1.582557678
v 0.0366896987 0.007840065286 1.583567858
v 0.03481779248 0.007693444844 1.584485173
v 0.03686754405 0.008266976103 1.583186984
v 0.03663406521 0.00805486273 1.583618879
v 0.03644512594 0.009863290936 1.582638144
v 0.03655906767 0.009448817 1.582630157
v 0.03656767681 0.01003767364 1.582726359
v 0.03661204129 0.01118405815 1.583377123
v 0.03535008803 0.008568318561 1.583530426
v 0.03671836853 0.01160603948 1.583365917
v 0.03646435216 0.01125197578 1.583487868
v 0.03633490205 0.01234356314 1.583225608
v 0.03657809645 0.01271463931 1.582987189
v 0.03768406436 0.0133580938 1.581591249
v 0.03950421885 0.01339402515 1.579196811
v 0.03953934833 0.0130050946 1.578923583
v 0.0396319516 0.01132655796 1.578632355
v 0.03972522914 0.01159472764 1.578865647
v 0.03953263909 0.009507714771 1.57841599
v 0.03984177113 0.009431119077 1.57835412
v 0.03957716748 0.009104367346 1.578417659
v 0.03997444734 0.008063464426 1.578041553
v 0.04010280594 0.008457018994 1.577870727
v 0.03918429837 0.005950573832 1.578405023
v 0.04068281502 0.002421953948 1.580132842
v 0.04346551001 0.007472846191 1.584529877
v 0.04357659072 0.00786460191 1.584374905
v 0.04353039712 0.008800200187 1.583700418
v 0.04360856861 0.009126653895 1.583598256
v 0.04319387302 0.009543660097 1.582490087
v 0.04280785471 0.009674132802 1.582427621
v 0.04259928688 0.01103488449 1.581975341
v 0.03918427601 0.009305259213 1.581884623
v 0.03954789788 0.009630712681 1.581970572
v 0.0394323878 0.00737629598 1.58168304
v 0.03604700416 0.007766806986 1.5845474
v 0.03615272418 0.008024044335 1.584407926
v 0.03600765765 0.008127077483 1.584642529
v 0.03549260274 0.008278731257 1.585414529
v 0.03950529546 0.007379683666 1.589995623
v 0.04091032967 0.005655847955 1.586201191
v 0.04040020332 0.004571421072 1.584925771
v 0.04012158141 0.004728015978 1.584589124
v 0.04072755948 0.005375247914 1.586017966
v 0.04100506008 0.005291107111 1.586319208
v 0.03998522088 0.007374810521 1.589910626
v 0.03959286585 0.007645912468 1.589952111
v 0.03835558519 0.008255768567 1.589576244
v 0.03753173724 0.008334084414 1.58929801
v 0.03796057776 0.00828798674 1.589378595
v 0.03466916084 0.007820974104 1.585000992
v 0.03893201426 0.007216816768 1.589121103
v 0.03863209859 0.007408817299 1.589071512
v 0.03693327308 0.008430382237 1.582756877
v 0.03687695414 0.008541694842 1.582980633
v 0.04151476175 0.004957040772 1.579986572
v 0.03691982478 0.007761409506 1.581809521
v 0.04133046046 0.002816208173 1.581381917
v 0.03957634419 0.007401731797 1.581424356
v 0.03955757618 0.007862277329 1.581322432
v 0.04125592485 0.002662013983 1.581117988
v 0.04159226269 0.003183757421 1.580662251
v 0.04012462497 0.004342939705 1.584478498
v 0.0362719968 0.007899263874 1.582073689
v 0.0366916433 0.007922614925 1.581914306
v 0.03627242148 0.008139674552 1.582135439
v 0.04157928005 0.003010952612 1.58062005
v 0.03555373475 0.007389313076 1.583337545
v 0.0358620137 0.007327032275 1.584239125
v 0.03553366661 0.009678446688 1.582852244
v 0.03540758044 0.01000691298 1.583006024
v 0.03560553119 0.01034885366 1.582915902
v 0.03611377999 0.01058507431 1.582694888
v 0.03629607335 0.01084662229 1.582652211
v 0.03793115169 0.01272863615 1.581523895
v 0.03776822984 0.01256738883 1.581824183
v 0.03905053437 0.0127656199 1.580232024
v 0.03914453462 0.01268704794 1.579904199
v 0.03981276602 0.0126753198 1.57984221
v 0.03979885951 0.01237328351 1.579582691
v 0.04057187214 0.01181101706 1.578623772
v 0.04050015286 0.01138171181 1.578504562
v 0.04041368887 0.009777138941 1.577686787
v 0.04044318572 0.01026546769 1.57751143
v 0.03921119869 0.007072232198 1.577432156
v 0.03766867146 0.005741656292 1.579477787
v 0.03774631396 0.005824944936 1.57909596
v 0.04356304556 0.00636297185 1.583371878
v 0.04355831444 0.006902506575 1.583305001
v 0.04436180741 0.008561152965 1.583160996
v 0.04399874806 0.008840787224 1.582942247
v 0.04377370328 0.0103880018 1.582762837
v 0.04343694076 0.01060784794 1.582424521
v 0.04022236168 0.01032735873 1.582005501
v 0.04055933654 0.009293023497 1.581650496
v 0.0398116 0.01006769296 1.581951976
v 0.03899041191 0.008651567623 1.580872655
v 0.04031757265 0.00907673873 1.581435919
v 0.03476183489 0.008001923561 1.584889293
v 0.03548077866 0.008252372965 1.586843491
v 0.03526505083 0.008237531409 1.586495638
v 0.04222794995 0.006382019725 1.587097883
v 0.04062053561 0.005034237634 1.58579886
v 0.03636712953 0.008144059218 1.587705851
v 0.03470250964 0.007971831597 1.585226655
v 0.03481579944 0.007466689683 1.586271763
v 0.03505529836 0.007510302588 1.587035894
v 0.03498620167 0.007434100844 1.586626053
v 0.03908530995 0.007724061608 1.589168191
v 0.03977189586 0.007489311509 1.589029312
v 0.04203631356 0.006542085204 1.587409735
v 0.04077085853 0.007427143399 1.589197755
v 0.04003774002 0.007763690315 1.58949554
v 0.04037814215 0.007592189591 1.589277625
v 0.03948200867 0.007708798163 1.58918488
v 0.03852745146 0.007154465187 1.58965981
v 0.03814041242 0.007294208277 1.589693666
v 0.0354604423 0.007654618006 1.583196044
v 0.03984960169 0.002164253034 1.580720544
v 0.0372663103 0.005723845679 1.580962658
v 0.03871902823 0.008299581707 1.580809832
v 0.03973597661 0.002121438505 1.58101666
v 0.04053810611 0.002993931994 1.583395958
v 0.04016327485 0.002887361916 1.583111167
v 0.03890890256 0.007483118679 1.580417514
v 0.04183657467 0.004243934061 1.582247496
v 0.03564475104 0.007455358747 1.583076596
v 0.03699626401 0.006906496361 1.581309199
v 0.03687377274 0.006658442318 1.581459284
v 0.03706968576 0.006597845349 1.581157923
v 0.03743106127 0.005444768351 1.580743432
v 0.03541469947 0.008496457711 1.583741546
v 0.03587171063 0.00955702085 1.583658695
v 0.03735032678 0.01219972316 1.58221364
v 0.03868052736 0.01293133758 1.581254482
v 0.03949904069 0.01357445586 1.580811262
v 0.03922506794 0.01370311342 1.581182837
v 0.04042276368 0.01310774032 1.579223394
v 0.04015137255 0.01352678612 1.579449534
v 0.04025493562 0.01268422883 1.578127146
v 0.03910752386 0.008266526274 1.577632546
v 0.03917988762 0.008750342764 1.577753782
v 0.03810820729 0.007398708258 1.578876853
v 0.03837378323 0.007713694125 1.57878089
v 0.03908614069 0.006439977791 1.57966423
v 0.04250435159 0.004659942817 1.5844239
v 0.04254397377 0.004567240831 1.583784461
v 0.04427639395 0.006869306322 1.584421039
v 0.04460598156 0.007274718955 1.584192395
v 0.04446404427 0.008908791468 1.58393085
v 0.04451414198 0.009340891615 1.583615899
v 0.04225621745 0.01062337123 1.58247447
v 0.04258800671 0.01039010193 1.58265388
v 0.04077772051 0.009553116746 1.581833243
v 0.04219747707 0.004277070053 1.584365249
v 0.03573223203 0.00852772966 1.583906651
v 0.03601536527 0.008889330551 1.583664536
v 0.03632993251 0.008259349503 1.588749409
v 0.03670687973 0.00830904115 1.588980794
v 0.04103604704 0.006077092141 1.588420153
v 0.04130927473 0.005925202742 1.588223219
v 0.04263135418 0.005583733786 1.586120844
v 0.04259777814 0.005320867058 1.585762978
v 0.04175958782 0.005796191748 1.588075519
v 0.03628231585 0.007534184493 1.588809133
v 0.04027801007 0.007539309096 1.589108944
v 0.03988113627 0.007640077267 1.589162707
v 0.03803550825 0.008061512373 1.58909142
v 0.03612177446 0.007593336515 1.587421417
v 0.03584161401 0.007501698099 1.58714211
v 0.0365781486 0.007588239852 1.589144826
v 0.03554651141 0.009022342041 1.583626509
v 0.03531495482 0.008691539057 1.583365202
v 0.03819030896 0.0078354422 1.5810256
v 0.03847819194 0.007888387889 1.580745697
v 0.03913954645 0.006639405619 1.579903126
v 0.03887655586 0.00261928956 1.581685781
v 0.03890609369 0.006855526008 1.580002785
v 0.04224425182 0.004217218608 1.583790779
v 0.0409088023 0.003539975267 1.584302902
v 0.04065579548 0.005711370613 1.57969439
v 0.04120104015 0.005018312484 1.578949094
v 0.03726148605 0.006560888607 1.580885053
v 0.03746325895 0.006550676189 1.580628633
v 0.0380769521 0.004618145525 1.58042419
v 0.03933594748 0.008795933798 1.578461289
v 0.03925586492 0.007108427584 1.579165459
v 0.03950993717 0.007235198747 1.57885468
v 0.03965091333 0.003296210431 1.579584599
v 0.03655246273 0.007983703166 1.583754063
v 0.03674343973 0.008399643004 1.583317399
v 0.03669857234 0.008201522753 1.583474636
v 0.03550145775 0.008772403002 1.582756519
v 0.03546636179 0.008486550301 1.582782149
v 0.03648265079 0.0107866535 1.582653165
v 0.03631157801 0.0105290683 1.582659721
v 0.0377234146 0.0128116319 1.582612276
v 0.03754385188 0.01363473758 1.582312584
v 0.03795857355 0.01381525677 1.582062721
v 0.03831039742 0.01389683504 1.581079841
v 0.03990751505 0.01215125807 1.577969074
v 0.03977056965 0.01166624762 1.577883482
v 0.03964615986 0.01195836999 1.578237295
v 0.0393609181 0.009956711903 1.578118086
v 0.03944608942 0.01032142434 1.578252554
v 0.03779337555 0.008101857267 1.589826941
v 0.0413367413 0.005793972872 1.587249041
v 0.04144635424 0.005545672961 1.587064385
v 0.04208376259 0.006088585127 1.586047769
v 0.04216898605 0.005981536116 1.585720301
v 0.04157117382 0.003892946523 1.584524512
v 0.04153928906 0.005591530818 1.587363601
v 0.04043802992 0.007323626895 1.58975637
v 0.03827102855 0.00810954906 1.589892268
v 0.03784506395 0.008241214789 1.589709163
v 0.03499475121 0.007320533041 1.585379243
v 0.03750393912 0.007361798082 1.589104652
v 0.03725006431 0.007471139543 1.588827491
v 0.04201932251 0.006718522869 1.588289142
v 0.04238509014 0.006408382207 1.587584734
v 0.04227305949 0.006496587768 1.588005066
v 0.0350875929 0.007323313039 1.585609674
v 0.04112287611 0.006600739434 1.583422661
v 0.04105142131 0.006576860324 1.583026886
v 0.04208870605 0.006029984914 1.584775448
v 0.0438111797 0.007752677891 1.584476113
v 0.04334244877 0.00965404883 1.583205819
v 0.04340808094 0.009322188795 1.583345175
v 0.04202514142 0.01012087334 1.581867099
v 0.04167324677 0.009994102642 1.58189404
v 0.03982775658 0.01015789434 1.581286311
v 0.04189979285 0.006017161068 1.584893107
v 0.03637921438 0.008085516281 1.584017396
v 0.03646917269 0.007953859866 1.583898544
v 0.03577727079 0.00763299223 1.582654238
v 0.04130394757 0.005326243117 1.58001101
v 0.04134655744 0.00493114721 1.580250621
v 0.03988423944 0.003414751496 1.579378128
v 0.03806569055 0.004322973546 1.580767632
v 0.0384856984 0.005868849345 1.582680941
v 0.03864194453 0.006456231233 1.582568169
v 0.04030266777 0.002291678218 1.581706166
v 0.04063362256 0.00247032335 1.58190167
v 0.04050052166 0.002235383959 1.581211805
v 0.04095376655 0.002496161498 1.581488013
v 0.03891965747 0.00540318666 1.583249331
v 0.0391507484 0.005176535808 1.583603621
v 0.03883920982 0.006215055473 1.582749963
v 0.04074282572 0.006567195989 1.582911015
v 0.04090513662 0.002390620066 1.581092
v 0.04160870984 0.003756938269 1.584246874
v 0.04013165832 0.006783414166 1.581243277
v 0.0383127816 0.004225889221 1.58041501
v 0.03983637691 0.007719571702 1.578257442
v 0.03992790356 0.007597562391 1.578043699
v 0.03982533887 0.007271265611 1.578328371
v 0.03877162188 0.005614692811 1.578441143
v 0.03607618436 0.007227679249 1.583751917
v 0.03608389944 0.007363644894 1.584021807
v 0.03632793576 0.009642959572 1.582581997
v 0.0362338759 0.009976652451 1.582629204
v 0.03670262545 0.008680501021 1.582435131
v 0.03636163473 0.01021749061 1.582653046
v 0.03683810309 0.01152774226 1.583242178
v 0.03617239743 0.01175608486 1.582779408
v 0.0379473567 0.01330331154 1.58122611
v 0.03820099682 0.01321058907 1.580896378
v 0.03934428841 0.01248903107 1.57925427
v 0.03924196586 0.0125971036 1.5795784
v 0.03969617561 0.01096524112 1.578590631
v 0.03956467658 0.01065381058 1.578417182
v 0.04273984209 0.005498435814 1.584631205
v 0.03940834478 0.007125415839 1.589931846
v 0.03986798227 0.007074740715 1.589899063
v 0.04079385847 0.005718056113 1.585857868
v 0.04034013301 0.004878844135 1.585162878
v 0.04059251398 0.004703694955 1.585534692
v 0.03466406837 0.007902706973 1.585556269
v 0.03924335539 0.007008772809 1.589191079
v 0.03921764344 0.008059110492 1.589631319
v 0.03878977895 0.008153688163 1.589542627
v 0.03683168441 0.008439936675 1.582315922
v 0.03680749983 0.008748782799 1.582620263
v 0.03847874328 0.007682560012 1.582020879
v 0.03853767738 0.007902754471 1.581968427
v 0.03893373534 0.008263160475 1.581982493
v 0.042732656 0.007525734603 1.583956838
v 0.04246130213 0.007356737275 1.583723307
v 0.04339702427 0.008491056971 1.583729625
v 0.04325589165 0.008204005659 1.583684683
v 0.04363133758 0.00941948127 1.582597971
v 0.04408448935 0.009264698252 1.582777023
v 0.04157710075 0.01118120272 1.581554532
v 0.03858119622 0.008426746354 1.581783295
v 0.03617414087 0.00765093416 1.584279895
v 0.03558281064 0.008240135387 1.585723877
v 0.03569733724 0.008193653077 1.586039543
v 0.03647553921 0.007761223242 1.581921577
v 0.03655502945 0.007506426424 1.581806183
v 0.03697341681 0.007528567687 1.581642747
v 0.0372781828 0.007477187552 1.581551313
v 0.04142076895 0.002995749237 1.581590652
v 0.04146856442 0.003201978281 1.582118869
v 0.0403476432 0.00665619364 1.582336068
v 0.03997592628 0.006835648324 1.581885099
v 0.04160109907 0.00336960447 1.580678821
v 0.04040908813 0.006668342743 1.581985712
v 0.04020252451 0.008884554729 1.577693105
v 0.03886144608 0.006726915017 1.577585578
v 0.03878359124 0.006275490858 1.577779889
v 0.03761673719 0.005551540758 1.579919457
v 0.03762238845 0.006041374989 1.579692364
v 0.03484869376 0.007871567272 1.584396601
v 0.03569335863 0.007186666131 1.583620906
v 0.03571565449 0.007207852323 1.583409905
v 0.03545261174 0.007946498692 1.582983732
v 0.0355925709 0.009079684503 1.582714081
v 0.036089845 0.0109214047 1.582717657
v 0.03809282929 0.01286779996 1.581224203
v 0.03822924942 0.01279256959 1.58132112
v 0.03838005662 0.01287282538 1.580999017
v 0.03894699365 0.01282960922 1.58056438
v 0.03882387653 0.01288039144 1.580902934
v 0.0401015766 0.01257143356 1.579555988
v 0.04004144296 0.01289742067 1.579811811
v 0.04062754288 0.01145505533 1.578340173
v 0.04067581892 0.01191504858 1.578454733
v 0.04024945572 0.009341946803 1.577476621
v 0.04042063653 0.006505579688 1.589346647
v 0.04002528638 0.006633623503 1.589423656
v 0.04237094522 0.006200686097 1.586752415
v 0.04233967513 0.005971034989 1.58603096
v 0.04247137532 0.006001870614 1.586394906
v 0.04093083739 0.004944613669 1.586112857
v 0.03661341593 0.008055064827 1.587977886
v 0.03622947261 0.0080495812 1.587362647
v 0.03642396629 0.007919749245 1.58766818
v 0.03473929688 0.007855557837 1.584687352
v 0.04087439924 0.004651894793 1.585853338
v 0.03875341266 0.00792319607 1.589237094
v 0.03838067874 0.007897133939 1.58912766
v 0.034836445 0.007398025598 1.585925102
v 0.03535224125 0.007903167047 1.583235264
v 0.04129065573 0.006567220204 1.582925797
v 0.04175510257 0.006784710567 1.58319509
v 0.04174246266 0.006472877227 1.582827568
v 0.04461529851 0.008177679032 1.583426595
v 0.04469592869 0.00771628879 1.583672881
v 0.04332870245 0.01064893045 1.582665205
v 0.04065110534 0.01049525756 1.582058668
v 0.04107384011 0.01055840496 1.582130909
v 0.03603353724 0.007445637137 1.584266901
v 0.03925576434 0.008888057433 1.580934167
v 0.03927364945 0.008535406552 1.580841184
v 0.03484353051 0.008017931134 1.584558249
v 0.03580775857 0.008264147677 1.587576032
v 0.03554455191 0.008246459998 1.587251425
v 0.03559681028 0.007686750498 1.582914948
v 0.03698955849 0.006280787755 1.581372023
v 0.03721687943 0.006846989971 1.581085563
v 0.03715356067 0.006177218165 1.581035376
v 0.03750919178 0.00590662472 1.580132365
v 0.03715337813 0.007091785315 1.581286669
v 0.04097231105 0.005461145192 1.579489946
v 0.0359242335 0.007110119797 1.583280087
v 0.04067429155 0.005987551995 1.580794454
v 0.04083897918 0.005758633371 1.580762625
v 0.040762797 0.006055136677 1.581095099
v 0.04022952169 0.002183230594 1.580744028
v 0.0405102931 0.003160236636 1.583804965
v 0.03903764859 0.008247422054 1.580730796
v 0.03905913234 0.007142160553 1.580251575
v 0.04195621982 0.004138896242 1.582523346
v 0.04187163711 0.003797432175 1.582789898
v 0.04207777977 0.004124794621 1.582888007
v 0.04091328382 0.003316310467 1.583995938
v 0.04143089056 0.006426309235 1.58260715
v 0.04223446921 0.005470489617 1.582728982
v 0.04092140868 0.005861220881 1.581200957
v 0.0409896113 0.005574410316 1.579785824
v 0.0388097465 0.007997635752 1.577885866
v 0.03865923733 0.007526628673 1.577788711
v 0.03789957613 0.007025460247 1.579010367
v 0.03806300834 0.007163999602 1.579242587
v 0.0378966853 0.006806022022 1.57941556
v 0.04019219056 0.003268648637 1.579214573
v 0.04023792967 0.003819834907 1.57910943
v 0.03530604392 0.008474146947 1.583198667
v 0.034950573 0.007564506959 1.584272742
v 0.03720944375 0.01226036716 1.582141757
v 0.03748276085 0.0124218734 1.581991434
v 0.03799269721 0.01310681738 1.582421422
v 0.03830433264 0.01319345087 1.582105637
v 0.03972256556 0.0133983884 1.580446124
v 0.03977609426 0.01359899156 1.580416203
v 0.03999906778 0.01336188614 1.580069542
v 0.04049091414 0.01290936396 1.578720331
v 0.0406424813 0.01240156777 1.578584075
v 0.04029573128 0.01181123871 1.577592373
v 0.03903747723 0.007760882378 1.577532053
v 0.03567010537 0.008121239021 1.588158488
v 0.04021263123 0.006534882355 1.588968992
v 0.0407419391 0.006263530347 1.588565946
v 0.04043908045 0.006492880639 1.588652253
v 0.04249508679 0.004996285774 1.585324407
v 0.04264802113 0.005623668898 1.586541295
v 0.04199339077 0.005679490045 1.587787032
v 0.041682899 0.005954582244 1.588427782
v 0.04196051508 0.005856423173 1.588135719
v 0.03546986729 0.007429515012 1.585799456
v 0.03558633476 0.007472508121 1.585490704
v 0.03638735786 0.007457309868 1.588689208
v 0.03665470704 0.007477371488 1.589026809
v 0.04153582454 0.006797711365 1.587928414
v 0.04141713306 0.006957491394 1.588251591
v 0.04263506085 0.005899688229 1.58689034
v 0.03770838678 0.008003122173 1.588892579
v 0.03530148789 0.008740938269 1.583223939
v 0.04280666262 0.005079714116 1.584387183
v 0.04324840009 0.005948712584 1.584611177
v 0.04259747639 0.00515044434 1.584644079
v 0.04286631942 0.005908286665 1.584712744
v 0.04424190894 0.009311382659 1.583712935
v 0.04185730964 0.01062039007 1.582327724
v 0.04145831987 0.01072970498 1.58219254
v 0.04109195247 0.009760044515 1.581746459
v 0.04139575362 0.01000797004 1.581646919
v 0.04253453761 0.00512804836 1.584964037
v 0.04227946326 0.004623892717 1.585090041
v 0.03602861613 0.008522095159 1.583810687
v 0.03585763648 0.008454353549 1.584044576
v 0.03550301492 0.008164796978 1.58774519
v 0.03598394245 0.008196828887 1.588473082
v 0.03655164689 0.008615137078 1.58230114
v 0.03731591627 0.006185505539 1.580697656
v 0.04007311165 0.003576538758 1.579219103
v 0.03794764727 0.007708854973 1.58141613
v 0.0395500809 0.006676978432 1.580217123
v 0.03926459327 0.00630456442 1.579747915
v 0.03985919431 0.006526031531 1.580354214
v 0.04001473263 0.006620365195 1.580654979
v 0.03904784471 0.002400121186 1.581402302
v 0.03936067969 0.006949161179 1.582126379
v 0.03958871588 0.007061705925 1.581787229
v 0.04050483927 0.00368692237 1.584386468
v 0.03967914358 0.006815195084 1.580525756
v 0.03687792644 0.006655021571 1.582549334
v 0.0394753255 0.003631109139 1.579552054
v 0.03763538599 0.004958691541 1.580995917
v 0.04007152095 0.002422965365 1.582114339
v 0.03990956023 0.002194059314 1.581554413
v 0.03970720619 0.002333532553 1.581923008
v 0.03852198273 0.005219492596 1.582772732
v 0.03871088848 0.005633379798 1.582929254
v 0.03918120265 0.00578397559 1.58330524
v 0.03901290894 0.00599642517 1.583004355
v 0.04126869142 0.003721236251 1.58442235
v 0.04113370925 0.006316001061 1.582034588
v 0.041076608 0.006176871713 1.581759214
v 0.0359758921 0.007524132729 1.58241272
v 0.03617668897 0.007392308209 1.582184434
v 0.03635215759 0.007121386006 1.58208251
v 0.0378439799 0.004751877859 1.580696583
v 0.04142802209 0.006687523797 1.583300352
v 0.0415652208 0.00678717019 1.58370316
v 0.04232621193 0.006113035604 1.584753275
v 0.04272667319 0.006554607302 1.584724069
v 0.04262258485 0.006220868789 1.584770203
v 0.04409393668 0.008096497506 1.584359646
v 0.04385447502 0.008172815666 1.584296465
v 0.0440649502 0.008525309153 1.584152341
v 0.04305369779 0.009800348431 1.582975149
v 0.04285797849 0.01011305954 1.582823873
v 0.04242284596 0.01022827253 1.581909299
v 0.04286402464 0.01027464867 1.582036138
v 0.0394676365 0.009859583341 1.581378579
v 0.03914938867 0.009527647868 1.581466913
v 0.03938469291 0.00985136535 1.581665874
v 0.03580619395 0.007840171456 1.58571744
v 0.03575356305 0.007648013998 1.585445046
v 0.03628527373 0.007905778475 1.584194779
v 0.03774801269 0.007836383767 1.589860916
v 0.03822030127 0.007913674228 1.589973688
v 0.04126669466 0.005830065813 1.586946726
v 0.04126287624 0.006052402314 1.587131858
v 0.04120276123 0.003925118595 1.584691525
v 0.04004285112 0.007575588766 1.589819074
v 0.03917780519 0.007878309116 1.589945197
v 0.03963294253 0.007805540692 1.589832425
v 0.03580451757 0.007710131351 1.58603549
v 0.03570710123 0.007578120567 1.585743904
v 0.03492328152 0.007332035806 1.585157275
v 0.03489786386 0.007356659975 1.584911346
v 0.03781006113 0.007281023078 1.589334607
v 0.04181424156 0.006801954005 1.588674664
v 0.04149655625 0.007025963161 1.588897943
v 0.03815533593 0.007218654267 1.589518428
v 0.03776873276 0.00732527161 1.589511156
v 0.03543220833 0.007264250424 1.584517002
v 0.03507372364 0.007304707076 1.584652185
v 0.03562816978 0.007293832488 1.584447265
v 0.03660954908 0.008517608047 1.583402514
v 0.03662524 0.008750851266 1.583286881
v 0.03667502478 0.01105873194 1.582647085
v 0.03681344911 0.01102656033 1.58276391
v 0.03688767925 0.01134741679 1.582634211
v 0.0365277864 0.01171589084 1.583447814
v 0.03614653647 0.01139501482 1.583518147
v 0.03666175902 0.008393534459 1.58216548
v 0.03866418824 0.01403646637 1.580755711
v 0.03852814808 0.01378689054 1.580655098
v 0.03887991607 0.01392037328 1.580322385
v 0.04018352181 0.01225314103 1.577843904
v 0.04006174207 0.01178387646 1.57765007
v 0.03928887099 0.009568860754 1.57800436
v 0.0392989181 0.009566426277 1.578211665
v 0.03919073194 0.00919062458 1.578123093
v 0.03935362399 0.008423129097 1.578541279
v 0.03964123875 0.00868700631 1.578402519
v 0.03925430402 0.006737611257 1.57928896
v 0.03900719061 0.006698193494 1.579553008
v 0.03909794241 0.003553474788 1.579851151
v 0.03876338154 0.00702188164 1.582232475
v 0.03677809983 0.008161761798 1.582039833
v 0.03612851724 0.007037412375 1.58325088
v 0.03626322374 0.006998599507 1.583025217
v 0.03600354493 0.007132215425 1.583062172
v 0.04092682898 0.004554746207 1.578860402
v 0.04151366279 0.003016568022 1.580876827
v 0.04162045568 0.003565480234 1.580554128
v 0.03977998719 0.004845282994 1.58427465
v 0.04077435657 0.00656555919 1.582476735
v 0.03642397374 0.008054053411 1.582041025
v 0.0365446955 0.008184696548 1.582058191
v 0.03671043739 0.007635827642 1.581774235
v 0.04165799171 0.003362088464 1.580521822
v 0.03852633014 0.007364953402 1.582104921
v 0.04294846579 0.007749971002 1.583769441
v 0.04317006469 0.007985030301 1.583914399
v 0.04336411878 0.008680338971 1.583469033
v 0.04340273887 0.008993718773 1.583436489
v 0.04353369027 0.00983642973 1.582401991
v 0.04307126999 0.00989872776 1.582258344
v 0.04099223018 0.01113637816 1.581548929
v 0.04095595703 0.01110546011 1.581830025
v 0.04046832025 0.01092103217 1.581629038
v 0.0396861881 0.00949494075 1.582024932
v 0.03905314952 0.007243262604 1.581982374
v 0.03549725935 0.008254058659 1.586070776
v 0.03814010695 0.007414864376 1.589844704
v 0.03896487132 0.007191779558 1.589908481
v 0.03853966668 0.007249778137 1.589828968
v 0.04164089635 0.006244270597 1.586761713
v 0.04173833504 0.006200059317 1.58643055
v 0.04249585047 0.005468211602 1.585169554
v 0.04255875573 0.00536752725 1.585410953
v 0.04011437669 0.005078032147 1.584762931
v 0.03987419233 0.005225289147 1.584370613
v 0.03720924258 0.008323037997 1.589013815
v 0.03466262296 0.007777751889 1.585904598
v 0.03476254269 0.007948178798 1.586242914
v 0.03927799314 0.007214451209 1.589020014
v 0.03956886008 0.006994039286 1.58899498
v 0.03696616367 0.008218556643 1.582175732
v 0.036065422 0.007096923888 1.583485842
v 0.03635860234 0.007041291334 1.583317399
v 0.03643550724 0.009292824194 1.582543969
v 0.03622084856 0.009417580441 1.582532048
v 0.03629799187 0.009152900428 1.582473636
v 0.03582952172 0.01038334332 1.583593845
v 0.03617879003 0.01087121107 1.583563805
v 0.03648623452 0.01199542731 1.582562804
v 0.03663971648 0.01242817938 1.582531691
v 0.03797855228 0.01365886163 1.581358671
v 0.03821279854 0.01356762648 1.580954909
v 0.03944237903 0.01234947704 1.578931451
v 0.03946736827 0.01220224984 1.579094291
v 0.03950794041 0.01201887988 1.578789949
v 0.0398215279 0.01157833077 1.57891047
v 0.04007982835 0.009788474999 1.578283072
v 0.04026767984 0.01017556898 1.578240752
v 0.03968840837 0.007440337446 1.578536272
v 0.03851694614 0.005235243123 1.578967929
v 0.03845284507 0.005398102105 1.578621507
v 0.03935524076 0.003973507322 1.579529762
v 0.03976769 0.003719592234 1.579350591
v 0.03975071013 0.004029098433 1.579293966
v 0.040645089 0.005945210345 1.580462337
v 0.04033097997 0.0061274115 1.580384016
v 0.04045272991 0.00620231498 1.58070612
v 0.04011404514 0.00308022555 1.583524227
v 0.03980039433 0.002824278083 1.582820058
v 0.03973887861 0.003061758587 1.583198667
v 0.04108315334 0.006528845057 1.582675099
v 0.04182700813 0.004623043817 1.58224833
v 0.04206452519 0.004506379366 1.582593083
v 0.03939843178 0.007082463708 1.5804739
v 0.04115912691 0.005207310431 1.579164386
v 0.04143165797 0.005188635085 1.579916596
v 0.03652442247 0.007019280456 1.581860781
v 0.03669533506 0.006736065261 1.581745148
v 0.04114956036 0.005320668686 1.579404831
v 0.04136183113 0.005141785368 1.580090642
v 0.03781459108 0.005144864321 1.580043674
v 0.03758646548 0.005352992564 1.580329895
v 0.04401658848 0.006482412573 1.583612204
v 0.04380776733 0.005984829273 1.583709478
v 0.04472667724 0.00865269918 1.583318949
v 0.04447592795 0.009017315693 1.583029032
v 0.04286122322 0.01083775423 1.582538843
v 0.0423826389 0.01095179655 1.582387924
v 0.04274426028 0.01069672126 1.582632661
v 0.04033105448 0.0101626236 1.582054734
v 0.03993408009 0.009930355474 1.582019091
v 0.03949870169 0.00907544978 1.580991149
v 0.03956314176 0.009400406852 1.581071258
v 0.03503728658 0.008174859919 1.584347486
v 0.03608979285 0.008273147047 1.587876558
v 0.04081133753 0.00637805881 1.589216828
v 0.04124216735 0.004970945418 1.586375475
v 0.04118971154 0.006252796389 1.589027882
v 0.04094863683 0.006469872314 1.589345336
v 0.03638938814 0.008270295337 1.588148236
v 0.03623981401 0.008236061782 1.587784171
v 0.03543613106 0.007558567915 1.587811828
v 0.03529573604 0.007479694206 1.587398887
v 0.04039089009 0.007222095039 1.588738799
v 0.04016282409 0.007443431765 1.588965058
v 0.04223115742 0.006506406236 1.58748877
v 0.04241859913 0.006304478738 1.587161779
v 0.03961640596 0.007907398045 1.589493155
v 0.03710870445 0.008048024029 1.588496566
v 0.03686181456 0.007919262163 1.588229775
v 0.03525706381 0.008093083277 1.583447456
v 0.03531510755 0.008178296499 1.583215475
v 0.03494454548 0.008021736518 1.584291816
v 0.03551189229 0.007275952958 1.583741546
v 0.03550116718 0.007255065721 1.583937883
v 0.03567386419 0.008656772785 1.5825845
v 0.03578246385 0.008909477852 1.582559586
v 0.0363224186 0.01119158883 1.582626939
v 0.03656343743 0.01146530453 1.582535267
v 0.04135300964 0.005239976104 1.579570651
v 0.03799434379 0.01302359067 1.581184149
v 0.03826208785 0.01299686264 1.580918074
v 0.03922225907 0.01278191619 1.580338836
v 0.03930095211 0.0126475729 1.580021024
v 0.04006300122 0.01221423876 1.579334021
v 0.04032144696 0.01238517463 1.579246521
v 0.04028964043 0.01199997868 1.579056859
v 0.04053426906 0.0110117346 1.578265429
v 0.04063582048 0.01107111946 1.578075647
v 0.04053912312 0.01061586477 1.578058004
v 0.04025636241 0.009829056449 1.577289462
v 0.04024464265 0.01033355948 1.577222347
v 0.03848750889 0.006476125214 1.57784009
v 0.03854867443 0.007001669612 1.577757478
v 0.0394066982 0.006521803793 1.579952836
v 0.03880057111 0.007884364575 1.580608845
v 0.03927323967 0.006877379492 1.58017385
v 0.0400975123 0.003625458572 1.584167361
v 0.04010690749 0.003969446756 1.584356189
v 0.04140669107 0.005090950988 1.579303622
v 0.04164697602 0.00493713282 1.579452634
v 0.03827673569 0.004639165476 1.580175519
v 0.03672613576 0.006670960691 1.582328558
v 0.03747180104 0.006253781263 1.580374122
v 0.03809218854 0.00491541205 1.58003068
v 0.03741685301 0.005731808953 1.580521941
v 0.04343667626 0.005628691055 1.584251285
v 0.04306297749 0.005509035662 1.584461212
v 0.04339983314 0.006395041943 1.584704518
v 0.04384926707 0.006573195569 1.584593654
v 0.04419607297 0.009717092849 1.583431482
v 0.04397156835 0.009633233771 1.583488345
v 0.04382991418 0.009998426773 1.583240986
v 0.04221394658 0.01043719612 1.582476854
v 0.04251349345 0.01019083802 1.582623363
v 0.04081114009 0.009632088244 1.581529021
v 0.04111357033 0.006093314849 1.584661007
v 0.04119293764 0.00606588088 1.585136056
v 0.04157260805 0.006087151356 1.585408092
v 0.04171418771 0.006051165517 1.585091949
v 0.03625301272 0.008604123257 1.583613276
v 0.04257596657 0.005326752551 1.586220384
v 0.04239435494 0.00497847423 1.585939288
v 0.03537194058 0.007388255093 1.586144686
v 0.03530100733 0.007355067879 1.585565805
v 0.03524127603 0.008092208765 1.587394834
v 0.03571691364 0.007425910793 1.587651491
v 0.03617427871 0.007446499076 1.588325977
v 0.03600771725 0.007442433853 1.587946296
v 0.0395816341 0.006803882774 1.589243412
v 0.03987957165 0.006758799776 1.588991284
v 0.04159734771 0.006634172518 1.587617636
v 0.04218842834 0.005560589954 1.587466478
v 0.0421127528 0.005363505334 1.587144256
v 0.03740341216 0.007893458009 1.588676214
v 0.03520621359 0.0073426296 1.585862875
v 0.03513669595 0.008141758852 1.586971521
v 0.03530248627 0.008881901391 1.583158374
v 0.03645052016 0.0086114062 1.583486557
v 0.03645067662 0.009006242268 1.583402634
v 0.03886312991 0.005265770014 1.579515457
v 0.03894522414 0.00540111633 1.57926178
v 0.03626905009 0.009563742206 1.583514214
v 0.03714177758 0.01172336843 1.582845449
v 0.037318483 0.01196862385 1.582587957
v 0.03829827905 0.01336509828 1.582188249
v 0.03794882819 0.01327348966 1.582498431
v 0.03990552574 0.0131730279 1.580108881
v 0.04023706913 0.01336440444 1.578926682
v 0.039928969 0.0136818476 1.579235315
v 0.04016013071 0.01133631635 1.577415466
v 0.03999089822 0.01084809657 1.577349424
v 0.03930152208 0.007579627447 1.577360153
v 0.03895414621 0.007233861368 1.577503085
v 0.03865476325 0.00518451212 1.579335928
v 0.03777600825 0.006594053935 1.579161167
v 0.03848253191 0.004813711625 1.579910278
v 0.04004155099 0.003133888589 1.579391479
v 0.03581472114 0.007800623775 1.582502961
v 0.04154033214 0.004223381635 1.58035624
v 0.03938927129 0.009542022832 1.577718139
v 0.03890576214 0.003905555466 1.579894543
v 0.03852862492 0.003862641286 1.580323458
v 0.04155672342 0.004546345677 1.580157638
v 0.03840331733 0.006739950739 1.582476139
v 0.04040348157 0.002573797014 1.582317352
v 0.04025745764 0.002720196033 1.582707286
v 0.03990878165 0.00260894536 1.582461596
v 0.03937055171 0.005572147202 1.583643436
v 0.0395148173 0.006084942725 1.583321929
v 0.04146018997 0.006186446175 1.582285881
v 0.03653167933 0.007771159988 1.589216113
v 0.03731403872 0.007733510341 1.589676857
v 0.04128636047 0.005560887977 1.586773276
v 0.04221431911 0.005862331018 1.584970474
v 0.04121757299 0.004284575116 1.585517645
v 0.04108702019 0.004093858413 1.584965944
v 0.04095955938 0.004247018602 1.585253835
v 0.04128428921 0.005259501282 1.586591125
v 0.04150652513 0.005311422516 1.586850047
v 0.03482224047 0.007378220093 1.585388899
v 0.03789364174 0.007369439118 1.589112997
v 0.03819247335 0.007228073664 1.589316726
v 0.04254780337 0.00616600085 1.587246418
v 0.04085045308 0.007234562654 1.589527726
v 0.04046399891 0.007483060472 1.58962965
v 0.03490375727 0.007351735141 1.585633159
v 0.03692448884 0.007651664317 1.589436054
v 0.03925189376 0.007774270605 1.581858158
v 0.03955150768 0.008004342206 1.581762314
v 0.03948063403 0.007687034551 1.58166945
v 0.04235650972 0.005844206084 1.584837079
v 0.04437211901 0.00799252931 1.58435595
v 0.04431303591 0.008487328887 1.584176779
v 0.04317905009 0.009472924285 1.583096623
v 0.04325597733 0.0091495011 1.58317709
v 0.04211443663 0.01051681396 1.581652522
v 0.04172455892 0.01028333604 1.581598997
v 0.03933605552 0.009507971816 1.581200123
v 0.03966971114 0.009756858461 1.581167698
v 0.03928451985 0.007469118107 1.581801653
v 0.03582412004 0.007983705029 1.585409522
v 0.03638410568 0.007805799134 1.584017277
v 0.03576298431 0.008118311875 1.585709333
v 0.03582393005 0.008015896194 1.586023331
v 0.03906711563 0.008188971318 1.578668237
v 0.03941419721 0.008030023426 1.578627586
v 0.03907902166 0.007859251462 1.578855038
v 0.03967791423 0.007017895114 1.578649521
v 0.03947935253 0.006840622053 1.578979135
v 0.03872263432 0.003519745544 1.58022666
v 0.0364536792 0.007717991248 1.583853126
v 0.03527207673 0.007267761044 1.584439158
v 0.03546943888 0.007251807023 1.584314823
v 0.03659450635 0.00834967196 1.583523035
v 0.03650104254 0.01111646742 1.582605124
v 0.03673271835 0.01139193773 1.582550287
v 0.03699317947 0.01248894818 1.583196521
v 0.03658229485 0.01221324224 1.583335638
v 0.0368549861 0.01301321294 1.582702041
v 0.03718078136 0.0133508509 1.582534194
v 0.03903212398 0.0140771186 1.580406904
v 0.03964225948 0.0111957835 1.577898145
v 0.03958171979 0.01151700038 1.578201652
v 0.03953076154 0.01110622194 1.578195214
v 0.03952829912 0.01076033898 1.577965379
v 0.03923683614 0.009180177003 1.577881455
v 0.0378982313 0.004943647888 1.580315113
v 0.03815355897 0.007110822015 1.582372904
v 0.03796385601 0.007594467141 1.581906199
v 0.03710721433 0.007996781729 1.58206296
v 0.03642226011 0.006924996153 1.582801342
v 0.03784806654 0.00749022048 1.582210183
v 0.04139335454 0.003212251933 1.58251822
v 0.04102301598 0.002998353913 1.582762718
v 0.04133201763 0.003246538108 1.582939267
v 0.03976753354 0.007068328559 1.581480622
v 0.03958756849 0.007350071799 1.581118226
v 0.04156347364 0.003803723957 1.580580711
v 0.04191505164 0.003946528304 1.584126353
v 0.03983148187 0.00702053681 1.581170201
v 0.03671724349 0.006798265036 1.582805395
v 0.04177588224 0.006387230009 1.587043047
v 0.04174870625 0.004135894589 1.584925294
v 0.04179234058 0.003975907341 1.584483504
v 0.04020091146 0.005350364372 1.585005999
v 0.04037167504 0.005197640974 1.585424066
v 0.03760952502 0.008281026967 1.58914125
v 0.03693482652 0.008291546255 1.58870852
v 0.03730259091 0.008251644671 1.588874698
v 0.03596019372 0.00803785678 1.586690664
v 0.03588693589 0.007879526354 1.586351156
v 0.03472391888 0.007647593971 1.586277843
v 0.03469746932 0.007520552259 1.585933566
v 0.03833236918 0.007603758946 1.589034438
v 0.03899261355 0.007435623091 1.589064598
v 0.03869873658 0.007675115019 1.58911109
v 0.04158060253 0.006456750445 1.587325811
v 0.03774168715 0.007426199503 1.589669228
v 0.03733352572 0.007543730084 1.589584708
v 0.03825955465 0.007645457983 1.581972957
v 0.04276278988 0.007525981404 1.583573222
v 0.04262097925 0.007275154348 1.58335638
v 0.04333284497 0.008383559994 1.583452821
v 0.04333842546 0.008089904673 1.583407879
v 0.04399580881 0.009709707461 1.582600594
v 0.04439052194 0.009478369728 1.582849622
v 0.04109360278 0.01096754894 1.581331611
v 0.040558476 0.01082843356 1.581344485
v 0.03987411782 0.009320915677 1.582029343
v 0.04201533645 0.004317268264 1.585018277
v 0.03582587093 0.008131926879 1.586361647
v 0.0398857519 0.009006868117 1.578270912
v 0.03999485075 0.007987336256 1.577785492
v 0.04002622515 0.008426600136 1.577527642
v 0.0382518433 0.005114979576 1.57923758
v 0.03832871094 0.005000468343 1.579654574
v 0.04013809562 0.002792528598 1.579595327
v 0.04023730382 0.002904889639 1.579385042
v 0.03735123575 0.007881930098 1.582232475
v 0.03586738929 0.007167128846 1.583762646
v 0.03587348759 0.007100201678 1.583504677
v 0.03656035662 0.008962830529 1.582502127
v 0.03552272916 0.01056559756 1.583457589
v 0.03578463942 0.0110226348 1.583527565
v 0.03679081053 0.01219665352 1.58234942
v 0.03844695166 0.01311069634 1.58060503
v 0.03868880123 0.01299690455 1.580346346
v 0.03852968663 0.01294410415 1.580674052
v 0.03954308107 0.01258751564 1.57873106
v 0.03953811154 0.0121763004 1.578595757
v 0.03996850178 0.01126512792 1.57876873
v 0.0401615724 0.0116156796 1.578904629
v 0.04008322209 0.009375018068 1.578174829
v 0.03569029644 0.008101784624 1.582563877
v 0.03763660789 0.006324450485 1.580009341
v 0.04094552621 0.005255853292 1.579056859
v 0.0392835252 0.004391792696 1.579472899
v 0.03835330158 0.007155313157 1.58034122
v 0.03797229379 0.007235292811 1.580747128
v 0.03794238716 0.006890892051 1.580406308
v 0.03824259713 0.007501028012 1.580690742
v 0.03576045483 0.00726152584 1.583189487
v 0.0408921726 0.005719309207 1.580457568
v 0.04063965008 0.005871146452 1.580079794
v 0.03929514438 0.008098240942 1.580788851
v 0.0394600518 0.008273539133 1.580991507
v 0.04009151831 0.005268737674 1.579170465
v 0.04191316292 0.003822327591 1.583189011
v 0.0405064337 0.003396948101 1.584138036
v 0.04009757191 0.003323577344 1.583891153
v 0.04096281156 0.005684619304 1.580123663
v 0.03861564398 0.00427739881 1.580051303
v 0.04067788273 0.006338026375 1.589059234
v 0.04103396833 0.006199946161 1.588896275
v 0.04226287827 0.005858092569 1.58543241
v 0.04241324589 0.005803854205 1.585713387
v 0.04151498154 0.005073867738 1.586615205
v 0.04165668041 0.005410611164 1.587124467
v 0.04173169285 0.005210237578 1.586865902
v 0.03609414771 0.007904777303 1.587026119
v 0.03562425449 0.00764953997 1.588212013
v 0.04056096822 0.006965930574 1.588494897
v 0.04069811478 0.00670766551 1.588260174
v 0.03997044638 0.007726765703 1.589318752
v 0.03919122741 0.008005326614 1.589455605
v 0.0395559445 0.007828700356 1.589327216
v 0.03517847881 0.008009862155 1.583702207
v 0.03528580442 0.008388955146 1.583387733
v 0.04189058393 0.006997118704 1.583567381
v 0.04210352898 0.00690196082 1.583171844
v 0.04224072769 0.007166208699 1.583452582
v 0.04404405504 0.007011860609 1.583490014
v 0.04437022284 0.006789050531 1.583789706
v 0.04444090277 0.007291266695 1.583637953
v 0.04482512921 0.008215359412 1.583618641
v 0.04478898644 0.007744152565 1.583918691
v 0.04249816015 0.01107808016 1.582221389
v 0.04299361631 0.01088169031 1.58232677
v 0.04073797539 0.01029356476 1.5820961
v 0.04114076123 0.01031734049 1.582150221
v 0.03948306665 0.008717836812 1.580954552
v 0.03526043519 0.008277554996 1.585409045
v 0.0354321748 0.008334202692 1.584808469
v 0.03544215113 0.008310020901 1.58511138
v 0.03593700379 0.008269260637 1.587973595
v 0.03624750674 0.00829269737 1.588256001
v 0.04004359245 0.008896046318 1.577316642
v 0.03845120221 0.006028596312 1.578039289
v 0.03812443838 0.006329816766 1.578200221
v 0.03815891966 0.00586783886 1.578366637
v 0.0377196297 0.006169645581 1.579167843
v 0.03777881712 0.006500246469 1.579663754
v 0.03552397341 0.007317689247 1.583548784
v 0.03526460752 0.008287104778 1.583594799
v 0.03563652933 0.008394419216 1.582590818
v 0.03609695658 0.01131664217 1.58274591
v 0.03638679534 0.01157484576 1.582593083
v 0.03806863353 0.01270190999 1.581636548
v 0.03789939359 0.01259226911 1.581940532
v 0.03900972009 0.01306034252 1.581036806
v 0.03912742063 0.01291774493 1.580674171
v 0.03994361311 0.01187620964 1.579120517
v 0.04041315988 0.0105851749 1.578233838
v 0.04005553573 0.009379152209 1.577208877
v 0.03693288937 0.006329702679 1.581845403
v 0.03712992743 0.006075181067 1.581815839
v 0.04048833251 0.004615570419 1.579000115
v 0.03879829869 0.004547218326 1.57980144
v 0.04020958766 0.004235218745 1.579103827
v 0.03919879347 0.004939215723 1.5794698
v 0.03841409087 0.003337001894 1.581164718
v 0.03831078857 0.003776032245 1.581446409
v 0.03810188174 0.004144299775 1.581199288
v 0.03827586398 0.003910353873 1.580780506
v 0.03762364015 0.00594120333 1.582187057
v 0.03762443364 0.006308061536 1.582440138
v 0.03795578331 0.005737589207 1.582316875
v 0.03823062405 0.006126612891 1.582531691
v 0.03800831363 0.006448204629 1.582542896
v 0.03969902918 0.006427955814 1.580073357
v 0.03903221339 0.003494773293 1.582814813
v 0.03875251114 0.003660930553 1.582424521
v 0.03969503939 0.003638381604 1.583871722
v 0.03684104234 0.006508451421 1.582087278
v 0.03623209894 0.008151171729 1.588856101
v 0.04113543779 0.006012352649 1.588081956
v 0.04088250175 0.006238690577 1.588218212
v 0.04248373955 0.005369658582 1.586678267
v 0.0404921025 0.00617417274 1.583996534
v 0.0415453352 0.006142984144 1.588783741
v 0.04180264473 0.006680511869 1.587685466
v 0.04258846492 0.005688188132 1.586988568
v 0.0371139124 0.007771652192 1.588460445
v 0.03556794301 0.007422606461 1.58684051
v 0.03533919528 0.007374192122 1.586518645
v 0.03529495373 0.00936750602 1.583141565
v 0.04290039837 0.005289872177 1.58336556
v 0.04302665591 0.005835635588 1.583242059
v 0.04343551025 0.005810834467 1.583490133
v 0.04252570868 0.005546701141 1.584781051
v 0.03561423346 0.007410620805 1.587247729
v 0.03536968678 0.007385847624 1.586915612
v 0.04442671686 0.009741403162 1.583240151
v 0.04403712973 0.01008890104 1.583111405
v 0.04184997827 0.01039270591 1.582329869
v 0.04147854075 0.01051987894 1.582223654
v 0.04104980454 0.01000669505 1.581417799
v 0.0413198173 0.01039996464 1.581373334
v 0.04066688195 0.006054135505 1.584457397
v 0.04251619801 0.005307113752 1.584874034
v 0.03610903025 0.008474680595 1.583866477
v 0.03632362187 0.008484170772 1.583687305
v 0.03660976887 0.008227348328 1.589108109
v 0.03895355389 0.008421264589 1.577983022
v 0.03832620382 0.007472546771 1.579120278
v 0.03861839697 0.007721879054 1.578995109
v 0.03878792748 0.004943563137 1.579691052
v 0.04050345719 0.004235453438 1.579001665
v 0.03536454216 0.008860272355 1.582957864
v 0.03541273624 0.009270886891 1.582906604
v 0.0391221866 0.005428310018 1.579495549
v 0.03730857372 0.01211112924 1.582841516
v 0.03707532585 0.01184272766 1.583069921
v 0.03861808032 0.01340066548 1.58185041
v 0.03860872984 0.0135908518 1.581897736
v 0.03893119842 0.01357120369 1.581543565
v 0.0394683145 0.01380417123 1.580753922
v 0.03905854002 0.01397666708 1.581053734
v 0.0404714644 0.0126341572 1.578235984
v 0.04027444124 0.0130682243 1.57848227
v 0.04021509737 0.01084205043 1.577274084
v 0.03907974064 0.008811190724 1.578053117
v 0.03846769407 0.003491807962 1.580687404
v 0.04088032246 0.002696134383 1.582144856
v 0.04071119055 0.00277064601 1.58254993
v 0.03905569389 0.006733841263 1.582423329
v 0.04121346772 0.002556018997 1.580852985
v 0.04094079882 0.002381079132 1.580700994
v 0.03944023699 0.004978630692 1.583955884
v 0.04144570231 0.005896165967 1.58204782
v 0.04143834114 0.005508079659 1.58189714
v 0.04113158956 0.00579830911 1.581540823
v 0.03612333164 0.007791766431 1.582170725
v 0.03623394668 0.007523236331 1.582074881
v 0.03633151203 0.007645482197 1.581986904
v 0.03644624352 0.00738100009 1.58187294
v 0.04118354619 0.002487977967 1.580642939
v 0.04147918895 0.004159656819 1.580498457
v 0.03502950072 0.007998733781 1.584101439
v 0.03495548666 0.00790445134 1.584187865
v 0.03625814244 0.007554635871 1.584050775
v 0.03494151309 0.007387914695 1.584614038
v 0.03683652356 0.01105484366 1.583008409
v 0.03674077243 0.01112241205 1.583244562
v 0.03694427013 0.01144323684 1.583077788
v 0.03585570306 0.01152030937 1.583416939
v 0.03617688268 0.01189919189 1.583407164
v 0.03714077175 0.01322542224 1.582362771
v 0.03686093539 0.01284586824 1.582478523
v 0.03872561455 0.01358403731 1.580266833
v 0.03989558667 0.01129254512 1.577575684
v 0.03971454874 0.01081433147 1.577617764
v 0.0394385159 0.009924848564 1.57831943
v 0.03959465027 0.01026705746 1.578432322
v 0.03961550444 0.006588981953 1.578769684
v 0.03976145014 0.006814856548 1.578404546
v 0.0403900668 0.002544541145 1.579828262
v 0.03863974661 0.003075482789 1.580606461
v 0.03927114233 0.008148500696 1.581940055
v 0.03887912259 0.00790781714 1.581973672
v 0.03891063854 0.007568522822 1.581952333
v 0.04287912324 0.006900301669 1.584635377
v 0.04261601716 0.00706044957 1.584447384
v 0.04306360334 0.00725550577 1.584519863
v 0.04383406043 0.008549878374 1.584082127
v 0.04362703487 0.008229725994 1.584185839
v 0.0429420732 0.009596280754 1.582855582
v 0.0427519232 0.009902739897 1.582752585
v 0.04255707189 0.010618167 1.58180809
v 0.04300016537 0.01056837942 1.582025766
v 0.03901357204 0.009232212789 1.581249237
v 0.03885645047 0.009144078009 1.581522226
v 0.03869204223 0.008889669552 1.58128953
v 0.0358299017 0.0077574756 1.58512485
v 0.03593702614 0.007944553159 1.584851861
v 0.03583887219 0.008109723218 1.585129142
v 0.04119807109 0.005854984745 1.586663246
v 0.04108948261 0.005609882064 1.586492062
v 0.03874959052 0.008077372797 1.589883566
v 0.03477108106 0.007419101894 1.585149646
v 0.03477753699 0.007468883879 1.584878683
v 0.03587162495 0.00776426075 1.588587523
v 0.03620332479 0.007666056976 1.588899612
v 0.03703405708 0.007582506165 1.588532925
v 0.0376252085 0.007514702622 1.588892102
v 0.04246702418 0.006250689272 1.587683558
v 0.04258114472 0.00598263694 1.58733654
v 0.04147934169 0.004584118258 1.586072206
v 0.04116587713 0.004471860826 1.585830331
v 0.03736806661 0.007642926183 1.588677287
v 0.04154239222 0.004409722518 1.580251098
v 0.03613155335 0.007101927884 1.58284533
v 0.03960787132 0.005377905909 1.584001422
v 0.04164880142 0.003490587464 1.58226192
v 0.04164164513 0.003493178403 1.582666755
v 0.04007965699 0.006832220592 1.581548214
v 0.04122383147 0.005042278673 1.580387712
v 0.04115851223 0.005463370122 1.580148578
v 0.03658230603 0.006812607404 1.582567573
v 0.03629686311 0.007011189591 1.582617044
v 0.04126122966 0.005223179702 1.580192447
v 0.03765718639 0.005115357693 1.58056879
v 0.03674762696 0.007618103642 1.583460808
v 0.03679676354 0.00803047698 1.583394527
v 0.03677148372 0.008637709543 1.583157182
v 0.03677554056 0.008914119564 1.583035707
v 0.03612073883 0.009704589844 1.582599998
v 0.03602486849 0.01002538763 1.582672358
v 0.03546326607 0.01067957468 1.583257556
v 0.03616133705 0.01028437912 1.5826689
v 0.03562279046 0.01109688543 1.583363652
v 0.03707649931 0.01237739343 1.582141876
v 0.03735568374 0.0125306733 1.581935406
v 0.03865766898 0.01321730204 1.580281496
v 0.03843953088 0.01340839732 1.580592632
v 0.03941632062 0.01235805452 1.57940197
v 0.03936185688 0.01250519883 1.579709888
v 0.03979085758 0.01094313059 1.578632355
v 0.04012794793 0.01092688739 1.578598499
v 0.03989318386 0.01057753619 1.57854104
v 0.04040651768 0.0101839304 1.578068495
v 0.04025170207 0.009770605713 1.578108311
v 0.03979242593 0.007497303188 1.577654719
v 0.03980783746 0.007115982007 1.578024983
v 0.03822538257 0.005282816477 1.578889132
v 0.03819816187 0.005520805251 1.578610182
v 0.04004327208 0.002672842005 1.579848528
v 0.0396711342 0.00285975961 1.579887629
v 0.03987575322 0.003007033374 1.579605341
v 0.03867332637 0.008257951587 1.581925392
v 0.04306032136 0.007653569337 1.583444118
v 0.04313900322 0.007931332104 1.583581567
v 0.04341618717 0.008557622321 1.583230019
v 0.04332260415 0.008844979107 1.583215594
v 0.0437477082 0.01010073908 1.582425117
v 0.04331772402 0.0102359429 1.582214952
v 0.04049702361 0.01082666311 1.581872225
v 0.04098340124 0.01093950868 1.581997037
v 0.03833897412 0.007912982255 1.581851959
v 0.03566071019 0.008230479434 1.586399794
v 0.03584170714 0.008193512447 1.586727262
v 0.03977675363 0.006902712397 1.589790225
v 0.03934402391 0.00699668657 1.589795113
v 0.0421285592 0.004638957791 1.585755825
v 0.04185572267 0.004392750561 1.585591912
v 0.04005004466 0.005507066846 1.5845474
v 0.03985704854 0.005697588436 1.584078431
v 0.04052231088 0.005467663985 1.585670829
v 0.03483333811 0.007818608545 1.586650133
v 0.03501293808 0.007981379516 1.587026715
v 0.04154601693 0.006884730887 1.589037657
v 0.03838096559 0.008194821887 1.589404106
v 0.03800698742 0.008197526447 1.589222908
v 0.038027253 0.007814257406 1.588983536
v 0.03769293055 0.007716577966 1.588827848
v 0.03492576629 0.00806726329 1.586607337
v 0.03682957217 0.008827953599 1.582834601
v 0.03997336701 0.003904584562 1.579219341
v 0.03858200461 0.007506111171 1.580480099
v 0.03954835609 0.002542718546 1.582234263
v 0.03944339231 0.002801290713 1.582538843
v 0.03872235492 0.007153130136 1.580227733
v 0.04046055675 0.00537235057 1.579107285
v 0.0421763435 0.004154981114 1.58329618
v 0.04193723574 0.003872998524 1.583629012
v 0.04091051966 0.005584601779 1.580706596
v 0.04106680304 0.005421837326 1.580405354
v 0.03584929556 0.008234146982 1.582411289
v 0.03685585409 0.006426719949 1.58165884
v 0.04050366208 0.005042545032 1.579005718
v 0.03509844467 0.007976973429 1.583922863
v 0.03501465917 0.007822071202 1.584046125
v 0.03535115719 0.007350618485 1.583844304
v 0.03586753085 0.00850099232 1.582428575
v 0.0368209742 0.0117287077 1.582433701
v 0.03699089587 0.01167771686 1.582486272
v 0.03709715232 0.01198293362 1.582322478
v 0.03836954758 0.01281412691 1.581450105
v 0.0385276638 0.01284296997 1.581116915
v 0.03933711722 0.01316431444 1.580770612
v 0.03914745525 0.01330474485 1.581131816
v 0.04016236588 0.01307782903 1.579750538
v 0.04027079046 0.0127480207 1.579475284
v 0.04066919535 0.01156571601 1.578099251
v 0.04061043262 0.01210644189 1.578126192
v 0.04005720094 0.009868635796 1.577184081
v 0.03874414042 0.005892390851 1.578060746
v 0.03844012693 0.005670358427 1.578313231
v 0.04161682725 0.003825452877 1.580443382
v 0.04042226821 0.005587950815 1.585246325
v 0.04178177565 0.006791266147 1.584047198
v 0.04213215038 0.007117745467 1.583884358
v 0.04393208772 0.007510046009 1.583368778
v 0.04484316707 0.00874888245 1.583515525
v 0.04467646033 0.009149396792 1.583158135
v 0.04197225347 0.01115445886 1.582115769
v 0.04190827534 0.01098346803 1.582244277
v 0.04145433009 0.01110367756 1.582037807
v 0.04046604037 0.009948121384 1.582066059
v 0.04007225484 0.009765965864 1.582049012
v 0.03974092007 0.008826591074 1.581079364
v 0.03977535293 0.009242980741 1.581065416
v 0.03536071256 0.008269382641 1.585741401
v 0.03528329358 0.008253399283 1.586103559
v 0.03530004993 0.008219073527 1.586907268
v 0.03564838693 0.008236929774 1.587662101
v 0.03538120165 0.008195496164 1.587326407
v 0.03963314742 0.006762791891 1.58945322
v 0.04031138122 0.006479629315 1.589172125
v 0.03994239494 0.006629522424 1.589236975
v 0.04235053062 0.005730872042 1.585189939
v 0.03623294085 0.007774902973 1.587360978
v 0.03595753014 0.00774719473 1.586695552
v 0.03603774309 0.007658872288 1.587052345
v 0.03572708368 0.00752371829 1.588143587
v 0.03593626618 0.007589497603 1.588535428
v 0.04091583937 0.006953991484 1.588330746
v 0.04075393453 0.007163892966 1.588605523
v 0.0414965488 0.004825358745 1.586357832
v 0.04118547961 0.004707580432 1.586119413
v 0.03509751707 0.00778428046 1.583869576
v 0.03854111955 0.003099340247 1.581570387
v 0.03731998801 0.006097815465 1.582084417
v 0.03758065403 0.005580598023 1.581913352
v 0.03944687918 0.005984706338 1.579613924
v 0.04017903283 0.006387100089 1.580539107
v 0.0386517942 0.002769863 1.581335902
v 0.03900804743 0.003874358721 1.583103895
v 0.03949649632 0.005591972731 1.579437137
v 0.03932661563 0.003725862131 1.583508253
v 0.03969742358 0.004000913352 1.584083676
v 0.0424570106 0.004871293437 1.583057523
v 0.03646196797 0.006887853146 1.582382679
v 0.0366088599 0.006743220612 1.582148075
v 0.03561197594 0.007908567786 1.582737803
v 0.03733804449 0.005823787767 1.581834555
v 0.03735065833 0.007286150474 1.581330657
v 0.03550096974 0.008204875514 1.582778811
v 0.03915723413 0.005667515099 1.579301953
v 0.03534935787 0.01015567128 1.583316922
v 0.035299927 0.00990963541 1.583143353
v 0.0375267081 0.01231320016 1.58255291
v 0.03749771416 0.01247937325 1.582759261
v 0.03775449842 0.01265171356 1.582471132
v 0.03890122473 0.0133809261 1.581493258
v 0.03964339197 0.0138739422 1.580248833
v 0.04000356048 0.01358497515 1.579966307
v 0.03959174827 0.01386233605 1.579595685
v 0.03978914022 0.0103759123 1.57740128
v 0.03958527371 0.009922618046 1.577524185
v 0.03954665363 0.01035282761 1.577728391
v 0.03893329576 0.008495827205 1.578226447
v 0.03909829259 0.008839624934 1.578258872
v 0.03835971281 0.007222191431 1.579408169
v 0.03930241987 0.006032576784 1.579257369
v 0.03815006092 0.006943093613 1.579559922
v 0.03920655325 0.006077732891 1.579552054
v 0.04267907143 0.004864502698 1.583405256
v 0.04259411618 0.005369951483 1.583072186
v 0.04256257415 0.005876818672 1.584770322
v 0.04365826026 0.009892670438 1.583268762
v 0.04378123954 0.009550648741 1.583480954
v 0.04217420518 0.01019955333 1.582440257
v 0.04245200753 0.009964223951 1.58254087
v 0.04063740745 0.009953065775 1.581253886
v 0.04048479348 0.009503405541 1.581326127
v 0.04076997936 0.005960680079 1.584940791
v 0.04117336124 0.006023023743 1.58558476
v 0.0360102579 0.008402754553 1.584098816
v 0.03701905534 0.008283284493 1.589310288
v 0.04136906937 0.005831015762 1.587894559
v 0.04077096656 0.005835540593 1.585426331
v 0.04242176563 0.005626171362 1.58497262
v 0.04229734838 0.005044594873 1.586419106
v 0.04206392169 0.004761269782 1.586192369
v 0.04157337174 0.005679487251 1.587671399
v 0.04155820981 0.005788173992 1.587994576
v 0.04187458381 0.006076857913 1.588490605
v 0.04135105759 0.006389704533 1.589119315
v 0.04173222184 0.006362136453 1.588827968
v 0.03745336831 0.008313905448 1.589459658
v 0.03711003438 0.008337307721 1.589164376
v 0.03542789444 0.007377617992 1.585287213
v 0.03552359343 0.00738026714 1.585039377
v 0.03674746305 0.007419780362 1.588886738
v 0.03650763631 0.007437708322 1.588556051
v 0.04125067964 0.007113678381 1.588579655
v 0.04171980172 0.006829391699 1.588031054
v 0.04158144817 0.00696960371 1.588384628
v 0.03590980917 0.007946147583 1.582362771
v 0.03606856242 0.008058974519 1.582237005
v 0.03762370348 0.007519604173 1.581497669
v 0.04141523689 0.002709642751 1.580680609
v 0.03855509683 0.002946444554 1.58097136
v 0.03758367524 0.007624756545 1.581793904
v 0.04009543359 0.002137572505 1.581144452
v 0.03927198052 0.006487488747 1.582695127
v 0.03939667717 0.006278497633 1.583005309
v 0.04060960934 0.002268210286 1.580748677
v 0.04145783931 0.002848961623 1.580808401
v 0.04088323191 0.003801949322 1.584543109
v 0.04183905572 0.005630353 1.58237958
v 0.04234895855 0.005450709723 1.587100029
v 0.03926853836 0.009184472263 1.578317881
v 0.03967835754 0.008266984485 1.578401327
v 0.03987930343 0.008582250215 1.578225255
v 0.03940719366 0.006435446441 1.579118013
v 0.03947437927 0.006172090303 1.578870535
v 0.03875468299 0.002743949182 1.580756664
v 0.03522330523 0.008209099993 1.583827257
v 0.03664727882 0.009149234742 1.583200574
v 0.03649915755 0.009644621983 1.583334684
v 0.03697999194 0.01135358028 1.582804799
v 0.03580161929 0.01153257862 1.583235145
v 0.03604133055 0.01194947027 1.583255529
v 0.0374616459 0.01354668569 1.582167149
v 0.0374169834 0.01333848201 1.581979871
v 0.03772937506 0.01365529094 1.5817734
v 0.03905720264 0.01369806658 1.579918861
v 0.03919079155 0.01339508407 1.5795753
v 0.03954058886 0.01179073378 1.578495622
v 0.03944338858 0.009530105628 1.578382373
v 0.03816146404 0.007605333813 1.589951277
v 0.0377285406 0.00757191889 1.589795828
v 0.04128644988 0.006259654649 1.587339401
v 0.04132975265 0.006060400978 1.586849809
v 0.04147571325 0.006261019502 1.587066412
v 0.04082555324 0.004056008998 1.584753275
v 0.0392110981 0.008009524085 1.589805841
v 0.03831665963 0.008224289864 1.589750528
v 0.0387805067 0.008164825849 1.589722633
v 0.03566230088 0.007491843309 1.585213542
v 0.03468620032 0.007495585363 1.585375071
v 0.03474055976 0.007437258959 1.585639834
v 0.04230601713 0.006317089777 1.588100791
v 0.04209046811 0.006566965487 1.588407874
v 0.0368274115 0.007679056376 1.588246703
v 0.03652810305 0.007604608312 1.58803165
v 0.03962680697 0.008395957761 1.581885457
v 0.03934331238 0.008574027568 1.581995487
v 0.04313250631 0.006685530301 1.584737062
v 0.04330635443 0.007076357957 1.584652901
v 0.04396891594 0.008897770196 1.583919764
v 0.04375306144 0.008870431222 1.583846569
v 0.04381034896 0.009207122028 1.583678961
v 0.0431082435 0.009297582321 1.582925677
v 0.04328832775 0.0090215737 1.582970023
v 0.04214646295 0.01085650269 1.581592202
v 0.04168920964 0.01071320847 1.581429958
v 0.03972826898 0.008849894628 1.581979394
v 0.03896784782 0.008964118548 1.581043124
v 0.03926976398 0.009191875346 1.58105278
v 0.03572656959 0.007502078544 1.584922314
v 0.03584491462 0.008208099753 1.58487606
v 0.03586480767 0.008283401839 1.584623575
v 0.03586984426 0.007283855695 1.582941413
v 0.03680081293 0.007389416452 1.581630945
v 0.0366695784 0.007253432181 1.581671953
v 0.03690547869 0.007156283129 1.581475139
v 0.04144913703 0.004617752507 1.580276489
v 0.03803896531 0.005087751895 1.579645753
v 0.04143583402 0.00487241568 1.580152631
v 0.03808732331 0.007782700006 1.581696272
v 0.04095274955 0.003064646851 1.583196282
v 0.04060298577 0.002874576719 1.582964897
v 0.03935301304 0.007641080767 1.580779552
v 0.03910185397 0.007817500271 1.580602646
v 0.03921066597 0.00742132077 1.580504894
v 0.03979394212 0.007951980457 1.577389002
v 0.03802847117 0.005245216656 1.579227805
v 0.04036133736 0.002451827517 1.580096602
v 0.03996845335 0.002511646831 1.580131292
v 0.03661933169 0.007170100696 1.583362579
v 0.03687053546 0.007391986437 1.58328259
v 0.03676408902 0.00912412256 1.582772493
v 0.03668257594 0.00906707719 1.582616806
v 0.03602262586 0.009419738315 1.582565784
v 0.03615501896 0.009186604992 1.582482338
v 0.03539151698 0.01032185927 1.583126068
v 0.03724402934 0.01269730832 1.581972837
v 0.03694709018 0.01258571632 1.582249761
v 0.03886480629 0.01302484795 1.580014467
v 0.0389219299 0.01285473257 1.580114245
v 0.03906004503 0.01282211673 1.579781294
v 0.0396021232 0.01212474983 1.579265237
v 0.03960081935 0.01190395281 1.578971744
v 0.04037443921 0.009764051996 1.577935696
v 0.04050653055 0.01020185649 1.577875733
v 0.04021550715 0.006808436941 1.589732885
v 0.04190808535 0.006290589459 1.586730599
v 0.04200277478 0.006188089028 1.586391568
v 0.04066155851 0.006736558396 1.589608431
v 0.04034091905 0.007056107745 1.589799523
v 0.03670637682 0.008249889128 1.588386059
v 0.03497361764 0.00769068487 1.587058187
v 0.03485814109 0.007560826838 1.586659312
v 0.03753206879 0.006637129001 1.582652926
v 0.03963056579 0.007214609068 1.58893168
v 0.03937414661 0.007475739345 1.589057446
v 0.04120754451 0.007131393068 1.589235902
v 0.03908082098 0.008685185574 1.581980944
v 0.04302896559 0.007330376189 1.583301187
v 0.04304121435 0.006913040299 1.583189011
v 0.04355979711 0.008264836855 1.583248973
v 0.04374971613 0.007927241735 1.583291888
v 0.04414851964 0.009897598065 1.582678318
v 0.04449483007 0.009635454044 1.582996011
v 0.04004219919 0.01058130618 1.581732631
v 0.04011769965 0.01047099568 1.581918836
v 0.03971316293 0.01018229499 1.581818938
v 0.03892466053 0.008794428781 1.581897378
v 0.03930105641 0.009164748713 1.581975341
v 0.03831280768 0.008188682608 1.58159554
v 0.03500736132 0.008207743987 1.585399032
v 0.03487209976 0.008126072586 1.585108042
v 0.03495605662 0.008158119395 1.584694147
v 0.03518905118 0.008273863234 1.585061431
v 0.03518329561 0.008281634189 1.584675431
v 0.03566689789 0.008247289807 1.586783051
v 0.03546319157 0.00825574901 1.586446643
v 0.03607727215 0.008316676132 1.582275867
v 0.03765231743 0.007348571438 1.581198692
v 0.04073290899 0.005390638486 1.579135656
v 0.03975369409 0.00446652947 1.579225063
v 0.03768980876 0.007120152004 1.58091557
v 0.03785106912 0.006612514611 1.580059648
v 0.03794409335 0.007530489005 1.581085205
v 0.03988696262 0.006185606122 1.579919934
v 0.04025891423 0.006032604724 1.580010891
v 0.04000919312 0.006299507804 1.580234289
v 0.03919083625 0.002538358327 1.581987619
v 0.03935067356 0.002325508976 1.581688404
v 0.03966152295 0.008360447362 1.581176639
v 0.04017421603 0.004742010497 1.579091191
v 0.04179923236 0.006092210766 1.582555532
v 0.04227030277 0.004475237336 1.582975745
v 0.04070137441 0.005543622188 1.579366922
v 0.04153704643 0.005092018284 1.579705834
v 0.03816364706 0.006856165826 1.578135133
v 0.03830845281 0.007366412319 1.578149915
v 0.03798512369 0.006709325593 1.579778314
v 0.04035717621 0.003918429371 1.579044223
v 0.03533127159 0.00730353687 1.584028721
v 0.03517495841 0.00735948002 1.584144354
v 0.03502638638 0.00764394924 1.584058046
v 0.03615458682 0.008540351875 1.582296371
v 0.03596569225 0.00873358082 1.582425594
v 0.03666401282 0.01182524208 1.582445979
v 0.03693479672 0.01205804758 1.582297444
v 0.03798818961 0.01274327561 1.582136273
v 0.03819130734 0.01278328802 1.581788063
v 0.0394496657 0.01296002697 1.580420852
v 0.03963370621 0.01320284139 1.580453753
v 0.03976711631 0.01296692807 1.580132127
v 0.04039059207 0.01291041914 1.579381943
v 0.04024724662 0.01326299459 1.579669476
v 0.04057279602 0.01120224129 1.577714682
v 0.04057938233 0.01067533158 1.577803016
v 0.03984959424 0.008936694823 1.577224374
v 0.04253655672 0.005792984273 1.586054802
v 0.04247023538 0.005631137174 1.585438132
v 0.04256587848 0.005584834609 1.585746646
v 0.04174539819 0.005528104026 1.587422729
v 0.03520049155 0.007417600602 1.586981297
v 0.03556601331 0.007463861257 1.587738752
v 0.03544713557 0.007415975444 1.587326765
v 0.03925264627 0.006894118153 1.589436054
v 0.04101019353 0.00671393564 1.588059187
v 0.0387779586 0.008060554974 1.589377403
v 0.03662263602 0.007785233669 1.58796227
v 0.03638001531 0.007681631483 1.587693334
v 0.03890023008 0.007017167285 1.589572191
v 0.03508065268 0.008179326542 1.586552382
v 0.03512913734 0.007582352497 1.583905101
v 0.04210141674 0.006515092216 1.582940936
v 0.04219314083 0.006022567861 1.582806468
v 0.04414173961 0.006320832763 1.583910108
v 0.04381227493 0.005911346525 1.584059596
v 0.04484462738 0.008302191272 1.583878875
v 0.04466740415 0.007851871662 1.584201574
v 0.04207167029 0.01121225487 1.581874013
v 0.04149474949 0.01124240737 1.581827521
v 0.04085912555 0.01003744919 1.582084894
v 0.04123514518 0.01005512662 1.582103372
v 0.04004494101 0.008926511742 1.581232667
v 0.0354674533 0.008364450186 1.58449924
v 0.03526013717 0.008322761394 1.584318519
v 0.03556481376 0.008418479934 1.584195018
v 0.03620842472 0.007127760444 1.582456589
v 0.03603287786 0.007231248077 1.58269465
v 0.03846646473 0.004334046505 1.582313061
v 0.03823374584 0.004198311362 1.581748962
v 0.03850741312 0.003488042625 1.581810474
v 0.03728353977 0.006353143137 1.582338929
v 0.03785148263 0.006834809668 1.582604885
v 0.04056669027 0.00627615815 1.580976248
v 0.04033070058 0.006463114638 1.580826283
v 0.03849393874 0.003902740777 1.582060695
v 0.03873427212 0.004076212179 1.582690954
v 0.04242907092 0.004506336991 1.583371997
v 0.0397237502 0.004409363959 1.584207773
v 0.03699338809 0.006485883147 1.582302928
v 0.0370718725 0.006290249061 1.582056403
v 0.03874015808 0.008155539632 1.578214169
v 0.03878700361 0.008224515244 1.578439593
v 0.03853474557 0.007928960025 1.578473806
v 0.03874505311 0.007689051796 1.579047084
v 0.03922405094 0.005790624302 1.57889998
v 0.03886894509 0.005467533134 1.578885674
v 0.04056624323 0.004066470545 1.578966379
v 0.03750571236 0.007262260653 1.582729101
v 0.03768558428 0.007293550298 1.582522392
v 0.03566613421 0.007267569192 1.584254265
v 0.03734220564 0.006916041952 1.582863688
v 0.03647506982 0.008446617983 1.583581328
v 0.03772266582 0.01246381365 1.582242608
v 0.0382145308 0.01357198413 1.582202196
v 0.03756127879 0.01313458569 1.582770824
v 0.03775640205 0.0135111995 1.582456112
v 0.03922324255 0.01407213788 1.580542803
v 0.03860791028 0.01405650936 1.581340194
v 0.03881302476 0.01412530337 1.580866694
v 0.0397352241 0.01361302752 1.579177618
v 0.0398077406 0.01327863615 1.578816175
v 0.03984420002 0.009903560393 1.577269435
v 0.04004071653 0.01036153827 1.57722342
v 0.03694785014 0.008161245845 1.58942771
v 0.03738501668 0.008218510076 1.589599609
v 0.04118590802 0.006010135636 1.587737918
v 0.04137899354 0.005783229601 1.58757031
v 0.04036355019 0.00575406896 1.584749579
v 0.04022089764 0.00593157392 1.58423233
v 0.03527931124 0.007309606299 1.585104346
v 0.03517749161 0.007313638926 1.585351348
v 0.03703853488 0.007415127009 1.589186668
v 0.04217887297 0.006059074774 1.58815074
v 0.0422110036 0.005784980953 1.58780551
v 0.04221519083 0.005194885191 1.586802363
v 0.04103693739 0.007269006688 1.588899851
v 0.04066460952 0.00741471583 1.589022517
v 0.03737337142 0.00742216548 1.589448929
v 0.03697388992 0.007509115618 1.589327574
v 0.04298324138 0.006303354632 1.584761381
v 0.04344813898 0.01022554748 1.583047271
v 0.04331512749 0.01010340173 1.583055496
v 0.04305935651 0.01041101385 1.582849979
v 0.04186119512 0.01014221273 1.582275033
v 0.04151917994 0.0102575589 1.58221221
v 0.04085585847 0.01039340068 1.58123076
v 0.04119547829 0.01074379496 1.581278563
v 0.03624064475 0.008386998437 1.583897948
v 0.03642839566 0.008336742409 1.583740354
v 0.04137995839 0.004604066256 1.580393791
v 0.04155739769 0.002855854575 1.580559969
v 0.04167502001 0.003175977385 1.580487013
v 0.04136770591 0.002601530636 1.580577135
v 0.04115284234 0.002442992758 1.580465555
v 0.04166473448 0.004878909793 1.579793453
v 0.04160664976 0.004638106097 1.580043554
v 0.0409312062 0.002409161767 1.580218196
v 0.04069207609 0.002463633893 1.579872608
v 0.0414891094 0.004875054117 1.579031348
v 0.04109261185 0.004483008292 1.578859806
v 0.04027470574 0.003610708751 1.579074979
v 0.04043504223 0.002622777829 1.579570651
v 0.04171801358 0.003550385823 1.580390096
v 0.04166692868 0.003996489104 1.580287933
v 0.04159965366 0.004346782807 1.580199122
v 0.04045070708 0.003871560097 1.578980923
v 0.04067920521 0.004075179342 1.578920007
v 0.04146652296 0.004311558791 1.580848098
v 0.04170358554 0.004562333692 1.582065225
v 0.04161567613 0.003659613896 1.580934644
v 0.04133567959 0.005361341871 1.581686139
v 0.04152126238 0.003212853568 1.581764936
v 0.04149038717 0.003043296281 1.581327081
v 0.04147110134 0.002959955717 1.581141472
v 0.04159749299 0.003584174439 1.580700397
v 0.04165019467 0.00349138747 1.581900358
v 0.04153839499 0.003207987174 1.58147943
v 0.04152166098 0.003084388329 1.581107855
v 0.04156450927 0.003196566831 1.580866694
v 0.04099390283 0.005403656978 1.580598474
v 0.04085830227 0.005788220093 1.580996871
v 0.0411554873 0.005033344496 1.580573082
v 0.04095827043 0.005747344811 1.581199646
v 0.04088272154 0.005658954382 1.580881357
v 0.04094878957 0.005465598311 1.580693245
v 0.04146247357 0.004177719355 1.580597162
v 0.04181912914 0.00381033821 1.582405925
v 0.04176155478 0.003905293066 1.582120657
v 0.04132395983 0.004640418105 1.580656886
v 0.04160042107 0.003407796379 1.580873251
v 0.04156669974 0.003260303289 1.581115007
v 0.04116003215 0.00504533574 1.580719233
v 0.0410341844 0.006338182371 1.583979249
v 0.04104916751 0.006525391713 1.5836519
v 0.03942515329 0.00806979835 1.581864357
v 0.0396409221 0.007970621809 1.581645727
v 0.03868020326 0.007634170353 1.582003593
v 0.03878544644 0.008258301765 1.581963778
v 0.03910158947 0.008222007193 1.581977606
v 0.04004816711 0.008634607308 1.581690431
v 0.04122308269 0.006612651981 1.583184481
v 0.04164655879 0.006825985387 1.58343935
v 0.04190324992 0.006685411558 1.583027363
v 0.0427893512 0.004913415294 1.584202766
v 0.04289925843 0.005068723578 1.583531499
v 0.0427095741 0.004746161867 1.583841324
v 0.04150576517 0.006658804137 1.58394599
v 0.0413932465 0.006315237377 1.584245563
v 0.04181733727 0.006297252141 1.584510684
v 0.04217613116 0.006196284201 1.584698558
v 0.04258637503 0.006651140749 1.5846591
v 0.04227303341 0.006788834464 1.584455252
v 0.0429497771 0.007329034153 1.58442688
v 0.04277697951 0.007470284589 1.584143877
v 0.04211383685 0.006997818593 1.584105134
v 0.0427245684 0.007546549197 1.583760738
v 0.04217188805 0.007174751721 1.583660841
v 0.04285918921 0.007458393462 1.583413005
v 0.04235508665 0.007095308509 1.58327806
v 0.04278481752 0.006706438493 1.583110213
v 0.04235665128 0.006261598784 1.582936525
v 0.04280173779 0.005598830059 1.583178759
v 0.04328803718 0.006087360904 1.583303571
v 0.04382127523 0.006670447532 1.583441973
v 0.04411273822 0.006370817777 1.583761573
v 0.04347494245 0.005626437254 1.583662033
v 0.04413947463 0.006312328856 1.584085941
v 0.04345850274 0.005544485524 1.584040999
v 0.04336214438 0.005771463737 1.584449768
v 0.042792283 0.0052844272 1.584519386
v 0.04266002774 0.005701866001 1.584718704
v 0.04245306179 0.006010576151 1.584779859
v 0.04311714321 0.006133626681 1.584714174
v 0.04285566136 0.00644163508 1.584761143
v 0.04370004311 0.006716273725 1.58467257
v 0.04342797026 0.006972860545 1.584690213
v 0.04393216968 0.007689246442 1.584506631
v 0.04369212314 0.007811373565 1.584431887
v 0.04318423197 0.007170967758 1.584595084
v 0.0439482443 0.008539574221 1.584122181
v 0.04372370243 0.008553296328 1.584030271
v 0.04346707091 0.007910519838 1.584302902
v 0.04349658266 0.008526043035 1.583855391
v 0.04325504601 0.007975155488 1.58407259
v 0.04333623871 0.0084418552 1.583590269
v 0.04312622547 0.007970977575 1.583744645
v 0.04340328649 0.008322459646 1.583333731
v 0.04322214425 0.007865183055 1.583443999
v 0.04380343482 0.008216992021 1.58321321
v 0.04363843799 0.007645379752 1.583321929
v 0.04327634722 0.007135436404 1.583258986
v 0.04438311979 0.008173885755 1.583320737
v 0.04421716928 0.007385131437 1.583490968
v 0.0447533913 0.008191070519 1.583520412
v 0.0445664674 0.007242663298 1.583762884
v 0.04486195743 0.008252754807 1.583742023
v 0.04463953525 0.007237356156 1.584033489
v 0.04475289956 0.008359953761 1.584008574
v 0.04450588673 0.007346534636 1.584338903
v 0.04398978874 0.006443996914 1.584454179
v 0.04446005821 0.008457235992 1.584160566
v 0.04421024024 0.007531122304 1.584505081
v 0.04437574744 0.009333110414 1.58368206
v 0.04412470758 0.009287118912 1.583722353
v 0.04418357834 0.008508782834 1.584171772
v 0.04374007136 0.009944904596 1.583263159
v 0.04357768968 0.009839355014 1.583264947
v 0.04391298816 0.009236199781 1.583702207
v 0.04342197627 0.009724266827 1.583235741
v 0.04371091351 0.009172370657 1.583646655
v 0.04325738177 0.009568269365 1.583159685
v 0.04350032657 0.009065923281 1.583527684
v 0.04312367365 0.009377880022 1.583017707
v 0.04333690181 0.008916520514 1.58332932
v 0.0431484431 0.009248004295 1.582825541
v 0.04337780923 0.008791011758 1.583106637
v 0.04342534766 0.009306455031 1.582648396
v 0.04373382032 0.008784508333 1.582957625
v 0.04383355752 0.00956735108 1.58258605
v 0.04426242039 0.008927456103 1.582973719
v 0.04409377649 0.009813592769 1.582629323
v 0.04460505769 0.00908732228 1.583086729
v 0.04418288916 0.009983634576 1.5827564
v 0.04471951351 0.009217771702 1.583257437
v 0.04412762821 0.01009154785 1.582991958
v 0.04463741183 0.009323632345 1.58350718
v 0.04325138777 0.01060789544 1.582753658
v 0.04393250495 0.01005203091 1.583193541
v 0.04243679345 0.0110280402 1.582319975
v 0.04234159738 0.01087127905 1.582428932
v 0.04311411455 0.01047810633 1.582838535
v 0.04228127003 0.0107076019 1.582465887
v 0.04300696403 0.01034247689 1.582852483
v 0.04223459959 0.01053579524 1.582478881
v 0.04290828109 0.01019791514 1.582840681
v 0.04219252989 0.0103220595 1.582465172
v 0.0428032577 0.01001217403 1.582795024
v 0.04216471687 0.01008344162 1.582398295
v 0.04271480814 0.009796647355 1.582695127
v 0.0422023721 0.009942233562 1.582243919
v 0.0427332893 0.009663152508 1.582528114
v 0.04233689606 0.01006105915 1.582014203
v 0.0429282859 0.009757196531 1.582331657
v 0.04249939695 0.01043126173 1.581840754
v 0.04320883378 0.0100733554 1.582221746
v 0.04259105772 0.01074848324 1.58180654
v 0.04338310659 0.01035087369 1.582228899
v 0.04261364788 0.01094944309 1.581887603
v 0.04344075918 0.01053104457 1.582329869
v 0.04255713895 0.01108058356 1.582096457
v 0.04339589551 0.01064935979 1.582545877
v 0.04153399169 0.01123895124 1.581684709
v 0.04047120363 0.01089076046 1.581765532
v 0.04146838561 0.01118896157 1.581948042
v 0.0405317843 0.01075144485 1.581943989
v 0.04144948721 0.01101294905 1.582097411
v 0.04061075673 0.01058486942 1.582028985
v 0.04145313054 0.01082621887 1.582167864
v 0.04069172591 0.01040068548 1.582081676
v 0.04146640003 0.0106304111 1.582211614
v 0.0407946445 0.01016874332 1.58209908
v 0.04149591178 0.01039198879 1.582225561
v 0.04092696682 0.009914830327 1.582047582
v 0.04154893011 0.01013201568 1.58217752
v 0.04105353355 0.009755374864 1.581882358
v 0.04162943736 0.009977421723 1.58202064
v 0.04109420255 0.009848386049 1.581579208
v 0.04170882702 0.0101017002 1.581743121
v 0.04095841944 0.0102065457 1.581299663
v 0.04171333462 0.01050659828 1.581492543
v 0.04077570885 0.01052383706 1.581207514
v 0.04166711122 0.01085729152 1.581409812
v 0.04063172266 0.01073039416 1.581261396
v 0.04161454737 0.01108212955 1.581469417
v 0.03974336386 0.01021336578 1.581415296
v 0.04049989209 0.01089750417 1.581477165
v 0.03922868147 0.009532674216 1.581323624
v 0.03911316022 0.009491668083 1.5816046
v 0.03968612477 0.01022317354 1.581704855
v 0.03914103657 0.00937326625 1.58181572
v 0.03975733742 0.01012882404 1.581898451
v 0.03923662379 0.009233409539 1.581936359
v 0.03987149522 0.01000121981 1.581990719
v 0.03938239813 0.009103378281 1.582004189
v 0.03999869525 0.009854220785 1.582039237
v 0.03960152343 0.00894937478 1.582013369
v 0.04016057402 0.009660446085 1.582044959
v 0.03985117748 0.008750294335 1.581910729
v 0.0403541401 0.009432713501 1.581969023
v 0.03856631368 0.0085595157 1.581674576
v 0.03861077502 0.008317468688 1.581866503
v 0.03861114383 0.008803809062 1.581421971
v 0.03881791979 0.00894589629 1.581155896
v 0.03911787644 0.008939730935 1.580971479
v 0.0393753536 0.008821126074 1.580923438
v 0.04010467604 0.008769495413 1.581382871
v 0.03991854563 0.009097238071 1.58112514
v 0.04035951197 0.009669019841 1.581215262
v 0.03966246173 0.009336799383 1.581050992
v 0.04011738673 0.009925706312 1.581139207
v 0.03945241123 0.009459610097 1.581118107
v 0.03992766514 0.0100831287 1.581202745
v 0.04055202007 0.009369623847 1.581484199
v 0.04051756859 0.009287465364 1.581786871
v 0.03911839798 0.007503331639 1.581884503
v 0.03938504308 0.007494683377 1.581719756
v 0.03839396313 0.007709747646 1.581996799
v 0.04123039171 0.006127711851 1.584489226
v 0.0409537293 0.006052846089 1.584802389
v 0.04137460142 0.006083568558 1.585473299
v 0.0417053476 0.006065923721 1.584815979
v 0.04177688062 0.006060520187 1.58540833
v 0.03580711782 0.007809980307 1.585422277
v 0.03588029742 0.00765167037 1.584774733
v 0.04253287986 0.005163102411 1.584797144
v 0.04224862158 0.004454879556 1.584724545
v 0.03489115089 0.008150888607 1.585444927
v 0.03484570235 0.008079707623 1.584811211
v 0.03513471037 0.008250917308 1.585397243
v 0.03530617058 0.008315689862 1.584763765
v 0.03509087488 0.00823713094 1.58451879
v 0.03547490388 0.008421170525 1.584110022
v 0.03601485863 0.008600256406 1.583733678
v 0.03601386026 0.008487029001 1.583892107
v 0.0361860767 0.008439197205 1.583871365
v 0.03628743067 0.008325967006 1.58392942
v 0.03635824099 0.008181348443 1.58399117
v 0.0363888517 0.007960167713 1.584033608
v 0.03617320582 0.007841169834 1.584364295
v 0.03611215949 0.008151005022 1.584417582
v 0.03591410443 0.008111769333 1.584875822
v 0.03598891944 0.008296862245 1.584388256
v 0.03575363383 0.008272365667 1.584867001
v 0.03560464829 0.008250300772 1.585413694
v 0.03554637358 0.008333977312 1.584835172
v 0.03537867218 0.008287169039 1.58541429
v 0.03577575088 0.008125486784 1.586028337
v 0.03578622267 0.008112791926 1.585408092
v 0.03560171276 0.00823391974 1.586054325
v 0.03575765342 0.008228278719 1.586754084
v 0.03539027274 0.008259666152 1.586087465
v 0.0355738923 0.008254788816 1.586812854
v 0.03588958085 0.008263040334 1.587533951
v 0.03538906202 0.008240668103 1.586874962
v 0.03572701663 0.008255686611 1.587618947
v 0.03617680818 0.008287436329 1.588311553
v 0.0355730243 0.008206938393 1.587704659
v 0.03604333103 0.0082400674 1.588421583
v 0.03665558249 0.008275785483 1.589047074
v 0.03593247384 0.008136871271 1.588519216
v 0.03657136112 0.008161260746 1.589160681
v 0.03735737503 0.00814417284 1.589652538
v 0.03652988374 0.007916912436 1.589219093
v 0.03731989861 0.007884760387 1.589693666
v 0.03818885982 0.007759001106 1.589975476
v 0.03907292709 0.007525457535 1.590037227
v 0.03814620525 0.007493904326 1.589905858
v 0.0389902927 0.007266646251 1.589971185
v 0.03981820866 0.006971436087 1.589853764
v 0.03894300759 0.007131194696 1.58983469
v 0.03973755985 0.006849465892 1.589715481
v 0.04047772288 0.006536799483 1.589427471
v 0.0396652706 0.006778496318 1.589545012
v 0.0403650105 0.006486264523 1.589260936
v 0.04095769301 0.00619053049 1.588822484
v 0.04026032239 0.006489997264 1.589079022
v 0.04081181437 0.006210843101 1.588664651
v 0.04122198373 0.005951097701 1.588160753
v 0.04067725316 0.006363004446 1.588443875
v 0.04105216637 0.006121515762 1.587981105
v 0.04128274322 0.005902163219 1.587493181
v 0.04134058207 0.005681589711 1.587007642
v 0.04121573269 0.006153140217 1.587367892
v 0.04125912115 0.005953370593 1.586895943
v 0.04107749462 0.005756137893 1.586434484
v 0.04147363827 0.006163761951 1.586801767
v 0.04130091518 0.006006471813 1.586271048
v 0.04096325114 0.005887296051 1.58572495
v 0.04178379849 0.006282593124 1.586739779
v 0.04164596274 0.006144004408 1.586118817
v 0.04202929139 0.006284666713 1.586726904
v 0.04194073379 0.006124362815 1.586061001
v 0.04226364195 0.006241001654 1.586736679
v 0.04221742973 0.006037893705 1.586036563
v 0.04212564975 0.005945713725 1.585433364
v 0.04244825616 0.005887655076 1.586036444
v 0.0423796773 0.005750060081 1.585433364
v 0.04233236983 0.005755200982 1.584981322
v 0.04252877459 0.005508112255 1.585440874
v 0.04248179868 0.005474622361 1.584939599
v 0.04259810597 0.005692081526 1.5860852
v 0.04263151437 0.005464305636 1.586159348
v 0.04255915806 0.005195224658 1.585335851
v 0.04245111719 0.005173040088 1.586317778
v 0.042328462 0.004794241861 1.585518479
v 0.04195243865 0.004562208895 1.585901618
v 0.04179777578 0.004255746491 1.585247636
v 0.0416710116 0.004021784291 1.584701896
v 0.04140049964 0.004250247031 1.585474849
v 0.0412767753 0.004049675073 1.584925771
v 0.04090250656 0.004164976999 1.584984422
v 0.04056122899 0.004390170332 1.584968567
v 0.0402418226 0.004818452056 1.584852934
v 0.04004795477 0.005299401004 1.584666252
v 0.04011669755 0.005728979129 1.584394217
v 0.04034002125 0.006077301688 1.584093332
v 0.04069137573 0.006241312716 1.583952188
v 0.04057675973 0.005789764225 1.58509922
v 0.0403534174 0.005401711445 1.585349917
v 0.04046246782 0.004945014603 1.585487962
v 0.04081105441 0.005153989885 1.586073995
v 0.04071570188 0.005555729382 1.585951567
v 0.04117021337 0.005429358222 1.586547494
v 0.04139923304 0.005145431496 1.586611867
v 0.04155188054 0.005459395237 1.587101936
v 0.04176657274 0.005378963891 1.587139368
v 0.04167446494 0.005661855452 1.587708235
v 0.04147637263 0.005713223014 1.587628245
v 0.04188667983 0.005661705043 1.587766051
v 0.04158838466 0.005929717328 1.588383794
v 0.04139985144 0.005915238522 1.588280797
v 0.04177623615 0.005996517837 1.588465333
v 0.04126772285 0.006302129943 1.589081526
v 0.04111174867 0.00622044364 1.588965178
v 0.04144034907 0.006527751684 1.589134812
v 0.0407368578 0.006880769506 1.589628577
v 0.04059504718 0.006640031002 1.589563489
v 0.03992889822 0.00722281076 1.589918852
v 0.04002162069 0.007489568088 1.589874744
v 0.03915419057 0.007793141995 1.589998007
v 0.03919691592 0.007951091975 1.589880705
v 0.0382942073 0.00817530416 1.589826822
v 0.03824731708 0.008027791046 1.589943647
v 0.0383374393 0.008251961321 1.589665413
v 0.03749187663 0.008333779871 1.589379787
v 0.03741737083 0.00827473402 1.589534044
v 0.0375716202 0.008315559477 1.589217901
v 0.0368777737 0.008316391148 1.588774204
v 0.03676207736 0.008326333016 1.588911891
v 0.03698888049 0.008254920132 1.588645935
v 0.03645757586 0.008242830634 1.588097095
v 0.0363188237 0.008286871947 1.588201404
v 0.03657496348 0.008146113716 1.588008642
v 0.03618629649 0.008141102269 1.587384343
v 0.03605002537 0.008230832405 1.587453008
v 0.03624476865 0.007913791575 1.587354779
v 0.03597449139 0.007893489674 1.586687922
v 0.03591284528 0.008135681972 1.58670485
v 0.03583166376 0.007862110622 1.586026549
v 0.03591119498 0.007641737815 1.586712956
v 0.0357482098 0.007603070699 1.586048722
v 0.03551595658 0.007448437624 1.586106658
v 0.03544682264 0.007407234516 1.585527897
v 0.03568468988 0.007542983629 1.58546567
v 0.03540251032 0.007340558339 1.585073471
v 0.03562202305 0.007423487492 1.584993362
v 0.03517987579 0.007295679767 1.585126042
v 0.03500881791 0.007308365777 1.585151076
v 0.03484258428 0.007368890569 1.585157037
v 0.03471328691 0.007484629285 1.585133791
v 0.03465959057 0.007697149646 1.585055947
v 0.03470322117 0.007920213975 1.584948182
v 0.03471765667 0.008009186946 1.585529685
v 0.03463685513 0.007756379899 1.58558929
v 0.03472739086 0.007798476145 1.586263061
v 0.03497897089 0.007837638259 1.587047815
v 0.03475640342 0.007539171726 1.58627975
v 0.03500190377 0.007583509199 1.58705318
v 0.03538730741 0.007630177308 1.587836623
v 0.03512322158 0.007456036285 1.58701098
v 0.03549713641 0.007504060399 1.587778211
v 0.03598740324 0.007533568423 1.588490605
v 0.0356399864 0.007438007742 1.587695956
v 0.03610841557 0.00746200094 1.588383794
v 0.03669930622 0.007441337686 1.588958383
v 0.03624373302 0.007446174044 1.588265419
v 0.03680084273 0.007415875793 1.588811994
v 0.03745820001 0.007338746917 1.589202881
v 0.036953412 0.007502269931 1.588623762
v 0.03756514192 0.007427224424 1.588990927
v 0.03823041543 0.007297222037 1.589193702
v 0.03890946135 0.007116634864 1.589232326
v 0.03830440342 0.007487680297 1.589036465
v 0.03895811364 0.007318003103 1.589065552
v 0.03958766162 0.007098046597 1.588935852
v 0.03903893009 0.007582637481 1.589105606
v 0.03969849646 0.007356214803 1.58896935
v 0.04029551893 0.007097145077 1.588683605
v 0.04080054909 0.006837726571 1.588284731
v 0.04047057778 0.007303479128 1.588800788
v 0.04101218283 0.00702737039 1.588384032
v 0.04143870994 0.006763330195 1.587886572
v 0.04117351398 0.007097359281 1.588508248
v 0.04162892699 0.006819245405 1.587976575
v 0.04193133488 0.006540775299 1.587379336
v 0.04180697352 0.006825933233 1.588091254
v 0.042137146 0.006531334948 1.58744657
v 0.04195972905 0.006771297194 1.588222742
v 0.04231518507 0.006465536542 1.587535381
v 0.0424667187 0.006145196501 1.586776018
v 0.04243674129 0.006335631944 1.587635159
v 0.04260293022 0.0059918263 1.586846709
v 0.04247013107 0.006155123003 1.587726831
v 0.04263629764 0.0058008614 1.586936355
v 0.04233177379 0.005905096419 1.587791443
v 0.04248134792 0.005560587626 1.587048054
v 0.04209879413 0.005713901948 1.587802172
v 0.04222687334 0.005389019847 1.587130427
v 0.04215716198 0.00497922115 1.586489916
v 0.04199725017 0.005355284549 1.587149382
v 0.04189718515 0.004964497872 1.586569309
v 0.04163607582 0.004552352708 1.586031318
v 0.04163772985 0.005021712277 1.586608648
v 0.04132761434 0.004636521917 1.586101174
v 0.04104269296 0.004343862645 1.58554256
v 0.04105540365 0.004801116884 1.58612597
v 0.04073150828 0.004536367953 1.585554957
v 0.04197869822 0.006208366714 1.588497758
v 0.0420947969 0.006471826695 1.588454008
v 0.04154476896 0.006793731824 1.589090943
v 0.0415289551 0.006962158252 1.588972092
v 0.04085027426 0.00730777299 1.589457035
v 0.04083750397 0.007147452328 1.589584827
v 0.04081029072 0.007406517863 1.589288592
v 0.04005566612 0.007748048753 1.589586735
v 0.04005654156 0.007649239618 1.589751482
v 0.04000834003 0.007754417136 1.589405298
v 0.0392078869 0.008042789996 1.589541554
v 0.03921849281 0.008047224022 1.589721084
v 0.03917016089 0.007954978384 1.589375854
v 0.03838758543 0.008140861988 1.589326501
v 0.0383702442 0.00823506806 1.589488149
v 0.03838989884 0.008001743816 1.589189529
v 0.03769573942 0.008104526438 1.588944554
v 0.03764352575 0.008233597502 1.589069605
v 0.03770700842 0.007861346006 1.588850021
v 0.03712057322 0.00791131705 1.588468671
v 0.03707959875 0.008143519051 1.588537574
v 0.03662961721 0.007921706885 1.587961555
v 0.03659130633 0.007683873642 1.58798337
v 0.03619471565 0.007672772277 1.587381244
v 0.0364311561 0.007529412396 1.588109255
v 0.03601158783 0.007517150138 1.587483406
v 0.0357009992 0.007484209258 1.586790681
v 0.03545988724 0.007391958032 1.586881161
v 0.03525571525 0.007357665338 1.586174607
v 0.03518426791 0.007328775711 1.58559227
v 0.0350661017 0.00735728303 1.586220741
v 0.03499459848 0.007331039291 1.585623264
v 0.03489099443 0.0074141738 1.586258411
v 0.03481766209 0.007386871614 1.585638762
v 0.03528351337 0.007394633256 1.586948991
v 0.03579758853 0.007428971585 1.587605119
v 0.03708713502 0.007666434627 1.588479042
v 0.0376672633 0.007605494 1.588838339
v 0.03835961968 0.007752277888 1.589070797
v 0.03912001103 0.007824557833 1.589234114
v 0.03983167931 0.007580127567 1.589094043
v 0.03992737085 0.007687938865 1.589237571
v 0.04060288891 0.007388968952 1.58894217
v 0.0407214351 0.007428692654 1.589108348
v 0.04132400826 0.007116377354 1.588656306
v 0.04144973308 0.007073348854 1.588818192
v 0.04206367582 0.006649423391 1.588351727
v 0.04142380506 0.006367618218 1.587326288
v 0.04118586332 0.006595112383 1.587823629
v 0.04171201214 0.006506843027 1.587336183
v 0.04099914059 0.006362885702 1.587831974
v 0.04064218327 0.006592887919 1.588272929
v 0.04017154872 0.006625849288 1.588836789
v 0.04016061872 0.006844718009 1.588659048
v 0.03956840187 0.006888112053 1.589110255
v 0.0396043621 0.00676570693 1.589356422
v 0.03889331594 0.007010686211 1.589474797
v 0.03891065344 0.007042516023 1.589664578
v 0.03814617544 0.00724992482 1.589608073
v 0.03816871345 0.007205707952 1.589424372
v 0.03813843057 0.007349438034 1.589773059
v 0.0373519063 0.007477712352 1.589520693
v 0.03739744052 0.007378464099 1.589370728
v 0.03731963038 0.007622949779 1.589638591
v 0.0365491733 0.007664216217 1.589189291
v 0.03661396727 0.007526736241 1.589089632
v 0.03587171435 0.007904904895 1.588581562
v 0.03589523211 0.007661316078 1.588570118
v 0.03536358103 0.007874875329 1.587837338
v 0.03544122726 0.008106116205 1.587782264
v 0.03506756201 0.008079631254 1.587000728
v 0.03521518409 0.008186578751 1.586939812
v 0.03498338908 0.00817259308 1.586171508
v 0.03482177481 0.008053388447 1.58622396
v 0.03467820212 0.007506577298 1.585635185
v 0.0420694612 0.005949552637 1.584942222
v 0.03517811373 0.008236821741 1.586120009
v 0.03583806008 0.008377255872 1.584335923
v 0.03565863892 0.008411291055 1.584257841
v 0.03702091053 0.008203215897 1.582767844
v 0.03699987754 0.00827368442 1.582335711
v 0.03687155247 0.008640966378 1.582784295
v 0.03534268215 0.007720989641 1.583388925
v 0.03519457579 0.007890075445 1.583639145
v 0.03520587832 0.007613780443 1.583742619
v 0.03530987352 0.008985172026 1.583285093
v 0.03757751361 0.007390831131 1.582578897
v 0.03531725705 0.008681552485 1.583107352
v 0.03547783941 0.007308925502 1.584757209
v 0.03531006351 0.007268812973 1.584700584
v 0.0350254178 0.008090350777 1.584201336
v 0.0350230746 0.007909826003 1.584057331
v 0.03488814086 0.007950274274 1.584350228
v 0.03651764989 0.007848527282 1.583798766
v 0.03636324033 0.007627889048 1.583942413
v 0.03618469089 0.007228851784 1.583648562
v 0.03663547337 0.007639145013 1.583596826
v 0.03644678369 0.007201947272 1.583469152
v 0.03598011285 0.007245602086 1.58388257
v 0.0357751064 0.007153421175 1.583677173
v 0.0356076099 0.007243041415 1.583582401
v 0.03545190766 0.00741271209 1.583508134
v 0.0354215093 0.007294236217 1.583887696
v 0.03529137 0.007422970142 1.583806396
v 0.03523570299 0.007312620524 1.58417964
v 0.03512353823 0.007417708635 1.58411479
v 0.03489147872 0.007446049713 1.584590912
v 0.03482794017 0.007601639722 1.58452642
v 0.03504862636 0.007561087608 1.58407259
v 0.03482490405 0.007784987334 1.584441423
v 0.0350153558 0.007732674014 1.584047437
v 0.03529096395 0.008314899169 1.583914161
v 0.03536329418 0.00806812197 1.583111763
v 0.03518771008 0.008109384216 1.583759546
v 0.03515248001 0.007280682679 1.584668159
v 0.03500264883 0.007340693381 1.584634304
v 0.03538570926 0.007257112302 1.584264755
v 0.03577860445 0.007271656767 1.584141374
v 0.03555168211 0.007264175452 1.584372878
v 0.03558867052 0.007235254627 1.583996296
v 0.03591642156 0.007402419578 1.584365964
v 0.03569757938 0.007344913669 1.584543705
v 0.03614784405 0.007494845428 1.584160447
v 0.03683935851 0.007152775303 1.583228827
v 0.03689651936 0.007626733277 1.583284736
v 0.03732268512 0.007184907794 1.582902789
v 0.03719487786 0.007730016019 1.582844973
v 0.03689740598 0.008063399233 1.583220124
v 0.03682427481 0.008459236473 1.583164454
v 0.03666529059 0.008365532383 1.583432078
v 0.03670880571 0.008026809432 1.583522677
v 0.03652432561 0.00834271498 1.583613753
v 0.03656322882 0.008110444993 1.583706021
v 0.03639680147 0.008538189344 1.583571076
v 0.03653268144 0.008683241904 1.58339262
v 0.03671217337 0.008825941943 1.583168626
v 0.03679641709 0.009007843211 1.582894087
v 0.03644007817 0.009567487985 1.582595825
v 0.03622275963 0.009684737772 1.582584977
v 0.03601409495 0.009717483073 1.582625985
v 0.03571525216 0.009707972407 1.582745671
v 0.03545694053 0.008994868957 1.582828164
v 0.0355550684 0.008584129624 1.582679749
v 0.03611735627 0.008741386235 1.582367897
v 0.0364215225 0.009059915319 1.582479954
v 0.03622219712 0.009237900376 1.582488894
v 0.03604887426 0.00916780252 1.582501769
v 0.03734909371 0.007862459868 1.582414746
v 0.0390278548 0.005457498599 1.579421163
v 0.03667386621 0.009948489256 1.583076358
v 0.03646309301 0.01016004756 1.582671285
v 0.03657174855 0.0107588945 1.582680106
v 0.03673194349 0.01071117632 1.583046794
v 0.03648076206 0.01077779941 1.583418846
v 0.03640032932 0.009605303407 1.583420992
v 0.03608380631 0.009545301087 1.583607674
v 0.03541133553 0.009995883331 1.583424211
v 0.03534601256 0.010260785 1.583218813
v 0.03547593206 0.01034060121 1.583022952
v 0.03605668992 0.01030857675 1.582695127
v 0.03626147658 0.0102550108 1.582654357
v 0.03620089591 0.01087970566 1.582673311
v 0.03638974205 0.01081591845 1.582645059
v 0.03664769977 0.01142539829 1.582534909
v 0.03681486472 0.01136624813 1.582583308
v 0.03721200302 0.01199940685 1.582346678
v 0.03732520714 0.01203390211 1.582715631
v 0.03697648644 0.01139304973 1.582942486
v 0.03719223663 0.01229024027 1.583061218
v 0.03677961603 0.01156657655 1.583305836
v 0.03664526343 0.0116502326 1.583417535
v 0.03631537035 0.01082464959 1.583531737
v 0.03597816452 0.0109465085 1.583563924
v 0.03602992371 0.01193822175 1.58316195
v 0.03561483324 0.01111009624 1.583265066
v 0.03609291837 0.01184102334 1.582915187
v 0.03571227193 0.0110784648 1.583027124
v 0.03686425462 0.01211664081 1.582309961
v 0.03647990525 0.01151183899 1.582551479
v 0.03729825467 0.01260110363 1.581941009
v 0.03741919994 0.01247263979 1.581950188
v 0.03701019287 0.01201086771 1.58230257
v 0.03786566481 0.01277621556 1.581484795
v 0.03800000623 0.01270340476 1.581576467
v 0.03752681613 0.01236357726 1.582077742
v 0.038245745 0.01288721245 1.581891537
v 0.03774767742 0.01255124249 1.58235836
v 0.03830382228 0.01327846292 1.582149863
v 0.03770101443 0.01288369391 1.582667708
v 0.03827799857 0.01345810667 1.582212448
v 0.03763763979 0.0130354939 1.582758784
v 0.0370901078 0.01240713801 1.583170176
v 0.03743120283 0.01325810608 1.582741857
v 0.03684082627 0.01259853691 1.583185911
v 0.03634889424 0.01181140635 1.583444476
v 0.037155848 0.01330161374 1.582455158
v 0.03656510264 0.01268442906 1.582897782
v 0.03713680804 0.01311270148 1.582248449
v 0.03659239039 0.01254073996 1.58266294
v 0.03769468889 0.01318723802 1.5815202
v 0.03822363541 0.01308708545 1.580898404
v 0.03776077554 0.01292352937 1.5814569
v 0.03866241127 0.01309029385 1.580308914
v 0.03873317689 0.012921202 1.580393195
v 0.03831525892 0.01292484533 1.580952406
v 0.03886643425 0.01283463836 1.580505729
v 0.0384525843 0.01284558699 1.581055284
v 0.03923826665 0.01303278189 1.580728054
v 0.0387654081 0.0130442949 1.581338167
v 0.03947173804 0.01347590424 1.580808759
v 0.0389194265 0.01347537525 1.581521034
v 0.03950863332 0.01367870066 1.580801249
v 0.03892528638 0.01367310248 1.581551909
v 0.03935752809 0.01395416819 1.580654263
v 0.03874786943 0.01394238416 1.581440091
v 0.03809137642 0.01370931696 1.582144022
v 0.038367901 0.01399506629 1.581139565
v 0.03776651248 0.01374639664 1.581849813
v 0.03825486079 0.01374880131 1.581014156
v 0.03879807517 0.01376966666 1.580288053
v 0.03911124542 0.01320688426 1.579618692
v 0.03934182972 0.01257491484 1.57918179
v 0.03904842585 0.01291485224 1.5797261
v 0.03936853632 0.0124156503 1.579328418
v 0.03909227997 0.0127451187 1.579841495
v 0.03948758543 0.01232497394 1.579470992
v 0.03921618685 0.01265436318 1.579965591
v 0.03995545208 0.01246478409 1.579579473
v 0.03964246809 0.01284084562 1.580123782
v 0.04033392668 0.01282888185 1.579430223
v 0.03995542973 0.01326698996 1.580091
v 0.04043008387 0.01299732458 1.5793221
v 0.04002551734 0.01346237864 1.580036521
v 0.04034760967 0.01324807853 1.579071879
v 0.03991212323 0.01373389922 1.579844594
v 0.03950298205 0.01380872354 1.579566598
v 0.0389566943 0.01401867066 1.580361962
v 0.03967203572 0.01315863617 1.578856349
v 0.03987038136 0.01253212709 1.578235507
v 0.03965649754 0.01158910058 1.578045368
v 0.03954778239 0.0114606088 1.578326941
v 0.03950721771 0.01208783034 1.578699827
v 0.03956682235 0.01137059461 1.5785321
v 0.03953334689 0.0119572822 1.578879118
v 0.03977064416 0.01128113084 1.578734398
v 0.03974333405 0.01186428033 1.579074621
v 0.04015755281 0.01127970312 1.578734756
v 0.04013027623 0.0119294012 1.579106092
v 0.04056742787 0.0114175221 1.578424215
v 0.04053913057 0.0121846823 1.57886219
v 0.04067006335 0.01149912085 1.57824266
v 0.04064391553 0.01231079828 1.578709006
v 0.04060633853 0.01166245155 1.577895164
v 0.04057573527 0.01252525859 1.578403115
v 0.04014488682 0.012664387 1.578130484
v 0.03992340714 0.0133524891 1.578804493
v 0.04018647969 0.01180755999 1.577602267
v 0.03985189274 0.01083606668 1.577462435
v 0.0397127606 0.009922011755 1.577382565
v 0.03936765715 0.009960384108 1.57800889
v 0.03949151561 0.01073632017 1.578099608
v 0.03937848657 0.009945403785 1.578220487
v 0.03950303048 0.01068599243 1.578314781
v 0.03956989944 0.009888569824 1.57841301
v 0.03969962522 0.01061107032 1.578517079
v 0.03993121907 0.00981245935 1.578372955
v 0.04007750377 0.01056334469 1.578493118
v 0.04031657428 0.009766468778 1.578023672
v 0.04047981277 0.01059960108 1.578147769
v 0.04041513428 0.009765791707 1.577834368
v 0.04058064893 0.01063761953 1.577954412
v 0.04035227373 0.009801246226 1.57747829
v 0.04051745683 0.01073425356 1.577588081
v 0.03995696455 0.009885222651 1.577206016
v 0.04010989517 0.01084943581 1.577290297
v 0.03975372389 0.00896291621 1.577248096
v 0.03952018172 0.009042940103 1.577416182
v 0.0392347239 0.008176045492 1.577480435
v 0.03892967105 0.008466525003 1.578117251
v 0.03919656202 0.009183349088 1.578017235
v 0.03896015137 0.008515052497 1.578329802
v 0.03920906037 0.009193549864 1.578222513
v 0.03916564211 0.008489897475 1.578523636
v 0.03939734772 0.009154791012 1.578406453
v 0.0395293273 0.008344381116 1.578489065
v 0.03974447399 0.009052806534 1.578360558
v 0.03991777822 0.008108617738 1.578133583
v 0.04011208564 0.008929182775 1.57801795
v 0.04000965878 0.008022497408 1.577936053
v 0.04020588845 0.008893332444 1.577834487
v 0.0399110727 0.007960950956 1.57757616
v 0.04013967142 0.008885679767 1.577494621
v 0.03933775797 0.00702485349 1.577453136
v 0.03908899426 0.007138012908 1.577446222
v 0.03948094323 0.008039810695 1.577311277
v 0.03864168376 0.006356077734 1.577787519
v 0.03831484914 0.006651604082 1.577956438
v 0.03880007192 0.007370449137 1.577619076
v 0.03805745393 0.007327807602 1.578745008
v 0.03851205111 0.007876824588 1.578348398
v 0.03819298744 0.007448311429 1.579001904
v 0.03858350962 0.007964476943 1.578591704
v 0.03853715211 0.007458417211 1.579229593
v 0.0388501808 0.007947478443 1.578819394
v 0.03904479742 0.007249188609 1.5792377
v 0.0392960161 0.007747002412 1.578815579
v 0.03955647722 0.006711859256 1.578880072
v 0.03976414353 0.007354616653 1.578435183
v 0.03963236138 0.006475209724 1.578631401
v 0.03985300288 0.007191658486 1.57820344
v 0.03935886547 0.006266873796 1.578164339
v 0.03901638463 0.005682843272 1.578652143
v 0.03834672645 0.005234391429 1.578904152
v 0.03811409324 0.005355669186 1.578895688
v 0.03830559552 0.005747324787 1.578321457
v 0.03771925718 0.005519968923 1.579561949
v 0.037784338 0.006439446472 1.57890141
v 0.03781909123 0.006716099568 1.579318762
v 0.03800234944 0.006880861707 1.579497218
v 0.03836290911 0.006999319419 1.579580545
v 0.03881506622 0.006822575815 1.579601645
v 0.03925935179 0.00619933242 1.57935226
v 0.03859787807 0.005056322087 1.579645753
v 0.03930668905 0.00590337161 1.579105973
v 0.04025039077 0.002654052572 1.579704285
v 0.04053763673 0.00246972288 1.579975128
v 0.0397980772 0.002667028457 1.580015779
v 0.0396329686 0.003076118883 1.579733968
v 0.03901987895 0.003340936499 1.580027103
v 0.03884890303 0.002893932862 1.58048749
v 0.0392982848 0.002515006578 1.580490232
v 0.03968202323 0.002242242452 1.580614209
v 0.04014836252 0.002394451527 1.580250144
v 0.03920761496 0.003763233311 1.579690933
v 0.03984058648 0.003889271524 1.579277992
v 0.03969779983 0.003512090072 1.579456329
v 0.0395489037 0.00418419065 1.579358816
v 0.04012188315 0.00387365371 1.579160452
v 0.04004484415 0.003338327864 1.579298258
v 0.04006981477 0.002952622948 1.579491377
v 0.03849059343 0.003217634745 1.58084774
v 0.03815248981 0.004151508212 1.581469774
v 0.03842834383 0.003418054897 1.581494212
v 0.0380736962 0.004211394582 1.580967426
v 0.03726840392 0.005630759057 1.581106901
v 0.04149735346 0.004803804215 1.580105543
v 0.03832297772 0.006898861378 1.580076098
v 0.03783616796 0.007020857185 1.580678344
v 0.03797904775 0.006742895115 1.580092192
v 0.03809024394 0.007520092186 1.580875754
v 0.03841078654 0.007503421977 1.580562353
v 0.03746440262 0.00616950728 1.582258701
v 0.03774279729 0.005651529878 1.58211112
v 0.03821408004 0.005805568304 1.582505584
v 0.03831485659 0.00643420266 1.582543612
v 0.03775868565 0.006534136366 1.582581878
v 0.03811528534 0.007916459814 1.581511736
v 0.03773162887 0.007619237993 1.581985116
v 0.03814294189 0.007682399359 1.581861734
v 0.0370525755 0.007794375531 1.581859827
v 0.03620044515 0.007043744437 1.582924724
v 0.0358441025 0.007179006934 1.583229542
v 0.04076704383 0.005853629205 1.580636024
v 0.04005208984 0.006034788676 1.579792857
v 0.03962665796 0.006540854461 1.580135942
v 0.04050532356 0.006403782405 1.581038117
v 0.04035298526 0.002423556289 1.582010627
v 0.04020851851 0.002193390392 1.581415772
v 0.04088661075 0.002568520373 1.581827402
v 0.04128837585 0.002853010781 1.581670642
v 0.04131953418 0.003067493439 1.582232714
v 0.04092951491 0.002845342737 1.582453847
v 0.04114830866 0.003145233262 1.583072424
v 0.04074840248 0.003011924215 1.583304644
v 0.04048642144 0.002727459418 1.582634091
v 0.04032505304 0.003016329836 1.583469868
v 0.04002661631 0.002752306173 1.58276999
v 0.03980283812 0.002463050652 1.58218801
v 0.03958544135 0.002935530152 1.582853794
v 0.03930914775 0.002661840059 1.582258105
v 0.03909970075 0.002451336011 1.581702709
v 0.03890720755 0.003022695193 1.582224846
v 0.03868887573 0.002833624603 1.581638932
v 0.03920016065 0.003269213717 1.582852244
v 0.03887956217 0.003764620284 1.582758665
v 0.03862296045 0.003568154061 1.582113981
v 0.03885743394 0.004623681307 1.583239317
v 0.03871498629 0.005310990848 1.583021164
v 0.03913959488 0.005490982905 1.583453536
v 0.03956418112 0.006470954046 1.582835555
v 0.03896090761 0.006478853524 1.582614422
v 0.04006208852 0.006664441433 1.582484245
v 0.03957718238 0.007222907618 1.58159709
v 0.03938449919 0.007959882729 1.580903411
v 0.0391779542 0.008189514279 1.580736399
v 0.0388828814 0.008286517113 1.580753803
v 0.03855320066 0.008277629502 1.580904841
v 0.03828268871 0.008152181283 1.581171036
v 0.03906213492 0.007462627254 1.580437183
v 0.038748689 0.007498132065 1.580432534
v 0.03908793628 0.00686588278 1.580063105
v 0.0387179479 0.006877298001 1.580003023
v 0.0392033495 0.006460485514 1.57980752
v 0.03966700286 0.005834043492 1.579503536
v 0.03935205191 0.005264039617 1.579418659
v 0.0402232483 0.005517091602 1.579223037
v 0.03993580863 0.004875674378 1.579165816
v 0.04081512988 0.004547281191 1.578888893
v 0.04108387604 0.002510215389 1.581138849
v 0.04075008258 0.002308542607 1.580941916
v 0.04047042504 0.00227113883 1.580557823
v 0.0399788022 0.00212801178 1.580903053
v 0.03949804232 0.002168280073 1.581071973
v 0.03904971853 0.002383467043 1.581092596
v 0.03867963701 0.002720381366 1.581038356
v 0.04141206667 0.00285248505 1.581057429
v 0.04157115892 0.003185451729 1.580761433
v 0.04174926132 0.003640085459 1.582530975
v 0.04201436415 0.003968189005 1.583037615
v 0.04178098217 0.003688316792 1.583338737
v 0.04149953648 0.003362688469 1.582803249
v 0.04208547622 0.004075020086 1.583983302
v 0.04175907373 0.003835296957 1.58419323
v 0.04146382213 0.003463550936 1.583627701
v 0.0414487049 0.003723395988 1.584332108
v 0.04110632092 0.003332131309 1.583888054
v 0.04107806087 0.003746991744 1.584494352
v 0.04071188346 0.003337837057 1.584080338
v 0.04068831727 0.003887282917 1.58456707
v 0.04030125588 0.003493144177 1.584167004
v 0.0399091579 0.003185048234 1.58355701
v 0.03989577666 0.003793659154 1.584139705
v 0.03951519355 0.003507265123 1.583550334
v 0.0395071283 0.004249651451 1.583999038
v 0.03914773464 0.003987011965 1.583440065
v 0.03994069993 0.004581351299 1.584388137
v 0.03960836679 0.005643796176 1.583838224
v 0.04012671113 0.006391315255 1.583315969
v 0.04056457803 0.006538107526 1.583081961
v 0.04091588408 0.006559268106 1.582770824
v 0.04059901461 0.006604453549 1.582217455
v 0.04023139179 0.006746470928 1.581760764
v 0.04098251835 0.006434363779 1.582070112
v 0.04061654955 0.006527619436 1.58158958
v 0.04128181562 0.006149946246 1.582020879
v 0.04086130857 0.006249001715 1.581496119
v 0.04163768888 0.0055293357 1.582139015
v 0.04129916057 0.005566803738 1.581711173
v 0.04094337672 0.005493657663 1.580659151
v 0.04197157174 0.004779551644 1.582432151
v 0.04238120094 0.0051470045 1.582888722
v 0.0424679108 0.004666903056 1.583209872
v 0.04209709167 0.004296173807 1.582741976
v 0.04235511646 0.004357768223 1.58357203
v 0.04202382267 0.005802523345 1.582612157
v 0.04160633311 0.006298203487 1.582564712
v 0.04125352949 0.006491100881 1.582634211
v 0.039956294 0.006922044326 1.581355333
v 0.03935845569 0.007345355116 1.580629826
v 0.04028814659 0.006650866941 1.581160307
v 0.03946834058 0.006857703906 1.580331922
v 0.04049415141 0.005693275016 1.579490304
v 0.04131342471 0.005061465781 1.579102159
v 0.04153767601 0.005050954409 1.579858065
v 0.04103314877 0.005582632497 1.58028543
v 0.04031001404 0.004151906352 1.584537029
v 0.04106738046 0.004972443916 1.578873038
v 0.03901522607 0.004689346068 1.579607248
v 0.03859487548 0.004048541188 1.580163717
v 0.03962194175 0.002239002846 1.581641793
v 0.03676660731 0.006843104027 1.582966089
v 0.03728638217 0.006710474379 1.582746267
v 0.03708847985 0.006511045154 1.582436085
v 0.03665249795 0.006793357898 1.582674384
v 0.0369111523 0.006487837061 1.582188129
v 0.03651799262 0.006845181342 1.58247149
v 0.03641493991 0.006939043291 1.582300425
v 0.03607571125 0.007164381444 1.582769394
v 0.03599957004 0.007303750608 1.58262229
v 0.03596992791 0.007452000398 1.582481384
v 0.0356123969 0.007569280453 1.583000422
v 0.03559695557 0.007800198626 1.582826734
v 0.03606824204 0.007730310317 1.582225204
v 0.03575983644 0.008175412193 1.58248508
v 0.03635895997 0.007951967418 1.582038522
v 0.03620662913 0.008336794563 1.582219124
v 0.03643850982 0.008254895918 1.582108498
v 0.03693364561 0.008100934327 1.582049489
v 0.03728832304 0.007861882448 1.582068086
v 0.03662715107 0.007567514665 1.581783295
v 0.0364953205 0.007444966119 1.581836104
v 0.03683863208 0.007076828275 1.581498027
v 0.03635749221 0.007190153003 1.582021594
v 0.03699146211 0.006187074818 1.581483483
v 0.03706615418 0.006097583566 1.581700921
v 0.03678166121 0.006542152259 1.581995487
v 0.03732775152 0.005542369094 1.581421733
v 0.0374651216 0.005542097613 1.581738591
v 0.03721103817 0.006071322598 1.581939459
v 0.03737382591 0.006396546494 1.58064723
v 0.03755516559 0.006135999225 1.580049872
v 0.0377369523 0.006478780415 1.580025077
v 0.03757467493 0.006697910838 1.580630183
v 0.03731024265 0.00695847813 1.581085205
v 0.03752730414 0.007202104665 1.581134796
v 0.03698042035 0.007232897915 1.581467032
v 0.03716107085 0.007391538937 1.581496477
v 0.03779271245 0.007520658895 1.581299901
v 0.03742339462 0.007563388906 1.581649184
v 0.03680739924 0.007704402786 1.581781626
v 0.03569341823 0.007353079971 1.583139777
v 0.03905791417 0.006987228058 1.582185984
v 0.03967770562 0.00690149283 1.582016468
v 0.0406098105 0.004589620512 1.578960776
v 0.04084770009 0.005151337478 1.578960896
v 0.04104425386 0.005301562138 1.579210639
v 0.04135892168 0.005272469483 1.579965711
v 0.04138774052 0.0049100006 1.580200911
v 0.04035284743 0.00466476474 1.579039454
v 0.04062569141 0.005275210366 1.579037309
v 0.04084669054 0.005440787412 1.579292417
v 0.04124448076 0.00538209267 1.580063701
v 0.04129912332 0.00495990226 1.58030808
v 0.04150418565 0.004198298324 1.58042717
v 0.0416614227 0.003561736085 1.580476642
v 0.04162924737 0.003180886386 1.58057189
v 0.04150814191 0.002853230806 1.580658913
v 0.04130334407 0.002585659968 1.580680847
v 0.04106561095 0.002422455 1.580554128
v 0.04081912711 0.002393699251 1.580286145
v 0.03630642593 0.006983723957 1.583160996
v 0.03598742187 0.007068407722 1.583362341
v 0.03658476099 0.009685535915 1.583252072
v 0.03662298247 0.01073941868 1.583285093
v 0.03689512983 0.01148797199 1.583173156
v 0.03727570921 0.01217732206 1.582932115
v 0.03774375841 0.01273743901 1.582552195
v 0.03830171004 0.01310602203 1.582057118
v 0.03887869418 0.01328388229 1.581461668
v 0.03939922899 0.01327831112 1.580792546
v 0.03984980658 0.0130765317 1.580124855
v 0.04020121321 0.01266505662 1.579518914
v 0.04039655253 0.01206555218 1.578995109
v 0.04042582214 0.01134608686 1.578584552
v 0.04033963382 0.01057174429 1.578320146
v 0.04018041864 0.009776175022 1.578193545
v 0.03998162597 0.008974625729 1.578183055
v 0.03977975622 0.00820604153 1.57831049
v 0.03960350528 0.00752892904 1.578636408
v 0.0393909961 0.006971897092 1.579075694
v 0.03912601247 0.006542213727 1.579488039
v 0.03977688402 0.006314073224 1.580008507
v 0.03933165222 0.006148086395 1.579690337
v 0.03641333804 0.008677109145 1.582308054
v 0.03967085853 0.01232642587 1.579563975
v 0.03939464688 0.01266857609 1.580066562
v 0.03903138638 0.01285248157 1.580619812
v 0.03860193118 0.01286674477 1.581181526
v 0.03813218325 0.01272405218 1.58170414
v 0.03768042102 0.01241514739 1.582155347
v 0.03728596494 0.01193882804 1.58249259
v 0.03694691509 0.01134007331 1.58270371
v 0.03671637923 0.01070697047 1.582797647
v 0.03667480871 0.009781788103 1.582842708
v 0.03667737916 0.009286995046 1.582687855
v 0.03669495508 0.00885966979 1.582536936
v 0.03668555245 0.008545865305 1.58230269
v 0.03530421108 0.00848432444 1.583460689
v 0.0354289934 0.008698201738 1.583589077
v 0.0352897495 0.008286111988 1.583307028
v 0.03541179746 0.008364217356 1.582889438
v 0.03536231816 0.009640361182 1.58300662
v 0.03575442359 0.009131778032 1.582619429
v 0.03581449762 0.008705941029 1.582498908
v 0.03786005825 0.005649025552 1.578968763
v 0.03767519444 0.005946505349 1.579351544
v 0.03568537533 0.009667612612 1.583618283
v 0.03576881438 0.01034404151 1.582818389
v 0.03608004376 0.01194194332 1.583340287
v 0.03567029536 0.0110710375 1.583455801
v 0.03627773747 0.01166118402 1.582669377
v 0.03595381975 0.01097570825 1.582794309
v 0.03722074628 0.01337883249 1.582611203
v 0.03661125153 0.0127247721 1.583071113
v 0.03719127923 0.01282792538 1.582037568
v 0.03671101853 0.01230622642 1.582424164
v 0.03850368783 0.01408641879 1.581259966
v 0.0378677696 0.01383925136 1.581986427
v 0.03819568455 0.01337829698 1.580914855
v 0.03769853339 0.01352123823 1.581681848
v 0.03867813572 0.01338963769 1.58026576
v 0.03968410566 0.0138874827 1.579639912
v 0.03911587223 0.01410545874 1.580462217
v 0.03943577781 0.01283867192 1.579011559
v 0.03929607943 0.01357338857 1.579553008
v 0.03961084411 0.01229294762 1.578469396
v 0.04036262259 0.01268199738 1.578150988
v 0.0401285775 0.01340557169 1.578846455
v 0.03960359469 0.01078638248 1.577795625
v 0.0399149023 0.01173461881 1.577746272
v 0.03947347403 0.009864919819 1.577681303
v 0.0401561223 0.009851121344 1.577199221
v 0.04031760618 0.01082615089 1.577295184
v 0.03901267052 0.008353168145 1.577811122
v 0.03933047131 0.0092132641 1.577696085
v 0.03968336061 0.007967007346 1.577302337
v 0.03994513676 0.008913921192 1.577234507
v 0.03966630623 0.007048633881 1.577778578
v 0.0380743742 0.007054528221 1.5783602
v 0.03856549412 0.007675122004 1.577994466
v 0.03858366609 0.005617915653 1.578338385
v 0.0389335677 0.006217976101 1.57780838
v 0.03875030577 0.005305821076 1.579098701
v 0.0381596759 0.005020406097 1.579651117
v 0.03799459711 0.006048603915 1.578465819
v 0.0404016152 0.01179840043 1.577615142
v 0.0384818539 0.003694317536 1.580502272
v 0.03730547428 0.005852841772 1.580785871
v 0.03759232163 0.005104173906 1.580783486
v 0.03859008476 0.004422066733 1.582620621
v 0.03834332526 0.004259795882 1.582026005
v 0.03833702207 0.005133540835 1.582512736
v 0.03800974041 0.004982441664 1.582018256
v 0.0387523137 0.005934407003 1.582846403
v 0.03926841915 0.006047874223 1.583158851
v 0.03966600448 0.005111476406 1.5841465
v 0.03921988979 0.004851468839 1.583751798
v 0.03975464404 0.006104328204 1.583511472
v 0.03853188455 0.004551965743 1.580009103
v 0.03807123005 0.004463258665 1.580585957
v 0.03564200178 0.008011066355 1.582648993
v 0.03619147465 0.007848351263 1.582119823
v 0.03599467501 0.007595398463 1.582346439
v 0.03595613316 0.008281244896 1.582340717
v 0.03669245169 0.006893622223 1.58167088
v 0.03640470281 0.007317461539 1.581918955
v 0.03670667112 0.006645235233 1.581827164
v 0.03635874763 0.007056916598 1.582150698
v 0.03766787425 0.004892477766 1.581191778
v 0.03778194264 0.004885969684 1.581584811
v 0.03701784834 0.006431046873 1.581255078
v 0.03713657334 0.006733538117 1.581104755
v 0.03751479089 0.005629128776 1.580244303
v 0.0380737409 0.004776151851 1.580267787
v 0.03772533312 0.005129362457 1.580346107
v 0.03792282194 0.005178992637 1.579640269
v 0.03958352283 0.008558282629 1.58104229
v 0.03969923407 0.008156591095 1.581340075
v 0.03953252733 0.007593880873 1.58124125
v 0.03967826813 0.00713104289 1.580980778
v 0.03990474343 0.00676493533 1.580739498
v 0.04010582343 0.006501390599 1.580592632
v 0.04061452299 0.006133128423 1.58090198
v 0.04082581773 0.005717613734 1.579917073
v 0.04110346362 0.005472873803 1.579705596
v 0.04125785083 0.005332512781 1.579616308
v 0.04148791358 0.005102250725 1.579514742
v 0.04046673328 0.006003629882 1.580245018
v 0.04024388269 0.006258909591 1.580476999
v 0.04093522578 0.00596361421 1.581315517
v 0.04090139642 0.005810271949 1.581128597
v 0.03845631704 0.007057742681 1.582298994
v 0.03788725659 0.007187411655 1.582449794
v 0.03665336594 0.00817250926 1.582038879
v 0.04105660319 0.004623714369 1.578842878
v 0.04046038538 0.004012091085 1.579003334
v 0.04064801335 0.004105927888 1.578940392
v 0.04029023275 0.003787485184 1.579075813
v 0.04154483229 0.004479311407 1.580209136
v 0.04157268628 0.004629035946 1.580094814
v 0.04154712334 0.004310950637 1.580298662
v 0.04178817198 0.004469820298 1.582179904
v 0.04184993356 0.004010698292 1.582322001
v 0.04160137475 0.003567438573 1.580622077
v 0.04157310352 0.003343754448 1.582010746
v 0.04149521887 0.003108710051 1.581530333
v 0.04149501026 0.003016403643 1.581189156
v 0.0411048457 0.005224686582 1.58049202
v 0.0408690609 0.00569890067 1.580835462
v 0.04149839282 0.004051718395 1.580551624
v 0.0414564386 0.004255619366 1.580708265
v 0.04160391912 0.003617436858 1.580808282
v 0.04156402871 0.003222296014 1.580984116
v 0.04120887071 0.004915103316 1.580643177
f 1 3248 1088
f 1 1087 3248
f 3 3248 1372
f 3 1088 3248
f 2 3248 1087
f 2 1372 3248
f 1 3249 1087
f 1 1089 3249
f 1087 1373 2
f 1087 3249 1373
f 3249 5 1373
f 3249 1901 5
f 1089 1901 3249
f 1089 4 1901
f 6 3250 2431
f 6 2430 3250
f 2431 2991 9
f 2431 3250 2991
f 3250 8 2991
f 3250 2711 8
f 2430 2711 3250
f 2430 7 2711
f 6 3251 2432
f 6 2431 3251
f 2432 1437 11
f 2432 3251 1437
f 3251 10 1437
f 3251 1155 10
f 2431 1155 3251
f 2431 9 1155
f 12 3252 1962
f 12 2712 3252
f 1962 2215 14
f 1962 3252 2215
f 3252 13 2215
f 3252 2713 13
f 2712 2713 3252
f 2712 7 2713
f 12 3253 1964
f 12 1963 3253
f 1964 3053 17
f 1964 3253 3053
f 3253 16 3053
f 3253 2782 16
f 1963 2782 3253
f 1963 15 2782
f 12 3254 2712
f 12 1964 3254
f 2712 2711 7
f 2712 3254 2711
f 3254 8 2711
f 3254 2992 8
f 1964 2992 3254
f 1964 17 2992
f 10 3255 1438
f 10 1155 3255
f 1438 1504 19
f 1438 3255 1504
f 3255 18 1504
f 3255 1156 18
f 1155 1156 3255
f 1155 9 1156
f 20 3256 2022
f 20 2142 3256
f 2022 1902 21
f 2022 3256 1902
f 3256 4 1902
f 3256 1901 4
f 2142 1901 3256
f 2142 5 1901
f 20 3257 2142
f 20 2023 3257
f 2142 2143 5
f 2142 3257 2143
f 3257 23 2143
f 3257 2571 23
f 2023 2571 3257
f 2023 22 2571
f 20 3258 2023
f 20 2024 3258
f 2023 2572 22
f 2023 3258 2572
f 3258 25 2572
f 3258 3127 25
f 2024 3127 3258
f 2024 24 3127
f 26 3259 1569
f 26 1568 3259
f 1569 2097 29
f 1569 3259 2097
f 3259 28 2097
f 3259 1824 28
f 1568 1824 3259
f 1568 27 1824
f 26 3260 1571
f 26 1570 3260
f 1571 2910 32
f 1571 3260 2910
f 3260 31 2910
f 3260 2639 31
f 1570 2639 3260
f 1570 30 2639
f 26 3261 1568
f 26 1571 3261
f 27 3261 1825
f 27 1568 3261
f 32 3261 1571
f 32 1825 3261
f 33 3262 2843
f 33 1374 3262
f 2843 2143 23
f 2843 3262 2143
f 3262 5 2143
f 3262 1373 5
f 1374 1373 3262
f 1374 2 1373
f 33 3263 1374
f 33 1090 3263
f 1374 1372 2
f 1374 3263 1372
f 3263 3 1372
f 3263 1636 3
f 1090 1636 3263
f 1090 34 1636
f 33 3264 1090
f 33 1091 3264
f 1090 1375 34
f 1090 3264 1375
f 3264 36 1375
f 3264 1637 36
f 1091 1637 3264
f 1091 35 1637
f 35 3265 1637
f 35 1638 3265
f 1637 1903 36
f 1637 3265 1903
f 3265 38 1903
f 3265 2144 38
f 1638 2144 3265
f 1638 37 2144
f 35 3266 1638
f 35 1639 3266
f 1638 2145 37
f 1638 3266 2145
f 3266 40 2145
f 3266 2714 40
f 1639 2714 3266
f 1639 39 2714
f 35 3267 1639
f 35 1091 3267
f 1639 2715 39
f 1639 3267 2715
f 3267 41 2715
f 3267 1092 41
f 1091 1092 3267
f 1091 33 1092
f 41 3268 2715
f 41 1157 3268
f 2715 2716 39
f 2715 3268 2716
f 3268 43 2716
f 3268 1439 43
f 1157 1439 3268
f 1157 42 1439
f 41 3269 1157
f 41 1158 3269
f 1157 1440 42
f 1157 3269 1440
f 3269 45 1440
f 3269 1965 45
f 1158 1965 3269
f 1158 44 1965
f 41 3270 1158
f 41 1092 3270
f 1158 2844 44
f 1158 3270 2844
f 3270 23 2844
f 3270 2843 23
f 1092 2843 3270
f 1092 33 2843
f 44 3271 1965
f 44 1966 3271
f 1965 2216 45
f 1965 3271 2216
f 3271 47 2216
f 3271 2503 47
f 1966 2503 3271
f 1966 46 2503
f 44 3272 1966
f 44 2844 3272
f 1966 2573 46
f 1966 3272 2573
f 3272 22 2573
f 3272 2571 22
f 2844 2571 3272
f 2844 23 2571
f 46 3273 2503
f 46 2504 3273
f 2503 2783 47
f 2503 3273 2783
f 3273 49 2783
f 3273 3054 49
f 2504 3054 3273
f 2504 48 3054
f 46 3274 2504
f 46 2573 3274
f 2504 1287 48
f 2504 3274 1287
f 3274 25 1287
f 3274 2572 25
f 2573 2572 3274
f 2573 22 2572
f 25 3275 1287
f 25 1288 3275
f 1287 3055 48
f 1287 3275 3055
f 3275 51 3055
f 3275 1505 51
f 1288 1505 3275
f 1288 50 1505
f 25 3276 1288
f 25 3127 3276
f 1288 1506 50
f 1288 3276 1506
f 3276 52 1506
f 3276 3128 52
f 3127 3128 3276
f 3127 24 3128
f 52 3277 1506
f 52 2911 3277
f 1506 2640 50
f 1506 3277 2640
f 3277 30 2640
f 3277 2639 30
f 2911 2639 3277
f 2911 31 2639
f 50 3278 1505
f 50 2640 3278
f 1505 1766 51
f 1505 3278 1766
f 3278 53 1766
f 3278 2641 53
f 2640 2641 3278
f 2640 30 2641
f 53 3279 1766
f 53 2284 3279
f 1766 1767 51
f 1766 3279 1767
f 3279 55 1767
f 3279 2574 55
f 2284 2574 3279
f 2284 54 2574
f 53 3280 2284
f 53 2285 3280
f 2284 2575 54
f 2284 3280 2575
f 3280 57 2575
f 3280 3129 57
f 2285 3129 3280
f 2285 56 3129
f 53 3281 2285
f 53 2641 3281
f 2285 1572 56
f 2285 3281 1572
f 3281 26 1572
f 3281 1570 26
f 2641 1570 3281
f 2641 30 1570
f 56 3282 3129
f 56 3130 3282
f 3129 1289 57
f 3129 3282 1289
f 3282 59 1289
f 3282 1573 59
f 3130 1573 3282
f 3130 58 1573
f 56 3283 3130
f 56 1572 3283
f 3130 2348 58
f 3130 3283 2348
f 3283 29 2348
f 3283 1569 29
f 1572 1569 3283
f 1572 26 1569
f 29 3284 2348
f 29 2349 3284
f 2348 1574 58
f 2348 3284 1574
f 3284 61 1574
f 3284 2098 61
f 2349 2098 3284
f 2349 60 2098
f 29 3285 2349
f 29 2097 3285
f 2349 1950 60
f 2349 3285 1950
f 3285 62 1950
f 3285 2099 62
f 2097 2099 3285
f 2097 28 2099
f 62 3286 1950
f 62 2642 3286
f 1950 2100 60
f 1950 3286 2100
f 3286 64 2100
f 3286 2912 64
f 2642 2912 3286
f 2642 63 2912
f 63 3287 2912
f 63 2433 3287
f 2912 2146 64
f 2912 3287 2146
f 3287 37 2146
f 3287 2144 37
f 2433 2144 3287
f 2433 38 2144
f 64 3288 2100
f 64 3195 3288
f 2100 2098 60
f 2100 3288 2098
f 3288 61 2098
f 3288 2350 61
f 3195 2350 3288
f 3195 65 2350
f 64 3289 3195
f 64 2146 3289
f 3195 2993 65
f 3195 3289 2993
f 3289 40 2993
f 3289 2145 40
f 2146 2145 3289
f 2146 37 2145
f 65 3290 2350
f 65 1093 3290
f 2350 2351 61
f 2350 3290 2351
f 3290 67 2351
f 3290 1376 67
f 1093 1376 3290
f 1093 66 1376
f 65 3291 1093
f 65 2993 3291
f 1093 1377 66
f 1093 3291 1377
f 3291 68 1377
f 3291 2994 68
f 2993 2994 3291
f 2993 40 2994
f 68 3292 1377
f 68 1904 3292
f 1377 1378 66
f 1377 3292 1378
f 3292 70 1378
f 3292 2147 70
f 1904 2147 3292
f 1904 69 2147
f 68 3293 1904
f 68 1704 3293
f 1904 2148 69
f 1904 3293 2148
f 3293 71 2148
f 3293 1705 71
f 1704 1705 3293
f 1704 43 1705
f 68 3294 1704
f 68 2994 3294
f 1704 2716 43
f 1704 3294 2716
f 3294 39 2716
f 3294 2714 39
f 2994 2714 3294
f 2994 40 2714
f 71 3295 2148
f 71 2717 3295
f 2148 2149 69
f 2148 3295 2149
f 3295 73 2149
f 3295 2995 73
f 2717 2995 3295
f 2717 72 2995
f 71 3296 2717
f 71 2718 3296
f 2717 2996 72
f 2717 3296 2996
f 3296 75 2996
f 3296 1442 75
f 2718 1442 3296
f 2718 74 1442
f 71 3297 2718
f 71 1705 3297
f 2718 1441 74
f 2718 3297 1441
f 3297 42 1441
f 3297 1439 42
f 1705 1439 3297
f 1705 43 1439
f 74 3298 1442
f 74 1443 3298
f 1442 1706 75
f 1442 3298 1706
f 3298 77 1706
f 3298 1967 77
f 1443 1967 3298
f 1443 76 1967
f 74 3299 1443
f 74 1441 3299
f 1443 2217 76
f 1443 3299 2217
f 3299 45 2217
f 3299 1440 45
f 1441 1440 3299
f 1441 42 1440
f 76 3300 1967
f 76 1968 3300
f 1967 2218 77
f 1967 3300 2218
f 3300 79 2218
f 3300 2505 79
f 1968 2505 3300
f 1968 78 2505
f 76 3301 1968
f 76 2217 3301
f 1968 2784 78
f 1968 3301 2784
f 3301 47 2784
f 3301 2216 47
f 2217 2216 3301
f 2217 45 2216
f 78 3302 2505
f 78 2506 3302
f 2505 2785 79
f 2505 3302 2785
f 3302 81 2785
f 3302 3056 81
f 2506 3056 3302
f 2506 80 3056
f 78 3303 2506
f 78 2784 3303
f 2506 1221 80
f 2506 3303 1221
f 3303 49 1221
f 3303 2783 49
f 2784 2783 3303
f 2784 47 2783
f 80 3304 3056
f 80 3057 3304
f 3056 1222 81
f 3056 3304 1222
f 3304 83 1222
f 3304 1507 83
f 3057 1507 3304
f 3057 82 1507
f 80 3305 3057
f 80 1221 3305
f 3057 2845 82
f 3057 3305 2845
f 3305 55 2845
f 3305 1220 55
f 1221 1220 3305
f 1221 49 1220
f 55 3306 1767
f 55 1220 3306
f 1767 3055 51
f 1767 3306 3055
f 3306 48 3055
f 3306 3054 48
f 1220 3054 3306
f 1220 49 3054
f 82 3307 1507
f 82 1508 3307
f 1507 1768 83
f 1507 3307 1768
f 3307 85 1768
f 3307 2025 85
f 1508 2025 3307
f 1508 84 2025
f 82 3308 1508
f 82 2845 3308
f 1508 2576 84
f 1508 3308 2576
f 3308 54 2576
f 3308 2574 54
f 2845 2574 3308
f 2845 55 2574
f 84 3309 2025
f 84 2026 3309
f 2025 2286 85
f 2025 3309 2286
f 3309 87 2286
f 3309 2577 87
f 2026 2577 3309
f 2026 86 2577
f 84 3310 2026
f 84 2576 3310
f 2026 1290 86
f 2026 3310 1290
f 3310 57 1290
f 3310 2575 57
f 2576 2575 3310
f 2576 54 2575
f 86 3311 2577
f 86 2578 3311
f 2577 2846 87
f 2577 3311 2846
f 3311 89 2846
f 3311 3131 89
f 2578 3131 3311
f 2578 88 3131
f 86 3312 2578
f 86 1290 3312
f 2578 1827 88
f 2578 3312 1827
f 3312 59 1827
f 3312 1289 59
f 1290 1289 3312
f 1290 57 1289
f 88 3313 3131
f 88 3132 3313
f 3131 1291 89
f 3131 3313 1291
f 3313 91 1291
f 3313 1575 91
f 3132 1575 3313
f 3132 90 1575
f 88 3314 3132
f 88 1827 3314
f 3132 1640 90
f 3132 3314 1640
f 3314 67 1640
f 3314 1826 67
f 1827 1826 3314
f 1827 59 1826
f 67 3315 2351
f 67 1826 3315
f 2351 1574 61
f 2351 3315 1574
f 3315 58 1574
f 3315 1573 58
f 1826 1573 3315
f 1826 59 1573
f 90 3316 1575
f 90 2434 3316
f 1575 1828 91
f 1575 3316 1828
f 3316 92 1828
f 3316 2435 92
f 2434 2435 3316
f 2434 70 2435
f 90 3317 2434
f 90 1640 3317
f 2434 1378 70
f 2434 3317 1378
f 3317 66 1378
f 3317 1376 66
f 1640 1376 3317
f 1640 67 1376
f 92 3318 1828
f 92 2101 3318
f 1828 1829 91
f 1828 3318 1829
f 3318 94 1829
f 3318 2352 94
f 2101 2352 3318
f 2101 93 2352
f 92 3319 2101
f 92 1159 3319
f 2101 2353 93
f 2101 3319 2353
f 3319 95 2353
f 3319 1160 95
f 1159 1160 3319
f 1159 73 1160
f 92 3320 1159
f 92 2435 3320
f 1159 2149 73
f 1159 3320 2149
f 3320 69 2149
f 3320 2147 69
f 2435 2147 3320
f 2435 70 2147
f 95 3321 2353
f 95 2913 3321
f 2353 2354 93
f 2353 3321 2354
f 3321 97 2354
f 3321 3196 97
f 2913 3196 3321
f 2913 96 3196
f 95 3322 2913
f 95 2914 3322
f 2913 3197 96
f 2913 3322 3197
f 3322 99 3197
f 3322 1379 99
f 2914 1379 3322
f 2914 98 1379
f 95 3323 2914
f 95 1160 3323
f 2914 2997 98
f 2914 3323 2997
f 3323 72 2997
f 3323 2995 72
f 1160 2995 3323
f 1160 73 2995
f 98 3324 1379
f 98 1380 3324
f 1379 1641 99
f 1379 3324 1641
f 3324 101 1641
f 3324 1905 101
f 1380 1905 3324
f 1380 100 1905
f 98 3325 1380
f 98 2997 3325
f 1380 1707 100
f 1380 3325 1707
f 3325 75 1707
f 3325 2996 75
f 2997 2996 3325
f 2997 72 2996
f 100 3326 1905
f 100 1906 3326
f 1905 2150 101
f 1905 3326 2150
f 3326 103 2150
f 3326 2436 103
f 1906 2436 3326
f 1906 102 2436
f 100 3327 1906
f 100 1707 3327
f 1906 2219 102
f 1906 3327 2219
f 3327 77 2219
f 3327 1706 77
f 1707 1706 3327
f 1707 75 1706
f 102 3328 2436
f 102 2437 3328
f 2436 2719 103
f 2436 3328 2719
f 3328 105 2719
f 3328 2998 105
f 2437 2998 3328
f 2437 104 2998
f 102 3329 2437
f 102 2219 3329
f 2437 2786 104
f 2437 3329 2786
f 3329 79 2786
f 3329 2218 79
f 2219 2218 3329
f 2219 77 2218
f 104 3330 2998
f 104 2999 3330
f 2998 1161 105
f 2998 3330 1161
f 3330 107 1161
f 3330 1444 107
f 2999 1444 3330
f 2999 106 1444
f 104 3331 2999
f 104 2786 3331
f 2999 1223 106
f 2999 3331 1223
f 3331 81 1223
f 3331 2785 81
f 2786 2785 3331
f 2786 79 2785
f 106 3332 1444
f 106 1445 3332
f 1444 1708 107
f 1444 3332 1708
f 3332 109 1708
f 3332 1969 109
f 1445 1969 3332
f 1445 108 1969
f 106 3333 1445
f 106 1223 3333
f 1445 1769 108
f 1445 3333 1769
f 3333 83 1769
f 3333 1222 83
f 1223 1222 3333
f 1223 81 1222
f 108 3334 1969
f 108 1970 3334
f 1969 2220 109
f 1969 3334 2220
f 3334 111 2220
f 3334 2507 111
f 1970 2507 3334
f 1970 110 2507
f 108 3335 1970
f 108 1769 3335
f 1970 2287 110
f 1970 3335 2287
f 3335 85 2287
f 3335 1768 85
f 1769 1768 3335
f 1769 83 1768
f 110 3336 2507
f 110 2508 3336
f 2507 2787 111
f 2507 3336 2787
f 3336 113 2787
f 3336 3058 113
f 2508 3058 3336
f 2508 112 3058
f 110 3337 2508
f 110 2287 3337
f 2508 2847 112
f 2508 3337 2847
f 3337 87 2847
f 3337 2286 87
f 2287 2286 3337
f 2287 85 2286
f 112 3338 3058
f 112 3059 3338
f 3058 1224 113
f 3058 3338 1224
f 3338 115 1224
f 3338 1509 115
f 3059 1509 3338
f 3059 114 1509
f 112 3339 3059
f 112 2847 3339
f 3059 1292 114
f 3059 3339 1292
f 3339 89 1292
f 3339 2846 89
f 2847 2846 3339
f 2847 87 2846
f 114 3340 1509
f 114 2645 3340
f 1509 1770 115
f 1509 3340 1770
f 3340 116 1770
f 3340 2646 116
f 2645 2646 3340
f 2645 94 2646
f 114 3341 2645
f 114 1292 3341
f 2645 1829 94
f 2645 3341 1829
f 3341 91 1829
f 3341 1291 91
f 1292 1291 3341
f 1292 89 1291
f 116 3342 2027
f 116 1094 3342
f 2027 2288 118
f 2027 3342 2288
f 3342 117 2288
f 3342 1095 117
f 1094 1095 3342
f 1094 97 1095
f 116 3343 1094
f 116 2646 3343
f 1094 2354 97
f 1094 3343 2354
f 3343 93 2354
f 3343 2352 93
f 2646 2352 3343
f 2646 94 2352
f 117 3344 2288
f 117 2289 3344
f 2288 2579 118
f 2288 3344 2579
f 3344 120 2579
f 3344 2848 120
f 2289 2848 3344
f 2289 119 2848
f 117 3345 2289
f 117 2290 3345
f 2289 2849 119
f 2289 3345 2849
f 3345 122 2849
f 3345 1293 122
f 2290 1293 3345
f 2290 121 1293
f 117 3346 2290
f 117 1095 3346
f 2290 3198 121
f 2290 3346 3198
f 3346 96 3198
f 3346 3196 96
f 1095 3196 3346
f 1095 97 3196
f 121 3347 1293
f 121 1294 3347
f 1293 1576 122
f 1293 3347 1576
f 3347 124 1576
f 3347 1830 124
f 1294 1830 3347
f 1294 123 1830
f 121 3348 1294
f 121 3198 3348
f 1294 1642 123
f 1294 3348 1642
f 3348 99 1642
f 3348 3197 99
f 3198 3197 3348
f 3198 96 3197
f 123 3349 1830
f 123 1831 3349
f 1830 2102 124
f 1830 3349 2102
f 3349 126 2102
f 3349 2355 126
f 1831 2355 3349
f 1831 125 2355
f 123 3350 1831
f 123 1642 3350
f 1831 2151 125
f 1831 3350 2151
f 3350 101 2151
f 3350 1641 101
f 1642 1641 3350
f 1642 99 1641
f 125 3351 2355
f 125 2356 3351
f 2355 2647 126
f 2355 3351 2647
f 3351 128 2647
f 3351 2915 128
f 2356 2915 3351
f 2356 127 2915
f 125 3352 2356
f 125 2151 3352
f 2356 2720 127
f 2356 3352 2720
f 3352 103 2720
f 3352 2150 103
f 2151 2150 3352
f 2151 101 2150
f 127 3353 2915
f 127 2916 3353
f 2915 3199 128
f 2915 3353 3199
f 3353 130 3199
f 3353 1096 130
f 2916 1096 3353
f 2916 129 1096
f 127 3354 2916
f 127 2720 3354
f 2916 1162 129
f 2916 3354 1162
f 3354 105 1162
f 3354 2719 105
f 2720 2719 3354
f 2720 103 2719
f 129 3355 1096
f 129 1097 3355
f 1096 1381 130
f 1096 3355 1381
f 3355 132 1381
f 3355 1643 132
f 1097 1643 3355
f 1097 131 1643
f 129 3356 1097
f 129 1162 3356
f 1097 1709 131
f 1097 3356 1709
f 3356 107 1709
f 3356 1161 107
f 1162 1161 3356
f 1162 105 1161
f 131 3357 1643
f 131 1644 3357
f 1643 1907 132
f 1643 3357 1907
f 3357 134 1907
f 3357 2152 134
f 1644 2152 3357
f 1644 133 2152
f 131 3358 1644
f 131 1709 3358
f 1644 2221 133
f 1644 3358 2221
f 3358 109 2221
f 3358 1708 109
f 1709 1708 3358
f 1709 107 1708
f 133 3359 2152
f 133 2153 3359
f 2152 2438 134
f 2152 3359 2438
f 3359 136 2438
f 3359 2721 136
f 2153 2721 3359
f 2153 135 2721
f 133 3360 2153
f 133 2221 3360
f 2153 2788 135
f 2153 3360 2788
f 3360 111 2788
f 3360 2220 111
f 2221 2220 3360
f 2221 109 2220
f 135 3361 2721
f 135 2722 3361
f 2721 3000 136
f 2721 3361 3000
f 3361 138 3000
f 3361 1163 138
f 2722 1163 3361
f 2722 137 1163
f 135 3362 2722
f 135 2788 3362
f 2722 1225 137
f 2722 3362 1225
f 3362 113 1225
f 3362 2787 113
f 2788 2787 3362
f 2788 111 2787
f 137 3363 1163
f 137 1164 3363
f 1163 1446 138
f 1163 3363 1446
f 3363 140 1446
f 3363 1710 140
f 1164 1710 3363
f 1164 139 1710
f 137 3364 1164
f 137 1225 3364
f 1164 1771 139
f 1164 3364 1771
f 3364 115 1771
f 3364 1224 115
f 1225 1224 3364
f 1225 113 1224
f 139 3365 1710
f 139 2580 3365
f 1710 3133 140
f 1710 3365 3133
f 3365 120 3133
f 3365 2579 120
f 2580 2579 3365
f 2580 118 2579
f 139 3366 2580
f 139 1771 3366
f 2580 2027 118
f 2580 3366 2027
f 3366 116 2027
f 3366 1770 116
f 1771 1770 3366
f 1771 115 1770
f 120 3367 3133
f 120 3134 3367
f 3133 1971 140
f 3133 3367 1971
f 3367 142 1971
f 3367 2222 142
f 3134 2222 3367
f 3134 141 2222
f 141 3368 2224
f 141 2223 3368
f 2224 3060 145
f 2224 3368 3060
f 3368 144 3060
f 3368 2789 144
f 2223 2789 3368
f 2223 143 2789
f 141 3369 2223
f 141 3134 3369
f 2223 2850 143
f 2223 3369 2850
f 3369 119 2850
f 3369 2848 119
f 3134 2848 3369
f 3134 120 2848
f 143 3370 2789
f 143 2790 3370
f 2789 3061 144
f 2789 3370 3061
f 3370 147 3061
f 3370 1510 147
f 2790 1510 3370
f 2790 146 1510
f 143 3371 2790
f 143 2850 3371
f 2790 1577 146
f 2790 3371 1577
f 3371 122 1577
f 3371 2849 122
f 2850 2849 3371
f 2850 119 2849
f 146 3372 1510
f 146 1511 3372
f 1510 1772 147
f 1510 3372 1772
f 3372 149 1772
f 3372 2028 149
f 1511 2028 3372
f 1511 148 2028
f 146 3373 1511
f 146 1577 3373
f 1511 2103 148
f 1511 3373 2103
f 3373 124 2103
f 3373 1576 124
f 1577 1576 3373
f 1577 122 1576
f 148 3374 2028
f 148 2029 3374
f 2028 2291 149
f 2028 3374 2291
f 3374 151 2291
f 3374 2581 151
f 2029 2581 3374
f 2029 150 2581
f 148 3375 2029
f 148 2103 3375
f 2029 2648 150
f 2029 3375 2648
f 3375 126 2648
f 3375 2102 126
f 2103 2102 3375
f 2103 124 2102
f 150 3376 2581
f 150 2582 3376
f 2581 2851 151
f 2581 3376 2851
f 3376 153 2851
f 3376 3135 153
f 2582 3135 3376
f 2582 152 3135
f 150 3377 2582
f 150 2648 3377
f 2582 3200 152
f 2582 3377 3200
f 3377 128 3200
f 3377 2647 128
f 2648 2647 3377
f 2648 126 2647
f 152 3378 3135
f 152 3136 3378
f 3135 1295 153
f 3135 3378 1295
f 3378 155 1295
f 3378 1578 155
f 3136 1578 3378
f 3136 154 1578
f 152 3379 3136
f 152 3200 3379
f 3136 1382 154
f 3136 3379 1382
f 3379 130 1382
f 3379 3199 130
f 3200 3199 3379
f 3200 128 3199
f 154 3380 1578
f 154 1579 3380
f 1578 1832 155
f 1578 3380 1832
f 3380 157 1832
f 3380 2104 157
f 1579 2104 3380
f 1579 156 2104
f 154 3381 1579
f 154 1382 3381
f 1579 1908 156
f 1579 3381 1908
f 3381 132 1908
f 3381 1381 132
f 1382 1381 3381
f 1382 130 1381
f 156 3382 2104
f 156 2105 3382
f 2104 2357 157
f 2104 3382 2357
f 3382 159 2357
f 3382 2649 159
f 2105 2649 3382
f 2105 158 2649
f 156 3383 2105
f 156 1908 3383
f 2105 2439 158
f 2105 3383 2439
f 3383 134 2439
f 3383 1907 134
f 1908 1907 3383
f 1908 132 1907
f 158 3384 2649
f 158 2650 3384
f 2649 2917 159
f 2649 3384 2917
f 3384 161 2917
f 3384 3201 161
f 2650 3201 3384
f 2650 160 3201
f 158 3385 2650
f 158 2439 3385
f 2650 3001 160
f 2650 3385 3001
f 3385 136 3001
f 3385 2438 136
f 2439 2438 3385
f 2439 134 2438
f 160 3386 3201
f 160 3202 3386
f 3201 1098 161
f 3201 3386 1098
f 3386 163 1098
f 3386 1383 163
f 3202 1383 3386
f 3202 162 1383
f 160 3387 3202
f 160 3001 3387
f 3202 1447 162
f 3202 3387 1447
f 3387 138 1447
f 3387 3000 138
f 3001 3000 3387
f 3001 136 3000
f 162 3388 1383
f 162 2509 3388
f 1383 1645 163
f 1383 3388 1645
f 3388 164 1645
f 3388 2510 164
f 2509 2510 3388
f 2509 142 2510
f 162 3389 2509
f 162 1447 3389
f 2509 1971 142
f 2509 3389 1971
f 3389 140 1971
f 3389 1446 140
f 1447 1446 3389
f 1447 138 1446
f 164 3390 1909
f 164 1226 3390
f 1909 2154 166
f 1909 3390 2154
f 3390 165 2154
f 3390 1227 165
f 1226 1227 3390
f 1226 145 1227
f 164 3391 1226
f 164 2510 3391
f 1226 2224 145
f 1226 3391 2224
f 3391 141 2224
f 3391 2222 141
f 2510 2222 3391
f 2510 142 2222
f 165 3392 2154
f 165 2155 3392
f 2154 2440 166
f 2154 3392 2440
f 3392 168 2440
f 3392 2723 168
f 2155 2723 3392
f 2155 167 2723
f 165 3393 2155
f 165 2156 3393
f 2155 2724 167
f 2155 3393 2724
f 3393 170 2724
f 3393 1165 170
f 2156 1165 3393
f 2156 169 1165
f 165 3394 2156
f 165 1227 3394
f 2156 3062 169
f 2156 3394 3062
f 3394 144 3062
f 3394 3060 144
f 1227 3060 3394
f 1227 145 3060
f 169 3395 1165
f 169 1166 3395
f 1165 1448 170
f 1165 3395 1448
f 3395 172 1448
f 3395 1711 172
f 1166 1711 3395
f 1166 171 1711
f 169 3396 1166
f 169 3062 3396
f 1166 1774 171
f 1166 3396 1774
f 3396 147 1774
f 3396 3061 147
f 3062 3061 3396
f 3062 144 3061
f 171 3397 1711
f 171 1712 3397
f 1711 3063 172
f 1711 3397 3063
f 3397 16 3063
f 3397 3064 16
f 1712 3064 3397
f 1712 173 3064
f 171 3398 1712
f 171 1774 3398
f 1712 2292 173
f 1712 3398 2292
f 3398 149 2292
f 3398 1772 149
f 1774 1772 3398
f 1774 147 1772
f 173 3399 3064
f 173 2225 3399
f 3064 3053 16
f 3064 3399 3053
f 3399 17 3053
f 3399 1228 17
f 2225 1228 3399
f 2225 174 1228
f 173 3400 2225
f 173 2292 3400
f 2225 2852 174
f 2225 3400 2852
f 3400 151 2852
f 3400 2291 151
f 2292 2291 3400
f 2292 149 2291
f 174 3401 1228
f 174 2511 3401
f 1228 2992 17
f 1228 3401 2992
f 3401 8 2992
f 3401 3002 8
f 2511 3002 3401
f 2511 175 3002
f 174 3402 2511
f 174 2852 3402
f 2511 1296 175
f 2511 3402 1296
f 3402 153 1296
f 3402 2851 153
f 2852 2851 3402
f 2852 151 2851
f 175 3403 3002
f 175 1513 3403
f 3002 2991 8
f 3002 3403 2991
f 3403 9 2991
f 3403 1156 9
f 1513 1156 3403
f 1513 18 1156
f 175 3404 1513
f 175 1296 3404
f 1513 1512 18
f 1513 3404 1512
f 3404 155 1512
f 3404 1295 155
f 1296 1295 3404
f 1296 153 1295
f 172 3405 1448
f 172 1972 3405
f 1448 1449 170
f 1448 3405 1449
f 3405 177 1449
f 3405 3065 177
f 1972 3065 3405
f 1972 176 3065
f 172 3406 1972
f 172 3063 3406
f 1972 2791 176
f 1972 3406 2791
f 3406 15 2791
f 3406 2782 15
f 3063 2782 3406
f 3063 16 2782
f 177 3407 1449
f 177 1229 3407
f 1449 2724 170
f 1449 3407 2724
f 3407 167 2724
f 3407 2725 167
f 1229 2725 3407
f 1229 178 2725
f 178 3408 2725
f 178 1514 3408
f 2725 2723 167
f 2725 3408 2723
f 3408 168 2723
f 3408 3003 168
f 1514 3003 3408
f 1514 179 3003
f 179 3409 3003
f 179 1775 3409
f 3003 3004 168
f 3003 3409 3004
f 3409 181 3004
f 3409 2031 181
f 1775 2031 3409
f 1775 180 2031
f 180 3410 2031
f 180 2032 3410
f 2031 2293 181
f 2031 3410 2293
f 3410 183 2293
f 3410 2583 183
f 2032 2583 3410
f 2032 182 2583
f 184 3411 3137
f 184 1450 3411
f 3137 1776 185
f 3137 3411 1776
f 3411 19 1776
f 3411 1438 19
f 1450 1438 3411
f 1450 10 1438
f 185 3412 3137
f 185 1297 3412
f 3137 2853 184
f 3137 3412 2853
f 3412 183 2853
f 3412 2854 183
f 1297 2854 3412
f 1297 186 2854
f 185 3413 1297
f 185 2918 3413
f 1297 1099 186
f 1297 3413 1099
f 3413 161 1099
f 3413 2917 161
f 2918 2917 3413
f 2918 159 2917
f 186 3414 2854
f 186 1580 3414
f 2854 2293 183
f 2854 3414 2293
f 3414 181 2293
f 3414 2294 181
f 1580 2294 3414
f 1580 187 2294
f 186 3415 1580
f 186 1099 3415
f 1580 1646 187
f 1580 3415 1646
f 3415 163 1646
f 3415 1098 163
f 1099 1098 3415
f 1099 161 1098
f 187 3416 2294
f 187 2441 3416
f 2294 3004 181
f 2294 3416 3004
f 3416 168 3004
f 3416 2440 168
f 2441 2440 3416
f 2441 166 2440
f 187 3417 2441
f 187 1646 3417
f 2441 1909 166
f 2441 3417 1909
f 3417 164 1909
f 3417 1645 164
f 1646 1645 3417
f 1646 163 1645
f 19 3418 1776
f 19 1773 3418
f 1776 2918 185
f 1776 3418 2918
f 3418 159 2918
f 3418 2357 159
f 1773 2357 3418
f 1773 157 2357
f 157 3419 1832
f 157 1773 3419
f 1832 1512 155
f 1832 3419 1512
f 3419 18 1512
f 3419 1504 18
f 1773 1504 3419
f 1773 19 1504
f 13 3420 2226
f 13 2713 3420
f 2226 2442 188
f 2226 3420 2442
f 3420 6 2442
f 3420 2430 6
f 2713 2430 3420
f 2713 7 2430
f 188 3421 1713
f 188 2442 3421
f 11 3421 2432
f 11 1713 3421
f 6 3421 2442
f 6 2432 3421
f 14 3422 1962
f 14 2502 3422
f 12 3422 1963
f 12 1962 3422
f 15 3422 2502
f 15 1963 3422
f 189 3423 1384
f 189 2358 3423
f 1384 1636 34
f 1384 3423 1636
f 3423 3 1636
f 3423 1647 3
f 2358 1647 3423
f 2358 190 1647
f 189 3424 2358
f 189 2359 3424
f 2358 2651 190
f 2358 3424 2651
f 3424 192 2651
f 3424 2919 192
f 2359 2919 3424
f 2359 191 2919
f 189 3425 2359
f 189 2360 3425
f 2359 2920 191
f 2359 3425 2920
f 3425 194 2920
f 3425 1100 194
f 2360 1100 3425
f 2360 193 1100
f 189 3426 2361
f 189 1384 3426
f 2361 1910 195
f 2361 3426 1910
f 3426 36 1910
f 3426 1375 36
f 1384 1375 3426
f 1384 34 1375
f 189 3427 2360
f 189 2361 3427
f 2360 1101 193
f 2360 3427 1101
f 3427 196 1101
f 3427 1648 196
f 2361 1648 3427
f 2361 195 1648
f 197 3428 2158
f 197 2157 3428
f 2158 2726 200
f 2158 3428 2726
f 3428 199 2726
f 3428 2443 199
f 2157 2443 3428
f 2157 198 2443
f 201 3429 1168
f 201 1167 3429
f 204 3429 1714
f 204 1168 3429
f 203 3429 2727
f 203 1714 3429
f 199 3429 2726
f 199 2727 3429
f 200 3429 3005
f 200 2726 3429
f 202 3429 1167
f 202 3005 3429
f 28 3430 2099
f 28 2106 3430
f 62 3430 2652
f 62 2099 3430
f 205 3430 2106
f 205 2652 3430
f 27 3431 1824
f 27 1833 3431
f 1824 2107 28
f 1824 3431 2107
f 3431 207 2107
f 3431 2512 207
f 1833 2512 3431
f 1833 206 2512
f 208 3432 3067
f 208 3066 3432
f 3067 1515 211
f 3067 3432 1515
f 3432 210 1515
f 3432 1230 210
f 3066 1230 3432
f 3066 209 1230
f 208 3433 3068
f 208 3067 3433
f 3068 2033 213
f 3068 3433 2033
f 3433 212 2033
f 3433 1777 212
f 3067 1777 3433
f 3067 211 1777
f 208 3434 3066
f 208 3069 3434
f 3066 1231 209
f 3066 3434 1231
f 3434 215 1231
f 3434 2584 215
f 3069 2584 3434
f 3069 214 2584
f 208 3435 3069
f 208 3070 3435
f 3069 2585 214
f 3069 3435 2585
f 3435 217 2585
f 3435 3138 217
f 3070 3138 3435
f 3070 216 3138
f 208 3436 3070
f 208 3068 3436
f 3070 3139 216
f 3070 3436 3139
f 3436 218 3139
f 3436 2295 218
f 3068 2295 3436
f 3068 213 2295
f 218 3437 3139
f 218 1581 3437
f 3139 3140 216
f 3139 3437 3140
f 3437 220 3140
f 3437 1834 220
f 1581 1834 3437
f 1581 219 1834
f 219 3438 1834
f 219 1835 3438
f 1834 2108 220
f 1834 3438 2108
f 3438 222 2108
f 3438 2362 222
f 1835 2362 3438
f 1835 221 2362
f 222 3439 2108
f 222 2653 3439
f 220 3439 2109
f 220 2108 3439
f 223 3439 2653
f 223 2109 3439
f 222 3440 2653
f 222 2654 3440
f 2653 2921 223
f 2653 3440 2921
f 3440 225 2921
f 3440 3203 225
f 2654 3203 3440
f 2654 224 3203
f 224 3441 3203
f 224 3204 3441
f 3203 1102 225
f 3203 3441 1102
f 3441 227 1102
f 3441 1385 227
f 3204 1385 3441
f 3204 226 1385
f 226 3442 1385
f 226 1386 3442
f 1385 1649 227
f 1385 3442 1649
f 3442 229 1649
f 3442 1911 229
f 1386 1911 3442
f 1386 228 1911
f 230 3443 1912
f 230 2444 3443
f 1912 1911 228
f 1912 3443 1911
f 3443 229 1911
f 3443 2159 229
f 2444 2159 3443
f 2444 231 2159
f 203 3444 1714
f 203 1715 3444
f 1714 1973 204
f 1714 3444 1973
f 3444 231 1973
f 3444 2159 231
f 1715 2159 3444
f 1715 229 2159
f 229 3445 1649
f 229 1715 3445
f 1649 1650 227
f 1649 3445 1650
f 3445 232 1650
f 3445 1716 232
f 1715 1716 3445
f 1715 203 1716
f 232 3446 3006
f 232 1716 3446
f 3006 2728 233
f 3006 3446 2728
f 3446 199 2728
f 3446 2727 199
f 1716 2727 3446
f 1716 203 2727
f 232 3447 1650
f 232 3007 3447
f 1650 1102 227
f 1650 3447 1102
f 3447 225 1102
f 3447 1103 225
f 3007 1103 3447
f 3007 234 1103
f 232 3448 3007
f 232 3006 3448
f 3007 1451 234
f 3007 3448 1451
f 3448 235 1451
f 3448 1169 235
f 3006 1169 3448
f 3006 233 1169
f 235 3449 1717
f 235 1169 3449
f 1717 1974 237
f 1717 3449 1974
f 3449 236 1974
f 3449 1170 236
f 1169 1170 3449
f 1169 233 1170
f 235 3450 1451
f 235 2586 3450
f 1451 1299 234
f 1451 3450 1299
f 3450 217 1299
f 3450 2585 217
f 2586 2585 3450
f 2586 214 2585
f 235 3451 2586
f 235 1717 3451
f 2586 2584 214
f 2586 3451 2584
f 3451 215 2584
f 3451 2855 215
f 1717 2855 3451
f 1717 237 2855
f 236 3452 1975
f 236 2445 3452
f 1975 2513 239
f 1975 3452 2513
f 3452 238 2513
f 3452 2446 238
f 2445 2446 3452
f 2445 198 2446
f 236 3453 2445
f 236 1170 3453
f 2445 2443 198
f 2445 3453 2443
f 3453 199 2443
f 3453 2728 199
f 1170 2728 3453
f 1170 233 2728
f 236 3454 1974
f 236 1975 3454
f 1974 2227 237
f 1974 3454 2227
f 3454 240 2227
f 3454 2792 240
f 1975 2792 3454
f 1975 239 2792
f 240 3455 3071
f 240 2792 3455
f 3071 1232 242
f 3071 3455 1232
f 3455 241 1232
f 3455 2793 241
f 2792 2793 3455
f 2792 239 2793
f 240 3456 2227
f 240 3072 3456
f 2227 2855 237
f 2227 3456 2855
f 3456 215 2855
f 3456 2856 215
f 3072 2856 3456
f 3072 243 2856
f 240 3457 3072
f 240 3071 3457
f 3072 1778 243
f 3072 3457 1778
f 3457 244 1778
f 3457 1516 244
f 3071 1516 3457
f 3071 242 1516
f 244 3458 2034
f 244 1516 3458
f 2034 2296 246
f 2034 3458 2296
f 3458 245 2296
f 3458 1517 245
f 1516 1517 3458
f 1516 242 1517
f 244 3459 1778
f 244 2035 3459
f 1778 1779 243
f 1778 3459 1779
f 3459 248 1779
f 3459 2857 248
f 2035 2857 3459
f 2035 247 2857
f 244 3460 2035
f 244 2034 3460
f 2035 2858 247
f 2035 3460 2858
f 3460 249 2858
f 3460 2587 249
f 2034 2587 3460
f 2034 246 2587
f 249 3461 1300
f 249 2587 3461
f 1300 1582 251
f 1300 3461 1582
f 3461 250 1582
f 3461 2588 250
f 2587 2588 3461
f 2587 246 2588
f 249 3462 2858
f 249 1301 3462
f 2858 2859 247
f 2858 3462 2859
f 3462 253 2859
f 3462 2110 253
f 1301 2110 3462
f 1301 252 2110
f 249 3463 1301
f 249 1300 3463
f 1301 2111 252
f 1301 3463 2111
f 3463 254 2111
f 3463 1836 254
f 1300 1836 3463
f 1300 251 1836
f 254 3464 2655
f 254 1836 3464
f 2655 2922 256
f 2655 3464 2922
f 3464 255 2922
f 3464 1837 255
f 1836 1837 3464
f 1836 251 1837
f 254 3465 2111
f 254 2627 3465
f 2111 2079 252
f 2111 3465 2079
f 3465 258 2079
f 3465 1104 258
f 2627 1104 3465
f 2627 257 1104
f 254 3466 2627
f 254 2655 3466
f 2627 1105 257
f 2627 3466 1105
f 3466 259 1105
f 3466 3179 259
f 2655 3179 3466
f 2655 256 3179
f 259 3467 1651
f 259 3179 3467
f 1651 1884 261
f 1651 3467 1884
f 3467 260 1884
f 3467 3180 260
f 3179 3180 3467
f 3179 256 3180
f 259 3468 1105
f 259 1652 3468
f 1105 1106 257
f 1105 3468 1106
f 3468 263 1106
f 3468 2413 263
f 1652 2413 3468
f 1652 262 2413
f 261 3469 1651
f 261 2160 3469
f 1651 1652 259
f 1651 3469 1652
f 3469 262 1652
f 3469 2414 262
f 2160 2414 3469
f 2160 264 2414
f 265 3470 2161
f 265 1171 3470
f 2161 2160 261
f 2161 3470 2160
f 3470 264 2160
f 3470 2975 264
f 1171 2975 3470
f 1171 266 2975
f 265 3471 1171
f 265 1172 3471
f 1171 1423 266
f 1171 3471 1423
f 3471 268 1423
f 3471 1718 268
f 1172 1718 3471
f 1172 267 1718
f 266 3472 2975
f 266 1424 3472
f 2975 2976 264
f 2975 3472 2976
f 3472 270 2976
f 3472 2228 270
f 1424 2228 3472
f 1424 269 2228
f 266 3473 1424
f 266 1423 3473
f 1424 2229 269
f 1424 3473 2229
f 3473 271 2229
f 3473 1951 271
f 1423 1951 3473
f 1423 268 1951
f 271 3474 2794
f 271 1951 3474
f 2794 3041 273
f 2794 3474 3041
f 3474 272 3041
f 3474 1952 272
f 1951 1952 3474
f 1951 268 1952
f 271 3475 2229
f 271 2795 3475
f 2229 2230 269
f 2229 3475 2230
f 3475 275 2230
f 3475 1488 275
f 2795 1488 3475
f 2795 274 1488
f 271 3476 2795
f 271 2794 3476
f 2795 1489 274
f 2795 3476 1489
f 3476 276 1489
f 3476 1234 276
f 2794 1234 3476
f 2794 273 1234
f 276 3477 2007
f 276 1234 3477
f 2007 2297 278
f 2007 3477 2297
f 3477 277 2297
f 3477 1235 277
f 1234 1235 3477
f 1234 273 1235
f 276 3478 1489
f 276 2008 3478
f 1489 1490 274
f 1489 3478 1490
f 3478 280 1490
f 3478 2860 280
f 2008 2860 3478
f 2008 279 2860
f 276 3479 2008
f 276 2007 3479
f 2008 2861 279
f 2008 3479 2861
f 3479 281 2861
f 3479 2555 281
f 2007 2555 3479
f 2007 278 2555
f 281 3480 1302
f 281 2555 3480
f 1302 1551 283
f 1302 3480 1551
f 3480 282 1551
f 3480 2556 282
f 2555 2556 3480
f 2555 278 2556
f 281 3481 2861
f 281 1303 3481
f 2861 2862 279
f 2861 3481 2862
f 3481 285 2862
f 3481 2080 285
f 1303 2080 3481
f 1303 284 2080
f 281 3482 1303
f 281 1302 3482
f 1303 2081 284
f 1303 3482 2081
f 3482 286 2081
f 3482 1838 286
f 1302 1838 3482
f 1302 283 1838
f 286 3483 2628
f 286 1838 3483
f 2628 2923 288
f 2628 3483 2923
f 3483 287 2923
f 3483 1839 287
f 1838 1839 3483
f 1838 283 1839
f 286 3484 2081
f 286 2629 3484
f 2081 2082 284
f 2081 3484 2082
f 3484 290 2082
f 3484 1107 290
f 2629 1107 3484
f 2629 289 1107
f 288 3485 2628
f 288 3181 3485
f 2628 2629 286
f 2628 3485 2629
f 3485 289 2629
f 3485 1108 289
f 3181 1108 3485
f 3181 291 1108
f 292 3486 3182
f 292 1885 3486
f 3182 3181 288
f 3182 3486 3181
f 3486 291 3181
f 3486 1653 291
f 1885 1653 3486
f 1885 293 1653
f 292 3487 1885
f 292 1886 3487
f 1885 2162 293
f 1885 3487 2162
f 3487 295 2162
f 3487 2415 295
f 1886 2415 3487
f 1886 294 2415
f 293 3488 1653
f 293 2163 3488
f 1653 1654 291
f 1653 3488 1654
f 3488 297 1654
f 3488 2977 297
f 2163 2977 3488
f 2163 296 2977
f 293 3489 2163
f 293 2162 3489
f 2163 2978 296
f 2163 3489 2978
f 3489 298 2978
f 3489 2729 298
f 2162 2729 3489
f 2162 295 2729
f 298 3490 1425
f 298 2729 3490
f 1425 1719 300
f 1425 3490 1719
f 3490 299 1719
f 3490 2730 299
f 2729 2730 3490
f 2729 295 2730
f 298 3491 2978
f 298 1426 3491
f 2978 2979 296
f 2978 3491 2979
f 3491 302 2979
f 3491 2231 302
f 1426 2231 3491
f 1426 301 2231
f 300 3492 1425
f 300 1355 3492
f 1425 1426 298
f 1425 3492 1426
f 3492 301 1426
f 3492 1356 301
f 1355 1356 3492
f 1355 194 1356
f 303 3493 1953
f 303 2924 3493
f 1953 1355 300
f 1953 3493 1355
f 3493 194 1355
f 3493 2920 194
f 2924 2920 3493
f 2924 191 2920
f 301 3494 2231
f 301 2232 3494
f 2231 2484 302
f 2231 3494 2484
f 3494 305 2484
f 3494 3042 305
f 2232 3042 3494
f 2232 304 3042
f 301 3495 2232
f 301 1356 3495
f 2232 1109 304
f 2232 3495 1109
f 3495 193 1109
f 3495 1100 193
f 1356 1100 3495
f 1356 194 1100
f 304 3496 3042
f 304 3043 3496
f 3042 1236 305
f 3042 3496 1236
f 3496 307 1236
f 3496 1491 307
f 3043 1491 3496
f 3043 306 1491
f 304 3497 3043
f 304 1109 3497
f 3043 1887 306
f 3043 3497 1887
f 3497 196 1887
f 3497 1101 196
f 1109 1101 3497
f 1109 193 1101
f 306 3498 1491
f 306 1492 3498
f 1491 1780 307
f 1491 3498 1780
f 3498 309 1780
f 3498 2009 309
f 1492 2009 3498
f 1492 308 2009
f 306 3499 1492
f 306 1887 3499
f 1492 2010 308
f 1492 3499 2010
f 3499 310 2010
f 3499 1888 310
f 1887 1888 3499
f 1887 196 1888
f 310 3500 2557
f 310 1888 3500
f 2557 1655 311
f 2557 3500 1655
f 3500 195 1655
f 3500 1648 195
f 1888 1648 3500
f 1888 196 1648
f 310 3501 2010
f 310 2558 3501
f 2010 2011 308
f 2010 3501 2011
f 3501 313 2011
f 3501 3112 313
f 2558 3112 3501
f 2558 312 3112
f 310 3502 2558
f 310 2557 3502
f 2558 3113 312
f 2558 3502 3113
f 3502 314 3113
f 3502 2863 314
f 2557 2863 3502
f 2557 311 2863
f 314 3503 2925
f 314 2863 3503
f 2925 2433 63
f 2925 3503 2433
f 3503 38 2433
f 3503 2416 38
f 2863 2416 3503
f 2863 311 2416
f 314 3504 3113
f 314 2233 3504
f 3113 3114 312
f 3113 3504 3114
f 3504 315 3114
f 3504 2234 315
f 2233 2234 3504
f 2233 205 2234
f 314 3505 2233
f 314 2925 3505
f 2233 2652 205
f 2233 3505 2652
f 3505 62 2652
f 3505 2642 62
f 2925 2642 3505
f 2925 63 2642
f 315 3506 3114
f 315 1840 3506
f 3114 3112 312
f 3114 3506 3112
f 3506 313 3112
f 3506 1304 313
f 1840 1304 3506
f 1840 316 1304
f 315 3507 1840
f 315 1841 3507
f 1840 2084 316
f 1840 3507 2084
f 3507 318 2084
f 3507 2363 318
f 1841 2363 3507
f 1841 317 2363
f 315 3508 1841
f 315 2234 3508
f 1841 2083 317
f 1841 3508 2083
f 3508 28 2083
f 3508 2106 28
f 2234 2106 3508
f 2234 205 2106
f 317 3509 2363
f 317 2364 3509
f 2363 2630 318
f 2363 3509 2630
f 3509 320 2630
f 3509 2926 320
f 2364 2926 3509
f 2364 319 2926
f 28 3510 2083
f 28 2107 3510
f 2083 2364 317
f 2083 3510 2364
f 3510 319 2364
f 3510 2796 319
f 2107 2796 3510
f 2107 207 2796
f 207 3511 2796
f 207 2797 3511
f 2796 2927 319
f 2796 3511 2927
f 3511 322 2927
f 3511 1110 322
f 2797 1110 3511
f 2797 321 1110
f 207 3512 2797
f 207 2512 3512
f 2797 1111 321
f 2797 3512 1111
f 3512 323 1111
f 3512 2485 323
f 2512 2485 3512
f 2512 206 2485
f 323 3513 1656
f 323 2485 3513
f 1656 1889 325
f 1656 3513 1889
f 3513 324 1889
f 3513 2486 324
f 2485 2486 3513
f 2485 206 2486
f 323 3514 1111
f 323 1657 3514
f 1111 1112 321
f 1111 3514 1112
f 3514 327 1112
f 3514 2417 327
f 1657 2417 3514
f 1657 326 2417
f 323 3515 1657
f 323 1656 3515
f 1657 2418 326
f 1657 3515 2418
f 3515 328 2418
f 3515 2164 328
f 1656 2164 3515
f 1656 325 2164
f 328 3516 2418
f 328 2980 3516
f 2418 2419 326
f 2418 3516 2419
f 3516 330 2419
f 3516 1173 330
f 2980 1173 3516
f 2980 329 1173
f 329 3517 1173
f 329 1174 3517
f 1173 1427 330
f 1173 3517 1427
f 3517 332 1427
f 3517 1720 332
f 1174 1720 3517
f 1174 331 1720
f 333 3518 1721
f 333 2235 3518
f 1721 1720 331
f 1721 3518 1720
f 3518 332 1720
f 3518 1954 332
f 2235 1954 3518
f 2235 334 1954
f 333 3519 2235
f 333 2236 3519
f 2235 2487 334
f 2235 3519 2487
f 3519 336 2487
f 3519 2798 336
f 2236 2798 3519
f 2236 335 2798
f 337 3520 2799
f 337 3184 3520
f 2799 2798 335
f 2799 3520 2798
f 3520 336 2798
f 3520 3183 336
f 3184 3183 3520
f 3184 192 3183
f 337 3521 3184
f 337 1237 3521
f 3184 2651 192
f 3184 3521 2651
f 3521 190 2651
f 3521 2631 190
f 1237 2631 3521
f 1237 338 2631
f 338 3522 2631
f 338 1113 3522
f 2631 1647 190
f 2631 3522 1647
f 3522 3 1647
f 3522 1088 3
f 1113 1088 3522
f 1113 1 1088
f 336 3523 2842
f 336 3183 3523
f 2842 2924 303
f 2842 3523 2924
f 3523 191 2924
f 3523 2919 191
f 3183 2919 3523
f 3183 192 2919
f 336 3524 2487
f 336 2842 3524
f 2487 2488 334
f 2487 3524 2488
f 3524 339 2488
f 3524 2800 339
f 2842 2800 3524
f 2842 303 2800
f 339 3525 2488
f 339 1781 3525
f 2488 1954 334
f 2488 3525 1954
f 3525 332 1954
f 3525 1955 332
f 1781 1955 3525
f 1781 340 1955
f 299 3526 1722
f 299 1723 3526
f 1722 1781 339
f 1722 3526 1781
f 3526 340 1781
f 3526 2012 340
f 1723 2012 3526
f 1723 341 2012
f 339 3527 1722
f 339 2800 3527
f 1722 1719 299
f 1722 3527 1719
f 3527 300 1719
f 3527 1953 300
f 2800 1953 3527
f 2800 303 1953
f 299 3528 1723
f 299 2730 3528
f 1723 2420 341
f 1723 3528 2420
f 3528 294 2420
f 3528 2415 294
f 2730 2415 3528
f 2730 295 2415
f 294 3529 2420
f 294 2421 3529
f 2420 2298 341
f 2420 3529 2298
f 3529 343 2298
f 3529 2559 343
f 2421 2559 3529
f 2421 342 2559
f 294 3530 2421
f 294 1886 3530
f 2421 2560 342
f 2421 3530 2560
f 3530 344 2560
f 3530 1890 344
f 1886 1890 3530
f 1886 292 1890
f 344 3531 2560
f 344 3115 3531
f 2560 2561 342
f 2560 3531 2561
f 3531 346 2561
f 3531 1305 346
f 3115 1305 3531
f 3115 345 1305
f 344 3532 3115
f 344 2928 3532
f 3115 1306 345
f 3115 3532 1306
f 3532 347 1306
f 3532 2929 347
f 2928 2929 3532
f 2928 287 2929
f 344 3533 2928
f 344 1890 3533
f 2928 2923 287
f 2928 3533 2923
f 3533 288 2923
f 3533 3182 288
f 1890 3182 3533
f 1890 292 3182
f 347 3534 1306
f 347 1842 3534
f 1306 1307 345
f 1306 3534 1307
f 3534 349 1307
f 3534 2085 349
f 1842 2085 3534
f 1842 348 2085
f 347 3535 1842
f 347 1552 3535
f 1842 2086 348
f 1842 3535 2086
f 3535 350 2086
f 3535 1553 350
f 1552 1553 3535
f 1552 282 1553
f 347 3536 1552
f 347 2929 3536
f 1552 1551 282
f 1552 3536 1551
f 3536 283 1551
f 3536 1839 283
f 2929 1839 3536
f 2929 287 1839
f 350 3537 2086
f 350 2632 3537
f 2086 2087 348
f 2086 3537 2087
f 3537 352 2087
f 3537 2930 352
f 2632 2930 3537
f 2632 351 2930
f 350 3538 2632
f 350 2299 3538
f 2632 2931 351
f 2632 3538 2931
f 3538 353 2931
f 3538 2300 353
f 2299 2300 3538
f 2299 277 2300
f 350 3539 2299
f 350 1553 3539
f 2299 2297 277
f 2299 3539 2297
f 3539 278 2297
f 3539 2556 278
f 1553 2556 3539
f 1553 282 2556
f 353 3540 2931
f 353 1114 3540
f 2931 2932 351
f 2931 3540 2932
f 3540 355 2932
f 3540 1357 355
f 1114 1357 3540
f 1114 354 1357
f 272 3541 3044
f 272 3045 3541
f 3044 1114 353
f 3044 3541 1114
f 3541 354 1114
f 3541 1358 354
f 3045 1358 3541
f 3045 356 1358
f 353 3542 3044
f 353 2300 3542
f 3044 3041 272
f 3044 3542 3041
f 3542 273 3041
f 3542 1235 273
f 2300 1235 3542
f 2300 277 1235
f 272 3543 3045
f 272 1952 3543
f 3045 1724 356
f 3045 3543 1724
f 3543 267 1724
f 3543 1718 267
f 1952 1718 3543
f 1952 268 1718
f 267 3544 1724
f 267 1725 3544
f 1724 1891 356
f 1724 3544 1891
f 3544 358 1891
f 3544 2165 358
f 1725 2165 3544
f 1725 357 2165
f 267 3545 1725
f 267 1172 3545
f 1725 2166 357
f 1725 3545 2166
f 3545 359 2166
f 3545 1175 359
f 1172 1175 3545
f 1172 265 1175
f 359 3546 2166
f 359 2731 3546
f 2166 2167 357
f 2166 3546 2167
f 3546 361 2167
f 3546 2981 361
f 2731 2981 3546
f 2731 360 2981
f 359 3547 2731
f 359 1892 3547
f 2731 2982 360
f 2731 3547 2982
f 3547 362 2982
f 3547 1893 362
f 1892 1893 3547
f 1892 260 1893
f 359 3548 1892
f 359 1175 3548
f 1892 1884 260
f 1892 3548 1884
f 3548 261 1884
f 3548 2161 261
f 1175 2161 3548
f 1175 265 2161
f 362 3549 2982
f 362 1428 3549
f 2982 2983 360
f 2982 3549 2983
f 3549 364 2983
f 3549 1726 364
f 1428 1726 3549
f 1428 363 1726
f 362 3550 1428
f 362 2933 3550
f 1428 1727 363
f 1428 3550 1727
f 3550 365 1727
f 3550 2934 365
f 2933 2934 3550
f 2933 255 2934
f 362 3551 2933
f 362 1893 3551
f 2933 2922 255
f 2933 3551 2922
f 3551 256 2922
f 3551 3180 256
f 1893 3180 3551
f 1893 260 3180
f 365 3552 1727
f 365 2237 3552
f 1727 1728 363
f 1727 3552 1728
f 3552 367 1728
f 3552 2489 367
f 2237 2489 3552
f 2237 366 2489
f 365 3553 2237
f 365 1554 3553
f 2237 2490 366
f 2237 3553 2490
f 3553 368 2490
f 3553 1555 368
f 1554 1555 3553
f 1554 250 1555
f 365 3554 1554
f 365 2934 3554
f 1554 1582 250
f 1554 3554 1582
f 3554 251 1582
f 3554 1837 251
f 2934 1837 3554
f 2934 255 1837
f 368 3555 2490
f 368 3046 3555
f 2490 2491 366
f 2490 3555 2491
f 3555 370 2491
f 3555 1238 370
f 3046 1238 3555
f 3046 369 1238
f 368 3556 3046
f 368 2301 3556
f 3046 1239 369
f 3046 3556 1239
f 3556 371 1239
f 3556 2302 371
f 2301 2302 3556
f 2301 245 2302
f 368 3557 2301
f 368 1555 3557
f 2301 2296 245
f 2301 3557 2296
f 3557 246 2296
f 3557 2588 246
f 1555 2588 3557
f 1555 250 2588
f 371 3558 1239
f 371 1782 3558
f 1239 1240 369
f 1239 3558 1240
f 3558 373 1240
f 3558 2013 373
f 1782 2013 3558
f 1782 372 2013
f 371 3559 1782
f 371 1347 3559
f 1782 2014 372
f 1782 3559 2014
f 3559 374 2014
f 3559 1241 374
f 1347 1241 3559
f 1347 241 1241
f 371 3560 1347
f 371 2302 3560
f 1347 1232 241
f 1347 3560 1232
f 3560 242 1232
f 3560 1517 242
f 2302 1517 3560
f 2302 245 1517
f 374 3561 2014
f 374 2562 3561
f 2014 2015 372
f 2014 3561 2015
f 3561 376 2015
f 3561 2864 376
f 2562 2864 3561
f 2562 375 2864
f 238 3562 2492
f 238 2493 3562
f 2492 2562 374
f 2492 3562 2562
f 3562 375 2562
f 3562 2865 375
f 2493 2865 3562
f 2493 377 2865
f 374 3563 2492
f 374 1241 3563
f 2492 2513 238
f 2492 3563 2513
f 3563 239 2513
f 3563 2793 239
f 1241 2793 3563
f 1241 241 2793
f 238 3564 2493
f 238 2446 3564
f 2493 2168 377
f 2493 3564 2168
f 3564 197 2168
f 3564 2157 197
f 2446 2157 3564
f 2446 198 2157
f 377 3565 2865
f 377 1308 3565
f 2865 2866 375
f 2865 3565 2866
f 3565 379 2866
f 3565 1556 379
f 1308 1556 3565
f 1308 378 1556
f 377 3566 1308
f 377 2168 3566
f 1308 1557 378
f 1308 3566 1557
f 3566 380 1557
f 3566 2169 380
f 2168 2169 3566
f 2168 197 2169
f 380 3567 1557
f 380 2088 3567
f 1557 1558 378
f 1557 3567 1558
f 3567 382 1558
f 3567 2365 382
f 2088 2365 3567
f 2088 381 2365
f 383 3568 2089
f 383 2935 3568
f 2089 2088 380
f 2089 3568 2088
f 3568 381 2088
f 3568 2366 381
f 2935 2366 3568
f 2935 384 2366
f 380 3569 2089
f 380 2169 3569
f 2089 2984 383
f 2089 3569 2984
f 3569 200 2984
f 3569 2158 200
f 2169 2158 3569
f 2169 197 2158
f 385 3570 1115
f 385 3185 3570
f 1115 2936 386
f 1115 3570 2936
f 3570 383 2936
f 3570 2935 383
f 3185 2935 3570
f 3185 384 2935
f 383 3571 2936
f 383 2984 3571
f 2936 1429 386
f 2936 3571 1429
f 3571 202 1429
f 3571 3005 202
f 2984 3005 3571
f 2984 200 3005
f 385 3572 3185
f 385 1116 3572
f 3185 3186 384
f 3185 3572 3186
f 3572 388 3186
f 3572 1658 388
f 1116 1658 3572
f 1116 387 1658
f 387 3573 1658
f 387 1659 3573
f 1658 1894 388
f 1658 3573 1894
f 3573 390 1894
f 3573 2170 390
f 1659 2170 3573
f 1659 389 2170
f 389 3574 2170
f 389 2171 3574
f 2170 2422 390
f 2170 3574 2422
f 3574 392 2422
f 3574 2732 392
f 2171 2732 3574
f 2171 391 2732
f 391 3575 2732
f 391 2733 3575
f 2732 2985 392
f 2732 3575 2985
f 3575 394 2985
f 3575 1176 394
f 2733 1176 3575
f 2733 393 1176
f 395 3576 1177
f 395 1729 3576
f 1177 1176 393
f 1177 3576 1176
f 3576 394 1176
f 3576 1430 394
f 1729 1430 3576
f 1729 396 1430
f 395 3577 1729
f 395 2016 3577
f 1729 1783 396
f 1729 3577 1783
f 3577 211 1783
f 3577 1777 211
f 2016 1777 3577
f 2016 212 1777
f 396 3578 1956
f 396 1783 3578
f 1956 1493 397
f 1956 3578 1493
f 3578 210 1493
f 3578 1515 210
f 1783 1515 3578
f 1783 211 1515
f 397 3579 1956
f 397 2238 3579
f 1956 1430 396
f 1956 3579 1430
f 3579 394 1430
f 3579 1431 394
f 2238 1431 3579
f 2238 398 1431
f 399 3580 2239
f 399 2801 3580
f 2239 2238 397
f 2239 3580 2238
f 3580 398 2238
f 3580 2494 398
f 2801 2494 3580
f 2801 400 2494
f 399 3581 2801
f 399 2802 3581
f 2801 3047 400
f 2801 3581 3047
f 3581 402 3047
f 3581 1242 402
f 2802 1242 3581
f 2802 401 1242
f 400 3582 2494
f 400 3048 3582
f 2494 2495 398
f 2494 3582 2495
f 3582 404 2495
f 3582 1784 404
f 3048 1784 3582
f 3048 403 1784
f 400 3583 3048
f 400 3047 3583
f 3048 1785 403
f 3048 3583 1785
f 3583 405 1785
f 3583 1494 405
f 3047 1494 3583
f 3047 402 1494
f 405 3584 2303
f 405 1494 3584
f 2303 2563 407
f 2303 3584 2563
f 3584 406 2563
f 3584 1495 406
f 1494 1495 3584
f 1494 402 1495
f 405 3585 1785
f 405 2304 3585
f 1785 1786 403
f 1785 3585 1786
f 3585 409 1786
f 3585 3116 409
f 2304 3116 3585
f 2304 408 3116
f 405 3586 2304
f 405 2303 3586
f 2304 3117 408
f 2304 3586 3117
f 3586 410 3117
f 3586 2867 410
f 2303 2867 3586
f 2303 407 2867
f 410 3587 1559
f 410 2867 3587
f 1559 1843 412
f 1559 3587 1843
f 3587 411 1843
f 3587 2868 411
f 2867 2868 3587
f 2867 407 2868
f 410 3588 3117
f 410 1560 3588
f 3117 3118 408
f 3117 3588 3118
f 3588 414 3118
f 3588 2368 414
f 1560 2368 3588
f 1560 413 2368
f 410 3589 1560
f 410 1559 3589
f 1560 2369 413
f 1560 3589 2369
f 3589 415 2369
f 3589 2090 415
f 1559 2090 3589
f 1559 412 2090
f 415 3590 2937
f 415 2090 3590
f 2937 3187 417
f 2937 3590 3187
f 3590 416 3187
f 3590 2091 416
f 2090 2091 3590
f 2090 412 2091
f 415 3591 2369
f 415 2938 3591
f 2369 2370 413
f 2369 3591 2370
f 3591 419 2370
f 3591 1361 419
f 2938 1361 3591
f 2938 418 1361
f 415 3592 2938
f 415 2937 3592
f 2938 1362 418
f 2938 3592 1362
f 3592 420 1362
f 3592 1117 420
f 2937 1117 3592
f 2937 417 1117
f 420 3593 1895
f 420 1117 3593
f 1895 2172 422
f 1895 3593 2172
f 3593 421 2172
f 3593 1118 421
f 1117 1118 3593
f 1117 417 1118
f 420 3594 1362
f 420 1896 3594
f 1362 1363 418
f 1362 3594 1363
f 3594 424 1363
f 3594 2736 424
f 1896 2736 3594
f 1896 423 2736
f 422 3595 1895
f 422 2423 3595
f 1895 1896 420
f 1895 3595 1896
f 3595 423 1896
f 3595 2737 423
f 2423 2737 3595
f 2423 425 2737
f 426 3596 2424
f 426 1432 3596
f 2424 2423 422
f 2424 3596 2423
f 3596 425 2423
f 3596 1178 425
f 1432 1178 3596
f 1432 427 1178
f 426 3597 1432
f 426 1433 3597
f 1432 1730 427
f 1432 3597 1730
f 3597 429 1730
f 3597 1957 429
f 1433 1957 3597
f 1433 428 1957
f 427 3598 1178
f 427 1731 3598
f 1178 1179 425
f 1178 3598 1179
f 3598 431 1179
f 3598 2496 431
f 1731 2496 3598
f 1731 430 2496
f 427 3599 1731
f 427 1730 3599
f 1731 2497 430
f 1731 3599 2497
f 3599 432 2497
f 3599 2240 432
f 1730 2240 3599
f 1730 429 2240
f 432 3600 3050
f 432 2240 3600
f 3050 1243 434
f 3050 3600 1243
f 3600 433 1243
f 3600 2241 433
f 2240 2241 3600
f 2240 429 2241
f 432 3601 2497
f 432 3051 3601
f 2497 2498 430
f 2497 3601 2498
f 3601 436 2498
f 3601 1787 436
f 3051 1787 3601
f 3051 435 1787
f 434 3602 3050
f 434 1496 3602
f 3050 3051 432
f 3050 3602 3051
f 3602 435 3051
f 3602 1788 435
f 1496 1788 3602
f 1496 437 1788
f 438 3603 1497
f 438 2564 3603
f 1497 1496 434
f 1497 3603 1496
f 3603 437 1496
f 3603 2305 437
f 2564 2305 3603
f 2564 439 2305
f 438 3604 2564
f 438 2565 3604
f 2564 2869 439
f 2564 3604 2869
f 3604 441 2869
f 3604 3120 441
f 2565 3120 3604
f 2565 440 3120
f 439 3605 2305
f 439 2870 3605
f 2305 2306 437
f 2305 3605 2306
f 3605 443 2306
f 3605 1561 443
f 2870 1561 3605
f 2870 442 1561
f 439 3606 2870
f 439 2869 3606
f 2870 1562 442
f 2870 3606 1562
f 3606 444 1562
f 3606 1309 444
f 2869 1309 3606
f 2869 441 1309
f 444 3607 2092
f 444 1309 3607
f 2092 2373 446
f 2092 3607 2373
f 3607 445 2373
f 3607 1310 445
f 1309 1310 3607
f 1309 441 1310
f 444 3608 1562
f 444 2093 3608
f 1562 1563 442
f 1562 3608 1563
f 3608 448 1563
f 3608 2939 448
f 2093 2939 3608
f 2093 447 2939
f 444 3609 2093
f 444 2092 3609
f 2093 2940 447
f 2093 3609 2940
f 3609 449 2940
f 3609 2633 449
f 2092 2633 3609
f 2092 446 2633
f 449 3610 1789
f 449 2633 3610
f 1789 1236 307
f 1789 3610 1236
f 3610 305 1236
f 3610 1244 305
f 2633 1244 3610
f 2633 446 1244
f 449 3611 2940
f 449 1120 3611
f 2940 2941 447
f 2940 3611 2941
f 3611 451 2941
f 3611 1366 451
f 1120 1366 3611
f 1120 450 1366
f 449 3612 1120
f 449 1789 3612
f 1120 2307 450
f 1120 3612 2307
f 3612 309 2307
f 3612 1780 309
f 1789 1780 3612
f 1789 307 1780
f 450 3613 1366
f 450 1367 3613
f 1366 1660 451
f 1366 3613 1660
f 3613 453 1660
f 3613 1897 453
f 1367 1897 3613
f 1367 452 1897
f 450 3614 1367
f 450 2307 3614
f 1367 1898 452
f 1367 3614 1898
f 3614 454 1898
f 3614 2308 454
f 2307 2308 3614
f 2307 309 2308
f 454 3615 1311
f 454 2308 3615
f 1311 2011 313
f 1311 3615 2011
f 3615 308 2011
f 3615 2009 308
f 2308 2009 3615
f 2308 309 2009
f 454 3616 1898
f 454 2425 3616
f 1898 1899 452
f 1898 3616 1899
f 3616 456 1899
f 3616 2738 456
f 2425 2738 3616
f 2425 455 2738
f 454 3617 2425
f 454 1311 3617
f 2425 2094 455
f 2425 3617 2094
f 3617 316 2094
f 3617 1304 316
f 1311 1304 3617
f 1311 313 1304
f 455 3618 2738
f 455 2739 3618
f 2738 2987 456
f 2738 3618 2987
f 3618 458 2987
f 3618 1182 458
f 2739 1182 3618
f 2739 457 1182
f 455 3619 2739
f 455 2094 3619
f 2739 2634 457
f 2739 3619 2634
f 3619 318 2634
f 3619 2084 318
f 2094 2084 3619
f 2094 316 2084
f 457 3620 1182
f 457 1183 3620
f 1182 3188 458
f 1182 3620 3188
f 3620 352 3188
f 3620 3189 352
f 1183 3189 3620
f 1183 459 3189
f 318 3621 2634
f 318 2630 3621
f 2634 1183 457
f 2634 3621 1183
f 3621 459 1183
f 3621 2955 459
f 2630 2955 3621
f 2630 320 2955
f 459 3622 3189
f 459 2374 3622
f 3189 2087 352
f 3189 3622 2087
f 3622 348 2087
f 3622 2085 348
f 2374 2085 3622
f 2374 349 2085
f 459 3623 2374
f 459 2955 3623
f 2374 2375 349
f 2374 3623 2375
f 3623 460 2375
f 3623 3190 460
f 2955 3190 3623
f 2955 320 3190
f 460 3624 1368
f 460 3190 3624
f 1368 2927 322
f 1368 3624 2927
f 3624 319 2927
f 3624 2926 319
f 3190 2926 3624
f 3190 320 2926
f 460 3625 2375
f 460 1564 3625
f 2375 1307 349
f 2375 3625 1307
f 3625 345 1307
f 3625 1305 345
f 1564 1305 3625
f 1564 346 1305
f 460 3626 1564
f 460 1368 3626
f 1564 1565 346
f 1564 3626 1565
f 3626 461 1565
f 3626 1369 461
f 1368 1369 3626
f 1368 322 1369
f 461 3627 2740
f 461 1369 3627
f 2740 1112 327
f 2740 3627 1112
f 3627 321 1112
f 3627 1110 321
f 1369 1110 3627
f 1369 322 1110
f 461 3628 1565
f 461 2871 3628
f 1565 2561 346
f 1565 3628 2561
f 3628 342 2561
f 3628 2559 342
f 2871 2559 3628
f 2871 343 2559
f 461 3629 2871
f 461 2740 3629
f 2871 2872 343
f 2871 3629 2872
f 3629 462 2872
f 3629 2741 462
f 2740 2741 3629
f 2740 327 2741
f 462 3630 1434
f 462 2741 3630
f 1434 2419 330
f 1434 3630 2419
f 3630 326 2419
f 3630 2417 326
f 2741 2417 3630
f 2741 327 2417
f 462 3631 2872
f 462 2017 3631
f 2872 2298 343
f 2872 3631 2298
f 3631 341 2298
f 3631 2012 341
f 2017 2012 3631
f 2017 340 2012
f 462 3632 2017
f 462 1434 3632
f 2017 1955 340
f 2017 3632 1955
f 3632 332 1955
f 3632 1427 332
f 1434 1427 3632
f 1434 330 1427
f 458 3633 1661
f 458 3188 3633
f 1661 2932 355
f 1661 3633 2932
f 3633 351 2932
f 3633 2930 351
f 3188 2930 3633
f 3188 352 2930
f 355 3634 1661
f 355 1662 3634
f 1661 2987 458
f 1661 3634 2987
f 3634 456 2987
f 3634 2988 456
f 1662 2988 3634
f 1662 463 2988
f 355 3635 1662
f 355 1357 3635
f 1662 2803 463
f 1662 3635 2803
f 3635 464 2803
f 3635 1370 464
f 1357 1370 3635
f 1357 354 1370
f 464 3636 2803
f 464 3052 3636
f 2803 2173 463
f 2803 3636 2173
f 3636 453 2173
f 3636 2174 453
f 3052 2174 3636
f 3052 465 2174
f 464 3637 3052
f 464 2426 3637
f 3052 1245 465
f 3052 3637 1245
f 3637 466 1245
f 3637 2427 466
f 2426 2427 3637
f 2426 358 2427
f 464 3638 2426
f 464 1370 3638
f 2426 1891 358
f 2426 3638 1891
f 3638 356 1891
f 3638 1358 356
f 1370 1358 3638
f 1370 354 1358
f 466 3639 1245
f 466 1498 3639
f 1245 1246 465
f 1245 3639 1246
f 3639 468 1246
f 3639 1790 468
f 1498 1790 3639
f 1498 467 1790
f 466 3640 1498
f 466 1184 3640
f 1498 1791 467
f 1498 3640 1791
f 3640 469 1791
f 3640 1185 469
f 1184 1185 3640
f 1184 361 1185
f 466 3641 1184
f 466 2427 3641
f 1184 2167 361
f 1184 3641 2167
f 3641 357 2167
f 3641 2165 357
f 2427 2165 3641
f 2427 358 2165
f 469 3642 1791
f 469 2309 3642
f 1791 1792 467
f 1791 3642 1792
f 3642 471 1792
f 3642 2566 471
f 2309 2566 3642
f 2309 470 2566
f 469 3643 2309
f 469 1958 3643
f 2309 2567 470
f 2309 3643 2567
f 3643 472 2567
f 3643 1959 472
f 1958 1959 3643
f 1958 364 1959
f 469 3644 1958
f 469 1185 3644
f 1958 2983 364
f 1958 3644 2983
f 3644 360 2983
f 3644 2981 360
f 1185 2981 3644
f 1185 361 2981
f 472 3645 2567
f 472 3121 3645
f 2567 2568 470
f 2567 3645 2568
f 3645 474 2568
f 3645 1312 474
f 3121 1312 3645
f 3121 473 1312
f 472 3646 3121
f 472 2804 3646
f 3121 1313 473
f 3121 3646 1313
f 3646 475 1313
f 3646 2805 475
f 2804 2805 3646
f 2804 367 2805
f 472 3647 2804
f 472 1959 3647
f 2804 1728 367
f 2804 3647 1728
f 3647 363 1728
f 3647 1726 363
f 1959 1726 3647
f 1959 364 1726
f 475 3648 1313
f 475 1846 3648
f 1313 2018 473
f 1313 3648 2018
f 3648 436 2018
f 3648 2019 436
f 1846 2019 3648
f 1846 476 2019
f 475 3649 1846
f 475 1499 3649
f 1846 2095 476
f 1846 3649 2095
f 3649 477 2095
f 3649 1500 477
f 1499 1500 3649
f 1499 370 1500
f 475 3650 1499
f 475 2805 3650
f 1499 2491 370
f 1499 3650 2491
f 3650 366 2491
f 3650 2489 366
f 2805 2489 3650
f 2805 367 2489
f 477 3651 2095
f 477 2376 3651
f 2095 2806 476
f 2095 3651 2806
f 3651 431 2806
f 3651 2807 431
f 2376 2807 3651
f 2376 478 2807
f 373 3652 2310
f 373 2311 3652
f 2310 2376 477
f 2310 3652 2376
f 3652 478 2376
f 3652 2635 478
f 2311 2635 3652
f 2311 479 2635
f 477 3653 2310
f 477 1500 3653
f 2310 1240 373
f 2310 3653 1240
f 3653 369 1240
f 3653 1238 369
f 1500 1238 3653
f 1500 370 1238
f 373 3654 2311
f 373 2013 3654
f 2311 3122 479
f 2311 3654 3122
f 3654 376 3122
f 3654 2015 376
f 2013 2015 3654
f 2013 372 2015
f 376 3655 3122
f 376 3123 3655
f 3122 2989 479
f 3122 3655 2989
f 3655 424 2989
f 3655 2990 424
f 3123 2990 3655
f 3123 480 2990
f 376 3656 3123
f 376 2864 3656
f 3123 1847 480
f 3123 3656 1847
f 3656 379 1847
f 3656 2866 379
f 2864 2866 3656
f 2864 375 2866
f 480 3657 2990
f 480 1664 3657
f 2990 1363 424
f 2990 3657 1363
f 3657 418 1363
f 3657 1361 418
f 1664 1361 3657
f 1664 419 1361
f 379 3658 1847
f 379 1848 3658
f 1847 1664 480
f 1847 3658 1664
f 3658 419 1664
f 3658 1665 419
f 1848 1665 3658
f 1848 481 1665
f 379 3659 1848
f 379 1556 3659
f 1848 2636 481
f 1848 3659 2636
f 3659 382 2636
f 3659 1558 382
f 1556 1558 3659
f 1556 378 1558
f 382 3660 2636
f 382 2637 3660
f 2636 2643 481
f 2636 3660 2643
f 3660 414 2643
f 3660 2644 414
f 2637 2644 3660
f 2637 482 2644
f 382 3661 2637
f 382 2365 3661
f 2637 1371 482
f 2637 3661 1371
f 3661 483 1371
f 3661 2377 483
f 2365 2377 3661
f 2365 381 2377
f 381 3662 2377
f 381 2366 3662
f 2377 1900 483
f 2377 3662 1900
f 3662 388 1900
f 3662 3186 388
f 2366 3186 3662
f 2366 384 3186
f 483 3663 1371
f 483 1666 3663
f 1371 1314 482
f 1371 3663 1314
f 3663 409 1314
f 3663 1315 409
f 1666 1315 3663
f 1666 484 1315
f 483 3664 1666
f 483 1900 3664
f 1666 2428 484
f 1666 3664 2428
f 3664 390 2428
f 3664 1894 390
f 1900 1894 3664
f 1900 388 1894
f 484 3665 1315
f 484 2020 3665
f 1315 1786 409
f 1315 3665 1786
f 3665 403 1786
f 3665 1784 403
f 2020 1784 3665
f 2020 404 1784
f 484 3666 2020
f 484 2428 3666
f 2020 2986 404
f 2020 3666 2986
f 3666 392 2986
f 3666 2422 392
f 2428 2422 3666
f 2428 390 2422
f 482 3667 2644
f 482 1314 3667
f 2644 3118 414
f 2644 3667 3118
f 3667 408 3118
f 3667 3116 408
f 1314 3116 3667
f 1314 409 3116
f 481 3668 1665
f 481 2643 3668
f 1665 2370 419
f 1665 3668 2370
f 3668 413 2370
f 3668 2368 413
f 2643 2368 3668
f 2643 414 2368
f 424 3669 2989
f 424 2736 3669
f 2989 2635 479
f 2989 3669 2635
f 3669 478 2635
f 3669 2742 478
f 2736 2742 3669
f 2736 423 2742
f 478 3670 2807
f 478 2742 3670
f 2807 1179 431
f 2807 3670 1179
f 3670 425 1179
f 3670 2737 425
f 2742 2737 3670
f 2742 423 2737
f 430 3671 2496
f 430 2498 3671
f 2496 2806 431
f 2496 3671 2806
f 3671 476 2806
f 3671 2019 476
f 2498 2019 3671
f 2498 436 2019
f 436 3672 2018
f 436 1787 3672
f 2018 1312 473
f 2018 3672 1312
f 3672 474 1312
f 3672 1793 474
f 1787 1793 3672
f 1787 435 1793
f 474 3673 1845
f 474 1793 3673
f 1845 2306 443
f 1845 3673 2306
f 3673 437 2306
f 3673 1788 437
f 1793 1788 3673
f 1793 435 1788
f 474 3674 2568
f 474 1845 3674
f 2568 2566 470
f 2568 3674 2566
f 3674 471 2566
f 3674 1844 471
f 1845 1844 3674
f 1845 443 1844
f 471 3675 3192
f 471 1844 3675
f 3192 1563 448
f 3192 3675 1563
f 3675 442 1563
f 3675 1561 442
f 1844 1561 3675
f 1844 443 1561
f 471 3676 1792
f 471 3192 3676
f 1792 1790 467
f 1792 3676 1790
f 3676 468 1790
f 3676 3191 468
f 3192 3191 3676
f 3192 448 3191
f 468 3677 1663
f 468 3191 3677
f 1663 2941 451
f 1663 3677 2941
f 3677 447 2941
f 3677 2939 447
f 3191 2939 3677
f 3191 448 2939
f 468 3678 1246
f 468 1663 3678
f 1246 2174 465
f 1246 3678 2174
f 3678 453 2174
f 3678 1660 453
f 1663 1660 3678
f 1663 451 1660
f 463 3679 2988
f 463 2173 3679
f 2988 1899 456
f 2988 3679 1899
f 3679 452 1899
f 3679 1897 452
f 2173 1897 3679
f 2173 453 1897
f 445 3680 2499
f 445 1181 3680
f 2499 2979 302
f 2499 3680 2979
f 3680 296 2979
f 3680 2977 296
f 1181 2977 3680
f 1181 297 2977
f 441 3681 1310
f 441 3120 3681
f 1310 1181 445
f 1310 3681 1181
f 3681 297 1181
f 3681 1180 297
f 3120 1180 3681
f 3120 440 1180
f 445 3682 2373
f 445 2499 3682
f 2373 1244 446
f 2373 3682 1244
f 3682 305 1244
f 3682 2484 305
f 2499 2484 3682
f 2499 302 2484
f 440 3683 1180
f 440 1119 3683
f 1180 1654 297
f 1180 3683 1654
f 3683 291 1654
f 3683 1108 291
f 1119 1108 3683
f 1119 289 1108
f 440 3684 1119
f 440 2565 3684
f 1119 1107 289
f 1119 3684 1107
f 3684 290 1107
f 3684 1365 290
f 2565 1365 3684
f 2565 438 1365
f 433 3685 1364
f 433 2372 3685
f 1364 2082 290
f 1364 3685 2082
f 3685 284 2082
f 3685 2080 284
f 2372 2080 3685
f 2372 285 2080
f 290 3686 1364
f 290 1365 3686
f 1364 1243 433
f 1364 3686 1243
f 3686 434 1243
f 3686 1497 434
f 1365 1497 3686
f 1365 438 1497
f 433 3687 2372
f 433 2241 3687
f 2372 2371 285
f 2372 3687 2371
f 3687 428 2371
f 3687 1957 428
f 2241 1957 3687
f 2241 429 1957
f 428 3688 2371
f 428 3119 3688
f 2371 2862 285
f 2371 3688 2862
f 3688 279 2862
f 3688 2860 279
f 3119 2860 3688
f 3119 280 2860
f 428 3689 3119
f 428 1433 3689
f 3119 3124 280
f 3119 3689 3124
f 3689 485 3124
f 3689 1435 485
f 1433 1435 3689
f 1433 426 1435
f 485 3690 3124
f 485 1794 3690
f 3124 1490 280
f 3124 3690 1490
f 3690 274 1490
f 3690 1488 274
f 1794 1488 3690
f 1794 275 1488
f 485 3691 1794
f 485 2175 3691
f 1794 1795 275
f 1794 3691 1795
f 3691 486 1795
f 3691 2176 486
f 2175 2176 3691
f 2175 421 2176
f 485 3692 2175
f 485 1435 3692
f 2175 2172 421
f 2175 3692 2172
f 3692 422 2172
f 3692 2424 422
f 1435 2424 3692
f 1435 426 2424
f 486 3693 1795
f 486 2500 3693
f 1795 2230 275
f 1795 3693 2230
f 3693 269 2230
f 3693 2228 269
f 2500 2228 3693
f 2500 270 2228
f 486 3694 2500
f 486 3193 3694
f 2500 2501 270
f 2500 3694 2501
f 3694 487 2501
f 3694 3194 487
f 3193 3194 3694
f 3193 416 3194
f 486 3695 3193
f 486 2176 3695
f 3193 3187 416
f 3193 3695 3187
f 3695 417 3187
f 3695 1118 417
f 2176 1118 3695
f 2176 421 1118
f 487 3696 2501
f 487 2429 3696
f 2501 2976 270
f 2501 3696 2976
f 3696 264 2976
f 3696 2414 264
f 2429 2414 3696
f 2429 262 2414
f 487 3697 2429
f 487 1849 3697
f 2429 2413 262
f 2429 3697 2413
f 3697 263 2413
f 3697 2735 263
f 1849 2735 3697
f 1849 411 2735
f 487 3698 1849
f 487 3194 3698
f 1849 1843 411
f 1849 3698 1843
f 3698 412 1843
f 3698 2091 412
f 3194 2091 3698
f 3194 416 2091
f 406 3699 2734
f 406 1360 3699
f 2734 1106 263
f 2734 3699 1106
f 3699 257 1106
f 3699 1104 257
f 1360 1104 3699
f 1360 258 1104
f 263 3700 2734
f 263 2735 3700
f 2734 2563 406
f 2734 3700 2563
f 3700 407 2563
f 3700 2868 407
f 2735 2868 3700
f 2735 411 2868
f 406 3701 1360
f 406 1495 3701
f 1360 1359 258
f 1360 3701 1359
f 3701 401 1359
f 3701 1242 401
f 1495 1242 3701
f 1495 402 1242
f 401 3702 1359
f 401 2367 3702
f 1359 2079 258
f 1359 3702 2079
f 3702 252 2079
f 3702 2110 252
f 2367 2110 3702
f 2367 253 2110
f 401 3703 2367
f 401 2802 3703
f 2367 2378 253
f 2367 3703 2378
f 3703 488 2378
f 3703 2808 488
f 2802 2808 3703
f 2802 399 2808
f 488 3704 2378
f 488 3125 3704
f 2378 2859 253
f 2378 3704 2859
f 3704 247 2859
f 3704 2857 247
f 3125 2857 3704
f 3125 248 2857
f 488 3705 3125
f 488 1501 3705
f 3125 1233 248
f 3125 3705 1233
f 3705 209 1233
f 3705 1230 209
f 1501 1230 3705
f 1501 210 1230
f 488 3706 1501
f 488 2808 3706
f 1501 1493 210
f 1501 3706 1493
f 3706 397 1493
f 3706 2239 397
f 2808 2239 3706
f 2808 399 2239
f 404 3707 2495
f 404 2986 3707
f 2495 1431 398
f 2495 3707 1431
f 3707 394 1431
f 3707 2985 394
f 2986 2985 3707
f 2986 392 2985
f 38 3708 1903
f 38 2416 3708
f 1903 1910 36
f 1903 3708 1910
f 3708 195 1910
f 3708 1655 195
f 2416 1655 3708
f 2416 311 1655
f 248 3709 1779
f 248 1233 3709
f 1779 2856 243
f 1779 3709 2856
f 3709 215 2856
f 3709 1231 215
f 1233 1231 3709
f 1233 209 1231
f 234 3710 1103
f 234 1299 3710
f 1103 2921 225
f 1103 3710 2921
f 3710 223 2921
f 3710 1298 223
f 1299 1298 3710
f 1299 217 1298
f 223 3711 2109
f 223 1298 3711
f 2109 3140 220
f 2109 3711 3140
f 3711 216 3140
f 3711 3138 216
f 1298 3138 3711
f 1298 217 3138
f 489 3712 1187
f 489 1186 3712
f 1187 1732 492
f 1187 3712 1732
f 3712 491 1732
f 3712 1436 491
f 1186 1436 3712
f 1186 490 1436
f 492 3713 1187
f 492 1960 3713
f 1187 1188 489
f 1187 3713 1188
f 3713 494 1188
f 3713 2242 494
f 1960 2242 3713
f 1960 493 2242
f 492 3714 1961
f 492 1732 3714
f 1961 2809 496
f 1961 3714 2809
f 3714 495 2809
f 3714 1733 495
f 1732 1733 3714
f 1732 491 1733
f 497 3715 1248
f 497 1247 3715
f 501 3715 2021
f 501 1248 3715
f 500 3715 1796
f 500 2021 3715
f 499 3715 1502
f 499 1796 3715
f 498 3715 1247
f 498 1502 3715
f 502 3716 2312
f 502 2569 3716
f 501 3716 1248
f 501 2312 3716
f 497 3716 1249
f 497 1248 3716
f 504 3716 2873
f 504 1249 3716
f 503 3716 2569
f 503 2873 3716
f 497 3717 1247
f 497 1249 3717
f 1247 1503 498
f 1247 3717 1503
f 3717 505 1503
f 3717 3126 505
f 1249 3126 3717
f 1249 504 3126
f 506 3718 1567
f 506 1566 3718
f 511 3718 2638
f 511 1567 3718
f 510 3718 2379
f 510 2638 3718
f 509 3718 2096
f 509 2379 3718
f 508 3718 1851
f 508 2096 3718
f 507 3718 1566
f 507 1851 3718
f 512 3719 3164
f 512 3163 3719
f 514 3719 1121
f 514 3164 3719
f 513 3719 3163
f 513 1121 3719
f 509 3720 2379
f 509 2096 3720
f 510 3720 2661
f 510 2379 3720
f 516 3720 1616
f 516 2661 3720
f 515 3720 2066
f 515 1616 3720
f 508 3720 2096
f 508 2066 3720
f 385 3721 1122
f 385 1115 3721
f 1122 1455 517
f 1122 3721 1455
f 3721 202 1455
f 3721 1429 202
f 1115 1429 3721
f 1115 386 1429
f 385 3722 1116
f 385 1122 3722
f 1116 1617 387
f 1116 3722 1617
f 3722 518 1617
f 3722 2177 518
f 1122 2177 3722
f 1122 517 2177
f 519 3723 2314
f 519 2691 3723
f 2314 2295 213
f 2314 3723 2295
f 3723 218 2295
f 3723 1588 218
f 2691 1588 3723
f 2691 520 1588
f 519 3724 2691
f 519 2692 3724
f 2691 2823 520
f 2691 3724 2823
f 3724 503 2823
f 3724 2824 503
f 2692 2824 3724
f 2692 521 2824
f 519 3725 2692
f 519 2314 3725
f 2692 1991 521
f 2692 3725 1991
f 3725 212 1991
f 3725 2033 212
f 2314 2033 3725
f 2314 213 2033
f 522 3726 1456
f 522 2453 3726
f 1456 1868 523
f 1456 3726 1868
f 3726 228 1868
f 3726 1912 228
f 2453 1912 3726
f 2453 230 1912
f 522 3727 2453
f 522 1457 3727
f 2453 2444 230
f 2453 3727 2444
f 3727 231 2444
f 3727 2693 231
f 1457 2693 3727
f 1457 524 2693
f 522 3728 1457
f 522 1458 3728
f 1457 1936 524
f 1457 3728 1936
f 3728 526 1936
f 3728 2243 526
f 1458 2243 3728
f 1458 525 2243
f 522 3729 1460
f 522 1456 3729
f 1460 2755 528
f 1460 3729 2755
f 3729 527 2755
f 3729 1679 527
f 1456 1679 3729
f 1456 523 1679
f 522 3730 1458
f 522 1460 3730
f 1458 2244 525
f 1458 3730 2244
f 3730 529 2244
f 3730 3025 529
f 1460 3025 3730
f 1460 528 3025
f 526 3731 1936
f 526 2522 3731
f 1936 1937 524
f 1936 3731 1937
f 3731 531 1937
f 3731 1525 531
f 2522 1525 3731
f 2522 530 1525
f 526 3732 2522
f 526 2523 3732
f 2522 1526 530
f 2522 3732 1526
f 3732 533 1526
f 3732 1992 533
f 2523 1992 3732
f 2523 532 1992
f 532 3733 1992
f 532 1993 3733
f 1992 2315 533
f 1992 3733 2315
f 3733 535 2315
f 3733 2595 535
f 1993 2595 3733
f 1993 534 2595
f 534 3734 2595
f 534 1746 3734
f 2595 1527 535
f 2595 3734 1527
f 3734 498 1527
f 3734 1502 498
f 1746 1502 3734
f 1746 499 1502
f 535 3735 2315
f 535 2825 3735
f 2315 2316 533
f 2315 3735 2316
f 3735 537 2316
f 3735 3095 537
f 2825 3095 3735
f 2825 536 3095
f 535 3736 2825
f 535 1527 3736
f 2825 1316 536
f 2825 3736 1316
f 3736 505 1316
f 3736 1503 505
f 1527 1503 3736
f 1527 498 1503
f 536 3737 3095
f 536 3096 3737
f 3095 1317 537
f 3095 3737 1317
f 3737 539 1317
f 3737 1589 539
f 3096 1589 3737
f 3096 538 1589
f 536 3738 3096
f 536 1316 3738
f 3096 1590 538
f 3096 3738 1590
f 3738 540 1590
f 3738 1318 540
f 1316 1318 3738
f 1316 505 1318
f 540 3739 1590
f 540 1190 3739
f 1590 2694 538
f 1590 3739 2694
f 3739 391 2694
f 3739 2733 391
f 1190 2733 3739
f 1190 393 2733
f 540 3740 1190
f 540 2067 3740
f 1190 1177 393
f 1190 3740 1177
f 3740 395 1177
f 3740 1680 395
f 2067 1680 3740
f 2067 541 1680
f 540 3741 2067
f 540 1318 3741
f 2067 3097 541
f 2067 3741 3097
f 3741 504 3097
f 3741 3126 504
f 1318 3126 3741
f 1318 505 3126
f 541 3742 1680
f 541 1191 3742
f 1680 2016 395
f 1680 3742 2016
f 3742 212 2016
f 3742 1991 212
f 1191 1991 3742
f 1191 521 1991
f 541 3743 1191
f 541 3097 3743
f 1191 2824 521
f 1191 3743 2824
f 3743 503 2824
f 3743 2873 503
f 3097 2873 3743
f 3097 504 2873
f 218 3744 1581
f 218 1588 3744
f 1581 1810 219
f 1581 3744 1810
f 3744 542 1810
f 3744 2962 542
f 1588 2962 3744
f 1588 520 2962
f 543 3745 1994
f 543 1618 3745
f 1994 2021 500
f 1994 3745 2021
f 3745 501 2021
f 3745 2313 501
f 1618 2313 3745
f 1618 515 2313
f 542 3746 2596
f 542 2962 3746
f 2596 2569 502
f 2596 3746 2569
f 3746 503 2569
f 3746 2823 503
f 2962 2823 3746
f 2962 520 2823
f 389 3747 2178
f 389 1659 3747
f 2178 2454 539
f 2178 3747 2454
f 3747 518 2454
f 3747 1617 518
f 1659 1617 3747
f 1659 387 1617
f 389 3748 2171
f 389 2178 3748
f 2171 2694 391
f 2171 3748 2694
f 3748 538 2694
f 3748 1589 538
f 2178 1589 3748
f 2178 539 1589
f 539 3749 1317
f 539 2454 3749
f 1317 1319 537
f 1317 3749 1319
f 3749 544 1319
f 3749 2455 544
f 2454 2455 3749
f 2454 518 2455
f 544 3750 1528
f 544 3165 3750
f 1528 1525 530
f 1528 3750 1525
f 3750 531 1525
f 3750 1747 531
f 3165 1747 3750
f 3165 545 1747
f 544 3751 3165
f 544 2455 3751
f 3165 2179 545
f 3165 3751 2179
f 3751 517 2179
f 3751 2177 517
f 2455 2177 3751
f 2455 518 2177
f 544 3752 1319
f 544 1528 3752
f 1319 2316 537
f 1319 3752 2316
f 3752 533 2316
f 3752 1526 533
f 1528 1526 3752
f 1528 530 1526
f 545 3753 1747
f 545 1192 3753
f 1747 2030 531
f 1747 3753 2030
f 3753 204 2030
f 3753 1168 204
f 1192 1168 3753
f 1192 201 1168
f 545 3754 1192
f 545 2179 3754
f 1192 1167 201
f 1192 3754 1167
f 3754 202 1167
f 3754 1455 202
f 2179 1455 3754
f 2179 517 1455
f 204 3755 2030
f 204 1973 3755
f 2030 1937 531
f 2030 3755 1937
f 3755 524 1937
f 3755 2693 524
f 1973 2693 3755
f 1973 231 2693
f 528 3756 3025
f 528 3026 3756
f 3025 1250 529
f 3025 3756 1250
f 3756 547 1250
f 3756 1396 547
f 3026 1396 3756
f 3026 546 1396
f 528 3757 3026
f 528 2755 3757
f 3026 1461 546
f 3026 3757 1461
f 3757 490 1461
f 3757 1459 490
f 2755 1459 3757
f 2755 527 1459
f 546 3758 1396
f 546 1123 3758
f 1396 3166 547
f 1396 3758 3166
f 3758 512 3166
f 3758 3163 512
f 1123 3163 3758
f 1123 513 3163
f 546 3759 1123
f 546 1461 3759
f 1123 1189 513
f 1123 3759 1189
f 3759 489 1189
f 3759 1186 489
f 1461 1186 3759
f 1461 490 1186
f 490 3760 1436
f 490 1459 3760
f 1436 1681 491
f 1436 3760 1681
f 3760 548 1681
f 3760 2756 548
f 1459 2756 3760
f 1459 527 2756
f 549 3761 1869
f 549 2757 3761
f 1869 1681 548
f 1869 3761 1681
f 3761 491 1681
f 3761 1733 491
f 2757 1733 3761
f 2757 495 1733
f 548 3762 1869
f 548 1870 3762
f 1869 2180 549
f 1869 3762 2180
f 3762 551 2180
f 3762 2456 551
f 1870 2456 3762
f 1870 550 2456
f 548 3763 1870
f 548 2756 3763
f 1870 1682 550
f 1870 3763 1682
f 3763 523 1682
f 3763 1679 523
f 2756 1679 3763
f 2756 527 1679
f 550 3764 2456
f 550 1397 3764
f 2456 3167 551
f 2456 3764 3167
f 3764 224 3167
f 3764 3204 224
f 1397 3204 3764
f 1397 226 3204
f 550 3765 1397
f 550 1682 3765
f 1397 1386 226
f 1397 3765 1386
f 3765 228 1386
f 3765 1868 228
f 1682 1868 3765
f 1682 523 1868
f 224 3766 3167
f 224 2654 3766
f 3167 2380 551
f 3167 3766 2380
f 3766 221 2380
f 3766 2362 221
f 2654 2362 3766
f 2654 222 2362
f 221 3767 2380
f 221 2381 3767
f 2380 2180 551
f 2380 3767 2180
f 3767 549 2180
f 3767 2181 549
f 2381 2181 3767
f 2381 552 2181
f 553 3768 2963
f 553 2758 3768
f 2963 2181 552
f 2963 3768 2181
f 3768 549 2181
f 3768 2757 549
f 2758 2757 3768
f 2758 495 2757
f 554 3769 1193
f 554 3027 3769
f 1193 2758 553
f 1193 3769 2758
f 3769 495 2758
f 3769 2809 495
f 3027 2809 3769
f 3027 496 2809
f 555 3770 1684
f 555 1683 3770
f 1684 2245 558
f 1684 3770 2245
f 3770 557 2245
f 3770 1938 557
f 1683 1938 3770
f 1683 556 1938
f 556 3771 1938
f 556 1939 3771
f 1938 2246 557
f 1938 3771 2246
f 3771 560 2246
f 3771 2759 560
f 1939 2759 3771
f 1939 559 2759
f 559 3772 2759
f 559 2760 3772
f 2759 3029 560
f 2759 3772 3029
f 3772 562 3029
f 3772 1251 562
f 2760 1251 3772
f 2760 561 1251
f 563 3773 1252
f 563 1748 3773
f 1252 1251 561
f 1252 3773 1251
f 3773 562 1251
f 3773 1529 562
f 1748 1529 3773
f 1748 564 1529
f 565 3774 1871
f 565 1995 3774
f 1871 2661 516
f 1871 3774 2661
f 3774 510 2661
f 3774 2662 510
f 1995 2662 3774
f 1995 564 2662
f 566 3775 1872
f 566 2597 3775
f 1872 1871 516
f 1872 3775 1871
f 3775 565 1871
f 3775 2317 565
f 2597 2317 3775
f 2597 567 2317
f 568 3776 3099
f 568 3098 3776
f 3099 1591 571
f 3099 3776 1591
f 3776 570 1591
f 3776 1320 570
f 3098 1320 3776
f 3098 569 1320
f 558 3777 2524
f 558 2245 3777
f 2524 1592 572
f 2524 3777 1592
f 3777 570 1592
f 3777 2247 570
f 2245 2247 3777
f 2245 557 2247
f 570 3778 3030
f 570 2247 3778
f 560 3778 2246
f 560 3030 3778
f 557 3778 2247
f 557 2246 3778
f 570 3779 1591
f 570 3030 3779
f 1591 1530 571
f 1591 3779 1530
f 3779 562 1530
f 3779 3029 562
f 3030 3029 3779
f 3030 560 3029
f 513 3780 1121
f 513 1189 3780
f 1121 2521 514
f 1121 3780 2521
f 3780 494 2521
f 3780 1188 494
f 1189 1188 3780
f 1189 489 1188
f 573 3781 2383
f 573 2382 3781
f 2383 2891 576
f 2383 3781 2891
f 3781 575 2891
f 3781 2663 575
f 2382 2663 3781
f 2382 574 2663
f 553 3782 1195
f 553 1194 3782
f 578 3782 1124
f 578 1195 3782
f 577 3782 1194
f 577 1124 3782
f 579 3783 1685
f 579 1619 3783
f 1685 1683 555
f 1685 3783 1683
f 3783 556 1683
f 3783 1941 556
f 1619 1941 3783
f 1619 580 1941
f 581 3784 1620
f 581 2182 3784
f 1620 1619 579
f 1620 3784 1619
f 3784 580 1619
f 3784 1873 580
f 2182 1873 3784
f 2182 582 1873
f 578 3785 1399
f 578 1124 3785
f 1399 2695 584
f 1399 3785 2695
f 3785 583 2695
f 3785 1125 583
f 1124 1125 3785
f 1124 577 1125
f 585 3786 1197
f 585 1196 3786
f 1197 1686 588
f 1197 3786 1686
f 3786 587 1686
f 3786 1463 587
f 1196 1463 3786
f 1196 586 1463
f 552 3787 2964
f 552 2381 3787
f 2964 1196 585
f 2964 3787 1196
f 3787 586 1196
f 3787 2384 586
f 2381 2384 3787
f 2381 221 2384
f 219 3788 1835
f 219 1811 3788
f 1835 2384 221
f 1835 3788 2384
f 3788 586 2384
f 3788 1464 586
f 1811 1464 3788
f 1811 589 1464
f 590 3789 2525
f 590 1593 3789
f 2525 2892 591
f 2525 3789 2892
f 3789 511 2892
f 3789 1567 511
f 1593 1567 3789
f 1593 506 1567
f 511 3790 2892
f 511 2893 3790
f 2892 2761 591
f 2892 3790 2761
f 3790 593 2761
f 3790 3031 593
f 2893 3031 3790
f 2893 592 3031
f 592 3791 3031
f 592 1749 3791
f 3031 1253 593
f 3031 3791 1253
f 3791 594 1253
f 3791 1750 594
f 1749 1750 3791
f 1749 563 1750
f 561 3792 1254
f 561 2760 3792
f 1254 1751 596
f 1254 3792 1751
f 3792 595 1751
f 3792 2762 595
f 2760 2762 3792
f 2760 559 2762
f 559 3793 2762
f 559 1939 3793
f 2762 1874 595
f 2762 3793 1874
f 3793 580 1874
f 3793 1941 580
f 1939 1941 3793
f 1939 556 1941
f 595 3794 1751
f 595 1752 3794
f 1751 1996 596
f 1751 3794 1996
f 3794 598 1996
f 3794 2319 598
f 1752 2319 3794
f 1752 597 2319
f 595 3795 1752
f 595 1874 3795
f 1752 2457 597
f 1752 3795 2457
f 3795 582 2457
f 3795 1873 582
f 1874 1873 3795
f 1874 580 1873
f 582 3796 2457
f 582 2458 3796
f 2457 2320 597
f 2457 3796 2320
f 3796 600 2320
f 3796 2827 600
f 2458 2827 3796
f 2458 599 2827
f 581 3797 2182
f 581 2184 3797
f 2182 2458 582
f 2182 3797 2458
f 3797 599 2458
f 3797 2828 599
f 2184 2828 3797
f 2184 601 2828
f 601 3798 2828
f 601 1321 3798
f 599 3798 2829
f 599 2828 3798
f 604 3798 1812
f 604 2829 3798
f 603 3798 1594
f 603 1812 3798
f 602 3798 1321
f 602 1594 3798
f 605 3799 2386
f 605 2385 3799
f 2386 2894 608
f 2386 3799 2894
f 3799 607 2894
f 3799 2664 607
f 2385 2664 3799
f 2385 606 2664
f 584 3800 2965
f 584 2695 3800
f 2965 2385 605
f 2965 3800 2385
f 3800 606 2385
f 3800 2697 606
f 2695 2697 3800
f 2695 583 2697
f 609 3801 1128
f 609 1127 3801
f 1128 1621 612
f 1128 3801 1621
f 3801 611 1621
f 3801 1400 611
f 1127 1400 3801
f 1127 610 1400
f 588 3802 1942
f 588 1686 3802
f 1942 1127 609
f 1942 3802 1127
f 3802 610 1127
f 3802 1688 610
f 1686 1688 3802
f 1686 587 1688
f 587 3803 1688
f 587 1689 3803
f 1688 1401 610
f 1688 3803 1401
f 3803 614 1401
f 3803 2185 614
f 1689 2185 3803
f 1689 613 2185
f 587 3804 1689
f 587 1463 3804
f 1689 2249 613
f 1689 3804 2249
f 3804 589 2249
f 3804 1464 589
f 1463 1464 3804
f 1463 586 1464
f 589 3805 2249
f 589 2248 3805
f 2249 2186 613
f 2249 3805 2186
f 3805 615 2186
f 3805 2526 615
f 2248 2526 3805
f 2248 590 2526
f 616 3806 2967
f 616 2966 3806
f 2967 1465 619
f 2967 3806 1465
f 3806 618 1465
f 3806 1198 618
f 2966 1198 3806
f 2966 617 1198
f 616 3807 2966
f 616 2763 3807
f 2966 1255 617
f 2966 3807 1255
f 3807 593 1255
f 3807 2761 593
f 2763 2761 3807
f 2763 591 2761
f 620 3808 1199
f 620 1943 3808
f 1199 1198 617
f 1199 3808 1198
f 3808 618 1198
f 3808 1466 618
f 1943 1466 3808
f 1943 621 1466
f 594 3809 1253
f 594 1532 3809
f 1253 1255 593
f 1253 3809 1255
f 3809 617 1255
f 3809 1199 617
f 1532 1199 3809
f 1532 620 1199
f 622 3810 2527
f 622 3100 3810
f 2527 2764 624
f 2527 3810 2764
f 3810 623 2764
f 3810 3101 623
f 3100 3101 3810
f 3100 600 3101
f 622 3811 3100
f 622 2599 3811
f 3100 2320 600
f 3100 3811 2320
f 3811 597 2320
f 3811 2319 597
f 2599 2319 3811
f 2599 598 2319
f 623 3812 2764
f 623 2765 3812
f 2764 3032 624
f 2764 3812 3032
f 3812 626 3032
f 3812 1256 626
f 2765 1256 3812
f 2765 625 1256
f 623 3813 2765
f 623 2068 3813
f 2765 1257 625
f 2765 3813 1257
f 3813 627 1257
f 3813 2069 627
f 2068 2069 3813
f 2068 604 2069
f 623 3814 2068
f 623 3101 3814
f 2068 2829 604
f 2068 3814 2829
f 3814 599 2829
f 3814 2827 599
f 3101 2827 3814
f 3101 600 2827
f 627 3815 1257
f 627 1753 3815
f 1257 1258 625
f 1257 3815 1258
f 3815 629 1258
f 3815 1997 629
f 1753 1997 3815
f 1753 628 1997
f 630 3816 1754
f 630 2600 3816
f 1754 1753 627
f 1754 3816 1753
f 3816 628 1753
f 3816 1998 628
f 2600 1998 3816
f 2600 631 1998
f 603 3817 1812
f 603 1594 3817
f 604 3817 2069
f 604 1812 3817
f 627 3817 1754
f 627 2069 3817
f 630 3817 1596
f 630 1754 3817
f 602 3817 1594
f 602 1596 3817
f 632 3818 3103
f 632 3102 3818
f 3103 1597 635
f 3103 3818 1597
f 3818 634 1597
f 3818 1323 634
f 3102 1323 3818
f 3102 633 1323
f 608 3819 3168
f 608 2894 3819
f 3168 3102 632
f 3168 3819 3102
f 3819 633 3102
f 3819 2896 633
f 2894 2896 3819
f 2894 607 2896
f 636 3820 2071
f 636 2070 3820
f 2071 2666 639
f 2071 3820 2666
f 3820 638 2666
f 3820 2387 638
f 2070 2387 3820
f 2070 637 2387
f 612 3821 1875
f 612 1621 3821
f 1875 2070 636
f 1875 3821 2070
f 3821 637 2070
f 3821 1622 637
f 1621 1622 3821
f 1621 611 1622
f 637 3822 2387
f 637 2388 3822
f 2387 2667 638
f 2387 3822 2667
f 3822 641 2667
f 3822 3169 641
f 2388 3169 3822
f 2388 640 3169
f 637 3823 2388
f 637 1622 3823
f 2388 3170 640
f 2388 3823 3170
f 3823 642 3170
f 3823 1623 642
f 1622 1623 3823
f 1622 611 1623
f 642 3824 2459
f 642 1623 3824
f 2459 1401 614
f 2459 3824 1401
f 3824 610 1401
f 3824 1400 610
f 1623 1400 3824
f 1623 611 1400
f 642 3825 3170
f 642 1402 3825
f 3170 3171 640
f 3170 3825 3171
f 3825 644 3171
f 3825 1624 644
f 1402 1624 3825
f 1402 643 1624
f 614 3826 2459
f 614 2460 3826
f 2459 1402 642
f 2459 3826 1402
f 3826 643 1402
f 3826 1625 643
f 2460 1625 3826
f 2460 645 1625
f 613 3827 2185
f 613 2186 3827
f 2185 2460 614
f 2185 3827 2460
f 3827 645 2460
f 3827 2699 645
f 2186 2699 3827
f 2186 615 2699
f 646 3828 2462
f 646 2461 3828
f 2462 2968 649
f 2462 3828 2968
f 3828 648 2968
f 3828 2700 648
f 2461 2700 3828
f 2461 647 2700
f 646 3829 2461
f 646 1691 3829
f 2461 1467 647
f 2461 3829 1467
f 3829 618 1467
f 3829 1465 618
f 1691 1465 3829
f 1691 619 1465
f 650 3830 2701
f 650 1468 3830
f 2701 2700 647
f 2701 3830 2700
f 3830 648 2700
f 3830 2969 648
f 1468 2969 3830
f 1468 651 2969
f 621 3831 1466
f 621 2251 3831
f 1466 1467 618
f 1466 3831 1467
f 3831 647 1467
f 3831 2701 647
f 2251 2701 3831
f 2251 650 2701
f 652 3832 1534
f 652 1944 3832
f 1534 1533 626
f 1534 3832 1533
f 3832 651 1533
f 3832 1692 651
f 1944 1692 3832
f 1944 653 1692
f 652 3833 1945
f 652 2322 3833
f 1945 2528 655
f 1945 3833 2528
f 3833 654 2528
f 3833 2323 654
f 2322 2323 3833
f 2322 629 2323
f 652 3834 2322
f 652 1534 3834
f 2322 1258 629
f 2322 3834 1258
f 3834 625 1258
f 3834 1256 625
f 1534 1256 3834
f 1534 626 1256
f 654 3835 2528
f 654 2529 3835
f 2528 2766 655
f 2528 3835 2766
f 3835 657 2766
f 3835 3034 657
f 2529 3034 3835
f 2529 656 3034
f 654 3836 2529
f 654 2530 3836
f 2529 3035 656
f 2529 3836 3035
f 3836 659 3035
f 3836 1535 659
f 2530 1535 3836
f 2530 658 1535
f 654 3837 2530
f 654 2323 3837
f 2530 1999 658
f 2530 3837 1999
f 3837 628 1999
f 3837 1997 628
f 2323 1997 3837
f 2323 629 1997
f 660 3838 1536
f 660 2000 3838
f 1536 1535 658
f 1536 3838 1535
f 3838 659 1535
f 3838 1755 659
f 2000 1755 3838
f 2000 661 1755
f 631 3839 1998
f 631 2831 3839
f 1998 1999 628
f 1998 3839 1999
f 3839 658 1999
f 3839 1536 658
f 2831 1536 3839
f 2831 660 1536
f 662 3840 2603
f 662 2602 3840
f 2603 3104 665
f 2603 3840 3104
f 3840 664 3104
f 3840 2832 664
f 2602 2832 3840
f 2602 663 2832
f 635 3841 1813
f 635 1597 3841
f 1813 2602 662
f 1813 3841 2602
f 3841 663 2602
f 3841 1599 663
f 1597 1599 3841
f 1597 634 1599
f 666 3842 1601
f 666 1600 3842
f 1601 2072 669
f 1601 3842 2072
f 3842 668 2072
f 3842 1814 668
f 1600 1814 3842
f 1600 667 1814
f 639 3843 2897
f 639 2666 3843
f 2897 1600 666
f 2897 3843 1600
f 3843 667 1600
f 3843 2668 667
f 2666 2668 3843
f 2666 638 2668
f 667 3844 1814
f 667 1815 3844
f 1814 2073 668
f 1814 3844 2073
f 3844 671 2073
f 3844 2669 671
f 1815 2669 3844
f 1815 670 2669
f 667 3845 1815
f 667 2668 3845
f 1815 1129 670
f 1815 3845 1129
f 3845 641 1129
f 3845 2667 641
f 2668 2667 3845
f 2668 638 2667
f 670 3846 2669
f 670 2670 3846
f 2669 2898 671
f 2669 3846 2898
f 3846 673 2898
f 3846 3172 673
f 2670 3172 3846
f 2670 672 3172
f 641 3847 1129
f 641 1130 3847
f 1129 2670 670
f 1129 3847 2670
f 3847 672 2670
f 3847 3173 672
f 1130 3173 3847
f 1130 674 3173
f 640 3848 3169
f 640 3171 3848
f 3169 1130 641
f 3169 3848 1130
f 3848 674 1130
f 3848 1877 674
f 3171 1877 3848
f 3171 644 1877
f 675 3849 1628
f 675 1627 3849
f 1628 2188 678
f 1628 3849 2188
f 3849 677 2188
f 3849 1878 677
f 1627 1878 3849
f 1627 676 1878
f 675 3850 1627
f 675 1200 3850
f 1627 2970 676
f 1627 3850 2970
f 3850 648 2970
f 3850 2968 648
f 1200 2968 3850
f 1200 649 2968
f 653 3851 2252
f 653 2253 3851
f 2252 1878 676
f 2252 3851 1878
f 3851 677 1878
f 3851 2189 677
f 2253 2189 3851
f 2253 679 2189
f 679 3852 2189
f 679 2702 3852
f 2189 2190 677
f 2189 3852 2190
f 3852 681 2190
f 3852 2971 681
f 2702 2971 3852
f 2702 680 2971
f 682 3853 1260
f 682 1469 3853
f 1260 1259 657
f 1260 3853 1259
f 3853 680 1259
f 3853 2972 680
f 1469 2972 3853
f 1469 683 2972
f 682 3854 1471
f 682 1470 3854
f 1471 2254 686
f 1471 3854 2254
f 3854 685 2254
f 3854 1946 685
f 1470 1946 3854
f 1470 684 1946
f 682 3855 1470
f 682 1260 3855
f 1470 3036 684
f 1470 3855 3036
f 3855 656 3036
f 3855 3034 656
f 1260 3034 3855
f 1260 657 3034
f 684 3856 1946
f 684 1947 3856
f 1946 2255 685
f 1946 3856 2255
f 3856 688 2255
f 3856 2768 688
f 1947 2768 3856
f 1947 687 2768
f 684 3857 1947
f 684 3036 3857
f 1947 1756 687
f 1947 3857 1756
f 3857 659 1756
f 3857 3035 659
f 3036 3035 3857
f 3036 656 3035
f 689 3858 2769
f 689 1261 3858
f 2769 2768 687
f 2769 3858 2768
f 3858 688 2768
f 3858 3037 688
f 1261 3037 3858
f 1261 690 3037
f 661 3859 1755
f 661 2325 3859
f 1755 1756 659
f 1755 3859 1756
f 3859 687 1756
f 3859 2769 687
f 2325 2769 3859
f 2325 689 2769
f 691 3860 1758
f 691 1757 3860
f 1758 2326 694
f 1758 3860 2326
f 3860 693 2326
f 3860 2002 693
f 1757 2002 3860
f 1757 692 2002
f 665 3861 1325
f 665 3104 3861
f 1325 1757 691
f 1325 3861 1757
f 3861 692 1757
f 3861 3106 692
f 3104 3106 3861
f 3104 664 3106
f 695 3862 2835
f 695 2834 3862
f 2835 1326 698
f 2835 3862 1326
f 3862 697 1326
f 3862 3107 697
f 2834 3107 3862
f 2834 696 3107
f 669 3863 2389
f 669 2072 3863
f 2389 2834 695
f 2389 3863 2834
f 3863 696 2834
f 3863 2074 696
f 2072 2074 3863
f 2072 668 2074
f 696 3864 3107
f 696 3108 3864
f 3107 1327 697
f 3107 3864 1327
f 3864 700 1327
f 3864 1816 700
f 3108 1816 3864
f 3108 699 1816
f 696 3865 3108
f 696 2074 3865
f 3108 2899 699
f 3108 3865 2899
f 3865 671 2899
f 3865 2073 671
f 2074 2073 3865
f 2074 668 2073
f 699 3866 1816
f 699 1817 3866
f 1816 2075 700
f 1816 3866 2075
f 3866 702 2075
f 3866 2390 702
f 1817 2390 3866
f 1817 701 2390
f 671 3867 2899
f 671 2898 3867
f 2899 1817 699
f 2899 3867 1817
f 3867 701 1817
f 3867 1131 701
f 2898 1131 3867
f 2898 673 1131
f 703 3868 2900
f 703 1201 3868
f 2900 3175 705
f 2900 3868 3175
f 3868 704 3175
f 3868 1202 704
f 1201 1202 3868
f 1201 681 1202
f 703 3869 1201
f 703 2463 3869
f 1201 2190 681
f 1201 3869 2190
f 3869 677 2190
f 3869 2188 677
f 2463 2188 3869
f 2463 678 2188
f 683 3870 1693
f 683 1694 3870
f 1693 3176 704
f 1693 3870 3176
f 3870 707 3176
f 3870 1404 707
f 1694 1404 3870
f 1694 706 1404
f 706 3871 1404
f 706 1405 3871
f 1404 1629 707
f 1404 3871 1629
f 3871 709 1629
f 3871 1879 709
f 1405 1879 3871
f 1405 708 1879
f 710 3872 2465
f 710 2464 3872
f 2465 1881 712
f 2465 3872 1881
f 3872 708 1881
f 3872 1880 708
f 2464 1880 3872
f 2464 711 1880
f 712 3873 2465
f 712 2973 3873
f 2465 2466 710
f 2465 3873 2466
f 3873 714 2466
f 3873 1203 714
f 2973 1203 3873
f 2973 713 1203
f 712 3874 2973
f 712 2532 3874
f 2973 2256 713
f 2973 3874 2256
f 3874 685 2256
f 3874 2254 685
f 2532 2254 3874
f 2532 686 2254
f 713 3875 1203
f 713 1204 3875
f 1203 1472 714
f 1203 3875 1472
f 3875 716 1472
f 3875 1695 716
f 1204 1695 3875
f 1204 715 1695
f 713 3876 1204
f 713 2256 3876
f 1204 3038 715
f 1204 3876 3038
f 3876 688 3038
f 3876 2255 688
f 2256 2255 3876
f 2256 685 2255
f 717 3877 1696
f 717 2257 3877
f 715 3877 1695
f 715 1696 3877
f 716 3877 1948
f 716 1695 3877
f 720 3877 2770
f 720 1948 3877
f 719 3877 2533
f 719 2770 3877
f 718 3877 2257
f 718 2533 3877
f 694 3878 1537
f 694 2604 3878
f 690 3878 3037
f 690 1537 3878
f 688 3878 3038
f 688 3037 3878
f 715 3878 1696
f 715 3038 3878
f 717 3878 2257
f 717 1696 3878
f 718 3878 2604
f 718 2257 3878
f 718 3879 2533
f 718 2534 3879
f 2533 2771 719
f 2533 3879 2771
f 3879 722 2771
f 3879 1263 722
f 2534 1263 3879
f 2534 721 1263
f 694 3880 2604
f 694 2326 3880
f 2604 2534 718
f 2604 3880 2534
f 3880 721 2534
f 3880 2328 721
f 2326 2328 3880
f 2326 693 2328
f 723 3881 1760
f 723 1759 3881
f 1760 2329 726
f 1760 3881 2329
f 3881 725 2329
f 3881 2004 725
f 1759 2004 3881
f 1759 724 2004
f 698 3882 1602
f 698 1326 3882
f 1602 1759 723
f 1602 3882 1759
f 3882 724 1759
f 3882 1328 724
f 1326 1328 3882
f 1326 697 1328
f 724 3883 2004
f 724 2005 3883
f 2004 2330 725
f 2004 3883 2330
f 3883 728 2330
f 3883 2836 728
f 2005 2836 3883
f 2005 727 2836
f 724 3884 2005
f 724 1328 3884
f 2005 2076 727
f 2005 3884 2076
f 3884 700 2076
f 3884 1327 700
f 1328 1327 3884
f 1328 697 1327
f 727 3885 2836
f 727 2837 3885
f 2836 3109 728
f 2836 3885 3109
f 3885 730 3109
f 3885 1329 730
f 2837 1329 3885
f 2837 729 1329
f 700 3886 2076
f 700 2075 3886
f 2076 2837 727
f 2076 3886 2837
f 3886 729 2837
f 3886 2671 729
f 2075 2671 3886
f 2075 702 2671
f 731 3887 1818
f 731 1630 3887
f 1818 2191 732
f 1818 3887 2191
f 3887 709 2191
f 3887 1629 709
f 1630 1629 3887
f 1630 707 1629
f 731 3888 1630
f 731 1133 3888
f 1630 3176 707
f 1630 3888 3176
f 3888 704 3176
f 3888 3175 704
f 1133 3175 3888
f 1133 705 3175
f 709 3889 2191
f 709 2192 3889
f 2191 2077 732
f 2191 3889 2077
f 3889 734 2077
f 3889 2392 734
f 2192 2392 3889
f 2192 733 2392
f 711 3890 2703
f 711 2704 3890
f 2703 2393 733
f 2703 3890 2393
f 3890 736 2393
f 3890 2901 736
f 2704 2901 3890
f 2704 735 2901
f 735 3891 2901
f 735 2902 3891
f 2901 3177 736
f 2901 3891 3177
f 3891 738 3177
f 3891 1134 738
f 2902 1134 3891
f 2902 737 1134
f 739 3892 1632
f 739 1631 3892
f 1632 2193 742
f 1632 3892 2193
f 3892 741 2193
f 3892 1882 741
f 1631 1882 3892
f 1631 740 1882
f 739 3893 1631
f 739 2467 3893
f 1631 1473 740
f 1631 3893 1473
f 3893 714 1473
f 3893 2466 714
f 2467 2466 3893
f 2467 710 2466
f 740 3894 1882
f 740 1883 3894
f 1882 2194 741
f 1882 3894 2194
f 3894 744 2194
f 3894 2705 744
f 1883 2705 3894
f 1883 743 2705
f 740 3895 1883
f 740 1473 3895
f 1883 1949 743
f 1883 3895 1949
f 3895 716 1949
f 3895 1472 716
f 1473 1472 3895
f 1473 714 1472
f 745 3896 2706
f 745 1205 3896
f 743 3896 2705
f 743 2706 3896
f 744 3896 2974
f 744 2705 3896
f 748 3896 1697
f 748 2974 3896
f 747 3896 1474
f 747 1697 3896
f 746 3896 1205
f 746 1474 3896
f 720 3897 1948
f 720 2770 3897
f 716 3897 1949
f 716 1948 3897
f 743 3897 2706
f 743 1949 3897
f 745 3897 1205
f 745 2706 3897
f 746 3897 2772
f 746 1205 3897
f 719 3897 2770
f 719 2772 3897
f 746 3898 1474
f 746 1475 3898
f 1474 1698 747
f 1474 3898 1698
f 3898 750 1698
f 3898 2258 750
f 1475 2258 3898
f 1475 749 2258
f 719 3899 2772
f 719 2771 3899
f 2772 1475 746
f 2772 3899 1475
f 3899 749 1475
f 3899 1539 749
f 2771 1539 3899
f 2771 722 1539
f 751 3900 2774
f 751 2773 3900
f 2774 1265 754
f 2774 3900 1265
f 3900 753 1265
f 3900 3039 753
f 2773 3039 3900
f 2773 752 3039
f 726 3901 2605
f 726 2329 3901
f 2605 2773 751
f 2605 3901 2773
f 3901 752 2773
f 3901 2331 752
f 2329 2331 3901
f 2329 725 2331
f 752 3902 3039
f 752 3040 3902
f 3039 1266 753
f 3039 3902 1266
f 3902 756 1266
f 3902 1761 756
f 3040 1761 3902
f 3040 755 1761
f 752 3903 3040
f 752 2331 3903
f 3040 3110 755
f 3040 3903 3110
f 3903 728 3110
f 3903 2330 728
f 2331 2330 3903
f 2331 725 2330
f 755 3904 1761
f 755 1762 3904
f 1761 2006 756
f 1761 3904 2006
f 3904 758 2006
f 3904 2332 758
f 1762 2332 3904
f 1762 757 2332
f 728 3905 3110
f 728 3109 3905
f 3110 1762 755
f 3110 3905 1762
f 3905 757 1762
f 3905 1604 757
f 3109 1604 3905
f 3109 730 1604
f 759 3906 2838
f 759 3178 3906
f 2838 1406 760
f 2838 3906 1406
f 3906 738 1406
f 3906 3177 738
f 3178 3177 3906
f 3178 736 3177
f 759 3907 3178
f 759 2673 3907
f 3178 2393 736
f 3178 3907 2393
f 3907 733 2393
f 3907 2392 733
f 2673 2392 3907
f 2673 734 2392
f 738 3908 1406
f 738 1407 3908
f 1406 3111 760
f 1406 3908 3111
f 3908 762 3111
f 3908 1331 762
f 1407 1331 3908
f 1407 761 1331
f 737 3909 1134
f 737 1135 3909
f 1134 1407 738
f 1134 3909 1407
f 3909 761 1407
f 3909 1332 761
f 1135 1332 3909
f 1135 763 1332
f 763 3910 1332
f 763 1819 3910
f 1332 1333 761
f 1332 3910 1333
f 3910 765 1333
f 3910 2078 765
f 1819 2078 3910
f 1819 764 2078
f 766 3911 2656
f 766 2674 3911
f 2656 3156 769
f 2656 3911 3156
f 3911 768 3156
f 3911 2904 768
f 2674 2904 3911
f 2674 767 2904
f 766 3912 2674
f 766 2468 3912
f 2674 2195 767
f 2674 3912 2195
f 3912 741 2195
f 3912 2193 741
f 2468 2193 3912
f 2468 742 2193
f 767 3913 2904
f 767 2905 3913
f 2904 3157 768
f 2904 3913 3157
f 3913 771 3157
f 3913 1387 771
f 2905 1387 3913
f 2905 770 1387
f 767 3914 2905
f 767 2195 3914
f 2905 2956 770
f 2905 3914 2956
f 3914 744 2956
f 3914 2194 744
f 2195 2194 3914
f 2195 741 2194
f 772 3915 1388
f 772 1864 3915
f 770 3915 1387
f 770 1388 3915
f 771 3915 1633
f 771 1387 3915
f 775 3915 2447
f 775 1633 3915
f 774 3915 2196
f 774 2447 3915
f 773 3915 1864
f 773 2196 3915
f 748 3916 2974
f 748 1697 3916
f 744 3916 2956
f 744 2974 3916
f 770 3916 1388
f 770 2956 3916
f 772 3916 1864
f 772 1388 3916
f 773 3916 1699
f 773 1864 3916
f 747 3916 1697
f 747 1699 3916
f 773 3917 2196
f 773 2197 3917
f 2196 2448 774
f 2196 3917 2448
f 3917 777 2448
f 3917 2957 777
f 2197 2957 3917
f 2197 776 2957
f 747 3918 1699
f 747 1698 3918
f 1699 2197 773
f 1699 3918 2197
f 3918 776 2197
f 3918 2514 776
f 1698 2514 3918
f 1698 750 2514
f 778 3919 1453
f 778 1452 3919
f 1453 1932 781
f 1453 3919 1932
f 3919 780 1932
f 3919 1700 780
f 1452 1700 3919
f 1452 779 1700
f 754 3920 1518
f 754 1265 3920
f 1518 1452 778
f 1518 3920 1452
f 3920 779 1452
f 3920 1267 779
f 1265 1267 3920
f 1265 753 1267
f 779 3921 1700
f 779 1701 3921
f 1700 1933 780
f 1700 3921 1933
f 3921 783 1933
f 3921 2515 783
f 1701 2515 3921
f 1701 782 2515
f 779 3922 1701
f 779 1267 3922
f 1701 1986 782
f 1701 3922 1986
f 3922 756 1986
f 3922 1266 756
f 1267 1266 3922
f 1267 753 1266
f 782 3923 2515
f 782 2516 3923
f 2515 2775 783
f 2515 3923 2775
f 3923 785 2775
f 3923 3021 785
f 2516 3021 3923
f 2516 784 3021
f 756 3924 1986
f 756 2006 3924
f 1986 2516 782
f 1986 3924 2516
f 3924 784 2516
f 3924 2589 784
f 2006 2589 3924
f 2006 758 2589
f 786 3925 1519
f 786 1268 3925
f 1519 1763 788
f 1519 3925 1763
f 3925 787 1763
f 3925 1269 787
f 1268 1269 3925
f 1268 785 1269
f 787 3926 1763
f 787 2394 3926
f 1763 1987 788
f 1763 3926 1987
f 3926 789 1987
f 3926 2395 789
f 2394 2395 3926
f 2394 765 2395
f 787 3927 2394
f 787 1584 3927
f 2394 1333 765
f 2394 3927 1333
f 3927 761 1333
f 3927 1331 761
f 1584 1331 3927
f 1584 762 1331
f 789 3928 1987
f 789 2334 3928
f 1987 1988 788
f 1987 3928 1988
f 3928 791 1988
f 3928 2590 791
f 2334 2590 3928
f 2334 790 2590
f 792 3929 2335
f 792 3091 3929
f 2335 2334 789
f 2335 3929 2334
f 3929 790 2334
f 3929 2591 790
f 3091 2591 3929
f 3091 793 2591
f 764 3930 2078
f 764 2060 3930
f 2078 2395 765
f 2078 3930 2395
f 3930 789 2395
f 3930 2335 789
f 2060 2335 3930
f 2060 792 2335
f 794 3931 1586
f 794 1585 3931
f 1586 2061 797
f 1586 3931 2061
f 3931 796 2061
f 3931 1821 796
f 1585 1821 3931
f 1585 795 1821
f 794 3932 1585
f 794 1136 3932
f 1585 3158 795
f 1585 3932 3158
f 3932 768 3158
f 3932 3156 768
f 1136 3156 3932
f 1136 769 3156
f 795 3933 1821
f 795 1822 3933
f 1821 2062 796
f 1821 3933 2062
f 3933 799 2062
f 3933 2657 799
f 1822 2657 3933
f 1822 798 2657
f 795 3934 1822
f 795 3158 3934
f 1822 1634 798
f 1822 3934 1634
f 3934 771 1634
f 3934 3157 771
f 3158 3157 3934
f 3158 768 3157
f 800 3935 2658
f 800 3159 3935
f 798 3935 2657
f 798 2658 3935
f 799 3935 2906
f 799 2657 3935
f 803 3935 1389
f 803 2906 3935
f 802 3935 1137
f 802 1389 3935
f 801 3935 3159
f 801 1137 3935
f 775 3936 1633
f 775 2447 3936
f 771 3936 1634
f 771 1633 3936
f 798 3936 2658
f 798 1634 3936
f 800 3936 3159
f 800 2658 3936
f 801 3936 2449
f 801 3159 3936
f 774 3936 2447
f 774 2449 3936
f 801 3937 1137
f 801 1138 3937
f 1137 1390 802
f 1137 3937 1390
f 3937 805 1390
f 3937 1865 805
f 1138 1865 3937
f 1138 804 1865
f 774 3938 2449
f 774 2448 3938
f 2449 1138 801
f 2449 3938 1138
f 3938 804 1138
f 3938 1207 804
f 2448 1207 3938
f 2448 777 1207
f 806 3939 2451
f 806 2450 3939
f 2451 2959 809
f 2451 3939 2959
f 3939 808 2959
f 3939 2707 808
f 2450 2707 3939
f 2450 807 2707
f 781 3940 2260
f 781 1932 3940
f 2260 2450 806
f 2260 3940 2450
f 3940 807 2450
f 3940 1934 807
f 1932 1934 3940
f 1932 780 1934
f 807 3941 2707
f 807 2708 3941
f 2707 2960 808
f 2707 3941 2960
f 3941 811 2960
f 3941 1454 811
f 2708 1454 3941
f 2708 810 1454
f 807 3942 2708
f 807 1934 3942
f 2708 2776 810
f 2708 3942 2776
f 3942 783 2776
f 3942 1933 783
f 1934 1933 3942
f 1934 780 1933
f 810 3943 1454
f 810 1521 3943
f 1454 1702 811
f 1454 3943 1702
f 3943 812 1702
f 3943 1522 812
f 1521 1522 3943
f 1521 786 1522
f 811 3944 3160
f 811 1702 3944
f 3160 3161 576
f 3160 3944 3161
f 3944 813 3161
f 3944 1935 813
f 1702 1935 3944
f 1702 812 1935
f 814 3945 2517
f 814 2261 3945
f 2517 2777 816
f 2517 3945 2777
f 3945 815 2777
f 3945 2262 815
f 2261 2262 3945
f 2261 813 2262
f 815 3946 2777
f 815 2778 3946
f 2777 3022 816
f 2777 3946 3022
f 3946 818 3022
f 3946 1270 818
f 2778 1270 3946
f 2778 817 1270
f 815 3947 2778
f 815 2840 3947
f 2778 2592 817
f 2778 3947 2592
f 3947 790 2592
f 3947 2590 790
f 2840 2590 3947
f 2840 791 2590
f 819 3948 1523
f 819 1764 3948
f 1523 1524 818
f 1523 3948 1524
f 3948 821 1524
f 3948 1989 821
f 1764 1989 3948
f 1764 820 1989
f 822 3949 2397
f 822 2593 3949
f 2397 1334 797
f 2397 3949 1334
f 3949 793 1334
f 3949 1335 793
f 2593 1335 3949
f 2593 823 1335
f 822 3950 2594
f 822 2397 3950
f 2594 2063 824
f 2594 3950 2063
f 3950 796 2063
f 3950 2061 796
f 2397 2061 3950
f 2397 797 2061
f 824 3951 3093
f 824 2063 3951
f 3093 2908 825
f 3093 3951 2908
f 3951 799 2908
f 3951 2062 799
f 2063 2062 3951
f 2063 796 2062
f 803 3952 2906
f 803 1389 3952
f 799 3952 2908
f 799 2906 3952
f 825 3952 1336
f 825 2908 3952
f 826 3952 1391
f 826 1336 3952
f 802 3952 1389
f 802 1391 3952
f 802 3953 1391
f 802 1390 3953
f 1391 1587 826
f 1391 3953 1587
f 3953 827 1587
f 3953 2199 827
f 1390 2199 3953
f 1390 805 2199
f 809 3954 1208
f 809 2959 3954
f 1208 2909 828
f 1208 3954 2909
f 3954 575 2909
f 3954 2907 575
f 2959 2907 3954
f 2959 808 2907
f 573 3955 2382
f 573 2396 3955
f 574 3955 2659
f 574 2382 3955
f 830 3955 2398
f 830 2659 3955
f 829 3955 2518
f 829 2398 3955
f 814 3955 2396
f 814 2518 3955
f 811 3956 2960
f 811 3160 3956
f 2960 2907 808
f 2960 3956 2907
f 3956 575 2907
f 3956 2891 575
f 3160 2891 3956
f 3160 576 2891
f 831 3957 2709
f 831 3217 3957
f 2709 2779 835
f 2709 3957 2779
f 3957 834 2779
f 3957 2519 834
f 3217 2519 3957
f 3217 833 2519
f 831 3958 3213
f 831 2709 3958
f 3213 1703 832
f 3213 3958 1703
f 3958 836 1703
f 3958 3023 836
f 2709 3023 3958
f 2709 835 3023
f 840 3959 2780
f 840 1392 3959
f 2780 2779 834
f 2780 3959 2779
f 3959 835 2779
f 3959 3024 835
f 1392 3024 3959
f 1392 841 3024
f 840 3960 1393
f 840 2780 3960
f 1393 1867 843
f 1393 3960 1867
f 3960 842 1867
f 3960 2781 842
f 2780 2781 3960
f 2780 834 2781
f 840 3961 1394
f 840 1393 3961
f 1394 2452 845
f 1394 3961 2452
f 3961 844 2452
f 3961 2200 844
f 1393 2200 3961
f 1393 843 2200
f 840 3962 1395
f 840 1394 3962
f 1395 2961 847
f 1395 3962 2961
f 3962 846 2961
f 3962 2710 846
f 1394 2710 3962
f 1394 845 2710
f 840 3963 1392
f 840 1395 3963
f 1392 1635 841
f 1392 3963 1635
f 3963 848 1635
f 3963 1209 848
f 1395 1209 3963
f 1395 847 1209
f 848 3964 1635
f 848 1477 3964
f 1635 1667 841
f 1635 3964 1667
f 3964 851 1667
f 3964 1797 851
f 1477 1797 3964
f 1477 850 1797
f 851 3965 1667
f 851 1272 3965
f 1667 3024 841
f 1667 3965 3024
f 3965 835 3024
f 3965 3023 835
f 1272 3023 3965
f 1272 836 3023
f 844 3966 2403
f 844 2200 3966
f 2403 2263 853
f 2403 3966 2263
f 3966 852 2263
f 3966 2126 852
f 2200 2126 3966
f 2200 843 2126
f 852 3967 2265
f 852 2264 3967
f 855 3967 2810
f 855 2265 3967
f 854 3967 2264
f 854 2810 3967
f 852 3968 2264
f 852 2126 3968
f 2264 1916 854
f 2264 3968 1916
f 3968 842 1916
f 3968 1867 842
f 2126 1867 3968
f 2126 843 1867
f 852 3969 2263
f 852 2265 3969
f 2263 2539 853
f 2263 3969 2539
f 3969 856 2539
f 3969 3076 856
f 2265 3076 3969
f 2265 855 3076
f 854 3970 2810
f 854 2114 3970
f 2810 2611 855
f 2810 3970 2611
f 3970 838 2611
f 3970 2065 838
f 2114 2065 3970
f 2114 1070 2065
f 854 3971 2114
f 854 1916 3971
f 2114 2064 1070
f 2114 3971 2064
f 3971 837 2064
f 3971 2399 837
f 1916 2399 3971
f 1916 842 2399
f 842 3972 2399
f 842 2781 3972
f 2399 2520 837
f 2399 3972 2520
f 3972 833 2520
f 3972 2519 833
f 2781 2519 3972
f 2781 834 2519
f 857 3973 2675
f 857 2613 3973
f 2675 2710 845
f 2675 3973 2710
f 3973 846 2710
f 3973 2946 846
f 2613 2946 3973
f 2613 858 2946
f 859 3974 3144
f 859 2614 3974
f 3144 1140 861
f 3144 3974 1140
f 3974 860 1140
f 3974 2615 860
f 2614 2615 3974
f 2614 857 2615
f 857 3975 2613
f 857 2614 3975
f 2613 2874 858
f 2613 3975 2874
f 3975 862 2874
f 3975 3145 862
f 2614 3145 3975
f 2614 859 3145
f 857 3976 2615
f 857 2616 3976
f 2615 1141 860
f 2615 3976 1141
f 3976 864 1141
f 3976 1917 864
f 2616 1917 3976
f 2616 863 1917
f 868 3977 1274
f 868 1273 3977
f 1274 1798 871
f 1274 3977 1798
f 3977 870 1798
f 3977 1544 870
f 1273 1544 3977
f 1273 869 1544
f 865 3978 1478
f 865 1479 3978
f 1478 1734 866
f 1478 3978 1734
f 3978 872 1734
f 3978 3014 872
f 1479 3014 3978
f 1479 867 3014
f 873 3979 2540
f 873 1337 3979
f 2540 1608 874
f 2540 3979 1608
f 3979 826 1608
f 3979 1336 826
f 1337 1336 3979
f 1337 825 1336
f 873 3980 2542
f 873 2541 3980
f 2542 1338 877
f 2542 3980 1338
f 3980 876 1338
f 3980 3077 876
f 2541 3077 3980
f 2541 875 3077
f 873 3981 1337
f 873 2542 3981
f 1337 3093 825
f 1337 3981 3093
f 3981 824 3093
f 3981 3078 824
f 2542 3078 3981
f 2542 877 3078
f 873 3982 2541
f 873 2543 3982
f 2541 3079 875
f 2541 3982 3079
f 3982 879 3079
f 3982 1852 879
f 2543 1852 3982
f 2543 878 1852
f 873 3983 2543
f 873 2540 3983
f 2543 1853 878
f 2543 3983 1853
f 3983 880 1853
f 3983 2811 880
f 2540 2811 3983
f 2540 874 2811
f 881 3984 2618
f 881 2617 3984
f 2618 3146 884
f 2618 3984 3146
f 3984 883 3146
f 3984 2875 883
f 2617 2875 3984
f 2617 882 2875
f 881 3985 2617
f 881 2619 3985
f 2617 2876 882
f 2617 3985 2876
f 3985 886 2876
f 3985 1412 886
f 2619 1412 3985
f 2619 885 1412
f 887 3986 2620
f 887 1918 3986
f 2620 2619 881
f 2620 3986 2619
f 3986 885 2619
f 3986 1413 885
f 1918 1413 3986
f 1918 888 1413
f 881 3987 2620
f 881 2621 3987
f 2620 1919 887
f 2620 3987 1919
f 3987 890 1919
f 3987 2406 890
f 2621 2406 3987
f 2621 889 2406
f 881 3988 2621
f 881 2618 3988
f 2621 3147 889
f 2621 3988 3147
f 3988 512 3147
f 3988 3049 512
f 2618 3049 3988
f 2618 884 3049
f 891 3989 3015
f 891 2115 3989
f 3015 3065 176
f 3015 3989 3065
f 3989 177 3065
f 3989 1275 177
f 2115 1275 3989
f 2115 879 1275
f 891 3990 2947
f 891 2471 3990
f 2947 1414 892
f 2947 3990 1414
f 3990 514 1414
f 3990 2474 514
f 2471 2474 3990
f 2471 14 2474
f 891 3991 2471
f 891 3015 3991
f 2471 2502 14
f 2471 3991 2502
f 3991 15 2502
f 3991 2791 15
f 3015 2791 3991
f 3015 176 2791
f 893 3992 1210
f 893 1480 3992
f 1210 1211 892
f 1210 3992 1211
f 3992 895 1211
f 3992 1735 895
f 1480 1735 3992
f 1480 894 1735
f 896 3993 2205
f 896 2204 3993
f 2205 2744 899
f 2205 3993 2744
f 3993 898 2744
f 3993 2473 898
f 2204 2473 3993
f 2204 897 2473
f 896 3994 2043
f 896 2205 3994
f 2043 1993 532
f 2043 3994 1993
f 3994 534 1993
f 3994 2544 534
f 2205 2544 3994
f 2205 899 2544
f 900 3995 2045
f 900 2044 3995
f 2045 2545 903
f 2045 3995 2545
f 3995 902 2545
f 3995 2266 902
f 2044 2266 3995
f 2044 901 2266
f 904 3996 3081
f 904 3080 3996
f 3081 1609 907
f 3081 3996 1609
f 3996 906 1609
f 3996 1339 906
f 3080 1339 3996
f 3080 905 1339
f 908 3997 2118
f 908 2116 3997
f 2118 2622 911
f 2118 3997 2622
f 3997 910 2622
f 3997 2336 910
f 2116 2336 3997
f 2116 909 2336
f 912 3998 3149
f 912 3148 3998
f 3149 1415 915
f 3149 3998 1415
f 3998 914 1415
f 3998 1142 914
f 3148 1142 3998
f 3148 913 1142
f 916 3999 1921
f 916 1920 3999
f 1921 2407 919
f 1921 3999 2407
f 3999 918 2407
f 3999 2128 918
f 1920 2128 3999
f 1920 917 2128
f 916 4000 1920
f 916 1922 4000
f 1920 2129 917
f 1920 4000 2129
f 4000 921 2129
f 4000 2948 921
f 1922 2948 4000
f 1922 920 2948
f 916 4001 1923
f 916 1921 4001
f 1923 1481 923
f 1923 4001 1481
f 4001 922 1481
f 4001 2676 922
f 1921 2676 4001
f 1921 919 2676
f 922 4002 1481
f 922 1482 4002
f 1481 1736 923
f 1481 4002 1736
f 4002 925 1736
f 4002 1980 925
f 1482 1980 4002
f 1482 924 1980
f 922 4003 1482
f 922 1483 4003
f 1482 1981 924
f 1482 4003 1981
f 4003 927 1981
f 4003 2475 927
f 1483 2475 4003
f 1483 926 2475
f 922 4004 1483
f 922 2676 4004
f 1483 2476 926
f 1483 4004 2476
f 4004 928 2476
f 4004 2677 928
f 2676 2677 4004
f 2676 919 2677
f 928 4005 2476
f 928 3016 4005
f 2476 2477 926
f 2476 4005 2477
f 4005 930 2477
f 4005 1277 930
f 3016 1277 4005
f 3016 929 1277
f 928 4006 3016
f 928 3017 4006
f 3016 1278 929
f 3016 4006 1278
f 4006 932 1278
f 4006 1801 932
f 3017 1801 4006
f 3017 931 1801
f 928 4007 3017
f 928 2677 4007
f 3017 2408 931
f 3017 4007 2408
f 4007 918 2408
f 4007 2407 918
f 2677 2407 4007
f 2677 919 2407
f 931 4008 1801
f 931 1802 4008
f 1801 2048 932
f 1801 4008 2048
f 4008 934 2048
f 4008 2269 934
f 1802 2269 4008
f 1802 933 2269
f 931 4009 1802
f 931 2408 4009
f 1802 2270 933
f 1802 4009 2270
f 4009 935 2270
f 4009 2409 935
f 2408 2409 4009
f 2408 918 2409
f 935 4010 2812
f 935 2409 4010
f 2812 2130 936
f 2812 4010 2130
f 4010 917 2130
f 4010 2128 917
f 2409 2128 4010
f 2409 918 2128
f 935 4011 2270
f 935 2813 4011
f 2270 2271 933
f 2270 4011 2271
f 4011 938 2271
f 4011 1341 938
f 2813 1341 4011
f 2813 937 1341
f 935 4012 2813
f 935 2812 4012
f 2813 1342 937
f 2813 4012 1342
f 4012 939 1342
f 4012 3083 939
f 2812 3083 4012
f 2812 936 3083
f 939 4013 1855
f 939 3083 4013
f 1855 2120 941
f 1855 4013 2120
f 4013 940 2120
f 4013 3084 940
f 3083 3084 4013
f 3083 936 3084
f 939 4014 1342
f 939 1668 4014
f 1342 1343 937
f 1342 4014 1343
f 4014 942 1343
f 4014 1669 942
f 1668 1669 4014
f 1668 862 1669
f 939 4015 1668
f 939 1855 4015
f 1668 2874 862
f 1668 4015 2874
f 4015 858 2874
f 4015 2879 858
f 1855 2879 4015
f 1855 941 2879
f 942 4016 1343
f 942 2623 4016
f 1343 1341 937
f 1343 4016 1341
f 4016 938 1341
f 4016 1610 938
f 2623 1610 4016
f 2623 943 1610
f 942 4017 2623
f 942 2624 4017
f 2623 2880 943
f 2623 4017 2880
f 4017 945 2880
f 4017 3151 945
f 2624 3151 4017
f 2624 944 3151
f 942 4018 2624
f 942 1669 4018
f 2624 3150 944
f 2624 4018 3150
f 4018 859 3150
f 4018 3145 859
f 1669 3145 4018
f 1669 862 3145
f 946 4019 1416
f 946 1143 4019
f 1416 1670 948
f 1416 4019 1670
f 4019 947 1670
f 4019 1144 947
f 1143 1144 4019
f 1143 945 1144
f 888 4020 2131
f 888 2132 4020
f 2131 1670 947
f 2131 4020 1670
f 4020 948 1670
f 4020 1924 948
f 2132 1924 4020
f 2132 949 1924
f 949 4021 1924
f 949 2133 4021
f 1924 1925 948
f 1924 4021 1925
f 4021 951 1925
f 4021 2410 951
f 2133 2410 4021
f 2133 950 2410
f 952 4022 2950
f 952 2949 4022
f 2950 1485 955
f 2950 4022 1485
f 4022 954 1485
f 4022 1214 954
f 2949 1214 4022
f 2949 953 1214
f 952 4023 2949
f 952 1926 4023
f 2949 2678 953
f 2949 4023 2678
f 4023 890 2678
f 4023 1919 890
f 1926 1919 4023
f 1926 887 1919
f 953 4024 1214
f 953 1215 4024
f 1214 1486 954
f 1214 4024 1486
f 4024 957 1486
f 4024 1982 957
f 1215 1982 4024
f 1215 956 1982
f 188 4025 2122
f 188 1713 4025
f 2122 2478 959
f 2122 4025 2478
f 4025 958 2478
f 4025 1737 958
f 1713 1737 4025
f 1713 11 1737
f 182 4026 2548
f 182 2547 4026
f 2548 1280 962
f 2548 4026 1280
f 4026 961 1280
f 4026 3018 961
f 2547 3018 4026
f 2547 960 3018
f 182 4027 2547
f 182 2032 4027
f 2547 3019 960
f 2547 4027 3019
f 4027 963 3019
f 4027 2049 963
f 2032 2049 4027
f 2032 180 2049
f 180 4028 2049
f 180 1775 4028
f 2049 2337 963
f 2049 4028 2337
f 4028 880 2337
f 4028 1799 880
f 1775 1799 4028
f 1775 179 1799
f 179 4029 1799
f 179 1514 4029
f 1799 1853 880
f 1799 4029 1853
f 4029 878 1853
f 4029 1545 878
f 1514 1545 4029
f 1514 178 1545
f 178 4030 1545
f 178 1229 4030
f 1545 1852 878
f 1545 4030 1852
f 4030 879 1852
f 4030 1275 879
f 1229 1275 4030
f 1229 177 1275
f 963 4031 3019
f 963 1803 4031
f 3019 3020 960
f 3019 4031 3020
f 4031 965 3020
f 4031 2050 965
f 1803 2050 4031
f 1803 964 2050
f 963 4032 1803
f 963 2337 4032
f 1803 2814 964
f 1803 4032 2814
f 4032 874 2814
f 4032 2811 874
f 2337 2811 4032
f 2337 880 2811
f 964 4033 2050
f 964 1856 4033
f 2050 2338 965
f 2050 4033 2338
f 4033 909 2338
f 4033 1854 909
f 1856 1854 4033
f 1856 827 1854
f 964 4034 1856
f 964 2814 4034
f 1856 1587 827
f 1856 4034 1587
f 4034 826 1587
f 4034 1608 826
f 2814 1608 4034
f 2814 874 1608
f 827 4035 1854
f 827 1823 4035
f 1854 2336 909
f 1854 4035 2336
f 4035 910 2336
f 4035 2117 910
f 1823 2117 4035
f 1823 828 2117
f 575 4036 2877
f 575 2881 4036
f 2877 1339 905
f 2877 4036 1339
f 4036 906 1339
f 4036 1611 906
f 2881 1611 4036
f 2881 966 1611
f 574 4037 2663
f 574 2612 4037
f 2663 2881 575
f 2663 4037 2881
f 4037 966 2881
f 4037 1344 966
f 2612 1344 4037
f 2612 856 1344
f 966 4038 1611
f 966 2549 4038
f 1611 1612 906
f 1611 4038 1612
f 4038 968 1612
f 4038 2815 968
f 2549 2815 4038
f 2549 967 2815
f 966 4039 2549
f 966 1344 4039
f 2549 3086 967
f 2549 4039 3086
f 4039 855 3086
f 4039 3076 855
f 1344 3076 4039
f 1344 856 3076
f 839 4040 1146
f 839 1139 4040
f 1146 1345 970
f 1146 4040 1345
f 4040 969 1345
f 4040 2206 969
f 1139 2206 4040
f 1139 849 2206
f 972 4041 2679
f 972 1928 4041
f 2679 1739 973
f 2679 4041 1739
f 4041 923 1739
f 4041 1923 923
f 1928 1923 4041
f 1928 916 1923
f 972 4042 1928
f 972 2680 4042
f 1928 1922 916
f 1928 4042 1922
f 4042 920 1922
f 4042 2951 920
f 2680 2951 4042
f 2680 974 2951
f 974 4043 2951
f 974 1281 4043
f 2951 2047 920
f 2951 4043 2047
f 4043 851 2047
f 4043 1272 851
f 1281 1272 4043
f 1281 836 1272
f 851 4044 2047
f 851 1797 4044
f 2047 2948 920
f 2047 4044 2948
f 4044 921 2948
f 4044 1800 921
f 1797 1800 4044
f 1797 850 1800
f 850 4045 1800
f 850 1477 4045
f 1800 1212 921
f 1800 4045 1212
f 4045 940 1212
f 4045 1484 940
f 1477 1484 4045
f 1477 848 1484
f 848 4046 1484
f 848 1209 4046
f 1484 2120 940
f 1484 4046 2120
f 4046 941 2120
f 4046 1213 941
f 1209 1213 4046
f 1209 847 1213
f 847 4047 1213
f 847 2961 4047
f 1213 2879 941
f 1213 4047 2879
f 4047 858 2879
f 4047 2946 858
f 2961 2946 4047
f 2961 846 2946
f 973 4048 2952
f 973 1739 4048
f 975 4048 2207
f 975 2952 4048
f 1079 4048 3229
f 1079 2207 4048
f 925 4048 1736
f 925 3229 4048
f 923 4048 1739
f 923 1736 4048
f 975 4049 1740
f 975 2207 4049
f 1740 1984 976
f 1740 4049 1984
f 4049 1080 1984
f 4049 3234 1080
f 2207 3234 4049
f 2207 1079 3234
f 978 4050 3242
f 978 2746 4050
f 3242 2052 979
f 3242 4050 2052
f 4050 981 2052
f 4050 2747 981
f 2746 2747 4050
f 2746 927 2747
f 981 4051 2052
f 981 2550 4051
f 2052 2053 979
f 2052 4051 2053
f 4051 983 2053
f 4051 2816 983
f 2550 2816 4051
f 2550 982 2816
f 981 4052 2550
f 981 1548 4052
f 2550 2817 982
f 2550 4052 2817
f 4052 984 2817
f 4052 1549 984
f 1548 1549 4052
f 1548 930 1549
f 981 4053 1548
f 981 2747 4053
f 1548 2477 930
f 1548 4053 2477
f 4053 926 2477
f 4053 2475 926
f 2747 2475 4053
f 2747 927 2475
f 984 4054 2817
f 984 2481 4054
f 2817 1857 982
f 2817 4054 1857
f 4054 27 1857
f 4054 1833 27
f 2481 1833 4054
f 2481 206 1833
f 984 4055 2481
f 984 1348 4055
f 2481 2486 206
f 2481 4055 2486
f 4055 324 2486
f 4055 1929 324
f 1348 1929 4055
f 1348 985 1929
f 984 4056 1348
f 984 1549 4056
f 1348 1282 985
f 1348 4056 1282
f 4056 929 1282
f 4056 1277 929
f 1549 1277 4056
f 1549 930 1277
f 985 4057 1929
f 985 1613 4057
f 1929 1889 324
f 1929 4057 1889
f 4057 325 1889
f 4057 2135 325
f 1613 2135 4057
f 1613 986 2135
f 985 4058 1613
f 985 1282 4058
f 1613 2054 986
f 1613 4058 2054
f 4058 932 2054
f 4058 1278 932
f 1282 1278 4058
f 1282 929 1278
f 986 4059 2135
f 986 1858 4059
f 2135 2164 325
f 2135 4059 2164
f 4059 328 2164
f 4059 2953 328
f 1858 2953 4059
f 1858 987 2953
f 986 4060 1858
f 986 2054 4060
f 1858 2551 987
f 1858 4060 2551
f 4060 934 2551
f 4060 2048 934
f 2054 2048 4060
f 2054 932 2048
f 987 4061 2953
f 987 2123 4061
f 2953 2980 328
f 2953 4061 2980
f 4061 329 2980
f 4061 1216 329
f 2123 1216 4061
f 2123 988 1216
f 987 4062 2123
f 987 2551 4062
f 2123 2339 988
f 2123 4062 2339
f 4062 989 2339
f 4062 2552 989
f 2551 2552 4062
f 2551 934 2552
f 989 4063 1614
f 989 2552 4063
f 1614 2271 938
f 1614 4063 2271
f 4063 933 2271
f 4063 2269 933
f 2552 2269 4063
f 2552 934 2269
f 989 4064 2339
f 989 2625 4064
f 2339 2340 988
f 2339 4064 2340
f 4064 991 2340
f 4064 2883 991
f 2625 2883 4064
f 2625 990 2883
f 989 4065 2625
f 989 1614 4065
f 2625 2882 990
f 2625 4065 2882
f 4065 943 2882
f 4065 1610 943
f 1614 1610 4065
f 1614 938 1610
f 990 4066 2883
f 990 1417 4066
f 2883 3153 991
f 2883 4066 3153
f 4066 992 3153
f 4066 1418 992
f 1417 1418 4066
f 1417 946 1418
f 990 4067 1417
f 990 2882 4067
f 1417 1143 946
f 1417 4067 1143
f 4067 945 1143
f 4067 2880 945
f 2882 2880 4067
f 2882 943 2880
f 992 4068 3153
f 992 2209 4068
f 3153 1741 991
f 3153 4068 1741
f 4068 331 1741
f 4068 1721 331
f 2209 1721 4068
f 2209 333 1721
f 950 4069 2410
f 950 1279 4069
f 2410 2745 951
f 2410 4069 2745
f 4069 335 2745
f 4069 2799 335
f 1279 2799 4069
f 1279 337 2799
f 338 4070 1113
f 338 1546 4070
f 1113 1145 1
f 1113 4070 1145
f 4070 954 1145
f 4070 1485 954
f 1546 1485 4070
f 1546 955 1485
f 1 4071 1089
f 1 1145 4071
f 1089 1927 4
f 1089 4071 1927
f 4071 957 1927
f 4071 1486 957
f 1145 1486 4071
f 1145 954 1486
f 957 4072 1927
f 957 2210 4072
f 1927 1902 4
f 1927 4072 1902
f 4072 21 1902
f 4072 2272 21
f 2210 2272 4072
f 2210 993 2272
f 957 4073 2210
f 957 1982 4073
f 2210 1419 993
f 2210 4073 1419
f 4073 994 1419
f 4073 1985 994
f 1982 1985 4073
f 1982 956 1985
f 994 4074 1671
f 994 1985 4074
f 1671 2748 995
f 1671 4074 2748
f 4074 959 2748
f 4074 1983 959
f 1985 1983 4074
f 1985 956 1983
f 994 4075 1419
f 994 1672 4075
f 1419 1422 993
f 1419 4075 1422
f 4075 997 1422
f 4075 2136 997
f 1672 2136 4075
f 1672 996 2136
f 994 4076 1672
f 994 1671 4076
f 1672 1421 996
f 1672 4076 1421
f 4076 914 1421
f 4076 1420 914
f 1671 1420 4076
f 1671 995 1420
f 996 4077 2136
f 996 2137 4077
f 2136 2412 997
f 2136 4077 2412
f 4077 999 2412
f 4077 2682 999
f 2137 2682 4077
f 2137 998 2682
f 996 4078 2137
f 996 1421 4078
f 2137 1147 998
f 2137 4078 1147
f 4078 913 1147
f 4078 1142 913
f 1421 1142 4078
f 1421 914 1142
f 998 4079 2682
f 998 2683 4079
f 2682 2954 999
f 2682 4079 2954
f 4079 1001 2954
f 4079 1217 1001
f 2683 1217 4079
f 2683 1000 1217
f 998 4080 2683
f 998 2684 4080
f 1000 4080 3226
f 1000 2683 4080
f 1002 4080 2684
f 1002 3226 4080
f 1082 4081 3235
f 1082 3240 4081
f 903 4081 2818
f 903 3235 4081
f 1084 4081 3240
f 1084 2818 4081
f 1000 4082 1217
f 1000 2273 4082
f 1217 1487 1001
f 1217 4082 1487
f 4082 1005 1487
f 4082 2274 1005
f 2273 2274 4082
f 2273 980 2274
f 1005 4083 1487
f 1005 2884 4083
f 1487 2056 1001
f 1487 4083 2056
f 4083 52 2056
f 4083 2911 52
f 2884 2911 4083
f 2884 31 2911
f 1005 4084 2884
f 1005 3088 4084
f 2884 2910 31
f 2884 4084 2910
f 4084 32 2910
f 4084 3152 32
f 3088 3152 4084
f 3088 983 3152
f 1005 4085 3088
f 1005 2274 4085
f 3088 2053 983
f 3088 4085 2053
f 4085 979 2053
f 4085 2051 979
f 2274 2051 4085
f 2274 980 2051
f 32 4086 1825
f 32 3152 4086
f 1825 1857 27
f 1825 4086 1857
f 4086 982 1857
f 4086 2816 982
f 3152 2816 4086
f 3152 983 2816
f 52 4087 2056
f 52 3128 4087
f 2056 2954 1001
f 2056 4087 2954
f 4087 999 2954
f 4087 3087 999
f 3128 3087 4087
f 3128 24 3087
f 24 4088 3087
f 24 2024 4088
f 3087 2412 999
f 3087 4088 2412
f 4088 997 2412
f 4088 2055 997
f 2024 2055 4088
f 2024 20 2055
f 20 4089 2055
f 20 2022 4089
f 2055 1422 997
f 2055 4089 1422
f 4089 993 1422
f 4089 2272 993
f 2022 2272 4089
f 2022 21 2272
f 959 4090 2748
f 959 2478 4090
f 2748 1930 995
f 2748 4090 1930
f 4090 1006 1930
f 4090 2482 1006
f 2478 2482 4090
f 2478 958 2482
f 961 4091 1283
f 961 3018 4091
f 1283 2275 1007
f 1283 4091 2275
f 4091 965 2275
f 4091 3020 965
f 3018 3020 4091
f 3018 960 3020
f 1006 4092 1930
f 1006 1673 4092
f 1930 1420 995
f 1930 4092 1420
f 4092 914 1420
f 4092 1415 914
f 1673 1415 4092
f 1673 915 1415
f 1007 4093 2124
f 1007 2275 4093
f 2124 2116 908
f 2124 4093 2116
f 4093 909 2116
f 4093 2338 909
f 2275 2338 4093
f 2275 965 2338
f 968 4094 1612
f 968 3089 4094
f 1612 1609 906
f 1612 4094 1609
f 4094 907 1609
f 4094 1859 907
f 3089 1859 4094
f 3089 1008 1859
f 1069 4095 1860
f 1069 3214 4095
f 1860 2276 1010
f 1860 4095 2276
f 4095 1009 2276
f 4095 2341 1009
f 3214 2341 4095
f 3214 971 2341
f 1011 4096 3090
f 1011 3210 4096
f 3090 2277 1012
f 3090 4096 2277
f 4096 872 2277
f 4096 1734 872
f 3210 1734 4096
f 3210 866 1734
f 1013 4097 2553
f 1013 2750 4097
f 2553 2545 902
f 2553 4097 2545
f 4097 903 2545
f 4097 2819 903
f 2750 2819 4097
f 2750 1003 2819
f 331 4098 1741
f 331 1174 4098
f 1741 2340 991
f 1741 4098 2340
f 4098 988 2340
f 4098 1216 988
f 1174 1216 4098
f 1174 329 1216
f 1069 4099 1346
f 1069 1860 4099
f 1346 1345 969
f 1346 4099 1345
f 4099 970 1345
f 4099 1615 970
f 1860 1615 4099
f 1860 1010 1615
f 856 4100 2539
f 856 2612 4100
f 2539 2610 853
f 2539 4100 2610
f 4100 830 2610
f 4100 2659 830
f 2612 2659 4100
f 2612 574 2659
f 853 4101 2403
f 853 2554 4101
f 2403 2404 844
f 2403 4101 2404
f 4101 863 2404
f 4101 1931 863
f 2554 1931 4101
f 2554 1014 1931
f 940 4102 1212
f 940 3084 4102
f 1212 2129 921
f 1212 4102 2129
f 4102 917 2129
f 4102 2130 917
f 3084 2130 4102
f 3084 936 2130
f 529 4103 1276
f 529 1250 4103
f 1276 2483 897
f 1276 4103 2483
f 4103 1015 2483
f 4103 1674 1015
f 1250 1674 4103
f 1250 547 1674
f 547 4104 1674
f 547 3166 4104
f 1674 1148 1015
f 1674 4104 1148
f 4104 884 1148
f 4104 3049 884
f 3166 3049 4104
f 3166 512 3049
f 1015 4105 2125
f 1015 1148 4105
f 2125 3154 1016
f 2125 4105 3154
f 4105 883 3154
f 4105 3146 883
f 1148 3146 4105
f 1148 884 3146
f 1015 4106 2483
f 1015 2125 4106
f 2483 2473 897
f 2483 4106 2473
f 4106 898 2473
f 4106 2751 898
f 2125 2751 4106
f 2125 1016 2751
f 1016 4107 2344
f 1016 3154 4107
f 2344 2626 1018
f 2344 4107 2626
f 4107 1017 2626
f 4107 3155 1017
f 3154 3155 4107
f 3154 883 3155
f 1016 4108 2751
f 1016 2344 4108
f 2751 2752 898
f 2751 4108 2752
f 4108 1019 2752
f 4108 2885 1019
f 2344 2885 4108
f 2344 1018 2885
f 1019 4109 3141
f 1019 2885 4109
f 3141 1149 1021
f 3141 4109 1149
f 4109 1020 1149
f 4109 2886 1020
f 2885 2886 4109
f 2885 1018 2886
f 1019 4110 2752
f 1019 3142 4110
f 2752 2744 898
f 2752 4110 2744
f 4110 899 2744
f 4110 3008 899
f 3142 3008 4110
f 3142 1022 3008
f 1019 4111 3142
f 1019 3141 4111
f 3142 1675 1022
f 3142 4111 1675
f 4111 1023 1675
f 4111 1408 1023
f 3141 1408 4111
f 3141 1021 1408
f 1021 4112 1408
f 1021 1409 4112
f 1408 1913 1023
f 1408 4112 1913
f 4112 1025 1913
f 4112 2138 1025
f 1409 2138 4112
f 1409 1024 2138
f 1023 4113 1675
f 1023 2036 4113
f 1675 1805 1022
f 1675 4113 1805
f 4113 499 1805
f 4113 1796 499
f 2036 1796 4113
f 2036 500 1796
f 1023 4114 2036
f 1023 1913 4114
f 2036 1994 500
f 2036 4114 1994
f 4114 543 1994
f 4114 2887 543
f 1913 2887 4114
f 1913 1025 2887
f 1026 4115 2686
f 1026 2685 4115
f 2686 1218 1029
f 2686 4115 1218
f 4115 1028 1218
f 4115 2942 1028
f 2685 2942 4115
f 2685 1027 2942
f 567 4116 2820
f 567 2597 4116
f 2820 2942 1027
f 2820 4116 2942
f 4116 1028 2942
f 4116 2536 1028
f 2597 2536 4116
f 2597 566 2536
f 1030 4117 1744
f 1030 1742 4117
f 1744 2211 1033
f 1744 4117 2211
f 4117 1032 2211
f 4117 1976 1032
f 1742 1976 4117
f 1742 1031 1976
f 1030 4118 3073
f 1030 1744 4118
f 3073 3098 568
f 3073 4118 3098
f 4118 569 3098
f 4118 1349 569
f 1744 1349 4118
f 1744 1033 1349
f 1033 4119 1349
f 1033 2211 4119
f 1349 1350 569
f 1349 4119 1350
f 4119 1034 1350
f 4119 2212 1034
f 2211 2212 4119
f 2211 1032 2212
f 493 4120 2242
f 493 2202 4120
f 2242 2472 494
f 2242 4120 2472
f 4120 893 2472
f 4120 1480 893
f 2202 1480 4120
f 2202 894 1480
f 494 4121 2521
f 494 2472 4121
f 2521 1414 514
f 2521 4121 1414
f 4121 892 1414
f 4121 1210 892
f 2472 1210 4121
f 2472 893 1210
f 1031 4122 1976
f 1031 1977 4122
f 1976 2213 1032
f 1976 4122 2213
f 4122 1036 2213
f 4122 3009 1036
f 1977 3009 4122
f 1977 1035 3009
f 1031 4123 1977
f 1031 2687 4123
f 1977 3010 1035
f 1977 4123 3010
f 4123 1037 3010
f 4123 2688 1037
f 2687 2688 4123
f 2687 1026 2688
f 1035 4124 3011
f 1035 3010 4124
f 3011 1806 1039
f 3011 4124 1806
f 4124 1038 1806
f 4124 1540 1038
f 3010 1540 4124
f 3010 1037 1540
f 1024 4125 2139
f 1024 2140 4125
f 2139 1476 1029
f 2139 4125 1476
f 4125 1041 1476
f 4125 2278 1041
f 2140 2278 4125
f 2140 1040 2278
f 868 4126 1284
f 868 1274 4126
f 1284 2821 1043
f 1284 4126 2821
f 4126 1042 2821
f 4126 2037 1042
f 1274 2037 4126
f 1274 871 2037
f 1043 4127 1284
f 1043 2607 4127
f 1284 1285 868
f 1284 4127 1285
f 4127 1044 1285
f 4127 2608 1044
f 2607 2608 4127
f 2607 1017 2608
f 1043 4128 2607
f 1043 1151 4128
f 2607 2626 1017
f 2607 4128 2626
f 4128 1018 2626
f 4128 2886 1018
f 1151 2886 4128
f 1151 1020 2886
f 1044 4129 1285
f 1044 1351 4129
f 1285 1273 868
f 1285 4129 1273
f 4129 869 1273
f 4129 1542 869
f 1351 1542 4129
f 1351 1045 1542
f 882 4130 2888
f 882 2876 4130
f 2888 1351 1044
f 2888 4130 1351
f 4130 1045 1351
f 4130 1676 1045
f 2876 1676 4130
f 2876 886 1676
f 1044 4131 2888
f 1044 2608 4131
f 2888 2875 882
f 2888 4131 2875
f 4131 883 2875
f 4131 3155 883
f 2608 3155 4131
f 2608 1017 3155
f 1046 4132 1862
f 1046 1861 4132
f 1862 2345 1049
f 1862 4132 2345
f 4132 1048 2345
f 4132 2113 1048
f 1861 2113 4132
f 1861 1047 2113
f 1049 4133 2537
f 1049 2345 4133
f 2537 1990 822
f 2537 4133 1990
f 4133 820 1990
f 4133 2040 820
f 2345 2040 4133
f 2345 1048 2040
f 822 4134 2537
f 822 2594 4134
f 2537 1605 1049
f 2537 4134 1605
f 4134 877 1605
f 4134 3078 877
f 2594 3078 4134
f 2594 824 3078
f 1049 4135 1862
f 1049 1605 4135
f 1862 1352 1046
f 1862 4135 1352
f 4135 876 1352
f 4135 1338 876
f 1605 1338 4135
f 1605 877 1338
f 1046 4136 2038
f 1046 1352 4136
f 2038 2041 1039
f 2038 4136 2041
f 4136 1050 2041
f 4136 1353 1050
f 1352 1353 4136
f 1352 876 1353
f 1050 4137 2889
f 1050 1353 4137
f 2889 3074 1051
f 2889 4137 3074
f 4137 875 3074
f 4137 3077 875
f 1353 3077 4137
f 1353 876 3077
f 1050 4138 2041
f 1050 1286 4138
f 2041 3011 1039
f 2041 4138 3011
f 4138 1035 3011
f 4138 3009 1035
f 1286 3009 4138
f 1286 1036 3009
f 1050 4139 1286
f 1050 2889 4139
f 1286 1978 1036
f 1286 4139 1978
f 4139 895 1978
f 4139 1979 895
f 2889 1979 4139
f 2889 1051 1979
f 1051 4140 2944
f 1051 3074 4140
f 2944 2115 891
f 2944 4140 2115
f 4140 879 2115
f 4140 3079 879
f 3074 3079 4140
f 3074 875 3079
f 1051 4141 1979
f 1051 2944 4141
f 1979 1211 895
f 1979 4141 1211
f 4141 892 1211
f 4141 2947 892
f 2944 2947 4141
f 2944 891 2947
f 1036 4142 2213
f 1036 1978 4142
f 2213 1743 1032
f 2213 4142 1743
f 4142 894 1743
f 4142 1735 894
f 1978 1735 4142
f 1978 895 1735
f 499 4143 1805
f 499 1746 4143
f 1805 3008 1022
f 1805 4143 3008
f 4143 899 3008
f 4143 2544 899
f 1746 2544 4143
f 1746 534 2544
f 890 4144 2678
f 890 2201 4144
f 2678 2121 953
f 2678 4144 2121
f 4144 188 2121
f 4144 2226 188
f 2201 2226 4144
f 2201 13 2226
f 953 4145 1215
f 953 2121 4145
f 1215 1983 956
f 1215 4145 1983
f 4145 959 1983
f 4145 2122 959
f 2121 2122 4145
f 2121 188 2122
f 838 4146 2609
f 838 2660 4146
f 2609 1606 1052
f 2609 4146 1606
f 4146 970 1606
f 4146 1146 970
f 2660 1146 4146
f 2660 839 1146
f 1010 4147 1615
f 1010 2538 4147
f 1615 1606 970
f 1615 4147 1606
f 4147 1052 1606
f 4147 1153 1052
f 2538 1153 4147
f 2538 1053 1153
f 1010 4148 2538
f 1010 2276 4148
f 2538 1410 1053
f 2538 4148 1410
f 4148 1054 1410
f 4148 2280 1054
f 2276 2280 4148
f 2276 1009 2280
f 872 4149 2277
f 872 2281 4149
f 2277 1354 1012
f 2277 4149 1354
f 4149 1056 1354
f 4149 1914 1056
f 2281 1914 4149
f 2281 1055 1914
f 867 4150 3014
f 867 3012 4150
f 3014 2281 872
f 3014 4150 2281
f 4150 1055 2281
f 4150 1915 1055
f 3012 1915 4150
f 3012 1057 1915
f 855 4151 3086
f 855 2611 4151
f 3086 2822 967
f 3086 4151 2822
f 4151 1052 2822
f 4151 2609 1052
f 2611 2609 4151
f 2611 838 2609
f 1053 4152 1153
f 1053 3075 4152
f 1153 2822 1052
f 1153 4152 2822
f 4152 967 2822
f 4152 2815 967
f 3075 2815 4152
f 3075 968 2815
f 1053 4153 3075
f 1053 1410 4153
f 3075 3089 968
f 3075 4153 3089
f 4153 1008 3089
f 4153 2042 1008
f 1410 2042 4153
f 1410 1054 2042
f 1055 4154 1914
f 1055 2753 4154
f 1914 1607 1056
f 1914 4154 1607
f 4154 1013 1607
f 4154 2750 1013
f 2753 2750 4154
f 2753 1003 2750
f 1057 4155 1915
f 1057 3205 4155
f 1915 2753 1055
f 1915 4155 2753
f 4155 1003 2753
f 4155 2749 1003
f 3205 2749 4155
f 3205 1004 2749
f 1071 4156 2401
f 1071 2841 4156
f 2401 3205 1057
f 2401 4156 3205
f 4156 1004 3205
f 4156 2690 1004
f 2841 2690 4156
f 2841 977 2690
f 1072 4157 3218
f 1072 2214 4157
f 3218 2841 1071
f 3218 4157 2841
f 4157 977 2841
f 4157 2208 977
f 2214 2208 4157
f 2214 976 2208
f 975 4158 1745
f 975 1740 4158
f 1745 3207 1058
f 1745 4158 3207
f 4158 1072 3207
f 4158 2214 1072
f 1740 2214 4158
f 1740 976 2214
f 1059 4159 3206
f 1059 2945 4159
f 3206 1745 1058
f 3206 4159 1745
f 4159 975 1745
f 4159 2952 975
f 2945 2952 4159
f 2945 973 2952
f 1060 4160 3208
f 1060 2689 4160
f 3208 2945 1059
f 3208 4160 2945
f 4160 973 2945
f 4160 2679 973
f 2689 2679 4160
f 2689 972 2679
f 972 4161 2680
f 972 2689 4161
f 2680 1219 974
f 2680 4161 1219
f 4161 1068 1219
f 4161 3209 1068
f 2689 3209 4161
f 2689 1060 3209
f 974 4162 1281
f 974 1219 4162
f 1281 1703 836
f 1281 4162 1703
f 4162 832 1703
f 4162 3212 832
f 1219 3212 4162
f 1219 1068 3212
f 896 4163 2204
f 896 2203 4163
f 2204 1276 897
f 2204 4163 1276
f 4163 529 1276
f 4163 2244 529
f 2203 2244 4163
f 2203 525 2244
f 526 4164 2523
f 526 2243 4164
f 2523 2043 532
f 2523 4164 2043
f 4164 896 2043
f 4164 2203 896
f 2243 2203 4164
f 2243 525 2203
f 553 4165 1194
f 553 2963 4165
f 1194 1126 577
f 1194 4165 1126
f 4165 585 1126
f 4165 2964 585
f 2963 2964 4165
f 2963 552 2964
f 577 4166 1125
f 577 1126 4166
f 1125 2696 583
f 1125 4166 2696
f 4166 588 2696
f 4166 1197 588
f 1126 1197 4166
f 1126 585 1197
f 583 4167 2697
f 583 2696 4167
f 2697 2665 606
f 2697 4167 2665
f 4167 609 2665
f 4167 1942 609
f 2696 1942 4167
f 2696 588 1942
f 606 4168 2664
f 606 2665 4168
f 2664 2895 607
f 2664 4168 2895
f 4168 612 2895
f 4168 1128 612
f 2665 1128 4168
f 2665 609 1128
f 607 4169 2896
f 607 2895 4169
f 2896 1324 633
f 2896 4169 1324
f 4169 636 1324
f 4169 1875 636
f 2895 1875 4169
f 2895 612 1875
f 633 4170 1323
f 633 1324 4170
f 1323 1598 634
f 1323 4170 1598
f 4170 639 1598
f 4170 2071 639
f 1324 2071 4170
f 1324 636 2071
f 634 4171 1599
f 634 1598 4171
f 1599 2833 663
f 1599 4171 2833
f 4171 666 2833
f 4171 2897 666
f 1598 2897 4171
f 1598 639 2897
f 663 4172 2832
f 663 2833 4172
f 2832 3105 664
f 2832 4172 3105
f 4172 669 3105
f 4172 1601 669
f 2833 1601 4172
f 2833 666 1601
f 664 4173 3106
f 664 3105 4173
f 3106 2003 692
f 3106 4173 2003
f 4173 695 2003
f 4173 2389 695
f 3105 2389 4173
f 3105 669 2389
f 692 4174 2002
f 692 2003 4174
f 2002 2327 693
f 2002 4174 2327
f 4174 698 2327
f 4174 2835 698
f 2003 2835 4174
f 2003 695 2835
f 693 4175 2328
f 693 2327 4175
f 2328 1264 721
f 2328 4175 1264
f 4175 723 1264
f 4175 1602 723
f 2327 1602 4175
f 2327 698 1602
f 721 4176 1263
f 721 1264 4176
f 1263 1538 722
f 1263 4176 1538
f 4176 726 1538
f 4176 1760 726
f 1264 1760 4176
f 1264 723 1760
f 722 4177 1539
f 722 1538 4177
f 1539 2259 749
f 1539 4177 2259
f 4177 751 2259
f 4177 2605 751
f 1538 2605 4177
f 1538 726 2605
f 749 4178 2258
f 749 2259 4178
f 2258 2535 750
f 2258 4178 2535
f 4178 754 2535
f 4178 2774 754
f 2259 2774 4178
f 2259 751 2774
f 750 4179 2514
f 750 2535 4179
f 2514 2958 776
f 2514 4179 2958
f 4179 778 2958
f 4179 1518 778
f 2535 1518 4179
f 2535 754 1518
f 776 4180 2957
f 776 2958 4180
f 2957 1206 777
f 2957 4180 1206
f 4180 781 1206
f 4180 1453 781
f 2958 1453 4180
f 2958 778 1453
f 777 4181 1207
f 777 1206 4181
f 1207 1866 804
f 1207 4181 1866
f 4181 806 1866
f 4181 2260 806
f 1206 2260 4181
f 1206 781 2260
f 804 4182 1865
f 804 1866 4182
f 1865 2198 805
f 1865 4182 2198
f 4182 809 2198
f 4182 2451 809
f 1866 2451 4182
f 1866 806 2451
f 805 4183 2199
f 805 2198 4183
f 2199 1823 827
f 2199 4183 1823
f 4183 828 1823
f 4183 1208 828
f 2198 1208 4183
f 2198 809 1208
f 910 4184 2622
f 910 1340 4184
f 2622 3082 911
f 2622 4184 3082
f 4184 904 3082
f 4184 3080 904
f 1340 3080 4184
f 1340 905 3080
f 828 4185 2117
f 828 2909 4185
f 2117 1340 910
f 2117 4185 1340
f 4185 905 1340
f 4185 2877 905
f 2909 2877 4185
f 2909 575 2877
f 572 4186 2112
f 572 1592 4186
f 2112 1350 1034
f 2112 4186 1350
f 4186 569 1350
f 4186 1320 569
f 1592 1320 4186
f 1592 570 1320
f 689 4187 1261
f 689 1262 4187
f 1261 1537 690
f 1261 4187 1537
f 4187 694 1537
f 4187 1758 694
f 1262 1758 4187
f 1262 691 1758
f 661 4188 2325
f 661 2324 4188
f 2325 1262 689
f 2325 4188 1262
f 4188 691 1262
f 4188 1325 691
f 2324 1325 4188
f 2324 665 1325
f 660 4189 2000
f 660 2001 4189
f 2000 2324 661
f 2000 4189 2324
f 4189 665 2324
f 4189 2603 665
f 2001 2603 4189
f 2001 662 2603
f 631 4190 2831
f 631 2830 4190
f 2831 2001 660
f 2831 4190 2001
f 4190 662 2001
f 4190 1813 662
f 2830 1813 4190
f 2830 635 1813
f 630 4191 2600
f 630 2601 4191
f 2600 2830 631
f 2600 4191 2830
f 4191 635 2830
f 4191 3103 635
f 2601 3103 4191
f 2601 632 3103
f 602 4192 1596
f 602 1595 4192
f 1596 2601 630
f 1596 4192 2601
f 4192 632 2601
f 4192 3168 632
f 1595 3168 4192
f 1595 608 3168
f 601 4193 1321
f 601 1322 4193
f 1321 1595 602
f 1321 4193 1595
f 4193 608 1595
f 4193 2386 608
f 1322 2386 4193
f 1322 605 2386
f 581 4194 2184
f 581 2183 4194
f 2184 1322 601
f 2184 4194 1322
f 4194 605 1322
f 4194 2965 605
f 2183 2965 4194
f 2183 584 2965
f 581 4195 2183
f 581 1620 4195
f 2183 1399 584
f 2183 4195 1399
f 4195 578 1399
f 4195 1398 578
f 1620 1398 4195
f 1620 579 1398
f 553 4196 1193
f 553 1195 4196
f 554 4196 1462
f 554 1193 4196
f 555 4196 1685
f 555 1462 4196
f 579 4196 1398
f 579 1685 4196
f 578 4196 1195
f 578 1398 4196
f 555 4197 1462
f 555 1684 4197
f 1462 3027 554
f 1462 4197 3027
f 4197 496 3027
f 4197 3028 496
f 1684 3028 4197
f 1684 558 3028
f 492 4198 1940
f 492 1961 4198
f 1940 2524 572
f 1940 4198 2524
f 4198 558 2524
f 4198 3028 558
f 1961 3028 4198
f 1961 496 3028
f 492 4199 1960
f 492 1940 4199
f 1960 2187 493
f 1960 4199 2187
f 4199 1034 2187
f 4199 2112 1034
f 1940 2112 4199
f 1940 572 2112
f 542 4200 1687
f 542 2596 4200
f 1687 1851 507
f 1687 4200 1851
f 4200 508 1851
f 4200 2570 508
f 2596 2570 4200
f 2596 502 2570
f 506 4201 1566
f 506 1850 4201
f 1566 1687 507
f 1566 4201 1687
f 4201 542 1687
f 4201 1810 542
f 1850 1810 4201
f 1850 219 1810
f 502 4202 2570
f 502 2312 4202
f 2570 2066 508
f 2570 4202 2066
f 4202 515 2066
f 4202 2313 515
f 2312 2313 4202
f 2312 501 2313
f 543 4203 1618
f 543 2890 4203
f 1618 1616 515
f 1618 4203 1616
f 4203 516 1616
f 4203 1872 516
f 2890 1872 4203
f 2890 566 1872
f 563 4204 1748
f 563 1749 4204
f 564 4204 2662
f 564 1748 4204
f 510 4204 2638
f 510 2662 4204
f 511 4204 2893
f 511 2638 4204
f 592 4204 1749
f 592 2893 4204
f 571 4205 2318
f 571 1530 4205
f 2318 1995 565
f 2318 4205 1995
f 4205 564 1995
f 4205 1529 564
f 1530 1529 4205
f 1530 562 1529
f 567 4206 2317
f 567 2826 4206
f 2317 2318 565
f 2317 4206 2318
f 4206 571 2318
f 4206 3099 571
f 2826 3099 4206
f 2826 568 3099
f 819 4207 1765
f 819 1523 4207
f 1765 1271 823
f 1765 4207 1271
f 4207 817 1271
f 4207 1270 817
f 1523 1270 4207
f 1523 818 1270
f 819 4208 1764
f 819 1765 4208
f 1764 1990 820
f 1764 4208 1990
f 4208 822 1990
f 4208 2593 822
f 1765 2593 4208
f 1765 823 2593
f 589 4209 2248
f 589 1811 4209
f 2248 1593 590
f 2248 4209 1593
f 4209 506 1593
f 4209 1850 506
f 1811 1850 4209
f 1811 219 1850
f 563 4210 1750
f 563 1252 4210
f 1750 1531 594
f 1750 4210 1531
f 4210 596 1531
f 4210 1254 596
f 1252 1254 4210
f 1252 561 1254
f 615 4211 2699
f 615 2698 4211
f 2699 1690 645
f 2699 4211 1690
f 4211 619 1690
f 4211 2967 619
f 2698 2967 4211
f 2698 616 2967
f 590 4212 2526
f 590 2525 4212
f 2526 2698 615
f 2526 4212 2698
f 4212 616 2698
f 4212 2763 616
f 2525 2763 4212
f 2525 591 2763
f 598 4213 2598
f 598 2599 4213
f 2598 1943 620
f 2598 4213 1943
f 4213 621 1943
f 4213 2250 621
f 2599 2250 4213
f 2599 622 2250
f 596 4214 1531
f 596 1996 4214
f 1531 1532 594
f 1531 4214 1532
f 4214 620 1532
f 4214 2598 620
f 1996 2598 4214
f 1996 598 2598
f 643 4215 1624
f 643 1626 4215
f 1624 1876 644
f 1624 4215 1876
f 4215 649 1876
f 4215 2462 649
f 1626 2462 4215
f 1626 646 2462
f 645 4216 1625
f 645 1690 4216
f 1625 1626 643
f 1625 4216 1626
f 4216 646 1626
f 4216 1691 646
f 1690 1691 4216
f 1690 619 1691
f 624 4217 3033
f 624 3032 4217
f 3033 1468 650
f 3033 4217 1468
f 4217 651 1468
f 4217 1533 651
f 3032 1533 4217
f 3032 626 1533
f 622 4218 2250
f 622 2527 4218
f 2250 2251 621
f 2250 4218 2251
f 4218 650 2251
f 4218 3033 650
f 2527 3033 4218
f 2527 624 3033
f 674 4219 3173
f 674 1403 4219
f 3173 3174 672
f 3173 4219 3174
f 4219 678 3174
f 4219 1628 678
f 1403 1628 4219
f 1403 675 1628
f 644 4220 1877
f 644 1876 4220
f 1877 1403 674
f 1877 4220 1403
f 4220 675 1403
f 4220 1200 675
f 1876 1200 4220
f 1876 649 1200
f 652 4221 1944
f 652 1945 4221
f 1944 2253 653
f 1944 4221 2253
f 4221 679 2253
f 4221 2767 679
f 1945 2767 4221
f 1945 655 2767
f 653 4222 1692
f 653 2252 4222
f 1692 2969 651
f 1692 4222 2969
f 4222 648 2969
f 4222 2970 648
f 2252 2970 4222
f 2252 676 2970
f 655 4223 2767
f 655 2766 4223
f 2767 2702 679
f 2767 4223 2702
f 4223 680 2702
f 4223 1259 680
f 2766 1259 4223
f 2766 657 1259
f 673 4224 1131
f 673 1132 4224
f 1131 2391 701
f 1131 4224 2391
f 4224 705 2391
f 4224 2900 705
f 1132 2900 4224
f 1132 703 2900
f 672 4225 3172
f 672 3174 4225
f 3172 1132 673
f 3172 4225 1132
f 4225 703 1132
f 4225 2463 703
f 3174 2463 4225
f 3174 678 2463
f 682 4226 1469
f 682 1471 4226
f 1469 1694 683
f 1469 4226 1694
f 4226 706 1694
f 4226 2531 706
f 1471 2531 4226
f 1471 686 2531
f 683 4227 2972
f 683 1693 4227
f 2972 2971 680
f 2972 4227 2971
f 4227 681 2971
f 4227 1202 681
f 1693 1202 4227
f 1693 704 1202
f 686 4228 2531
f 686 2532 4228
f 2531 1405 706
f 2531 4228 1405
f 4228 708 1405
f 4228 1881 708
f 2532 1881 4228
f 2532 712 1881
f 702 4229 2671
f 702 2672 4229
f 2671 1330 729
f 2671 4229 1330
f 4229 732 1330
f 4229 1818 732
f 2672 1818 4229
f 2672 731 1818
f 701 4230 2390
f 701 2391 4230
f 2390 2672 702
f 2390 4230 2672
f 4230 731 2672
f 4230 1133 731
f 2391 1133 4230
f 2391 705 1133
f 710 4231 2464
f 710 2467 4231
f 2464 2704 711
f 2464 4231 2704
f 4231 735 2704
f 4231 2903 735
f 2467 2903 4231
f 2467 739 2903
f 711 4232 1880
f 711 2703 4232
f 1880 1879 708
f 1880 4232 1879
f 4232 709 1879
f 4232 2192 709
f 2703 2192 4232
f 2703 733 2192
f 739 4233 2903
f 739 1632 4233
f 735 4233 2902
f 735 2903 4233
f 737 4233 1154
f 737 2902 4233
f 1061 4233 2402
f 1061 1154 4233
f 742 4233 1632
f 742 2402 4233
f 757 4234 2332
f 757 2333 4234
f 2332 2606 758
f 2332 4234 2606
f 4234 760 2606
f 4234 2838 760
f 2333 2838 4234
f 2333 759 2838
f 730 4235 1604
f 730 1603 4235
f 1604 2333 757
f 1604 4235 2333
f 4235 759 2333
f 4235 2673 759
f 1603 2673 4235
f 1603 734 2673
f 766 4236 1820
f 766 2656 4236
f 1820 1819 763
f 1820 4236 1819
f 4236 764 1819
f 4236 2059 764
f 2656 2059 4236
f 2656 769 2059
f 1061 4237 1154
f 1061 2402 4237
f 737 4237 1135
f 737 1154 4237
f 763 4237 1820
f 763 1135 4237
f 766 4237 2468
f 766 1820 4237
f 742 4237 2402
f 742 2468 4237
f 784 4238 3021
f 784 1583 4238
f 3021 1269 785
f 3021 4238 1269
f 4238 787 1269
f 4238 1584 787
f 1583 1584 4238
f 1583 762 1584
f 758 4239 2589
f 758 2606 4239
f 2589 1583 784
f 2589 4239 1583
f 4239 762 1583
f 4239 3111 762
f 2606 3111 4239
f 2606 760 3111
f 810 4240 1521
f 810 2776 4240
f 1521 1268 786
f 1521 4240 1268
f 4240 785 1268
f 4240 2775 785
f 2776 2775 4240
f 2776 783 2775
f 794 4241 3092
f 794 1586 4241
f 3092 3091 792
f 3092 4241 3091
f 4241 793 3091
f 4241 1334 793
f 1586 1334 4241
f 1586 797 1334
f 769 4242 2059
f 769 1136 4242
f 2059 2060 764
f 2059 4242 2060
f 4242 792 2060
f 4242 3092 792
f 1136 3092 4242
f 1136 794 3092
f 812 4243 1935
f 812 2839 4243
f 1935 2262 813
f 1935 4243 2262
f 4243 815 2262
f 4243 2840 815
f 2839 2840 4243
f 2839 791 2840
f 786 4244 1522
f 786 1519 4244
f 1522 2839 812
f 1522 4244 2839
f 4244 791 2839
f 4244 1988 791
f 1519 1988 4244
f 1519 788 1988
f 573 4245 2396
f 573 2383 4245
f 2396 2261 814
f 2396 4245 2261
f 4245 813 2261
f 4245 3161 813
f 2383 3161 4245
f 2383 576 3161
f 814 4246 2518
f 814 2517 4246
f 2518 2346 829
f 2518 4246 2346
f 4246 1062 2346
f 4246 3013 1062
f 2517 3013 4246
f 2517 816 3013
f 823 4247 1335
f 823 1271 4247
f 1335 2591 793
f 1335 4247 2591
f 4247 790 2591
f 4247 2592 790
f 1271 2592 4247
f 1271 817 2592
f 729 4248 1329
f 729 1330 4248
f 1329 1603 730
f 1329 4248 1603
f 4248 734 1603
f 4248 2077 734
f 1330 2077 4248
f 1330 732 2077
f 857 4249 2616
f 857 2675 4249
f 2616 2404 863
f 2616 4249 2404
f 4249 844 2404
f 4249 2452 844
f 2675 2452 4249
f 2675 845 2452
f 870 4250 1798
f 870 1809 4250
f 871 4250 2039
f 871 1798 4250
f 1047 4250 2113
f 1047 2039 4250
f 1048 4250 2347
f 1048 2113 4250
f 1063 4250 1809
f 1063 2347 4250
f 869 4251 1544
f 869 2127 4251
f 870 4251 1809
f 870 1544 4251
f 1063 4251 2754
f 1063 1809 4251
f 1064 4251 2141
f 1064 2754 4251
f 864 4251 2127
f 864 2141 4251
f 944 4252 3151
f 944 3143 4252
f 3151 1144 945
f 3151 4252 1144
f 4252 947 1144
f 4252 1678 947
f 3143 1678 4252
f 3143 1065 1678
f 859 4253 3150
f 859 3144 4253
f 3150 3143 944
f 3150 4253 3143
f 4253 1065 3143
f 4253 1411 1065
f 3144 1411 4253
f 3144 861 1411
f 888 4254 1413
f 888 2131 4254
f 1413 1520 885
f 1413 4254 1520
f 4254 1065 1520
f 4254 1678 1065
f 2131 1678 4254
f 2131 947 1678
f 885 4255 1412
f 885 1520 4255
f 1412 1543 886
f 1412 4255 1543
f 4255 861 1543
f 4255 1411 861
f 1520 1411 4255
f 1520 1065 1411
f 887 4256 1918
f 887 1926 4256
f 1918 2132 888
f 1918 4256 2132
f 4256 949 2132
f 4256 2134 949
f 1926 2134 4256
f 1926 952 2134
f 952 4257 2134
f 952 2950 4257
f 2134 2133 949
f 2134 4257 2133
f 4257 950 2133
f 4257 2411 950
f 2950 2411 4257
f 2950 955 2411
f 335 4258 2745
f 335 2236 4258
f 2745 2681 951
f 2745 4258 2681
f 4258 992 2681
f 4258 2209 992
f 2236 2209 4258
f 2236 333 2209
f 946 4259 1418
f 946 1416 4259
f 1418 2681 992
f 1418 4259 2681
f 4259 951 2681
f 4259 1925 951
f 1416 1925 4259
f 1416 948 1925
f 955 4260 2411
f 955 1546 4260
f 2411 1279 950
f 2411 4260 1279
f 4260 337 1279
f 4260 1237 337
f 1546 1237 4260
f 1546 338 1237
f 853 4261 2554
f 853 2610 4261
f 2554 2343 1014
f 2554 4261 2343
f 4261 829 2343
f 4261 2398 829
f 2610 2398 4261
f 2610 830 2398
f 1014 4262 1931
f 1014 1863 4262
f 1931 1917 863
f 1931 4262 1917
f 4262 864 1917
f 4262 2141 864
f 1863 2141 4262
f 1863 1064 2141
f 566 4263 2536
f 566 2890 4263
f 2536 2400 1028
f 2536 4263 2400
f 4263 1025 2400
f 4263 2887 1025
f 2890 2887 4263
f 2890 543 2887
f 1031 4264 2687
f 1031 1742 4264
f 2687 2685 1026
f 2687 4264 2685
f 4264 1027 2685
f 4264 2943 1027
f 1742 2943 4264
f 1742 1030 2943
f 1024 4265 2138
f 1024 2139 4265
f 2138 2400 1025
f 2138 4265 2400
f 4265 1028 2400
f 4265 1218 1028
f 2139 1218 4265
f 2139 1029 1218
f 1030 4266 2943
f 1030 3073 4266
f 2943 2820 1027
f 2943 4266 2820
f 4266 567 2820
f 4266 2826 567
f 3073 2826 4266
f 3073 568 2826
f 1040 4267 2278
f 1040 2279 4267
f 1041 4267 1541
f 1041 2278 4267
f 1037 4267 1540
f 1037 1541 4267
f 1038 4267 1807
f 1038 1540 4267
f 1042 4267 2279
f 1042 1807 4267
f 1026 4268 2688
f 1026 2686 4268
f 2688 1541 1037
f 2688 4268 1541
f 4268 1041 1541
f 4268 1476 1041
f 2686 1476 4268
f 2686 1029 1476
f 1020 4269 1150
f 1020 1151 4269
f 1150 2279 1040
f 1150 4269 2279
f 4269 1042 2279
f 4269 2821 1042
f 1151 2821 4269
f 1151 1043 2821
f 1021 4270 1409
f 1021 1149 4270
f 1409 2140 1024
f 1409 4270 2140
f 4270 1040 2140
f 4270 1150 1040
f 1149 1150 4270
f 1149 1020 1150
f 1045 4271 1542
f 1045 1152 4271
f 1542 2127 869
f 1542 4271 2127
f 4271 864 2127
f 4271 1141 864
f 1152 1141 4271
f 1152 860 1141
f 886 4272 1676
f 886 1543 4272
f 1676 1152 1045
f 1676 4272 1152
f 4272 860 1152
f 4272 1140 860
f 1543 1140 4272
f 1543 861 1140
f 871 4273 2037
f 871 2039 4273
f 2037 1807 1042
f 2037 4273 1807
f 4273 1038 1807
f 4273 1808 1038
f 2039 1808 4273
f 2039 1047 1808
f 1046 4274 1861
f 1046 2038 4274
f 1861 1808 1047
f 1861 4274 1808
f 4274 1038 1808
f 4274 1806 1038
f 2038 1806 4274
f 2038 1039 1806
f 1048 4275 2040
f 1048 2347 4275
f 2040 1989 820
f 2040 4275 1989
f 4275 821 1989
f 4275 2283 821
f 2347 2283 4275
f 2347 1063 2283
f 1014 4276 1863
f 1014 2343 4276
f 1863 2469 1064
f 1863 4276 2469
f 4276 1062 2469
f 4276 2346 1062
f 2343 2346 4276
f 2343 829 2346
f 821 4277 2282
f 821 2283 4277
f 2282 2469 1062
f 2282 4277 2469
f 4277 1064 2469
f 4277 2754 1064
f 2283 2754 4277
f 2283 1063 2754
f 816 4278 3013
f 816 3022 4278
f 3013 2282 1062
f 3013 4278 2282
f 4278 821 2282
f 4278 1524 821
f 3022 1524 4278
f 3022 818 1524
f 184 4279 3085
f 184 2853 4279
f 3085 2548 962
f 3085 4279 2548
f 4279 182 2548
f 4279 2583 182
f 2853 2583 4279
f 2853 183 2583
f 10 4280 1437
f 10 1450 4280
f 1437 1738 11
f 1437 4280 1738
f 4280 962 1738
f 4280 3085 962
f 1450 3085 4280
f 1450 184 3085
f 961 4281 1280
f 961 2479 4281
f 1280 1738 962
f 1280 4281 1738
f 4281 11 1738
f 4281 1737 11
f 2479 1737 4281
f 2479 958 1737
f 958 4282 2482
f 958 2479 4282
f 2482 1550 1006
f 2482 4282 1550
f 4282 1007 1550
f 4282 1283 1007
f 2479 1283 4282
f 2479 961 1283
f 1006 4283 1673
f 1006 1550 4283
f 1673 2119 915
f 1673 4283 2119
f 4283 908 2119
f 4283 2124 908
f 1550 2124 4283
f 1550 1007 2124
f 915 4284 3149
f 915 2119 4284
f 3149 2878 912
f 3149 4284 2878
f 4284 911 2878
f 4284 2118 911
f 2119 2118 4284
f 2119 908 2118
f 900 4285 2044
f 900 2046 4285
f 2044 2268 901
f 2044 4285 2268
f 4285 912 2268
f 4285 3148 912
f 2046 3148 4285
f 2046 913 3148
f 1008 4286 1859
f 1008 2058 4286
f 1859 2546 907
f 1859 4286 2546
f 4286 902 2546
f 4286 2553 902
f 2058 2553 4286
f 2058 1013 2553
f 1054 4287 2042
f 1054 1677 4287
f 2042 2058 1008
f 2042 4287 2058
f 4287 1013 2058
f 4287 1607 1013
f 1677 1607 4287
f 1677 1056 1607
f 1009 4288 2280
f 1009 2321 4288
f 2280 1677 1054
f 2280 4288 1677
f 4288 1056 1677
f 4288 1354 1056
f 2321 1354 4288
f 2321 1012 1354
f 971 4289 2341
f 971 2342 4289
f 2341 2321 1009
f 2341 4289 2321
f 4289 1012 2321
f 4289 3090 1012
f 2342 3090 4289
f 2342 1011 3090
f 901 4290 2266
f 901 2267 4290
f 2266 2546 902
f 2266 4290 2546
f 4290 907 2546
f 4290 3081 907
f 2267 3081 4290
f 2267 904 3081
f 904 4291 3082
f 904 2267 4291
f 3082 2878 911
f 3082 4291 2878
f 4291 912 2878
f 4291 2268 912
f 2267 2268 4291
f 2267 901 2268
f 913 4292 1147
f 913 2046 4292
f 1147 2684 998
f 1147 4292 2684
f 4292 1002 2684
f 4292 2057 1002
f 2046 2057 4292
f 2046 900 2057
f 900 4293 2057
f 900 3236 4293
f 1002 4293 3238
f 1002 2057 4293
f 1083 4293 3236
f 1083 3238 4293
f 13 4294 2215
f 13 2201 4294
f 2215 2470 14
f 2215 4294 2470
f 4294 889 2470
f 4294 2406 889
f 2201 2406 4294
f 2201 890 2406
f 512 4295 3147
f 512 3164 4295
f 3147 2470 889
f 3147 4295 2470
f 4295 14 2470
f 4295 2474 14
f 3164 2474 4295
f 3164 514 2474
f 1034 4296 2187
f 1034 2212 4296
f 2187 2202 493
f 2187 4296 2202
f 4296 894 2202
f 4296 1743 894
f 2212 1743 4296
f 2212 1032 1743
f 849 4297 2206
f 849 3215 4297
f 969 4297 1346
f 969 2206 4297
f 1069 4297 3215
f 1069 1346 4297
f 1074 4298 3094
f 1074 3221 4298
f 3094 2660 838
f 3094 4298 2660
f 4298 839 2660
f 4298 3162 839
f 3221 3162 4298
f 3221 1066 3162
f 1066 4299 3162
f 1066 3222 4299
f 839 4299 1139
f 839 3162 4299
f 849 4299 3222
f 849 1139 4299
f 1070 4300 2065
f 1070 3216 4300
f 838 4300 3094
f 838 2065 4300
f 1074 4300 3216
f 1074 3094 4300
f 1073 4301 2405
f 1073 3220 4301
f 2405 1479 865
f 2405 4301 1479
f 4301 867 1479
f 4301 2743 867
f 3220 2743 4301
f 3220 1067 2743
f 866 4302 1478
f 866 3211 4302
f 865 4302 2405
f 865 1478 4302
f 1073 4302 3211
f 1073 2405 4302
f 1067 4303 2743
f 1067 3219 4303
f 2743 3012 867
f 2743 4303 3012
f 4303 1057 3012
f 4303 2401 1057
f 3219 2401 4303
f 3219 1071 2401
f 1000 4304 2273
f 1000 3224 4304
f 980 4304 1804
f 980 2273 4304
f 1076 4304 3224
f 1076 1804 4304
f 1076 4305 1804
f 1076 3243 4305
f 1804 2051 980
f 1804 4305 2051
f 4305 979 2051
f 4305 3242 979
f 3243 3242 4305
f 3243 978 3242
f 1080 4306 1984
f 1080 3230 4306
f 1984 2208 976
f 1984 4306 2208
f 4306 977 2208
f 4306 2480 977
f 3230 2480 4306
f 3230 1081 2480
f 978 4307 2746
f 978 3231 4307
f 2746 1981 927
f 2746 4307 1981
f 4307 924 1981
f 4307 3227 924
f 3231 3227 4307
f 3231 1077 3227
f 1077 4308 3227
f 1077 3232 4308
f 3227 1980 924
f 3227 4308 1980
f 4308 925 1980
f 4308 3228 925
f 3232 3228 4308
f 3232 1078 3228
f 1078 4309 3228
f 1078 3233 4309
f 925 4309 3229
f 925 3228 4309
f 1079 4309 3233
f 1079 3229 4309
f 1004 4310 2749
f 1004 3237 4310
f 2749 2819 1003
f 2749 4310 2819
f 4310 903 2819
f 4310 3235 903
f 3237 3235 4310
f 3237 1082 3235
f 1084 4311 2818
f 1084 3239 4311
f 2818 2045 903
f 2818 4311 2045
f 4311 900 2045
f 4311 3236 900
f 3239 3236 4311
f 3239 1083 3236
f 1081 4312 2480
f 1081 3241 4312
f 977 4312 2690
f 977 2480 4312
f 1004 4312 3241
f 1004 2690 4312
f 1004 4313 3244
f 1004 3241 4313
f 3244 3223 1075
f 3244 4313 3223
f 4313 1086 3223
f 4313 1547 1086
f 3241 1547 4313
f 3241 1081 1547
f 1081 4314 1547
f 1081 3230 4314
f 1547 3225 1086
f 1547 4314 3225
f 4314 1085 3225
f 4314 3245 1085
f 3230 3245 4314
f 3230 1080 3245
f 1078 4315 3233
f 1078 3246 4315
f 3233 3234 1079
f 3233 4315 3234
f 4315 1080 3234
f 4315 3245 1080
f 3246 3245 4315
f 3246 1085 3245
f 1004 4316 3237
f 1004 3244 4316
f 1082 4316 3247
f 1082 3237 4316
f 1075 4316 3244
f 1075 3247 4316
