# Original Z-Anatomy world coordinates in meters; no atlas registration
o Vestibule.r
v -0.04071285948 0.006402472034 1.583649039
v -0.04123165458 0.006442303769 1.583999753
v -0.04109895229 0.006229924038 1.584161878
v -0.04092729464 0.006565572228 1.583210111
v -0.04133421183 0.006674478762 1.583574533
v -0.0393900983 0.007719538175 1.581767201
v -0.03907603025 0.007844393142 1.581931829
v -0.03948924318 0.008485333994 1.581959724
v -0.03974567354 0.00832452625 1.581781149
v -0.03989077732 0.008331137709 1.58150816
v -0.03953381628 0.007644393481 1.581532598
v -0.03869162872 0.007933433168 1.581984639
v -0.03880216181 0.007300430909 1.582045197
v -0.03819265589 0.007474712096 1.582105398
v -0.03841351718 0.007867056876 1.581929564
v -0.03898676112 0.008726149797 1.581945777
v -0.03920272365 0.008643612266 1.582000017
v -0.04019396007 0.009018924087 1.581850767
v -0.04032094404 0.008990191855 1.581600428
v -0.04153348505 0.006592839025 1.582968354
v -0.04114536569 0.006559612229 1.582885623
v -0.04197675735 0.00698173698 1.583346605
v -0.04182908684 0.006936495658 1.583809257
v -0.04194713384 0.006286679767 1.5827775
v -0.04229129106 0.006743520964 1.583060861
v -0.04305605963 0.005125839263 1.583829403
v -0.04245154932 0.004481687211 1.584103465
v -0.04253069311 0.004893985577 1.584720492
v -0.04310945049 0.005334321409 1.584277987
v -0.04314840958 0.005529679358 1.583433747
v -0.04267633706 0.00507561909 1.583249569
v -0.04262482375 0.004705016967 1.583570242
v -0.04175979272 0.006574034691 1.58428371
v -0.04153869674 0.006167875603 1.584494829
v -0.04217300192 0.006481673568 1.584586143
v -0.04192119092 0.006094418466 1.584708691
v -0.04249146208 0.006328048185 1.584737301
v -0.04223576188 0.00594630558 1.584818721
v -0.04274593294 0.006987372413 1.584551811
v -0.04300828278 0.006798944436 1.584698915
v -0.04251334071 0.007138267159 1.584311604
v -0.04313938692 0.007664325181 1.584272385
v -0.04334976152 0.007544542663 1.584464312
v -0.04244484007 0.007317804731 1.583932638
v -0.04297798872 0.007746179588 1.583953023
v -0.04251571 0.007343651261 1.583525658
v -0.04297170043 0.007720442954 1.583593726
v -0.04279434681 0.007134723011 1.58323741
v -0.04322806001 0.007540807128 1.583342433
v -0.04281266406 0.006179151125 1.583087921
v -0.04331609234 0.006641227752 1.583232641
v -0.0424288027 0.0057044602 1.582909822
v -0.04373593256 0.006130259484 1.583549619
v -0.04425676912 0.006869284902 1.583651662
v -0.04376721755 0.007192821242 1.583357215
v -0.04381904006 0.005917615723 1.583870888
v -0.04441360384 0.006756486371 1.583925486
v -0.04377133772 0.005965230055 1.584263325
v -0.04437955841 0.006788843777 1.584260106
v -0.04297685251 0.005709448829 1.584610939
v -0.04354279116 0.006229537539 1.584611297
v -0.0425763838 0.005354537629 1.58471024
v -0.04245236143 0.005713591352 1.584826112
v -0.04274516925 0.006083617918 1.584765315
v -0.04326058179 0.0065524159 1.584742546
v -0.04383613169 0.00721089635 1.584627509
v -0.04413420707 0.006979139522 1.584544063
v -0.04358484596 0.007393921725 1.584581017
v -0.04397339374 0.008136245422 1.584334254
v -0.04422465339 0.008049810305 1.58436954
v -0.0437383987 0.00820476748 1.584247947
v -0.04385932907 0.008887298405 1.583888531
v -0.04408100992 0.00890469458 1.583942413
v -0.04351580516 0.008245229721 1.584100366
v -0.04364426434 0.008842548355 1.583786488
v -0.04330921918 0.008236045018 1.583839893
v -0.04342954978 0.008744794875 1.583592534
v -0.04326066747 0.008154293522 1.583534956
v -0.04335379601 0.008614810184 1.583343744
v -0.04350116849 0.008012869395 1.58332181
v -0.04356388748 0.008518365212 1.583143473
v -0.04404386133 0.007844593376 1.583330393
v -0.04408056661 0.008520657197 1.583102703
v -0.04456232861 0.007733299397 1.583563328
v -0.0445895344 0.008610037155 1.583242774
v -0.04476090521 0.007721528877 1.583783746
v -0.04480094463 0.008696020581 1.583404303
v -0.04476373643 0.007787089795 1.584065795
v -0.04483256117 0.008805125952 1.583644271
v -0.04452586919 0.00792510435 1.584303975
v -0.0446129702 0.008891693316 1.583873749
v -0.04432078823 0.00891239848 1.583953261
v -0.0440764986 0.009675101377 1.583471894
v -0.04431886971 0.009744287468 1.583356261
v -0.04387575015 0.009592432529 1.583489776
v -0.04338083044 0.01016506925 1.583056211
v -0.04352310672 0.01028641686 1.583021522
v -0.0436886996 0.009506255388 1.583464861
v -0.04325098172 0.01003970299 1.58304882
v -0.04350658506 0.009397249669 1.583402634
v -0.04312362149 0.009894255549 1.583012462
v -0.04331823066 0.009236767888 1.583269477
v -0.04298876226 0.009697307833 1.582923174
v -0.04324027151 0.009073001333 1.583074927
v -0.04292842746 0.009512908757 1.582773089
v -0.0434111245 0.009010598063 1.582876086
v -0.04304993153 0.009470467456 1.582578778
v -0.04384807497 0.009141266346 1.582770705
v -0.0433661826 0.009673059918 1.58242774
v -0.04427523166 0.009386826307 1.582808971
v -0.04366724938 0.009990470484 1.582404971
v -0.04445484653 0.009555002674 1.582908511
v -0.04379252717 0.01018769853 1.582467437
v -0.04449206963 0.00970412977 1.583110571
v -0.04381868988 0.01034973934 1.582638025
v -0.0436979942 0.01038564928 1.582883
v -0.04279647022 0.01076943241 1.582599401
v -0.04293081537 0.01088158414 1.582447171
v -0.04193420336 0.01107100211 1.582194209
v -0.04202001914 0.01120936684 1.582007408
v -0.04270076007 0.01062299684 1.582648516
v -0.0418904759 0.01089541893 1.582276344
v -0.04262283817 0.01047072932 1.58265686
v -0.04186493903 0.0107145682 1.582315803
v -0.04255238175 0.01029852778 1.582644105
v -0.04185249284 0.01051500626 1.582333803
v -0.04247724637 0.01007511187 1.582590103
v -0.04185188562 0.01026348025 1.582312346
v -0.0424483642 0.00987537764 1.582472563
v -0.04188232124 0.01004606858 1.582212925
v -0.04254012555 0.009842617437 1.582278371
v -0.04196792841 0.01001345925 1.582003117
v -0.0427550748 0.01008777041 1.582086444
v -0.04207775742 0.01029936224 1.58174181
v -0.04294925183 0.01044725254 1.582018733
v -0.04213616624 0.01071710419 1.581604004
v -0.04302760586 0.01066199224 1.582058072
v -0.04214731604 0.01096327044 1.581613064
v -0.04303445667 0.01083742455 1.582207441
v -0.04211477563 0.0111628864 1.581749082
v -0.04096230865 0.01115010027 1.581699371
v -0.04103922844 0.01107017789 1.581415892
v -0.04096608236 0.01102645788 1.581930161
v -0.04007350653 0.01053267159 1.581843734
v -0.04004022479 0.01059897244 1.58159399
v -0.04100415111 0.01084916666 1.582042575
v -0.04016852379 0.01040178537 1.581968904
v -0.04104923457 0.01065843832 1.582108021
v -0.04027672112 0.01024804078 1.582033873
v -0.04110336676 0.01044664346 1.582146168
v -0.04039219394 0.01006412506 1.582066774
v -0.04118531942 0.01018158812 1.5821383
v -0.04054810479 0.00982460659 1.582047582
v -0.04128792509 0.009953747503 1.582039952
v -0.04071052 0.009611698799 1.581934452
v -0.0413794443 0.009907145053 1.581809282
v -0.04081686214 0.009554296732 1.581697226
v -0.04137711227 0.01018252783 1.581490397
v -0.04075072706 0.009773636237 1.581368685
v -0.04125063494 0.0106022777 1.581303596
v -0.04051323235 0.01012057438 1.581190228
v -0.04114706069 0.01085368916 1.581290245
v -0.04033371806 0.01032556687 1.581186771
v -0.04015354067 0.01050547138 1.581312895
v -0.03940392658 0.009871978313 1.581526279
v -0.03956240416 0.009818194434 1.581251621
v -0.03891348094 0.009203325026 1.581387758
v -0.03913931549 0.009227732196 1.581131101
v -0.0394006297 0.009808359668 1.581782699
v -0.03883910552 0.00906426087 1.581644654
v -0.03948898613 0.009695578367 1.581927299
v -0.03888327628 0.008882179856 1.581833363
v -0.0396133922 0.009563492611 1.58200264
v -0.0397718586 0.009416520596 1.582035542
v -0.0399851054 0.009213639423 1.581999302
v -0.03830927238 0.008031990379 1.581737757
v -0.0383464545 0.008345652372 1.581445813
v -0.03851407766 0.008568886667 1.581170917
v -0.03882634267 0.008667783812 1.58093667
v -0.03914169967 0.008603164926 1.580843449
v -0.03939142451 0.009138250723 1.58100903
v -0.0393807441 0.00843109563 1.580885291
v -0.03961095959 0.008978767321 1.581010938
v -0.03985053673 0.008641386405 1.581194758
v -0.04025120288 0.009215456434 1.58128202
v -0.03997880593 0.009522861801 1.581115365
v -0.03977409378 0.009688518941 1.581121087
v -0.03930975124 0.007204527035 1.581871271
v -0.04142475873 0.006081474014 1.584998488
v -0.04081457108 0.006119572092 1.58434248
v -0.04098429903 0.005991274025 1.585270882
v -0.04051707685 0.005939035211 1.584592342
v -0.04169025645 0.006108888425 1.58575213
v -0.04134037346 0.006058281288 1.585887074
v -0.04192050546 0.006000963971 1.585144877
v -0.04202244058 0.006042334251 1.585729241
v -0.03576897457 0.007684741635 1.585730433
v -0.0358078666 0.008000459522 1.585709333
v -0.03586733341 0.007961446419 1.585122466
v -0.03574647009 0.007590137422 1.585172892
v -0.03583843261 0.00743485149 1.584549069
v -0.03566251695 0.007395190187 1.584753394
v -0.03604228422 0.007978932001 1.584620476
v -0.03605304286 0.00758012291 1.584412813
v -0.04252509773 0.005311915651 1.585105658
v -0.04196073487 0.004133610521 1.584592581
v -0.04205361754 0.004468311556 1.585401535
v -0.03502658755 0.008212458342 1.584989548
v -0.03502324969 0.008207884617 1.585767865
v -0.03483162448 0.00810800679 1.585838318
v -0.03477312252 0.008051162586 1.585179806
v -0.03478142247 0.007939550094 1.584627628
v -0.03492735326 0.008094595745 1.584468722
v -0.03532305732 0.008302427828 1.58509469
v -0.03524719924 0.008261144161 1.585747957
v -0.03535695374 0.008349726908 1.584426165
v -0.03557916731 0.008367499337 1.584546447
v -0.03518645093 0.008269798011 1.584194303
v -0.03565223515 0.008729405701 1.583783865
v -0.03579638153 0.008479952812 1.583984852
v -0.03629669175 0.008866433054 1.583526373
v -0.03621326759 0.008524875157 1.583711982
v -0.03593812883 0.008432324044 1.584072948
v -0.03638505936 0.008415745571 1.583707213
v -0.03607201576 0.008362531662 1.584128261
v -0.036459025 0.008251942694 1.583779454
v -0.0361834988 0.008249829523 1.584180236
v -0.03647980466 0.008064731024 1.583861947
v -0.03626453504 0.008062515408 1.584206581
v -0.03644508496 0.007842836902 1.583923697
v -0.03628574312 0.00772737246 1.584147573
v -0.03594429046 0.008218267933 1.58463788
v -0.03576312587 0.008201946504 1.585131526
v -0.03577603027 0.008329109289 1.584604502
v -0.03555390239 0.008296847343 1.585120678
v -0.03568283841 0.008194274269 1.585715771
v -0.03547303379 0.008263234049 1.585733056
v -0.03587449715 0.008028844371 1.586351752
v -0.035750743 0.008193809539 1.586379051
v -0.03556308895 0.008249450475 1.586423159
v -0.03596708179 0.008193731308 1.587076306
v -0.03580422699 0.008247893304 1.587142706
v -0.03536334261 0.008251371793 1.586471081
v -0.03563030064 0.008256339468 1.587214351
v -0.03616597503 0.00825990364 1.587829828
v -0.03601303697 0.00827623345 1.587924957
v -0.03546116874 0.008226472884 1.587289333
v -0.03517020866 0.00821377337 1.586522818
v -0.03586303443 0.008251344785 1.588022828
v -0.036515221 0.008311182261 1.588564157
v -0.03638835624 0.008290682919 1.58868897
v -0.03572729602 0.008179686964 1.588117123
v -0.03530691937 0.008152252063 1.587362289
v -0.03627714142 0.008213819005 1.588806272
v -0.03706280515 0.008319074288 1.589239478
v -0.03698023409 0.008231237531 1.589374542
v -0.03619885817 0.008053962141 1.588895559
v -0.03562584892 0.008028263226 1.588193417
v -0.03692425042 0.00805657357 1.589464545
v -0.0378181003 0.008180271834 1.589775324
v -0.03777002916 0.0079897549 1.589857936
v -0.03691162542 0.007760647219 1.589468598
v -0.03618266433 0.007770770229 1.588921666
v -0.03773263842 0.007683301345 1.589839101
v -0.03867403045 0.007808530238 1.590031266
v -0.03859427571 0.007501152344 1.590011001
v -0.03955740854 0.007531625219 1.589987636
v -0.03945081681 0.007230712101 1.589976668
v -0.03855186328 0.007313315757 1.589902639
v -0.03773291782 0.007492379285 1.589737773
v -0.03937478736 0.007053652778 1.58986938
v -0.04027318209 0.006909134798 1.589779019
v -0.04016563296 0.006743382197 1.589668989
v -0.03931598738 0.006950706244 1.589713335
v -0.03853134811 0.007196585648 1.589747667
v -0.04007063061 0.006657904945 1.589511633
v -0.0408795476 0.00641557388 1.589286327
v -0.04074383155 0.006352355238 1.589140654
v -0.0399822779 0.006622646935 1.589332819
v -0.03927047178 0.006895667873 1.589533448
v -0.04061388597 0.006335619837 1.588975191
v -0.04128533229 0.006053376943 1.588624239
v -0.04111636057 0.006054793485 1.588492513
v -0.04049258307 0.006398057565 1.588781118
v -0.03990715742 0.00667114323 1.589124918
v -0.04095714167 0.006134198047 1.588330984
v -0.04146185517 0.005801523104 1.587947369
v -0.04127641022 0.005896310788 1.587826729
v -0.04083491862 0.006361763924 1.588115573
v -0.04040773213 0.006607810035 1.588538051
v -0.04112580419 0.006140841171 1.587654591
v -0.04143790528 0.005668100901 1.587315798
v -0.04126728699 0.005933986977 1.587182045
v -0.04139651358 0.005410383455 1.586822271
v -0.04120855406 0.005722562782 1.586716652
v -0.04133428261 0.006157460622 1.587095737
v -0.04119394347 0.006365626585 1.587579608
v -0.04126817361 0.005968739279 1.586605549
v -0.04092256725 0.005492676049 1.586263895
v -0.0409847796 0.005798987113 1.586117744
v -0.04158786312 0.006162823178 1.586471915
v -0.04163843021 0.006343913265 1.587047935
v -0.04060043767 0.005645620637 1.585570812
v -0.04187165573 0.006202535238 1.586407185
v -0.04189398512 0.006402572151 1.58704865
v -0.0421318002 0.006161157042 1.586382151
v -0.04212016612 0.006399633829 1.587075472
v -0.04236949235 0.006069912575 1.586381674
v -0.04232861847 0.006350893993 1.58712709
v -0.04229917377 0.005901779048 1.585712552
v -0.04223297536 0.005842054728 1.585185647
v -0.04250442237 0.005695941858 1.585725904
v -0.04255495965 0.005920406431 1.586419344
v -0.04243938252 0.005604673177 1.585187316
v -0.04259826988 0.005462874658 1.585760832
v -0.04264739901 0.00572952209 1.586495399
v -0.04253593832 0.005156413652 1.585808635
v -0.04259715602 0.005503812805 1.586601019
v -0.042220328 0.004833162297 1.58609128
v -0.04234386235 0.005255890545 1.586752772
v -0.04167596996 0.004372314084 1.585694551
v -0.04192129523 0.004743677098 1.586253285
v -0.04153326899 0.004132652655 1.585101128
v -0.04167745262 0.003883304307 1.584424257
v -0.04139297828 0.003899765434 1.584623098
v -0.04114128649 0.004183661658 1.585233688
v -0.04133023322 0.0044151498 1.585801721
v -0.04101325572 0.003976441454 1.584733605
v -0.04064348713 0.004163542762 1.584752202
v -0.04078867286 0.004335454199 1.585260153
v -0.04029593989 0.004487207625 1.584674597
v -0.0404818058 0.004629367031 1.585221171
v -0.03997182846 0.004986328073 1.584484458
v -0.04023595899 0.005138988607 1.58508873
v -0.0398362577 0.005457313266 1.584238529
v -0.04024492949 0.005543840583 1.584897757
v -0.03992205113 0.005921648815 1.583910704
v -0.04017927498 0.006233614869 1.583664298
v -0.04053514823 0.005272761919 1.585740924
v -0.04074390233 0.004807911348 1.58583951
v -0.04112234712 0.005100435112 1.586359859
v -0.04161624983 0.005251675844 1.586862445
v -0.04136481509 0.004887747113 1.586372495
v -0.04164003953 0.005551612936 1.587396979
v -0.04185507447 0.005516693927 1.587443113
v -0.04185191542 0.005183120724 1.586862683
v -0.04165795445 0.005786457565 1.588037848
v -0.04186071455 0.005817861296 1.588108778
v -0.04207841307 0.005530656315 1.587465167
v -0.04145929962 0.006097668316 1.588737726
v -0.04163615406 0.006226889789 1.588816285
v -0.04206618294 0.00593256671 1.588151813
v -0.04102402925 0.006561574526 1.589387774
v -0.04117538407 0.006851882208 1.589397192
v -0.04180815071 0.006509458646 1.588817835
v -0.04040145874 0.007208127528 1.589792371
v -0.03961580619 0.007731549442 1.58989799
v -0.04045604169 0.00741002569 1.589699745
v -0.038728863 0.008007369936 1.589948535
v -0.03876724467 0.008131713606 1.589808226
v -0.03964352608 0.007865720429 1.589757323
v -0.03787377104 0.008284736425 1.589633346
v -0.03793254122 0.008308663964 1.589463592
v -0.03878828138 0.008172638714 1.58963263
v -0.03715937957 0.008338237181 1.589088559
v -0.03725766391 0.008293488994 1.588942409
v -0.03798586503 0.008249407634 1.589298129
v -0.03664470837 0.008281691931 1.588443279
v -0.0367631577 0.008206157014 1.588333726
v -0.03734257072 0.008198495023 1.588812709
v -0.03630832955 0.008199242875 1.587742329
v -0.03640812635 0.008053457364 1.587679982
v -0.03684660792 0.008053688332 1.588251829
v -0.03607933968 0.008044188842 1.587031364
v -0.03607984632 0.007762557827 1.58703351
v -0.03641467541 0.00778280478 1.587672472
v -0.03586614504 0.007729677483 1.586359501
v -0.03572462499 0.007542761043 1.586401343
v -0.03595923632 0.007578726858 1.587088108
v -0.03560949489 0.007501494605 1.585765481
v -0.03532378748 0.007371921092 1.585836053
v -0.03545226902 0.007404992357 1.586484194
v -0.03556264192 0.007431727834 1.585247278
v -0.03528867289 0.007334580179 1.585325837
v -0.03530418128 0.00728902407 1.584902406
v -0.03549344093 0.007343592122 1.584911346
v -0.03513809294 0.007281593047 1.584914327
v -0.03508492559 0.007310894318 1.585367799
v -0.03497419134 0.00731935678 1.584917545
v -0.03490614891 0.007342480589 1.585386992
v -0.03483124077 0.007406236604 1.584899068
v -0.03474722058 0.007428179495 1.585385799
v -0.03473927081 0.007550333627 1.584846735
v -0.03464757651 0.00759437168 1.585351586
v -0.03471810743 0.007760437205 1.584744215
v -0.03465757519 0.007868457586 1.585266471
v -0.03469537571 0.007927725092 1.585880876
v -0.03466225788 0.007627691142 1.585925579
v -0.03486857936 0.007965656929 1.586630344
v -0.03482820466 0.007669072598 1.586661935
v -0.03518950939 0.007996633649 1.587423801
v -0.03515312448 0.007712262217 1.587456226
v -0.03491446003 0.007487632334 1.586646199
v -0.03475921229 0.007449351251 1.585932016
v -0.03523147106 0.007534211036 1.587428331
v -0.03559841216 0.007751850877 1.588225603
v -0.03567012027 0.007578441873 1.588182688
v -0.03536868468 0.00744028762 1.587364554
v -0.03506771848 0.007396718953 1.586602211
v -0.03579134867 0.007482525893 1.588098884
v -0.03623846173 0.007592386566 1.588860035
v -0.03633249924 0.00748887565 1.588751793
v -0.03593226522 0.007441244554 1.587999582
v -0.0355287455 0.007405692711 1.587288141
v -0.03644546866 0.007439496927 1.588624358
v -0.0370047614 0.007455756422 1.589260459
v -0.03707601875 0.007389218546 1.58910954
v -0.03658398241 0.007462588139 1.588477135
v -0.03609802574 0.00746885268 1.58788383
v -0.03717654943 0.007407140918 1.58893609
v -0.03778697923 0.007293797098 1.589425206
v -0.03784450144 0.007302680984 1.58923173
v -0.03732056543 0.007555367425 1.588732123
v -0.03676905483 0.007598140743 1.58829844
v -0.0379437767 0.007459781598 1.589011669
v -0.03854386881 0.007139783353 1.589360714
v -0.0386027135 0.007309407927 1.589125276
v -0.03924230114 0.006928192452 1.589323282
v -0.0392553471 0.007111836225 1.589077711
v -0.03866278753 0.007526307367 1.589071155
v -0.03800721839 0.007667335682 1.588953733
v -0.03931682184 0.007331462577 1.589017749
v -0.03986848891 0.006867511664 1.588875294
v -0.03992964327 0.007089307066 1.588808894
v -0.03943438455 0.007612965535 1.589119434
v -0.03873175383 0.007819408551 1.589172363
v -0.04009227455 0.00735745253 1.58890152
v -0.04046739638 0.006832382642 1.58846581
v -0.04066598415 0.00708663743 1.588546991
v -0.04089809582 0.006588118151 1.588041306
v -0.04113662615 0.00682489248 1.588097334
v -0.04082909599 0.007209165022 1.588670015
v -0.04022212327 0.007497751154 1.589033842
v -0.04133122414 0.006932539865 1.588194132
v -0.04147347435 0.006576846354 1.587594151
v -0.0417022258 0.006663283333 1.58764863
v -0.04150108993 0.006970484741 1.588315725
v -0.04097136483 0.007261285093 1.588817835
v -0.04190059751 0.006687089335 1.587728977
v -0.04208195955 0.006659644656 1.587832928
v -0.04165577888 0.006952996831 1.588457942
v -0.04222476855 0.006567332894 1.58794868
v -0.04177501053 0.006868817378 1.588606238
v -0.04249323905 0.006242482923 1.587202191
v -0.04257909581 0.006078663282 1.587292433
v -0.04230199009 0.006412757561 1.588057041
v -0.04253600538 0.005870183464 1.587380409
v -0.04226835072 0.006199884228 1.588133335
v -0.04230603948 0.005626374856 1.587454319
v -0.04209527001 0.005173313431 1.586832404
v -0.0416357033 0.004779637791 1.586333632
v -0.04101294279 0.00454948144 1.585847974
v -0.04183732718 0.006721564103 1.5887357
v -0.04121670127 0.007056666538 1.589305401
v -0.04118400812 0.007192051038 1.589157701
v -0.04046130553 0.00754121691 1.589549541
v -0.04041742161 0.007596655283 1.589368701
v -0.04109596089 0.007261211984 1.588986039
v -0.03963615 0.007920419797 1.589582801
v -0.03958861902 0.007873964496 1.589407563
v -0.0403307043 0.007571257651 1.589190841
v -0.03878593445 0.008113902062 1.589457035
v -0.03876715153 0.007997367531 1.589304805
v -0.03952041268 0.007774429861 1.589253426
v -0.03802381456 0.008135317825 1.589154243
v -0.0380378291 0.007957914844 1.5890342
v -0.03739720583 0.008032804355 1.588711143
v -0.03739391267 0.007751107216 1.588662148
v -0.03685602546 0.007781747729 1.588226676
v -0.03631211817 0.007602666505 1.587738037
v -0.03571639583 0.007440424524 1.587200403
v -0.03524502739 0.007367318962 1.586547852
v -0.03510850668 0.007335653529 1.585883141
v -0.03492308781 0.007362647913 1.585914731
v -0.03852721304 0.007125329226 1.589568138
v -0.03775374591 0.007370110601 1.58959341
v -0.03694661334 0.007573574781 1.589387298
v -0.03499832004 0.008132234216 1.586582065
v -0.03716363385 0.008038504981 1.582569242
v -0.03702602535 0.007898172364 1.583040357
v -0.03692936897 0.008339095861 1.58298409
v -0.03686441109 0.008524848148 1.582515478
v -0.03679648414 0.008333274163 1.582164407
v -0.03715605289 0.008062336594 1.582198977
v -0.0368261449 0.008725482039 1.582999229
v -0.03677944466 0.008943013847 1.582698226
v -0.03524293751 0.00774410693 1.58358562
v -0.03531772271 0.00752910506 1.583617449
v -0.03549708053 0.007510364521 1.583277941
v -0.03544892371 0.007803758606 1.583090425
v -0.03529412299 0.008002766408 1.583344936
v -0.03524816409 0.008191840723 1.583525896
v -0.03509253263 0.007881745696 1.583888531
v -0.03510706499 0.007679848466 1.583884478
v -0.03516417742 0.007495301776 1.583927512
v -0.03544021025 0.009230490774 1.583494782
v -0.03534778208 0.008711259812 1.583441615
v -0.03529968113 0.008579089306 1.583289981
v -0.03529940173 0.00880918093 1.583193302
v -0.035326913 0.009097982198 1.583040118
v -0.03528738022 0.00971574802 1.583243012
v -0.03761593997 0.006951263174 1.582713246
v -0.03741046041 0.007547649089 1.582677722
v -0.03758472204 0.007638264447 1.582291722
v -0.0353333801 0.00835079141 1.583101153
v -0.03540959582 0.00865739584 1.582872987
v -0.03550959006 0.007284701802 1.584569931
v -0.03535313159 0.007258637808 1.584475994
v -0.03497463465 0.007968531922 1.584186435
v -0.03511487693 0.008076637983 1.583981395
v -0.0349361971 0.007823392749 1.584203601
v -0.03644287214 0.007490504533 1.583718419
v -0.03661493585 0.007891324349 1.583667636
v -0.03618946671 0.007387078367 1.583913088
v -0.03619631752 0.007078499533 1.583396554
v -0.03595857322 0.00711960718 1.583605289
v -0.03678724915 0.007829805836 1.583435059
v -0.0366872251 0.007394841872 1.583444595
v -0.03656056896 0.006995162927 1.583230257
v -0.03577908128 0.007215766236 1.58392632
v -0.03597667441 0.007346283644 1.584133387
v -0.03580097482 0.007141779177 1.583445311
v -0.03559509665 0.007230211981 1.583789825
v -0.03562788293 0.007290216163 1.583379984
v -0.03543590754 0.007340264041 1.583700418
v -0.03526553884 0.007354309782 1.583988547
v -0.03540658206 0.007267482113 1.584075332
v -0.03506809473 0.007370193955 1.584346056
v -0.03519461676 0.007290229667 1.584405661
v -0.03497993574 0.00749074528 1.584296107
v -0.03493275493 0.007646509446 1.584249616
v -0.03531423211 0.008381527849 1.583666682
v -0.03546928614 0.008080724627 1.582880855
v -0.03557851911 0.0072468156 1.584185839
v -0.03574431315 0.007308131084 1.584342122
v -0.03707452491 0.007415915839 1.58309257
v -0.03707295656 0.006927833892 1.582995176
v -0.03678005561 0.00822032243 1.583352923
v -0.03669051453 0.00856786035 1.583294153
v -0.03662573919 0.00820707716 1.583568335
v -0.03653850406 0.00847976096 1.583492637
v -0.03655647486 0.009079627693 1.583301306
v -0.03671609238 0.009288772941 1.583070517
v -0.03674186394 0.009295577183 1.582818031
v -0.03655998036 0.0097315358 1.582681775
v -0.03633726761 0.009933876805 1.582625151
v -0.03632034734 0.009372863919 1.582529783
v -0.03656043485 0.009187974967 1.582573414
v -0.03613192588 0.0100049302 1.582645535
v -0.03612666577 0.009419828653 1.582542539
v -0.03589332104 0.01003661938 1.582719564
v -0.03589300066 0.009415769018 1.582610607
v -0.03554893658 0.01001890004 1.582894325
v -0.03555845469 0.009351485409 1.582782388
v -0.03562946618 0.008855506778 1.582651138
v -0.03555477038 0.008311532438 1.582681537
v -0.03574269265 0.008456141688 1.582507133
v -0.0360067524 0.008529573679 1.582357883
v -0.03629860282 0.008525380865 1.582245946
v -0.03623783216 0.00896340888 1.582415938
v -0.03594003245 0.008938043378 1.582486868
v -0.03655747697 0.008775365539 1.582412243
v -0.03883399814 0.00528513547 1.579376101
v -0.03897215053 0.005171100609 1.579565406
v -0.03923298791 0.005782145076 1.579485297
v -0.03907145932 0.005570594221 1.579104066
v -0.03663152084 0.01029338501 1.583194852
v -0.03669474274 0.01030479185 1.582933307
v -0.03659184277 0.0103989467 1.582737565
v -0.03640827909 0.01049816608 1.582663655
v -0.03675188869 0.01103834528 1.582695365
v -0.03658985347 0.01108512841 1.582617402
v -0.03679700196 0.0110892551 1.583147764
v -0.03684535623 0.01103045885 1.582867026
v -0.0364883095 0.01026729029 1.583361626
v -0.03630990162 0.0102643678 1.583502531
v -0.03654430062 0.01121552847 1.583436966
v -0.03667709604 0.01115338691 1.583313942
v -0.03603118658 0.01030726731 1.583602905
v -0.03564152122 0.01047831029 1.583542347
v -0.03546883911 0.01063441671 1.583358049
v -0.03534452617 0.01006133668 1.583093166
v -0.03550082445 0.01070087217 1.583152294
v -0.03569671512 0.01068142615 1.582919598
v -0.03621413931 0.01055753976 1.582671046
v -0.03599436954 0.01061524171 1.582741261
v -0.03641195595 0.01115160435 1.582608819
v -0.0362200737 0.01124467328 1.582669735
v -0.03690605238 0.01169701759 1.582451582
v -0.03674122691 0.01177252829 1.582431674
v -0.03705454245 0.01165540144 1.5825423
v -0.03743201122 0.01218613051 1.582280993
v -0.03737077489 0.01219650544 1.582230687
v -0.03728385642 0.01222089119 1.582171679
v -0.03714039922 0.01167060062 1.582712412
v -0.03711691499 0.0117873447 1.582976699
v -0.03752037138 0.0124027282 1.582672954
v -0.03751258552 0.01223619282 1.582431436
v -0.03702573851 0.01189084351 1.583138466
v -0.03692068532 0.01198493876 1.583261967
v -0.03739781678 0.01267520525 1.582939267
v -0.03746661916 0.01254568063 1.582823753
v -0.03633785248 0.01130900532 1.583518982
v -0.03674781322 0.01211034879 1.583342552
v -0.0359618701 0.01147652976 1.583483815
v -0.03581237793 0.01153431181 1.58333087
v -0.03582298756 0.01151065063 1.583123207
v -0.03629872948 0.01227896661 1.582939744
v -0.03630019724 0.01234331541 1.58314085
v -0.0359755978 0.01139460132 1.582855225
v -0.03639800474 0.01210433431 1.582672477
v -0.03658063337 0.01189694181 1.582487106
v -0.03714035079 0.01231289096 1.582132459
v -0.03701290861 0.01246548444 1.582178712
v -0.03757898882 0.01270744763 1.581710696
v -0.03748174012 0.01288801059 1.581736803
v -0.03770333156 0.01259720884 1.581768274
v -0.03815829754 0.01281810738 1.581266999
v -0.03803713247 0.01293686405 1.581195951
v -0.03783810884 0.01256959513 1.581877232
v -0.03830083087 0.01279068924 1.581383228
v -0.03794938326 0.01264677383 1.582026839
v -0.03801064566 0.01285318658 1.582242012
v -0.03856538236 0.01311068609 1.5817132
v -0.03843862191 0.01287683286 1.581529975
v -0.038004186 0.01302797534 1.582371473
v -0.03797718883 0.01318707317 1.582466483
v -0.03862174228 0.01349256188 1.581881642
v -0.03860849515 0.01331025548 1.581813812
v -0.03788040578 0.01338048652 1.582499743
v -0.03854910657 0.01371004805 1.58187747
v -0.03726422042 0.01283569448 1.58300674
v -0.03698617965 0.01304650307 1.582939386
v -0.03762714937 0.01361226849 1.582386732
v -0.03642325848 0.01230433024 1.583294868
v -0.0368723385 0.01305377111 1.582787275
v -0.03685055673 0.01294681802 1.582602262
v -0.03743512928 0.0134621691 1.582083225
v -0.03749601543 0.01360209472 1.582240105
v -0.03689214215 0.01272006705 1.582353115
v -0.03741661087 0.01318768039 1.581876159
v -0.03796427324 0.0131422244 1.581193328
v -0.03795053437 0.01348497905 1.581282973
v -0.03848014772 0.01301823556 1.580633759
v -0.03843257949 0.01323693246 1.580590844
v -0.03888365999 0.0129313767 1.580061078
v -0.03887030482 0.01315105893 1.579974174
v -0.03859285265 0.01288996823 1.580724597
v -0.03897815198 0.0127974432 1.580172658
v -0.03874437138 0.0128569752 1.580842614
v -0.03913319856 0.01275967434 1.580288887
v -0.0389114432 0.01294561848 1.580967546
v -0.03909550235 0.01319130138 1.581096411
v -0.03956140205 0.01309003681 1.580446362
v -0.03932658583 0.01284629852 1.580383182
v -0.03917819262 0.01340422966 1.581152916
v -0.03922358155 0.01359919272 1.581183314
v -0.0397580266 0.01349582709 1.580437422
v -0.03968088329 0.01330189593 1.580451369
v -0.03917668387 0.01382789947 1.581145048
v -0.03974489123 0.01372374967 1.580358505
v -0.03891991451 0.01409313828 1.580947876
v -0.03951538354 0.0139925126 1.580131769
v -0.03828730062 0.01396342553 1.581714034
v -0.03812194243 0.01395747438 1.581569433
v -0.03802151233 0.01380136795 1.581438184
v -0.03859673813 0.01393749379 1.580705881
v -0.0387333855 0.0140958894 1.580807447
v -0.03847131878 0.01360185072 1.580614209
v -0.03896845505 0.01351462491 1.579918981
v -0.03915290534 0.01384638436 1.579936028
v -0.03923171014 0.01288389228 1.579381108
v -0.03938376531 0.01322522201 1.57924211
v -0.03921474516 0.01267316751 1.579511523
v -0.03944341838 0.01227078773 1.57901299
v -0.03947244212 0.01245173253 1.578840137
v -0.03929086775 0.01253885217 1.579646468
v -0.03952229396 0.01214609668 1.579176784
v -0.0394485034 0.01249654591 1.579765201
v -0.03964535519 0.01217506453 1.579366565
v -0.03966628388 0.01257223077 1.579833865
v -0.03994927928 0.01279388554 1.579834342
v -0.04021688923 0.01230452769 1.579297185
v -0.03989226744 0.01213974133 1.57934463
v -0.04010499641 0.01298877411 1.579782248
v -0.04021339864 0.01316763461 1.579715967
v -0.0405215174 0.0125988517 1.579072833
v -0.04039479792 0.01245726459 1.579190612
v -0.04023360834 0.01338096522 1.579585671
v -0.04056107253 0.01277642883 1.578887463
v -0.04003637284 0.01364449225 1.579315186
v -0.04038371891 0.01302296855 1.578564405
v -0.03932080418 0.01399928145 1.580001712
v -0.03962831572 0.01352821849 1.579175949
v -0.03983139247 0.0136610195 1.579197764
v -0.03965332732 0.01273569651 1.57862258
v -0.03993873298 0.01297253929 1.578477383
v -0.03976086155 0.01206054538 1.578091383
v -0.04005705938 0.01221784763 1.577884912
v -0.0395668298 0.01114646159 1.578063965
v -0.03975492716 0.01124738157 1.577724934
v -0.03957241029 0.01186342444 1.578379989
v -0.03954043612 0.01173295639 1.578594089
v -0.03952516243 0.01107143145 1.578304291
v -0.03962701559 0.01163130999 1.578784347
v -0.03960168734 0.01099985838 1.578508139
v -0.03977166861 0.01158575621 1.578890085
v -0.0399767831 0.011581745 1.578931928
v -0.03994487226 0.01092658471 1.578643203
v -0.03974058479 0.0109539479 1.578614593
v -0.04032197967 0.01166598778 1.578843474
v -0.04028695449 0.01094145514 1.578519225
v -0.04050418735 0.01176365931 1.578698397
v -0.0406325981 0.01185976155 1.578546047
v -0.04059391096 0.01103831269 1.578177691
v -0.0404673703 0.01098692231 1.578350067
v -0.04067489505 0.01199451648 1.578319907
v -0.04063482955 0.01112350915 1.577926755
v -0.04050884396 0.01220758259 1.577948928
v -0.04047501832 0.0112771485 1.577521443
v -0.04016832635 0.01306289993 1.578455925
v -0.04029403627 0.01226424798 1.57783711
v -0.04003831372 0.01132376492 1.577469587
v -0.04026737064 0.01133382414 1.57740283
v -0.03965520486 0.01036917046 1.577555299
v -0.03992466629 0.01037069224 1.577286124
v -0.0395097509 0.009509664029 1.577516198
v -0.03975139186 0.009446647018 1.577283263
v -0.03947210312 0.01035637595 1.577902079
v -0.03942875192 0.01033979096 1.578148961
v -0.039282199 0.009570487775 1.578111529
v -0.03932702169 0.009558798745 1.577869177
v -0.03950248286 0.01029617619 1.578352451
v -0.03935367987 0.009552752599 1.578307152
v -0.03963781893 0.01025594119 1.578454971
v -0.03983605653 0.01021463238 1.578474045
v -0.03967544064 0.009471960366 1.578413725
v -0.039484974 0.009519446641 1.578403115
v -0.04016443714 0.01017787214 1.578330636
v -0.0399854295 0.009396881796 1.57826376
v -0.04034044221 0.01017908938 1.578154683
v -0.04046535492 0.01019048598 1.577979207
v -0.04027270526 0.009336793795 1.577922106
v -0.04015277699 0.009360599332 1.578091383
v -0.04050510004 0.01022548694 1.577725291
v -0.04031071067 0.009330400266 1.577679276
v -0.04034633562 0.01030653808 1.577317357
v -0.04015434533 0.009359834716 1.577294469
v -0.04014369845 0.01034964435 1.577204227
v -0.03995871544 0.009399001487 1.577197194
v -0.03952052072 0.008547659963 1.577339768
v -0.03972584009 0.00847207848 1.57725668
v -0.03927164525 0.008679272607 1.57758975
v -0.03890435398 0.007881904952 1.577693582
v -0.03917922825 0.007654862478 1.577419162
v -0.03911182657 0.008787636645 1.577921629
v -0.03907768428 0.008828750812 1.578159213
v -0.03875182196 0.008196477778 1.578330636
v -0.03875663131 0.008092132397 1.57807076
v -0.03915601224 0.008837271482 1.578354001
v -0.03886095434 0.008233005181 1.578544378
v -0.03928978369 0.008807574399 1.578447104
v -0.03947705403 0.008749742061 1.578460336
v -0.03922640905 0.008124586195 1.578677058
v -0.03901549056 0.008204356767 1.578649879
v -0.0397827737 0.008627076633 1.578313828
v -0.0395770967 0.007932973094 1.578541398
v -0.03994816542 0.008547186852 1.578141212
v -0.04006593674 0.008483596146 1.577970624
v -0.03989549726 0.007656540722 1.578158379
v -0.03976587579 0.007784906775 1.57835269
v -0.04009556025 0.008437044919 1.577727795
v -0.03990051523 0.007543274667 1.577880859
v -0.03992400318 0.008428812958 1.577349067
v -0.03964977711 0.007474795915 1.577452898
v -0.03931087255 0.006583833601 1.577714443
v -0.03941106796 0.007527024485 1.577342153
v -0.03899600729 0.006650488824 1.577575684
v -0.03871451691 0.006839439739 1.577640414
v -0.03829688206 0.006149848923 1.578089356
v -0.03859331086 0.005948686507 1.578032494
v -0.03840078041 0.007188232616 1.577933431
v -0.03797597438 0.006539684255 1.578379631
v -0.03826970607 0.007511591539 1.578360677
v -0.03830916062 0.007670843974 1.578656793
v -0.03796431422 0.007104291581 1.579131365
v -0.0378731899 0.006909472868 1.578846812
v -0.03848089278 0.007731898688 1.578899384
v -0.03820246458 0.007204969879 1.579340458
v -0.03867630661 0.007710419595 1.579025626
v -0.03894117847 0.007610308938 1.579066038
v -0.03868636489 0.007135121152 1.579457998
v -0.03841919452 0.007219525985 1.579431415
v -0.03937716782 0.007355554029 1.578950405
v -0.03912547231 0.006885238923 1.579367042
v -0.03959921747 0.007125094533 1.578753233
v -0.03973945603 0.006913873367 1.578538299
v -0.03946125507 0.006295432802 1.579013109
v -0.03933623433 0.006585760042 1.579205513
v -0.03969836608 0.006719768979 1.578213096
v -0.03939262033 0.006057720631 1.578668475
v -0.03893746063 0.005885262042 1.578174114
v -0.03863105178 0.005398098845 1.578707695
v -0.0384195447 0.005111888517 1.579274297
v -0.03832081333 0.005446870346 1.578601599
v -0.03813565522 0.005168144591 1.57922709
v -0.03806417063 0.005639604758 1.578647256
v -0.03791731223 0.005367107689 1.579230547
v -0.03773206472 0.005702599883 1.579252958
v -0.03759264946 0.005807111505 1.579803109
v -0.03769361228 0.005316040013 1.580010533
v -0.03770019487 0.006307465956 1.579553962
v -0.03778590262 0.006011407822 1.578890204
v -0.03787305579 0.006612399127 1.579728127
v -0.03813126311 0.006786224432 1.579809904
v -0.03853384033 0.006801234093 1.579808474
v -0.03896053508 0.00663137855 1.579765916
v -0.03915170953 0.006264319643 1.579606771
v -0.03826202452 0.004845234565 1.579992175
v -0.03866993636 0.004777939059 1.579822183
v -0.04056658596 0.002524065087 1.579699755
v -0.04081225023 0.002429289278 1.58005774
v -0.04031814635 0.002752820496 1.579473138
v -0.03993093595 0.002828908619 1.579729199
v -0.04019476846 0.002545387484 1.579968929
v -0.0405250378 0.002388608409 1.580237389
v -0.04019600153 0.003078009468 1.579299808
v -0.04035144672 0.0041583688 1.579058766
v -0.04061674327 0.004248664249 1.578960776
v -0.03931349516 0.002886862494 1.580117583
v -0.03972548246 0.002446108032 1.5803231
v -0.0398658216 0.003202992026 1.579485416
v -0.03939290345 0.003414146136 1.579701662
v -0.03879920021 0.003704020055 1.580056906
v -0.03867197782 0.003314201953 1.58041048
v -0.03863395005 0.002904782305 1.580768466
v -0.03893520683 0.002571746008 1.580765367
v -0.03932626173 0.002289221156 1.580805779
v -0.0408487767 0.004228019156 1.578891158
v -0.03969151527 0.002142915037 1.580845952
v -0.04008306935 0.002227426041 1.580560446
v -0.0395918712 0.003834951436 1.579418898
v -0.03901302442 0.004184600897 1.579729319
v -0.03992460668 0.003645287827 1.579288602
v -0.03998972476 0.004260334652 1.579170704
v -0.03948299959 0.004669415299 1.579324484
v -0.03830131888 0.003723398782 1.581056356
v -0.03851233423 0.003025600919 1.581262231
v -0.03838547319 0.003835342126 1.581762314
v -0.03790747002 0.004515622277 1.58129847
v -0.03805971146 0.00456469506 1.581763983
v -0.038628418 0.003175422549 1.581876397
v -0.03828699887 0.004059752915 1.580583096
v -0.03785024956 0.004633744247 1.580893278
v -0.04153457657 0.004625794943 1.580149055
v -0.04163264856 0.004788365215 1.579923511
v -0.04147542268 0.004632569849 1.580229163
v -0.03714963421 0.005869425833 1.581428289
v -0.03744893149 0.005266082473 1.581115127
v -0.03737178072 0.005490128882 1.580863953
v -0.03712623194 0.006014734507 1.581165671
v -0.04142443091 0.00507471757 1.580041766
v -0.0381330438 0.00711412821 1.580459833
v -0.03854249418 0.007161746733 1.580270648
v -0.03781695291 0.007303450257 1.580980301
v -0.03756649047 0.006967477035 1.580882549
v -0.03780021518 0.006726237945 1.580376387
v -0.03832551837 0.007867166772 1.58086884
v -0.0380666852 0.00778423436 1.581210494
v -0.03864003345 0.007895582356 1.580659389
v -0.03787760064 0.006104873493 1.582408309
v -0.03745570034 0.005859313067 1.58199513
v -0.03716681898 0.006303329952 1.582185864
v -0.03741105273 0.006457166281 1.582503796
v -0.03804177418 0.005399927497 1.582268715
v -0.03771643713 0.005266153254 1.581845284
v -0.03854223341 0.006169491448 1.582640529
v -0.03848042712 0.005552084185 1.582717896
v -0.03810109943 0.00676513277 1.582536221
v -0.03872963414 0.006737953052 1.582434893
v -0.03783235326 0.007632141002 1.581660867
v -0.03736758605 0.007704839576 1.581885219
v -0.03707092255 0.007924901322 1.581978917
v -0.03681058437 0.007956722751 1.581926942
v -0.03708575666 0.007597369142 1.581685543
v -0.03607522324 0.007069993764 1.583138704
v -0.03648116812 0.006903451402 1.582920671
v -0.03635564446 0.006963660009 1.582705379
v -0.03592811152 0.007206317969 1.583003521
v -0.04080245271 0.005899598822 1.580976486
v -0.04052537307 0.006063356064 1.580607772
v -0.0407991372 0.005825647153 1.58029139
v -0.04093681648 0.005574662238 1.580587864
v -0.04011023417 0.006172508467 1.580144644
v -0.0396653302 0.006130920723 1.579738855
v -0.04009437189 0.005813433789 1.579474568
v -0.04044758528 0.005877474323 1.579852104
v -0.03977491334 0.006652553566 1.580426216
v -0.03933951259 0.006675225683 1.580042005
v -0.03947330639 0.006394150667 1.579889059
v -0.03993399814 0.006415396929 1.580296874
v -0.04039889202 0.006342491135 1.580772161
v -0.04072575271 0.006193038542 1.581183791
v -0.04057698324 0.006462226622 1.581310272
v -0.04023719206 0.006579066627 1.580883741
v -0.0406646505 0.002346401336 1.581495643
v -0.03999356925 0.002291615587 1.581839561
v -0.0401551798 0.002571434947 1.582397223
v -0.04064742476 0.002615823876 1.582231283
v -0.04036333784 0.002185299993 1.580966711
v -0.03982014582 0.002136209514 1.581272125
v -0.04109529033 0.002808032557 1.582053065
v -0.04116290063 0.002648957307 1.581444383
v -0.04142874852 0.003081668634 1.581850648
v -0.0414374657 0.002951226663 1.581348896
v -0.04121727124 0.003096636385 1.58264339
v -0.04154033214 0.003343123943 1.582392573
v -0.04081679136 0.002922331681 1.582871556
v -0.04111301899 0.003212768817 1.583500504
v -0.04147194698 0.003400804708 1.583221912
v -0.04038421065 0.002861137968 1.583044529
v -0.04071692005 0.003139233682 1.583724499
v -0.03994633257 0.002954316791 1.583163857
v -0.04030270875 0.003221908119 1.58386147
v -0.03966975212 0.002685739426 1.582509518
v -0.03943989426 0.002415814437 1.58196938
v -0.03923587501 0.002954691416 1.58254528
v -0.03954118863 0.003207044676 1.583212495
v -0.03896803409 0.002703336766 1.581977367
v -0.03928838298 0.002273811493 1.581393242
v -0.03883336112 0.002563991118 1.58138299
v -0.03889253363 0.003380542621 1.582481027
v -0.03917430714 0.003609787906 1.583164215
v -0.03861540556 0.00398202287 1.582365632
v -0.03885501623 0.004180030897 1.583025455
v -0.03914709762 0.004405394197 1.583641291
v -0.03860362247 0.0048732711 1.582847357
v -0.03894465789 0.005073374137 1.583380699
v -0.03894397244 0.005712806713 1.583125353
v -0.03941942751 0.005844417028 1.583480716
v -0.03937545046 0.005279343575 1.583804488
v -0.03912368789 0.0062537333 1.582868814
v -0.03945784271 0.006716026925 1.5824368
v -0.04006765038 0.006542798597 1.582900405
v -0.03965677693 0.006285423413 1.583174467
v -0.04014660791 0.006735626142 1.582110167
v -0.0405533351 0.006599389017 1.582596421
v -0.03969221562 0.007200719323 1.581301451
v -0.03984931484 0.006948516704 1.581671119
v -0.03923489526 0.007749277167 1.580661774
v -0.03946791962 0.007502682507 1.580939651
v -0.03951868787 0.008076578379 1.581144452
v -0.03895557672 0.007857843302 1.580590487
v -0.0388940908 0.00714395009 1.580218792
v -0.03922462091 0.007128086872 1.580335617
v -0.03980038688 0.005430411547 1.579302192
v -0.04033314809 0.005132047925 1.579068899
v -0.04057569429 0.005491995253 1.579208255
v -0.04099743441 0.004757729359 1.578843832
v -0.04084029794 0.004888217896 1.57889533
v -0.04158244655 0.00492630573 1.579240441
v -0.04107440263 0.002451176289 1.580809712
v -0.04134628922 0.00269137742 1.580847144
v -0.04080946371 0.00234796619 1.580551982
v -0.04153874516 0.003011675552 1.580735207
v -0.04162037 0.003366159275 1.580601811
v -0.04157689214 0.003819619538 1.580519557
v -0.04171710461 0.00367381284 1.582059503
v -0.04193649441 0.003958108835 1.582652688
v -0.04192466661 0.004356382415 1.582396746
v -0.04176772758 0.003651841078 1.582933187
v -0.0420729965 0.004008857068 1.58346796
v -0.04224315286 0.004309128039 1.583129048
v -0.04178410023 0.003750849515 1.583772421
v -0.04146443307 0.003569977358 1.584006906
v -0.04110495374 0.003516459372 1.584221482
v -0.04070708156 0.003596680705 1.584358931
v -0.04030440003 0.00381075521 1.584385872
v -0.03989510983 0.003462865483 1.583894849
v -0.03949894011 0.003852956695 1.583822012
v -0.03991227597 0.004167964682 1.584297299
v -0.03955981135 0.004683892243 1.584092617
v -0.04097002 0.006507530808 1.582391858
v -0.04062533751 0.006576854736 1.581890345
v -0.04027796909 0.006711781025 1.581442237
v -0.04094517231 0.006345419213 1.581784248
v -0.04130092636 0.006335922517 1.582304835
v -0.04120742902 0.005915869027 1.581740618
v -0.04163716361 0.005956009962 1.582303882
v -0.04156111926 0.004965544678 1.581933737
v -0.0420294404 0.005270697176 1.582504869
v -0.04110775143 0.005648198538 1.581411481
v -0.04118288308 0.005297571421 1.580275893
v -0.0413262099 0.00462397933 1.580506921
v -0.04224850237 0.004679331556 1.582823873
v -0.0399764739 0.006857681088 1.581049919
v -0.03958648071 0.007013752591 1.580651879
v -0.04084202647 0.005563887302 1.579567432
v -0.0412568599 0.005228267983 1.579360247
v -0.04106066748 0.005165796261 1.579011083
v -0.04167709872 0.004921304528 1.579641342
v -0.04141871259 0.005232810508 1.579764366
v -0.04110531136 0.005551156588 1.579989076
v -0.03831619769 0.004420142155 1.580282927
v -0.03695771098 0.006689731963 1.582689881
v -0.0367982313 0.006653503515 1.582432389
v -0.03699560836 0.006301965564 1.581946135
v -0.03666291758 0.006701819133 1.582234859
v -0.03624802083 0.007065989077 1.582534313
v -0.0365672484 0.006793009117 1.58206737
v -0.0361802727 0.007193212397 1.582383633
v -0.03582791612 0.007365833502 1.582874417
v -0.03577988595 0.007544964086 1.582729816
v -0.03616484255 0.007325609215 1.5822469
v -0.03578917682 0.007718109526 1.582578421
v -0.03627770767 0.007585761137 1.582028508
v -0.03598115593 0.008006388322 1.582298756
v -0.03585462272 0.007877551019 1.58243072
v -0.0362001285 0.007458470762 1.582127213
v -0.0361687839 0.008103268221 1.582181215
v -0.03639756143 0.007701422088 1.581950307
v -0.03655856103 0.007883256301 1.581930041
v -0.03634559736 0.008169282228 1.582111001
v -0.03654593602 0.008432247676 1.582180023
v -0.03673039004 0.007322247606 1.581646681
v -0.03688134253 0.007457657717 1.581628084
v -0.03661512211 0.007180586457 1.581714392
v -0.03692984581 0.006795353256 1.58136344
v -0.0370698832 0.007000793703 1.58128953
v -0.03653064743 0.00692406483 1.581917167
v -0.03649371862 0.007119352464 1.5818609
v -0.03684994206 0.006519705523 1.581563234
v -0.0368851833 0.006370281801 1.581751108
v -0.03725514188 0.005820170045 1.581694603
v -0.03753390163 0.005213645287 1.581474304
v -0.03734749928 0.006695470773 1.580866218
v -0.03719668835 0.006390619092 1.580937862
v -0.03741776571 0.006032602862 1.580434561
v -0.03756059706 0.006421498489 1.580351591
v -0.03724669665 0.007185452152 1.581299424
v -0.03747303411 0.007397767156 1.581393123
v -0.0406281203 0.004984599538 1.578966141
v -0.04084470496 0.005320880096 1.579093695
v -0.04106462747 0.005388536025 1.579444289
v -0.04131381586 0.005181055982 1.580138206
v -0.04127248004 0.005388547201 1.579855561
v -0.04142019898 0.004601690453 1.580330014
v -0.04162540659 0.003008432686 1.580528975
v -0.04147086665 0.002719476586 1.580578089
v -0.04125861079 0.002507457742 1.580543756
v -0.03941268101 0.009535642341 1.577667594
v -0.03795353323 0.005019501783 1.580042362
v -0.03749943152 0.005402270705 1.580569744
v -0.03786436841 0.004855567124 1.580510259
v -0.03831185028 0.004697458353 1.582274914
v -0.04055977613 0.003978885245 1.578946471
v -0.0416245386 0.00420227088 1.580241203
v -0.04104572907 0.002410417423 1.580353498
v -0.04133246839 0.004735088442 1.578889251
v -0.04022035375 0.003453309648 1.579137444
v -0.04170515388 0.003764254274 1.58033967
v -0.04170627147 0.003356612287 1.580439687
v -0.04159460962 0.004476847593 1.580140233
v -0.04035263509 0.003746952163 1.579024553
v -0.04132078215 0.004707157146 1.580782294
v -0.04176359996 0.004199858755 1.582113385
v -0.04158339649 0.003337703645 1.581689358
v -0.04153134301 0.003164469497 1.581285596
v -0.04151738435 0.003046785016 1.580992937
v -0.04159652442 0.003380992217 1.580766082
v -0.04155443609 0.00384012307 1.580652356
v -0.04102550447 0.005299490411 1.580682635
v -0.04088974744 0.005722925067 1.581034064
v -0.04090898857 0.005574505311 1.580760121
v -0.04160838574 0.003443888854 1.580993295
v -0.04157057405 0.00393913174 1.580900431
v -0.04101660848 0.006420256104 1.583850503
v -0.04089456424 0.006294859573 1.583952188
v -0.04081555828 0.006508162245 1.583417654
v -0.04161157832 0.006316322368 1.584382296
v -0.04198330268 0.006525342353 1.58446753
v -0.04214801639 0.006867143326 1.584302664
v -0.04355698079 0.006854078732 1.584700108
v -0.04360968247 0.01034576446 1.582969189
v -0.04317688569 0.01054466888 1.582809806
v -0.0421718061 0.009991159663 1.582334161
v -0.04247609153 0.009827735834 1.582382441
v -0.04041686654 0.01023664698 1.581171155
v -0.04022276774 0.009821548127 1.5811553
v -0.04152106121 0.006107915193 1.585801482
v -0.04185972363 0.006085088011 1.585734248
v -0.03613007441 0.008311681449 1.584156036
v -0.03591568768 0.008344211616 1.584364653
v -0.0358934477 0.008042495698 1.588557005
v -0.03654366732 0.008060522377 1.589199662
v -0.03618146852 0.007913678885 1.588919044
v -0.04063731432 0.00648189988 1.588334203
v -0.04099784791 0.00624850858 1.587887883
v -0.04179398715 0.006144477986 1.586082101
v -0.04179375246 0.004542747047 1.58597815
v -0.04159310088 0.004239983857 1.585393429
v -0.04150113091 0.004381658509 1.585758805
v -0.04041446373 0.006324367598 1.583638072
v -0.04110674188 0.006702438928 1.589405894
v -0.03540702164 0.007312774658 1.584897041
v -0.03521697223 0.007279180456 1.584909558
v -0.03711954132 0.007382431068 1.589028955
v -0.03742496669 0.007348976098 1.58928895
v -0.04083785415 0.006474558264 1.588056684
v -0.04199454188 0.006680822931 1.587778449
v -0.03749566898 0.007624282502 1.582487226
v -0.03539030254 0.007281607017 1.5847224
v -0.03726544976 0.007469925564 1.582885027
v -0.03667706251 0.01032610517 1.583067298
v -0.03668576479 0.01072333194 1.58318758
v -0.03656579182 0.01027142256 1.58328867
v -0.0369746089 0.01193762943 1.583201885
v -0.0372347869 0.01223459467 1.582999349
v -0.03887048364 0.01379588619 1.581522584
v -0.03842509538 0.01385282166 1.581805825
v -0.03979097679 0.01385235786 1.579719663
v -0.03940841556 0.01402656175 1.58005178
v -0.04002607986 0.01339193061 1.578815222
v -0.03962446749 0.009479235858 1.577391505
v -0.03940558434 0.009105572477 1.577549219
v -0.03851921111 0.007795915939 1.578193545
v -0.03879657015 0.007371916436 1.579268098
v -0.0391744636 0.007488854229 1.579029202
v -0.04071522877 0.004250762518 1.57892549
v -0.03796959296 0.004524291959 1.581524372
v -0.0378704071 0.004550950136 1.581091166
v -0.0406679064 0.006329408847 1.581252813
v -0.03898793459 0.004288558383 1.58334887
v -0.03871759027 0.004519921727 1.582935691
v -0.04036593437 0.006476007402 1.583235621
v -0.04071764648 0.00456663128 1.578923345
v -0.04092721641 0.006092347205 1.581430197
v -0.03719028085 0.006579795852 1.582587838
v -0.03637968004 0.006996122655 1.582223654
v -0.0365411751 0.006851144601 1.581990361
v -0.03673579544 0.006586800329 1.581909895
v -0.03771268949 0.004873055033 1.581384659
v -0.04074338451 0.005209969357 1.57899642
v -0.03943713754 0.009529147297 1.577622294
v -0.03983645886 0.008292494342 1.581654668
v -0.03996095434 0.008671034127 1.58181262
v -0.04285134748 0.007399115711 1.58430481
v -0.04245878384 0.007233865559 1.584135175
v -0.04419530556 0.008910005912 1.583954811
v -0.04401793331 0.009262248874 1.583717465
v -0.04296154529 0.009464656934 1.582677364
v -0.04270463437 0.009710624814 1.582620502
v -0.04260798916 0.01084849425 1.581833363
v -0.04304240644 0.0107567329 1.5821172
v -0.03911404312 0.009436131455 1.58172369
v -0.03943805024 0.009755311534 1.581867695
v -0.03577171266 0.007442389615 1.584652424
v -0.03592855483 0.007505247835 1.584525585
v -0.03566355258 0.00826183334 1.585127831
v -0.03570668772 0.0081972396 1.585411668
v -0.03863327578 0.007654051296 1.590034366
v -0.03912032023 0.007678565569 1.590031505
v -0.04072644562 0.004262504634 1.584985971
v -0.04046920687 0.004301822279 1.584727883
v -0.03870515898 0.007923357189 1.590000272
v -0.03467459232 0.00757579878 1.585103989
v -0.03471866995 0.007653078064 1.584799528
v -0.03827147186 0.007390841842 1.589089155
v -0.03798086941 0.007553600706 1.588959217
v -0.0410638079 0.006474622525 1.587813854
v -0.0413248539 0.006479920819 1.58757937
v -0.0424284786 0.006040426902 1.587763786
v -0.04243336618 0.005740151741 1.587422848
v -0.04006171227 0.007708645426 1.589673877
v -0.0396450609 0.007905742154 1.589672446
v -0.03711304814 0.007969891652 1.582801938
v -0.03702033311 0.008268132806 1.582534194
v -0.03717780113 0.008075088263 1.582367659
v -0.03729622066 0.007804295979 1.582618356
v -0.03485330939 0.007517014164 1.58456254
v -0.03492791206 0.007735131308 1.584225655
v -0.03580408916 0.007366753183 1.584451675
v -0.03675039113 0.009287336841 1.582914472
v -0.03664821759 0.009778019041 1.583162427
v -0.03669431433 0.00980957225 1.582982183
v -0.03640535101 0.01026502438 1.583432317
v -0.0365527533 0.0107583655 1.58335495
v -0.03604529053 0.01190404035 1.583050847
v -0.03588159382 0.01146270521 1.582989216
v -0.03781047463 0.01380533725 1.581917524
v -0.03923919052 0.01394252479 1.579964042
v -0.03940631449 0.01371669956 1.579551458
v -0.03954495117 0.01141445618 1.578431845
v -0.03956432268 0.01167994179 1.578689218
v -0.03968693689 0.01024344191 1.578471065
v -0.03968767077 0.007853003219 1.578447342
v -0.03948069736 0.007629551459 1.578732967
v -0.03919823095 0.006372190081 1.579421997
v -0.03912833333 0.002418855205 1.580784917
v -0.0371848084 0.00782135129 1.58194232
v -0.03722308576 0.007658062503 1.581765056
v -0.03954832256 0.002183709294 1.581352353
v -0.03885119036 0.002536128741 1.581074595
v -0.03978214413 0.006608557887 1.582654476
v -0.03983717412 0.006761854514 1.58225894
v -0.04049666971 0.004003240727 1.584565639
v -0.04181864858 0.005123520736 1.582265973
v -0.03602559865 0.007664572448 1.582283854
v -0.04094608873 0.002391202841 1.580429196
v -0.04347764328 0.007379383314 1.583308101
v -0.04338812828 0.007769577671 1.583351612
v -0.04379817843 0.008505396545 1.583097339
v -0.04351455346 0.008767429739 1.583016396
v -0.04382036626 0.0102758687 1.582537651
v -0.04341915622 0.01044039708 1.582265973
v -0.04008065537 0.01057084091 1.58144331
v -0.03969216719 0.01023738831 1.581565022
v -0.03948284686 0.009035879746 1.582019091
v -0.03841088712 0.008472666144 1.581304908
v -0.03492208943 0.00816408731 1.585801601
v -0.03513320163 0.008240357041 1.585752726
v -0.0358887054 0.008228043094 1.587108254
v -0.03507733718 0.008210049942 1.586141706
v -0.04011759162 0.006694544107 1.589594126
v -0.04053566605 0.006580117159 1.589501023
v -0.04200817645 0.006406001747 1.587059259
v -0.04002155736 0.006101519801 1.58376193
v -0.03703800961 0.008206697181 1.588588476
v -0.03652070463 0.008203008212 1.588050008
v -0.03681186214 0.008146476001 1.588287711
v -0.03603402525 0.008138135076 1.587049127
v -0.03515763953 0.007856217213 1.587446213
v -0.03988322616 0.006973063573 1.588814974
v -0.04182388261 0.006529495586 1.587355018
v -0.04083732888 0.007366347127 1.589376688
v -0.04114597663 0.007235634141 1.589073062
v -0.03527527303 0.007652930915 1.583581805
v -0.03526670113 0.007842517458 1.583484054
v -0.03518626839 0.007729729638 1.583708525
v -0.03680509329 0.00695578102 1.583120465
v -0.03588333726 0.009720670059 1.582671762
v -0.03572493047 0.0100355139 1.582794785
v -0.03557918221 0.01070019417 1.583035827
v -0.03592951223 0.01032865327 1.582742572
v -0.0356438458 0.01110587176 1.583154678
v -0.03752725571 0.01278378069 1.581711411
v -0.03763923422 0.01264577918 1.581729174
v -0.03780777752 0.01284158044 1.581462145
v -0.03890474141 0.01332205348 1.579939723
v -0.03906355426 0.01303911582 1.579672694
v -0.03957051784 0.01231989451 1.579531193
v -0.03954634443 0.01251471974 1.579807401
v -0.04031856358 0.01131096855 1.578663945
v -0.04042948037 0.01171594858 1.578772187
v -0.04021612927 0.009347828105 1.578008413
v -0.04031252861 0.009329624474 1.577822924
v -0.04016744718 0.008909262717 1.577932715
v -0.03948832676 0.007012025453 1.577558041
v -0.03952272981 0.007488283794 1.577358246
v -0.03799374402 0.005473172292 1.578919172
v -0.03791338205 0.00581863476 1.578727007
v -0.04031952098 0.00231427839 1.580388784
v -0.03728988394 0.005573858973 1.581264019
v -0.03712550551 0.005920631811 1.581297874
v -0.03818832338 0.008049285039 1.581332207
v -0.03652093187 0.006914574187 1.583072066
v -0.04129808769 0.003296191338 1.583364964
v -0.04091862589 0.003158361884 1.58362186
v -0.03965931386 0.005892108195 1.583669305
v -0.03946029022 0.007785778493 1.581062436
v -0.04067329317 0.002352343407 1.580392122
v -0.04128992185 0.003382553812 1.58376348
v -0.03951341286 0.007243737578 1.580795884
v -0.03701910749 0.006133971736 1.581591129
v -0.03719322756 0.005836864002 1.581560135
v -0.03706493974 0.007310412358 1.581472754
v -0.04253442213 0.006945745088 1.58315742
v -0.04254607484 0.006494768895 1.58302772
v -0.04442064092 0.006753895897 1.584086657
v -0.04462182894 0.007228717208 1.583886027
v -0.04474721849 0.008855449967 1.583771825
v -0.04471373558 0.009280923754 1.583378792
v -0.04230960459 0.0107901115 1.582452059
v -0.04266041517 0.01054780092 1.582655311
v -0.04063147306 0.009707627818 1.582004666
v -0.04025746882 0.009545261972 1.582020521
v -0.04012171552 0.009377872571 1.581173897
v -0.03575284779 0.00839852076 1.58430171
v -0.03568163887 0.008356491104 1.584579706
v -0.03610824049 0.008270154707 1.588367343
v -0.03579247743 0.008221711963 1.588071227
v -0.04088357091 0.006192672066 1.588745952
v -0.04055201262 0.0063496246 1.588886857
v -0.04261454567 0.005828695372 1.586454034
v -0.04188090935 0.005360449199 1.587147951
v -0.04177946597 0.005655963905 1.587740183
v -0.04196704552 0.005517437123 1.587457061
v -0.03581507877 0.007622948382 1.58637476
v -0.04124190286 0.006894020364 1.588142753
v -0.04132390395 0.006699535064 1.587851286
v -0.04254576191 0.006074978039 1.586807847
v -0.03914641216 0.007895288989 1.58930254
v -0.0383906886 0.008076848462 1.589255452
v -0.03515489027 0.007374990266 1.586575627
v -0.0349759087 0.007377938367 1.586241364
v -0.03520980105 0.007418805733 1.583954811
v -0.03530617058 0.007278101984 1.584220171
v -0.03508137539 0.007485455833 1.584091306
v -0.0354902409 0.007247592788 1.584127188
v -0.03626711294 0.008725773543 1.582328916
v -0.03724296018 0.01194504835 1.58242178
v -0.03710730001 0.01164884679 1.582613587
v -0.03828531876 0.01300520077 1.581989408
v -0.03801313415 0.0129468888 1.582316756
v -0.03950716183 0.0127307456 1.580101371
v -0.04046146199 0.01252770796 1.579133391
v -0.04056434333 0.01267548092 1.579000354
v -0.0406002067 0.01224471256 1.578792095
v -0.04050703719 0.01175217703 1.577708602
v -0.04040144756 0.01225588657 1.577859998
v -0.03962933645 0.008504429832 1.577279687
v -0.0393929705 0.008607001975 1.577446699
v -0.03936752677 0.008096896112 1.577371001
v -0.0378937386 0.006741969846 1.578616858
v -0.03785555065 0.006253289524 1.578642488
v -0.03832220286 0.006823026575 1.579816103
v -0.03813467547 0.006851620041 1.580105662
v -0.037700966 0.006851631217 1.580646753
v -0.03985412419 0.005979306065 1.579618216
v -0.03954799473 0.006267396733 1.579824567
v -0.03938478231 0.003084133845 1.582866192
v -0.03909292445 0.002821204253 1.582256198
v -0.03905222192 0.003146276576 1.582524061
v -0.03965095058 0.005053748842 1.579277754
v -0.04093492404 0.004829673097 1.578861237
v -0.04112064466 0.004808956757 1.578840852
v -0.03612340614 0.008195826784 1.587416291
v -0.04162723571 0.003647219623 1.58389461
v -0.03632892668 0.008322803304 1.582166553
v -0.0364280194 0.008481804281 1.582206845
v -0.03738468885 0.005531552713 1.581578851
v -0.0374507755 0.006827939302 1.580866575
v -0.03741430119 0.007075153291 1.58110106
v -0.04133607447 0.005324301776 1.579812288
v -0.04114500433 0.005944028031 1.586003184
v -0.04148305953 0.006102586165 1.586181283
v -0.041512236 0.006676238962 1.589125514
v -0.04080166295 0.007031660993 1.589621067
v -0.03539279476 0.008012547158 1.587814093
v -0.03560001031 0.007891720161 1.588217854
v -0.03632758185 0.00747144036 1.588194609
v -0.03686819971 0.007440926507 1.588725686
v -0.03667939827 0.007521387655 1.588383198
v -0.04014980793 0.006737460382 1.588720798
v -0.04041518271 0.006716847885 1.588476062
v -0.04188792035 0.006807010621 1.588156104
v -0.04215988517 0.006621914916 1.587890387
v -0.04202760011 0.004960749764 1.58653605
v -0.04177850485 0.00475201942 1.586298704
v -0.04120973498 0.006968120113 1.589361548
v -0.03515895084 0.007350380998 1.586198807
v -0.04118987173 0.006319744978 1.584105849
v -0.04127140343 0.006577200722 1.583815455
v -0.04145532101 0.006483249366 1.584135532
v -0.04173871875 0.006138275377 1.584616184
v -0.04398201406 0.007097880356 1.584609151
v -0.04370582104 0.007308403961 1.58461535
v -0.04406310245 0.007616564166 1.584519148
v -0.04349871725 0.009783828631 1.583254099
v -0.04359908402 0.009457113221 1.583440542
v -0.04191857949 0.009994620457 1.582121372
v -0.04158591479 0.0100322254 1.582115531
v -0.04070657492 0.01062496379 1.58122015
v -0.0414807573 0.006100056693 1.584690452
v -0.03632737696 0.008257974871 1.583961248
v -0.03647610545 0.008162324317 1.583820939
v -0.03902814537 0.008517026901 1.578429699
v -0.03924753517 0.008819375187 1.578428388
v -0.03849051148 0.007205204107 1.579443216
v -0.03892137855 0.00702220574 1.579429984
v -0.03858910128 0.006916309707 1.579621196
v -0.03953361884 0.002619905397 1.580225825
v -0.03934019059 0.003179118037 1.579877734
v -0.03894814104 0.003114880063 1.580236197
v -0.03908631578 0.002698901109 1.580456734
v -0.03708470613 0.007155712694 1.583072543
v -0.03655329347 0.008229745552 1.583657622
v -0.03666608781 0.01031881105 1.582820773
v -0.03674643487 0.01070039626 1.582903266
v -0.03714682162 0.01234635152 1.583120346
v -0.03685528412 0.01203687862 1.583313465
v -0.03712399304 0.01295207441 1.582989216
v -0.03818850964 0.01399039105 1.581635356
v -0.03979458287 0.01286990568 1.578534842
v -0.03972454369 0.01241924986 1.578341484
v -0.03986113891 0.009420393035 1.577220559
v -0.03964574635 0.008996600285 1.577309608
v -0.03597773984 0.007378503215 1.582551718
v -0.03616577014 0.007259291597 1.582313538
v -0.04094993696 0.005368955899 1.579248786
v -0.03817713261 0.004624195397 1.582011938
v -0.03786112368 0.005326993763 1.582050681
v -0.03825296462 0.005474765785 1.582494497
v -0.03749577701 0.007721981034 1.582050681
v -0.04041528702 0.006524809636 1.581097007
v -0.03902204335 0.00473364396 1.583515525
v -0.03931130469 0.004109448288 1.583744764
v -0.0393419452 0.004535920452 1.583887458
v -0.04080963135 0.006526637822 1.582129717
v -0.0404455699 0.006589092314 1.581367373
v -0.04075486213 0.006398894824 1.581540942
v -0.0411420539 0.006435602903 1.582338095
v -0.03902522475 0.007374538574 1.590016484
v -0.03856821731 0.007390858606 1.589965105
v -0.04114886001 0.005882301368 1.586363673
v -0.04141492397 0.006078475155 1.58653605
v -0.04063126817 0.004453347996 1.585251689
v -0.03790324181 0.008307648823 1.589549899
v -0.03556011245 0.007356063928 1.584837556
v -0.03463840485 0.007730800193 1.585311413
v -0.03464079648 0.007610623725 1.585619688
v -0.03857057542 0.007212357596 1.589233518
v -0.03889501467 0.007040066179 1.589362502
v -0.04087968543 0.004426386673 1.585555196
v -0.03853076696 0.007114664186 1.589471459
v -0.03698165342 0.008123464882 1.583006501
v -0.0396906659 0.00800575316 1.581506968
v -0.04010059685 0.008663218468 1.581545711
v -0.04324102402 0.007607826032 1.584382176
v -0.04304703325 0.007713889703 1.584125876
v -0.04336005077 0.007948026061 1.584205389
v -0.04361182824 0.008546353318 1.583957553
v -0.04340346903 0.008248720318 1.583982587
v -0.04325402901 0.009246664122 1.582728982
v -0.04360919818 0.009051971138 1.582805514
v -0.04213871807 0.01107120514 1.581662774
v -0.04164423421 0.01096843742 1.581424832
v -0.03885206208 0.00897468999 1.581748962
v -0.03857238218 0.008691789582 1.581550837
v -0.03989961743 0.00845996663 1.581346393
v -0.03565209731 0.008313734084 1.584853292
v -0.04001079872 0.008514327928 1.578057528
v -0.03985213116 0.00815605931 1.578222156
v -0.03955654427 0.006366993301 1.578433037
v -0.03558647633 0.007323177531 1.584643602
v -0.03656059131 0.007712036371 1.583705783
v -0.03630205616 0.007425719872 1.583814144
v -0.03630882502 0.007229712326 1.58356142
v -0.03690817952 0.007849810645 1.583256602
v -0.036549557 0.007421906572 1.583575726
v -0.03705575317 0.007664297707 1.583075166
v -0.03667383641 0.009514695033 1.582757592
v -0.03640495613 0.01079841703 1.583479762
v -0.03619049117 0.01027208008 1.583566189
v -0.0362887755 0.01232332177 1.58304882
v -0.03633454442 0.01220332645 1.582806706
v -0.03656884655 0.01262907684 1.58279264
v -0.03715185449 0.0129743088 1.582132578
v -0.03929044306 0.01304530352 1.579308271
v -0.03920886666 0.01276367158 1.579447627
v -0.03936952353 0.01268783584 1.579102993
v -0.03954366967 0.01103684586 1.578407764
v -0.03948486224 0.01071226504 1.578210235
v -0.03975608945 0.009846064262 1.578428745
v -0.04001190513 0.01019086689 1.578419089
v -0.03637147322 0.007259239443 1.581971884
v -0.03952620924 0.002190574771 1.580824137
v -0.04155302048 0.004713879433 1.580078483
v -0.04150652885 0.00463036634 1.580185533
v -0.03694806993 0.007949862629 1.581948996
v -0.04110523686 0.002700789366 1.581756592
v -0.04128346592 0.002942038234 1.581950784
v -0.04113517702 0.002946211491 1.582347393
v -0.0392671749 0.002259937814 1.581093073
v -0.03984457627 0.006439294666 1.583039165
v -0.04031118378 0.006594521925 1.582745671
v -0.0421686843 0.004945986439 1.582660794
v -0.03892463818 0.00708122272 1.589752913
v -0.03970015794 0.006807900965 1.589633226
v -0.03929162771 0.006916329265 1.589625597
v -0.04214867204 0.006268210709 1.586728692
v -0.04225509241 0.006122448482 1.586378098
v -0.03475402296 0.008035091683 1.585861921
v -0.03518052027 0.007606836502 1.587449074
v -0.03536043689 0.007733605802 1.587846756
v -0.04000706971 0.007228407077 1.588843942
v -0.04020991176 0.006960648578 1.58865118
v -0.04044562578 0.007579714991 1.58946085
v -0.03767273575 0.008175401017 1.58900404
v -0.03737556562 0.008131379262 1.588757515
v -0.03489755467 0.008122191764 1.586201906
v -0.03539349511 0.007539050188 1.583455086
v -0.03524264693 0.00751097966 1.583773136
v -0.04027446359 0.008974265307 1.581739426
v -0.04305616766 0.006405945402 1.583157778
v -0.0426116921 0.005944492295 1.583018422
v -0.04409469664 0.008185271174 1.58323729
v -0.04433247074 0.007777443621 1.583435535
v -0.04418152943 0.01005536318 1.582863808
v -0.04057053104 0.01067047566 1.581992149
v -0.04102622345 0.01075516455 1.582078576
v -0.04044369236 0.009340373799 1.581891418
v -0.04009445757 0.009106079116 1.581938505
v -0.0386596024 0.008637457155 1.581041932
v -0.03479417786 0.008085625246 1.585496783
v -0.03571738303 0.008256930858 1.587178111
v -0.03597099707 0.008252197877 1.587493181
v -0.04004991427 0.008950938471 1.578100324
v -0.03913717717 0.006595879793 1.577601194
v -0.03816422075 0.005054102279 1.582257032
v -0.03952371329 0.006633174606 1.577950001
v -0.03912227601 0.006207768805 1.577925086
v -0.03780528903 0.005546493456 1.579232931
v -0.03781165928 0.005317037459 1.579617739
v -0.03588437289 0.007266282104 1.58401978
v -0.03568276018 0.007206450682 1.583850384
v -0.03537084162 0.007423093542 1.583660007
v -0.03568255156 0.007239582948 1.584063649
v -0.03572998568 0.009394507855 1.582682371
v -0.03591460735 0.009158441797 1.582548022
v -0.03584581614 0.01064999774 1.582817912
v -0.03581832722 0.01103227772 1.582900643
v -0.03744131699 0.01302914694 1.581792593
v -0.03772323206 0.01303547435 1.581475139
v -0.0387932919 0.01286528073 1.580447435
v -0.03866621852 0.0128608793 1.580782056
v -0.03974455968 0.01211996749 1.579335928
v -0.04039344564 0.01096278615 1.578434467
v -0.0402344428 0.0105628781 1.578408718
v -0.03677353263 0.006987728179 1.581553102
v -0.03655838966 0.007118931971 1.581781745
v -0.03748314455 0.005223841406 1.581296921
v -0.03788053617 0.004924168345 1.581795931
v -0.03741676733 0.005355517846 1.580944419
v -0.03840277344 0.008226344362 1.581029177
v -0.03990803286 0.006271571852 1.583390117
v -0.04155796021 0.003889922518 1.580763459
v -0.04163137823 0.003519780701 1.583077431
v -0.04162812233 0.003567758948 1.583485484
v -0.03978779912 0.006936134771 1.58084929
v -0.04119959474 0.006048342679 1.588559985
v -0.0414933376 0.005916819442 1.588334918
v -0.04137248546 0.00606954284 1.588683844
v -0.03681960329 0.008328368887 1.58884263
v -0.03658042103 0.008302271366 1.588502765
v -0.03582657129 0.00756132789 1.586744308
v -0.03565322608 0.007523684762 1.586071491
v -0.03559204563 0.007466202136 1.586441398
v -0.03604549915 0.00749090407 1.588439465
v -0.0358603932 0.007455166429 1.588050246
v -0.04053830728 0.007352866232 1.58886838
v -0.04109433293 0.007069246378 1.58844316
v -0.04090141505 0.007240797393 1.588740826
v -0.04197406396 0.005170783028 1.586851716
v -0.04176619649 0.004984968808 1.586593628
v -0.03538024053 0.008872783743 1.583451629
v -0.03534169495 0.009456359781 1.583364248
v -0.04274985194 0.004798040725 1.584001184
v -0.04310606048 0.005208344664 1.584073305
v -0.04315565899 0.00531104859 1.583611727
v -0.04282080755 0.004896312952 1.583694696
v -0.04345955327 0.005534816068 1.583838701
v -0.0440938212 0.00635119807 1.584275842
v -0.04367523268 0.006078096107 1.584456682
v -0.04461324587 0.008414983749 1.584108353
v -0.04187613726 0.01080579404 1.582298875
v -0.04145014659 0.01092079841 1.582137465
v -0.04099386558 0.009815296158 1.581981897
v -0.04133951664 0.009895637631 1.581942439
v -0.03986871243 0.009619306773 1.581101179
v -0.03538543731 0.00840285141 1.58401072
v -0.03645066172 0.008307678625 1.588626623
v -0.03982243314 0.00844553858 1.577266932
v -0.03958177939 0.007998686284 1.577290416
v -0.03827304766 0.007608618587 1.57852447
v -0.03804343939 0.007217948325 1.578579068
v -0.03874597326 0.006744050421 1.579785824
v -0.03514097258 0.008181316778 1.584075689
v -0.03512639552 0.007324721664 1.584374547
v -0.03501925617 0.007425773889 1.584320188
v -0.03608555347 0.008948172443 1.582436204
v -0.03640725836 0.008861288428 1.58240211
v -0.03552717716 0.009822456166 1.583530068
v -0.03738970682 0.01219095662 1.582243443
v -0.03747745976 0.01219637133 1.582341075
v -0.03762101009 0.01239169948 1.582099438
v -0.03850887343 0.012986321 1.581625223
v -0.03859512135 0.01321735792 1.581772685
v -0.0388372764 0.01317290962 1.581413388
v -0.03920414299 0.01350111328 1.58117044
v -0.03943806514 0.01337840222 1.580802321
v -0.04047128931 0.01212561317 1.578929305
v -0.04037138447 0.01131849084 1.577425241
v -0.04042021558 0.01079195552 1.577392101
v -0.03767252341 0.006573949009 1.580355763
v -0.04073749483 0.004936425015 1.578930974
v -0.04120362177 0.005456266459 1.579905987
v -0.03852266818 0.006899581756 1.580035567
v -0.04026238993 0.005866556428 1.579642057
v -0.039352566 0.003388532437 1.583200932
v -0.03994385526 0.005681027658 1.579365134
v -0.04035078734 0.005641167983 1.579328299
v -0.04129058123 0.003526195651 1.584118843
v -0.03970989585 0.003328027437 1.583566546
v -0.04095567018 0.00507899886 1.578920722
v -0.03535825759 0.008512225002 1.582992196
v -0.03523278236 0.007268667221 1.584684014
v -0.0353814885 0.008222952485 1.582998872
v -0.03650255874 0.01046074927 1.58268702
v -0.03665229678 0.01073143817 1.582727551
v -0.0374337621 0.01261008717 1.582883358
v -0.03767520562 0.0129568316 1.582718968
v -0.03735055029 0.01274517551 1.58298564
v -0.03730002418 0.01335521787 1.582683563
v -0.03669346124 0.01269134134 1.583141565
v -0.03690714762 0.01307396218 1.582868457
v -0.03806877136 0.01389712468 1.581506848
v -0.03842964023 0.01405529305 1.581197262
v -0.04001918063 0.01261660457 1.578163862
v -0.040060848 0.01303340681 1.57845366
v -0.03943545371 0.01035322994 1.578038692
v -0.03940429166 0.009942706674 1.577869892
v -0.03896799311 0.008217690513 1.578627944
v -0.03867780417 0.007975644432 1.578706622
v -0.03949337825 0.002361229155 1.58054769
v -0.04132042825 0.006193071604 1.584342241
v -0.04200533777 0.006258520298 1.584617734
v -0.04234231263 0.006415826734 1.584675074
v -0.04243296385 0.006728595588 1.58457005
v -0.04436366633 0.007437926717 1.584449053
v -0.04318858311 0.009972309694 1.583035588
v -0.04295662418 0.01027198322 1.582849383
v -0.04225829989 0.009960062802 1.582133889
v -0.04263956845 0.009934460744 1.582172871
v -0.04024313018 0.01041792147 1.581230044
v -0.04002688453 0.0100035388 1.581157684
v -0.04096531495 0.006169761997 1.584239721
v -0.04196475446 0.006012686528 1.585427046
v -0.03622936457 0.008172951639 1.584198952
v -0.03605571389 0.008234119043 1.58440721
v -0.03733529523 0.008035460487 1.589686155
v -0.03691165894 0.00790931657 1.589478493
v -0.0412177518 0.006036782637 1.587418675
v -0.04112555832 0.00625630375 1.587602139
v -0.0420906879 0.005931909196 1.58517313
v -0.0414746888 0.004029526841 1.584845066
v -0.0413309671 0.004146410152 1.585192084
v -0.03509462252 0.007296434604 1.585140586
v -0.03505622223 0.007294707 1.584917784
v -0.04172127694 0.006919431966 1.588532805
v -0.04206078872 0.006353238132 1.588485599
v -0.04184016213 0.006628031842 1.588785172
v -0.04139121994 0.007103441283 1.588736773
v -0.03620868921 0.007527405862 1.587807894
v -0.03589386493 0.007457151078 1.587550521
v -0.03501462936 0.00734242145 1.585900307
v -0.03991203755 0.002316025551 1.580426574
v -0.03877992183 0.00291412184 1.581936836
v -0.0387525484 0.003270942252 1.582173824
v -0.03876436129 0.004971493036 1.583125949
v -0.04044350237 0.006641364656 1.581659555
v -0.04079954699 0.00647258386 1.581825137
v -0.04011586681 0.006709990557 1.580955386
v -0.03702740371 0.006774619222 1.582853198
v -0.03579748794 0.007454328239 1.582803488
v -0.0376091972 0.005227959249 1.581654787
v -0.04118377343 0.005400422029 1.579657674
v -0.03845401108 0.004781229421 1.582557917
v -0.0366897136 0.007840033621 1.583568096
v -0.03481780738 0.007693412714 1.584485412
v -0.03686755896 0.008266944438 1.583187222
v -0.03663408011 0.008054830134 1.583619118
v -0.03644514084 0.009863257408 1.582638383
v -0.03655908257 0.009448783472 1.582630396
v -0.03656769171 0.01003764011 1.582726598
v -0.0366120562 0.01118402462 1.583377361
v -0.03535010293 0.008568286896 1.583530664
v -0.03671838343 0.01160600595 1.583366156
v -0.03646436706 0.01125194132 1.583488107
v -0.03633491695 0.01234352961 1.583225846
v -0.03657811135 0.01271460578 1.582987428
v -0.03768407926 0.01335805841 1.581591487
v -0.03950423375 0.0133939907 1.579197049
v -0.03953936324 0.01300506108 1.578923821
v -0.0396319665 0.01132652536 1.578632593
v -0.03972524405 0.01159469411 1.578865886
v -0.03953265399 0.009507682174 1.578416228
v -0.03984178603 0.009431086481 1.578354359
v -0.03957718238 0.009104335681 1.578417897
v -0.03997446224 0.008063431829 1.578041792
v -0.04010282084 0.008456986398 1.577870965
v -0.03918431327 0.005950543098 1.578405261
v -0.04068282992 0.002421924612 1.58013308
v -0.04346552491 0.007472814061 1.584529996
v -0.04357660562 0.007864570245 1.584375143
v -0.04353041202 0.00880016759 1.583700657
v -0.04360858351 0.009126620367 1.583598495
v -0.04319388792 0.009543627501 1.582490325
v -0.04280786961 0.009674100205 1.582427859
v -0.04259930179 0.01103485003 1.581975579
v -0.03918429092 0.009305225685 1.581884861
v -0.03954791278 0.009630680084 1.581970811
v -0.0394324027 0.007376263849 1.581683278
v -0.03604701906 0.007766774856 1.584547639
v -0.03615273908 0.00802401267 1.584408164
v -0.03600767255 0.008127044886 1.584642768
v -0.03549261764 0.008278699592 1.585414767
v -0.03950531036 0.007379651535 1.589995861
v -0.04091034457 0.005655816756 1.586201429
v -0.04040021822 0.004571390804 1.584926009
v -0.04012159631 0.00472798571 1.584589362
v -0.04072757438 0.005375216715 1.586018205
v -0.04100507498 0.005291076377 1.586319447
v -0.03998523578 0.00737477839 1.589910865
v -0.03959288076 0.007645880803 1.58995235
v -0.03835560009 0.008255736902 1.589576483
v -0.03753175214 0.008334051818 1.589298248
v -0.03796059266 0.008287955076 1.589378834
v -0.03466917574 0.007820941508 1.58500123
v -0.03893202916 0.007216785103 1.589121342
v -0.03863211349 0.007408785168 1.589071751
v -0.03693328798 0.008430350572 1.582757115
v -0.03687696904 0.008541662246 1.582980871
v -0.04151477665 0.004957010038 1.579986811
v -0.03691983968 0.007761377841 1.581809759
v -0.04133047536 0.00281617837 1.581382155
v -0.03957635909 0.007401699666 1.581424594
v -0.03955759108 0.007862244733 1.58132267
v -0.04125593975 0.002661984181 1.581118226
v -0.04159227759 0.003183727618 1.580662489
v -0.04012463987 0.004342909437 1.584478736
v -0.0362720117 0.007899232209 1.582073927
v -0.0366916582 0.007922582328 1.581914544
v -0.03627243638 0.008139641955 1.582135677
v -0.04157929495 0.003010923043 1.580620289
v -0.03555374965 0.007389280945 1.583337784
v -0.0358620286 0.007327000145 1.584239364
v -0.03553368151 0.009678414091 1.582852483
v -0.03540759534 0.01000687946 1.583006263
v -0.03560554609 0.01034882106 1.582916141
v -0.03611379489 0.01058503985 1.582695127
v -0.03629608825 0.01084658876 1.58265245
v -0.03793116659 0.01272860169 1.581524134
v -0.03776824474 0.01256735437 1.581824422
v -0.03905054927 0.01276558638 1.580232263
v -0.03914454952 0.01268701442 1.579904437
v -0.03981278092 0.01267528534 1.579842448
v -0.03979887441 0.01237324998 1.57958293
v -0.04057188705 0.01181098353 1.57862401
v -0.04050016776 0.01138167828 1.578504801
v -0.04041370377 0.009777106345 1.577687144
v -0.04044320062 0.01026543509 1.577511668
v -0.03921121359 0.007072200533 1.577432394
v -0.03766868636 0.005741625093 1.579478025
v -0.03774632886 0.005824913736 1.579096198
v -0.04356306046 0.006362940185 1.583372116
v -0.04355832934 0.00690247491 1.58330524
v -0.04436182231 0.008561120369 1.583161235
v -0.04399876297 0.008840754628 1.582942486
v -0.04377371818 0.01038796827 1.582763076
v -0.04343695566 0.01060781442 1.58242476
v -0.04022237659 0.0103273252 1.582005739
v -0.04055935144 0.009292989969 1.581650734
v -0.0398116149 0.01006765943 1.581952214
v -0.03899042681 0.008651535027 1.580872893
v -0.04031758755 0.009076706134 1.581436157
v -0.03476184979 0.008001890965 1.584889531
v -0.03548079357 0.008252340369 1.586843729
v -0.03526506573 0.008237498812 1.586495876
v -0.04222796485 0.00638198806 1.587098122
v -0.04062055051 0.005034206435 1.585799098
v -0.03636714444 0.008144026622 1.587706089
v -0.03470252454 0.007971799001 1.585226893
v -0.03481581435 0.007466657553 1.586272001
v -0.03505531326 0.007510270458 1.587036133
v -0.03498621657 0.007434068713 1.586626291
v -0.03908532485 0.007724029478 1.589168429
v -0.03977191076 0.007489279378 1.589029551
v -0.04203632846 0.006542053539 1.587409973
v -0.04077087343 0.007427111268 1.589197993
v -0.04003775492 0.00776365865 1.589495778
v -0.04037815705 0.007592157461 1.589277864
v -0.03948202357 0.007708766498 1.589185119
v -0.03852746636 0.007154433522 1.589660048
v -0.03814042732 0.007294176146 1.589693904
v -0.03546045721 0.007654585876 1.583196282
v -0.03984961659 0.002164223697 1.580720782
v -0.03726632521 0.00572381448 1.580962896
v -0.03871904314 0.008299550042 1.58081007
v -0.03973599151 0.002121409168 1.581016898
v -0.04053812101 0.002993902192 1.583396196
v -0.04016328976 0.002887332346 1.583111405
v -0.03890891746 0.007483087014 1.580417752
v -0.04183658957 0.004243903793 1.582247734
v -0.03564476594 0.007455326617 1.583076835
v -0.03699627891 0.006906464696 1.581309438
v -0.03687378764 0.006658410653 1.581459522
v -0.03706970066 0.006597813684 1.581158161
v -0.03743107617 0.005444737617 1.58074367
v -0.03541471437 0.008496426046 1.583741784
v -0.03587172553 0.009556988254 1.583658934
v -0.03735034168 0.0121996887 1.582213879
v -0.03868054226 0.01293130405 1.581254721
v -0.03949905559 0.01357442141 1.580811501
v -0.03922508284 0.01370307803 1.581183076
v -0.04042277858 0.01310770586 1.579223633
v -0.04015138745 0.01352675073 1.579449773
v -0.04025495052 0.01268419437 1.578127384
v -0.03910753876 0.008266493678 1.577632785
v -0.03917990252 0.008750310168 1.577754021
v -0.03810822219 0.007398676593 1.578877091
v -0.03837379813 0.00771366246 1.578781128
v -0.03908615559 0.006439946592 1.579664469
v -0.04250436649 0.004659912549 1.584424138
v -0.04254398867 0.004567210097 1.583784699
v -0.04427640885 0.006869275123 1.584421277
v -0.04460599646 0.007274686825 1.584192634
v -0.04446405917 0.008908758871 1.583931088
v -0.04451415688 0.009340858087 1.583616138
v -0.04225623235 0.0106233377 1.582474709
v -0.04258802161 0.01039006747 1.582654119
v -0.04077773541 0.00955308415 1.581833482
v -0.04219749197 0.004277039785 1.584365487
v -0.03573224694 0.008527697995 1.583906889
v -0.03601538017 0.008889297955 1.583664775
v -0.03632994741 0.008259316906 1.588749647
v -0.03670689464 0.008309008554 1.588981032
v -0.04103606194 0.006077060476 1.588420391
v -0.04130928963 0.005925172009 1.588223457
v -0.04263136908 0.005583702587 1.586121082
v -0.04259779304 0.005320836324 1.585763216
v -0.04175960273 0.005796160549 1.588075757
v -0.03628233075 0.007534151897 1.588809371
v -0.04027802497 0.007539276965 1.589109182
v -0.03988115117 0.007640045136 1.589162946
v -0.03803552315 0.008061479777 1.589091659
v -0.03612178937 0.007593304384 1.587421656
v -0.03584162891 0.007501665968 1.587142348
v -0.0365781635 0.007588207722 1.589145064
v -0.03554652631 0.009022309445 1.583626747
v -0.03531496972 0.00869150646 1.58336544
v -0.03819032386 0.007835409604 1.581025839
v -0.03847820684 0.007888355292 1.580745935
v -0.03913956136 0.00663937442 1.579903364
v -0.03887657076 0.002619259991 1.58168602
v -0.03890610859 0.006855494343 1.580003023
v -0.04224426672 0.00421718834 1.583791018
v -0.0409088172 0.003539945232 1.584303141
v -0.04065581039 0.005711339414 1.579694629
v -0.04120105505 0.00501828175 1.578949332
v -0.03726150095 0.006560857408 1.580885291
v -0.03746327385 0.006550644524 1.580628872
v -0.038076967 0.004618114792 1.580424428
v -0.03933596238 0.008795901202 1.578461528
v -0.03925587982 0.007108395919 1.579165697
v -0.03950995207 0.007235167082 1.578854918
v -0.03965092823 0.003296180628 1.579584837
v -0.03655247763 0.00798367057 1.583754301
v -0.03674345464 0.008399610408 1.583317637
v -0.03669858724 0.008201491088 1.583474874
v -0.03550147265 0.008772370405 1.582756758
v -0.03546637669 0.008486518636 1.582782388
v -0.03648266569 0.01078661997 1.582653403
v -0.03631159291 0.01052903477 1.58265996
v -0.0377234295 0.01281159744 1.582612514
v -0.03754386678 0.01363470219 1.582312822
v -0.03795858845 0.01381522231 1.58206296
v -0.03831041232 0.01389680058 1.581080079
v -0.03990752995 0.01215122454 1.577969313
v -0.03977058455 0.01166621409 1.57788372
v -0.03964617476 0.01195833646 1.578237534
v -0.03936093301 0.009956678376 1.578118324
v -0.03944610432 0.01032139175 1.578252792
v -0.03779339045 0.008101824671 1.58982718
v -0.0413367562 0.005793942139 1.587249279
v -0.04144636914 0.005545642227 1.587064624
v -0.04208377749 0.006088553928 1.586048007
v -0.04216900095 0.005981504917 1.585720539
v -0.04157118872 0.003892916255 1.584524751
v -0.04153930396 0.005591499619 1.587363839
v -0.04043804482 0.007323594764 1.589756608
v -0.03827104345 0.008109516464 1.589892507
v -0.03784507886 0.008241182193 1.589709401
v -0.03499476612 0.00732050091 1.585379481
v -0.03750395402 0.007361765951 1.589104891
v -0.03725007921 0.007471107412 1.588827729
v -0.04201933742 0.006718491204 1.58828938
v -0.04238510504 0.006408350542 1.587584972
v -0.04227307439 0.006496556103 1.588005304
v -0.0350876078 0.007323280908 1.585609913
v -0.04112289101 0.006600707769 1.583422899
v -0.04105143622 0.006576828659 1.583027124
v -0.04208872095 0.006029953714 1.584775686
v -0.0438111946 0.007752645761 1.584476352
v -0.04334246367 0.009654015303 1.583206058
v -0.04340809584 0.009322155267 1.583345413
v -0.04202515632 0.01012083981 1.581867337
v -0.04167326167 0.009994069114 1.581894279
v -0.03982777148 0.01015786082 1.58128655
v -0.04189980775 0.006017129868 1.584893346
v -0.03637922928 0.008085483685 1.584017634
v -0.03646918759 0.007953827269 1.583898783
v -0.0357772857 0.0076329601 1.582654476
v -0.04130396247 0.005326212384 1.580011249
v -0.04134657234 0.004931116477 1.580250859
v -0.03988425434 0.003414721461 1.579378366
v -0.03806570545 0.004322943278 1.58076787
v -0.0384857133 0.005868818145 1.582681179
v -0.03864195943 0.006456200033 1.582568407
v -0.04030268267 0.002291648649 1.581706405
v -0.04063363746 0.002470294014 1.581901908
v -0.04050053656 0.00223535439 1.581212044
v -0.04095378146 0.002496131696 1.581488252
v -0.03891967237 0.005403155927 1.583249569
v -0.0391507633 0.005176505074 1.583603859
v -0.03883922473 0.006215023808 1.582750201
v -0.04074284062 0.006567164324 1.582911253
v -0.04090515152 0.002390590496 1.581092238
v -0.04160872474 0.003756908001 1.584247112
v -0.04013167322 0.006783382036 1.581243515
v -0.0383127965 0.004225858953 1.580415249
v -0.03983639181 0.007719540037 1.57825768
v -0.03992791846 0.007597530726 1.578043938
v -0.03982535377 0.007271233946 1.578328609
v -0.03877163678 0.005614661612 1.578441381
v -0.03607619926 0.007227647118 1.583752155
v -0.03608391434 0.007363612764 1.584022045
v -0.03632795066 0.009642926976 1.582582235
v -0.0362338908 0.009976618923 1.582629442
v -0.03670264035 0.008680468425 1.582435369
v -0.03636164963 0.01021745708 1.582653284
v -0.03683811799 0.0115277078 1.583242416
v -0.03617241234 0.01175605133 1.582779646
v -0.0379473716 0.01330327615 1.581226349
v -0.03820101172 0.01321055368 1.580896616
v -0.03934430331 0.01248899661 1.579254508
v -0.03924198076 0.01259706914 1.579578638
v -0.03969619051 0.01096520759 1.57859087
v -0.03956469148 0.01065377705 1.57841742
v -0.04273985699 0.005498404615 1.584631443
v -0.03940835968 0.007125384174 1.589932084
v -0.03986799717 0.00707470905 1.589899302
v -0.04079387337 0.005718024913 1.585858107
v -0.04034014791 0.004878813401 1.585163116
v -0.04059252888 0.004703664221 1.58553493
v -0.03466408327 0.007902674377 1.585556507
v -0.03924337029 0.007008741144 1.589191318
v -0.03921765834 0.008059077896 1.589631557
v -0.03878979385 0.008153656498 1.589542866
v -0.03683169931 0.008439904079 1.58231616
v -0.03680751473 0.008748750202 1.582620502
v -0.03847875819 0.007682528347 1.582021117
v -0.03853769228 0.007902721874 1.581968665
v -0.03893375024 0.008263127878 1.581982732
v -0.0427326709 0.007525702938 1.583957076
v -0.04246131703 0.007356705144 1.583723545
v -0.04339703918 0.008491024375 1.583729863
v -0.04325590655 0.008203973994 1.583684921
v -0.04363135248 0.009419448674 1.582598209
v -0.04408450425 0.009264664724 1.582777262
v -0.04157711565 0.01118116919 1.58155477
v -0.03858121112 0.008426713757 1.581783533
v -0.03617415577 0.007650902495 1.584280133
v -0.03558282554 0.00824010279 1.585724115
v -0.03569735214 0.008193620481 1.586039782
v -0.03647555411 0.007761191577 1.581921816
v -0.03655504435 0.007506394759 1.581806421
v -0.03697343171 0.007528535556 1.581642985
v -0.03727819771 0.007477155887 1.581551552
v -0.04142078385 0.002995719435 1.581590891
v -0.04146857932 0.003201948479 1.582119107
v -0.0403476581 0.006656161975 1.582336307
v -0.03997594118 0.006835616659 1.581885338
v -0.04160111398 0.003369574435 1.580679059
v -0.04040910304 0.006668310612 1.58198595
v -0.04020253941 0.008884523064 1.577693343
v -0.03886146098 0.006726883352 1.577585816
v -0.03878360614 0.006275460124 1.577780128
v -0.03761675209 0.005551509559 1.579919696
v -0.03762240335 0.006041344255 1.579692602
v -0.03484870866 0.007871534675 1.584396839
v -0.03569337353 0.007186634466 1.583621144
v -0.03571566939 0.007207820658 1.583410144
v -0.03545262665 0.007946467027 1.582983971
v -0.0355925858 0.009079651907 1.582714319
v -0.0360898599 0.01092137117 1.582717896
v -0.03809284419 0.0128677655 1.581224442
v -0.03822926432 0.01279253513 1.581321359
v -0.03838007152 0.01287279092 1.580999255
v -0.03894700855 0.01282957569 1.580564618
v -0.03882389143 0.01288035698 1.580903172
v -0.0401015915 0.01257140003 1.579556227
v -0.04004145786 0.01289738715 1.57981205
v -0.04062755778 0.0114550218 1.578340411
v -0.04067583382 0.01191501506 1.578454971
v -0.04024947062 0.009341914207 1.577476859
v -0.04042065144 0.006505548023 1.589346886
v -0.04002530128 0.006633591838 1.589423895
v -0.04237096012 0.006200654898 1.586752653
v -0.04233969003 0.005971003789 1.586031199
v -0.04247139022 0.006001839414 1.586395144
v -0.04093085229 0.00494458247 1.586113095
v -0.03661343083 0.008055033162 1.587978125
v -0.03622948751 0.008049548604 1.587362885
v -0.03642398119 0.007919716649 1.587668419
v -0.03473931178 0.00785552524 1.584687591
v -0.04087441415 0.004651864059 1.585853577
v -0.03875342757 0.007923163474 1.589237332
v -0.03838069364 0.007897101343 1.589127898
v -0.0348364599 0.007397993468 1.585925341
v -0.03535225615 0.00790313445 1.583235502
v -0.04129067063 0.006567188539 1.582926035
v -0.04175511748 0.006784678437 1.583195329
v -0.04174247757 0.006472845562 1.582827687
v -0.04461531341 0.008177646436 1.583426833
v -0.04469594359 0.007716257125 1.58367312
v -0.04332871735 0.01064889692 1.582665324
v -0.04065112025 0.0104952231 1.582058907
v -0.04107385501 0.0105583705 1.582131147
v -0.03603355214 0.007445605006 1.584267139
v -0.03925577924 0.008888024837 1.580934405
v -0.03927366436 0.008535374887 1.580841422
v -0.03484354541 0.008017899469 1.584558487
v -0.03580777347 0.00826411508 1.58757627
v -0.03554456681 0.008246427402 1.587251663
v -0.03559682518 0.007686718367 1.582915187
v -0.03698957339 0.006280756555 1.581372261
v -0.03721689433 0.006846958306 1.581085801
v -0.03715357557 0.006177186966 1.581035614
v -0.03750920668 0.00590659352 1.580132604
v -0.03715339303 0.007091753185 1.581286907
v -0.04097232595 0.005461114459 1.579490185
v -0.0359242484 0.007110088132 1.583280325
v -0.04067430645 0.005987520795 1.580794692
v -0.04083899409 0.005758602172 1.580762863
v -0.0407628119 0.006055105478 1.581095338
v -0.04022953659 0.002183201257 1.580744267
v -0.040510308 0.003160206834 1.583805203
v -0.03903766349 0.008247390389 1.580731034
v -0.03905914724 0.007142128889 1.580251813
v -0.04195623472 0.004138865974 1.582523584
v -0.04187165201 0.003797401907 1.582790136
v -0.04207779467 0.004124763887 1.582888246
v -0.04091329873 0.003316280432 1.583996177
v -0.04143090546 0.00642627757 1.582607388
v -0.04223448411 0.005470458418 1.58272922
v -0.04092142358 0.005861189682 1.581201196
v -0.0409896262 0.005574379116 1.579786062
v -0.0388097614 0.007997604087 1.577886105
v -0.03865925223 0.007526596542 1.577788949
v -0.03789959103 0.007025429048 1.579010606
v -0.03806302324 0.007163967937 1.579242826
v -0.0378967002 0.006805990823 1.579415798
v -0.04019220546 0.003268618835 1.579214811
v -0.04023794457 0.003819804639 1.579109669
v -0.03530605882 0.008474114351 1.583198905
v -0.0349505879 0.007564474829 1.584272981
v -0.03720945865 0.0122603327 1.582141995
v -0.03748277575 0.01242183894 1.581991673
v -0.03799271211 0.01310678199 1.58242166
v -0.03830434754 0.01319341548 1.582105875
v -0.03972258046 0.01339835301 1.580446362
v -0.03977610916 0.01359895617 1.580416441
v -0.03999908268 0.01336185075 1.58006978
v -0.04049092904 0.01290933043 1.57872057
v -0.0406424962 0.01240153424 1.578584313
v -0.04029574618 0.01181120425 1.577592611
v -0.03903749213 0.007760850713 1.577532291
v -0.03567012027 0.008121206425 1.588158727
v -0.04021264613 0.006534850691 1.588969231
v -0.040741954 0.006263499148 1.588566184
v -0.04043909535 0.006492848974 1.588652492
v -0.04249510169 0.00499625504 1.585324645
v -0.04264803603 0.005623638164 1.586541533
v -0.04199340567 0.005679458845 1.587787271
v -0.0416829139 0.005954550579 1.58842802
v -0.04196052998 0.005856391974 1.588135958
v -0.03546988219 0.007429482881 1.585799694
v -0.03558634967 0.007472475991 1.585490942
v -0.03638737276 0.007457277738 1.588689446
v -0.03665472195 0.007477339357 1.589027047
v -0.04153583944 0.0067976797 1.587928653
v -0.04141714796 0.006957459729 1.588251829
v -0.04263507575 0.00589965703 1.586890578
v -0.03770840168 0.008003089577 1.588892698
v -0.03530150279 0.008740905672 1.583224177
v -0.04280667752 0.005079682916 1.584387422
v -0.04324841499 0.005948681384 1.584611416
v -0.04259749129 0.005150413606 1.584644318
v -0.04286633432 0.005908255465 1.584712982
v -0.04424192384 0.009311350062 1.583713174
v -0.04185732454 0.01062035561 1.582327962
v -0.04145833477 0.01072967052 1.582192779
v -0.04109196737 0.009760010988 1.581746697
v -0.04139576852 0.01000793651 1.581647158
v -0.04253455251 0.005128017627 1.584964275
v -0.04227947816 0.004623862449 1.58509028
v -0.03602863103 0.008522063494 1.583810925
v -0.03585765138 0.008454320952 1.584044814
v -0.03550302982 0.008164765313 1.587745428
v -0.03598395735 0.008196797222 1.58847332
v -0.03655166179 0.008615104482 1.582301378
v -0.03731593117 0.006185474806 1.580697894
v -0.04007312655 0.003576508723 1.579219341
v -0.03794766217 0.007708822843 1.581416368
v -0.0395500958 0.006676946767 1.580217361
v -0.03926460817 0.006304533221 1.579748154
v -0.03985920921 0.006526000332 1.580354452
v -0.04001474753 0.00662033353 1.580655217
v -0.03904785961 0.002400091616 1.58140254
v -0.03936069459 0.006949129514 1.582126617
v -0.03958873078 0.00706167426 1.581787467
v -0.04050485417 0.003686892334 1.584386706
v -0.03967915848 0.006815163419 1.580525994
v -0.03687794134 0.006654989906 1.582549572
v -0.0394753404 0.003631079104 1.579552293
v -0.03763540089 0.004958660807 1.580996156
v -0.04007153586 0.002422935795 1.582114577
v -0.03990957513 0.002194029745 1.581554651
v -0.03970722109 0.002333503217 1.581923246
v -0.03852199763 0.005219461862 1.58277297
v -0.03871090338 0.005633348599 1.582929492
v -0.03918121755 0.005783944391 1.583305478
v -0.03901292384 0.005996393971 1.583004594
v -0.04126870632 0.003721205983 1.584422469
v -0.04113372415 0.006315969862 1.582034826
v -0.0410766229 0.006176840514 1.581759453
v -0.035975907 0.007524100598 1.582412958
v -0.03617670387 0.007392276078 1.582184672
v -0.03635217249 0.007121354342 1.582082748
v -0.0378439948 0.004751847126 1.580696821
v -0.04142803699 0.006687492132 1.583300591
v -0.0415652357 0.00678713806 1.583703399
v -0.04232622683 0.006113003939 1.584753513
v -0.04272668809 0.006554575637 1.584724307
v -0.04262259975 0.006220837589 1.584770441
v -0.04409395158 0.008096465841 1.584359884
v -0.04385448992 0.008172783069 1.584296703
v -0.0440649651 0.008525276557 1.584152579
v -0.0430537127 0.009800314903 1.582975388
v -0.04285799339 0.01011302695 1.582824111
v -0.04242286086 0.010228239 1.581909537
v -0.04286403954 0.01027461514 1.582036376
v -0.0394676514 0.009859549813 1.581378818
v -0.03914940357 0.00952761434 1.581467152
v -0.03938470781 0.009851332754 1.581666112
v -0.03580620885 0.007840139791 1.585717678
v -0.03575357795 0.007647981867 1.585445285
v -0.03628528863 0.00790574681 1.584195018
v -0.03774802759 0.007836351171 1.589861155
v -0.03822031617 0.007913641632 1.589973927
v -0.04126670957 0.005830034614 1.586946964
v -0.04126289114 0.006052371114 1.587132096
v -0.04120277613 0.003925088327 1.584691763
v -0.04004286602 0.007575556636 1.589819312
v -0.03917782009 0.007878277451 1.589945436
v -0.03963295743 0.007805508561 1.589832664
v -0.03580453247 0.00771009922 1.586035728
v -0.03570711613 0.007578088436 1.585744143
v -0.03492329642 0.007332003675 1.585157514
v -0.03489787877 0.007356627844 1.584911585
v -0.03781007603 0.007280990947 1.589334846
v -0.04181425646 0.006801921874 1.588674903
v -0.04149657115 0.007025931031 1.588898182
v -0.03815535083 0.007218622603 1.589518666
v -0.03776874766 0.00732523948 1.589511395
v -0.03543222323 0.007264218293 1.584517241
v -0.03507373855 0.007304674946 1.584652424
v -0.03562818468 0.007293800358 1.584447503
v -0.03660956398 0.008517576382 1.583402753
v -0.0366252549 0.00875081867 1.58328712
v -0.03667503968 0.01105869748 1.582647324
v -0.03681346402 0.01102652587 1.582764149
v -0.03688769415 0.01134738326 1.582634449
v -0.03652780131 0.01171585638 1.583448052
v -0.03614655137 0.01139498129 1.583518386
v -0.03666177392 0.008393501863 1.582165718
v -0.03866420314 0.01403643191 1.580755949
v -0.03852816299 0.01378685609 1.580655336
v -0.03887993097 0.01392033882 1.580322623
v -0.04018353671 0.0122531075 1.577844143
v -0.04006175697 0.011783842 1.577650309
v -0.03928888589 0.009568829089 1.578004599
v -0.039298933 0.009566393681 1.578211904
v -0.03919074684 0.009190591983 1.578123331
v -0.03935363889 0.008423097432 1.578541517
v -0.03964125365 0.008686974645 1.578402758
v -0.03925431892 0.006737579592 1.579289198
v -0.03900720552 0.006698162295 1.579553246
v -0.03909795731 0.003553444752 1.579851389
v -0.03876339644 0.007021849975 1.582232714
v -0.03677811474 0.008161729202 1.582040071
v -0.03612853214 0.00703738071 1.583251119
v -0.03626323864 0.006998567842 1.583025455
v -0.03600355983 0.00713218376 1.58306241
v -0.04092684388 0.004554715939 1.578860641
v -0.04151367769 0.003016538452 1.580877066
v -0.04162047058 0.003565450199 1.580554366
v -0.03978000209 0.004845252261 1.584274888
v -0.04077437147 0.006565527525 1.582476974
v -0.03642398864 0.008054021746 1.582041264
v -0.0365447104 0.008184663951 1.58205843
v -0.03671045229 0.007635795511 1.581774473
v -0.04165800661 0.003362058662 1.58052206
v -0.03852634504 0.007364921272 1.58210516
v -0.0429484807 0.007749938872 1.583769679
v -0.04317007959 0.007984997705 1.583914638
v -0.04336413369 0.008680306375 1.583469272
v -0.04340275377 0.008993686177 1.583436728
v -0.04353370517 0.009836396202 1.582402229
v -0.04307128489 0.009898694232 1.582258582
v -0.04099224508 0.01113634463 1.581549168
v -0.04095597193 0.01110542659 1.581830263
v -0.04046833515 0.01092099771 1.581629276
v -0.039686203 0.009494907223 1.58202517
v -0.03905316442 0.007243230473 1.581982613
v -0.03549727425 0.008254026994 1.586071014
v -0.03814012185 0.007414832246 1.589844942
v -0.03896488622 0.007191747893 1.589908719
v -0.03853968158 0.007249746006 1.589829206
v -0.04164091125 0.006244239397 1.586761951
v -0.04173834994 0.006200027652 1.586430788
v -0.04249586537 0.005468180403 1.585169792
v -0.04255877063 0.005367496051 1.585411191
v -0.0401143916 0.005078001413 1.584763169
v -0.03987420723 0.005225257948 1.584370852
v -0.03720925748 0.008323005401 1.589014053
v -0.03466263786 0.007777719758 1.585904837
v -0.0347625576 0.007948147133 1.586243153
v -0.03927800804 0.007214419544 1.589020252
v -0.03956887498 0.006994007621 1.588995218
v -0.03696617857 0.008218524978 1.58217597
v -0.0360654369 0.007096892223 1.58348608
v -0.03635861725 0.007041259669 1.583317637
v -0.03643552214 0.009292790666 1.582544208
v -0.03622086346 0.009417546913 1.582532287
v -0.03629800677 0.009152867831 1.582473874
v -0.03582953662 0.0103833098 1.583594084
v -0.03617880493 0.01087117754 1.583563924
v -0.03648624942 0.01199539378 1.582563043
v -0.03663973138 0.01242814586 1.582531929
v -0.03797856718 0.01365882717 1.58135891
v -0.03821281344 0.01356759109 1.580955148
v -0.03944239393 0.01234944351 1.578931689
v -0.03946738318 0.01220221631 1.579094529
v -0.03950795531 0.01201884635 1.578790188
v -0.0398215428 0.01157829724 1.578910708
v -0.04007984325 0.009788442403 1.57828331
v -0.04026769474 0.01017553546 1.578240991
v -0.03968842328 0.007440305315 1.57853651
v -0.03851696104 0.005235211924 1.578968167
v -0.03845285997 0.005398071371 1.578621745
v -0.03935525566 0.003973477054 1.579530001
v -0.0397677049 0.003719562199 1.579350829
v -0.03975072503 0.004029068165 1.579294205
v -0.0406451039 0.005945179611 1.580462575
v -0.04033099487 0.0061273803 1.580384254
v -0.04045274481 0.006202284247 1.580706358
v -0.04011406004 0.003080195747 1.583524466
v -0.03980040923 0.00282424828 1.582820296
v -0.03973889351 0.003061728785 1.583198905
v -0.04108316824 0.006528813392 1.582675338
v -0.04182702303 0.004623013549 1.582248569
v -0.04206454009 0.004506349098 1.582593322
v -0.03939844668 0.007082432508 1.580474138
v -0.04115914181 0.005207279697 1.579164624
v -0.04143167287 0.005188604817 1.579916835
v -0.03652443737 0.007019248791 1.581861019
v -0.03669534996 0.006736033596 1.581745386
v -0.04114957526 0.005320637953 1.579405069
v -0.04136184603 0.005141754635 1.58009088
v -0.03781460598 0.005144833587 1.580043912
v -0.03758648038 0.005352961831 1.580330133
v -0.04401660338 0.006482380908 1.583612442
v -0.04380778223 0.005984798074 1.583709717
v -0.04472669214 0.008652666584 1.583319187
v -0.04447594285 0.009017283097 1.58302927
v -0.04286123812 0.01083772071 1.582539082
v -0.0423826538 0.01095176302 1.582388163
v -0.04274427518 0.01069668774 1.582632899
v -0.04033106938 0.01016259007 1.582054973
v -0.039934095 0.009930321947 1.582019329
v -0.03949871659 0.009075417183 1.580991387
v -0.03956315666 0.009400373325 1.581071496
v -0.03503730148 0.008174827322 1.584347725
v -0.03608980775 0.008273115382 1.587876797
v -0.04081135243 0.00637802761 1.589217067
v -0.04124218225 0.004970914684 1.586375713
v -0.04118972644 0.006252764724 1.58902812
v -0.04094865173 0.006469841115 1.589345574
v -0.03638940305 0.008270262741 1.588148475
v -0.03623982891 0.008236030117 1.58778441
v -0.03543614596 0.007558535784 1.587812066
v -0.03529575095 0.007479662076 1.587399125
v -0.04039090499 0.007222063374 1.588739038
v -0.040162839 0.0074434001 1.588965297
v -0.04223117232 0.006506375037 1.587489009
v -0.04241861403 0.006304447539 1.587162018
v -0.03961642087 0.007907365449 1.589493394
v -0.03710871935 0.008047991432 1.588496804
v -0.03686182946 0.007919229567 1.588230014
v -0.03525707871 0.008093051612 1.583447695
v -0.03531512246 0.008178263903 1.583215714
v -0.03494456038 0.008021704853 1.584292054
v -0.03551190719 0.007275920827 1.583741784
v -0.03550118208 0.00725503359 1.583938122
v -0.03567387909 0.008656740189 1.582584739
v -0.03578247875 0.008909445256 1.582559824
v -0.0363224335 0.0111915553 1.582627177
v -0.03656345233 0.01146527007 1.582535505
v -0.04135302454 0.005239945371 1.579570889
v -0.03799435869 0.01302355714 1.581184387
v -0.03826210275 0.01299682818 1.580918312
v -0.03922227398 0.01278188266 1.580339074
v -0.03930096701 0.01264753938 1.580021262
v -0.04006301612 0.0122142043 1.579334259
v -0.04032146186 0.0123851411 1.579246759
v -0.04028965533 0.01199994422 1.579057097
v -0.04053428397 0.01101170108 1.578265667
v -0.04063583538 0.01107108593 1.578075886
v -0.04053913802 0.01061583124 1.578058243
v -0.04025637731 0.009829023853 1.577289701
v -0.04024465755 0.01033352688 1.577222586
v -0.03848752379 0.006476094015 1.577840328
v -0.03854868934 0.007001638412 1.577757716
v -0.0394067131 0.006521772593 1.579953074
v -0.03880058601 0.00788433291 1.580609083
v -0.03927325457 0.006877347827 1.580174088
v -0.04009752721 0.003625428537 1.5841676
v -0.04010692239 0.003969416488 1.584356427
v -0.04140670598 0.005090920255 1.579303861
v -0.04164699093 0.004937102087 1.579452872
v -0.03827675059 0.004639134742 1.580175757
v -0.03672615066 0.00667092856 1.582328796
v -0.03747181594 0.006253750063 1.58037436
v -0.03809220344 0.004915381316 1.580030918
v -0.03741686791 0.005731777754 1.58052218
v -0.04343669116 0.005628660321 1.584251523
v -0.04306299239 0.005509004463 1.584461451
v -0.04339984804 0.006395010278 1.584704757
v -0.04384928197 0.006573163904 1.584593892
v -0.04419608787 0.009717060253 1.583431721
v -0.04397158325 0.009633201174 1.583488584
v -0.04382992908 0.009998394176 1.583241224
v -0.04221396148 0.01043716259 1.582477093
v -0.04251350835 0.01019080542 1.582623601
v -0.04081115499 0.009632055648 1.58152926
v -0.04111358523 0.006093283184 1.584661245
v -0.04119295254 0.00606584968 1.585136294
v -0.04157262295 0.006087119691 1.58540833
v -0.04171420261 0.006051134318 1.585092187
v -0.03625302762 0.008604090661 1.583613515
v -0.04257598147 0.005326721352 1.586220622
v -0.04239436984 0.004978443496 1.585939527
v -0.03537195548 0.007388222963 1.586144924
v -0.03530102223 0.007355036214 1.585566044
v -0.03524129093 0.008092176169 1.587395072
v -0.03571692854 0.007425878663 1.58765173
v -0.03617429361 0.007446466945 1.588326216
v -0.03600773215 0.007442401722 1.587946534
v -0.03958164901 0.006803850643 1.58924365
v -0.03987958655 0.006758768111 1.588991523
v -0.04159736261 0.006634140387 1.587617874
v -0.04218844324 0.005560558755 1.587466717
v -0.0421127677 0.005363474134 1.587144494
v -0.03740342706 0.007893426344 1.588676453
v -0.03520622849 0.00734259747 1.585863113
v -0.03513671085 0.008141726255 1.58697176
v -0.03530250117 0.008881868795 1.583158612
v -0.03645053506 0.008611373603 1.583486795
v -0.03645069152 0.009006209671 1.583402872
v -0.03886314481 0.005265739281 1.579515696
v -0.03894523904 0.005401085597 1.579262018
v -0.03626906499 0.009563709609 1.583514452
v -0.03714179248 0.01172333397 1.582845688
v -0.0373184979 0.01196859032 1.582588196
v -0.03829829395 0.01336506382 1.582188487
v -0.03794884309 0.0132734552 1.58249867
v -0.03990554065 0.01317299344 1.580109119
v -0.04023708403 0.01336436905 1.578926921
v -0.0399289839 0.01368181221 1.579235554
v -0.04016014561 0.01133628376 1.577415705
v -0.03999091312 0.01084806398 1.577349663
v -0.03930153698 0.007579595316 1.577360392
v -0.03895416111 0.007233829703 1.577503324
v -0.03865477815 0.005184481386 1.579336166
v -0.03777602315 0.006594022736 1.579161406
v -0.03848254681 0.004813681357 1.579910517
v -0.0400415659 0.003133858787 1.579391718
v -0.03581473604 0.00780059211 1.5825032
v -0.04154034704 0.004223351367 1.580356479
v -0.03938928619 0.009541990235 1.577718377
v -0.03890577704 0.003905525198 1.579894781
v -0.03852863982 0.003862611251 1.580323696
v -0.04155673832 0.004546315409 1.580157876
v -0.03840333223 0.006739919074 1.582476377
v -0.04040349647 0.002573767444 1.582317591
v -0.04025747254 0.002720166463 1.582707524
v -0.03990879655 0.002608915791 1.582461834
v -0.03937056661 0.005572116002 1.583643675
v -0.0395148322 0.006084911525 1.583322167
v -0.04146020487 0.00618641451 1.582286119
v -0.03653169423 0.007771127857 1.589216352
v -0.03731405362 0.007733478211 1.589677095
v -0.04128637537 0.005560857244 1.586773515
v -0.04221433401 0.005862299819 1.584970713
v -0.04121758789 0.004284544382 1.585517883
v -0.04108703509 0.004093828145 1.584966183
v -0.04095957428 0.004246988334 1.585254073
v -0.04128430411 0.005259470083 1.586591363
v -0.04150654003 0.005311391782 1.586850286
v -0.03482225537 0.007378187962 1.585389137
v -0.03789365664 0.007369406987 1.589113235
v -0.03819248825 0.007228041999 1.589316964
v -0.04254781827 0.006165969186 1.587246656
v -0.04085046798 0.007234530523 1.589527965
v -0.04046401381 0.007483028341 1.589629889
v -0.03490377218 0.00735170301 1.585633397
v -0.03692450374 0.007651632652 1.589436293
v -0.03925190866 0.007774238475 1.581858397
v -0.03955152258 0.00800430961 1.581762552
v -0.03948064893 0.00768700242 1.581669688
v -0.04235652462 0.005844174884 1.584837317
v -0.04437213391 0.007992496714 1.584356189
v -0.04431305081 0.008487297222 1.584177017
v -0.04317906499 0.009472890757 1.583096862
v -0.04325599223 0.009149467573 1.583177328
v -0.04211445153 0.01051678043 1.581652761
v -0.04172457382 0.01028330252 1.581599236
v -0.03933607042 0.009507938288 1.581200361
v -0.03966972604 0.009756825864 1.581167936
v -0.03928453475 0.007469085976 1.581801891
v -0.03582413495 0.007983672433 1.58540976
v -0.03638412058 0.007805767469 1.584017515
v -0.03576299921 0.008118279278 1.585709572
v -0.03582394496 0.008015863597 1.586023569
v -0.03906713054 0.008188939653 1.578668475
v -0.03941421211 0.008029991761 1.578627825
v -0.03907903656 0.007859219797 1.578855276
v -0.03967792913 0.007017863449 1.578649759
v -0.03947936743 0.006840590853 1.578979373
v -0.03872264922 0.003519715508 1.580226898
v -0.03645369411 0.007717959117 1.583853364
v -0.03527209163 0.007267728914 1.584439397
v -0.03546945378 0.007251774892 1.584315062
v -0.03659452125 0.008349639364 1.583523273
v -0.03650105745 0.01111643389 1.582605362
v -0.03673273325 0.01139190421 1.582550526
v -0.03699319437 0.01248891465 1.583196759
v -0.03658230975 0.01221320778 1.583335876
v -0.036855001 0.01301317848 1.582702279
v -0.03718079627 0.01335081644 1.582534432
v -0.03903213888 0.01407708414 1.580407143
v -0.03964227438 0.01119574998 1.577898383
v -0.03958173469 0.01151696779 1.57820189
v -0.03953077644 0.01110618841 1.578195453
v -0.03952831402 0.01076030545 1.577965617
v -0.03923685104 0.009180143476 1.577881694
v -0.0378982462 0.004943617154 1.580315351
v -0.03815357387 0.00711079035 1.582373142
v -0.03796387091 0.00759443501 1.581906438
v -0.03710722923 0.007996749133 1.582063198
v -0.03642227501 0.006924964488 1.58280158
v -0.03784808144 0.007490188815 1.582210422
v -0.04139336944 0.003212222131 1.582518458
v -0.04102303088 0.002998324111 1.582762957
v -0.04133203253 0.003246508073 1.582939506
v -0.03976754844 0.007068296894 1.581480861
v -0.03958758339 0.007350039668 1.581118464
v -0.04156348854 0.003803693689 1.58058095
v -0.04191506654 0.003946498502 1.584126592
v -0.03983149678 0.007020505145 1.58117044
v -0.03671725839 0.006798233371 1.582805634
v -0.04177589715 0.006387198344 1.587043285
v -0.04174872115 0.004135864321 1.584925532
v -0.04179235548 0.003975877073 1.584483743
v -0.04020092636 0.005350333638 1.585006237
v -0.04037168995 0.00519761024 1.585424304
v -0.03760953993 0.008280994371 1.589141488
v -0.03693484142 0.008291513659 1.588708758
v -0.03730260581 0.008251613006 1.588874817
v -0.03596020862 0.008037824184 1.586690903
v -0.03588695079 0.007879493758 1.586351395
v -0.03472393379 0.007647561841 1.586277962
v -0.03469748423 0.007520520128 1.585933805
v -0.03833238408 0.007603727281 1.589034677
v -0.03899262846 0.00743559096 1.589064837
v -0.03869875148 0.007675082888 1.589111209
v -0.04158061743 0.00645671878 1.58732605
v -0.03774170205 0.007426167373 1.589669466
v -0.03733354062 0.007543697953 1.589584947
v -0.03825956956 0.007645425852 1.581973195
v -0.04276280478 0.007525949739 1.583573461
v -0.04262099415 0.007275122218 1.583356619
v -0.04333285987 0.008383527398 1.583453059
v -0.04333844036 0.008089872077 1.583408117
v -0.04399582371 0.009709674865 1.582600832
v -0.04439053684 0.0094783362 1.58284986
v -0.04109361768 0.01096751541 1.581331849
v -0.0405584909 0.01082840003 1.581344724
v -0.03987413272 0.009320882149 1.582029581
v -0.04201535136 0.004317237996 1.585018516
v -0.03582588583 0.008131894283 1.586361885
v -0.0398857668 0.00900683552 1.578271151
v -0.03999486566 0.007987303659 1.57778573
v -0.04002624005 0.008426568471 1.577527881
v -0.0382518582 0.005114948843 1.579237819
v -0.03832872584 0.00500043761 1.579654813
v -0.04013811052 0.002792499028 1.579595566
v -0.04023731872 0.00290486007 1.579385281
v -0.03735125065 0.007881897502 1.582232714
v -0.03586740419 0.007167097181 1.583762884
v -0.03587350249 0.007100170013 1.583504915
v -0.03656037152 0.008962797001 1.582502365
v -0.03552274406 0.01056556404 1.583457828
v -0.03578465432 0.01102260035 1.583527803
v -0.03679082543 0.01219661906 1.582349658
v -0.03844696656 0.01311066188 1.580605268
v -0.03868881613 0.01299687102 1.580346584
v -0.03852970153 0.01294407062 1.580674291
v -0.03954309598 0.01258748211 1.578731298
v -0.03953812644 0.01217626594 1.578595996
v -0.03996851668 0.01126509439 1.578768969
v -0.0401615873 0.01161564514 1.578904867
v -0.04008323699 0.009374985471 1.578175068
v -0.03569031134 0.008101752028 1.582564116
v -0.03763662279 0.006324419286 1.58000958
v -0.04094554111 0.005255822558 1.579057097
v -0.0392835401 0.004391762428 1.579473138
v -0.03835331649 0.007155281492 1.580341458
v -0.0379723087 0.00723526068 1.580747366
v -0.03794240206 0.006890860386 1.580406547
v -0.03824261203 0.007500996348 1.58069098
v -0.03576046973 0.007261493709 1.583189726
v -0.04089218751 0.005719278008 1.580457807
v -0.04063966498 0.005871115252 1.580080032
v -0.03929515928 0.008098209277 1.580789089
v -0.03946006671 0.008273506537 1.580991745
v -0.04009153321 0.00526870694 1.579170704
v -0.04191317782 0.003822297323 1.583189249
v -0.0405064486 0.003396918299 1.584138274
v -0.04009758681 0.003323547309 1.583891392
v -0.04096282646 0.005684588104 1.580123901
v -0.03861565888 0.004277368076 1.580051541
v -0.04067789763 0.00633799471 1.589059472
v -0.04103398323 0.006199914962 1.588896513
v -0.04226289317 0.005858061835 1.585432649
v -0.04241326079 0.005803823005 1.585713625
v -0.04151499644 0.005073837005 1.586615443
v -0.04165669531 0.005410579965 1.587124705
v -0.04173170775 0.005210206844 1.58686614
v -0.03609416261 0.007904745638 1.587026358
v -0.0356242694 0.007649508305 1.588212252
v -0.04056098312 0.006965898909 1.588495135
v -0.04069812968 0.006707633846 1.588260412
v -0.03997046128 0.007726733573 1.589318991
v -0.03919124231 0.008005294017 1.589455843
v -0.0395559594 0.007828668691 1.589327455
v -0.03517849371 0.00800983049 1.583702445
v -0.03528581932 0.008388923481 1.583387971
v -0.04189059883 0.006997087039 1.583567619
v -0.04210354388 0.006901929155 1.583172083
v -0.04224074259 0.007166177034 1.583452821
v -0.04404406995 0.007011828944 1.583490252
v -0.04437023774 0.0067890184 1.583789945
v -0.04444091767 0.007291234564 1.583638191
v -0.04482514411 0.008215326816 1.583618879
v -0.04478900135 0.007744120434 1.583918929
v -0.04249817505 0.0110780457 1.582221627
v -0.04299363121 0.01088165678 1.582327008
v -0.04073799029 0.01029353123 1.582096338
v -0.04114077613 0.01031730697 1.582150459
v -0.03948308155 0.008717805147 1.58095479
v -0.03526045009 0.0082775224 1.585409284
v -0.0354321897 0.008334170096 1.584808707
v -0.03544216603 0.008309988305 1.585111618
v -0.03593701869 0.008269228041 1.587973833
v -0.03624752164 0.008292664774 1.58825624
v -0.04004360735 0.008896013722 1.57731688
v -0.03845121711 0.006028565578 1.578039527
v -0.03812445328 0.006329785101 1.578200459
v -0.03815893456 0.00586780766 1.578366876
v -0.03771964461 0.006169614382 1.579168081
v -0.03777883202 0.00650021527 1.579663992
v -0.03552398831 0.007317657582 1.583549023
v -0.03526462242 0.008287072182 1.583595037
v -0.03563654423 0.008394386619 1.582591057
v -0.03609697148 0.01131660864 1.582746148
v -0.03638681024 0.01157481223 1.582593322
v -0.03806864843 0.01270187646 1.581636786
v -0.03789940849 0.01259223558 1.58194077
v -0.03900973499 0.01306030899 1.581037045
v -0.03912743554 0.01291771047 1.58067441
v -0.03994362801 0.01187617518 1.579120755
v -0.04041317478 0.0105851423 1.578234076
v -0.04005555063 0.009379119612 1.577209115
v -0.03693290427 0.006329671014 1.581845641
v -0.03712994233 0.006075149868 1.581816077
v -0.04048834741 0.004615539685 1.579000354
v -0.03879831359 0.004547188058 1.579801679
v -0.04020960256 0.004235188477 1.579104066
v -0.03919880837 0.00493918499 1.579470038
v -0.03841410577 0.003336971859 1.581164956
v -0.03831080347 0.00377600221 1.581446648
v -0.03810189664 0.004144269507 1.581199527
v -0.03827587888 0.003910323605 1.580780745
v -0.03762365505 0.00594117213 1.582187295
v -0.03762444854 0.006308030337 1.582440376
v -0.03795579821 0.005737558007 1.582317114
v -0.03823063895 0.006126581691 1.582531929
v -0.03800832853 0.006448172964 1.582543135
v -0.03969904408 0.006427924614 1.580073595
v -0.03903222829 0.003494743258 1.582815051
v -0.03875252604 0.003660900518 1.58242476
v -0.03969505429 0.003638351569 1.583871961
v -0.03684105724 0.006508420222 1.582087517
v -0.03623211384 0.008151139133 1.588856339
v -0.04113545269 0.00601232145 1.588082194
v -0.04088251665 0.006238658912 1.588218451
v -0.04248375446 0.005369627383 1.586678505
v -0.0404921174 0.006174141541 1.583996773
v -0.0415453501 0.006142952479 1.588783979
v -0.04180265963 0.006680480205 1.587685704
v -0.04258847982 0.005688156933 1.586988807
v -0.0371139273 0.007771620061 1.588460684
v -0.03556795791 0.00742257433 1.58684063
v -0.03533921018 0.007374159992 1.586518884
v -0.03529496863 0.009367472492 1.583141804
v -0.04290041327 0.005289841443 1.583365798
v -0.04302667081 0.005835604388 1.583242297
v -0.04343552515 0.005810803268 1.583490372
v -0.04252572358 0.005546669941 1.584781289
v -0.03561424837 0.007410588674 1.587247968
v -0.03536970168 0.007385815494 1.586915851
v -0.04442673177 0.009741369635 1.58324039
v -0.04403714463 0.01008886844 1.583111644
v -0.04184999317 0.01039267145 1.582330108
v -0.04147855565 0.01051984541 1.582223892
v -0.04104981944 0.01000666153 1.581418037
v -0.04131983221 0.01039993111 1.581373572
v -0.04066689685 0.006054104306 1.584457636
v -0.04251621291 0.005307083018 1.584874272
v -0.03610904515 0.008474647999 1.583866715
v -0.03632363677 0.008484138176 1.583687544
v -0.03660978377 0.008227315731 1.589108348
v -0.03895356879 0.008421232924 1.57798326
v -0.03832621872 0.007472515106 1.579120517
v -0.03861841187 0.007721847389 1.578995347
v -0.03878794238 0.004943532404 1.579691291
v -0.04050347209 0.00423542317 1.579001904
v -0.03536455706 0.008860239759 1.582958102
v -0.03541275114 0.009270854294 1.582906842
v -0.0391222015 0.005428278819 1.579495788
v -0.03730858862 0.01211109571 1.582841754
v -0.03707534075 0.01184269413 1.58307004
v -0.03861809522 0.01340063103 1.581850648
v -0.03860874474 0.01359081641 1.581897974
v -0.03893121332 0.01357116923 1.581543803
v -0.0394683294 0.01380413584 1.580754161
v -0.03905855492 0.01397663169 1.581053972
v -0.0404714793 0.01263412274 1.578236222
v -0.04027445614 0.01306818984 1.578482509
v -0.04021511227 0.01084201783 1.577274323
v -0.03907975554 0.008811159059 1.578053355
v -0.03846770898 0.003491777927 1.580687642
v -0.04088033736 0.002696104813 1.582145095
v -0.04071120545 0.00277061644 1.582550168
v -0.0390557088 0.006733809598 1.582423568
v -0.04121348262 0.002555989427 1.580853224
v -0.04094081372 0.002381049795 1.580701232
v -0.03944025189 0.004978599958 1.583956122
v -0.04144571722 0.005896134768 1.582048059
v -0.04143835604 0.00550804846 1.581897378
v -0.04113160446 0.005798277911 1.581541061
v -0.03612334654 0.007791734301 1.582170963
v -0.03623396158 0.0075232042 1.582075119
v -0.03633152694 0.007645450532 1.581987143
v -0.03644625843 0.00738096796 1.581873178
v -0.04118356109 0.00248794863 1.580643177
v -0.04147920385 0.004159626551 1.580498695
v -0.03502951562 0.007998701185 1.584101677
v -0.03495550156 0.007904418744 1.584188104
v -0.03625815734 0.007554603741 1.584051013
v -0.03494152799 0.007387882564 1.584614277
v -0.03683653846 0.01105481014 1.583008647
v -0.03674078733 0.01112237852 1.583244801
v -0.03694428504 0.01144320332 1.583078027
v -0.03585571796 0.01152027585 1.583417177
v -0.03617689759 0.01189915836 1.583407402
v -0.03714078665 0.01322538778 1.58236289
v -0.03686095029 0.01284583472 1.582478762
v -0.03872562945 0.01358400285 1.580267072
v -0.03989560157 0.0112925116 1.577575922
v -0.03971456364 0.01081429794 1.577618003
v -0.0394385308 0.009924815968 1.578319669
v -0.03959466517 0.01026702486 1.578432679
v -0.03961551934 0.006588950753 1.578769922
v -0.03976146504 0.006814825349 1.578404784
v -0.0403900817 0.002544511575 1.579828501
v -0.03863976151 0.003075452987 1.580606699
v -0.03927115723 0.008148469031 1.581940293
v -0.03887913749 0.007907785475 1.58197391
v -0.03891065344 0.007568490691 1.581952572
v -0.04287913814 0.006900270004 1.584635615
v -0.04261603206 0.007060417905 1.584447622
v -0.04306361824 0.00725547364 1.584520102
v -0.04383407533 0.008549845777 1.584082365
v -0.04362704977 0.008229693398 1.584186077
v -0.0429420881 0.009596248157 1.582855821
v -0.0427519381 0.00990270637 1.582752824
v -0.0425570868 0.01061813347 1.581808329
v -0.04300018027 0.01056834497 1.582026005
v -0.03901358694 0.009232180193 1.581249475
v -0.03885646537 0.009144045413 1.581522465
v -0.03869205713 0.008889636025 1.581289768
v -0.0358299166 0.007757443935 1.585125089
v -0.03593704104 0.007944520563 1.584852099
v -0.0358388871 0.008109690621 1.58512938
v -0.04119808599 0.005854953546 1.586663485
v -0.04108949751 0.005609851331 1.5864923
v -0.03874960542 0.008077340201 1.589883804
v -0.03477109596 0.007419070229 1.585149884
v -0.03477755189 0.007468852215 1.584878922
v -0.03587163985 0.00776422862 1.588587761
v -0.0362033397 0.007666025311 1.588899851
v -0.03703407198 0.007582473569 1.588533044
v -0.0376252234 0.007514670491 1.588892341
v -0.04246703908 0.006250658073 1.587683797
v -0.04258115962 0.00598260574 1.587336779
v -0.04147935659 0.004584087525 1.586072445
v -0.04116589203 0.004471830092 1.585830569
v -0.03736808151 0.007642894052 1.588677526
v -0.04154240713 0.00440969225 1.580251336
v -0.03613156825 0.007101896219 1.582845569
v -0.03960788622 0.00537787471 1.58400166
v -0.04164881632 0.003490557428 1.582262158
v -0.04164166003 0.003493148368 1.582666993
v -0.04007967189 0.006832188927 1.581548452
v -0.04122384638 0.00504224794 1.58038795
v -0.04115852714 0.005463339388 1.580148816
v -0.03658232093 0.006812576205 1.582567811
v -0.03629687801 0.007011157461 1.582617283
v -0.04126124457 0.005223148968 1.580192685
v -0.03765720129 0.005115327425 1.580569029
v -0.03674764186 0.007618071511 1.583461046
v -0.03679677844 0.008030444384 1.583394766
v -0.03677149862 0.008637676947 1.58315742
v -0.03677555546 0.008914086968 1.583035946
v -0.03612075374 0.009704556316 1.582600236
v -0.03602488339 0.0100253541 1.582672596
v -0.03546328098 0.01067954116 1.583257794
v -0.03616135195 0.0102843456 1.582669139
v -0.03562280536 0.01109685097 1.583363891
v -0.03707651421 0.01237735897 1.582142115
v -0.03735569865 0.01253063977 1.581935644
v -0.03865768388 0.01321726665 1.580281734
v -0.03843954578 0.01340836287 1.580592871
v -0.03941633552 0.01235802099 1.579402208
v -0.03936187178 0.01250516437 1.579710126
v -0.03979087248 0.01094309799 1.578632593
v -0.04012796283 0.01092685387 1.578598738
v -0.03989319876 0.01057750266 1.578541279
v -0.04040653259 0.0101838978 1.578068733
v -0.04025171697 0.009770573117 1.578108549
v -0.03979244083 0.007497271523 1.577654958
v -0.03980785236 0.007115950342 1.578025222
v -0.03822539747 0.005282785743 1.57888937
v -0.03819817677 0.005520774052 1.57861042
v -0.04004328698 0.002672812436 1.579848766
v -0.0396711491 0.002859729808 1.579887867
v -0.03987576813 0.003007003572 1.579605579
v -0.03867334127 0.008257918991 1.581925631
v -0.04306033626 0.007653537206 1.583444357
v -0.04313901812 0.007931299508 1.583581805
v -0.04341620207 0.008557589725 1.583230257
v -0.04332261905 0.00884494558 1.583215833
v -0.0437477231 0.01010070555 1.582425356
v -0.04331773892 0.01023590937 1.58221519
v -0.04049703851 0.01082662959 1.581872463
v -0.04098341614 0.01093947515 1.581997275
v -0.03833898902 0.00791295059 1.581852198
v -0.03566072509 0.008230447769 1.586400032
v -0.03584172204 0.008193479851 1.5867275
v -0.03977676854 0.006902680732 1.589790463
v -0.03934403881 0.006996654905 1.589795351
v -0.0421285741 0.004638927057 1.585756063
v -0.04185573757 0.004392720293 1.585592151
v -0.04005005956 0.005507035647 1.584547639
v -0.03985706344 0.005697557703 1.58407867
v -0.04052232578 0.005467633251 1.585671067
v -0.03483335301 0.007818575948 1.586650372
v -0.03501295298 0.00798134692 1.587026954
v -0.04154603183 0.006884699222 1.589037895
v -0.03838098049 0.00819478929 1.589404345
v -0.03800700232 0.008197493851 1.589223146
v -0.0380272679 0.007814225741 1.588983774
v -0.03769294545 0.007716545835 1.588828087
v -0.03492578119 0.008067231625 1.586607575
v -0.03682958707 0.008827921003 1.58283484
v -0.03997338191 0.003904554294 1.57921958
v -0.03858201951 0.007506079506 1.580480337
v -0.03954837099 0.002542688977 1.582234502
v -0.03944340721 0.002801260911 1.582539082
v -0.03872236982 0.007153098471 1.580227971
v -0.04046057165 0.005372319836 1.579107523
v -0.0421763584 0.004154950846 1.583296418
v -0.04193725064 0.003872968489 1.583629251
v -0.04091053456 0.005584570579 1.580706835
v -0.04106681794 0.005421806127 1.580405593
v -0.03584931046 0.008234114386 1.582411528
v -0.036855869 0.006426688284 1.581659079
v -0.04050367698 0.005042514298 1.579005957
v -0.03509845957 0.007976941764 1.583923101
v -0.03501467407 0.007822039537 1.584046364
v -0.03535117209 0.007350586355 1.583844543
v -0.03586754575 0.008500959724 1.582428813
v -0.0368209891 0.01172867417 1.582433939
v -0.03699091077 0.0116776824 1.58248651
v -0.03709716722 0.01198289916 1.582322717
v -0.03836956248 0.01281409338 1.581450343
v -0.0385276787 0.01284293644 1.581117153
v -0.03933713213 0.01316427998 1.58077085
v -0.03914747015 0.01330471039 1.581132054
v -0.04016238078 0.01307779551 1.579750776
v -0.04027080536 0.01274798624 1.579475522
v -0.04066921026 0.01156568341 1.578099489
v -0.04061044753 0.01210640743 1.578126431
v -0.04005721584 0.0098686032 1.577184319
v -0.03874415532 0.005892360117 1.578060985
v -0.03844014183 0.005670327693 1.57831347
v -0.04161684215 0.003825422842 1.580443621
v -0.04042228311 0.005587919615 1.585246563
v -0.04178179055 0.006791234482 1.584047437
v -0.04213216528 0.007117713802 1.583884597
v -0.04393210262 0.007510013878 1.583369017
v -0.04484318197 0.008748849854 1.583515763
v -0.04467647523 0.009149363264 1.583158374
v -0.04197226837 0.0111544244 1.582116008
v -0.04190829024 0.01098343357 1.582244515
v -0.04145434499 0.01110364404 1.582038045
v -0.04046605527 0.009948087856 1.582066298
v -0.04007226974 0.009765932336 1.582049251
v -0.03974093497 0.008826558478 1.581079602
v -0.03977536783 0.009242948145 1.581065655
v -0.03536072746 0.008269350976 1.585741639
v -0.03528330848 0.008253366686 1.586103797
v -0.03530006483 0.00821904093 1.586907506
v -0.03564840183 0.008236898109 1.587662339
v -0.03538121656 0.008195463568 1.587326646
v -0.03963316232 0.00676275976 1.589453459
v -0.04031139612 0.00647959765 1.589172363
v -0.03994240984 0.006629490294 1.589237213
v -0.04235054553 0.005730840843 1.585190177
v -0.03623295575 0.007774870843 1.587361217
v -0.03595754504 0.007747163065 1.58669579
v -0.03603775799 0.007658840157 1.587052584
v -0.03572709858 0.007523686625 1.588143826
v -0.03593628109 0.007589465939 1.588535666
v -0.04091585428 0.006953959353 1.588330984
v -0.04075394943 0.007163861301 1.588605762
v -0.0414965637 0.004825328011 1.58635807
v -0.04118549451 0.004707550164 1.586119533
v -0.03509753197 0.00778424833 1.583869815
v -0.03854113445 0.003099310445 1.581570625
v -0.03732000291 0.006097784266 1.582084656
v -0.03758066893 0.005580566823 1.58191359
v -0.03944689408 0.005984675139 1.579614162
v -0.04017904773 0.00638706889 1.580539346
v -0.0386518091 0.002769833431 1.581336141
v -0.03900806233 0.003874328453 1.583104134
v -0.03949651122 0.005591941997 1.579437375
v -0.03932663053 0.003725831863 1.583508492
v -0.03969743848 0.004000883084 1.584083915
v -0.0424570255 0.004871262703 1.583057761
v -0.03646198288 0.006887821481 1.582382917
v -0.0366088748 0.006743188947 1.582148314
v -0.03561199084 0.007908536121 1.582738042
v -0.0373380594 0.005823756568 1.581834793
v -0.03735067323 0.007286118343 1.581330895
v -0.03550098464 0.008204843849 1.58277905
v -0.03915724903 0.005667484365 1.579302192
v -0.03534937277 0.01015563868 1.583317161
v -0.0352999419 0.009909601882 1.583143592
v -0.037526723 0.01231316663 1.582553148
v -0.03749772906 0.01247933879 1.5827595
v -0.03775451332 0.01265168004 1.582471371
v -0.03890123963 0.01338089071 1.581493497
v -0.03964340687 0.01387390681 1.580249071
v -0.04000357538 0.01358493976 1.579966545
v -0.03959176317 0.01386230066 1.579595923
v -0.03978915513 0.0103758797 1.577401519
v -0.03958528861 0.009922584519 1.577524424
v -0.03954666853 0.01035279408 1.577728629
v -0.03893331066 0.008495794609 1.578226686
v -0.03909830749 0.008839592338 1.57825911
v -0.03835972771 0.007222159766 1.579408407
v -0.03930243477 0.006032545585 1.579257607
v -0.03815007582 0.006943061948 1.579560161
v -0.03920656815 0.006077701692 1.579552293
v -0.04267908633 0.004864471965 1.583405495
v -0.04259413108 0.005369920284 1.583072424
v -0.04256258905 0.005876787473 1.58477056
v -0.04365827516 0.00989263691 1.583269
v -0.04378125444 0.009550616145 1.583481193
v -0.04217422009 0.01019952074 1.582440495
v -0.04245202243 0.009964190423 1.582541108
v -0.04063742235 0.009953033179 1.581254125
v -0.04048480839 0.009503372014 1.581326365
v -0.04076999426 0.005960648879 1.58494103
v -0.04117337614 0.006022992544 1.585584998
v -0.0360102728 0.008402721956 1.584099054
v -0.03701907024 0.008283251897 1.589310527
v -0.04136908427 0.005830984563 1.587894797
v -0.04077098146 0.005835509393 1.585426569
v -0.04242178053 0.005626140628 1.584972858
v -0.04229736328 0.005044564139 1.586419344
v -0.04206393659 0.004761239514 1.586192489
v -0.04157338664 0.005679456051 1.587671638
v -0.04155822471 0.005788142793 1.587994814
v -0.04187459871 0.006076826714 1.588490844
v -0.04135107249 0.006389672868 1.589119554
v -0.04173223674 0.006362104788 1.588828206
v -0.03745338321 0.008313873783 1.589459896
v -0.03711004928 0.008337275125 1.589164615
v -0.03542790934 0.007377586327 1.585287452
v -0.03552360833 0.007380235009 1.585039616
v -0.03674747795 0.007419748232 1.588886976
v -0.03650765121 0.007437676191 1.58855629
v -0.04125069454 0.007113646716 1.588579893
v -0.04171981663 0.006829360034 1.588031292
v -0.04158146307 0.006969572045 1.588384867
v -0.03590982407 0.007946115918 1.582363009
v -0.03606857732 0.008058941923 1.582237244
v -0.03762371838 0.007519572042 1.581497908
v -0.04141525179 0.002709613182 1.580680847
v -0.03855511174 0.002946414985 1.580971599
v -0.03758369014 0.007624724414 1.581794143
v -0.04009544849 0.002137543168 1.581144691
v -0.03927199543 0.006487457082 1.582695365
v -0.03939669207 0.006278466433 1.583005548
v -0.04060962424 0.002268180717 1.580748916
v -0.04145785421 0.002848932054 1.58080864
v -0.04088324681 0.003801919054 1.584543347
v -0.04183907062 0.005630321801 1.582379818
v -0.04234897345 0.005450678989 1.587100267
v -0.03926855326 0.009184438735 1.578318119
v -0.03967837244 0.008266951889 1.578401566
v -0.03987931833 0.008582217619 1.578225493
v -0.03940720856 0.006435414776 1.579118252
v -0.03947439417 0.006172059104 1.578870773
v -0.03875469789 0.002743919613 1.580756903
v -0.03522332013 0.008209068328 1.583827496
v -0.03664729372 0.009149201214 1.583200812
v -0.03649917245 0.009644589387 1.583334923
v -0.03698000684 0.01135354675 1.582805037
v -0.03580163419 0.01153254509 1.583235383
v -0.03604134545 0.01194943674 1.583255768
v -0.0374616608 0.01354665123 1.582167387
v -0.0374169983 0.01333844662 1.581980109
v -0.03772938997 0.01365525648 1.581773639
v -0.03905721754 0.01369803213 1.5799191
v -0.03919080645 0.01339504868 1.579575539
v -0.03954060376 0.01179070026 1.57849586
v -0.03944340348 0.009530073032 1.578382611
v -0.03816147894 0.007605302148 1.589951515
v -0.0377285555 0.007571886759 1.589796066
v -0.04128646478 0.006259622984 1.58733964
v -0.04132976755 0.006060369778 1.586850047
v -0.04147572815 0.006260988303 1.58706665
v -0.04082556814 0.00405597873 1.584753513
v -0.03921111301 0.008009491488 1.58980608
v -0.03831667453 0.008224258199 1.589750767
v -0.0387805216 0.008164793253 1.589722872
v -0.03566231579 0.007491811179 1.58521378
v -0.03468621522 0.007495553233 1.585375309
v -0.03474057466 0.007437227294 1.585640073
v -0.04230603203 0.006317058578 1.588101029
v -0.04209048301 0.006566934288 1.588408113
v -0.0368274264 0.007679024246 1.588246942
v -0.03652811795 0.007604576182 1.588031888
v -0.03962682188 0.008395925164 1.581885695
v -0.03934332728 0.008573994972 1.581995726
v -0.04313252121 0.006685498171 1.584737301
v -0.04330636933 0.007076326292 1.584653139
v -0.04396893084 0.008897736669 1.583920002
v -0.04375307634 0.008870398626 1.583846807
v -0.04381036386 0.0092070885 1.583679199
v -0.0431082584 0.009297549725 1.582925916
v -0.04328834265 0.009021541104 1.582970262
v -0.04214647785 0.01085646823 1.581592441
v -0.04168922454 0.01071317494 1.581430197
v -0.03972828388 0.0088498611 1.581979632
v -0.03896786273 0.008964085951 1.581043363
v -0.03926977888 0.00919184275 1.581053019
v -0.03572658449 0.007502046414 1.584922552
v -0.03584492952 0.008208068088 1.584876299
v -0.03586482257 0.008283369243 1.584623814
v -0.03586985916 0.007283823565 1.582941651
v -0.03680082783 0.007389384322 1.581631184
v -0.0366695933 0.00725340005 1.581672192
v -0.03690549359 0.007156250998 1.581475377
v -0.04144915193 0.004617721774 1.580276728
v -0.03803898022 0.005087721162 1.579645991
v -0.04143584892 0.004872384947 1.580152869
v -0.03808733821 0.007782667875 1.58169651
v -0.04095276445 0.003064617049 1.583196521
v -0.04060300067 0.00287454715 1.582965136
v -0.03935302794 0.007641049102 1.580779791
v -0.03910186887 0.007817468606 1.580602884
v -0.03921068087 0.007421288639 1.580505133
v -0.03979395702 0.007951948792 1.57738924
v -0.03802848607 0.005245185923 1.579228044
v -0.04036135226 0.002451797947 1.580096841
v -0.03996846825 0.002511617262 1.580131531
v -0.03661934659 0.007170069031 1.583362818
v -0.03687055036 0.007391954772 1.583282828
v -0.03676410392 0.009124089032 1.582772732
v -0.03668259084 0.009067043662 1.582617044
v -0.03602264076 0.009419704787 1.582566023
v -0.03615503386 0.009186571464 1.582482576
v -0.03539153188 0.01032182574 1.583126307
v -0.03724404424 0.01269727387 1.581973076
v -0.03694710508 0.01258568279 1.582249999
v -0.0388648212 0.01302481443 1.580014706
v -0.0389219448 0.01285469905 1.580114484
v -0.03906005993 0.01282208227 1.579781532
v -0.0396021381 0.01212471537 1.579265475
v -0.03960083425 0.01190391928 1.578971982
v -0.04037445411 0.0097640194 1.577935934
v -0.04050654545 0.01020182297 1.577875972
v -0.04021552205 0.006808405742 1.589733124
v -0.04190810025 0.006290557794 1.586730838
v -0.04200278968 0.006188057363 1.586391807
v -0.04066157341 0.006736526266 1.589608669
v -0.04034093395 0.00705607608 1.589799762
v -0.03670639172 0.008249856532 1.588386297
v -0.03497363254 0.007690652739 1.587058425
v -0.034858156 0.007560794242 1.586659551
v -0.03753208369 0.006637097336 1.582653165
v -0.03963058069 0.007214576937 1.588931918
v -0.03937416151 0.00747570768 1.589057684
v -0.04120755941 0.007131361403 1.58923614
v -0.03908083588 0.008685152978 1.581981182
v -0.04302898049 0.007330344059 1.583301425
v -0.04304122925 0.0069130091 1.583189249
v -0.04355981201 0.008264804259 1.583249211
v -0.04374973103 0.00792721007 1.583292127
v -0.04414853454 0.009897564538 1.582678556
v -0.04449484497 0.009635421447 1.582996249
v -0.0400422141 0.01058127172 1.581732869
v -0.04011771455 0.01047096215 1.581919074
v -0.03971317783 0.01018226147 1.581819177
v -0.03892467543 0.008794396184 1.581897616
v -0.03930107132 0.009164716117 1.581975579
v -0.03831282258 0.008188650012 1.581595778
v -0.03500737622 0.008207712322 1.58539927
v -0.03487211466 0.008126039989 1.58510828
v -0.03495607153 0.00815808773 1.584694386
v -0.03518906608 0.008273830637 1.585061669
v -0.03518331051 0.008281601593 1.58467567
v -0.03566691279 0.008247258142 1.58678329
v -0.03546320647 0.008255716413 1.586446881
v -0.03607728705 0.008316643536 1.582276106
v -0.03765233234 0.007348539308 1.581198931
v -0.0407329239 0.005390607286 1.579135895
v -0.03975370899 0.004466499202 1.579225302
v -0.03768982366 0.007120120339 1.580915809
v -0.03785108402 0.006612483412 1.580059886
v -0.03794410825 0.007530456409 1.581085443
v -0.03988697752 0.006185575388 1.579920173
v -0.04025892913 0.006032573991 1.580011129
v -0.04000920802 0.006299477071 1.580234528
v -0.03919085115 0.002538328525 1.581987858
v -0.03935068846 0.00232547964 1.581688643
v -0.03966153786 0.008360414766 1.581176877
v -0.04017423093 0.004741979763 1.57909143
v -0.04179924726 0.006092179567 1.582555771
v -0.04227031767 0.004475207068 1.582975984
v -0.04070138931 0.005543591455 1.579367161
v -0.04153706133 0.00509198755 1.579706073
v -0.03816366196 0.006856134627 1.578135371
v -0.03830846772 0.007366380654 1.578150153
v -0.0379851386 0.006709293928 1.579778552
v -0.04035719112 0.003918399103 1.579044461
v -0.03533128649 0.007303504739 1.584028959
v -0.03517497331 0.007359447889 1.584144592
v -0.03502640128 0.00764391711 1.584058285
v -0.03615460172 0.008540319279 1.58229661
v -0.03596570715 0.008733548224 1.582425833
v -0.03666402772 0.01182520762 1.582446218
v -0.03693481162 0.01205801405 1.582297683
v -0.03798820451 0.01274324208 1.582136512
v -0.03819132224 0.01278325357 1.581788301
v -0.0394496806 0.01295999251 1.58042109
v -0.03963372111 0.01320280693 1.580453992
v -0.03976713121 0.01296689361 1.580132365
v -0.04039060697 0.01291038468 1.579382181
v -0.04024726152 0.0132629592 1.579669714
v -0.04057281092 0.01120220777 1.57771492
v -0.04057939723 0.01067529805 1.577803254
v -0.03984960914 0.008936662227 1.577224612
v -0.04253657162 0.005792953074 1.58605504
v -0.04247025028 0.00563110644 1.585438371
v -0.04256589338 0.00558480341 1.585746884
v -0.04174541309 0.005528072827 1.587422967
v -0.03520050645 0.007417568471 1.586981535
v -0.03556602821 0.007463829592 1.587738991
v -0.03544715047 0.007415943313 1.587327003
v -0.03925266117 0.006894086488 1.589436293
v -0.04101020843 0.006713903509 1.588059425
v -0.0387779735 0.008060522377 1.589377642
v -0.03662265092 0.007785202004 1.587962508
v -0.03638003021 0.007681599353 1.587693572
v -0.03890024498 0.00701713562 1.58957243
v -0.03508066759 0.008179293945 1.58655262
v -0.03512915224 0.007582320366 1.583905339
v -0.04210143164 0.006515060551 1.582941175
v -0.04219315574 0.006022536196 1.582806706
v -0.04414175451 0.006320801564 1.583910346
v -0.04381228983 0.005911315326 1.584059834
v -0.04484464228 0.008302159607 1.583879113
v -0.04466741905 0.007851839066 1.584201813
v -0.04207168519 0.01121222135 1.581874251
v -0.04149476439 0.01124237292 1.58182776
v -0.04085914046 0.01003741659 1.582085133
v -0.04123516008 0.01005509309 1.58210361
v -0.04004495591 0.008926479146 1.581232905
v -0.0354674682 0.00836441759 1.584499478
v -0.03526015207 0.008322728798 1.584318757
v -0.03556482866 0.008418448269 1.584195256
v -0.03620843962 0.007127728313 1.582456827
v -0.03603289276 0.007231215946 1.582694888
v -0.03846647963 0.004334016237 1.582313299
v -0.03823376074 0.004198281094 1.581749201
v -0.03850742802 0.00348801259 1.581810713
v -0.03728355467 0.006353111938 1.582339168
v -0.03785149753 0.006834778003 1.582605124
v -0.04056670517 0.006276126951 1.580976486
v -0.04033071548 0.006463083439 1.580826521
v -0.03849395365 0.003902710509 1.582060933
v -0.03873428702 0.004076181911 1.582691193
v -0.04242908582 0.004506306723 1.583372235
v -0.03972376511 0.004409333691 1.584208012
v -0.03699340299 0.006485851482 1.582303166
v -0.0370718874 0.006290217862 1.582056642
v -0.03874017298 0.008155507967 1.578214407
v -0.03878701851 0.008224483579 1.578439832
v -0.03853476048 0.007928927429 1.578474045
v -0.03874506801 0.007689019665 1.579047322
v -0.03922406584 0.005790593103 1.578900218
v -0.03886895999 0.0054675024 1.578885913
v -0.04056625813 0.004066440277 1.578966618
v -0.03750572726 0.007262228988 1.58272934
v -0.03768559918 0.007293518633 1.582522631
v -0.03566614911 0.007267537527 1.584254503
v -0.03734222054 0.006916010752 1.582863927
v -0.03647508472 0.008446585387 1.583581567
v -0.03772268072 0.01246378012 1.582242846
v -0.0382145457 0.01357194968 1.582202435
v -0.03756129369 0.0131345503 1.582771063
v -0.03775641695 0.01351116411 1.58245635
v -0.03922325745 0.01407210343 1.580543041
v -0.03860792518 0.01405647397 1.581340432
v -0.03881303966 0.01412526891 1.580866933
v -0.039735239 0.01361299306 1.579177856
v -0.0398077555 0.01327860169 1.578816414
v -0.03984421492 0.009903527796 1.577269673
v -0.04004073143 0.01036150567 1.577223659
v -0.03694786504 0.008161213249 1.589427948
v -0.03738503158 0.00821847748 1.589599848
v -0.04118592292 0.006010104436 1.587738156
v -0.04137900844 0.005783198401 1.587570548
v -0.04036356509 0.00575403776 1.584749818
v -0.04022091255 0.005931542721 1.584232569
v -0.03527932614 0.007309574634 1.585104585
v -0.03517750651 0.007313606795 1.585351586
v -0.03703854978 0.007415094879 1.589186907
v -0.04217888787 0.006059043109 1.588150978
v -0.0422110185 0.005784949753 1.587805748
v -0.04221520573 0.005194854457 1.586802602
v -0.04103695229 0.007268974558 1.588900089
v -0.04066462442 0.0074146837 1.589022756
v -0.03737338632 0.007422133349 1.589449167
v -0.03697390482 0.007509083487 1.589327812
v -0.04298325628 0.006303323433 1.58476162
v -0.04344815388 0.01022551395 1.583047509
v -0.04331514239 0.01010336913 1.583055735
v -0.04305937141 0.01041097939 1.582850218
v -0.04186121002 0.01014217921 1.582275271
v -0.04151919484 0.01025752537 1.582212448
v -0.04085587338 0.01039336715 1.581230998
v -0.04119549319 0.01074376144 1.581278801
v -0.03624065965 0.008386965841 1.583898187
v -0.03642841056 0.008336709812 1.583740592
v -0.04137997329 0.004604035988 1.58039403
v -0.04155741259 0.002855825005 1.580560327
v -0.04167503491 0.003175947582 1.580487251
v -0.04136772081 0.002601501066 1.580577374
v -0.04115285724 0.002442963421 1.580465794
v -0.04166474938 0.004878879525 1.579793692
v -0.04160666466 0.004638075829 1.580043793
v -0.0409312211 0.002409132197 1.580218434
v -0.04069209099 0.002463604556 1.579872847
v -0.0414891243 0.004875023384 1.579031587
v -0.04109262675 0.004482977558 1.578860044
v -0.04027472064 0.003610678716 1.579075217
v -0.04043505713 0.002622748259 1.579570889
v -0.04171802849 0.003550355788 1.580390334
v -0.04166694358 0.003996458836 1.580288172
v -0.04159966856 0.004346752539 1.580199361
v -0.04045072198 0.003871530062 1.578981161
v -0.04067922011 0.004075149074 1.578920245
v -0.04146653786 0.004311528057 1.580848336
v -0.04170360044 0.004562303424 1.582065463
v -0.04161569104 0.003659583861 1.580934882
v -0.04133569449 0.005361311138 1.581686378
v -0.04152127728 0.003212823533 1.581765175
v -0.04149040207 0.003043266479 1.581327319
v -0.04147111624 0.002959925914 1.58114171
v -0.04159750789 0.003584144637 1.580700636
v -0.04165020958 0.003491357435 1.581900597
v -0.04153840989 0.003207957372 1.581479669
v -0.04152167588 0.003084358294 1.581108093
v -0.04156452417 0.003196537029 1.580866933
v -0.04099391773 0.005403625779 1.580598712
v -0.04085831717 0.005788189359 1.580997109
v -0.0411555022 0.005033313762 1.58057332
v -0.04095828533 0.005747313611 1.581199884
v -0.04088273644 0.005658923183 1.580881596
v -0.04094880447 0.005465567578 1.580693483
v -0.04146248847 0.004177689087 1.580597401
v -0.04181914404 0.003810307942 1.582406163
v -0.04176156968 0.003905262798 1.582120895
v -0.04132397473 0.004640387371 1.580657125
v -0.04160043597 0.003407766344 1.580873489
v -0.04156671464 0.003260273254 1.581115246
v -0.04116004705 0.005045305006 1.580719471
v -0.0410341993 0.006338151172 1.583979487
v -0.04104918242 0.006525360048 1.583652139
v -0.03942516819 0.008069766685 1.581864595
v -0.039640937 0.007970590144 1.581645966
v -0.03868021816 0.007634138223 1.582003832
v -0.03878546134 0.0082582701 1.581964016
v -0.03910160437 0.008221974596 1.581977844
v -0.04004818201 0.008634574711 1.581690669
v -0.04122309759 0.006612620316 1.583184719
v -0.04164657369 0.006825953722 1.583439589
v -0.04190326482 0.006685379893 1.583027601
v -0.0427893661 0.00491338456 1.584203005
v -0.04289927334 0.005068692844 1.583531737
v -0.042709589 0.004746131133 1.583841562
v -0.04150578007 0.006658772472 1.583946228
v -0.0413932614 0.006315206178 1.584245801
v -0.04181735218 0.006297220476 1.584510922
v -0.04217614606 0.006196253002 1.584698796
v -0.04258638993 0.006651109084 1.584659338
v -0.04227304831 0.006788802333 1.58445549
v -0.042949792 0.007329002023 1.584427118
v -0.04277699441 0.007470252924 1.584144115
v -0.04211385176 0.006997786462 1.584105253
v -0.0427245833 0.007546517067 1.583760977
v -0.04217190295 0.007174720056 1.583661079
v -0.04285920411 0.007458361797 1.583413243
v -0.04235510156 0.007095276378 1.583278298
v -0.04278483242 0.006706406828 1.583110452
v -0.04235666618 0.006261567585 1.582936764
v -0.04280175269 0.005598799326 1.583178997
v -0.04328805208 0.006087329704 1.583303809
v -0.04382129014 0.006670415401 1.583442211
v -0.04411275312 0.006370786112 1.583761811
v -0.04347495735 0.005626406055 1.583662271
v -0.04413948953 0.006312297657 1.58408618
v -0.04345851764 0.005544454325 1.584041238
v -0.04336215928 0.005771432538 1.584450006
v -0.0427922979 0.005284396466 1.584519625
v -0.04266004264 0.005701835267 1.584718943
v -0.04245307669 0.006010544486 1.584780097
v -0.04311715811 0.006133595482 1.584714413
v -0.04285567626 0.006441603415 1.584761381
v -0.04370005801 0.00671624206 1.584672809
v -0.04342798516 0.00697282888 1.584690452
v -0.04393218458 0.007689214312 1.584506869
v -0.04369213805 0.007811341435 1.584432125
v -0.04318424687 0.007170936093 1.584595323
v -0.0439482592 0.008539541624 1.584122419
v -0.04372371733 0.008553263731 1.584030509
v -0.04346708581 0.007910488173 1.584303141
v -0.04349659756 0.008526010439 1.583855629
v -0.04325506091 0.007975123823 1.584072828
v -0.04333625361 0.008441822603 1.583590508
v -0.04312624037 0.00797094591 1.583744884
v -0.04340330139 0.008322427049 1.583333969
v -0.04322215915 0.007865150459 1.583444238
v -0.04380344972 0.008216960356 1.583213449
v -0.04363845289 0.007645347621 1.583322167
v -0.04327636212 0.00713540474 1.583259225
v -0.04438313469 0.008173853159 1.583320975
v -0.04421718419 0.007385099307 1.583491206
v -0.0447534062 0.008191037923 1.583520651
v -0.04456648231 0.007242631167 1.583763123
v -0.04486197233 0.008252723143 1.583742261
v -0.04463955015 0.007237324491 1.584033728
v -0.04475291446 0.008359921165 1.584008813
v -0.04450590163 0.007346502505 1.584339142
v -0.04398980364 0.006443965249 1.584454417
v -0.04446007311 0.008457203396 1.584160805
v -0.04421025515 0.007531090174 1.58450532
v -0.04437576234 0.009333077818 1.583682299
v -0.04412472248 0.009287085384 1.583722591
v -0.04418359324 0.008508751169 1.58417201
v -0.04374008626 0.009944871068 1.583263397
v -0.04357770458 0.009839321487 1.583265185
v -0.04391300306 0.009236166254 1.583702445
v -0.04342199117 0.009724233299 1.583235979
v -0.04371092841 0.00917233713 1.583646894
v -0.04325739667 0.009568236768 1.583159924
v -0.04350034148 0.009065890685 1.583527923
v -0.04312368855 0.009377846494 1.583017945
v -0.04333691671 0.008916487917 1.583329558
v -0.043148458 0.009247970767 1.58282578
v -0.04337782413 0.008790979162 1.583106875
v -0.04342536256 0.009306421503 1.582648635
v -0.04373383522 0.008784475736 1.582957864
v -0.04383357242 0.009567318484 1.582586288
v -0.04426243529 0.008927423507 1.582973957
v -0.0440937914 0.009813560173 1.582629561
v -0.04460507259 0.009087288752 1.583086967
v -0.04418290406 0.009983601049 1.582756639
v -0.04471952841 0.009217738174 1.583257675
v -0.04412764311 0.01009151433 1.582992196
v -0.04463742673 0.009323598817 1.583507419
v -0.04325140268 0.01060786191 1.582753897
v -0.04393251985 0.01005199738 1.583193779
v -0.04243680835 0.01102800667 1.582320213
v -0.04234161228 0.01087124553 1.582429171
v -0.04311412945 0.0104780728 1.582838774
v -0.04228128493 0.01070756838 1.582466125
v -0.04300697893 0.01034244336 1.582852721
v -0.04223461449 0.01053576171 1.582479119
v -0.04290829599 0.01019788161 1.582840919
v -0.04219254479 0.01032202691 1.58246541
v -0.0428032726 0.0100121405 1.582795262
v -0.04216473177 0.01008340809 1.582398534
v -0.04271482304 0.009796613827 1.582695365
v -0.04220238701 0.009942200035 1.582244158
v -0.0427333042 0.009663119912 1.582528353
v -0.04233691096 0.01006102562 1.582014441
v -0.0429283008 0.009757163934 1.582331896
v -0.04249941185 0.01043122821 1.581840992
v -0.04320884869 0.0100733228 1.582221985
v -0.04259107262 0.01074844971 1.581806779
v -0.04338312149 0.01035084017 1.582229137
v -0.04261366278 0.01094940957 1.581887841
v -0.04344077408 0.01053101011 1.582330108
v -0.04255715385 0.0110805491 1.582096696
v -0.04339591041 0.01064932533 1.582546115
v -0.0415340066 0.01123891771 1.581684947
v -0.04047121853 0.01089072693 1.581765771
v -0.04146840051 0.01118892804 1.58194828
v -0.0405317992 0.01075141132 1.581944227
v -0.04144950211 0.01101291552 1.58209765
v -0.04061077163 0.01058483589 1.582029223
v -0.04145314544 0.01082618535 1.582168102
v -0.04069174081 0.01040065195 1.582081914
v -0.04146641493 0.01063037664 1.582211852
v -0.04079465941 0.01016870979 1.582099319
v -0.04149592668 0.01039195433 1.5822258
v -0.04092698172 0.009914796799 1.58204782
v -0.04154894501 0.01013198216 1.582177758
v -0.04105354846 0.009755341336 1.581882596
v -0.04162945226 0.009977388196 1.582020879
v -0.04109421745 0.009848352522 1.581579447
v -0.04170884192 0.01010166667 1.58174336
v -0.04095843434 0.01020651218 1.581299901
v -0.04171334952 0.01050656475 1.581492782
v -0.04077572376 0.01052380353 1.581207752
v -0.04166712612 0.01085725799 1.58141005
v -0.04063173756 0.01073036063 1.581261635
v -0.04161456227 0.01108209603 1.581469655
v -0.03974337876 0.01021333225 1.581415534
v -0.04049990699 0.01089747064 1.581477404
v -0.03922869638 0.009532641619 1.581323862
v -0.03911317512 0.009491634555 1.581604838
v -0.03968613967 0.01022314001 1.581705093
v -0.03914105147 0.009373232722 1.581815958
v -0.03975735232 0.01012879051 1.581898689
v -0.0392366387 0.009233376011 1.581936598
v -0.03987151012 0.01000118628 1.581990957
v -0.03938241303 0.009103345685 1.582004428
v -0.03999871016 0.009854187258 1.582039475
v -0.03960153833 0.008949341252 1.582013607
v -0.04016058892 0.009660413489 1.582045197
v -0.03985119238 0.008750261739 1.581910968
v -0.040354155 0.009432679974 1.581969261
v -0.03856632859 0.008559483103 1.581674814
v -0.03861078992 0.008317437023 1.581866741
v -0.03861115873 0.008803775534 1.58142221
v -0.03881793469 0.008945863694 1.581156135
v -0.03911789134 0.008939698339 1.580971718
v -0.03937536851 0.008821094409 1.580923676
v -0.04010469094 0.008769461885 1.581383109
v -0.03991856053 0.009097205475 1.581125379
v -0.04035952687 0.009668987244 1.581215501
v -0.03966247663 0.009336765856 1.58105123
v -0.04011740163 0.009925672784 1.581139445
v -0.03945242614 0.009459577501 1.581118345
v -0.03992768005 0.01008309517 1.581202984
v -0.04055203497 0.00936959032 1.581484437
v -0.04051758349 0.009287431836 1.581787109
v -0.03911841288 0.007503299974 1.581884742
v -0.03938505799 0.007494651712 1.581719995
v -0.03839397803 0.007709715515 1.581997037
v -0.04123040661 0.006127680652 1.584489465
v -0.0409537442 0.006052814424 1.584802628
v -0.04137461632 0.006083537359 1.585473537
v -0.0417053625 0.006065892056 1.584816217
v -0.04177689552 0.006060488988 1.585408568
v -0.03580713272 0.007809948176 1.585422516
v -0.03588031232 0.00765163824 1.584774971
v -0.04253289476 0.005163071677 1.584797382
v -0.04224863648 0.004454848822 1.584724784
v -0.03489116579 0.008150856942 1.585445166
v -0.03484571725 0.008079675958 1.584811449
v -0.03513472527 0.008250884712 1.585397482
v -0.03530618548 0.008315657265 1.584764004
v -0.03509088978 0.008237098344 1.584519029
v -0.03547491878 0.008421137929 1.58411026
v -0.03601487353 0.008600223809 1.583733916
v -0.03601387516 0.008486996405 1.583892345
v -0.0361860916 0.008439164609 1.583871603
v -0.03628744557 0.00832593441 1.583929658
v -0.03635825589 0.008181315847 1.583991408
v -0.0363888666 0.007960135117 1.584033847
v -0.03617322072 0.007841137238 1.584364533
v -0.03611217439 0.008150972426 1.58441782
v -0.03591411933 0.008111737669 1.58487606
v -0.03598893434 0.00829683058 1.584388494
v -0.03575364873 0.008272333071 1.584867239
v -0.03560466319 0.008250268176 1.585413933
v -0.03554638848 0.008333945647 1.58483541
v -0.03537868708 0.008287136443 1.585414529
v -0.03577576578 0.008125454187 1.586028576
v -0.03578623757 0.008112760261 1.58540833
v -0.03560172766 0.008233887143 1.586054564
v -0.03575766832 0.008228246123 1.586754322
v -0.03539028764 0.008259633556 1.586087704
v -0.0355739072 0.008254757151 1.586813092
v -0.03588959575 0.008263008669 1.587534189
v -0.03538907692 0.008240636438 1.5868752
v -0.03572703153 0.008255654015 1.587619185
v -0.03617682308 0.008287403733 1.588311791
v -0.0355730392 0.008206905797 1.587704897
v -0.03604334593 0.008240034804 1.588421822
v -0.03665559739 0.008275752887 1.589047313
v -0.03593248874 0.008136838675 1.588519454
v -0.03657137603 0.00816122815 1.589160919
v -0.03735738993 0.008144140244 1.589652777
v -0.03652989864 0.00791687984 1.589219332
v -0.03731991351 0.007884727791 1.589693904
v -0.03818887472 0.007758969441 1.589975715
v -0.03907294199 0.007525425404 1.590037465
v -0.03814622015 0.007493872195 1.589906096
v -0.0389903076 0.00726661412 1.589971423
v -0.03981822357 0.006971403956 1.589854002
v -0.03894302249 0.007131163031 1.589834929
v -0.03973757476 0.006849434227 1.589715719
v -0.04047773778 0.006536767818 1.58942771
v -0.0396652855 0.006778464653 1.58954525
v -0.0403650254 0.006486233324 1.589261174
v -0.04095770791 0.006190499291 1.588822722
v -0.04026033729 0.006489966065 1.589079261
v -0.04081182927 0.006210811902 1.588664889
v -0.04122199863 0.005951066501 1.588160992
v -0.04067726806 0.006362972781 1.588444114
v -0.04105218127 0.006121484563 1.587981343
v -0.04128275812 0.005902132019 1.58749342
v -0.04134059697 0.005681558512 1.58700788
v -0.04121574759 0.006153109018 1.587368011
v -0.04125913605 0.005953339394 1.586896181
v -0.04107750952 0.005756106693 1.586434722
v -0.04147365317 0.006163730286 1.586802006
v -0.04130093008 0.006006440613 1.586271286
v -0.04096326604 0.005887264851 1.585725188
v -0.04178381339 0.006282561924 1.586740017
v -0.04164597765 0.006143973209 1.586119056
v -0.04202930629 0.006284635514 1.586727142
v -0.04194074869 0.006124331616 1.586061239
v -0.04226365685 0.006240970455 1.586736917
v -0.04221744463 0.006037862506 1.586036801
v -0.04212566465 0.005945682526 1.585433602
v -0.04244827107 0.005887623876 1.586036682
v -0.0423796922 0.005750028882 1.585433602
v -0.04233238474 0.005755169783 1.584981561
v -0.04252878949 0.005508081056 1.585441113
v -0.04248181358 0.005474591628 1.584939837
v -0.04259812087 0.005692050327 1.586085439
v -0.04263152927 0.005464274436 1.586159587
v -0.04255917296 0.005195193924 1.585336089
v -0.04245113209 0.005173009355 1.586318016
v -0.04232847691 0.004794211127 1.585518718
v -0.04195245355 0.004562178627 1.585901856
v -0.04179779068 0.004255716223 1.585247874
v -0.0416710265 0.004021754023 1.584702134
v -0.04140051454 0.004250216763 1.585475087
v -0.0412767902 0.004049644805 1.584926009
v -0.04090252146 0.004164946731 1.58498466
v -0.04056124389 0.004390140064 1.584968805
v -0.0402418375 0.004818421323 1.584853172
v -0.04004796967 0.005299369805 1.584666491
v -0.04011671245 0.00572894793 1.584394455
v -0.04034003615 0.006077270024 1.584093571
v -0.04069139063 0.006241281517 1.583952427
v -0.04057677463 0.005789733492 1.585099459
v -0.0403534323 0.005401680246 1.585350156
v -0.04046248272 0.00494498387 1.5854882
v -0.04081106931 0.005153959151 1.586074233
v -0.04071571678 0.005555698182 1.585951805
v -0.04117022827 0.005429327022 1.586547732
v -0.04139924794 0.005145400763 1.586612105
v -0.04155189544 0.005459364504 1.587102175
v -0.04176658764 0.005378932692 1.587139606
v -0.04167447984 0.005661824252 1.587708473
v -0.04147638753 0.005713191815 1.587628484
v -0.04188669473 0.005661673844 1.58776629
v -0.04158839956 0.005929686129 1.588384032
v -0.04139986634 0.005915207788 1.588281035
v -0.04177625105 0.005996486638 1.588465571
v -0.04126773775 0.006302098744 1.589081764
v -0.04111176357 0.006220412441 1.588965416
v -0.04144036397 0.006527720019 1.589135051
v -0.0407368727 0.006880737841 1.589628816
v -0.04059506208 0.006639999337 1.589563727
v -0.03992891312 0.007222779095 1.58991909
v -0.04002163559 0.007489535958 1.589874983
v -0.03915420547 0.007793109864 1.589998245
v -0.03919693083 0.00795106031 1.589880943
v -0.03829422221 0.008175272495 1.589827061
v -0.03824733198 0.008027758449 1.589943886
v -0.0383374542 0.008251928724 1.589665651
v -0.03749189153 0.008333748206 1.589380026
v -0.03741738573 0.008274701424 1.589534283
v -0.0375716351 0.00831552688 1.58921814
v -0.0368777886 0.008316358551 1.588774443
v -0.03676209226 0.008326301351 1.588912129
v -0.03698889539 0.008254887536 1.588646173
v -0.03645759076 0.008242798969 1.588097334
v -0.0363188386 0.008286839351 1.588201642
v -0.03657497838 0.00814608112 1.588008881
v -0.03618631139 0.008141070604 1.587384582
v -0.03605004027 0.008230799809 1.587453246
v -0.03624478355 0.007913758978 1.587355018
v -0.03597450629 0.007893458009 1.586688161
v -0.03591286018 0.008135650307 1.586705089
v -0.03583167866 0.007862078957 1.586026788
v -0.03591120988 0.007641705684 1.586713195
v -0.03574822471 0.007603038568 1.586048961
v -0.03551597148 0.007448405959 1.586106896
v -0.03544683754 0.007407202385 1.585528135
v -0.03568470478 0.007542951498 1.585465908
v -0.03540252522 0.007340526208 1.585073709
v -0.03562203795 0.007423455361 1.584993601
v -0.03517989069 0.007295647636 1.585126281
v -0.03500883281 0.007308333647 1.585151315
v -0.03484259918 0.007368858904 1.585157275
v -0.03471330181 0.007484597154 1.585134029
v -0.03465960547 0.007697117515 1.585056186
v -0.03470323607 0.007920181379 1.584948421
v -0.03471767157 0.00800915435 1.585529923
v -0.03463687003 0.007756347768 1.585589528
v -0.03472740576 0.007798444014 1.586263299
v -0.03497898579 0.007837605663 1.587048054
v -0.03475641832 0.007539139129 1.586279988
v -0.03500191867 0.007583476603 1.587053418
v -0.03538732231 0.007630145177 1.587836862
v -0.03512323648 0.007456004154 1.587011218
v -0.03549715132 0.007504028268 1.58777833
v -0.03598741814 0.007533536293 1.588490725
v -0.0356400013 0.007437976077 1.587696195
v -0.03610843047 0.007461968809 1.588384032
v -0.03669932112 0.007441305555 1.588958621
v -0.03624374792 0.007446141914 1.588265657
v -0.03680085763 0.007415843662 1.588812232
v -0.03745821491 0.007338714786 1.589203119
v -0.0369534269 0.007502238266 1.588624001
v -0.03756515682 0.007427192293 1.588991165
v -0.03823043033 0.007297189906 1.58919394
v -0.03890947625 0.007116603199 1.589232564
v -0.03830441833 0.007487648167 1.589036703
v -0.03895812854 0.007317970973 1.58906579
v -0.03958767653 0.007098014932 1.58893609
v -0.03903894499 0.007582604885 1.589105844
v -0.03969851136 0.007356182672 1.588969588
v -0.04029553384 0.007097113412 1.588683844
v -0.04080056399 0.006837694906 1.588284969
v -0.04047059268 0.007303446997 1.588801026
v -0.04101219773 0.007027338725 1.588384271
v -0.04143872485 0.00676329853 1.58788681
v -0.04117352888 0.00709732715 1.588508487
v -0.04162894189 0.006819213741 1.587976813
v -0.04193134978 0.006540743634 1.587379575
v -0.04180698842 0.006825901568 1.588091493
v -0.0421371609 0.006531303283 1.587446809
v -0.04195974395 0.006771265529 1.58822298
v -0.04231519997 0.006465504877 1.58753562
v -0.0424667336 0.006145165302 1.586776257
v -0.04243675619 0.006335600279 1.587635398
v -0.04260294512 0.0059917951 1.586846948
v -0.04247014597 0.006155091804 1.58772707
v -0.04263631254 0.0058008302 1.586936593
v -0.04233178869 0.00590506522 1.587791681
v -0.04248136282 0.005560556427 1.587048292
v -0.04209880903 0.005713870749 1.58780241
v -0.04222688824 0.005388989113 1.587130666
v -0.04215717688 0.004979190417 1.586490154
v -0.04199726507 0.005355253816 1.58714962
v -0.04189720005 0.004964467138 1.586569548
v -0.04163609073 0.004552321974 1.586031556
v -0.04163774475 0.005021681543 1.586608887
v -0.04132762924 0.004636491649 1.586101413
v -0.04104270786 0.004343832377 1.585542798
v -0.04105541855 0.00480108615 1.586126208
v -0.04073152319 0.004536337685 1.585555196
v -0.04197871312 0.006208335049 1.588497996
v -0.0420948118 0.00647179503 1.588454247
v -0.04154478386 0.006793700159 1.589091182
v -0.04152897 0.006962126587 1.58897233
v -0.04085028917 0.00730774086 1.589457273
v -0.04083751887 0.007147420198 1.589585066
v -0.04081030563 0.007406485733 1.589288831
v -0.04005568102 0.007748016622 1.589586973
v -0.04005655646 0.007649207488 1.58975172
v -0.04000835493 0.007754385006 1.589405537
v -0.03920790181 0.008042758331 1.589541793
v -0.03921850771 0.008047191426 1.589721322
v -0.03917017579 0.007954945788 1.589376092
v -0.03838760033 0.008140830323 1.58932662
v -0.03837025911 0.008235035464 1.589488387
v -0.03838991374 0.00800171122 1.589189768
v -0.03769575432 0.008104493842 1.588944793
v -0.03764354065 0.008233564906 1.589069843
v -0.03770702332 0.007861314341 1.58885026
v -0.03712058812 0.007911284454 1.588468909
v -0.03707961366 0.008143486455 1.588537812
v -0.03662963212 0.007921674289 1.587961793
v -0.03659132123 0.007683841512 1.587983608
v -0.03619473055 0.007672740147 1.587381482
v -0.036431171 0.007529380266 1.588109493
v -0.03601160273 0.007517118007 1.587483644
v -0.0357010141 0.007484177127 1.586790919
v -0.03545990214 0.007391925901 1.586881399
v -0.03525573015 0.007357633207 1.586174846
v -0.03518428281 0.007328743581 1.585592508
v -0.0350661166 0.007357250899 1.58622098
v -0.03499461338 0.00733100716 1.585623503
v -0.03489100933 0.00741414167 1.58625865
v -0.03481767699 0.007386839949 1.585639
v -0.03528352827 0.007394601125 1.586949229
v -0.03579760343 0.007428939454 1.587605357
v -0.03708714992 0.007666402496 1.58847928
v -0.0376672782 0.007605461869 1.588838577
v -0.03835963458 0.007752245758 1.589070916
v -0.03912002593 0.007824525237 1.589234352
v -0.03983169422 0.007580095436 1.589094281
v -0.03992738575 0.007687906735 1.589237809
v -0.04060290381 0.007388936821 1.588942409
v -0.04072145 0.007428660523 1.589108586
v -0.04132402316 0.007116345689 1.588656545
v -0.04144974798 0.007073317189 1.588818431
v -0.04206369072 0.006649391726 1.588351965
v -0.04142381996 0.006367586553 1.587326527
v -0.04118587822 0.006595080718 1.587823868
v -0.04171202704 0.006506811362 1.587336421
v -0.04099915549 0.006362854037 1.587832212
v -0.04064219818 0.006592856254 1.588273168
v -0.04017156363 0.006625817623 1.588837028
v -0.04016063362 0.006844686344 1.588659286
v -0.03956841677 0.006888080388 1.589110494
v -0.039604377 0.0067656748 1.589356661
v -0.03889333084 0.007010654546 1.589475036
v -0.03891066834 0.007042484358 1.589664817
v -0.03814619035 0.007249892689 1.589608312
v -0.03816872835 0.007205676287 1.58942461
v -0.03813844547 0.007349405903 1.589773297
v -0.0373519212 0.007477680221 1.589520931
v -0.03739745542 0.007378431968 1.589370966
v -0.03731964529 0.007622918114 1.589638829
v -0.0365491882 0.007664184086 1.589189529
v -0.03661398217 0.00752670411 1.58908987
v -0.03587172925 0.007904872298 1.5885818
v -0.03589524701 0.007661283948 1.588570356
v -0.03536359593 0.007874842733 1.587837577
v -0.03544124216 0.008106083609 1.587782502
v -0.03506757692 0.008079599589 1.587000966
v -0.03521519899 0.008186546154 1.58694005
v -0.03498340398 0.008172560483 1.586171746
v -0.03482178971 0.00805335585 1.586224198
v -0.03467821702 0.007506545633 1.585635424
v -0.0420694761 0.005949521437 1.58494246
v -0.03517812863 0.008236789145 1.586120248
v -0.03583807498 0.008377223276 1.584336162
v -0.03565865383 0.008411258459 1.58425808
v -0.03702092543 0.008203183301 1.582768083
v -0.03699989244 0.008273651823 1.582335949
v -0.03687156737 0.008640933782 1.582784534
v -0.03534269705 0.00772095751 1.583389163
v -0.03519459069 0.007890042849 1.583639383
v -0.03520589322 0.007613748312 1.583742857
v -0.03530988842 0.00898513943 1.583285332
v -0.03757752851 0.007390799001 1.582579136
v -0.03531727195 0.008681518957 1.583107591
v -0.03547785431 0.007308893371 1.584757447
v -0.03531007841 0.007268780842 1.584700823
v -0.03502543271 0.008090318181 1.584201574
v -0.0350230895 0.007909794338 1.58405757
v -0.03488815576 0.007950241677 1.584350467
v -0.03651766479 0.007848494686 1.583799005
v -0.03636325523 0.007627856918 1.583942652
v -0.03618470579 0.007228819653 1.583648801
v -0.03663548827 0.007639112882 1.583597064
v -0.03644679859 0.007201915607 1.583469391
v -0.03598012775 0.007245570421 1.583882809
v -0.0357751213 0.007153389044 1.583677411
v -0.0356076248 0.007243009284 1.58358264
v -0.03545192257 0.007412679959 1.583508372
v -0.0354215242 0.007294204086 1.583887935
v -0.03529138491 0.007422938012 1.583806634
v -0.03523571789 0.007312588394 1.584179878
v -0.03512355313 0.007417676505 1.584115028
v -0.03489149362 0.007446018048 1.58459115
v -0.03482795507 0.007601607591 1.584526658
v -0.03504864126 0.007561055478 1.584072828
v -0.03482491896 0.007784955204 1.584441662
v -0.0350153707 0.007732641883 1.584047675
v -0.03529097885 0.008314866573 1.583914399
v -0.03536330909 0.008068089373 1.583112001
v -0.03518772498 0.00810935162 1.583759785
v -0.03515249491 0.007280650549 1.584668398
v -0.03500266373 0.00734066125 1.584634542
v -0.03538572416 0.007257080171 1.584264994
v -0.03577861935 0.007271625102 1.584141612
v -0.03555169702 0.007264143787 1.584373116
v -0.03558868542 0.007235222496 1.583996534
v -0.03591643646 0.007402387448 1.584366202
v -0.03569759429 0.007344881538 1.584543943
v -0.03614785895 0.007494813297 1.584160686
v -0.03683937341 0.007152743638 1.583229065
v -0.03689653426 0.007626701146 1.583284974
v -0.03732270002 0.007184876129 1.582903028
v -0.03719489276 0.007729983889 1.582845211
v -0.03689742088 0.008063366637 1.583220363
v -0.03682428971 0.008459204808 1.583164692
v -0.0366653055 0.008365499787 1.583432317
v -0.03670882061 0.008026776835 1.583522916
v -0.03652434051 0.008342683315 1.583613992
v -0.03656324372 0.008110413328 1.58370626
v -0.03639681637 0.008538156748 1.583571315
v -0.03653269634 0.008683208376 1.583392859
v -0.03671218827 0.008825909346 1.583168864
v -0.03679643199 0.009007809684 1.582894325
v -0.03644009307 0.009567455389 1.582596064
v -0.03622277454 0.009684705175 1.582585216
v -0.03601410985 0.009717449546 1.582626224
v -0.03571526706 0.00970793888 1.58274591
v -0.03545695543 0.00899483636 1.582828403
v -0.0355550833 0.008584097028 1.582679987
v -0.03611737117 0.008741353638 1.582368135
v -0.0364215374 0.009059881791 1.582480192
v -0.03622221202 0.009237866849 1.582489133
v -0.03604888916 0.009167769924 1.582502007
v -0.03734910861 0.007862428203 1.582414985
v -0.0390278697 0.0054574674 1.579421401
v -0.03667388111 0.009948455729 1.583076596
v -0.03646310791 0.01016001403 1.582671523
v -0.03657176346 0.01075886097 1.582680345
v -0.03673195839 0.01071114279 1.583047032
v -0.03648077697 0.01077776588 1.583419085
v -0.03640034422 0.009605269879 1.58342123
v -0.03608382121 0.009545268491 1.583607912
v -0.03541135043 0.009995849803 1.583424449
v -0.03534602746 0.01026075147 1.583219051
v -0.03547594696 0.01034056768 1.58302319
v -0.03605670482 0.01030854322 1.582695365
v -0.03626149148 0.01025497727 1.582654595
v -0.03620091081 0.01087967213 1.58267355
v -0.03638975695 0.01081588492 1.582645297
v -0.03664771467 0.01142536476 1.582535148
v -0.03681487963 0.0113662146 1.582583547
v -0.03721201792 0.01199937239 1.582346916
v -0.03732522205 0.01203386858 1.582715869
v -0.03697650135 0.0113930162 1.582942724
v -0.03719225153 0.01229020581 1.583061457
v -0.03677963093 0.01156654209 1.583306074
v -0.03664527833 0.01165019907 1.583417773
v -0.03631538525 0.01082461514 1.583531976
v -0.03597817943 0.01094647497 1.583564162
v -0.03602993861 0.01193818823 1.583162189
v -0.03561484814 0.01111006271 1.583265305
v -0.03609293327 0.01184098888 1.582915425
v -0.03571228683 0.01107843034 1.583027363
v -0.03686426952 0.01211660728 1.5823102
v -0.03647992015 0.01151180454 1.582551718
v -0.03729826957 0.01260107011 1.581941247
v -0.03741921484 0.01247260533 1.581950426
v -0.03701020777 0.01201083325 1.582302809
v -0.03786567971 0.0127761811 1.581485033
v -0.03800002113 0.0127033703 1.581576705
v -0.03752683103 0.01236354373 1.58207798
v -0.0382457599 0.01288717799 1.581891775
v -0.03774769232 0.01255120896 1.582358599
v -0.03830383718 0.01327842847 1.582150102
v -0.03770102933 0.01288365945 1.582667947
v -0.03827801347 0.01345807128 1.582212687
v -0.03763765469 0.01303545944 1.582759023
v -0.0370901227 0.01240710355 1.583170414
v -0.03743121773 0.01325807162 1.582742095
v -0.03684084117 0.01259850338 1.58318615
v -0.03634890914 0.01181137189 1.583444715
v -0.0371558629 0.01330157928 1.582455397
v -0.03656511754 0.01268439554 1.582898021
v -0.03713682294 0.01311266609 1.582248688
v -0.03659240529 0.0125407055 1.582663178
v -0.03769470379 0.01318720356 1.581520438
v -0.03822365031 0.01308705099 1.580898643
v -0.03776079044 0.01292349584 1.581457138
v -0.03866242617 0.01309025846 1.580309153
v -0.03873319179 0.01292116754 1.580393434
v -0.03831527382 0.01292481087 1.580952644
v -0.03886644915 0.01283460483 1.580505967
v -0.0384525992 0.01284555346 1.581055522
v -0.03923828155 0.01303274743 1.580728292
v -0.038765423 0.01304426044 1.581338406
v -0.03947175294 0.01347586885 1.580808997
v -0.0389194414 0.01347533986 1.581521273
v -0.03950864822 0.0136786662 1.580801487
v -0.03892530128 0.01367306709 1.581552148
v -0.03935754299 0.0139541328 1.580654502
v -0.03874788433 0.0139423497 1.58144033
v -0.03809139132 0.0137092825 1.58214426
v -0.0383679159 0.01399503089 1.581139803
v -0.03776652738 0.01374636218 1.581850052
v -0.03825487569 0.01374876685 1.581014395
v -0.03879809007 0.01376963221 1.580288291
v -0.03911126032 0.01320684887 1.579618931
v -0.03934184462 0.01257488132 1.579182029
v -0.03904844075 0.01291481778 1.579726338
v -0.03936855122 0.01241561584 1.579328656
v -0.03909229487 0.01274508424 1.579841733
v -0.03948760033 0.01232494041 1.579471231
v -0.03921620175 0.01265432872 1.57996583
v -0.03995546699 0.01246475056 1.579579711
v -0.039642483 0.01284081116 1.580124021
v -0.04033394158 0.01282884739 1.579430461
v -0.03995544463 0.01326695457 1.580091238
v -0.04043009877 0.01299729012 1.579322338
v -0.04002553225 0.01346234418 1.580036759
v -0.04034762457 0.01324804313 1.579072118
v -0.03991213813 0.01373386383 1.579844832
v -0.03950299695 0.01380868815 1.579566836
v -0.03895670921 0.0140186362 1.580362201
v -0.03967205063 0.01315860078 1.578856587
v -0.03987039626 0.01253209263 1.578235745
v -0.03965651244 0.01158906706 1.578045607
v -0.03954779729 0.01146057621 1.578327179
v -0.03950723261 0.01208779588 1.578700066
v -0.03956683725 0.01137056202 1.578532338
v -0.03953336179 0.01195724867 1.578879356
v -0.03977065906 0.01128109731 1.578734636
v -0.03974334896 0.0118642468 1.57907486
v -0.04015756771 0.01127966959 1.578734994
v -0.04013029113 0.01192936674 1.579106331
v -0.04056744277 0.01141748857 1.578424454
v -0.04053914547 0.01218464784 1.578862429
v -0.04067007825 0.01149908826 1.578242898
v -0.04064393044 0.01231076382 1.578709245
v -0.04060635343 0.01166241802 1.577895403
v -0.04057575017 0.01252522506 1.578403354
v -0.04014490172 0.01266435347 1.578130722
v -0.03992342204 0.01335245371 1.578804731
v -0.04018649459 0.01180752646 1.577602506
v -0.03985190764 0.01083603315 1.577462673
v -0.0397127755 0.009921979159 1.577382803
v -0.03936767206 0.009960351512 1.578009129
v -0.03949153051 0.01073628664 1.578099847
v -0.03937850147 0.009945370257 1.578220725
v -0.03950304538 0.0106859589 1.57831502
v -0.03956991434 0.009888537228 1.578413248
v -0.03969964013 0.01061103679 1.578517318
v -0.03993123397 0.009812426753 1.578373194
v -0.04007751867 0.0105633121 1.578493357
v -0.04031658918 0.009766436182 1.578023911
v -0.04047982767 0.01059956755 1.578148007
v -0.04041514918 0.00976575911 1.577834606
v -0.04058066383 0.01063758694 1.57795465
v -0.04035228863 0.009801212698 1.577478528
v -0.04051747173 0.01073422004 1.57758832
v -0.03995697945 0.009885190055 1.577206254
v -0.04010991007 0.01084940322 1.577290535
v -0.03975373879 0.008962883614 1.577248335
v -0.03952019662 0.009042907506 1.57741642
v -0.0392347388 0.008176013827 1.577480674
v -0.03892968595 0.008466493338 1.57811749
v -0.03919657692 0.009183316492 1.578017473
v -0.03896016628 0.008515020832 1.57833004
v -0.03920907527 0.009193517268 1.578222752
v -0.03916565701 0.00848986581 1.578523874
v -0.03939736262 0.009154759347 1.578406692
v -0.0395293422 0.00834434852 1.578489304
v -0.03974448889 0.009052773938 1.578360796
v -0.03991779312 0.008108586073 1.578133821
v -0.04011210054 0.008929150179 1.578018188
v -0.04000967368 0.008022465743 1.577936292
v -0.04020590335 0.008893299848 1.577834725
v -0.0399110876 0.007960918359 1.577576399
v -0.04013968632 0.008885648102 1.57749486
v -0.03933777288 0.007024821825 1.577453375
v -0.03908900917 0.007137981243 1.577446461
v -0.03948095813 0.008039778098 1.577311516
v -0.03864169866 0.006356046535 1.577787757
v -0.03831486404 0.006651572417 1.577956676
v -0.03880008683 0.007370417006 1.577619314
v -0.03805746883 0.007327775471 1.578745246
v -0.03851206601 0.007876792923 1.578348637
v -0.03819300234 0.007448279299 1.579002142
v -0.03858352453 0.007964445278 1.578591943
v -0.03853716701 0.00745838508 1.579229832
v -0.03885019571 0.007947446778 1.578819633
v -0.03904481232 0.007249156944 1.579237938
v -0.039296031 0.007746970281 1.578815818
v -0.03955649212 0.006711827591 1.57888031
v -0.03976415843 0.007354584988 1.578435421
v -0.03963237628 0.006475178525 1.578631639
v -0.03985301778 0.007191627286 1.578203678
v -0.03935888037 0.006266842596 1.578164577
v -0.03901639953 0.005682812072 1.578652382
v -0.03834674135 0.005234360695 1.57890439
v -0.03811410815 0.005355638452 1.578895926
v -0.03830561042 0.005747293588 1.578321695
v -0.03771927208 0.005519937724 1.579562187
v -0.0377843529 0.006439414807 1.578901649
v -0.03781910613 0.006716067903 1.579319
v -0.03800236434 0.006880830042 1.579497457
v -0.03836292401 0.006999287754 1.579580784
v -0.03881508112 0.00682254415 1.579601884
v -0.03925936669 0.00619930122 1.579352498
v -0.03859789297 0.005056291353 1.579645991
v -0.03930670395 0.00590334041 1.579106212
v -0.04025040567 0.002654023003 1.579704523
v -0.04053765163 0.002469693311 1.579975367
v -0.0397980921 0.002666998887 1.580016017
v -0.03963298351 0.00307608908 1.579734206
v -0.03901989385 0.003340906464 1.580027342
v -0.03884891793 0.002893903293 1.580487728
v -0.0392982997 0.002514977008 1.58049047
v -0.03968203813 0.002242213115 1.580614448
v -0.04014837742 0.002394421957 1.580250382
v -0.03920762986 0.003763203276 1.579691172
v -0.03984060138 0.003889241489 1.579278231
v -0.03969781473 0.003512060037 1.579456568
v -0.0395489186 0.004184159916 1.579359055
v -0.04012189806 0.003873623675 1.57916069
v -0.04004485905 0.003338298062 1.579298496
v -0.04006982967 0.002952593146 1.579491615
v -0.03849060833 0.003217604943 1.580847979
v -0.03815250471 0.004151477944 1.581470013
v -0.03842835873 0.003418025095 1.581494451
v -0.0380737111 0.004211364314 1.580967665
v -0.03726841882 0.005630727857 1.58110714
v -0.04149736837 0.004803773481 1.580105782
v -0.03832299262 0.006898829713 1.580076337
v -0.03783618286 0.00702082552 1.580678582
v -0.03797906265 0.006742863916 1.58009243
v -0.03809025884 0.007520060521 1.580875993
v -0.03841080144 0.007503390312 1.580562592
v -0.03746441752 0.006169475615 1.58225894
v -0.03774281219 0.005651498679 1.582111359
v -0.03821409494 0.005805537105 1.582505822
v -0.03831487149 0.006434171461 1.582543731
v -0.03775870055 0.006534105167 1.582582116
v -0.03811530024 0.007916427217 1.581511974
v -0.03773164377 0.007619205862 1.581985354
v -0.03814295679 0.007682367228 1.581861973
v -0.0370525904 0.007794343866 1.581860065
v -0.03620046005 0.007043712772 1.582924962
v -0.0358441174 0.007178975269 1.58322978
v -0.04076705873 0.005853598472 1.580636263
v -0.04005210474 0.006034757942 1.579793096
v -0.03962667286 0.006540823262 1.58013618
v -0.04050533846 0.00640375074 1.581038356
v -0.04035300016 0.002423526719 1.582010865
v -0.04020853341 0.002193360822 1.581416011
v -0.04088662565 0.002568490803 1.581827641
v -0.04128839076 0.002852980979 1.58167088
v -0.04131954908 0.003067463636 1.582232952
v -0.04092952982 0.002845312934 1.582454085
v -0.04114832357 0.00314520346 1.583072662
v -0.04074841738 0.003011894412 1.583304882
v -0.04048643634 0.002727429848 1.58263433
v -0.04032506794 0.003016300034 1.583469987
v -0.04002663121 0.002752276603 1.582770228
v -0.03980285302 0.002463021083 1.582188249
v -0.03958545625 0.00293550035 1.582854033
v -0.03930916265 0.002661810257 1.582258344
v -0.03909971565 0.002451306442 1.581702948
v -0.03890722245 0.003022665391 1.582225084
v -0.03868889064 0.002833595034 1.581639171
v -0.03920017555 0.003269183915 1.582852483
v -0.03887957707 0.003764590016 1.582758904
v -0.03862297535 0.003568124026 1.58211422
v -0.03885744885 0.004623650573 1.583239555
v -0.0387150012 0.005310960114 1.583021402
v -0.03913960978 0.005490952171 1.583453774
v -0.03956419602 0.006470922381 1.582835793
v -0.03896092251 0.006478821859 1.58261466
v -0.04006210342 0.006664409302 1.582484484
v -0.03957719728 0.007222875953 1.581597328
v -0.03938451409 0.007959850132 1.580903649
v -0.0391779691 0.008189482614 1.580736637
v -0.0388828963 0.008286485448 1.580754042
v -0.03855321556 0.008277597837 1.58090508
v -0.03828270361 0.008152148686 1.581171274
v -0.03906214982 0.007462595589 1.580437422
v -0.0387487039 0.0074981004 1.580432773
v -0.03908795118 0.006865851581 1.580063343
v -0.0387179628 0.006877266802 1.580003262
v -0.0392033644 0.006460454315 1.579807758
v -0.03966701776 0.005834012292 1.579503775
v -0.03935206681 0.005264008418 1.579418898
v -0.0402232632 0.005517060868 1.579223275
v -0.03993582353 0.004875643644 1.579166055
v -0.04081514478 0.004547250923 1.578889132
v -0.04108389094 0.002510185819 1.581139088
v -0.04075009748 0.002308513271 1.580942154
v -0.04047043994 0.002271109261 1.580558062
v -0.03997881711 0.002127982676 1.580903292
v -0.03949805722 0.002168250736 1.581072211
v -0.03904973343 0.002383437473 1.581092834
v -0.03867965192 0.002720351797 1.581038594
v -0.04141208157 0.002852455247 1.581057668
v -0.04157117382 0.003185421927 1.580761671
v -0.04174927622 0.003640055191 1.582531214
v -0.04201437905 0.003968158737 1.583037853
v -0.04178099707 0.003688286757 1.583338976
v -0.04149955139 0.003362658434 1.582803488
v -0.04208549112 0.004074989818 1.583983541
v -0.04175908864 0.003835266922 1.584193468
v -0.04146383703 0.003463520901 1.583627939
v -0.0414487198 0.00372336572 1.584332347
v -0.04110633582 0.003332101274 1.583888292
v -0.04107807577 0.003746961709 1.584494591
v -0.04071189836 0.003337807255 1.584080577
v -0.04068833217 0.003887252882 1.584567308
v -0.04030127078 0.003493114142 1.584167242
v -0.0399091728 0.003185018431 1.583557248
v -0.03989579156 0.003793628886 1.584139943
v -0.03951520845 0.003507235087 1.583550572
v -0.0395071432 0.004249621183 1.583999276
v -0.03914774954 0.003986981697 1.583440304
v -0.03994071484 0.004581320565 1.584388375
v -0.03960838169 0.005643765442 1.583838463
v -0.04012672603 0.006391284056 1.583316207
v -0.04056459293 0.006538076326 1.583082199
v -0.04091589898 0.006559236906 1.582771063
v -0.04059902951 0.006604421884 1.582217693
v -0.04023140669 0.006746439263 1.581761003
v -0.04098253325 0.006434332114 1.582070351
v -0.04061656445 0.006527587771 1.581589818
v -0.04128183052 0.006149915047 1.582021117
v -0.04086132348 0.006248970516 1.581496358
v -0.04163770378 0.005529304501 1.582139254
v -0.04129917547 0.005566772539 1.581711411
v -0.04094339162 0.00549362693 1.580659389
v -0.04197158664 0.00477952091 1.582432389
v -0.04238121584 0.005146973766 1.582888961
v -0.0424679257 0.004666872323 1.583210111
v -0.04209710658 0.004296143074 1.582742214
v -0.04235513136 0.004357737955 1.583572268
v -0.04202383757 0.005802492145 1.582612395
v -0.04160634801 0.006298172288 1.58256495
v -0.04125354439 0.006491069682 1.582634449
v -0.0399563089 0.006922012661 1.581355572
v -0.03935847059 0.007345323451 1.580630064
v -0.04028816149 0.006650835276 1.581160545
v -0.03946835548 0.006857672706 1.58033216
v -0.04049416631 0.005693244282 1.579490542
v -0.04131343961 0.005061435048 1.579102397
v -0.04153769091 0.005050923675 1.579858303
v -0.04103316367 0.005582601763 1.580285668
v -0.04031002894 0.004151876085 1.584537268
v -0.04106739536 0.004972413182 1.578873277
v -0.03901524097 0.004689315334 1.579607487
v -0.03859489039 0.00404851092 1.580163956
v -0.03962195665 0.00223897351 1.581642032
v -0.03676662222 0.006843072362 1.582966328
v -0.03728639707 0.006710442714 1.582746506
v -0.03708849475 0.006511013955 1.582436323
v -0.03665251285 0.006793326233 1.582674623
v -0.0369111672 0.006487805396 1.582188368
v -0.03651800752 0.006845149677 1.582471728
v -0.03641495481 0.006939011626 1.582300663
v -0.03607572615 0.007164349779 1.582769632
v -0.03599958494 0.007303718477 1.582622528
v -0.03596994281 0.007451968268 1.582481623
v -0.0356124118 0.007569248322 1.58300066
v -0.03559697047 0.007800166495 1.582826972
v -0.03606825694 0.007730278187 1.582225442
v -0.03575985134 0.008175379597 1.582485318
v -0.03635897487 0.007951934822 1.58203876
v -0.03620664403 0.008336761966 1.582219362
v -0.03643852472 0.008254863322 1.582108736
v -0.03693366051 0.008100902662 1.582049727
v -0.03728833795 0.007861850783 1.582068324
v -0.03662716597 0.007567482069 1.581783533
v -0.0364953354 0.007444933988 1.581836343
v -0.03683864698 0.00707679661 1.581498265
v -0.03635750711 0.007190121338 1.582021832
v -0.03699147701 0.006187043618 1.581483722
v -0.03706616908 0.006097552367 1.581701159
v -0.03678167611 0.006542120595 1.581995726
v -0.03732776642 0.00554233836 1.581421971
v -0.0374651365 0.005542066414 1.58173883
v -0.03721105307 0.006071291398 1.581939697
v -0.03737384081 0.006396515295 1.580647469
v -0.03755518049 0.006135968491 1.580050111
v -0.03773696721 0.006478749216 1.580025315
v -0.03757468984 0.006697879173 1.580630422
v -0.03731025755 0.006958446465 1.581085443
v -0.03752731904 0.007202073 1.581135035
v -0.03698043525 0.007232865784 1.581467271
v -0.03716108575 0.007391506806 1.581496716
v -0.03779272735 0.00752062723 1.581300139
v -0.03742340952 0.007563356776 1.581649423
v -0.03680741414 0.007704370655 1.581781864
v -0.03569343314 0.00735304784 1.583140016
v -0.03905792907 0.006987196393 1.582186222
v -0.03967772052 0.006901461631 1.582016706
v -0.0406098254 0.004589590244 1.578961015
v -0.04084771499 0.005151306745 1.578961134
v -0.04104426876 0.005301531404 1.579210877
v -0.04135893658 0.00527243875 1.579965949
v -0.04138775542 0.004909969866 1.580201149
v -0.04035286233 0.004664734006 1.579039693
v -0.04062570632 0.005275179632 1.579037547
v -0.04084670544 0.005440756679 1.579292655
v -0.04124449566 0.00538206147 1.580063939
v -0.04129913822 0.004959871527 1.580308318
v -0.04150420055 0.004198268056 1.580427408
v -0.0416614376 0.003561706049 1.58047688
v -0.04162926227 0.003180856584 1.580572128
v -0.04150815681 0.002853201237 1.580659151
v -0.04130335897 0.002585630398 1.580681086
v -0.04106562585 0.00242242543 1.580554366
v -0.04081914201 0.002393669914 1.580286384
v -0.03630644083 0.006983692292 1.583161235
v -0.03598743677 0.007068376057 1.583362579
v -0.03658477589 0.009685503319 1.583252311
v -0.03662299737 0.01073938422 1.583285332
v -0.03689514473 0.01148793846 1.583173394
v -0.03727572411 0.01217728853 1.582932353
v -0.03774377331 0.01273740456 1.582552433
v -0.03830172494 0.01310598664 1.582057357
v -0.03887870908 0.0132838469 1.581461906
v -0.03939924389 0.01327827573 1.580792785
v -0.03984982148 0.01307649724 1.580125093
v -0.04020122811 0.01266502216 1.579519153
v -0.04039656743 0.01206551865 1.578995347
v -0.04042583704 0.01134605333 1.57858479
v -0.04033964872 0.01057171077 1.578320384
v -0.04018043354 0.009776142426 1.578193784
v -0.03998164088 0.008974593133 1.578183293
v -0.03977977112 0.008206009865 1.578310728
v -0.03960352018 0.007528897375 1.578636646
v -0.039391011 0.006971865427 1.579075933
v -0.03912602738 0.006542182527 1.579488277
v -0.03977689892 0.006314042024 1.580008745
v -0.03933166713 0.006148055196 1.579690576
v -0.03641335294 0.008677076548 1.582308292
v -0.03967087343 0.01232639141 1.579564214
v -0.03939466178 0.01266854256 1.5800668
v -0.03903140128 0.01285244711 1.58062005
v -0.03860194609 0.01286671124 1.581181765
v -0.03813219815 0.01272401772 1.581704378
v -0.03768043593 0.01241511293 1.582155585
v -0.03728597984 0.01193879358 1.582492828
v -0.03694692999 0.01134003885 1.582703948
v -0.03671639413 0.01070693694 1.582797885
v -0.03667482361 0.009781754576 1.582842946
v -0.03667739406 0.009286961518 1.582688093
v -0.03669496998 0.008859636262 1.582537174
v -0.03668556735 0.008545832708 1.582302928
v -0.03530422598 0.008484291844 1.583460927
v -0.03542900831 0.008698169142 1.583589315
v -0.0352897644 0.008286079392 1.583307266
v -0.03541181237 0.00836418476 1.582889676
v -0.03536233306 0.009640328586 1.583006859
v -0.03575443849 0.009131745435 1.582619667
v -0.03581451252 0.008705908433 1.582499146
v -0.03786007315 0.005648994818 1.578969002
v -0.03767520934 0.00594647415 1.579351783
v -0.03568539023 0.009667580016 1.583618522
v -0.03576882929 0.01034400798 1.582818627
v -0.03608005866 0.01194190979 1.583340526
v -0.03567031026 0.01107100304 1.583456039
v -0.03627775237 0.01166114956 1.582669616
v -0.03595383465 0.01097567473 1.582794547
v -0.03722076118 0.0133787971 1.582611442
v -0.03661126643 0.01272473857 1.583071351
v -0.03719129413 0.01282789186 1.582037807
v -0.03671103343 0.01230619289 1.582424402
v -0.03850370273 0.01408638433 1.581260204
v -0.0378677845 0.0138392169 1.581986666
v -0.03819569945 0.01337826252 1.580915093
v -0.03769854829 0.01352120377 1.581682086
v -0.03867815062 0.0133896023 1.580265999
v -0.03968412057 0.01388744824 1.57964015
v -0.03911588714 0.01410542428 1.580462456
v -0.03943579271 0.01283863746 1.579011798
v -0.03929609433 0.01357335411 1.579553246
v -0.03961085901 0.01229291409 1.578469634
v -0.04036263749 0.01268196292 1.578151226
v -0.0401285924 0.01340553723 1.578846693
v -0.03960360959 0.01078634895 1.577795863
v -0.0399149172 0.01173458435 1.577746511
v -0.03947348893 0.009864887223 1.577681541
v -0.0401561372 0.009851088747 1.577199459
v -0.04031762108 0.01082611736 1.577295423
v -0.03901268542 0.00835313648 1.57781136
v -0.03933048621 0.009213231504 1.577696323
v -0.03968337551 0.007966975681 1.577302575
v -0.03994515166 0.008913888596 1.577234745
v -0.03966632113 0.007048602216 1.577778816
v -0.0380743891 0.007054496557 1.578360438
v -0.03856550902 0.007675089873 1.577994704
v -0.03858368099 0.005617884453 1.578338623
v -0.0389335826 0.006217944901 1.577808619
v -0.03875032067 0.005305790342 1.57909894
v -0.0381596908 0.005020375364 1.579651356
v -0.03799461201 0.006048572715 1.578466058
v -0.0404016301 0.0117983669 1.57761538
v -0.0384818688 0.003694287501 1.58050251
v -0.03730548918 0.005852811038 1.580786109
v -0.03759233654 0.005104143173 1.580783725
v -0.03859009966 0.004422036 1.582620859
v -0.03834334016 0.004259765614 1.582026243
v -0.03833703697 0.005133510102 1.582512975
v -0.03800975531 0.00498241093 1.582018495
v -0.0387523286 0.005934375804 1.582846642
v -0.03926843405 0.006047843024 1.583159089
v -0.03966601938 0.005111445673 1.584146738
v -0.03921990469 0.004851438105 1.583752036
v -0.03975465894 0.006104297005 1.58351171
v -0.03853189945 0.00455193501 1.580009341
v -0.03807124496 0.004463227931 1.580586195
v -0.03564201668 0.008011033759 1.582649231
v -0.03619148955 0.007848318666 1.582120061
v -0.03599468991 0.007595366333 1.582346678
v -0.03595614806 0.0082812123 1.582340956
v -0.03669246659 0.006893591024 1.581671119
v -0.03640471771 0.007317429408 1.581919193
v -0.03670668602 0.006645203568 1.581827402
v -0.03635876253 0.007056884933 1.582150936
v -0.03766788915 0.004892447032 1.581192017
v -0.03778195754 0.00488593895 1.58158505
v -0.03701786324 0.006431015208 1.581255317
v -0.03713658825 0.006733505987 1.581104994
v -0.03751480579 0.005629097577 1.580244541
v -0.0380737558 0.004776121117 1.580268025
v -0.03772534803 0.005129331723 1.580346346
v -0.03792283684 0.005178961903 1.579640508
v -0.03958353773 0.008558250032 1.581042528
v -0.03969924897 0.008156558499 1.581340313
v -0.03953254223 0.007593848743 1.581241488
v -0.03967828304 0.007131011225 1.580981016
v -0.03990475833 0.006764903665 1.580739737
v -0.04010583833 0.006501359399 1.580592871
v -0.04061453789 0.006133097224 1.580902219
v -0.04082583264 0.005717582535 1.579917312
v -0.04110347852 0.005472842604 1.579705834
v -0.04125786573 0.005332482047 1.579616547
v -0.04148792848 0.005102219991 1.57951498
v -0.04046674818 0.006003598683 1.580245256
v -0.04024389759 0.006258878391 1.580477238
v -0.04093524069 0.005963583011 1.581315756
v -0.04090141132 0.005810240284 1.581128836
v -0.03845633194 0.007057711016 1.582299232
v -0.03788727149 0.00718737999 1.582450032
v -0.03665338084 0.008172476664 1.582039118
v -0.04105661809 0.004623684101 1.578843117
v -0.04046040028 0.004012060817 1.579003572
v -0.04064802825 0.00410589762 1.57894063
v -0.04029024765 0.003787455149 1.579076052
v -0.04154484719 0.004479281139 1.580209374
v -0.04157270119 0.004629005678 1.580095053
v -0.04154713824 0.004310920369 1.580298901
v -0.04178818688 0.00446979003 1.582180142
v -0.04184994847 0.00401066849 1.58232224
v -0.04160138965 0.003567408537 1.580622315
v -0.04157311842 0.003343724646 1.582010984
v -0.04149523377 0.003108680248 1.581530571
v -0.04149502516 0.003016373841 1.581189394
v -0.0411048606 0.005224655848 1.580492258
v -0.0408690758 0.005698869936 1.5808357
v -0.04149840772 0.004051688127 1.580551863
v -0.0414564535 0.004255589098 1.580708504
v -0.04160393402 0.003617406823 1.58080852
v -0.04156404361 0.003222266212 1.580984354
v -0.04120888561 0.004915072583 1.580643415
f 1 1088 3248
f 1 3248 1087
f 3 1372 3248
f 3 3248 1088
f 2 1087 3248
f 2 3248 1372
f 1 1087 3249
f 1 3249 1089
f 1087 2 1373
f 1087 1373 3249
f 3249 1373 5
f 3249 5 1901
f 1089 3249 1901
f 1089 1901 4
f 6 2431 3250
f 6 3250 2430
f 2431 9 2991
f 2431 2991 3250
f 3250 2991 8
f 3250 8 2711
f 2430 3250 2711
f 2430 2711 7
f 6 2432 3251
f 6 3251 2431
f 2432 11 1437
f 2432 1437 3251
f 3251 1437 10
f 3251 10 1155
f 2431 3251 1155
f 2431 1155 9
f 12 1962 3252
f 12 3252 2712
f 1962 14 2215
f 1962 2215 3252
f 3252 2215 13
f 3252 13 2713
f 2712 3252 2713
f 2712 2713 7
f 12 1964 3253
f 12 3253 1963
f 1964 17 3053
f 1964 3053 3253
f 3253 3053 16
f 3253 16 2782
f 1963 3253 2782
f 1963 2782 15
f 12 2712 3254
f 12 3254 1964
f 2712 7 2711
f 2712 2711 3254
f 3254 2711 8
f 3254 8 2992
f 1964 3254 2992
f 1964 2992 17
f 10 1438 3255
f 10 3255 1155
f 1438 19 1504
f 1438 1504 3255
f 3255 1504 18
f 3255 18 1156
f 1155 3255 1156
f 1155 1156 9
f 20 2022 3256
f 20 3256 2142
f 2022 21 1902
f 2022 1902 3256
f 3256 1902 4
f 3256 4 1901
f 2142 3256 1901
f 2142 1901 5
f 20 2142 3257
f 20 3257 2023
f 2142 5 2143
f 2142 2143 3257
f 3257 2143 23
f 3257 23 2571
f 2023 3257 2571
f 2023 2571 22
f 20 2023 3258
f 20 3258 2024
f 2023 22 2572
f 2023 2572 3258
f 3258 2572 25
f 3258 25 3127
f 2024 3258 3127
f 2024 3127 24
f 26 1569 3259
f 26 3259 1568
f 1569 29 2097
f 1569 2097 3259
f 3259 2097 28
f 3259 28 1824
f 1568 3259 1824
f 1568 1824 27
f 26 1571 3260
f 26 3260 1570
f 1571 32 2910
f 1571 2910 3260
f 3260 2910 31
f 3260 31 2639
f 1570 3260 2639
f 1570 2639 30
f 26 1568 3261
f 26 3261 1571
f 27 1825 3261
f 27 3261 1568
f 32 1571 3261
f 32 3261 1825
f 33 2843 3262
f 33 3262 1374
f 2843 23 2143
f 2843 2143 3262
f 3262 2143 5
f 3262 5 1373
f 1374 3262 1373
f 1374 1373 2
f 33 1374 3263
f 33 3263 1090
f 1374 2 1372
f 1374 1372 3263
f 3263 1372 3
f 3263 3 1636
f 1090 3263 1636
f 1090 1636 34
f 33 1090 3264
f 33 3264 1091
f 1090 34 1375
f 1090 1375 3264
f 3264 1375 36
f 3264 36 1637
f 1091 3264 1637
f 1091 1637 35
f 35 1637 3265
f 35 3265 1638
f 1637 36 1903
f 1637 1903 3265
f 3265 1903 38
f 3265 38 2144
f 1638 3265 2144
f 1638 2144 37
f 35 1638 3266
f 35 3266 1639
f 1638 37 2145
f 1638 2145 3266
f 3266 2145 40
f 3266 40 2714
f 1639 3266 2714
f 1639 2714 39
f 35 1639 3267
f 35 3267 1091
f 1639 39 2715
f 1639 2715 3267
f 3267 2715 41
f 3267 41 1092
f 1091 3267 1092
f 1091 1092 33
f 41 2715 3268
f 41 3268 1157
f 2715 39 2716
f 2715 2716 3268
f 3268 2716 43
f 3268 43 1439
f 1157 3268 1439
f 1157 1439 42
f 41 1157 3269
f 41 3269 1158
f 1157 42 1440
f 1157 1440 3269
f 3269 1440 45
f 3269 45 1965
f 1158 3269 1965
f 1158 1965 44
f 41 1158 3270
f 41 3270 1092
f 1158 44 2844
f 1158 2844 3270
f 3270 2844 23
f 3270 23 2843
f 1092 3270 2843
f 1092 2843 33
f 44 1965 3271
f 44 3271 1966
f 1965 45 2216
f 1965 2216 3271
f 3271 2216 47
f 3271 47 2503
f 1966 3271 2503
f 1966 2503 46
f 44 1966 3272
f 44 3272 2844
f 1966 46 2573
f 1966 2573 3272
f 3272 2573 22
f 3272 22 2571
f 2844 3272 2571
f 2844 2571 23
f 46 2503 3273
f 46 3273 2504
f 2503 47 2783
f 2503 2783 3273
f 3273 2783 49
f 3273 49 3054
f 2504 3273 3054
f 2504 3054 48
f 46 2504 3274
f 46 3274 2573
f 2504 48 1287
f 2504 1287 3274
f 3274 1287 25
f 3274 25 2572
f 2573 3274 2572
f 2573 2572 22
f 25 1287 3275
f 25 3275 1288
f 1287 48 3055
f 1287 3055 3275
f 3275 3055 51
f 3275 51 1505
f 1288 3275 1505
f 1288 1505 50
f 25 1288 3276
f 25 3276 3127
f 1288 50 1506
f 1288 1506 3276
f 3276 1506 52
f 3276 52 3128
f 3127 3276 3128
f 3127 3128 24
f 52 1506 3277
f 52 3277 2911
f 1506 50 2640
f 1506 2640 3277
f 3277 2640 30
f 3277 30 2639
f 2911 3277 2639
f 2911 2639 31
f 50 1505 3278
f 50 3278 2640
f 1505 51 1766
f 1505 1766 3278
f 3278 1766 53
f 3278 53 2641
f 2640 3278 2641
f 2640 2641 30
f 53 1766 3279
f 53 3279 2284
f 1766 51 1767
f 1766 1767 3279
f 3279 1767 55
f 3279 55 2574
f 2284 3279 2574
f 2284 2574 54
f 53 2284 3280
f 53 3280 2285
f 2284 54 2575
f 2284 2575 3280
f 3280 2575 57
f 3280 57 3129
f 2285 3280 3129
f 2285 3129 56
f 53 2285 3281
f 53 3281 2641
f 2285 56 1572
f 2285 1572 3281
f 3281 1572 26
f 3281 26 1570
f 2641 3281 1570
f 2641 1570 30
f 56 3129 3282
f 56 3282 3130
f 3129 57 1289
f 3129 1289 3282
f 3282 1289 59
f 3282 59 1573
f 3130 3282 1573
f 3130 1573 58
f 56 3130 3283
f 56 3283 1572
f 3130 58 2348
f 3130 2348 3283
f 3283 2348 29
f 3283 29 1569
f 1572 3283 1569
f 1572 1569 26
f 29 2348 3284
f 29 3284 2349
f 2348 58 1574
f 2348 1574 3284
f 3284 1574 61
f 3284 61 2098
f 2349 3284 2098
f 2349 2098 60
f 29 2349 3285
f 29 3285 2097
f 2349 60 1950
f 2349 1950 3285
f 3285 1950 62
f 3285 62 2099
f 2097 3285 2099
f 2097 2099 28
f 62 1950 3286
f 62 3286 2642
f 1950 60 2100
f 1950 2100 3286
f 3286 2100 64
f 3286 64 2912
f 2642 3286 2912
f 2642 2912 63
f 63 2912 3287
f 63 3287 2433
f 2912 64 2146
f 2912 2146 3287
f 3287 2146 37
f 3287 37 2144
f 2433 3287 2144
f 2433 2144 38
f 64 2100 3288
f 64 3288 3195
f 2100 60 2098
f 2100 2098 3288
f 3288 2098 61
f 3288 61 2350
f 3195 3288 2350
f 3195 2350 65
f 64 3195 3289
f 64 3289 2146
f 3195 65 2993
f 3195 2993 3289
f 3289 2993 40
f 3289 40 2145
f 2146 3289 2145
f 2146 2145 37
f 65 2350 3290
f 65 3290 1093
f 2350 61 2351
f 2350 2351 3290
f 3290 2351 67
f 3290 67 1376
f 1093 3290 1376
f 1093 1376 66
f 65 1093 3291
f 65 3291 2993
f 1093 66 1377
f 1093 1377 3291
f 3291 1377 68
f 3291 68 2994
f 2993 3291 2994
f 2993 2994 40
f 68 1377 3292
f 68 3292 1904
f 1377 66 1378
f 1377 1378 3292
f 3292 1378 70
f 3292 70 2147
f 1904 3292 2147
f 1904 2147 69
f 68 1904 3293
f 68 3293 1704
f 1904 69 2148
f 1904 2148 3293
f 3293 2148 71
f 3293 71 1705
f 1704 3293 1705
f 1704 1705 43
f 68 1704 3294
f 68 3294 2994
f 1704 43 2716
f 1704 2716 3294
f 3294 2716 39
f 3294 39 2714
f 2994 3294 2714
f 2994 2714 40
f 71 2148 3295
f 71 3295 2717
f 2148 69 2149
f 2148 2149 3295
f 3295 2149 73
f 3295 73 2995
f 2717 3295 2995
f 2717 2995 72
f 71 2717 3296
f 71 3296 2718
f 2717 72 2996
f 2717 2996 3296
f 3296 2996 75
f 3296 75 1442
f 2718 3296 1442
f 2718 1442 74
f 71 2718 3297
f 71 3297 1705
f 2718 74 1441
f 2718 1441 3297
f 3297 1441 42
f 3297 42 1439
f 1705 3297 1439
f 1705 1439 43
f 74 1442 3298
f 74 3298 1443
f 1442 75 1706
f 1442 1706 3298
f 3298 1706 77
f 3298 77 1967
f 1443 3298 1967
f 1443 1967 76
f 74 1443 3299
f 74 3299 1441
f 1443 76 2217
f 1443 2217 3299
f 3299 2217 45
f 3299 45 1440
f 1441 3299 1440
f 1441 1440 42
f 76 1967 3300
f 76 3300 1968
f 1967 77 2218
f 1967 2218 3300
f 3300 2218 79
f 3300 79 2505
f 1968 3300 2505
f 1968 2505 78
f 76 1968 3301
f 76 3301 2217
f 1968 78 2784
f 1968 2784 3301
f 3301 2784 47
f 3301 47 2216
f 2217 3301 2216
f 2217 2216 45
f 78 2505 3302
f 78 3302 2506
f 2505 79 2785
f 2505 2785 3302
f 3302 2785 81
f 3302 81 3056
f 2506 3302 3056
f 2506 3056 80
f 78 2506 3303
f 78 3303 2784
f 2506 80 1221
f 2506 1221 3303
f 3303 1221 49
f 3303 49 2783
f 2784 3303 2783
f 2784 2783 47
f 80 3056 3304
f 80 3304 3057
f 3056 81 1222
f 3056 1222 3304
f 3304 1222 83
f 3304 83 1507
f 3057 3304 1507
f 3057 1507 82
f 80 3057 3305
f 80 3305 1221
f 3057 82 2845
f 3057 2845 3305
f 3305 2845 55
f 3305 55 1220
f 1221 3305 1220
f 1221 1220 49
f 55 1767 3306
f 55 3306 1220
f 1767 51 3055
f 1767 3055 3306
f 3306 3055 48
f 3306 48 3054
f 1220 3306 3054
f 1220 3054 49
f 82 1507 3307
f 82 3307 1508
f 1507 83 1768
f 1507 1768 3307
f 3307 1768 85
f 3307 85 2025
f 1508 3307 2025
f 1508 2025 84
f 82 1508 3308
f 82 3308 2845
f 1508 84 2576
f 1508 2576 3308
f 3308 2576 54
f 3308 54 2574
f 2845 3308 2574
f 2845 2574 55
f 84 2025 3309
f 84 3309 2026
f 2025 85 2286
f 2025 2286 3309
f 3309 2286 87
f 3309 87 2577
f 2026 3309 2577
f 2026 2577 86
f 84 2026 3310
f 84 3310 2576
f 2026 86 1290
f 2026 1290 3310
f 3310 1290 57
f 3310 57 2575
f 2576 3310 2575
f 2576 2575 54
f 86 2577 3311
f 86 3311 2578
f 2577 87 2846
f 2577 2846 3311
f 3311 2846 89
f 3311 89 3131
f 2578 3311 3131
f 2578 3131 88
f 86 2578 3312
f 86 3312 1290
f 2578 88 1827
f 2578 1827 3312
f 3312 1827 59
f 3312 59 1289
f 1290 3312 1289
f 1290 1289 57
f 88 3131 3313
f 88 3313 3132
f 3131 89 1291
f 3131 1291 3313
f 3313 1291 91
f 3313 91 1575
f 3132 3313 1575
f 3132 1575 90
f 88 3132 3314
f 88 3314 1827
f 3132 90 1640
f 3132 1640 3314
f 3314 1640 67
f 3314 67 1826
f 1827 3314 1826
f 1827 1826 59
f 67 2351 3315
f 67 3315 1826
f 2351 61 1574
f 2351 1574 3315
f 3315 1574 58
f 3315 58 1573
f 1826 3315 1573
f 1826 1573 59
f 90 1575 3316
f 90 3316 2434
f 1575 91 1828
f 1575 1828 3316
f 3316 1828 92
f 3316 92 2435
f 2434 3316 2435
f 2434 2435 70
f 90 2434 3317
f 90 3317 1640
f 2434 70 1378
f 2434 1378 3317
f 3317 1378 66
f 3317 66 1376
f 1640 3317 1376
f 1640 1376 67
f 92 1828 3318
f 92 3318 2101
f 1828 91 1829
f 1828 1829 3318
f 3318 1829 94
f 3318 94 2352
f 2101 3318 2352
f 2101 2352 93
f 92 2101 3319
f 92 3319 1159
f 2101 93 2353
f 2101 2353 3319
f 3319 2353 95
f 3319 95 1160
f 1159 3319 1160
f 1159 1160 73
f 92 1159 3320
f 92 3320 2435
f 1159 73 2149
f 1159 2149 3320
f 3320 2149 69
f 3320 69 2147
f 2435 3320 2147
f 2435 2147 70
f 95 2353 3321
f 95 3321 2913
f 2353 93 2354
f 2353 2354 3321
f 3321 2354 97
f 3321 97 3196
f 2913 3321 3196
f 2913 3196 96
f 95 2913 3322
f 95 3322 2914
f 2913 96 3197
f 2913 3197 3322
f 3322 3197 99
f 3322 99 1379
f 2914 3322 1379
f 2914 1379 98
f 95 2914 3323
f 95 3323 1160
f 2914 98 2997
f 2914 2997 3323
f 3323 2997 72
f 3323 72 2995
f 1160 3323 2995
f 1160 2995 73
f 98 1379 3324
f 98 3324 1380
f 1379 99 1641
f 1379 1641 3324
f 3324 1641 101
f 3324 101 1905
f 1380 3324 1905
f 1380 1905 100
f 98 1380 3325
f 98 3325 2997
f 1380 100 1707
f 1380 1707 3325
f 3325 1707 75
f 3325 75 2996
f 2997 3325 2996
f 2997 2996 72
f 100 1905 3326
f 100 3326 1906
f 1905 101 2150
f 1905 2150 3326
f 3326 2150 103
f 3326 103 2436
f 1906 3326 2436
f 1906 2436 102
f 100 1906 3327
f 100 3327 1707
f 1906 102 2219
f 1906 2219 3327
f 3327 2219 77
f 3327 77 1706
f 1707 3327 1706
f 1707 1706 75
f 102 2436 3328
f 102 3328 2437
f 2436 103 2719
f 2436 2719 3328
f 3328 2719 105
f 3328 105 2998
f 2437 3328 2998
f 2437 2998 104
f 102 2437 3329
f 102 3329 2219
f 2437 104 2786
f 2437 2786 3329
f 3329 2786 79
f 3329 79 2218
f 2219 3329 2218
f 2219 2218 77
f 104 2998 3330
f 104 3330 2999
f 2998 105 1161
f 2998 1161 3330
f 3330 1161 107
f 3330 107 1444
f 2999 3330 1444
f 2999 1444 106
f 104 2999 3331
f 104 3331 2786
f 2999 106 1223
f 2999 1223 3331
f 3331 1223 81
f 3331 81 2785
f 2786 3331 2785
f 2786 2785 79
f 106 1444 3332
f 106 3332 1445
f 1444 107 1708
f 1444 1708 3332
f 3332 1708 109
f 3332 109 1969
f 1445 3332 1969
f 1445 1969 108
f 106 1445 3333
f 106 3333 1223
f 1445 108 1769
f 1445 1769 3333
f 3333 1769 83
f 3333 83 1222
f 1223 3333 1222
f 1223 1222 81
f 108 1969 3334
f 108 3334 1970
f 1969 109 2220
f 1969 2220 3334
f 3334 2220 111
f 3334 111 2507
f 1970 3334 2507
f 1970 2507 110
f 108 1970 3335
f 108 3335 1769
f 1970 110 2287
f 1970 2287 3335
f 3335 2287 85
f 3335 85 1768
f 1769 3335 1768
f 1769 1768 83
f 110 2507 3336
f 110 3336 2508
f 2507 111 2787
f 2507 2787 3336
f 3336 2787 113
f 3336 113 3058
f 2508 3336 3058
f 2508 3058 112
f 110 2508 3337
f 110 3337 2287
f 2508 112 2847
f 2508 2847 3337
f 3337 2847 87
f 3337 87 2286
f 2287 3337 2286
f 2287 2286 85
f 112 3058 3338
f 112 3338 3059
f 3058 113 1224
f 3058 1224 3338
f 3338 1224 115
f 3338 115 1509
f 3059 3338 1509
f 3059 1509 114
f 112 3059 3339
f 112 3339 2847
f 3059 114 1292
f 3059 1292 3339
f 3339 1292 89
f 3339 89 2846
f 2847 3339 2846
f 2847 2846 87
f 114 1509 3340
f 114 3340 2645
f 1509 115 1770
f 1509 1770 3340
f 3340 1770 116
f 3340 116 2646
f 2645 3340 2646
f 2645 2646 94
f 114 2645 3341
f 114 3341 1292
f 2645 94 1829
f 2645 1829 3341
f 3341 1829 91
f 3341 91 1291
f 1292 3341 1291
f 1292 1291 89
f 116 2027 3342
f 116 3342 1094
f 2027 118 2288
f 2027 2288 3342
f 3342 2288 117
f 3342 117 1095
f 1094 3342 1095
f 1094 1095 97
f 116 1094 3343
f 116 3343 2646
f 1094 97 2354
f 1094 2354 3343
f 3343 2354 93
f 3343 93 2352
f 2646 3343 2352
f 2646 2352 94
f 117 2288 3344
f 117 3344 2289
f 2288 118 2579
f 2288 2579 3344
f 3344 2579 120
f 3344 120 2848
f 2289 3344 2848
f 2289 2848 119
f 117 2289 3345
f 117 3345 2290
f 2289 119 2849
f 2289 2849 3345
f 3345 2849 122
f 3345 122 1293
f 2290 3345 1293
f 2290 1293 121
f 117 2290 3346
f 117 3346 1095
f 2290 121 3198
f 2290 3198 3346
f 3346 3198 96
f 3346 96 3196
f 1095 3346 3196
f 1095 3196 97
f 121 1293 3347
f 121 3347 1294
f 1293 122 1576
f 1293 1576 3347
f 3347 1576 124
f 3347 124 1830
f 1294 3347 1830
f 1294 1830 123
f 121 1294 3348
f 121 3348 3198
f 1294 123 1642
f 1294 1642 3348
f 3348 1642 99
f 3348 99 3197
f 3198 3348 3197
f 3198 3197 96
f 123 1830 3349
f 123 3349 1831
f 1830 124 2102
f 1830 2102 3349
f 3349 2102 126
f 3349 126 2355
f 1831 3349 2355
f 1831 2355 125
f 123 1831 3350
f 123 3350 1642
f 1831 125 2151
f 1831 2151 3350
f 3350 2151 101
f 3350 101 1641
f 1642 3350 1641
f 1642 1641 99
f 125 2355 3351
f 125 3351 2356
f 2355 126 2647
f 2355 2647 3351
f 3351 2647 128
f 3351 128 2915
f 2356 3351 2915
f 2356 2915 127
f 125 2356 3352
f 125 3352 2151
f 2356 127 2720
f 2356 2720 3352
f 3352 2720 103
f 3352 103 2150
f 2151 3352 2150
f 2151 2150 101
f 127 2915 3353
f 127 3353 2916
f 2915 128 3199
f 2915 3199 3353
f 3353 3199 130
f 3353 130 1096
f 2916 3353 1096
f 2916 1096 129
f 127 2916 3354
f 127 3354 2720
f 2916 129 1162
f 2916 1162 3354
f 3354 1162 105
f 3354 105 2719
f 2720 3354 2719
f 2720 2719 103
f 129 1096 3355
f 129 3355 1097
f 1096 130 1381
f 1096 1381 3355
f 3355 1381 132
f 3355 132 1643
f 1097 3355 1643
f 1097 1643 131
f 129 1097 3356
f 129 3356 1162
f 1097 131 1709
f 1097 1709 3356
f 3356 1709 107
f 3356 107 1161
f 1162 3356 1161
f 1162 1161 105
f 131 1643 3357
f 131 3357 1644
f 1643 132 1907
f 1643 1907 3357
f 3357 1907 134
f 3357 134 2152
f 1644 3357 2152
f 1644 2152 133
f 131 1644 3358
f 131 3358 1709
f 1644 133 2221
f 1644 2221 3358
f 3358 2221 109
f 3358 109 1708
f 1709 3358 1708
f 1709 1708 107
f 133 2152 3359
f 133 3359 2153
f 2152 134 2438
f 2152 2438 3359
f 3359 2438 136
f 3359 136 2721
f 2153 3359 2721
f 2153 2721 135
f 133 2153 3360
f 133 3360 2221
f 2153 135 2788
f 2153 2788 3360
f 3360 2788 111
f 3360 111 2220
f 2221 3360 2220
f 2221 2220 109
f 135 2721 3361
f 135 3361 2722
f 2721 136 3000
f 2721 3000 3361
f 3361 3000 138
f 3361 138 1163
f 2722 3361 1163
f 2722 1163 137
f 135 2722 3362
f 135 3362 2788
f 2722 137 1225
f 2722 1225 3362
f 3362 1225 113
f 3362 113 2787
f 2788 3362 2787
f 2788 2787 111
f 137 1163 3363
f 137 3363 1164
f 1163 138 1446
f 1163 1446 3363
f 3363 1446 140
f 3363 140 1710
f 1164 3363 1710
f 1164 1710 139
f 137 1164 3364
f 137 3364 1225
f 1164 139 1771
f 1164 1771 3364
f 3364 1771 115
f 3364 115 1224
f 1225 3364 1224
f 1225 1224 113
f 139 1710 3365
f 139 3365 2580
f 1710 140 3133
f 1710 3133 3365
f 3365 3133 120
f 3365 120 2579
f 2580 3365 2579
f 2580 2579 118
f 139 2580 3366
f 139 3366 1771
f 2580 118 2027
f 2580 2027 3366
f 3366 2027 116
f 3366 116 1770
f 1771 3366 1770
f 1771 1770 115
f 120 3133 3367
f 120 3367 3134
f 3133 140 1971
f 3133 1971 3367
f 3367 1971 142
f 3367 142 2222
f 3134 3367 2222
f 3134 2222 141
f 141 2224 3368
f 141 3368 2223
f 2224 145 3060
f 2224 3060 3368
f 3368 3060 144
f 3368 144 2789
f 2223 3368 2789
f 2223 2789 143
f 141 2223 3369
f 141 3369 3134
f 2223 143 2850
f 2223 2850 3369
f 3369 2850 119
f 3369 119 2848
f 3134 3369 2848
f 3134 2848 120
f 143 2789 3370
f 143 3370 2790
f 2789 144 3061
f 2789 3061 3370
f 3370 3061 147
f 3370 147 1510
f 2790 3370 1510
f 2790 1510 146
f 143 2790 3371
f 143 3371 2850
f 2790 146 1577
f 2790 1577 3371
f 3371 1577 122
f 3371 122 2849
f 2850 3371 2849
f 2850 2849 119
f 146 1510 3372
f 146 3372 1511
f 1510 147 1772
f 1510 1772 3372
f 3372 1772 149
f 3372 149 2028
f 1511 3372 2028
f 1511 2028 148
f 146 1511 3373
f 146 3373 1577
f 1511 148 2103
f 1511 2103 3373
f 3373 2103 124
f 3373 124 1576
f 1577 3373 1576
f 1577 1576 122
f 148 2028 3374
f 148 3374 2029
f 2028 149 2291
f 2028 2291 3374
f 3374 2291 151
f 3374 151 2581
f 2029 3374 2581
f 2029 2581 150
f 148 2029 3375
f 148 3375 2103
f 2029 150 2648
f 2029 2648 3375
f 3375 2648 126
f 3375 126 2102
f 2103 3375 2102
f 2103 2102 124
f 150 2581 3376
f 150 3376 2582
f 2581 151 2851
f 2581 2851 3376
f 3376 2851 153
f 3376 153 3135
f 2582 3376 3135
f 2582 3135 152
f 150 2582 3377
f 150 3377 2648
f 2582 152 3200
f 2582 3200 3377
f 3377 3200 128
f 3377 128 2647
f 2648 3377 2647
f 2648 2647 126
f 152 3135 3378
f 152 3378 3136
f 3135 153 1295
f 3135 1295 3378
f 3378 1295 155
f 3378 155 1578
f 3136 3378 1578
f 3136 1578 154
f 152 3136 3379
f 152 3379 3200
f 3136 154 1382
f 3136 1382 3379
f 3379 1382 130
f 3379 130 3199
f 3200 3379 3199
f 3200 3199 128
f 154 1578 3380
f 154 3380 1579
f 1578 155 1832
f 1578 1832 3380
f 3380 1832 157
f 3380 157 2104
f 1579 3380 2104
f 1579 2104 156
f 154 1579 3381
f 154 3381 1382
f 1579 156 1908
f 1579 1908 3381
f 3381 1908 132
f 3381 132 1381
f 1382 3381 1381
f 1382 1381 130
f 156 2104 3382
f 156 3382 2105
f 2104 157 2357
f 2104 2357 3382
f 3382 2357 159
f 3382 159 2649
f 2105 3382 2649
f 2105 2649 158
f 156 2105 3383
f 156 3383 1908
f 2105 158 2439
f 2105 2439 3383
f 3383 2439 134
f 3383 134 1907
f 1908 3383 1907
f 1908 1907 132
f 158 2649 3384
f 158 3384 2650
f 2649 159 2917
f 2649 2917 3384
f 3384 2917 161
f 3384 161 3201
f 2650 3384 3201
f 2650 3201 160
f 158 2650 3385
f 158 3385 2439
f 2650 160 3001
f 2650 3001 3385
f 3385 3001 136
f 3385 136 2438
f 2439 3385 2438
f 2439 2438 134
f 160 3201 3386
f 160 3386 3202
f 3201 161 1098
f 3201 1098 3386
f 3386 1098 163
f 3386 163 1383
f 3202 3386 1383
f 3202 1383 162
f 160 3202 3387
f 160 3387 3001
f 3202 162 1447
f 3202 1447 3387
f 3387 1447 138
f 3387 138 3000
f 3001 3387 3000
f 3001 3000 136
f 162 1383 3388
f 162 3388 2509
f 1383 163 1645
f 1383 1645 3388
f 3388 1645 164
f 3388 164 2510
f 2509 3388 2510
f 2509 2510 142
f 162 2509 3389
f 162 3389 1447
f 2509 142 1971
f 2509 1971 3389
f 3389 1971 140
f 3389 140 1446
f 1447 3389 1446
f 1447 1446 138
f 164 1909 3390
f 164 3390 1226
f 1909 166 2154
f 1909 2154 3390
f 3390 2154 165
f 3390 165 1227
f 1226 3390 1227
f 1226 1227 145
f 164 1226 3391
f 164 3391 2510
f 1226 145 2224
f 1226 2224 3391
f 3391 2224 141
f 3391 141 2222
f 2510 3391 2222
f 2510 2222 142
f 165 2154 3392
f 165 3392 2155
f 2154 166 2440
f 2154 2440 3392
f 3392 2440 168
f 3392 168 2723
f 2155 3392 2723
f 2155 2723 167
f 165 2155 3393
f 165 3393 2156
f 2155 167 2724
f 2155 2724 3393
f 3393 2724 170
f 3393 170 1165
f 2156 3393 1165
f 2156 1165 169
f 165 2156 3394
f 165 3394 1227
f 2156 169 3062
f 2156 3062 3394
f 3394 3062 144
f 3394 144 3060
f 1227 3394 3060
f 1227 3060 145
f 169 1165 3395
f 169 3395 1166
f 1165 170 1448
f 1165 1448 3395
f 3395 1448 172
f 3395 172 1711
f 1166 3395 1711
f 1166 1711 171
f 169 1166 3396
f 169 3396 3062
f 1166 171 1774
f 1166 1774 3396
f 3396 1774 147
f 3396 147 3061
f 3062 3396 3061
f 3062 3061 144
f 171 1711 3397
f 171 3397 1712
f 1711 172 3063
f 1711 3063 3397
f 3397 3063 16
f 3397 16 3064
f 1712 3397 3064
f 1712 3064 173
f 171 1712 3398
f 171 3398 1774
f 1712 173 2292
f 1712 2292 3398
f 3398 2292 149
f 3398 149 1772
f 1774 3398 1772
f 1774 1772 147
f 173 3064 3399
f 173 3399 2225
f 3064 16 3053
f 3064 3053 3399
f 3399 3053 17
f 3399 17 1228
f 2225 3399 1228
f 2225 1228 174
f 173 2225 3400
f 173 3400 2292
f 2225 174 2852
f 2225 2852 3400
f 3400 2852 151
f 3400 151 2291
f 2292 3400 2291
f 2292 2291 149
f 174 1228 3401
f 174 3401 2511
f 1228 17 2992
f 1228 2992 3401
f 3401 2992 8
f 3401 8 3002
f 2511 3401 3002
f 2511 3002 175
f 174 2511 3402
f 174 3402 2852
f 2511 175 1296
f 2511 1296 3402
f 3402 1296 153
f 3402 153 2851
f 2852 3402 2851
f 2852 2851 151
f 175 3002 3403
f 175 3403 1513
f 3002 8 2991
f 3002 2991 3403
f 3403 2991 9
f 3403 9 1156
f 1513 3403 1156
f 1513 1156 18
f 175 1513 3404
f 175 3404 1296
f 1513 18 1512
f 1513 1512 3404
f 3404 1512 155
f 3404 155 1295
f 1296 3404 1295
f 1296 1295 153
f 172 1448 3405
f 172 3405 1972
f 1448 170 1449
f 1448 1449 3405
f 3405 1449 177
f 3405 177 3065
f 1972 3405 3065
f 1972 3065 176
f 172 1972 3406
f 172 3406 3063
f 1972 176 2791
f 1972 2791 3406
f 3406 2791 15
f 3406 15 2782
f 3063 3406 2782
f 3063 2782 16
f 177 1449 3407
f 177 3407 1229
f 1449 170 2724
f 1449 2724 3407
f 3407 2724 167
f 3407 167 2725
f 1229 3407 2725
f 1229 2725 178
f 178 2725 3408
f 178 3408 1514
f 2725 167 2723
f 2725 2723 3408
f 3408 2723 168
f 3408 168 3003
f 1514 3408 3003
f 1514 3003 179
f 179 3003 3409
f 179 3409 1775
f 3003 168 3004
f 3003 3004 3409
f 3409 3004 181
f 3409 181 2031
f 1775 3409 2031
f 1775 2031 180
f 180 2031 3410
f 180 3410 2032
f 2031 181 2293
f 2031 2293 3410
f 3410 2293 183
f 3410 183 2583
f 2032 3410 2583
f 2032 2583 182
f 184 3137 3411
f 184 3411 1450
f 3137 185 1776
f 3137 1776 3411
f 3411 1776 19
f 3411 19 1438
f 1450 3411 1438
f 1450 1438 10
f 185 3137 3412
f 185 3412 1297
f 3137 184 2853
f 3137 2853 3412
f 3412 2853 183
f 3412 183 2854
f 1297 3412 2854
f 1297 2854 186
f 185 1297 3413
f 185 3413 2918
f 1297 186 1099
f 1297 1099 3413
f 3413 1099 161
f 3413 161 2917
f 2918 3413 2917
f 2918 2917 159
f 186 2854 3414
f 186 3414 1580
f 2854 183 2293
f 2854 2293 3414
f 3414 2293 181
f 3414 181 2294
f 1580 3414 2294
f 1580 2294 187
f 186 1580 3415
f 186 3415 1099
f 1580 187 1646
f 1580 1646 3415
f 3415 1646 163
f 3415 163 1098
f 1099 3415 1098
f 1099 1098 161
f 187 2294 3416
f 187 3416 2441
f 2294 181 3004
f 2294 3004 3416
f 3416 3004 168
f 3416 168 2440
f 2441 3416 2440
f 2441 2440 166
f 187 2441 3417
f 187 3417 1646
f 2441 166 1909
f 2441 1909 3417
f 3417 1909 164
f 3417 164 1645
f 1646 3417 1645
f 1646 1645 163
f 19 1776 3418
f 19 3418 1773
f 1776 185 2918
f 1776 2918 3418
f 3418 2918 159
f 3418 159 2357
f 1773 3418 2357
f 1773 2357 157
f 157 1832 3419
f 157 3419 1773
f 1832 155 1512
f 1832 1512 3419
f 3419 1512 18
f 3419 18 1504
f 1773 3419 1504
f 1773 1504 19
f 13 2226 3420
f 13 3420 2713
f 2226 188 2442
f 2226 2442 3420
f 3420 2442 6
f 3420 6 2430
f 2713 3420 2430
f 2713 2430 7
f 188 1713 3421
f 188 3421 2442
f 11 2432 3421
f 11 3421 1713
f 6 2442 3421
f 6 3421 2432
f 14 1962 3422
f 14 3422 2502
f 12 1963 3422
f 12 3422 1962
f 15 2502 3422
f 15 3422 1963
f 189 1384 3423
f 189 3423 2358
f 1384 34 1636
f 1384 1636 3423
f 3423 1636 3
f 3423 3 1647
f 2358 3423 1647
f 2358 1647 190
f 189 2358 3424
f 189 3424 2359
f 2358 190 2651
f 2358 2651 3424
f 3424 2651 192
f 3424 192 2919
f 2359 3424 2919
f 2359 2919 191
f 189 2359 3425
f 189 3425 2360
f 2359 191 2920
f 2359 2920 3425
f 3425 2920 194
f 3425 194 1100
f 2360 3425 1100
f 2360 1100 193
f 189 2361 3426
f 189 3426 1384
f 2361 195 1910
f 2361 1910 3426
f 3426 1910 36
f 3426 36 1375
f 1384 3426 1375
f 1384 1375 34
f 189 2360 3427
f 189 3427 2361
f 2360 193 1101
f 2360 1101 3427
f 3427 1101 196
f 3427 196 1648
f 2361 3427 1648
f 2361 1648 195
f 197 2158 3428
f 197 3428 2157
f 2158 200 2726
f 2158 2726 3428
f 3428 2726 199
f 3428 199 2443
f 2157 3428 2443
f 2157 2443 198
f 201 1168 3429
f 201 3429 1167
f 204 1714 3429
f 204 3429 1168
f 203 2727 3429
f 203 3429 1714
f 199 2726 3429
f 199 3429 2727
f 200 3005 3429
f 200 3429 2726
f 202 1167 3429
f 202 3429 3005
f 28 2099 3430
f 28 3430 2106
f 62 2652 3430
f 62 3430 2099
f 205 2106 3430
f 205 3430 2652
f 27 1824 3431
f 27 3431 1833
f 1824 28 2107
f 1824 2107 3431
f 3431 2107 207
f 3431 207 2512
f 1833 3431 2512
f 1833 2512 206
f 208 3067 3432
f 208 3432 3066
f 3067 211 1515
f 3067 1515 3432
f 3432 1515 210
f 3432 210 1230
f 3066 3432 1230
f 3066 1230 209
f 208 3068 3433
f 208 3433 3067
f 3068 213 2033
f 3068 2033 3433
f 3433 2033 212
f 3433 212 1777
f 3067 3433 1777
f 3067 1777 211
f 208 3066 3434
f 208 3434 3069
f 3066 209 1231
f 3066 1231 3434
f 3434 1231 215
f 3434 215 2584
f 3069 3434 2584
f 3069 2584 214
f 208 3069 3435
f 208 3435 3070
f 3069 214 2585
f 3069 2585 3435
f 3435 2585 217
f 3435 217 3138
f 3070 3435 3138
f 3070 3138 216
f 208 3070 3436
f 208 3436 3068
f 3070 216 3139
f 3070 3139 3436
f 3436 3139 218
f 3436 218 2295
f 3068 3436 2295
f 3068 2295 213
f 218 3139 3437
f 218 3437 1581
f 3139 216 3140
f 3139 3140 3437
f 3437 3140 220
f 3437 220 1834
f 1581 3437 1834
f 1581 1834 219
f 219 1834 3438
f 219 3438 1835
f 1834 220 2108
f 1834 2108 3438
f 3438 2108 222
f 3438 222 2362
f 1835 3438 2362
f 1835 2362 221
f 222 2108 3439
f 222 3439 2653
f 220 2109 3439
f 220 3439 2108
f 223 2653 3439
f 223 3439 2109
f 222 2653 3440
f 222 3440 2654
f 2653 223 2921
f 2653 2921 3440
f 3440 2921 225
f 3440 225 3203
f 2654 3440 3203
f 2654 3203 224
f 224 3203 3441
f 224 3441 3204
f 3203 225 1102
f 3203 1102 3441
f 3441 1102 227
f 3441 227 1385
f 3204 3441 1385
f 3204 1385 226
f 226 1385 3442
f 226 3442 1386
f 1385 227 1649
f 1385 1649 3442
f 3442 1649 229
f 3442 229 1911
f 1386 3442 1911
f 1386 1911 228
f 230 1912 3443
f 230 3443 2444
f 1912 228 1911
f 1912 1911 3443
f 3443 1911 229
f 3443 229 2159
f 2444 3443 2159
f 2444 2159 231
f 203 1714 3444
f 203 3444 1715
f 1714 204 1973
f 1714 1973 3444
f 3444 1973 231
f 3444 231 2159
f 1715 3444 2159
f 1715 2159 229
f 229 1649 3445
f 229 3445 1715
f 1649 227 1650
f 1649 1650 3445
f 3445 1650 232
f 3445 232 1716
f 1715 3445 1716
f 1715 1716 203
f 232 3006 3446
f 232 3446 1716
f 3006 233 2728
f 3006 2728 3446
f 3446 2728 199
f 3446 199 2727
f 1716 3446 2727
f 1716 2727 203
f 232 1650 3447
f 232 3447 3007
f 1650 227 1102
f 1650 1102 3447
f 3447 1102 225
f 3447 225 1103
f 3007 3447 1103
f 3007 1103 234
f 232 3007 3448
f 232 3448 3006
f 3007 234 1451
f 3007 1451 3448
f 3448 1451 235
f 3448 235 1169
f 3006 3448 1169
f 3006 1169 233
f 235 1717 3449
f 235 3449 1169
f 1717 237 1974
f 1717 1974 3449
f 3449 1974 236
f 3449 236 1170
f 1169 3449 1170
f 1169 1170 233
f 235 1451 3450
f 235 3450 2586
f 1451 234 1299
f 1451 1299 3450
f 3450 1299 217
f 3450 217 2585
f 2586 3450 2585
f 2586 2585 214
f 235 2586 3451
f 235 3451 1717
f 2586 214 2584
f 2586 2584 3451
f 3451 2584 215
f 3451 215 2855
f 1717 3451 2855
f 1717 2855 237
f 236 1975 3452
f 236 3452 2445
f 1975 239 2513
f 1975 2513 3452
f 3452 2513 238
f 3452 238 2446
f 2445 3452 2446
f 2445 2446 198
f 236 2445 3453
f 236 3453 1170
f 2445 198 2443
f 2445 2443 3453
f 3453 2443 199
f 3453 199 2728
f 1170 3453 2728
f 1170 2728 233
f 236 1974 3454
f 236 3454 1975
f 1974 237 2227
f 1974 2227 3454
f 3454 2227 240
f 3454 240 2792
f 1975 3454 2792
f 1975 2792 239
f 240 3071 3455
f 240 3455 2792
f 3071 242 1232
f 3071 1232 3455
f 3455 1232 241
f 3455 241 2793
f 2792 3455 2793
f 2792 2793 239
f 240 2227 3456
f 240 3456 3072
f 2227 237 2855
f 2227 2855 3456
f 3456 2855 215
f 3456 215 2856
f 3072 3456 2856
f 3072 2856 243
f 240 3072 3457
f 240 3457 3071
f 3072 243 1778
f 3072 1778 3457
f 3457 1778 244
f 3457 244 1516
f 3071 3457 1516
f 3071 1516 242
f 244 2034 3458
f 244 3458 1516
f 2034 246 2296
f 2034 2296 3458
f 3458 2296 245
f 3458 245 1517
f 1516 3458 1517
f 1516 1517 242
f 244 1778 3459
f 244 3459 2035
f 1778 243 1779
f 1778 1779 3459
f 3459 1779 248
f 3459 248 2857
f 2035 3459 2857
f 2035 2857 247
f 244 2035 3460
f 244 3460 2034
f 2035 247 2858
f 2035 2858 3460
f 3460 2858 249
f 3460 249 2587
f 2034 3460 2587
f 2034 2587 246
f 249 1300 3461
f 249 3461 2587
f 1300 251 1582
f 1300 1582 3461
f 3461 1582 250
f 3461 250 2588
f 2587 3461 2588
f 2587 2588 246
f 249 2858 3462
f 249 3462 1301
f 2858 247 2859
f 2858 2859 3462
f 3462 2859 253
f 3462 253 2110
f 1301 3462 2110
f 1301 2110 252
f 249 1301 3463
f 249 3463 1300
f 1301 252 2111
f 1301 2111 3463
f 3463 2111 254
f 3463 254 1836
f 1300 3463 1836
f 1300 1836 251
f 254 2655 3464
f 254 3464 1836
f 2655 256 2922
f 2655 2922 3464
f 3464 2922 255
f 3464 255 1837
f 1836 3464 1837
f 1836 1837 251
f 254 2111 3465
f 254 3465 2627
f 2111 252 2079
f 2111 2079 3465
f 3465 2079 258
f 3465 258 1104
f 2627 3465 1104
f 2627 1104 257
f 254 2627 3466
f 254 3466 2655
f 2627 257 1105
f 2627 1105 3466
f 3466 1105 259
f 3466 259 3179
f 2655 3466 3179
f 2655 3179 256
f 259 1651 3467
f 259 3467 3179
f 1651 261 1884
f 1651 1884 3467
f 3467 1884 260
f 3467 260 3180
f 3179 3467 3180
f 3179 3180 256
f 259 1105 3468
f 259 3468 1652
f 1105 257 1106
f 1105 1106 3468
f 3468 1106 263
f 3468 263 2413
f 1652 3468 2413
f 1652 2413 262
f 261 1651 3469
f 261 3469 2160
f 1651 259 1652
f 1651 1652 3469
f 3469 1652 262
f 3469 262 2414
f 2160 3469 2414
f 2160 2414 264
f 265 2161 3470
f 265 3470 1171
f 2161 261 2160
f 2161 2160 3470
f 3470 2160 264
f 3470 264 2975
f 1171 3470 2975
f 1171 2975 266
f 265 1171 3471
f 265 3471 1172
f 1171 266 1423
f 1171 1423 3471
f 3471 1423 268
f 3471 268 1718
f 1172 3471 1718
f 1172 1718 267
f 266 2975 3472
f 266 3472 1424
f 2975 264 2976
f 2975 2976 3472
f 3472 2976 270
f 3472 270 2228
f 1424 3472 2228
f 1424 2228 269
f 266 1424 3473
f 266 3473 1423
f 1424 269 2229
f 1424 2229 3473
f 3473 2229 271
f 3473 271 1951
f 1423 3473 1951
f 1423 1951 268
f 271 2794 3474
f 271 3474 1951
f 2794 273 3041
f 2794 3041 3474
f 3474 3041 272
f 3474 272 1952
f 1951 3474 1952
f 1951 1952 268
f 271 2229 3475
f 271 3475 2795
f 2229 269 2230
f 2229 2230 3475
f 3475 2230 275
f 3475 275 1488
f 2795 3475 1488
f 2795 1488 274
f 271 2795 3476
f 271 3476 2794
f 2795 274 1489
f 2795 1489 3476
f 3476 1489 276
f 3476 276 1234
f 2794 3476 1234
f 2794 1234 273
f 276 2007 3477
f 276 3477 1234
f 2007 278 2297
f 2007 2297 3477
f 3477 2297 277
f 3477 277 1235
f 1234 3477 1235
f 1234 1235 273
f 276 1489 3478
f 276 3478 2008
f 1489 274 1490
f 1489 1490 3478
f 3478 1490 280
f 3478 280 2860
f 2008 3478 2860
f 2008 2860 279
f 276 2008 3479
f 276 3479 2007
f 2008 279 2861
f 2008 2861 3479
f 3479 2861 281
f 3479 281 2555
f 2007 3479 2555
f 2007 2555 278
f 281 1302 3480
f 281 3480 2555
f 1302 283 1551
f 1302 1551 3480
f 3480 1551 282
f 3480 282 2556
f 2555 3480 2556
f 2555 2556 278
f 281 2861 3481
f 281 3481 1303
f 2861 279 2862
f 2861 2862 3481
f 3481 2862 285
f 3481 285 2080
f 1303 3481 2080
f 1303 2080 284
f 281 1303 3482
f 281 3482 1302
f 1303 284 2081
f 1303 2081 3482
f 3482 2081 286
f 3482 286 1838
f 1302 3482 1838
f 1302 1838 283
f 286 2628 3483
f 286 3483 1838
f 2628 288 2923
f 2628 2923 3483
f 3483 2923 287
f 3483 287 1839
f 1838 3483 1839
f 1838 1839 283
f 286 2081 3484
f 286 3484 2629
f 2081 284 2082
f 2081 2082 3484
f 3484 2082 290
f 3484 290 1107
f 2629 3484 1107
f 2629 1107 289
f 288 2628 3485
f 288 3485 3181
f 2628 286 2629
f 2628 2629 3485
f 3485 2629 289
f 3485 289 1108
f 3181 3485 1108
f 3181 1108 291
f 292 3182 3486
f 292 3486 1885
f 3182 288 3181
f 3182 3181 3486
f 3486 3181 291
f 3486 291 1653
f 1885 3486 1653
f 1885 1653 293
f 292 1885 3487
f 292 3487 1886
f 1885 293 2162
f 1885 2162 3487
f 3487 2162 295
f 3487 295 2415
f 1886 3487 2415
f 1886 2415 294
f 293 1653 3488
f 293 3488 2163
f 1653 291 1654
f 1653 1654 3488
f 3488 1654 297
f 3488 297 2977
f 2163 3488 2977
f 2163 2977 296
f 293 2163 3489
f 293 3489 2162
f 2163 296 2978
f 2163 2978 3489
f 3489 2978 298
f 3489 298 2729
f 2162 3489 2729
f 2162 2729 295
f 298 1425 3490
f 298 3490 2729
f 1425 300 1719
f 1425 1719 3490
f 3490 1719 299
f 3490 299 2730
f 2729 3490 2730
f 2729 2730 295
f 298 2978 3491
f 298 3491 1426
f 2978 296 2979
f 2978 2979 3491
f 3491 2979 302
f 3491 302 2231
f 1426 3491 2231
f 1426 2231 301
f 300 1425 3492
f 300 3492 1355
f 1425 298 1426
f 1425 1426 3492
f 3492 1426 301
f 3492 301 1356
f 1355 3492 1356
f 1355 1356 194
f 303 1953 3493
f 303 3493 2924
f 1953 300 1355
f 1953 1355 3493
f 3493 1355 194
f 3493 194 2920
f 2924 3493 2920
f 2924 2920 191
f 301 2231 3494
f 301 3494 2232
f 2231 302 2484
f 2231 2484 3494
f 3494 2484 305
f 3494 305 3042
f 2232 3494 3042
f 2232 3042 304
f 301 2232 3495
f 301 3495 1356
f 2232 304 1109
f 2232 1109 3495
f 3495 1109 193
f 3495 193 1100
f 1356 3495 1100
f 1356 1100 194
f 304 3042 3496
f 304 3496 3043
f 3042 305 1236
f 3042 1236 3496
f 3496 1236 307
f 3496 307 1491
f 3043 3496 1491
f 3043 1491 306
f 304 3043 3497
f 304 3497 1109
f 3043 306 1887
f 3043 1887 3497
f 3497 1887 196
f 3497 196 1101
f 1109 3497 1101
f 1109 1101 193
f 306 1491 3498
f 306 3498 1492
f 1491 307 1780
f 1491 1780 3498
f 3498 1780 309
f 3498 309 2009
f 1492 3498 2009
f 1492 2009 308
f 306 1492 3499
f 306 3499 1887
f 1492 308 2010
f 1492 2010 3499
f 3499 2010 310
f 3499 310 1888
f 1887 3499 1888
f 1887 1888 196
f 310 2557 3500
f 310 3500 1888
f 2557 311 1655
f 2557 1655 3500
f 3500 1655 195
f 3500 195 1648
f 1888 3500 1648
f 1888 1648 196
f 310 2010 3501
f 310 3501 2558
f 2010 308 2011
f 2010 2011 3501
f 3501 2011 313
f 3501 313 3112
f 2558 3501 3112
f 2558 3112 312
f 310 2558 3502
f 310 3502 2557
f 2558 312 3113
f 2558 3113 3502
f 3502 3113 314
f 3502 314 2863
f 2557 3502 2863
f 2557 2863 311
f 314 2925 3503
f 314 3503 2863
f 2925 63 2433
f 2925 2433 3503
f 3503 2433 38
f 3503 38 2416
f 2863 3503 2416
f 2863 2416 311
f 314 3113 3504
f 314 3504 2233
f 3113 312 3114
f 3113 3114 3504
f 3504 3114 315
f 3504 315 2234
f 2233 3504 2234
f 2233 2234 205
f 314 2233 3505
f 314 3505 2925
f 2233 205 2652
f 2233 2652 3505
f 3505 2652 62
f 3505 62 2642
f 2925 3505 2642
f 2925 2642 63
f 315 3114 3506
f 315 3506 1840
f 3114 312 3112
f 3114 3112 3506
f 3506 3112 313
f 3506 313 1304
f 1840 3506 1304
f 1840 1304 316
f 315 1840 3507
f 315 3507 1841
f 1840 316 2084
f 1840 2084 3507
f 3507 2084 318
f 3507 318 2363
f 1841 3507 2363
f 1841 2363 317
f 315 1841 3508
f 315 3508 2234
f 1841 317 2083
f 1841 2083 3508
f 3508 2083 28
f 3508 28 2106
f 2234 3508 2106
f 2234 2106 205
f 317 2363 3509
f 317 3509 2364
f 2363 318 2630
f 2363 2630 3509
f 3509 2630 320
f 3509 320 2926
f 2364 3509 2926
f 2364 2926 319
f 28 2083 3510
f 28 3510 2107
f 2083 317 2364
f 2083 2364 3510
f 3510 2364 319
f 3510 319 2796
f 2107 3510 2796
f 2107 2796 207
f 207 2796 3511
f 207 3511 2797
f 2796 319 2927
f 2796 2927 3511
f 3511 2927 322
f 3511 322 1110
f 2797 3511 1110
f 2797 1110 321
f 207 2797 3512
f 207 3512 2512
f 2797 321 1111
f 2797 1111 3512
f 3512 1111 323
f 3512 323 2485
f 2512 3512 2485
f 2512 2485 206
f 323 1656 3513
f 323 3513 2485
f 1656 325 1889
f 1656 1889 3513
f 3513 1889 324
f 3513 324 2486
f 2485 3513 2486
f 2485 2486 206
f 323 1111 3514
f 323 3514 1657
f 1111 321 1112
f 1111 1112 3514
f 3514 1112 327
f 3514 327 2417
f 1657 3514 2417
f 1657 2417 326
f 323 1657 3515
f 323 3515 1656
f 1657 326 2418
f 1657 2418 3515
f 3515 2418 328
f 3515 328 2164
f 1656 3515 2164
f 1656 2164 325
f 328 2418 3516
f 328 3516 2980
f 2418 326 2419
f 2418 2419 3516
f 3516 2419 330
f 3516 330 1173
f 2980 3516 1173
f 2980 1173 329
f 329 1173 3517
f 329 3517 1174
f 1173 330 1427
f 1173 1427 3517
f 3517 1427 332
f 3517 332 1720
f 1174 3517 1720
f 1174 1720 331
f 333 1721 3518
f 333 3518 2235
f 1721 331 1720
f 1721 1720 3518
f 3518 1720 332
f 3518 332 1954
f 2235 3518 1954
f 2235 1954 334
f 333 2235 3519
f 333 3519 2236
f 2235 334 2487
f 2235 2487 3519
f 3519 2487 336
f 3519 336 2798
f 2236 3519 2798
f 2236 2798 335
f 337 2799 3520
f 337 3520 3184
f 2799 335 2798
f 2799 2798 3520
f 3520 2798 336
f 3520 336 3183
f 3184 3520 3183
f 3184 3183 192
f 337 3184 3521
f 337 3521 1237
f 3184 192 2651
f 3184 2651 3521
f 3521 2651 190
f 3521 190 2631
f 1237 3521 2631
f 1237 2631 338
f 338 2631 3522
f 338 3522 1113
f 2631 190 1647
f 2631 1647 3522
f 3522 1647 3
f 3522 3 1088
f 1113 3522 1088
f 1113 1088 1
f 336 2842 3523
f 336 3523 3183
f 2842 303 2924
f 2842 2924 3523
f 3523 2924 191
f 3523 191 2919
f 3183 3523 2919
f 3183 2919 192
f 336 2487 3524
f 336 3524 2842
f 2487 334 2488
f 2487 2488 3524
f 3524 2488 339
f 3524 339 2800
f 2842 3524 2800
f 2842 2800 303
f 339 2488 3525
f 339 3525 1781
f 2488 334 1954
f 2488 1954 3525
f 3525 1954 332
f 3525 332 1955
f 1781 3525 1955
f 1781 1955 340
f 299 1722 3526
f 299 3526 1723
f 1722 339 1781
f 1722 1781 3526
f 3526 1781 340
f 3526 340 2012
f 1723 3526 2012
f 1723 2012 341
f 339 1722 3527
f 339 3527 2800
f 1722 299 1719
f 1722 1719 3527
f 3527 1719 300
f 3527 300 1953
f 2800 3527 1953
f 2800 1953 303
f 299 1723 3528
f 299 3528 2730
f 1723 341 2420
f 1723 2420 3528
f 3528 2420 294
f 3528 294 2415
f 2730 3528 2415
f 2730 2415 295
f 294 2420 3529
f 294 3529 2421
f 2420 341 2298
f 2420 2298 3529
f 3529 2298 343
f 3529 343 2559
f 2421 3529 2559
f 2421 2559 342
f 294 2421 3530
f 294 3530 1886
f 2421 342 2560
f 2421 2560 3530
f 3530 2560 344
f 3530 344 1890
f 1886 3530 1890
f 1886 1890 292
f 344 2560 3531
f 344 3531 3115
f 2560 342 2561
f 2560 2561 3531
f 3531 2561 346
f 3531 346 1305
f 3115 3531 1305
f 3115 1305 345
f 344 3115 3532
f 344 3532 2928
f 3115 345 1306
f 3115 1306 3532
f 3532 1306 347
f 3532 347 2929
f 2928 3532 2929
f 2928 2929 287
f 344 2928 3533
f 344 3533 1890
f 2928 287 2923
f 2928 2923 3533
f 3533 2923 288
f 3533 288 3182
f 1890 3533 3182
f 1890 3182 292
f 347 1306 3534
f 347 3534 1842
f 1306 345 1307
f 1306 1307 3534
f 3534 1307 349
f 3534 349 2085
f 1842 3534 2085
f 1842 2085 348
f 347 1842 3535
f 347 3535 1552
f 1842 348 2086
f 1842 2086 3535
f 3535 2086 350
f 3535 350 1553
f 1552 3535 1553
f 1552 1553 282
f 347 1552 3536
f 347 3536 2929
f 1552 282 1551
f 1552 1551 3536
f 3536 1551 283
f 3536 283 1839
f 2929 3536 1839
f 2929 1839 287
f 350 2086 3537
f 350 3537 2632
f 2086 348 2087
f 2086 2087 3537
f 3537 2087 352
f 3537 352 2930
f 2632 3537 2930
f 2632 2930 351
f 350 2632 3538
f 350 3538 2299
f 2632 351 2931
f 2632 2931 3538
f 3538 2931 353
f 3538 353 2300
f 2299 3538 2300
f 2299 2300 277
f 350 2299 3539
f 350 3539 1553
f 2299 277 2297
f 2299 2297 3539
f 3539 2297 278
f 3539 278 2556
f 1553 3539 2556
f 1553 2556 282
f 353 2931 3540
f 353 3540 1114
f 2931 351 2932
f 2931 2932 3540
f 3540 2932 355
f 3540 355 1357
f 1114 3540 1357
f 1114 1357 354
f 272 3044 3541
f 272 3541 3045
f 3044 353 1114
f 3044 1114 3541
f 3541 1114 354
f 3541 354 1358
f 3045 3541 1358
f 3045 1358 356
f 353 3044 3542
f 353 3542 2300
f 3044 272 3041
f 3044 3041 3542
f 3542 3041 273
f 3542 273 1235
f 2300 3542 1235
f 2300 1235 277
f 272 3045 3543
f 272 3543 1952
f 3045 356 1724
f 3045 1724 3543
f 3543 1724 267
f 3543 267 1718
f 1952 3543 1718
f 1952 1718 268
f 267 1724 3544
f 267 3544 1725
f 1724 356 1891
f 1724 1891 3544
f 3544 1891 358
f 3544 358 2165
f 1725 3544 2165
f 1725 2165 357
f 267 1725 3545
f 267 3545 1172
f 1725 357 2166
f 1725 2166 3545
f 3545 2166 359
f 3545 359 1175
f 1172 3545 1175
f 1172 1175 265
f 359 2166 3546
f 359 3546 2731
f 2166 357 2167
f 2166 2167 3546
f 3546 2167 361
f 3546 361 2981
f 2731 3546 2981
f 2731 2981 360
f 359 2731 3547
f 359 3547 1892
f 2731 360 2982
f 2731 2982 3547
f 3547 2982 362
f 3547 362 1893
f 1892 3547 1893
f 1892 1893 260
f 359 1892 3548
f 359 3548 1175
f 1892 260 1884
f 1892 1884 3548
f 3548 1884 261
f 3548 261 2161
f 1175 3548 2161
f 1175 2161 265
f 362 2982 3549
f 362 3549 1428
f 2982 360 2983
f 2982 2983 3549
f 3549 2983 364
f 3549 364 1726
f 1428 3549 1726
f 1428 1726 363
f 362 1428 3550
f 362 3550 2933
f 1428 363 1727
f 1428 1727 3550
f 3550 1727 365
f 3550 365 2934
f 2933 3550 2934
f 2933 2934 255
f 362 2933 3551
f 362 3551 1893
f 2933 255 2922
f 2933 2922 3551
f 3551 2922 256
f 3551 256 3180
f 1893 3551 3180
f 1893 3180 260
f 365 1727 3552
f 365 3552 2237
f 1727 363 1728
f 1727 1728 3552
f 3552 1728 367
f 3552 367 2489
f 2237 3552 2489
f 2237 2489 366
f 365 2237 3553
f 365 3553 1554
f 2237 366 2490
f 2237 2490 3553
f 3553 2490 368
f 3553 368 1555
f 1554 3553 1555
f 1554 1555 250
f 365 1554 3554
f 365 3554 2934
f 1554 250 1582
f 1554 1582 3554
f 3554 1582 251
f 3554 251 1837
f 2934 3554 1837
f 2934 1837 255
f 368 2490 3555
f 368 3555 3046
f 2490 366 2491
f 2490 2491 3555
f 3555 2491 370
f 3555 370 1238
f 3046 3555 1238
f 3046 1238 369
f 368 3046 3556
f 368 3556 2301
f 3046 369 1239
f 3046 1239 3556
f 3556 1239 371
f 3556 371 2302
f 2301 3556 2302
f 2301 2302 245
f 368 2301 3557
f 368 3557 1555
f 2301 245 2296
f 2301 2296 3557
f 3557 2296 246
f 3557 246 2588
f 1555 3557 2588
f 1555 2588 250
f 371 1239 3558
f 371 3558 1782
f 1239 369 1240
f 1239 1240 3558
f 3558 1240 373
f 3558 373 2013
f 1782 3558 2013
f 1782 2013 372
f 371 1782 3559
f 371 3559 1347
f 1782 372 2014
f 1782 2014 3559
f 3559 2014 374
f 3559 374 1241
f 1347 3559 1241
f 1347 1241 241
f 371 1347 3560
f 371 3560 2302
f 1347 241 1232
f 1347 1232 3560
f 3560 1232 242
f 3560 242 1517
f 2302 3560 1517
f 2302 1517 245
f 374 2014 3561
f 374 3561 2562
f 2014 372 2015
f 2014 2015 3561
f 3561 2015 376
f 3561 376 2864
f 2562 3561 2864
f 2562 2864 375
f 238 2492 3562
f 238 3562 2493
f 2492 374 2562
f 2492 2562 3562
f 3562 2562 375
f 3562 375 2865
f 2493 3562 2865
f 2493 2865 377
f 374 2492 3563
f 374 3563 1241
f 2492 238 2513
f 2492 2513 3563
f 3563 2513 239
f 3563 239 2793
f 1241 3563 2793
f 1241 2793 241
f 238 2493 3564
f 238 3564 2446
f 2493 377 2168
f 2493 2168 3564
f 3564 2168 197
f 3564 197 2157
f 2446 3564 2157
f 2446 2157 198
f 377 2865 3565
f 377 3565 1308
f 2865 375 2866
f 2865 2866 3565
f 3565 2866 379
f 3565 379 1556
f 1308 3565 1556
f 1308 1556 378
f 377 1308 3566
f 377 3566 2168
f 1308 378 1557
f 1308 1557 3566
f 3566 1557 380
f 3566 380 2169
f 2168 3566 2169
f 2168 2169 197
f 380 1557 3567
f 380 3567 2088
f 1557 378 1558
f 1557 1558 3567
f 3567 1558 382
f 3567 382 2365
f 2088 3567 2365
f 2088 2365 381
f 383 2089 3568
f 383 3568 2935
f 2089 380 2088
f 2089 2088 3568
f 3568 2088 381
f 3568 381 2366
f 2935 3568 2366
f 2935 2366 384
f 380 2089 3569
f 380 3569 2169
f 2089 383 2984
f 2089 2984 3569
f 3569 2984 200
f 3569 200 2158
f 2169 3569 2158
f 2169 2158 197
f 385 1115 3570
f 385 3570 3185
f 1115 386 2936
f 1115 2936 3570
f 3570 2936 383
f 3570 383 2935
f 3185 3570 2935
f 3185 2935 384
f 383 2936 3571
f 383 3571 2984
f 2936 386 1429
f 2936 1429 3571
f 3571 1429 202
f 3571 202 3005
f 2984 3571 3005
f 2984 3005 200
f 385 3185 3572
f 385 3572 1116
f 3185 384 3186
f 3185 3186 3572
f 3572 3186 388
f 3572 388 1658
f 1116 3572 1658
f 1116 1658 387
f 387 1658 3573
f 387 3573 1659
f 1658 388 1894
f 1658 1894 3573
f 3573 1894 390
f 3573 390 2170
f 1659 3573 2170
f 1659 2170 389
f 389 2170 3574
f 389 3574 2171
f 2170 390 2422
f 2170 2422 3574
f 3574 2422 392
f 3574 392 2732
f 2171 3574 2732
f 2171 2732 391
f 391 2732 3575
f 391 3575 2733
f 2732 392 2985
f 2732 2985 3575
f 3575 2985 394
f 3575 394 1176
f 2733 3575 1176
f 2733 1176 393
f 395 1177 3576
f 395 3576 1729
f 1177 393 1176
f 1177 1176 3576
f 3576 1176 394
f 3576 394 1430
f 1729 3576 1430
f 1729 1430 396
f 395 1729 3577
f 395 3577 2016
f 1729 396 1783
f 1729 1783 3577
f 3577 1783 211
f 3577 211 1777
f 2016 3577 1777
f 2016 1777 212
f 396 1956 3578
f 396 3578 1783
f 1956 397 1493
f 1956 1493 3578
f 3578 1493 210
f 3578 210 1515
f 1783 3578 1515
f 1783 1515 211
f 397 1956 3579
f 397 3579 2238
f 1956 396 1430
f 1956 1430 3579
f 3579 1430 394
f 3579 394 1431
f 2238 3579 1431
f 2238 1431 398
f 399 2239 3580
f 399 3580 2801
f 2239 397 2238
f 2239 2238 3580
f 3580 2238 398
f 3580 398 2494
f 2801 3580 2494
f 2801 2494 400
f 399 2801 3581
f 399 3581 2802
f 2801 400 3047
f 2801 3047 3581
f 3581 3047 402
f 3581 402 1242
f 2802 3581 1242
f 2802 1242 401
f 400 2494 3582
f 400 3582 3048
f 2494 398 2495
f 2494 2495 3582
f 3582 2495 404
f 3582 404 1784
f 3048 3582 1784
f 3048 1784 403
f 400 3048 3583
f 400 3583 3047
f 3048 403 1785
f 3048 1785 3583
f 3583 1785 405
f 3583 405 1494
f 3047 3583 1494
f 3047 1494 402
f 405 2303 3584
f 405 3584 1494
f 2303 407 2563
f 2303 2563 3584
f 3584 2563 406
f 3584 406 1495
f 1494 3584 1495
f 1494 1495 402
f 405 1785 3585
f 405 3585 2304
f 1785 403 1786
f 1785 1786 3585
f 3585 1786 409
f 3585 409 3116
f 2304 3585 3116
f 2304 3116 408
f 405 2304 3586
f 405 3586 2303
f 2304 408 3117
f 2304 3117 3586
f 3586 3117 410
f 3586 410 2867
f 2303 3586 2867
f 2303 2867 407
f 410 1559 3587
f 410 3587 2867
f 1559 412 1843
f 1559 1843 3587
f 3587 1843 411
f 3587 411 2868
f 2867 3587 2868
f 2867 2868 407
f 410 3117 3588
f 410 3588 1560
f 3117 408 3118
f 3117 3118 3588
f 3588 3118 414
f 3588 414 2368
f 1560 3588 2368
f 1560 2368 413
f 410 1560 3589
f 410 3589 1559
f 1560 413 2369
f 1560 2369 3589
f 3589 2369 415
f 3589 415 2090
f 1559 3589 2090
f 1559 2090 412
f 415 2937 3590
f 415 3590 2090
f 2937 417 3187
f 2937 3187 3590
f 3590 3187 416
f 3590 416 2091
f 2090 3590 2091
f 2090 2091 412
f 415 2369 3591
f 415 3591 2938
f 2369 413 2370
f 2369 2370 3591
f 3591 2370 419
f 3591 419 1361
f 2938 3591 1361
f 2938 1361 418
f 415 2938 3592
f 415 3592 2937
f 2938 418 1362
f 2938 1362 3592
f 3592 1362 420
f 3592 420 1117
f 2937 3592 1117
f 2937 1117 417
f 420 1895 3593
f 420 3593 1117
f 1895 422 2172
f 1895 2172 3593
f 3593 2172 421
f 3593 421 1118
f 1117 3593 1118
f 1117 1118 417
f 420 1362 3594
f 420 3594 1896
f 1362 418 1363
f 1362 1363 3594
f 3594 1363 424
f 3594 424 2736
f 1896 3594 2736
f 1896 2736 423
f 422 1895 3595
f 422 3595 2423
f 1895 420 1896
f 1895 1896 3595
f 3595 1896 423
f 3595 423 2737
f 2423 3595 2737
f 2423 2737 425
f 426 2424 3596
f 426 3596 1432
f 2424 422 2423
f 2424 2423 3596
f 3596 2423 425
f 3596 425 1178
f 1432 3596 1178
f 1432 1178 427
f 426 1432 3597
f 426 3597 1433
f 1432 427 1730
f 1432 1730 3597
f 3597 1730 429
f 3597 429 1957
f 1433 3597 1957
f 1433 1957 428
f 427 1178 3598
f 427 3598 1731
f 1178 425 1179
f 1178 1179 3598
f 3598 1179 431
f 3598 431 2496
f 1731 3598 2496
f 1731 2496 430
f 427 1731 3599
f 427 3599 1730
f 1731 430 2497
f 1731 2497 3599
f 3599 2497 432
f 3599 432 2240
f 1730 3599 2240
f 1730 2240 429
f 432 3050 3600
f 432 3600 2240
f 3050 434 1243
f 3050 1243 3600
f 3600 1243 433
f 3600 433 2241
f 2240 3600 2241
f 2240 2241 429
f 432 2497 3601
f 432 3601 3051
f 2497 430 2498
f 2497 2498 3601
f 3601 2498 436
f 3601 436 1787
f 3051 3601 1787
f 3051 1787 435
f 434 3050 3602
f 434 3602 1496
f 3050 432 3051
f 3050 3051 3602
f 3602 3051 435
f 3602 435 1788
f 1496 3602 1788
f 1496 1788 437
f 438 1497 3603
f 438 3603 2564
f 1497 434 1496
f 1497 1496 3603
f 3603 1496 437
f 3603 437 2305
f 2564 3603 2305
f 2564 2305 439
f 438 2564 3604
f 438 3604 2565
f 2564 439 2869
f 2564 2869 3604
f 3604 2869 441
f 3604 441 3120
f 2565 3604 3120
f 2565 3120 440
f 439 2305 3605
f 439 3605 2870
f 2305 437 2306
f 2305 2306 3605
f 3605 2306 443
f 3605 443 1561
f 2870 3605 1561
f 2870 1561 442
f 439 2870 3606
f 439 3606 2869
f 2870 442 1562
f 2870 1562 3606
f 3606 1562 444
f 3606 444 1309
f 2869 3606 1309
f 2869 1309 441
f 444 2092 3607
f 444 3607 1309
f 2092 446 2373
f 2092 2373 3607
f 3607 2373 445
f 3607 445 1310
f 1309 3607 1310
f 1309 1310 441
f 444 1562 3608
f 444 3608 2093
f 1562 442 1563
f 1562 1563 3608
f 3608 1563 448
f 3608 448 2939
f 2093 3608 2939
f 2093 2939 447
f 444 2093 3609
f 444 3609 2092
f 2093 447 2940
f 2093 2940 3609
f 3609 2940 449
f 3609 449 2633
f 2092 3609 2633
f 2092 2633 446
f 449 1789 3610
f 449 3610 2633
f 1789 307 1236
f 1789 1236 3610
f 3610 1236 305
f 3610 305 1244
f 2633 3610 1244
f 2633 1244 446
f 449 2940 3611
f 449 3611 1120
f 2940 447 2941
f 2940 2941 3611
f 3611 2941 451
f 3611 451 1366
f 1120 3611 1366
f 1120 1366 450
f 449 1120 3612
f 449 3612 1789
f 1120 450 2307
f 1120 2307 3612
f 3612 2307 309
f 3612 309 1780
f 1789 3612 1780
f 1789 1780 307
f 450 1366 3613
f 450 3613 1367
f 1366 451 1660
f 1366 1660 3613
f 3613 1660 453
f 3613 453 1897
f 1367 3613 1897
f 1367 1897 452
f 450 1367 3614
f 450 3614 2307
f 1367 452 1898
f 1367 1898 3614
f 3614 1898 454
f 3614 454 2308
f 2307 3614 2308
f 2307 2308 309
f 454 1311 3615
f 454 3615 2308
f 1311 313 2011
f 1311 2011 3615
f 3615 2011 308
f 3615 308 2009
f 2308 3615 2009
f 2308 2009 309
f 454 1898 3616
f 454 3616 2425
f 1898 452 1899
f 1898 1899 3616
f 3616 1899 456
f 3616 456 2738
f 2425 3616 2738
f 2425 2738 455
f 454 2425 3617
f 454 3617 1311
f 2425 455 2094
f 2425 2094 3617
f 3617 2094 316
f 3617 316 1304
f 1311 3617 1304
f 1311 1304 313
f 455 2738 3618
f 455 3618 2739
f 2738 456 2987
f 2738 2987 3618
f 3618 2987 458
f 3618 458 1182
f 2739 3618 1182
f 2739 1182 457
f 455 2739 3619
f 455 3619 2094
f 2739 457 2634
f 2739 2634 3619
f 3619 2634 318
f 3619 318 2084
f 2094 3619 2084
f 2094 2084 316
f 457 1182 3620
f 457 3620 1183
f 1182 458 3188
f 1182 3188 3620
f 3620 3188 352
f 3620 352 3189
f 1183 3620 3189
f 1183 3189 459
f 318 2634 3621
f 318 3621 2630
f 2634 457 1183
f 2634 1183 3621
f 3621 1183 459
f 3621 459 2955
f 2630 3621 2955
f 2630 2955 320
f 459 3189 3622
f 459 3622 2374
f 3189 352 2087
f 3189 2087 3622
f 3622 2087 348
f 3622 348 2085
f 2374 3622 2085
f 2374 2085 349
f 459 2374 3623
f 459 3623 2955
f 2374 349 2375
f 2374 2375 3623
f 3623 2375 460
f 3623 460 3190
f 2955 3623 3190
f 2955 3190 320
f 460 1368 3624
f 460 3624 3190
f 1368 322 2927
f 1368 2927 3624
f 3624 2927 319
f 3624 319 2926
f 3190 3624 2926
f 3190 2926 320
f 460 2375 3625
f 460 3625 1564
f 2375 349 1307
f 2375 1307 3625
f 3625 1307 345
f 3625 345 1305
f 1564 3625 1305
f 1564 1305 346
f 460 1564 3626
f 460 3626 1368
f 1564 346 1565
f 1564 1565 3626
f 3626 1565 461
f 3626 461 1369
f 1368 3626 1369
f 1368 1369 322
f 461 2740 3627
f 461 3627 1369
f 2740 327 1112
f 2740 1112 3627
f 3627 1112 321
f 3627 321 1110
f 1369 3627 1110
f 1369 1110 322
f 461 1565 3628
f 461 3628 2871
f 1565 346 2561
f 1565 2561 3628
f 3628 2561 342
f 3628 342 2559
f 2871 3628 2559
f 2871 2559 343
f 461 2871 3629
f 461 3629 2740
f 2871 343 2872
f 2871 2872 3629
f 3629 2872 462
f 3629 462 2741
f 2740 3629 2741
f 2740 2741 327
f 462 1434 3630
f 462 3630 2741
f 1434 330 2419
f 1434 2419 3630
f 3630 2419 326
f 3630 326 2417
f 2741 3630 2417
f 2741 2417 327
f 462 2872 3631
f 462 3631 2017
f 2872 343 2298
f 2872 2298 3631
f 3631 2298 341
f 3631 341 2012
f 2017 3631 2012
f 2017 2012 340
f 462 2017 3632
f 462 3632 1434
f 2017 340 1955
f 2017 1955 3632
f 3632 1955 332
f 3632 332 1427
f 1434 3632 1427
f 1434 1427 330
f 458 1661 3633
f 458 3633 3188
f 1661 355 2932
f 1661 2932 3633
f 3633 2932 351
f 3633 351 2930
f 3188 3633 2930
f 3188 2930 352
f 355 1661 3634
f 355 3634 1662
f 1661 458 2987
f 1661 2987 3634
f 3634 2987 456
f 3634 456 2988
f 1662 3634 2988
f 1662 2988 463
f 355 1662 3635
f 355 3635 1357
f 1662 463 2803
f 1662 2803 3635
f 3635 2803 464
f 3635 464 1370
f 1357 3635 1370
f 1357 1370 354
f 464 2803 3636
f 464 3636 3052
f 2803 463 2173
f 2803 2173 3636
f 3636 2173 453
f 3636 453 2174
f 3052 3636 2174
f 3052 2174 465
f 464 3052 3637
f 464 3637 2426
f 3052 465 1245
f 3052 1245 3637
f 3637 1245 466
f 3637 466 2427
f 2426 3637 2427
f 2426 2427 358
f 464 2426 3638
f 464 3638 1370
f 2426 358 1891
f 2426 1891 3638
f 3638 1891 356
f 3638 356 1358
f 1370 3638 1358
f 1370 1358 354
f 466 1245 3639
f 466 3639 1498
f 1245 465 1246
f 1245 1246 3639
f 3639 1246 468
f 3639 468 1790
f 1498 3639 1790
f 1498 1790 467
f 466 1498 3640
f 466 3640 1184
f 1498 467 1791
f 1498 1791 3640
f 3640 1791 469
f 3640 469 1185
f 1184 3640 1185
f 1184 1185 361
f 466 1184 3641
f 466 3641 2427
f 1184 361 2167
f 1184 2167 3641
f 3641 2167 357
f 3641 357 2165
f 2427 3641 2165
f 2427 2165 358
f 469 1791 3642
f 469 3642 2309
f 1791 467 1792
f 1791 1792 3642
f 3642 1792 471
f 3642 471 2566
f 2309 3642 2566
f 2309 2566 470
f 469 2309 3643
f 469 3643 1958
f 2309 470 2567
f 2309 2567 3643
f 3643 2567 472
f 3643 472 1959
f 1958 3643 1959
f 1958 1959 364
f 469 1958 3644
f 469 3644 1185
f 1958 364 2983
f 1958 2983 3644
f 3644 2983 360
f 3644 360 2981
f 1185 3644 2981
f 1185 2981 361
f 472 2567 3645
f 472 3645 3121
f 2567 470 2568
f 2567 2568 3645
f 3645 2568 474
f 3645 474 1312
f 3121 3645 1312
f 3121 1312 473
f 472 3121 3646
f 472 3646 2804
f 3121 473 1313
f 3121 1313 3646
f 3646 1313 475
f 3646 475 2805
f 2804 3646 2805
f 2804 2805 367
f 472 2804 3647
f 472 3647 1959
f 2804 367 1728
f 2804 1728 3647
f 3647 1728 363
f 3647 363 1726
f 1959 3647 1726
f 1959 1726 364
f 475 1313 3648
f 475 3648 1846
f 1313 473 2018
f 1313 2018 3648
f 3648 2018 436
f 3648 436 2019
f 1846 3648 2019
f 1846 2019 476
f 475 1846 3649
f 475 3649 1499
f 1846 476 2095
f 1846 2095 3649
f 3649 2095 477
f 3649 477 1500
f 1499 3649 1500
f 1499 1500 370
f 475 1499 3650
f 475 3650 2805
f 1499 370 2491
f 1499 2491 3650
f 3650 2491 366
f 3650 366 2489
f 2805 3650 2489
f 2805 2489 367
f 477 2095 3651
f 477 3651 2376
f 2095 476 2806
f 2095 2806 3651
f 3651 2806 431
f 3651 431 2807
f 2376 3651 2807
f 2376 2807 478
f 373 2310 3652
f 373 3652 2311
f 2310 477 2376
f 2310 2376 3652
f 3652 2376 478
f 3652 478 2635
f 2311 3652 2635
f 2311 2635 479
f 477 2310 3653
f 477 3653 1500
f 2310 373 1240
f 2310 1240 3653
f 3653 1240 369
f 3653 369 1238
f 1500 3653 1238
f 1500 1238 370
f 373 2311 3654
f 373 3654 2013
f 2311 479 3122
f 2311 3122 3654
f 3654 3122 376
f 3654 376 2015
f 2013 3654 2015
f 2013 2015 372
f 376 3122 3655
f 376 3655 3123
f 3122 479 2989
f 3122 2989 3655
f 3655 2989 424
f 3655 424 2990
f 3123 3655 2990
f 3123 2990 480
f 376 3123 3656
f 376 3656 2864
f 3123 480 1847
f 3123 1847 3656
f 3656 1847 379
f 3656 379 2866
f 2864 3656 2866
f 2864 2866 375
f 480 2990 3657
f 480 3657 1664
f 2990 424 1363
f 2990 1363 3657
f 3657 1363 418
f 3657 418 1361
f 1664 3657 1361
f 1664 1361 419
f 379 1847 3658
f 379 3658 1848
f 1847 480 1664
f 1847 1664 3658
f 3658 1664 419
f 3658 419 1665
f 1848 3658 1665
f 1848 1665 481
f 379 1848 3659
f 379 3659 1556
f 1848 481 2636
f 1848 2636 3659
f 3659 2636 382
f 3659 382 1558
f 1556 3659 1558
f 1556 1558 378
f 382 2636 3660
f 382 3660 2637
f 2636 481 2643
f 2636 2643 3660
f 3660 2643 414
f 3660 414 2644
f 2637 3660 2644
f 2637 2644 482
f 382 2637 3661
f 382 3661 2365
f 2637 482 1371
f 2637 1371 3661
f 3661 1371 483
f 3661 483 2377
f 2365 3661 2377
f 2365 2377 381
f 381 2377 3662
f 381 3662 2366
f 2377 483 1900
f 2377 1900 3662
f 3662 1900 388
f 3662 388 3186
f 2366 3662 3186
f 2366 3186 384
f 483 1371 3663
f 483 3663 1666
f 1371 482 1314
f 1371 1314 3663
f 3663 1314 409
f 3663 409 1315
f 1666 3663 1315
f 1666 1315 484
f 483 1666 3664
f 483 3664 1900
f 1666 484 2428
f 1666 2428 3664
f 3664 2428 390
f 3664 390 1894
f 1900 3664 1894
f 1900 1894 388
f 484 1315 3665
f 484 3665 2020
f 1315 409 1786
f 1315 1786 3665
f 3665 1786 403
f 3665 403 1784
f 2020 3665 1784
f 2020 1784 404
f 484 2020 3666
f 484 3666 2428
f 2020 404 2986
f 2020 2986 3666
f 3666 2986 392
f 3666 392 2422
f 2428 3666 2422
f 2428 2422 390
f 482 2644 3667
f 482 3667 1314
f 2644 414 3118
f 2644 3118 3667
f 3667 3118 408
f 3667 408 3116
f 1314 3667 3116
f 1314 3116 409
f 481 1665 3668
f 481 3668 2643
f 1665 419 2370
f 1665 2370 3668
f 3668 2370 413
f 3668 413 2368
f 2643 3668 2368
f 2643 2368 414
f 424 2989 3669
f 424 3669 2736
f 2989 479 2635
f 2989 2635 3669
f 3669 2635 478
f 3669 478 2742
f 2736 3669 2742
f 2736 2742 423
f 478 2807 3670
f 478 3670 2742
f 2807 431 1179
f 2807 1179 3670
f 3670 1179 425
f 3670 425 2737
f 2742 3670 2737
f 2742 2737 423
f 430 2496 3671
f 430 3671 2498
f 2496 431 2806
f 2496 2806 3671
f 3671 2806 476
f 3671 476 2019
f 2498 3671 2019
f 2498 2019 436
f 436 2018 3672
f 436 3672 1787
f 2018 473 1312
f 2018 1312 3672
f 3672 1312 474
f 3672 474 1793
f 1787 3672 1793
f 1787 1793 435
f 474 1845 3673
f 474 3673 1793
f 1845 443 2306
f 1845 2306 3673
f 3673 2306 437
f 3673 437 1788
f 1793 3673 1788
f 1793 1788 435
f 474 2568 3674
f 474 3674 1845
f 2568 470 2566
f 2568 2566 3674
f 3674 2566 471
f 3674 471 1844
f 1845 3674 1844
f 1845 1844 443
f 471 3192 3675
f 471 3675 1844
f 3192 448 1563
f 3192 1563 3675
f 3675 1563 442
f 3675 442 1561
f 1844 3675 1561
f 1844 1561 443
f 471 1792 3676
f 471 3676 3192
f 1792 467 1790
f 1792 1790 3676
f 3676 1790 468
f 3676 468 3191
f 3192 3676 3191
f 3192 3191 448
f 468 1663 3677
f 468 3677 3191
f 1663 451 2941
f 1663 2941 3677
f 3677 2941 447
f 3677 447 2939
f 3191 3677 2939
f 3191 2939 448
f 468 1246 3678
f 468 3678 1663
f 1246 465 2174
f 1246 2174 3678
f 3678 2174 453
f 3678 453 1660
f 1663 3678 1660
f 1663 1660 451
f 463 2988 3679
f 463 3679 2173
f 2988 456 1899
f 2988 1899 3679
f 3679 1899 452
f 3679 452 1897
f 2173 3679 1897
f 2173 1897 453
f 445 2499 3680
f 445 3680 1181
f 2499 302 2979
f 2499 2979 3680
f 3680 2979 296
f 3680 296 2977
f 1181 3680 2977
f 1181 2977 297
f 441 1310 3681
f 441 3681 3120
f 1310 445 1181
f 1310 1181 3681
f 3681 1181 297
f 3681 297 1180
f 3120 3681 1180
f 3120 1180 440
f 445 2373 3682
f 445 3682 2499
f 2373 446 1244
f 2373 1244 3682
f 3682 1244 305
f 3682 305 2484
f 2499 3682 2484
f 2499 2484 302
f 440 1180 3683
f 440 3683 1119
f 1180 297 1654
f 1180 1654 3683
f 3683 1654 291
f 3683 291 1108
f 1119 3683 1108
f 1119 1108 289
f 440 1119 3684
f 440 3684 2565
f 1119 289 1107
f 1119 1107 3684
f 3684 1107 290
f 3684 290 1365
f 2565 3684 1365
f 2565 1365 438
f 433 1364 3685
f 433 3685 2372
f 1364 290 2082
f 1364 2082 3685
f 3685 2082 284
f 3685 284 2080
f 2372 3685 2080
f 2372 2080 285
f 290 1364 3686
f 290 3686 1365
f 1364 433 1243
f 1364 1243 3686
f 3686 1243 434
f 3686 434 1497
f 1365 3686 1497
f 1365 1497 438
f 433 2372 3687
f 433 3687 2241
f 2372 285 2371
f 2372 2371 3687
f 3687 2371 428
f 3687 428 1957
f 2241 3687 1957
f 2241 1957 429
f 428 2371 3688
f 428 3688 3119
f 2371 285 2862
f 2371 2862 3688
f 3688 2862 279
f 3688 279 2860
f 3119 3688 2860
f 3119 2860 280
f 428 3119 3689
f 428 3689 1433
f 3119 280 3124
f 3119 3124 3689
f 3689 3124 485
f 3689 485 1435
f 1433 3689 1435
f 1433 1435 426
f 485 3124 3690
f 485 3690 1794
f 3124 280 1490
f 3124 1490 3690
f 3690 1490 274
f 3690 274 1488
f 1794 3690 1488
f 1794 1488 275
f 485 1794 3691
f 485 3691 2175
f 1794 275 1795
f 1794 1795 3691
f 3691 1795 486
f 3691 486 2176
f 2175 3691 2176
f 2175 2176 421
f 485 2175 3692
f 485 3692 1435
f 2175 421 2172
f 2175 2172 3692
f 3692 2172 422
f 3692 422 2424
f 1435 3692 2424
f 1435 2424 426
f 486 1795 3693
f 486 3693 2500
f 1795 275 2230
f 1795 2230 3693
f 3693 2230 269
f 3693 269 2228
f 2500 3693 2228
f 2500 2228 270
f 486 2500 3694
f 486 3694 3193
f 2500 270 2501
f 2500 2501 3694
f 3694 2501 487
f 3694 487 3194
f 3193 3694 3194
f 3193 3194 416
f 486 3193 3695
f 486 3695 2176
f 3193 416 3187
f 3193 3187 3695
f 3695 3187 417
f 3695 417 1118
f 2176 3695 1118
f 2176 1118 421
f 487 2501 3696
f 487 3696 2429
f 2501 270 2976
f 2501 2976 3696
f 3696 2976 264
f 3696 264 2414
f 2429 3696 2414
f 2429 2414 262
f 487 2429 3697
f 487 3697 1849
f 2429 262 2413
f 2429 2413 3697
f 3697 2413 263
f 3697 263 2735
f 1849 3697 2735
f 1849 2735 411
f 487 1849 3698
f 487 3698 3194
f 1849 411 1843
f 1849 1843 3698
f 3698 1843 412
f 3698 412 2091
f 3194 3698 2091
f 3194 2091 416
f 406 2734 3699
f 406 3699 1360
f 2734 263 1106
f 2734 1106 3699
f 3699 1106 257
f 3699 257 1104
f 1360 3699 1104
f 1360 1104 258
f 263 2734 3700
f 263 3700 2735
f 2734 406 2563
f 2734 2563 3700
f 3700 2563 407
f 3700 407 2868
f 2735 3700 2868
f 2735 2868 411
f 406 1360 3701
f 406 3701 1495
f 1360 258 1359
f 1360 1359 3701
f 3701 1359 401
f 3701 401 1242
f 1495 3701 1242
f 1495 1242 402
f 401 1359 3702
f 401 3702 2367
f 1359 258 2079
f 1359 2079 3702
f 3702 2079 252
f 3702 252 2110
f 2367 3702 2110
f 2367 2110 253
f 401 2367 3703
f 401 3703 2802
f 2367 253 2378
f 2367 2378 3703
f 3703 2378 488
f 3703 488 2808
f 2802 3703 2808
f 2802 2808 399
f 488 2378 3704
f 488 3704 3125
f 2378 253 2859
f 2378 2859 3704
f 3704 2859 247
f 3704 247 2857
f 3125 3704 2857
f 3125 2857 248
f 488 3125 3705
f 488 3705 1501
f 3125 248 1233
f 3125 1233 3705
f 3705 1233 209
f 3705 209 1230
f 1501 3705 1230
f 1501 1230 210
f 488 1501 3706
f 488 3706 2808
f 1501 210 1493
f 1501 1493 3706
f 3706 1493 397
f 3706 397 2239
f 2808 3706 2239
f 2808 2239 399
f 404 2495 3707
f 404 3707 2986
f 2495 398 1431
f 2495 1431 3707
f 3707 1431 394
f 3707 394 2985
f 2986 3707 2985
f 2986 2985 392
f 38 1903 3708
f 38 3708 2416
f 1903 36 1910
f 1903 1910 3708
f 3708 1910 195
f 3708 195 1655
f 2416 3708 1655
f 2416 1655 311
f 248 1779 3709
f 248 3709 1233
f 1779 243 2856
f 1779 2856 3709
f 3709 2856 215
f 3709 215 1231
f 1233 3709 1231
f 1233 1231 209
f 234 1103 3710
f 234 3710 1299
f 1103 225 2921
f 1103 2921 3710
f 3710 2921 223
f 3710 223 1298
f 1299 3710 1298
f 1299 1298 217
f 223 2109 3711
f 223 3711 1298
f 2109 220 3140
f 2109 3140 3711
f 3711 3140 216
f 3711 216 3138
f 1298 3711 3138
f 1298 3138 217
f 489 1187 3712
f 489 3712 1186
f 1187 492 1732
f 1187 1732 3712
f 3712 1732 491
f 3712 491 1436
f 1186 3712 1436
f 1186 1436 490
f 492 1187 3713
f 492 3713 1960
f 1187 489 1188
f 1187 1188 3713
f 3713 1188 494
f 3713 494 2242
f 1960 3713 2242
f 1960 2242 493
f 492 1961 3714
f 492 3714 1732
f 1961 496 2809
f 1961 2809 3714
f 3714 2809 495
f 3714 495 1733
f 1732 3714 1733
f 1732 1733 491
f 497 1248 3715
f 497 3715 1247
f 501 2021 3715
f 501 3715 1248
f 500 1796 3715
f 500 3715 2021
f 499 1502 3715
f 499 3715 1796
f 498 1247 3715
f 498 3715 1502
f 502 2312 3716
f 502 3716 2569
f 501 1248 3716
f 501 3716 2312
f 497 1249 3716
f 497 3716 1248
f 504 2873 3716
f 504 3716 1249
f 503 2569 3716
f 503 3716 2873
f 497 1247 3717
f 497 3717 1249
f 1247 498 1503
f 1247 1503 3717
f 3717 1503 505
f 3717 505 3126
f 1249 3717 3126
f 1249 3126 504
f 506 1567 3718
f 506 3718 1566
f 511 2638 3718
f 511 3718 1567
f 510 2379 3718
f 510 3718 2638
f 509 2096 3718
f 509 3718 2379
f 508 1851 3718
f 508 3718 2096
f 507 1566 3718
f 507 3718 1851
f 512 3164 3719
f 512 3719 3163
f 514 1121 3719
f 514 3719 3164
f 513 3163 3719
f 513 3719 1121
f 509 2379 3720
f 509 3720 2096
f 510 2661 3720
f 510 3720 2379
f 516 1616 3720
f 516 3720 2661
f 515 2066 3720
f 515 3720 1616
f 508 2096 3720
f 508 3720 2066
f 385 1122 3721
f 385 3721 1115
f 1122 517 1455
f 1122 1455 3721
f 3721 1455 202
f 3721 202 1429
f 1115 3721 1429
f 1115 1429 386
f 385 1116 3722
f 385 3722 1122
f 1116 387 1617
f 1116 1617 3722
f 3722 1617 518
f 3722 518 2177
f 1122 3722 2177
f 1122 2177 517
f 519 2314 3723
f 519 3723 2691
f 2314 213 2295
f 2314 2295 3723
f 3723 2295 218
f 3723 218 1588
f 2691 3723 1588
f 2691 1588 520
f 519 2691 3724
f 519 3724 2692
f 2691 520 2823
f 2691 2823 3724
f 3724 2823 503
f 3724 503 2824
f 2692 3724 2824
f 2692 2824 521
f 519 2692 3725
f 519 3725 2314
f 2692 521 1991
f 2692 1991 3725
f 3725 1991 212
f 3725 212 2033
f 2314 3725 2033
f 2314 2033 213
f 522 1456 3726
f 522 3726 2453
f 1456 523 1868
f 1456 1868 3726
f 3726 1868 228
f 3726 228 1912
f 2453 3726 1912
f 2453 1912 230
f 522 2453 3727
f 522 3727 1457
f 2453 230 2444
f 2453 2444 3727
f 3727 2444 231
f 3727 231 2693
f 1457 3727 2693
f 1457 2693 524
f 522 1457 3728
f 522 3728 1458
f 1457 524 1936
f 1457 1936 3728
f 3728 1936 526
f 3728 526 2243
f 1458 3728 2243
f 1458 2243 525
f 522 1460 3729
f 522 3729 1456
f 1460 528 2755
f 1460 2755 3729
f 3729 2755 527
f 3729 527 1679
f 1456 3729 1679
f 1456 1679 523
f 522 1458 3730
f 522 3730 1460
f 1458 525 2244
f 1458 2244 3730
f 3730 2244 529
f 3730 529 3025
f 1460 3730 3025
f 1460 3025 528
f 526 1936 3731
f 526 3731 2522
f 1936 524 1937
f 1936 1937 3731
f 3731 1937 531
f 3731 531 1525
f 2522 3731 1525
f 2522 1525 530
f 526 2522 3732
f 526 3732 2523
f 2522 530 1526
f 2522 1526 3732
f 3732 1526 533
f 3732 533 1992
f 2523 3732 1992
f 2523 1992 532
f 532 1992 3733
f 532 3733 1993
f 1992 533 2315
f 1992 2315 3733
f 3733 2315 535
f 3733 535 2595
f 1993 3733 2595
f 1993 2595 534
f 534 2595 3734
f 534 3734 1746
f 2595 535 1527
f 2595 1527 3734
f 3734 1527 498
f 3734 498 1502
f 1746 3734 1502
f 1746 1502 499
f 535 2315 3735
f 535 3735 2825
f 2315 533 2316
f 2315 2316 3735
f 3735 2316 537
f 3735 537 3095
f 2825 3735 3095
f 2825 3095 536
f 535 2825 3736
f 535 3736 1527
f 2825 536 1316
f 2825 1316 3736
f 3736 1316 505
f 3736 505 1503
f 1527 3736 1503
f 1527 1503 498
f 536 3095 3737
f 536 3737 3096
f 3095 537 1317
f 3095 1317 3737
f 3737 1317 539
f 3737 539 1589
f 3096 3737 1589
f 3096 1589 538
f 536 3096 3738
f 536 3738 1316
f 3096 538 1590
f 3096 1590 3738
f 3738 1590 540
f 3738 540 1318
f 1316 3738 1318
f 1316 1318 505
f 540 1590 3739
f 540 3739 1190
f 1590 538 2694
f 1590 2694 3739
f 3739 2694 391
f 3739 391 2733
f 1190 3739 2733
f 1190 2733 393
f 540 1190 3740
f 540 3740 2067
f 1190 393 1177
f 1190 1177 3740
f 3740 1177 395
f 3740 395 1680
f 2067 3740 1680
f 2067 1680 541
f 540 2067 3741
f 540 3741 1318
f 2067 541 3097
f 2067 3097 3741
f 3741 3097 504
f 3741 504 3126
f 1318 3741 3126
f 1318 3126 505
f 541 1680 3742
f 541 3742 1191
f 1680 395 2016
f 1680 2016 3742
f 3742 2016 212
f 3742 212 1991
f 1191 3742 1991
f 1191 1991 521
f 541 1191 3743
f 541 3743 3097
f 1191 521 2824
f 1191 2824 3743
f 3743 2824 503
f 3743 503 2873
f 3097 3743 2873
f 3097 2873 504
f 218 1581 3744
f 218 3744 1588
f 1581 219 1810
f 1581 1810 3744
f 3744 1810 542
f 3744 542 2962
f 1588 3744 2962
f 1588 2962 520
f 543 1994 3745
f 543 3745 1618
f 1994 500 2021
f 1994 2021 3745
f 3745 2021 501
f 3745 501 2313
f 1618 3745 2313
f 1618 2313 515
f 542 2596 3746
f 542 3746 2962
f 2596 502 2569
f 2596 2569 3746
f 3746 2569 503
f 3746 503 2823
f 2962 3746 2823
f 2962 2823 520
f 389 2178 3747
f 389 3747 1659
f 2178 539 2454
f 2178 2454 3747
f 3747 2454 518
f 3747 518 1617
f 1659 3747 1617
f 1659 1617 387
f 389 2171 3748
f 389 3748 2178
f 2171 391 2694
f 2171 2694 3748
f 3748 2694 538
f 3748 538 1589
f 2178 3748 1589
f 2178 1589 539
f 539 1317 3749
f 539 3749 2454
f 1317 537 1319
f 1317 1319 3749
f 3749 1319 544
f 3749 544 2455
f 2454 3749 2455
f 2454 2455 518
f 544 1528 3750
f 544 3750 3165
f 1528 530 1525
f 1528 1525 3750
f 3750 1525 531
f 3750 531 1747
f 3165 3750 1747
f 3165 1747 545
f 544 3165 3751
f 544 3751 2455
f 3165 545 2179
f 3165 2179 3751
f 3751 2179 517
f 3751 517 2177
f 2455 3751 2177
f 2455 2177 518
f 544 1319 3752
f 544 3752 1528
f 1319 537 2316
f 1319 2316 3752
f 3752 2316 533
f 3752 533 1526
f 1528 3752 1526
f 1528 1526 530
f 545 1747 3753
f 545 3753 1192
f 1747 531 2030
f 1747 2030 3753
f 3753 2030 204
f 3753 204 1168
f 1192 3753 1168
f 1192 1168 201
f 545 1192 3754
f 545 3754 2179
f 1192 201 1167
f 1192 1167 3754
f 3754 1167 202
f 3754 202 1455
f 2179 3754 1455
f 2179 1455 517
f 204 2030 3755
f 204 3755 1973
f 2030 531 1937
f 2030 1937 3755
f 3755 1937 524
f 3755 524 2693
f 1973 3755 2693
f 1973 2693 231
f 528 3025 3756
f 528 3756 3026
f 3025 529 1250
f 3025 1250 3756
f 3756 1250 547
f 3756 547 1396
f 3026 3756 1396
f 3026 1396 546
f 528 3026 3757
f 528 3757 2755
f 3026 546 1461
f 3026 1461 3757
f 3757 1461 490
f 3757 490 1459
f 2755 3757 1459
f 2755 1459 527
f 546 1396 3758
f 546 3758 1123
f 1396 547 3166
f 1396 3166 3758
f 3758 3166 512
f 3758 512 3163
f 1123 3758 3163
f 1123 3163 513
f 546 1123 3759
f 546 3759 1461
f 1123 513 1189
f 1123 1189 3759
f 3759 1189 489
f 3759 489 1186
f 1461 3759 1186
f 1461 1186 490
f 490 1436 3760
f 490 3760 1459
f 1436 491 1681
f 1436 1681 3760
f 3760 1681 548
f 3760 548 2756
f 1459 3760 2756
f 1459 2756 527
f 549 1869 3761
f 549 3761 2757
f 1869 548 1681
f 1869 1681 3761
f 3761 1681 491
f 3761 491 1733
f 2757 3761 1733
f 2757 1733 495
f 548 1869 3762
f 548 3762 1870
f 1869 549 2180
f 1869 2180 3762
f 3762 2180 551
f 3762 551 2456
f 1870 3762 2456
f 1870 2456 550
f 548 1870 3763
f 548 3763 2756
f 1870 550 1682
f 1870 1682 3763
f 3763 1682 523
f 3763 523 1679
f 2756 3763 1679
f 2756 1679 527
f 550 2456 3764
f 550 3764 1397
f 2456 551 3167
f 2456 3167 3764
f 3764 3167 224
f 3764 224 3204
f 1397 3764 3204
f 1397 3204 226
f 550 1397 3765
f 550 3765 1682
f 1397 226 1386
f 1397 1386 3765
f 3765 1386 228
f 3765 228 1868
f 1682 3765 1868
f 1682 1868 523
f 224 3167 3766
f 224 3766 2654
f 3167 551 2380
f 3167 2380 3766
f 3766 2380 221
f 3766 221 2362
f 2654 3766 2362
f 2654 2362 222
f 221 2380 3767
f 221 3767 2381
f 2380 551 2180
f 2380 2180 3767
f 3767 2180 549
f 3767 549 2181
f 2381 3767 2181
f 2381 2181 552
f 553 2963 3768
f 553 3768 2758
f 2963 552 2181
f 2963 2181 3768
f 3768 2181 549
f 3768 549 2757
f 2758 3768 2757
f 2758 2757 495
f 554 1193 3769
f 554 3769 3027
f 1193 553 2758
f 1193 2758 3769
f 3769 2758 495
f 3769 495 2809
f 3027 3769 2809
f 3027 2809 496
f 555 1684 3770
f 555 3770 1683
f 1684 558 2245
f 1684 2245 3770
f 3770 2245 557
f 3770 557 1938
f 1683 3770 1938
f 1683 1938 556
f 556 1938 3771
f 556 3771 1939
f 1938 557 2246
f 1938 2246 3771
f 3771 2246 560
f 3771 560 2759
f 1939 3771 2759
f 1939 2759 559
f 559 2759 3772
f 559 3772 2760
f 2759 560 3029
f 2759 3029 3772
f 3772 3029 562
f 3772 562 1251
f 2760 3772 1251
f 2760 1251 561
f 563 1252 3773
f 563 3773 1748
f 1252 561 1251
f 1252 1251 3773
f 3773 1251 562
f 3773 562 1529
f 1748 3773 1529
f 1748 1529 564
f 565 1871 3774
f 565 3774 1995
f 1871 516 2661
f 1871 2661 3774
f 3774 2661 510
f 3774 510 2662
f 1995 3774 2662
f 1995 2662 564
f 566 1872 3775
f 566 3775 2597
f 1872 516 1871
f 1872 1871 3775
f 3775 1871 565
f 3775 565 2317
f 2597 3775 2317
f 2597 2317 567
f 568 3099 3776
f 568 3776 3098
f 3099 571 1591
f 3099 1591 3776
f 3776 1591 570
f 3776 570 1320
f 3098 3776 1320
f 3098 1320 569
f 558 2524 3777
f 558 3777 2245
f 2524 572 1592
f 2524 1592 3777
f 3777 1592 570
f 3777 570 2247
f 2245 3777 2247
f 2245 2247 557
f 570 3030 3778
f 570 3778 2247
f 560 2246 3778
f 560 3778 3030
f 557 2247 3778
f 557 3778 2246
f 570 1591 3779
f 570 3779 3030
f 1591 571 1530
f 1591 1530 3779
f 3779 1530 562
f 3779 562 3029
f 3030 3779 3029
f 3030 3029 560
f 513 1121 3780
f 513 3780 1189
f 1121 514 2521
f 1121 2521 3780
f 3780 2521 494
f 3780 494 1188
f 1189 3780 1188
f 1189 1188 489
f 573 2383 3781
f 573 3781 2382
f 2383 576 2891
f 2383 2891 3781
f 3781 2891 575
f 3781 575 2663
f 2382 3781 2663
f 2382 2663 574
f 553 1195 3782
f 553 3782 1194
f 578 1124 3782
f 578 3782 1195
f 577 1194 3782
f 577 3782 1124
f 579 1685 3783
f 579 3783 1619
f 1685 555 1683
f 1685 1683 3783
f 3783 1683 556
f 3783 556 1941
f 1619 3783 1941
f 1619 1941 580
f 581 1620 3784
f 581 3784 2182
f 1620 579 1619
f 1620 1619 3784
f 3784 1619 580
f 3784 580 1873
f 2182 3784 1873
f 2182 1873 582
f 578 1399 3785
f 578 3785 1124
f 1399 584 2695
f 1399 2695 3785
f 3785 2695 583
f 3785 583 1125
f 1124 3785 1125
f 1124 1125 577
f 585 1197 3786
f 585 3786 1196
f 1197 588 1686
f 1197 1686 3786
f 3786 1686 587
f 3786 587 1463
f 1196 3786 1463
f 1196 1463 586
f 552 2964 3787
f 552 3787 2381
f 2964 585 1196
f 2964 1196 3787
f 3787 1196 586
f 3787 586 2384
f 2381 3787 2384
f 2381 2384 221
f 219 1835 3788
f 219 3788 1811
f 1835 221 2384
f 1835 2384 3788
f 3788 2384 586
f 3788 586 1464
f 1811 3788 1464
f 1811 1464 589
f 590 2525 3789
f 590 3789 1593
f 2525 591 2892
f 2525 2892 3789
f 3789 2892 511
f 3789 511 1567
f 1593 3789 1567
f 1593 1567 506
f 511 2892 3790
f 511 3790 2893
f 2892 591 2761
f 2892 2761 3790
f 3790 2761 593
f 3790 593 3031
f 2893 3790 3031
f 2893 3031 592
f 592 3031 3791
f 592 3791 1749
f 3031 593 1253
f 3031 1253 3791
f 3791 1253 594
f 3791 594 1750
f 1749 3791 1750
f 1749 1750 563
f 561 1254 3792
f 561 3792 2760
f 1254 596 1751
f 1254 1751 3792
f 3792 1751 595
f 3792 595 2762
f 2760 3792 2762
f 2760 2762 559
f 559 2762 3793
f 559 3793 1939
f 2762 595 1874
f 2762 1874 3793
f 3793 1874 580
f 3793 580 1941
f 1939 3793 1941
f 1939 1941 556
f 595 1751 3794
f 595 3794 1752
f 1751 596 1996
f 1751 1996 3794
f 3794 1996 598
f 3794 598 2319
f 1752 3794 2319
f 1752 2319 597
f 595 1752 3795
f 595 3795 1874
f 1752 597 2457
f 1752 2457 3795
f 3795 2457 582
f 3795 582 1873
f 1874 3795 1873
f 1874 1873 580
f 582 2457 3796
f 582 3796 2458
f 2457 597 2320
f 2457 2320 3796
f 3796 2320 600
f 3796 600 2827
f 2458 3796 2827
f 2458 2827 599
f 581 2182 3797
f 581 3797 2184
f 2182 582 2458
f 2182 2458 3797
f 3797 2458 599
f 3797 599 2828
f 2184 3797 2828
f 2184 2828 601
f 601 2828 3798
f 601 3798 1321
f 599 2829 3798
f 599 3798 2828
f 604 1812 3798
f 604 3798 2829
f 603 1594 3798
f 603 3798 1812
f 602 1321 3798
f 602 3798 1594
f 605 2386 3799
f 605 3799 2385
f 2386 608 2894
f 2386 2894 3799
f 3799 2894 607
f 3799 607 2664
f 2385 3799 2664
f 2385 2664 606
f 584 2965 3800
f 584 3800 2695
f 2965 605 2385
f 2965 2385 3800
f 3800 2385 606
f 3800 606 2697
f 2695 3800 2697
f 2695 2697 583
f 609 1128 3801
f 609 3801 1127
f 1128 612 1621
f 1128 1621 3801
f 3801 1621 611
f 3801 611 1400
f 1127 3801 1400
f 1127 1400 610
f 588 1942 3802
f 588 3802 1686
f 1942 609 1127
f 1942 1127 3802
f 3802 1127 610
f 3802 610 1688
f 1686 3802 1688
f 1686 1688 587
f 587 1688 3803
f 587 3803 1689
f 1688 610 1401
f 1688 1401 3803
f 3803 1401 614
f 3803 614 2185
f 1689 3803 2185
f 1689 2185 613
f 587 1689 3804
f 587 3804 1463
f 1689 613 2249
f 1689 2249 3804
f 3804 2249 589
f 3804 589 1464
f 1463 3804 1464
f 1463 1464 586
f 589 2249 3805
f 589 3805 2248
f 2249 613 2186
f 2249 2186 3805
f 3805 2186 615
f 3805 615 2526
f 2248 3805 2526
f 2248 2526 590
f 616 2967 3806
f 616 3806 2966
f 2967 619 1465
f 2967 1465 3806
f 3806 1465 618
f 3806 618 1198
f 2966 3806 1198
f 2966 1198 617
f 616 2966 3807
f 616 3807 2763
f 2966 617 1255
f 2966 1255 3807
f 3807 1255 593
f 3807 593 2761
f 2763 3807 2761
f 2763 2761 591
f 620 1199 3808
f 620 3808 1943
f 1199 617 1198
f 1199 1198 3808
f 3808 1198 618
f 3808 618 1466
f 1943 3808 1466
f 1943 1466 621
f 594 1253 3809
f 594 3809 1532
f 1253 593 1255
f 1253 1255 3809
f 3809 1255 617
f 3809 617 1199
f 1532 3809 1199
f 1532 1199 620
f 622 2527 3810
f 622 3810 3100
f 2527 624 2764
f 2527 2764 3810
f 3810 2764 623
f 3810 623 3101
f 3100 3810 3101
f 3100 3101 600
f 622 3100 3811
f 622 3811 2599
f 3100 600 2320
f 3100 2320 3811
f 3811 2320 597
f 3811 597 2319
f 2599 3811 2319
f 2599 2319 598
f 623 2764 3812
f 623 3812 2765
f 2764 624 3032
f 2764 3032 3812
f 3812 3032 626
f 3812 626 1256
f 2765 3812 1256
f 2765 1256 625
f 623 2765 3813
f 623 3813 2068
f 2765 625 1257
f 2765 1257 3813
f 3813 1257 627
f 3813 627 2069
f 2068 3813 2069
f 2068 2069 604
f 623 2068 3814
f 623 3814 3101
f 2068 604 2829
f 2068 2829 3814
f 3814 2829 599
f 3814 599 2827
f 3101 3814 2827
f 3101 2827 600
f 627 1257 3815
f 627 3815 1753
f 1257 625 1258
f 1257 1258 3815
f 3815 1258 629
f 3815 629 1997
f 1753 3815 1997
f 1753 1997 628
f 630 1754 3816
f 630 3816 2600
f 1754 627 1753
f 1754 1753 3816
f 3816 1753 628
f 3816 628 1998
f 2600 3816 1998
f 2600 1998 631
f 603 1812 3817
f 603 3817 1594
f 604 2069 3817
f 604 3817 1812
f 627 1754 3817
f 627 3817 2069
f 630 1596 3817
f 630 3817 1754
f 602 1594 3817
f 602 3817 1596
f 632 3103 3818
f 632 3818 3102
f 3103 635 1597
f 3103 1597 3818
f 3818 1597 634
f 3818 634 1323
f 3102 3818 1323
f 3102 1323 633
f 608 3168 3819
f 608 3819 2894
f 3168 632 3102
f 3168 3102 3819
f 3819 3102 633
f 3819 633 2896
f 2894 3819 2896
f 2894 2896 607
f 636 2071 3820
f 636 3820 2070
f 2071 639 2666
f 2071 2666 3820
f 3820 2666 638
f 3820 638 2387
f 2070 3820 2387
f 2070 2387 637
f 612 1875 3821
f 612 3821 1621
f 1875 636 2070
f 1875 2070 3821
f 3821 2070 637
f 3821 637 1622
f 1621 3821 1622
f 1621 1622 611
f 637 2387 3822
f 637 3822 2388
f 2387 638 2667
f 2387 2667 3822
f 3822 2667 641
f 3822 641 3169
f 2388 3822 3169
f 2388 3169 640
f 637 2388 3823
f 637 3823 1622
f 2388 640 3170
f 2388 3170 3823
f 3823 3170 642
f 3823 642 1623
f 1622 3823 1623
f 1622 1623 611
f 642 2459 3824
f 642 3824 1623
f 2459 614 1401
f 2459 1401 3824
f 3824 1401 610
f 3824 610 1400
f 1623 3824 1400
f 1623 1400 611
f 642 3170 3825
f 642 3825 1402
f 3170 640 3171
f 3170 3171 3825
f 3825 3171 644
f 3825 644 1624
f 1402 3825 1624
f 1402 1624 643
f 614 2459 3826
f 614 3826 2460
f 2459 642 1402
f 2459 1402 3826
f 3826 1402 643
f 3826 643 1625
f 2460 3826 1625
f 2460 1625 645
f 613 2185 3827
f 613 3827 2186
f 2185 614 2460
f 2185 2460 3827
f 3827 2460 645
f 3827 645 2699
f 2186 3827 2699
f 2186 2699 615
f 646 2462 3828
f 646 3828 2461
f 2462 649 2968
f 2462 2968 3828
f 3828 2968 648
f 3828 648 2700
f 2461 3828 2700
f 2461 2700 647
f 646 2461 3829
f 646 3829 1691
f 2461 647 1467
f 2461 1467 3829
f 3829 1467 618
f 3829 618 1465
f 1691 3829 1465
f 1691 1465 619
f 650 2701 3830
f 650 3830 1468
f 2701 647 2700
f 2701 2700 3830
f 3830 2700 648
f 3830 648 2969
f 1468 3830 2969
f 1468 2969 651
f 621 1466 3831
f 621 3831 2251
f 1466 618 1467
f 1466 1467 3831
f 3831 1467 647
f 3831 647 2701
f 2251 3831 2701
f 2251 2701 650
f 652 1534 3832
f 652 3832 1944
f 1534 626 1533
f 1534 1533 3832
f 3832 1533 651
f 3832 651 1692
f 1944 3832 1692
f 1944 1692 653
f 652 1945 3833
f 652 3833 2322
f 1945 655 2528
f 1945 2528 3833
f 3833 2528 654
f 3833 654 2323
f 2322 3833 2323
f 2322 2323 629
f 652 2322 3834
f 652 3834 1534
f 2322 629 1258
f 2322 1258 3834
f 3834 1258 625
f 3834 625 1256
f 1534 3834 1256
f 1534 1256 626
f 654 2528 3835
f 654 3835 2529
f 2528 655 2766
f 2528 2766 3835
f 3835 2766 657
f 3835 657 3034
f 2529 3835 3034
f 2529 3034 656
f 654 2529 3836
f 654 3836 2530
f 2529 656 3035
f 2529 3035 3836
f 3836 3035 659
f 3836 659 1535
f 2530 3836 1535
f 2530 1535 658
f 654 2530 3837
f 654 3837 2323
f 2530 658 1999
f 2530 1999 3837
f 3837 1999 628
f 3837 628 1997
f 2323 3837 1997
f 2323 1997 629
f 660 1536 3838
f 660 3838 2000
f 1536 658 1535
f 1536 1535 3838
f 3838 1535 659
f 3838 659 1755
f 2000 3838 1755
f 2000 1755 661
f 631 1998 3839
f 631 3839 2831
f 1998 628 1999
f 1998 1999 3839
f 3839 1999 658
f 3839 658 1536
f 2831 3839 1536
f 2831 1536 660
f 662 2603 3840
f 662 3840 2602
f 2603 665 3104
f 2603 3104 3840
f 3840 3104 664
f 3840 664 2832
f 2602 3840 2832
f 2602 2832 663
f 635 1813 3841
f 635 3841 1597
f 1813 662 2602
f 1813 2602 3841
f 3841 2602 663
f 3841 663 1599
f 1597 3841 1599
f 1597 1599 634
f 666 1601 3842
f 666 3842 1600
f 1601 669 2072
f 1601 2072 3842
f 3842 2072 668
f 3842 668 1814
f 1600 3842 1814
f 1600 1814 667
f 639 2897 3843
f 639 3843 2666
f 2897 666 1600
f 2897 1600 3843
f 3843 1600 667
f 3843 667 2668
f 2666 3843 2668
f 2666 2668 638
f 667 1814 3844
f 667 3844 1815
f 1814 668 2073
f 1814 2073 3844
f 3844 2073 671
f 3844 671 2669
f 1815 3844 2669
f 1815 2669 670
f 667 1815 3845
f 667 3845 2668
f 1815 670 1129
f 1815 1129 3845
f 3845 1129 641
f 3845 641 2667
f 2668 3845 2667
f 2668 2667 638
f 670 2669 3846
f 670 3846 2670
f 2669 671 2898
f 2669 2898 3846
f 3846 2898 673
f 3846 673 3172
f 2670 3846 3172
f 2670 3172 672
f 641 1129 3847
f 641 3847 1130
f 1129 670 2670
f 1129 2670 3847
f 3847 2670 672
f 3847 672 3173
f 1130 3847 3173
f 1130 3173 674
f 640 3169 3848
f 640 3848 3171
f 3169 641 1130
f 3169 1130 3848
f 3848 1130 674
f 3848 674 1877
f 3171 3848 1877
f 3171 1877 644
f 675 1628 3849
f 675 3849 1627
f 1628 678 2188
f 1628 2188 3849
f 3849 2188 677
f 3849 677 1878
f 1627 3849 1878
f 1627 1878 676
f 675 1627 3850
f 675 3850 1200
f 1627 676 2970
f 1627 2970 3850
f 3850 2970 648
f 3850 648 2968
f 1200 3850 2968
f 1200 2968 649
f 653 2252 3851
f 653 3851 2253
f 2252 676 1878
f 2252 1878 3851
f 3851 1878 677
f 3851 677 2189
f 2253 3851 2189
f 2253 2189 679
f 679 2189 3852
f 679 3852 2702
f 2189 677 2190
f 2189 2190 3852
f 3852 2190 681
f 3852 681 2971
f 2702 3852 2971
f 2702 2971 680
f 682 1260 3853
f 682 3853 1469
f 1260 657 1259
f 1260 1259 3853
f 3853 1259 680
f 3853 680 2972
f 1469 3853 2972
f 1469 2972 683
f 682 1471 3854
f 682 3854 1470
f 1471 686 2254
f 1471 2254 3854
f 3854 2254 685
f 3854 685 1946
f 1470 3854 1946
f 1470 1946 684
f 682 1470 3855
f 682 3855 1260
f 1470 684 3036
f 1470 3036 3855
f 3855 3036 656
f 3855 656 3034
f 1260 3855 3034
f 1260 3034 657
f 684 1946 3856
f 684 3856 1947
f 1946 685 2255
f 1946 2255 3856
f 3856 2255 688
f 3856 688 2768
f 1947 3856 2768
f 1947 2768 687
f 684 1947 3857
f 684 3857 3036
f 1947 687 1756
f 1947 1756 3857
f 3857 1756 659
f 3857 659 3035
f 3036 3857 3035
f 3036 3035 656
f 689 2769 3858
f 689 3858 1261
f 2769 687 2768
f 2769 2768 3858
f 3858 2768 688
f 3858 688 3037
f 1261 3858 3037
f 1261 3037 690
f 661 1755 3859
f 661 3859 2325
f 1755 659 1756
f 1755 1756 3859
f 3859 1756 687
f 3859 687 2769
f 2325 3859 2769
f 2325 2769 689
f 691 1758 3860
f 691 3860 1757
f 1758 694 2326
f 1758 2326 3860
f 3860 2326 693
f 3860 693 2002
f 1757 3860 2002
f 1757 2002 692
f 665 1325 3861
f 665 3861 3104
f 1325 691 1757
f 1325 1757 3861
f 3861 1757 692
f 3861 692 3106
f 3104 3861 3106
f 3104 3106 664
f 695 2835 3862
f 695 3862 2834
f 2835 698 1326
f 2835 1326 3862
f 3862 1326 697
f 3862 697 3107
f 2834 3862 3107
f 2834 3107 696
f 669 2389 3863
f 669 3863 2072
f 2389 695 2834
f 2389 2834 3863
f 3863 2834 696
f 3863 696 2074
f 2072 3863 2074
f 2072 2074 668
f 696 3107 3864
f 696 3864 3108
f 3107 697 1327
f 3107 1327 3864
f 3864 1327 700
f 3864 700 1816
f 3108 3864 1816
f 3108 1816 699
f 696 3108 3865
f 696 3865 2074
f 3108 699 2899
f 3108 2899 3865
f 3865 2899 671
f 3865 671 2073
f 2074 3865 2073
f 2074 2073 668
f 699 1816 3866
f 699 3866 1817
f 1816 700 2075
f 1816 2075 3866
f 3866 2075 702
f 3866 702 2390
f 1817 3866 2390
f 1817 2390 701
f 671 2899 3867
f 671 3867 2898
f 2899 699 1817
f 2899 1817 3867
f 3867 1817 701
f 3867 701 1131
f 2898 3867 1131
f 2898 1131 673
f 703 2900 3868
f 703 3868 1201
f 2900 705 3175
f 2900 3175 3868
f 3868 3175 704
f 3868 704 1202
f 1201 3868 1202
f 1201 1202 681
f 703 1201 3869
f 703 3869 2463
f 1201 681 2190
f 1201 2190 3869
f 3869 2190 677
f 3869 677 2188
f 2463 3869 2188
f 2463 2188 678
f 683 1693 3870
f 683 3870 1694
f 1693 704 3176
f 1693 3176 3870
f 3870 3176 707
f 3870 707 1404
f 1694 3870 1404
f 1694 1404 706
f 706 1404 3871
f 706 3871 1405
f 1404 707 1629
f 1404 1629 3871
f 3871 1629 709
f 3871 709 1879
f 1405 3871 1879
f 1405 1879 708
f 710 2465 3872
f 710 3872 2464
f 2465 712 1881
f 2465 1881 3872
f 3872 1881 708
f 3872 708 1880
f 2464 3872 1880
f 2464 1880 711
f 712 2465 3873
f 712 3873 2973
f 2465 710 2466
f 2465 2466 3873
f 3873 2466 714
f 3873 714 1203
f 2973 3873 1203
f 2973 1203 713
f 712 2973 3874
f 712 3874 2532
f 2973 713 2256
f 2973 2256 3874
f 3874 2256 685
f 3874 685 2254
f 2532 3874 2254
f 2532 2254 686
f 713 1203 3875
f 713 3875 1204
f 1203 714 1472
f 1203 1472 3875
f 3875 1472 716
f 3875 716 1695
f 1204 3875 1695
f 1204 1695 715
f 713 1204 3876
f 713 3876 2256
f 1204 715 3038
f 1204 3038 3876
f 3876 3038 688
f 3876 688 2255
f 2256 3876 2255
f 2256 2255 685
f 717 1696 3877
f 717 3877 2257
f 715 1695 3877
f 715 3877 1696
f 716 1948 3877
f 716 3877 1695
f 720 2770 3877
f 720 3877 1948
f 719 2533 3877
f 719 3877 2770
f 718 2257 3877
f 718 3877 2533
f 694 1537 3878
f 694 3878 2604
f 690 3037 3878
f 690 3878 1537
f 688 3038 3878
f 688 3878 3037
f 715 1696 3878
f 715 3878 3038
f 717 2257 3878
f 717 3878 1696
f 718 2604 3878
f 718 3878 2257
f 718 2533 3879
f 718 3879 2534
f 2533 719 2771
f 2533 2771 3879
f 3879 2771 722
f 3879 722 1263
f 2534 3879 1263
f 2534 1263 721
f 694 2604 3880
f 694 3880 2326
f 2604 718 2534
f 2604 2534 3880
f 3880 2534 721
f 3880 721 2328
f 2326 3880 2328
f 2326 2328 693
f 723 1760 3881
f 723 3881 1759
f 1760 726 2329
f 1760 2329 3881
f 3881 2329 725
f 3881 725 2004
f 1759 3881 2004
f 1759 2004 724
f 698 1602 3882
f 698 3882 1326
f 1602 723 1759
f 1602 1759 3882
f 3882 1759 724
f 3882 724 1328
f 1326 3882 1328
f 1326 1328 697
f 724 2004 3883
f 724 3883 2005
f 2004 725 2330
f 2004 2330 3883
f 3883 2330 728
f 3883 728 2836
f 2005 3883 2836
f 2005 2836 727
f 724 2005 3884
f 724 3884 1328
f 2005 727 2076
f 2005 2076 3884
f 3884 2076 700
f 3884 700 1327
f 1328 3884 1327
f 1328 1327 697
f 727 2836 3885
f 727 3885 2837
f 2836 728 3109
f 2836 3109 3885
f 3885 3109 730
f 3885 730 1329
f 2837 3885 1329
f 2837 1329 729
f 700 2076 3886
f 700 3886 2075
f 2076 727 2837
f 2076 2837 3886
f 3886 2837 729
f 3886 729 2671
f 2075 3886 2671
f 2075 2671 702
f 731 1818 3887
f 731 3887 1630
f 1818 732 2191
f 1818 2191 3887
f 3887 2191 709
f 3887 709 1629
f 1630 3887 1629
f 1630 1629 707
f 731 1630 3888
f 731 3888 1133
f 1630 707 3176
f 1630 3176 3888
f 3888 3176 704
f 3888 704 3175
f 1133 3888 3175
f 1133 3175 705
f 709 2191 3889
f 709 3889 2192
f 2191 732 2077
f 2191 2077 3889
f 3889 2077 734
f 3889 734 2392
f 2192 3889 2392
f 2192 2392 733
f 711 2703 3890
f 711 3890 2704
f 2703 733 2393
f 2703 2393 3890
f 3890 2393 736
f 3890 736 2901
f 2704 3890 2901
f 2704 2901 735
f 735 2901 3891
f 735 3891 2902
f 2901 736 3177
f 2901 3177 3891
f 3891 3177 738
f 3891 738 1134
f 2902 3891 1134
f 2902 1134 737
f 739 1632 3892
f 739 3892 1631
f 1632 742 2193
f 1632 2193 3892
f 3892 2193 741
f 3892 741 1882
f 1631 3892 1882
f 1631 1882 740
f 739 1631 3893
f 739 3893 2467
f 1631 740 1473
f 1631 1473 3893
f 3893 1473 714
f 3893 714 2466
f 2467 3893 2466
f 2467 2466 710
f 740 1882 3894
f 740 3894 1883
f 1882 741 2194
f 1882 2194 3894
f 3894 2194 744
f 3894 744 2705
f 1883 3894 2705
f 1883 2705 743
f 740 1883 3895
f 740 3895 1473
f 1883 743 1949
f 1883 1949 3895
f 3895 1949 716
f 3895 716 1472
f 1473 3895 1472
f 1473 1472 714
f 745 2706 3896
f 745 3896 1205
f 743 2705 3896
f 743 3896 2706
f 744 2974 3896
f 744 3896 2705
f 748 1697 3896
f 748 3896 2974
f 747 1474 3896
f 747 3896 1697
f 746 1205 3896
f 746 3896 1474
f 720 1948 3897
f 720 3897 2770
f 716 1949 3897
f 716 3897 1948
f 743 2706 3897
f 743 3897 1949
f 745 1205 3897
f 745 3897 2706
f 746 2772 3897
f 746 3897 1205
f 719 2770 3897
f 719 3897 2772
f 746 1474 3898
f 746 3898 1475
f 1474 747 1698
f 1474 1698 3898
f 3898 1698 750
f 3898 750 2258
f 1475 3898 2258
f 1475 2258 749
f 719 2772 3899
f 719 3899 2771
f 2772 746 1475
f 2772 1475 3899
f 3899 1475 749
f 3899 749 1539
f 2771 3899 1539
f 2771 1539 722
f 751 2774 3900
f 751 3900 2773
f 2774 754 1265
f 2774 1265 3900
f 3900 1265 753
f 3900 753 3039
f 2773 3900 3039
f 2773 3039 752
f 726 2605 3901
f 726 3901 2329
f 2605 751 2773
f 2605 2773 3901
f 3901 2773 752
f 3901 752 2331
f 2329 3901 2331
f 2329 2331 725
f 752 3039 3902
f 752 3902 3040
f 3039 753 1266
f 3039 1266 3902
f 3902 1266 756
f 3902 756 1761
f 3040 3902 1761
f 3040 1761 755
f 752 3040 3903
f 752 3903 2331
f 3040 755 3110
f 3040 3110 3903
f 3903 3110 728
f 3903 728 2330
f 2331 3903 2330
f 2331 2330 725
f 755 1761 3904
f 755 3904 1762
f 1761 756 2006
f 1761 2006 3904
f 3904 2006 758
f 3904 758 2332
f 1762 3904 2332
f 1762 2332 757
f 728 3110 3905
f 728 3905 3109
f 3110 755 1762
f 3110 1762 3905
f 3905 1762 757
f 3905 757 1604
f 3109 3905 1604
f 3109 1604 730
f 759 2838 3906
f 759 3906 3178
f 2838 760 1406
f 2838 1406 3906
f 3906 1406 738
f 3906 738 3177
f 3178 3906 3177
f 3178 3177 736
f 759 3178 3907
f 759 3907 2673
f 3178 736 2393
f 3178 2393 3907
f 3907 2393 733
f 3907 733 2392
f 2673 3907 2392
f 2673 2392 734
f 738 1406 3908
f 738 3908 1407
f 1406 760 3111
f 1406 3111 3908
f 3908 3111 762
f 3908 762 1331
f 1407 3908 1331
f 1407 1331 761
f 737 1134 3909
f 737 3909 1135
f 1134 738 1407
f 1134 1407 3909
f 3909 1407 761
f 3909 761 1332
f 1135 3909 1332
f 1135 1332 763
f 763 1332 3910
f 763 3910 1819
f 1332 761 1333
f 1332 1333 3910
f 3910 1333 765
f 3910 765 2078
f 1819 3910 2078
f 1819 2078 764
f 766 2656 3911
f 766 3911 2674
f 2656 769 3156
f 2656 3156 3911
f 3911 3156 768
f 3911 768 2904
f 2674 3911 2904
f 2674 2904 767
f 766 2674 3912
f 766 3912 2468
f 2674 767 2195
f 2674 2195 3912
f 3912 2195 741
f 3912 741 2193
f 2468 3912 2193
f 2468 2193 742
f 767 2904 3913
f 767 3913 2905
f 2904 768 3157
f 2904 3157 3913
f 3913 3157 771
f 3913 771 1387
f 2905 3913 1387
f 2905 1387 770
f 767 2905 3914
f 767 3914 2195
f 2905 770 2956
f 2905 2956 3914
f 3914 2956 744
f 3914 744 2194
f 2195 3914 2194
f 2195 2194 741
f 772 1388 3915
f 772 3915 1864
f 770 1387 3915
f 770 3915 1388
f 771 1633 3915
f 771 3915 1387
f 775 2447 3915
f 775 3915 1633
f 774 2196 3915
f 774 3915 2447
f 773 1864 3915
f 773 3915 2196
f 748 2974 3916
f 748 3916 1697
f 744 2956 3916
f 744 3916 2974
f 770 1388 3916
f 770 3916 2956
f 772 1864 3916
f 772 3916 1388
f 773 1699 3916
f 773 3916 1864
f 747 1697 3916
f 747 3916 1699
f 773 2196 3917
f 773 3917 2197
f 2196 774 2448
f 2196 2448 3917
f 3917 2448 777
f 3917 777 2957
f 2197 3917 2957
f 2197 2957 776
f 747 1699 3918
f 747 3918 1698
f 1699 773 2197
f 1699 2197 3918
f 3918 2197 776
f 3918 776 2514
f 1698 3918 2514
f 1698 2514 750
f 778 1453 3919
f 778 3919 1452
f 1453 781 1932
f 1453 1932 3919
f 3919 1932 780
f 3919 780 1700
f 1452 3919 1700
f 1452 1700 779
f 754 1518 3920
f 754 3920 1265
f 1518 778 1452
f 1518 1452 3920
f 3920 1452 779
f 3920 779 1267
f 1265 3920 1267
f 1265 1267 753
f 779 1700 3921
f 779 3921 1701
f 1700 780 1933
f 1700 1933 3921
f 3921 1933 783
f 3921 783 2515
f 1701 3921 2515
f 1701 2515 782
f 779 1701 3922
f 779 3922 1267
f 1701 782 1986
f 1701 1986 3922
f 3922 1986 756
f 3922 756 1266
f 1267 3922 1266
f 1267 1266 753
f 782 2515 3923
f 782 3923 2516
f 2515 783 2775
f 2515 2775 3923
f 3923 2775 785
f 3923 785 3021
f 2516 3923 3021
f 2516 3021 784
f 756 1986 3924
f 756 3924 2006
f 1986 782 2516
f 1986 2516 3924
f 3924 2516 784
f 3924 784 2589
f 2006 3924 2589
f 2006 2589 758
f 786 1519 3925
f 786 3925 1268
f 1519 788 1763
f 1519 1763 3925
f 3925 1763 787
f 3925 787 1269
f 1268 3925 1269
f 1268 1269 785
f 787 1763 3926
f 787 3926 2394
f 1763 788 1987
f 1763 1987 3926
f 3926 1987 789
f 3926 789 2395
f 2394 3926 2395
f 2394 2395 765
f 787 2394 3927
f 787 3927 1584
f 2394 765 1333
f 2394 1333 3927
f 3927 1333 761
f 3927 761 1331
f 1584 3927 1331
f 1584 1331 762
f 789 1987 3928
f 789 3928 2334
f 1987 788 1988
f 1987 1988 3928
f 3928 1988 791
f 3928 791 2590
f 2334 3928 2590
f 2334 2590 790
f 792 2335 3929
f 792 3929 3091
f 2335 789 2334
f 2335 2334 3929
f 3929 2334 790
f 3929 790 2591
f 3091 3929 2591
f 3091 2591 793
f 764 2078 3930
f 764 3930 2060
f 2078 765 2395
f 2078 2395 3930
f 3930 2395 789
f 3930 789 2335
f 2060 3930 2335
f 2060 2335 792
f 794 1586 3931
f 794 3931 1585
f 1586 797 2061
f 1586 2061 3931
f 3931 2061 796
f 3931 796 1821
f 1585 3931 1821
f 1585 1821 795
f 794 1585 3932
f 794 3932 1136
f 1585 795 3158
f 1585 3158 3932
f 3932 3158 768
f 3932 768 3156
f 1136 3932 3156
f 1136 3156 769
f 795 1821 3933
f 795 3933 1822
f 1821 796 2062
f 1821 2062 3933
f 3933 2062 799
f 3933 799 2657
f 1822 3933 2657
f 1822 2657 798
f 795 1822 3934
f 795 3934 3158
f 1822 798 1634
f 1822 1634 3934
f 3934 1634 771
f 3934 771 3157
f 3158 3934 3157
f 3158 3157 768
f 800 2658 3935
f 800 3935 3159
f 798 2657 3935
f 798 3935 2658
f 799 2906 3935
f 799 3935 2657
f 803 1389 3935
f 803 3935 2906
f 802 1137 3935
f 802 3935 1389
f 801 3159 3935
f 801 3935 1137
f 775 1633 3936
f 775 3936 2447
f 771 1634 3936
f 771 3936 1633
f 798 2658 3936
f 798 3936 1634
f 800 3159 3936
f 800 3936 2658
f 801 2449 3936
f 801 3936 3159
f 774 2447 3936
f 774 3936 2449
f 801 1137 3937
f 801 3937 1138
f 1137 802 1390
f 1137 1390 3937
f 3937 1390 805
f 3937 805 1865
f 1138 3937 1865
f 1138 1865 804
f 774 2449 3938
f 774 3938 2448
f 2449 801 1138
f 2449 1138 3938
f 3938 1138 804
f 3938 804 1207
f 2448 3938 1207
f 2448 1207 777
f 806 2451 3939
f 806 3939 2450
f 2451 809 2959
f 2451 2959 3939
f 3939 2959 808
f 3939 808 2707
f 2450 3939 2707
f 2450 2707 807
f 781 2260 3940
f 781 3940 1932
f 2260 806 2450
f 2260 2450 3940
f 3940 2450 807
f 3940 807 1934
f 1932 3940 1934
f 1932 1934 780
f 807 2707 3941
f 807 3941 2708
f 2707 808 2960
f 2707 2960 3941
f 3941 2960 811
f 3941 811 1454
f 2708 3941 1454
f 2708 1454 810
f 807 2708 3942
f 807 3942 1934
f 2708 810 2776
f 2708 2776 3942
f 3942 2776 783
f 3942 783 1933
f 1934 3942 1933
f 1934 1933 780
f 810 1454 3943
f 810 3943 1521
f 1454 811 1702
f 1454 1702 3943
f 3943 1702 812
f 3943 812 1522
f 1521 3943 1522
f 1521 1522 786
f 811 3160 3944
f 811 3944 1702
f 3160 576 3161
f 3160 3161 3944
f 3944 3161 813
f 3944 813 1935
f 1702 3944 1935
f 1702 1935 812
f 814 2517 3945
f 814 3945 2261
f 2517 816 2777
f 2517 2777 3945
f 3945 2777 815
f 3945 815 2262
f 2261 3945 2262
f 2261 2262 813
f 815 2777 3946
f 815 3946 2778
f 2777 816 3022
f 2777 3022 3946
f 3946 3022 818
f 3946 818 1270
f 2778 3946 1270
f 2778 1270 817
f 815 2778 3947
f 815 3947 2840
f 2778 817 2592
f 2778 2592 3947
f 3947 2592 790
f 3947 790 2590
f 2840 3947 2590
f 2840 2590 791
f 819 1523 3948
f 819 3948 1764
f 1523 818 1524
f 1523 1524 3948
f 3948 1524 821
f 3948 821 1989
f 1764 3948 1989
f 1764 1989 820
f 822 2397 3949
f 822 3949 2593
f 2397 797 1334
f 2397 1334 3949
f 3949 1334 793
f 3949 793 1335
f 2593 3949 1335
f 2593 1335 823
f 822 2594 3950
f 822 3950 2397
f 2594 824 2063
f 2594 2063 3950
f 3950 2063 796
f 3950 796 2061
f 2397 3950 2061
f 2397 2061 797
f 824 3093 3951
f 824 3951 2063
f 3093 825 2908
f 3093 2908 3951
f 3951 2908 799
f 3951 799 2062
f 2063 3951 2062
f 2063 2062 796
f 803 2906 3952
f 803 3952 1389
f 799 2908 3952
f 799 3952 2906
f 825 1336 3952
f 825 3952 2908
f 826 1391 3952
f 826 3952 1336
f 802 1389 3952
f 802 3952 1391
f 802 1391 3953
f 802 3953 1390
f 1391 826 1587
f 1391 1587 3953
f 3953 1587 827
f 3953 827 2199
f 1390 3953 2199
f 1390 2199 805
f 809 1208 3954
f 809 3954 2959
f 1208 828 2909
f 1208 2909 3954
f 3954 2909 575
f 3954 575 2907
f 2959 3954 2907
f 2959 2907 808
f 573 2382 3955
f 573 3955 2396
f 574 2659 3955
f 574 3955 2382
f 830 2398 3955
f 830 3955 2659
f 829 2518 3955
f 829 3955 2398
f 814 2396 3955
f 814 3955 2518
f 811 2960 3956
f 811 3956 3160
f 2960 808 2907
f 2960 2907 3956
f 3956 2907 575
f 3956 575 2891
f 3160 3956 2891
f 3160 2891 576
f 831 2709 3957
f 831 3957 3217
f 2709 835 2779
f 2709 2779 3957
f 3957 2779 834
f 3957 834 2519
f 3217 3957 2519
f 3217 2519 833
f 831 3213 3958
f 831 3958 2709
f 3213 832 1703
f 3213 1703 3958
f 3958 1703 836
f 3958 836 3023
f 2709 3958 3023
f 2709 3023 835
f 840 2780 3959
f 840 3959 1392
f 2780 834 2779
f 2780 2779 3959
f 3959 2779 835
f 3959 835 3024
f 1392 3959 3024
f 1392 3024 841
f 840 1393 3960
f 840 3960 2780
f 1393 843 1867
f 1393 1867 3960
f 3960 1867 842
f 3960 842 2781
f 2780 3960 2781
f 2780 2781 834
f 840 1394 3961
f 840 3961 1393
f 1394 845 2452
f 1394 2452 3961
f 3961 2452 844
f 3961 844 2200
f 1393 3961 2200
f 1393 2200 843
f 840 1395 3962
f 840 3962 1394
f 1395 847 2961
f 1395 2961 3962
f 3962 2961 846
f 3962 846 2710
f 1394 3962 2710
f 1394 2710 845
f 840 1392 3963
f 840 3963 1395
f 1392 841 1635
f 1392 1635 3963
f 3963 1635 848
f 3963 848 1209
f 1395 3963 1209
f 1395 1209 847
f 848 1635 3964
f 848 3964 1477
f 1635 841 1667
f 1635 1667 3964
f 3964 1667 851
f 3964 851 1797
f 1477 3964 1797
f 1477 1797 850
f 851 1667 3965
f 851 3965 1272
f 1667 841 3024
f 1667 3024 3965
f 3965 3024 835
f 3965 835 3023
f 1272 3965 3023
f 1272 3023 836
f 844 2403 3966
f 844 3966 2200
f 2403 853 2263
f 2403 2263 3966
f 3966 2263 852
f 3966 852 2126
f 2200 3966 2126
f 2200 2126 843
f 852 2265 3967
f 852 3967 2264
f 855 2810 3967
f 855 3967 2265
f 854 2264 3967
f 854 3967 2810
f 852 2264 3968
f 852 3968 2126
f 2264 854 1916
f 2264 1916 3968
f 3968 1916 842
f 3968 842 1867
f 2126 3968 1867
f 2126 1867 843
f 852 2263 3969
f 852 3969 2265
f 2263 853 2539
f 2263 2539 3969
f 3969 2539 856
f 3969 856 3076
f 2265 3969 3076
f 2265 3076 855
f 854 2810 3970
f 854 3970 2114
f 2810 855 2611
f 2810 2611 3970
f 3970 2611 838
f 3970 838 2065
f 2114 3970 2065
f 2114 2065 1070
f 854 2114 3971
f 854 3971 1916
f 2114 1070 2064
f 2114 2064 3971
f 3971 2064 837
f 3971 837 2399
f 1916 3971 2399
f 1916 2399 842
f 842 2399 3972
f 842 3972 2781
f 2399 837 2520
f 2399 2520 3972
f 3972 2520 833
f 3972 833 2519
f 2781 3972 2519
f 2781 2519 834
f 857 2675 3973
f 857 3973 2613
f 2675 845 2710
f 2675 2710 3973
f 3973 2710 846
f 3973 846 2946
f 2613 3973 2946
f 2613 2946 858
f 859 3144 3974
f 859 3974 2614
f 3144 861 1140
f 3144 1140 3974
f 3974 1140 860
f 3974 860 2615
f 2614 3974 2615
f 2614 2615 857
f 857 2613 3975
f 857 3975 2614
f 2613 858 2874
f 2613 2874 3975
f 3975 2874 862
f 3975 862 3145
f 2614 3975 3145
f 2614 3145 859
f 857 2615 3976
f 857 3976 2616
f 2615 860 1141
f 2615 1141 3976
f 3976 1141 864
f 3976 864 1917
f 2616 3976 1917
f 2616 1917 863
f 868 1274 3977
f 868 3977 1273
f 1274 871 1798
f 1274 1798 3977
f 3977 1798 870
f 3977 870 1544
f 1273 3977 1544
f 1273 1544 869
f 865 1478 3978
f 865 3978 1479
f 1478 866 1734
f 1478 1734 3978
f 3978 1734 872
f 3978 872 3014
f 1479 3978 3014
f 1479 3014 867
f 873 2540 3979
f 873 3979 1337
f 2540 874 1608
f 2540 1608 3979
f 3979 1608 826
f 3979 826 1336
f 1337 3979 1336
f 1337 1336 825
f 873 2542 3980
f 873 3980 2541
f 2542 877 1338
f 2542 1338 3980
f 3980 1338 876
f 3980 876 3077
f 2541 3980 3077
f 2541 3077 875
f 873 1337 3981
f 873 3981 2542
f 1337 825 3093
f 1337 3093 3981
f 3981 3093 824
f 3981 824 3078
f 2542 3981 3078
f 2542 3078 877
f 873 2541 3982
f 873 3982 2543
f 2541 875 3079
f 2541 3079 3982
f 3982 3079 879
f 3982 879 1852
f 2543 3982 1852
f 2543 1852 878
f 873 2543 3983
f 873 3983 2540
f 2543 878 1853
f 2543 1853 3983
f 3983 1853 880
f 3983 880 2811
f 2540 3983 2811
f 2540 2811 874
f 881 2618 3984
f 881 3984 2617
f 2618 884 3146
f 2618 3146 3984
f 3984 3146 883
f 3984 883 2875
f 2617 3984 2875
f 2617 2875 882
f 881 2617 3985
f 881 3985 2619
f 2617 882 2876
f 2617 2876 3985
f 3985 2876 886
f 3985 886 1412
f 2619 3985 1412
f 2619 1412 885
f 887 2620 3986
f 887 3986 1918
f 2620 881 2619
f 2620 2619 3986
f 3986 2619 885
f 3986 885 1413
f 1918 3986 1413
f 1918 1413 888
f 881 2620 3987
f 881 3987 2621
f 2620 887 1919
f 2620 1919 3987
f 3987 1919 890
f 3987 890 2406
f 2621 3987 2406
f 2621 2406 889
f 881 2621 3988
f 881 3988 2618
f 2621 889 3147
f 2621 3147 3988
f 3988 3147 512
f 3988 512 3049
f 2618 3988 3049
f 2618 3049 884
f 891 3015 3989
f 891 3989 2115
f 3015 176 3065
f 3015 3065 3989
f 3989 3065 177
f 3989 177 1275
f 2115 3989 1275
f 2115 1275 879
f 891 2947 3990
f 891 3990 2471
f 2947 892 1414
f 2947 1414 3990
f 3990 1414 514
f 3990 514 2474
f 2471 3990 2474
f 2471 2474 14
f 891 2471 3991
f 891 3991 3015
f 2471 14 2502
f 2471 2502 3991
f 3991 2502 15
f 3991 15 2791
f 3015 3991 2791
f 3015 2791 176
f 893 1210 3992
f 893 3992 1480
f 1210 892 1211
f 1210 1211 3992
f 3992 1211 895
f 3992 895 1735
f 1480 3992 1735
f 1480 1735 894
f 896 2205 3993
f 896 3993 2204
f 2205 899 2744
f 2205 2744 3993
f 3993 2744 898
f 3993 898 2473
f 2204 3993 2473
f 2204 2473 897
f 896 2043 3994
f 896 3994 2205
f 2043 532 1993
f 2043 1993 3994
f 3994 1993 534
f 3994 534 2544
f 2205 3994 2544
f 2205 2544 899
f 900 2045 3995
f 900 3995 2044
f 2045 903 2545
f 2045 2545 3995
f 3995 2545 902
f 3995 902 2266
f 2044 3995 2266
f 2044 2266 901
f 904 3081 3996
f 904 3996 3080
f 3081 907 1609
f 3081 1609 3996
f 3996 1609 906
f 3996 906 1339
f 3080 3996 1339
f 3080 1339 905
f 908 2118 3997
f 908 3997 2116
f 2118 911 2622
f 2118 2622 3997
f 3997 2622 910
f 3997 910 2336
f 2116 3997 2336
f 2116 2336 909
f 912 3149 3998
f 912 3998 3148
f 3149 915 1415
f 3149 1415 3998
f 3998 1415 914
f 3998 914 1142
f 3148 3998 1142
f 3148 1142 913
f 916 1921 3999
f 916 3999 1920
f 1921 919 2407
f 1921 2407 3999
f 3999 2407 918
f 3999 918 2128
f 1920 3999 2128
f 1920 2128 917
f 916 1920 4000
f 916 4000 1922
f 1920 917 2129
f 1920 2129 4000
f 4000 2129 921
f 4000 921 2948
f 1922 4000 2948
f 1922 2948 920
f 916 1923 4001
f 916 4001 1921
f 1923 923 1481
f 1923 1481 4001
f 4001 1481 922
f 4001 922 2676
f 1921 4001 2676
f 1921 2676 919
f 922 1481 4002
f 922 4002 1482
f 1481 923 1736
f 1481 1736 4002
f 4002 1736 925
f 4002 925 1980
f 1482 4002 1980
f 1482 1980 924
f 922 1482 4003
f 922 4003 1483
f 1482 924 1981
f 1482 1981 4003
f 4003 1981 927
f 4003 927 2475
f 1483 4003 2475
f 1483 2475 926
f 922 1483 4004
f 922 4004 2676
f 1483 926 2476
f 1483 2476 4004
f 4004 2476 928
f 4004 928 2677
f 2676 4004 2677
f 2676 2677 919
f 928 2476 4005
f 928 4005 3016
f 2476 926 2477
f 2476 2477 4005
f 4005 2477 930
f 4005 930 1277
f 3016 4005 1277
f 3016 1277 929
f 928 3016 4006
f 928 4006 3017
f 3016 929 1278
f 3016 1278 4006
f 4006 1278 932
f 4006 932 1801
f 3017 4006 1801
f 3017 1801 931
f 928 3017 4007
f 928 4007 2677
f 3017 931 2408
f 3017 2408 4007
f 4007 2408 918
f 4007 918 2407
f 2677 4007 2407
f 2677 2407 919
f 931 1801 4008
f 931 4008 1802
f 1801 932 2048
f 1801 2048 4008
f 4008 2048 934
f 4008 934 2269
f 1802 4008 2269
f 1802 2269 933
f 931 1802 4009
f 931 4009 2408
f 1802 933 2270
f 1802 2270 4009
f 4009 2270 935
f 4009 935 2409
f 2408 4009 2409
f 2408 2409 918
f 935 2812 4010
f 935 4010 2409
f 2812 936 2130
f 2812 2130 4010
f 4010 2130 917
f 4010 917 2128
f 2409 4010 2128
f 2409 2128 918
f 935 2270 4011
f 935 4011 2813
f 2270 933 2271
f 2270 2271 4011
f 4011 2271 938
f 4011 938 1341
f 2813 4011 1341
f 2813 1341 937
f 935 2813 4012
f 935 4012 2812
f 2813 937 1342
f 2813 1342 4012
f 4012 1342 939
f 4012 939 3083
f 2812 4012 3083
f 2812 3083 936
f 939 1855 4013
f 939 4013 3083
f 1855 941 2120
f 1855 2120 4013
f 4013 2120 940
f 4013 940 3084
f 3083 4013 3084
f 3083 3084 936
f 939 1342 4014
f 939 4014 1668
f 1342 937 1343
f 1342 1343 4014
f 4014 1343 942
f 4014 942 1669
f 1668 4014 1669
f 1668 1669 862
f 939 1668 4015
f 939 4015 1855
f 1668 862 2874
f 1668 2874 4015
f 4015 2874 858
f 4015 858 2879
f 1855 4015 2879
f 1855 2879 941
f 942 1343 4016
f 942 4016 2623
f 1343 937 1341
f 1343 1341 4016
f 4016 1341 938
f 4016 938 1610
f 2623 4016 1610
f 2623 1610 943
f 942 2623 4017
f 942 4017 2624
f 2623 943 2880
f 2623 2880 4017
f 4017 2880 945
f 4017 945 3151
f 2624 4017 3151
f 2624 3151 944
f 942 2624 4018
f 942 4018 1669
f 2624 944 3150
f 2624 3150 4018
f 4018 3150 859
f 4018 859 3145
f 1669 4018 3145
f 1669 3145 862
f 946 1416 4019
f 946 4019 1143
f 1416 948 1670
f 1416 1670 4019
f 4019 1670 947
f 4019 947 1144
f 1143 4019 1144
f 1143 1144 945
f 888 2131 4020
f 888 4020 2132
f 2131 947 1670
f 2131 1670 4020
f 4020 1670 948
f 4020 948 1924
f 2132 4020 1924
f 2132 1924 949
f 949 1924 4021
f 949 4021 2133
f 1924 948 1925
f 1924 1925 4021
f 4021 1925 951
f 4021 951 2410
f 2133 4021 2410
f 2133 2410 950
f 952 2950 4022
f 952 4022 2949
f 2950 955 1485
f 2950 1485 4022
f 4022 1485 954
f 4022 954 1214
f 2949 4022 1214
f 2949 1214 953
f 952 2949 4023
f 952 4023 1926
f 2949 953 2678
f 2949 2678 4023
f 4023 2678 890
f 4023 890 1919
f 1926 4023 1919
f 1926 1919 887
f 953 1214 4024
f 953 4024 1215
f 1214 954 1486
f 1214 1486 4024
f 4024 1486 957
f 4024 957 1982
f 1215 4024 1982
f 1215 1982 956
f 188 2122 4025
f 188 4025 1713
f 2122 959 2478
f 2122 2478 4025
f 4025 2478 958
f 4025 958 1737
f 1713 4025 1737
f 1713 1737 11
f 182 2548 4026
f 182 4026 2547
f 2548 962 1280
f 2548 1280 4026
f 4026 1280 961
f 4026 961 3018
f 2547 4026 3018
f 2547 3018 960
f 182 2547 4027
f 182 4027 2032
f 2547 960 3019
f 2547 3019 4027
f 4027 3019 963
f 4027 963 2049
f 2032 4027 2049
f 2032 2049 180
f 180 2049 4028
f 180 4028 1775
f 2049 963 2337
f 2049 2337 4028
f 4028 2337 880
f 4028 880 1799
f 1775 4028 1799
f 1775 1799 179
f 179 1799 4029
f 179 4029 1514
f 1799 880 1853
f 1799 1853 4029
f 4029 1853 878
f 4029 878 1545
f 1514 4029 1545
f 1514 1545 178
f 178 1545 4030
f 178 4030 1229
f 1545 878 1852
f 1545 1852 4030
f 4030 1852 879
f 4030 879 1275
f 1229 4030 1275
f 1229 1275 177
f 963 3019 4031
f 963 4031 1803
f 3019 960 3020
f 3019 3020 4031
f 4031 3020 965
f 4031 965 2050
f 1803 4031 2050
f 1803 2050 964
f 963 1803 4032
f 963 4032 2337
f 1803 964 2814
f 1803 2814 4032
f 4032 2814 874
f 4032 874 2811
f 2337 4032 2811
f 2337 2811 880
f 964 2050 4033
f 964 4033 1856
f 2050 965 2338
f 2050 2338 4033
f 4033 2338 909
f 4033 909 1854
f 1856 4033 1854
f 1856 1854 827
f 964 1856 4034
f 964 4034 2814
f 1856 827 1587
f 1856 1587 4034
f 4034 1587 826
f 4034 826 1608
f 2814 4034 1608
f 2814 1608 874
f 827 1854 4035
f 827 4035 1823
f 1854 909 2336
f 1854 2336 4035
f 4035 2336 910
f 4035 910 2117
f 1823 4035 2117
f 1823 2117 828
f 575 2877 4036
f 575 4036 2881
f 2877 905 1339
f 2877 1339 4036
f 4036 1339 906
f 4036 906 1611
f 2881 4036 1611
f 2881 1611 966
f 574 2663 4037
f 574 4037 2612
f 2663 575 2881
f 2663 2881 4037
f 4037 2881 966
f 4037 966 1344
f 2612 4037 1344
f 2612 1344 856
f 966 1611 4038
f 966 4038 2549
f 1611 906 1612
f 1611 1612 4038
f 4038 1612 968
f 4038 968 2815
f 2549 4038 2815
f 2549 2815 967
f 966 2549 4039
f 966 4039 1344
f 2549 967 3086
f 2549 3086 4039
f 4039 3086 855
f 4039 855 3076
f 1344 4039 3076
f 1344 3076 856
f 839 1146 4040
f 839 4040 1139
f 1146 970 1345
f 1146 1345 4040
f 4040 1345 969
f 4040 969 2206
f 1139 4040 2206
f 1139 2206 849
f 972 2679 4041
f 972 4041 1928
f 2679 973 1739
f 2679 1739 4041
f 4041 1739 923
f 4041 923 1923
f 1928 4041 1923
f 1928 1923 916
f 972 1928 4042
f 972 4042 2680
f 1928 916 1922
f 1928 1922 4042
f 4042 1922 920
f 4042 920 2951
f 2680 4042 2951
f 2680 2951 974
f 974 2951 4043
f 974 4043 1281
f 2951 920 2047
f 2951 2047 4043
f 4043 2047 851
f 4043 851 1272
f 1281 4043 1272
f 1281 1272 836
f 851 2047 4044
f 851 4044 1797
f 2047 920 2948
f 2047 2948 4044
f 4044 2948 921
f 4044 921 1800
f 1797 4044 1800
f 1797 1800 850
f 850 1800 4045
f 850 4045 1477
f 1800 921 1212
f 1800 1212 4045
f 4045 1212 940
f 4045 940 1484
f 1477 4045 1484
f 1477 1484 848
f 848 1484 4046
f 848 4046 1209
f 1484 940 2120
f 1484 2120 4046
f 4046 2120 941
f 4046 941 1213
f 1209 4046 1213
f 1209 1213 847
f 847 1213 4047
f 847 4047 2961
f 1213 941 2879
f 1213 2879 4047
f 4047 2879 858
f 4047 858 2946
f 2961 4047 2946
f 2961 2946 846
f 973 2952 4048
f 973 4048 1739
f 975 2207 4048
f 975 4048 2952
f 1079 3229 4048
f 1079 4048 2207
f 925 1736 4048
f 925 4048 3229
f 923 1739 4048
f 923 4048 1736
f 975 1740 4049
f 975 4049 2207
f 1740 976 1984
f 1740 1984 4049
f 4049 1984 1080
f 4049 1080 3234
f 2207 4049 3234
f 2207 3234 1079
f 978 3242 4050
f 978 4050 2746
f 3242 979 2052
f 3242 2052 4050
f 4050 2052 981
f 4050 981 2747
f 2746 4050 2747
f 2746 2747 927
f 981 2052 4051
f 981 4051 2550
f 2052 979 2053
f 2052 2053 4051
f 4051 2053 983
f 4051 983 2816
f 2550 4051 2816
f 2550 2816 982
f 981 2550 4052
f 981 4052 1548
f 2550 982 2817
f 2550 2817 4052
f 4052 2817 984
f 4052 984 1549
f 1548 4052 1549
f 1548 1549 930
f 981 1548 4053
f 981 4053 2747
f 1548 930 2477
f 1548 2477 4053
f 4053 2477 926
f 4053 926 2475
f 2747 4053 2475
f 2747 2475 927
f 984 2817 4054
f 984 4054 2481
f 2817 982 1857
f 2817 1857 4054
f 4054 1857 27
f 4054 27 1833
f 2481 4054 1833
f 2481 1833 206
f 984 2481 4055
f 984 4055 1348
f 2481 206 2486
f 2481 2486 4055
f 4055 2486 324
f 4055 324 1929
f 1348 4055 1929
f 1348 1929 985
f 984 1348 4056
f 984 4056 1549
f 1348 985 1282
f 1348 1282 4056
f 4056 1282 929
f 4056 929 1277
f 1549 4056 1277
f 1549 1277 930
f 985 1929 4057
f 985 4057 1613
f 1929 324 1889
f 1929 1889 4057
f 4057 1889 325
f 4057 325 2135
f 1613 4057 2135
f 1613 2135 986
f 985 1613 4058
f 985 4058 1282
f 1613 986 2054
f 1613 2054 4058
f 4058 2054 932
f 4058 932 1278
f 1282 4058 1278
f 1282 1278 929
f 986 2135 4059
f 986 4059 1858
f 2135 325 2164
f 2135 2164 4059
f 4059 2164 328
f 4059 328 2953
f 1858 4059 2953
f 1858 2953 987
f 986 1858 4060
f 986 4060 2054
f 1858 987 2551
f 1858 2551 4060
f 4060 2551 934
f 4060 934 2048
f 2054 4060 2048
f 2054 2048 932
f 987 2953 4061
f 987 4061 2123
f 2953 328 2980
f 2953 2980 4061
f 4061 2980 329
f 4061 329 1216
f 2123 4061 1216
f 2123 1216 988
f 987 2123 4062
f 987 4062 2551
f 2123 988 2339
f 2123 2339 4062
f 4062 2339 989
f 4062 989 2552
f 2551 4062 2552
f 2551 2552 934
f 989 1614 4063
f 989 4063 2552
f 1614 938 2271
f 1614 2271 4063
f 4063 2271 933
f 4063 933 2269
f 2552 4063 2269
f 2552 2269 934
f 989 2339 4064
f 989 4064 2625
f 2339 988 2340
f 2339 2340 4064
f 4064 2340 991
f 4064 991 2883
f 2625 4064 2883
f 2625 2883 990
f 989 2625 4065
f 989 4065 1614
f 2625 990 2882
f 2625 2882 4065
f 4065 2882 943
f 4065 943 1610
f 1614 4065 1610
f 1614 1610 938
f 990 2883 4066
f 990 4066 1417
f 2883 991 3153
f 2883 3153 4066
f 4066 3153 992
f 4066 992 1418
f 1417 4066 1418
f 1417 1418 946
f 990 1417 4067
f 990 4067 2882
f 1417 946 1143
f 1417 1143 4067
f 4067 1143 945
f 4067 945 2880
f 2882 4067 2880
f 2882 2880 943
f 992 3153 4068
f 992 4068 2209
f 3153 991 1741
f 3153 1741 4068
f 4068 1741 331
f 4068 331 1721
f 2209 4068 1721
f 2209 1721 333
f 950 2410 4069
f 950 4069 1279
f 2410 951 2745
f 2410 2745 4069
f 4069 2745 335
f 4069 335 2799
f 1279 4069 2799
f 1279 2799 337
f 338 1113 4070
f 338 4070 1546
f 1113 1 1145
f 1113 1145 4070
f 4070 1145 954
f 4070 954 1485
f 1546 4070 1485
f 1546 1485 955
f 1 1089 4071
f 1 4071 1145
f 1089 4 1927
f 1089 1927 4071
f 4071 1927 957
f 4071 957 1486
f 1145 4071 1486
f 1145 1486 954
f 957 1927 4072
f 957 4072 2210
f 1927 4 1902
f 1927 1902 4072
f 4072 1902 21
f 4072 21 2272
f 2210 4072 2272
f 2210 2272 993
f 957 2210 4073
f 957 4073 1982
f 2210 993 1419
f 2210 1419 4073
f 4073 1419 994
f 4073 994 1985
f 1982 4073 1985
f 1982 1985 956
f 994 1671 4074
f 994 4074 1985
f 1671 995 2748
f 1671 2748 4074
f 4074 2748 959
f 4074 959 1983
f 1985 4074 1983
f 1985 1983 956
f 994 1419 4075
f 994 4075 1672
f 1419 993 1422
f 1419 1422 4075
f 4075 1422 997
f 4075 997 2136
f 1672 4075 2136
f 1672 2136 996
f 994 1672 4076
f 994 4076 1671
f 1672 996 1421
f 1672 1421 4076
f 4076 1421 914
f 4076 914 1420
f 1671 4076 1420
f 1671 1420 995
f 996 2136 4077
f 996 4077 2137
f 2136 997 2412
f 2136 2412 4077
f 4077 2412 999
f 4077 999 2682
f 2137 4077 2682
f 2137 2682 998
f 996 2137 4078
f 996 4078 1421
f 2137 998 1147
f 2137 1147 4078
f 4078 1147 913
f 4078 913 1142
f 1421 4078 1142
f 1421 1142 914
f 998 2682 4079
f 998 4079 2683
f 2682 999 2954
f 2682 2954 4079
f 4079 2954 1001
f 4079 1001 1217
f 2683 4079 1217
f 2683 1217 1000
f 998 2683 4080
f 998 4080 2684
f 1000 3226 4080
f 1000 4080 2683
f 1002 2684 4080
f 1002 4080 3226
f 1082 3235 4081
f 1082 4081 3240
f 903 2818 4081
f 903 4081 3235
f 1084 3240 4081
f 1084 4081 2818
f 1000 1217 4082
f 1000 4082 2273
f 1217 1001 1487
f 1217 1487 4082
f 4082 1487 1005
f 4082 1005 2274
f 2273 4082 2274
f 2273 2274 980
f 1005 1487 4083
f 1005 4083 2884
f 1487 1001 2056
f 1487 2056 4083
f 4083 2056 52
f 4083 52 2911
f 2884 4083 2911
f 2884 2911 31
f 1005 2884 4084
f 1005 4084 3088
f 2884 31 2910
f 2884 2910 4084
f 4084 2910 32
f 4084 32 3152
f 3088 4084 3152
f 3088 3152 983
f 1005 3088 4085
f 1005 4085 2274
f 3088 983 2053
f 3088 2053 4085
f 4085 2053 979
f 4085 979 2051
f 2274 4085 2051
f 2274 2051 980
f 32 1825 4086
f 32 4086 3152
f 1825 27 1857
f 1825 1857 4086
f 4086 1857 982
f 4086 982 2816
f 3152 4086 2816
f 3152 2816 983
f 52 2056 4087
f 52 4087 3128
f 2056 1001 2954
f 2056 2954 4087
f 4087 2954 999
f 4087 999 3087
f 3128 4087 3087
f 3128 3087 24
f 24 3087 4088
f 24 4088 2024
f 3087 999 2412
f 3087 2412 4088
f 4088 2412 997
f 4088 997 2055
f 2024 4088 2055
f 2024 2055 20
f 20 2055 4089
f 20 4089 2022
f 2055 997 1422
f 2055 1422 4089
f 4089 1422 993
f 4089 993 2272
f 2022 4089 2272
f 2022 2272 21
f 959 2748 4090
f 959 4090 2478
f 2748 995 1930
f 2748 1930 4090
f 4090 1930 1006
f 4090 1006 2482
f 2478 4090 2482
f 2478 2482 958
f 961 1283 4091
f 961 4091 3018
f 1283 1007 2275
f 1283 2275 4091
f 4091 2275 965
f 4091 965 3020
f 3018 4091 3020
f 3018 3020 960
f 1006 1930 4092
f 1006 4092 1673
f 1930 995 1420
f 1930 1420 4092
f 4092 1420 914
f 4092 914 1415
f 1673 4092 1415
f 1673 1415 915
f 1007 2124 4093
f 1007 4093 2275
f 2124 908 2116
f 2124 2116 4093
f 4093 2116 909
f 4093 909 2338
f 2275 4093 2338
f 2275 2338 965
f 968 1612 4094
f 968 4094 3089
f 1612 906 1609
f 1612 1609 4094
f 4094 1609 907
f 4094 907 1859
f 3089 4094 1859
f 3089 1859 1008
f 1069 1860 4095
f 1069 4095 3214
f 1860 1010 2276
f 1860 2276 4095
f 4095 2276 1009
f 4095 1009 2341
f 3214 4095 2341
f 3214 2341 971
f 1011 3090 4096
f 1011 4096 3210
f 3090 1012 2277
f 3090 2277 4096
f 4096 2277 872
f 4096 872 1734
f 3210 4096 1734
f 3210 1734 866
f 1013 2553 4097
f 1013 4097 2750
f 2553 902 2545
f 2553 2545 4097
f 4097 2545 903
f 4097 903 2819
f 2750 4097 2819
f 2750 2819 1003
f 331 1741 4098
f 331 4098 1174
f 1741 991 2340
f 1741 2340 4098
f 4098 2340 988
f 4098 988 1216
f 1174 4098 1216
f 1174 1216 329
f 1069 1346 4099
f 1069 4099 1860
f 1346 969 1345
f 1346 1345 4099
f 4099 1345 970
f 4099 970 1615
f 1860 4099 1615
f 1860 1615 1010
f 856 2539 4100
f 856 4100 2612
f 2539 853 2610
f 2539 2610 4100
f 4100 2610 830
f 4100 830 2659
f 2612 4100 2659
f 2612 2659 574
f 853 2403 4101
f 853 4101 2554
f 2403 844 2404
f 2403 2404 4101
f 4101 2404 863
f 4101 863 1931
f 2554 4101 1931
f 2554 1931 1014
f 940 1212 4102
f 940 4102 3084
f 1212 921 2129
f 1212 2129 4102
f 4102 2129 917
f 4102 917 2130
f 3084 4102 2130
f 3084 2130 936
f 529 1276 4103
f 529 4103 1250
f 1276 897 2483
f 1276 2483 4103
f 4103 2483 1015
f 4103 1015 1674
f 1250 4103 1674
f 1250 1674 547
f 547 1674 4104
f 547 4104 3166
f 1674 1015 1148
f 1674 1148 4104
f 4104 1148 884
f 4104 884 3049
f 3166 4104 3049
f 3166 3049 512
f 1015 2125 4105
f 1015 4105 1148
f 2125 1016 3154
f 2125 3154 4105
f 4105 3154 883
f 4105 883 3146
f 1148 4105 3146
f 1148 3146 884
f 1015 2483 4106
f 1015 4106 2125
f 2483 897 2473
f 2483 2473 4106
f 4106 2473 898
f 4106 898 2751
f 2125 4106 2751
f 2125 2751 1016
f 1016 2344 4107
f 1016 4107 3154
f 2344 1018 2626
f 2344 2626 4107
f 4107 2626 1017
f 4107 1017 3155
f 3154 4107 3155
f 3154 3155 883
f 1016 2751 4108
f 1016 4108 2344
f 2751 898 2752
f 2751 2752 4108
f 4108 2752 1019
f 4108 1019 2885
f 2344 4108 2885
f 2344 2885 1018
f 1019 3141 4109
f 1019 4109 2885
f 3141 1021 1149
f 3141 1149 4109
f 4109 1149 1020
f 4109 1020 2886
f 2885 4109 2886
f 2885 2886 1018
f 1019 2752 4110
f 1019 4110 3142
f 2752 898 2744
f 2752 2744 4110
f 4110 2744 899
f 4110 899 3008
f 3142 4110 3008
f 3142 3008 1022
f 1019 3142 4111
f 1019 4111 3141
f 3142 1022 1675
f 3142 1675 4111
f 4111 1675 1023
f 4111 1023 1408
f 3141 4111 1408
f 3141 1408 1021
f 1021 1408 4112
f 1021 4112 1409
f 1408 1023 1913
f 1408 1913 4112
f 4112 1913 1025
f 4112 1025 2138
f 1409 4112 2138
f 1409 2138 1024
f 1023 1675 4113
f 1023 4113 2036
f 1675 1022 1805
f 1675 1805 4113
f 4113 1805 499
f 4113 499 1796
f 2036 4113 1796
f 2036 1796 500
f 1023 2036 4114
f 1023 4114 1913
f 2036 500 1994
f 2036 1994 4114
f 4114 1994 543
f 4114 543 2887
f 1913 4114 2887
f 1913 2887 1025
f 1026 2686 4115
f 1026 4115 2685
f 2686 1029 1218
f 2686 1218 4115
f 4115 1218 1028
f 4115 1028 2942
f 2685 4115 2942
f 2685 2942 1027
f 567 2820 4116
f 567 4116 2597
f 2820 1027 2942
f 2820 2942 4116
f 4116 2942 1028
f 4116 1028 2536
f 2597 4116 2536
f 2597 2536 566
f 1030 1744 4117
f 1030 4117 1742
f 1744 1033 2211
f 1744 2211 4117
f 4117 2211 1032
f 4117 1032 1976
f 1742 4117 1976
f 1742 1976 1031
f 1030 3073 4118
f 1030 4118 1744
f 3073 568 3098
f 3073 3098 4118
f 4118 3098 569
f 4118 569 1349
f 1744 4118 1349
f 1744 1349 1033
f 1033 1349 4119
f 1033 4119 2211
f 1349 569 1350
f 1349 1350 4119
f 4119 1350 1034
f 4119 1034 2212
f 2211 4119 2212
f 2211 2212 1032
f 493 2242 4120
f 493 4120 2202
f 2242 494 2472
f 2242 2472 4120
f 4120 2472 893
f 4120 893 1480
f 2202 4120 1480
f 2202 1480 894
f 494 2521 4121
f 494 4121 2472
f 2521 514 1414
f 2521 1414 4121
f 4121 1414 892
f 4121 892 1210
f 2472 4121 1210
f 2472 1210 893
f 1031 1976 4122
f 1031 4122 1977
f 1976 1032 2213
f 1976 2213 4122
f 4122 2213 1036
f 4122 1036 3009
f 1977 4122 3009
f 1977 3009 1035
f 1031 1977 4123
f 1031 4123 2687
f 1977 1035 3010
f 1977 3010 4123
f 4123 3010 1037
f 4123 1037 2688
f 2687 4123 2688
f 2687 2688 1026
f 1035 3011 4124
f 1035 4124 3010
f 3011 1039 1806
f 3011 1806 4124
f 4124 1806 1038
f 4124 1038 1540
f 3010 4124 1540
f 3010 1540 1037
f 1024 2139 4125
f 1024 4125 2140
f 2139 1029 1476
f 2139 1476 4125
f 4125 1476 1041
f 4125 1041 2278
f 2140 4125 2278
f 2140 2278 1040
f 868 1284 4126
f 868 4126 1274
f 1284 1043 2821
f 1284 2821 4126
f 4126 2821 1042
f 4126 1042 2037
f 1274 4126 2037
f 1274 2037 871
f 1043 1284 4127
f 1043 4127 2607
f 1284 868 1285
f 1284 1285 4127
f 4127 1285 1044
f 4127 1044 2608
f 2607 4127 2608
f 2607 2608 1017
f 1043 2607 4128
f 1043 4128 1151
f 2607 1017 2626
f 2607 2626 4128
f 4128 2626 1018
f 4128 1018 2886
f 1151 4128 2886
f 1151 2886 1020
f 1044 1285 4129
f 1044 4129 1351
f 1285 868 1273
f 1285 1273 4129
f 4129 1273 869
f 4129 869 1542
f 1351 4129 1542
f 1351 1542 1045
f 882 2888 4130
f 882 4130 2876
f 2888 1044 1351
f 2888 1351 4130
f 4130 1351 1045
f 4130 1045 1676
f 2876 4130 1676
f 2876 1676 886
f 1044 2888 4131
f 1044 4131 2608
f 2888 882 2875
f 2888 2875 4131
f 4131 2875 883
f 4131 883 3155
f 2608 4131 3155
f 2608 3155 1017
f 1046 1862 4132
f 1046 4132 1861
f 1862 1049 2345
f 1862 2345 4132
f 4132 2345 1048
f 4132 1048 2113
f 1861 4132 2113
f 1861 2113 1047
f 1049 2537 4133
f 1049 4133 2345
f 2537 822 1990
f 2537 1990 4133
f 4133 1990 820
f 4133 820 2040
f 2345 4133 2040
f 2345 2040 1048
f 822 2537 4134
f 822 4134 2594
f 2537 1049 1605
f 2537 1605 4134
f 4134 1605 877
f 4134 877 3078
f 2594 4134 3078
f 2594 3078 824
f 1049 1862 4135
f 1049 4135 1605
f 1862 1046 1352
f 1862 1352 4135
f 4135 1352 876
f 4135 876 1338
f 1605 4135 1338
f 1605 1338 877
f 1046 2038 4136
f 1046 4136 1352
f 2038 1039 2041
f 2038 2041 4136
f 4136 2041 1050
f 4136 1050 1353
f 1352 4136 1353
f 1352 1353 876
f 1050 2889 4137
f 1050 4137 1353
f 2889 1051 3074
f 2889 3074 4137
f 4137 3074 875
f 4137 875 3077
f 1353 4137 3077
f 1353 3077 876
f 1050 2041 4138
f 1050 4138 1286
f 2041 1039 3011
f 2041 3011 4138
f 4138 3011 1035
f 4138 1035 3009
f 1286 4138 3009
f 1286 3009 1036
f 1050 1286 4139
f 1050 4139 2889
f 1286 1036 1978
f 1286 1978 4139
f 4139 1978 895
f 4139 895 1979
f 2889 4139 1979
f 2889 1979 1051
f 1051 2944 4140
f 1051 4140 3074
f 2944 891 2115
f 2944 2115 4140
f 4140 2115 879
f 4140 879 3079
f 3074 4140 3079
f 3074 3079 875
f 1051 1979 4141
f 1051 4141 2944
f 1979 895 1211
f 1979 1211 4141
f 4141 1211 892
f 4141 892 2947
f 2944 4141 2947
f 2944 2947 891
f 1036 2213 4142
f 1036 4142 1978
f 2213 1032 1743
f 2213 1743 4142
f 4142 1743 894
f 4142 894 1735
f 1978 4142 1735
f 1978 1735 895
f 499 1805 4143
f 499 4143 1746
f 1805 1022 3008
f 1805 3008 4143
f 4143 3008 899
f 4143 899 2544
f 1746 4143 2544
f 1746 2544 534
f 890 2678 4144
f 890 4144 2201
f 2678 953 2121
f 2678 2121 4144
f 4144 2121 188
f 4144 188 2226
f 2201 4144 2226
f 2201 2226 13
f 953 1215 4145
f 953 4145 2121
f 1215 956 1983
f 1215 1983 4145
f 4145 1983 959
f 4145 959 2122
f 2121 4145 2122
f 2121 2122 188
f 838 2609 4146
f 838 4146 2660
f 2609 1052 1606
f 2609 1606 4146
f 4146 1606 970
f 4146 970 1146
f 2660 4146 1146
f 2660 1146 839
f 1010 1615 4147
f 1010 4147 2538
f 1615 970 1606
f 1615 1606 4147
f 4147 1606 1052
f 4147 1052 1153
f 2538 4147 1153
f 2538 1153 1053
f 1010 2538 4148
f 1010 4148 2276
f 2538 1053 1410
f 2538 1410 4148
f 4148 1410 1054
f 4148 1054 2280
f 2276 4148 2280
f 2276 2280 1009
f 872 2277 4149
f 872 4149 2281
f 2277 1012 1354
f 2277 1354 4149
f 4149 1354 1056
f 4149 1056 1914
f 2281 4149 1914
f 2281 1914 1055
f 867 3014 4150
f 867 4150 3012
f 3014 872 2281
f 3014 2281 4150
f 4150 2281 1055
f 4150 1055 1915
f 3012 4150 1915
f 3012 1915 1057
f 855 3086 4151
f 855 4151 2611
f 3086 967 2822
f 3086 2822 4151
f 4151 2822 1052
f 4151 1052 2609
f 2611 4151 2609
f 2611 2609 838
f 1053 1153 4152
f 1053 4152 3075
f 1153 1052 2822
f 1153 2822 4152
f 4152 2822 967
f 4152 967 2815
f 3075 4152 2815
f 3075 2815 968
f 1053 3075 4153
f 1053 4153 1410
f 3075 968 3089
f 3075 3089 4153
f 4153 3089 1008
f 4153 1008 2042
f 1410 4153 2042
f 1410 2042 1054
f 1055 1914 4154
f 1055 4154 2753
f 1914 1056 1607
f 1914 1607 4154
f 4154 1607 1013
f 4154 1013 2750
f 2753 4154 2750
f 2753 2750 1003
f 1057 1915 4155
f 1057 4155 3205
f 1915 1055 2753
f 1915 2753 4155
f 4155 2753 1003
f 4155 1003 2749
f 3205 4155 2749
f 3205 2749 1004
f 1071 2401 4156
f 1071 4156 2841
f 2401 1057 3205
f 2401 3205 4156
f 4156 3205 1004
f 4156 1004 2690
f 2841 4156 2690
f 2841 2690 977
f 1072 3218 4157
f 1072 4157 2214
f 3218 1071 2841
f 3218 2841 4157
f 4157 2841 977
f 4157 977 2208
f 2214 4157 2208
f 2214 2208 976
f 975 1745 4158
f 975 4158 1740
f 1745 1058 3207
f 1745 3207 4158
f 4158 3207 1072
f 4158 1072 2214
f 1740 4158 2214
f 1740 2214 976
f 1059 3206 4159
f 1059 4159 2945
f 3206 1058 1745
f 3206 1745 4159
f 4159 1745 975
f 4159 975 2952
f 2945 4159 2952
f 2945 2952 973
f 1060 3208 4160
f 1060 4160 2689
f 3208 1059 2945
f 3208 2945 4160
f 4160 2945 973
f 4160 973 2679
f 2689 4160 2679
f 2689 2679 972
f 972 2680 4161
f 972 4161 2689
f 2680 974 1219
f 2680 1219 4161
f 4161 1219 1068
f 4161 1068 3209
f 2689 4161 3209
f 2689 3209 1060
f 974 1281 4162
f 974 4162 1219
f 1281 836 1703
f 1281 1703 4162
f 4162 1703 832
f 4162 832 3212
f 1219 4162 3212
f 1219 3212 1068
f 896 2204 4163
f 896 4163 2203
f 2204 897 1276
f 2204 1276 4163
f 4163 1276 529
f 4163 529 2244
f 2203 4163 2244
f 2203 2244 525
f 526 2523 4164
f 526 4164 2243
f 2523 532 2043
f 2523 2043 4164
f 4164 2043 896
f 4164 896 2203
f 2243 4164 2203
f 2243 2203 525
f 553 1194 4165
f 553 4165 2963
f 1194 577 1126
f 1194 1126 4165
f 4165 1126 585
f 4165 585 2964
f 2963 4165 2964
f 2963 2964 552
f 577 1125 4166
f 577 4166 1126
f 1125 583 2696
f 1125 2696 4166
f 4166 2696 588
f 4166 588 1197
f 1126 4166 1197
f 1126 1197 585
f 583 2697 4167
f 583 4167 2696
f 2697 606 2665
f 2697 2665 4167
f 4167 2665 609
f 4167 609 1942
f 2696 4167 1942
f 2696 1942 588
f 606 2664 4168
f 606 4168 2665
f 2664 607 2895
f 2664 2895 4168
f 4168 2895 612
f 4168 612 1128
f 2665 4168 1128
f 2665 1128 609
f 607 2896 4169
f 607 4169 2895
f 2896 633 1324
f 2896 1324 4169
f 4169 1324 636
f 4169 636 1875
f 2895 4169 1875
f 2895 1875 612
f 633 1323 4170
f 633 4170 1324
f 1323 634 1598
f 1323 1598 4170
f 4170 1598 639
f 4170 639 2071
f 1324 4170 2071
f 1324 2071 636
f 634 1599 4171
f 634 4171 1598
f 1599 663 2833
f 1599 2833 4171
f 4171 2833 666
f 4171 666 2897
f 1598 4171 2897
f 1598 2897 639
f 663 2832 4172
f 663 4172 2833
f 2832 664 3105
f 2832 3105 4172
f 4172 3105 669
f 4172 669 1601
f 2833 4172 1601
f 2833 1601 666
f 664 3106 4173
f 664 4173 3105
f 3106 692 2003
f 3106 2003 4173
f 4173 2003 695
f 4173 695 2389
f 3105 4173 2389
f 3105 2389 669
f 692 2002 4174
f 692 4174 2003
f 2002 693 2327
f 2002 2327 4174
f 4174 2327 698
f 4174 698 2835
f 2003 4174 2835
f 2003 2835 695
f 693 2328 4175
f 693 4175 2327
f 2328 721 1264
f 2328 1264 4175
f 4175 1264 723
f 4175 723 1602
f 2327 4175 1602
f 2327 1602 698
f 721 1263 4176
f 721 4176 1264
f 1263 722 1538
f 1263 1538 4176
f 4176 1538 726
f 4176 726 1760
f 1264 4176 1760
f 1264 1760 723
f 722 1539 4177
f 722 4177 1538
f 1539 749 2259
f 1539 2259 4177
f 4177 2259 751
f 4177 751 2605
f 1538 4177 2605
f 1538 2605 726
f 749 2258 4178
f 749 4178 2259
f 2258 750 2535
f 2258 2535 4178
f 4178 2535 754
f 4178 754 2774
f 2259 4178 2774
f 2259 2774 751
f 750 2514 4179
f 750 4179 2535
f 2514 776 2958
f 2514 2958 4179
f 4179 2958 778
f 4179 778 1518
f 2535 4179 1518
f 2535 1518 754
f 776 2957 4180
f 776 4180 2958
f 2957 777 1206
f 2957 1206 4180
f 4180 1206 781
f 4180 781 1453
f 2958 4180 1453
f 2958 1453 778
f 777 1207 4181
f 777 4181 1206
f 1207 804 1866
f 1207 1866 4181
f 4181 1866 806
f 4181 806 2260
f 1206 4181 2260
f 1206 2260 781
f 804 1865 4182
f 804 4182 1866
f 1865 805 2198
f 1865 2198 4182
f 4182 2198 809
f 4182 809 2451
f 1866 4182 2451
f 1866 2451 806
f 805 2199 4183
f 805 4183 2198
f 2199 827 1823
f 2199 1823 4183
f 4183 1823 828
f 4183 828 1208
f 2198 4183 1208
f 2198 1208 809
f 910 2622 4184
f 910 4184 1340
f 2622 911 3082
f 2622 3082 4184
f 4184 3082 904
f 4184 904 3080
f 1340 4184 3080
f 1340 3080 905
f 828 2117 4185
f 828 4185 2909
f 2117 910 1340
f 2117 1340 4185
f 4185 1340 905
f 4185 905 2877
f 2909 4185 2877
f 2909 2877 575
f 572 2112 4186
f 572 4186 1592
f 2112 1034 1350
f 2112 1350 4186
f 4186 1350 569
f 4186 569 1320
f 1592 4186 1320
f 1592 1320 570
f 689 1261 4187
f 689 4187 1262
f 1261 690 1537
f 1261 1537 4187
f 4187 1537 694
f 4187 694 1758
f 1262 4187 1758
f 1262 1758 691
f 661 2325 4188
f 661 4188 2324
f 2325 689 1262
f 2325 1262 4188
f 4188 1262 691
f 4188 691 1325
f 2324 4188 1325
f 2324 1325 665
f 660 2000 4189
f 660 4189 2001
f 2000 661 2324
f 2000 2324 4189
f 4189 2324 665
f 4189 665 2603
f 2001 4189 2603
f 2001 2603 662
f 631 2831 4190
f 631 4190 2830
f 2831 660 2001
f 2831 2001 4190
f 4190 2001 662
f 4190 662 1813
f 2830 4190 1813
f 2830 1813 635
f 630 2600 4191
f 630 4191 2601
f 2600 631 2830
f 2600 2830 4191
f 4191 2830 635
f 4191 635 3103
f 2601 4191 3103
f 2601 3103 632
f 602 1596 4192
f 602 4192 1595
f 1596 630 2601
f 1596 2601 4192
f 4192 2601 632
f 4192 632 3168
f 1595 4192 3168
f 1595 3168 608
f 601 1321 4193
f 601 4193 1322
f 1321 602 1595
f 1321 1595 4193
f 4193 1595 608
f 4193 608 2386
f 1322 4193 2386
f 1322 2386 605
f 581 2184 4194
f 581 4194 2183
f 2184 601 1322
f 2184 1322 4194
f 4194 1322 605
f 4194 605 2965
f 2183 4194 2965
f 2183 2965 584
f 581 2183 4195
f 581 4195 1620
f 2183 584 1399
f 2183 1399 4195
f 4195 1399 578
f 4195 578 1398
f 1620 4195 1398
f 1620 1398 579
f 553 1193 4196
f 553 4196 1195
f 554 1462 4196
f 554 4196 1193
f 555 1685 4196
f 555 4196 1462
f 579 1398 4196
f 579 4196 1685
f 578 1195 4196
f 578 4196 1398
f 555 1462 4197
f 555 4197 1684
f 1462 554 3027
f 1462 3027 4197
f 4197 3027 496
f 4197 496 3028
f 1684 4197 3028
f 1684 3028 558
f 492 1940 4198
f 492 4198 1961
f 1940 572 2524
f 1940 2524 4198
f 4198 2524 558
f 4198 558 3028
f 1961 4198 3028
f 1961 3028 496
f 492 1960 4199
f 492 4199 1940
f 1960 493 2187
f 1960 2187 4199
f 4199 2187 1034
f 4199 1034 2112
f 1940 4199 2112
f 1940 2112 572
f 542 1687 4200
f 542 4200 2596
f 1687 507 1851
f 1687 1851 4200
f 4200 1851 508
f 4200 508 2570
f 2596 4200 2570
f 2596 2570 502
f 506 1566 4201
f 506 4201 1850
f 1566 507 1687
f 1566 1687 4201
f 4201 1687 542
f 4201 542 1810
f 1850 4201 1810
f 1850 1810 219
f 502 2570 4202
f 502 4202 2312
f 2570 508 2066
f 2570 2066 4202
f 4202 2066 515
f 4202 515 2313
f 2312 4202 2313
f 2312 2313 501
f 543 1618 4203
f 543 4203 2890
f 1618 515 1616
f 1618 1616 4203
f 4203 1616 516
f 4203 516 1872
f 2890 4203 1872
f 2890 1872 566
f 563 1748 4204
f 563 4204 1749
f 564 2662 4204
f 564 4204 1748
f 510 2638 4204
f 510 4204 2662
f 511 2893 4204
f 511 4204 2638
f 592 1749 4204
f 592 4204 2893
f 571 2318 4205
f 571 4205 1530
f 2318 565 1995
f 2318 1995 4205
f 4205 1995 564
f 4205 564 1529
f 1530 4205 1529
f 1530 1529 562
f 567 2317 4206
f 567 4206 2826
f 2317 565 2318
f 2317 2318 4206
f 4206 2318 571
f 4206 571 3099
f 2826 4206 3099
f 2826 3099 568
f 819 1765 4207
f 819 4207 1523
f 1765 823 1271
f 1765 1271 4207
f 4207 1271 817
f 4207 817 1270
f 1523 4207 1270
f 1523 1270 818
f 819 1764 4208
f 819 4208 1765
f 1764 820 1990
f 1764 1990 4208
f 4208 1990 822
f 4208 822 2593
f 1765 4208 2593
f 1765 2593 823
f 589 2248 4209
f 589 4209 1811
f 2248 590 1593
f 2248 1593 4209
f 4209 1593 506
f 4209 506 1850
f 1811 4209 1850
f 1811 1850 219
f 563 1750 4210
f 563 4210 1252
f 1750 594 1531
f 1750 1531 4210
f 4210 1531 596
f 4210 596 1254
f 1252 4210 1254
f 1252 1254 561
f 615 2699 4211
f 615 4211 2698
f 2699 645 1690
f 2699 1690 4211
f 4211 1690 619
f 4211 619 2967
f 2698 4211 2967
f 2698 2967 616
f 590 2526 4212
f 590 4212 2525
f 2526 615 2698
f 2526 2698 4212
f 4212 2698 616
f 4212 616 2763
f 2525 4212 2763
f 2525 2763 591
f 598 2598 4213
f 598 4213 2599
f 2598 620 1943
f 2598 1943 4213
f 4213 1943 621
f 4213 621 2250
f 2599 4213 2250
f 2599 2250 622
f 596 1531 4214
f 596 4214 1996
f 1531 594 1532
f 1531 1532 4214
f 4214 1532 620
f 4214 620 2598
f 1996 4214 2598
f 1996 2598 598
f 643 1624 4215
f 643 4215 1626
f 1624 644 1876
f 1624 1876 4215
f 4215 1876 649
f 4215 649 2462
f 1626 4215 2462
f 1626 2462 646
f 645 1625 4216
f 645 4216 1690
f 1625 643 1626
f 1625 1626 4216
f 4216 1626 646
f 4216 646 1691
f 1690 4216 1691
f 1690 1691 619
f 624 3033 4217
f 624 4217 3032
f 3033 650 1468
f 3033 1468 4217
f 4217 1468 651
f 4217 651 1533
f 3032 4217 1533
f 3032 1533 626
f 622 2250 4218
f 622 4218 2527
f 2250 621 2251
f 2250 2251 4218
f 4218 2251 650
f 4218 650 3033
f 2527 4218 3033
f 2527 3033 624
f 674 3173 4219
f 674 4219 1403
f 3173 672 3174
f 3173 3174 4219
f 4219 3174 678
f 4219 678 1628
f 1403 4219 1628
f 1403 1628 675
f 644 1877 4220
f 644 4220 1876
f 1877 674 1403
f 1877 1403 4220
f 4220 1403 675
f 4220 675 1200
f 1876 4220 1200
f 1876 1200 649
f 652 1944 4221
f 652 4221 1945
f 1944 653 2253
f 1944 2253 4221
f 4221 2253 679
f 4221 679 2767
f 1945 4221 2767
f 1945 2767 655
f 653 1692 4222
f 653 4222 2252
f 1692 651 2969
f 1692 2969 4222
f 4222 2969 648
f 4222 648 2970
f 2252 4222 2970
f 2252 2970 676
f 655 2767 4223
f 655 4223 2766
f 2767 679 2702
f 2767 2702 4223
f 4223 2702 680
f 4223 680 1259
f 2766 4223 1259
f 2766 1259 657
f 673 1131 4224
f 673 4224 1132
f 1131 701 2391
f 1131 2391 4224
f 4224 2391 705
f 4224 705 2900
f 1132 4224 2900
f 1132 2900 703
f 672 3172 4225
f 672 4225 3174
f 3172 673 1132
f 3172 1132 4225
f 4225 1132 703
f 4225 703 2463
f 3174 4225 2463
f 3174 2463 678
f 682 1469 4226
f 682 4226 1471
f 1469 683 1694
f 1469 1694 4226
f 4226 1694 706
f 4226 706 2531
f 1471 4226 2531
f 1471 2531 686
f 683 2972 4227
f 683 4227 1693
f 2972 680 2971
f 2972 2971 4227
f 4227 2971 681
f 4227 681 1202
f 1693 4227 1202
f 1693 1202 704
f 686 2531 4228
f 686 4228 2532
f 2531 706 1405
f 2531 1405 4228
f 4228 1405 708
f 4228 708 1881
f 2532 4228 1881
f 2532 1881 712
f 702 2671 4229
f 702 4229 2672
f 2671 729 1330
f 2671 1330 4229
f 4229 1330 732
f 4229 732 1818
f 2672 4229 1818
f 2672 1818 731
f 701 2390 4230
f 701 4230 2391
f 2390 702 2672
f 2390 2672 4230
f 4230 2672 731
f 4230 731 1133
f 2391 4230 1133
f 2391 1133 705
f 710 2464 4231
f 710 4231 2467
f 2464 711 2704
f 2464 2704 4231
f 4231 2704 735
f 4231 735 2903
f 2467 4231 2903
f 2467 2903 739
f 711 1880 4232
f 711 4232 2703
f 1880 708 1879
f 1880 1879 4232
f 4232 1879 709
f 4232 709 2192
f 2703 4232 2192
f 2703 2192 733
f 739 2903 4233
f 739 4233 1632
f 735 2902 4233
f 735 4233 2903
f 737 1154 4233
f 737 4233 2902
f 1061 2402 4233
f 1061 4233 1154
f 742 1632 4233
f 742 4233 2402
f 757 2332 4234
f 757 4234 2333
f 2332 758 2606
f 2332 2606 4234
f 4234 2606 760
f 4234 760 2838
f 2333 4234 2838
f 2333 2838 759
f 730 1604 4235
f 730 4235 1603
f 1604 757 2333
f 1604 2333 4235
f 4235 2333 759
f 4235 759 2673
f 1603 4235 2673
f 1603 2673 734
f 766 1820 4236
f 766 4236 2656
f 1820 763 1819
f 1820 1819 4236
f 4236 1819 764
f 4236 764 2059
f 2656 4236 2059
f 2656 2059 769
f 1061 1154 4237
f 1061 4237 2402
f 737 1135 4237
f 737 4237 1154
f 763 1820 4237
f 763 4237 1135
f 766 2468 4237
f 766 4237 1820
f 742 2402 4237
f 742 4237 2468
f 784 3021 4238
f 784 4238 1583
f 3021 785 1269
f 3021 1269 4238
f 4238 1269 787
f 4238 787 1584
f 1583 4238 1584
f 1583 1584 762
f 758 2589 4239
f 758 4239 2606
f 2589 784 1583
f 2589 1583 4239
f 4239 1583 762
f 4239 762 3111
f 2606 4239 3111
f 2606 3111 760
f 810 1521 4240
f 810 4240 2776
f 1521 786 1268
f 1521 1268 4240
f 4240 1268 785
f 4240 785 2775
f 2776 4240 2775
f 2776 2775 783
f 794 3092 4241
f 794 4241 1586
f 3092 792 3091
f 3092 3091 4241
f 4241 3091 793
f 4241 793 1334
f 1586 4241 1334
f 1586 1334 797
f 769 2059 4242
f 769 4242 1136
f 2059 764 2060
f 2059 2060 4242
f 4242 2060 792
f 4242 792 3092
f 1136 4242 3092
f 1136 3092 794
f 812 1935 4243
f 812 4243 2839
f 1935 813 2262
f 1935 2262 4243
f 4243 2262 815
f 4243 815 2840
f 2839 4243 2840
f 2839 2840 791
f 786 1522 4244
f 786 4244 1519
f 1522 812 2839
f 1522 2839 4244
f 4244 2839 791
f 4244 791 1988
f 1519 4244 1988
f 1519 1988 788
f 573 2396 4245
f 573 4245 2383
f 2396 814 2261
f 2396 2261 4245
f 4245 2261 813
f 4245 813 3161
f 2383 4245 3161
f 2383 3161 576
f 814 2518 4246
f 814 4246 2517
f 2518 829 2346
f 2518 2346 4246
f 4246 2346 1062
f 4246 1062 3013
f 2517 4246 3013
f 2517 3013 816
f 823 1335 4247
f 823 4247 1271
f 1335 793 2591
f 1335 2591 4247
f 4247 2591 790
f 4247 790 2592
f 1271 4247 2592
f 1271 2592 817
f 729 1329 4248
f 729 4248 1330
f 1329 730 1603
f 1329 1603 4248
f 4248 1603 734
f 4248 734 2077
f 1330 4248 2077
f 1330 2077 732
f 857 2616 4249
f 857 4249 2675
f 2616 863 2404
f 2616 2404 4249
f 4249 2404 844
f 4249 844 2452
f 2675 4249 2452
f 2675 2452 845
f 870 1798 4250
f 870 4250 1809
f 871 2039 4250
f 871 4250 1798
f 1047 2113 4250
f 1047 4250 2039
f 1048 2347 4250
f 1048 4250 2113
f 1063 1809 4250
f 1063 4250 2347
f 869 1544 4251
f 869 4251 2127
f 870 1809 4251
f 870 4251 1544
f 1063 2754 4251
f 1063 4251 1809
f 1064 2141 4251
f 1064 4251 2754
f 864 2127 4251
f 864 4251 2141
f 944 3151 4252
f 944 4252 3143
f 3151 945 1144
f 3151 1144 4252
f 4252 1144 947
f 4252 947 1678
f 3143 4252 1678
f 3143 1678 1065
f 859 3150 4253
f 859 4253 3144
f 3150 944 3143
f 3150 3143 4253
f 4253 3143 1065
f 4253 1065 1411
f 3144 4253 1411
f 3144 1411 861
f 888 1413 4254
f 888 4254 2131
f 1413 885 1520
f 1413 1520 4254
f 4254 1520 1065
f 4254 1065 1678
f 2131 4254 1678
f 2131 1678 947
f 885 1412 4255
f 885 4255 1520
f 1412 886 1543
f 1412 1543 4255
f 4255 1543 861
f 4255 861 1411
f 1520 4255 1411
f 1520 1411 1065
f 887 1918 4256
f 887 4256 1926
f 1918 888 2132
f 1918 2132 4256
f 4256 2132 949
f 4256 949 2134
f 1926 4256 2134
f 1926 2134 952
f 952 2134 4257
f 952 4257 2950
f 2134 949 2133
f 2134 2133 4257
f 4257 2133 950
f 4257 950 2411
f 2950 4257 2411
f 2950 2411 955
f 335 2745 4258
f 335 4258 2236
f 2745 951 2681
f 2745 2681 4258
f 4258 2681 992
f 4258 992 2209
f 2236 4258 2209
f 2236 2209 333
f 946 1418 4259
f 946 4259 1416
f 1418 992 2681
f 1418 2681 4259
f 4259 2681 951
f 4259 951 1925
f 1416 4259 1925
f 1416 1925 948
f 955 2411 4260
f 955 4260 1546
f 2411 950 1279
f 2411 1279 4260
f 4260 1279 337
f 4260 337 1237
f 1546 4260 1237
f 1546 1237 338
f 853 2554 4261
f 853 4261 2610
f 2554 1014 2343
f 2554 2343 4261
f 4261 2343 829
f 4261 829 2398
f 2610 4261 2398
f 2610 2398 830
f 1014 1931 4262
f 1014 4262 1863
f 1931 863 1917
f 1931 1917 4262
f 4262 1917 864
f 4262 864 2141
f 1863 4262 2141
f 1863 2141 1064
f 566 2536 4263
f 566 4263 2890
f 2536 1028 2400
f 2536 2400 4263
f 4263 2400 1025
f 4263 1025 2887
f 2890 4263 2887
f 2890 2887 543
f 1031 2687 4264
f 1031 4264 1742
f 2687 1026 2685
f 2687 2685 4264
f 4264 2685 1027
f 4264 1027 2943
f 1742 4264 2943
f 1742 2943 1030
f 1024 2138 4265
f 1024 4265 2139
f 2138 1025 2400
f 2138 2400 4265
f 4265 2400 1028
f 4265 1028 1218
f 2139 4265 1218
f 2139 1218 1029
f 1030 2943 4266
f 1030 4266 3073
f 2943 1027 2820
f 2943 2820 4266
f 4266 2820 567
f 4266 567 2826
f 3073 4266 2826
f 3073 2826 568
f 1040 2278 4267
f 1040 4267 2279
f 1041 1541 4267
f 1041 4267 2278
f 1037 1540 4267
f 1037 4267 1541
f 1038 1807 4267
f 1038 4267 1540
f 1042 2279 4267
f 1042 4267 1807
f 1026 2688 4268
f 1026 4268 2686
f 2688 1037 1541
f 2688 1541 4268
f 4268 1541 1041
f 4268 1041 1476
f 2686 4268 1476
f 2686 1476 1029
f 1020 1150 4269
f 1020 4269 1151
f 1150 1040 2279
f 1150 2279 4269
f 4269 2279 1042
f 4269 1042 2821
f 1151 4269 2821
f 1151 2821 1043
f 1021 1409 4270
f 1021 4270 1149
f 1409 1024 2140
f 1409 2140 4270
f 4270 2140 1040
f 4270 1040 1150
f 1149 4270 1150
f 1149 1150 1020
f 1045 1542 4271
f 1045 4271 1152
f 1542 869 2127
f 1542 2127 4271
f 4271 2127 864
f 4271 864 1141
f 1152 4271 1141
f 1152 1141 860
f 886 1676 4272
f 886 4272 1543
f 1676 1045 1152
f 1676 1152 4272
f 4272 1152 860
f 4272 860 1140
f 1543 4272 1140
f 1543 1140 861
f 871 2037 4273
f 871 4273 2039
f 2037 1042 1807
f 2037 1807 4273
f 4273 1807 1038
f 4273 1038 1808
f 2039 4273 1808
f 2039 1808 1047
f 1046 1861 4274
f 1046 4274 2038
f 1861 1047 1808
f 1861 1808 4274
f 4274 1808 1038
f 4274 1038 1806
f 2038 4274 1806
f 2038 1806 1039
f 1048 2040 4275
f 1048 4275 2347
f 2040 820 1989
f 2040 1989 4275
f 4275 1989 821
f 4275 821 2283
f 2347 4275 2283
f 2347 2283 1063
f 1014 1863 4276
f 1014 4276 2343
f 1863 1064 2469
f 1863 2469 4276
f 4276 2469 1062
f 4276 1062 2346
f 2343 4276 2346
f 2343 2346 829
f 821 2282 4277
f 821 4277 2283
f 2282 1062 2469
f 2282 2469 4277
f 4277 2469 1064
f 4277 1064 2754
f 2283 4277 2754
f 2283 2754 1063
f 816 3013 4278
f 816 4278 3022
f 3013 1062 2282
f 3013 2282 4278
f 4278 2282 821
f 4278 821 1524
f 3022 4278 1524
f 3022 1524 818
f 184 3085 4279
f 184 4279 2853
f 3085 962 2548
f 3085 2548 4279
f 4279 2548 182
f 4279 182 2583
f 2853 4279 2583
f 2853 2583 183
f 10 1437 4280
f 10 4280 1450
f 1437 11 1738
f 1437 1738 4280
f 4280 1738 962
f 4280 962 3085
f 1450 4280 3085
f 1450 3085 184
f 961 1280 4281
f 961 4281 2479
f 1280 962 1738
f 1280 1738 4281
f 4281 1738 11
f 4281 11 1737
f 2479 4281 1737
f 2479 1737 958
f 958 2482 4282
f 958 4282 2479
f 2482 1006 1550
f 2482 1550 4282
f 4282 1550 1007
f 4282 1007 1283
f 2479 4282 1283
f 2479 1283 961
f 1006 1673 4283
f 1006 4283 1550
f 1673 915 2119
f 1673 2119 4283
f 4283 2119 908
f 4283 908 2124
f 1550 4283 2124
f 1550 2124 1007
f 915 3149 4284
f 915 4284 2119
f 3149 912 2878
f 3149 2878 4284
f 4284 2878 911
f 4284 911 2118
f 2119 4284 2118
f 2119 2118 908
f 900 2044 4285
f 900 4285 2046
f 2044 901 2268
f 2044 2268 4285
f 4285 2268 912
f 4285 912 3148
f 2046 4285 3148
f 2046 3148 913
f 1008 1859 4286
f 1008 4286 2058
f 1859 907 2546
f 1859 2546 4286
f 4286 2546 902
f 4286 902 2553
f 2058 4286 2553
f 2058 2553 1013
f 1054 2042 4287
f 1054 4287 1677
f 2042 1008 2058
f 2042 2058 4287
f 4287 2058 1013
f 4287 1013 1607
f 1677 4287 1607
f 1677 1607 1056
f 1009 2280 4288
f 1009 4288 2321
f 2280 1054 1677
f 2280 1677 4288
f 4288 1677 1056
f 4288 1056 1354
f 2321 4288 1354
f 2321 1354 1012
f 971 2341 4289
f 971 4289 2342
f 2341 1009 2321
f 2341 2321 4289
f 4289 2321 1012
f 4289 1012 3090
f 2342 4289 3090
f 2342 3090 1011
f 901 2266 4290
f 901 4290 2267
f 2266 902 2546
f 2266 2546 4290
f 4290 2546 907
f 4290 907 3081
f 2267 4290 3081
f 2267 3081 904
f 904 3082 4291
f 904 4291 2267
f 3082 911 2878
f 3082 2878 4291
f 4291 2878 912
f 4291 912 2268
f 2267 4291 2268
f 2267 2268 901
f 913 1147 4292
f 913 4292 2046
f 1147 998 2684
f 1147 2684 4292
f 4292 2684 1002
f 4292 1002 2057
f 2046 4292 2057
f 2046 2057 900
f 900 2057 4293
f 900 4293 3236
f 1002 3238 4293
f 1002 4293 2057
f 1083 3236 4293
f 1083 4293 3238
f 13 2215 4294
f 13 4294 2201
f 2215 14 2470
f 2215 2470 4294
f 4294 2470 889
f 4294 889 2406
f 2201 4294 2406
f 2201 2406 890
f 512 3147 4295
f 512 4295 3164
f 3147 889 2470
f 3147 2470 4295
f 4295 2470 14
f 4295 14 2474
f 3164 4295 2474
f 3164 2474 514
f 1034 2187 4296
f 1034 4296 2212
f 2187 493 2202
f 2187 2202 4296
f 4296 2202 894
f 4296 894 1743
f 2212 4296 1743
f 2212 1743 1032
f 849 2206 4297
f 849 4297 3215
f 969 1346 4297
f 969 4297 2206
f 1069 3215 4297
f 1069 4297 1346
f 1074 3094 4298
f 1074 4298 3221
f 3094 838 2660
f 3094 2660 4298
f 4298 2660 839
f 4298 839 3162
f 3221 4298 3162
f 3221 3162 1066
f 1066 3162 4299
f 1066 4299 3222
f 839 1139 4299
f 839 4299 3162
f 849 3222 4299
f 849 4299 1139
f 1070 2065 4300
f 1070 4300 3216
f 838 3094 4300
f 838 4300 2065
f 1074 3216 4300
f 1074 4300 3094
f 1073 2405 4301
f 1073 4301 3220
f 2405 865 1479
f 2405 1479 4301
f 4301 1479 867
f 4301 867 2743
f 3220 4301 2743
f 3220 2743 1067
f 866 1478 4302
f 866 4302 3211
f 865 2405 4302
f 865 4302 1478
f 1073 3211 4302
f 1073 4302 2405
f 1067 2743 4303
f 1067 4303 3219
f 2743 867 3012
f 2743 3012 4303
f 4303 3012 1057
f 4303 1057 2401
f 3219 4303 2401
f 3219 2401 1071
f 1000 2273 4304
f 1000 4304 3224
f 980 1804 4304
f 980 4304 2273
f 1076 3224 4304
f 1076 4304 1804
f 1076 1804 4305
f 1076 4305 3243
f 1804 980 2051
f 1804 2051 4305
f 4305 2051 979
f 4305 979 3242
f 3243 4305 3242
f 3243 3242 978
f 1080 1984 4306
f 1080 4306 3230
f 1984 976 2208
f 1984 2208 4306
f 4306 2208 977
f 4306 977 2480
f 3230 4306 2480
f 3230 2480 1081
f 978 2746 4307
f 978 4307 3231
f 2746 927 1981
f 2746 1981 4307
f 4307 1981 924
f 4307 924 3227
f 3231 4307 3227
f 3231 3227 1077
f 1077 3227 4308
f 1077 4308 3232
f 3227 924 1980
f 3227 1980 4308
f 4308 1980 925
f 4308 925 3228
f 3232 4308 3228
f 3232 3228 1078
f 1078 3228 4309
f 1078 4309 3233
f 925 3229 4309
f 925 4309 3228
f 1079 3233 4309
f 1079 4309 3229
f 1004 2749 4310
f 1004 4310 3237
f 2749 1003 2819
f 2749 2819 4310
f 4310 2819 903
f 4310 903 3235
f 3237 4310 3235
f 3237 3235 1082
f 1084 2818 4311
f 1084 4311 3239
f 2818 903 2045
f 2818 2045 4311
f 4311 2045 900
f 4311 900 3236
f 3239 4311 3236
f 3239 3236 1083
f 1081 2480 4312
f 1081 4312 3241
f 977 2690 4312
f 977 4312 2480
f 1004 3241 4312
f 1004 4312 2690
f 1004 3244 4313
f 1004 4313 3241
f 3244 1075 3223
f 3244 3223 4313
f 4313 3223 1086
f 4313 1086 1547
f 3241 4313 1547
f 3241 1547 1081
f 1081 1547 4314
f 1081 4314 3230
f 1547 1086 3225
f 1547 3225 4314
f 4314 3225 1085
f 4314 1085 3245
f 3230 4314 3245
f 3230 3245 1080
f 1078 3233 4315
f 1078 4315 3246
f 3233 1079 3234
f 3233 3234 4315
f 4315 3234 1080
f 4315 1080 3245
f 3246 4315 3245
f 3246 3245 1085
f 1004 3237 4316
f 1004 4316 3244
f 1082 3247 4316
f 1082 4316 3237
f 1075 3244 4316
f 1075 4316 3247
