# Original Z-Anatomy world coordinates in meters; no atlas registration
o Temporal bone.r
v -0.07121313363 0.002799262293 1.621100187
v -0.02890666761 0.002011090517 1.572771907
v -0.07129455358 0.002798172878 1.621857643
v -0.02809298411 0.001813940704 1.572403431
v -0.02869146876 0.002015781589 1.571755052
v -0.0334001556 0.006147465669 1.575821638
v -0.07141958177 0.003229093738 1.621854305
v -0.02822783031 0.001248471439 1.572847724
v -0.07085876912 0.001359266229 1.621854305
v -0.02906277217 0.001298842952 1.57283783
v -0.0710837543 0.001939599402 1.621854305
v -0.0294642318 0.001840218902 1.572436571
v -0.02825893834 0.001885304227 1.571719408
v -0.06837907434 0.005711947102 1.607752204
v -0.07168060541 0.005153540056 1.620960712
v -0.02788113244 0.001092477702 1.572618961
v -0.02758435719 0.001333286986 1.571949244
v -0.03299494833 0.005483518355 1.57681334
v -0.07177555561 0.006667953916 1.618848324
v -0.02922215499 0.001050362363 1.572157383
v -0.02866340242 0.0009624827653 1.572876811
v -0.07171852887 0.005266790278 1.620563149
v -0.02941505052 0.001719354652 1.571837306
v -0.0324491784 0.005357882008 1.576866508
v -0.07129204273 0.002795849927 1.622291684
v -0.02765312791 0.0007535908371 1.572390318
v -0.03113999218 0.00507511571 1.576683402
v -0.0279419627 0.0007395539433 1.572634459
v -0.0281035807 0.001488166861 1.571488142
v -0.07085876912 0.002799262293 1.621875048
v -0.02893840522 0.001540018246 1.57142818
v -0.03215166926 0.004830067046 1.577547431
v -0.07128509134 0.005356864072 1.620566249
v -0.0288775377 0.0007166396827 1.572462082
v -0.02787285112 0.001278398558 1.571447611
v -0.03174252063 0.004481570795 1.577914596
v -0.02751601674 0.000886272639 1.571578741
v -0.07152783871 0.004948516376 1.620139599
v -0.02834977582 0.0009124912322 1.571243644
v -0.07097632438 0.001939599402 1.622711658
v -0.02828421257 0.0002832692116 1.572823524
v -0.03134487942 0.004098321311 1.57827878
v -0.07161276042 0.005378347822 1.620997071
v -0.02876005508 0.000541774556 1.571712852
v -0.03067973442 0.004292319529 1.577691436
v -0.02785355784 0.0003891196102 1.572811484
v -0.07136586308 0.003658925183 1.620563149
v -0.02701341733 -0.000198610127 1.572523832
v -0.02747483924 -9.557791054e-05 1.573197961
v -0.03181036562 0.004308632575 1.578178287
v -0.07094945759 0.001509671099 1.622711658
v -0.02810089849 0.0006119087338 1.571000457
v -0.03083258495 0.004003924318 1.578178644
v -0.07171852887 0.004948516376 1.62091434
v -0.02990935557 0.00370432809 1.578196049
v -0.07057335228 0.0006500007585 1.620997071
v -0.02769596316 -0.0005968194455 1.573415637
v -0.0273254104 0.0003253053874 1.57165134
v -0.03095703758 0.003354272805 1.578995824
v -0.0303557124 0.003363996744 1.578809142
v -0.02725217678 0.0001789480448 1.572074771
v -0.02707979269 -0.0004541743547 1.571968555
v -0.07227934897 0.01784408651 1.614117146
v -0.02676921897 -0.001042013057 1.573003769
v -0.03004188277 0.003072748892 1.579000711
v -0.07135243714 0.02343220077 1.608094692
v -0.02769611403 0.0002958364785 1.571027756
v -0.028421266 0.000135880895 1.571105003
v -0.03082547337 0.002569712698 1.579381227
v -0.07171852887 0.007097785361 1.621999025
v -0.0273239743 -0.0002210643142 1.571436644
v -0.07133901119 0.02171276323 1.607237339
v -0.03252594173 0.007068180479 1.573632598
v -0.07171852887 0.01942571066 1.613259673
v -0.04233890027 0.02018994652 1.592106104
v -0.03314707428 0.006801722571 1.574463606
v -0.07171852887 0.02214260213 1.610274434
v -0.03252384812 0.006809604354 1.574306965
v -0.0699486956 0.005378347822 1.618848324
v -0.0668592006 0.01655459218 1.606379986
v -0.07128870487 0.02257243358 1.608735323
v -0.03342311829 0.006451982073 1.575314999
v -0.0715405494 0.02214260213 1.608528614
v -0.07128870487 0.02214260213 1.610346675
v -0.03290869668 0.0056777508 1.576518893
v -0.0704004243 -3.776978701e-05 1.621933579
v -0.07128870487 0.02228473686 1.609385967
v -0.06799425185 -0.00665713381 1.622288227
v -0.03011726029 0.004097659141 1.577711463
v -0.06967329234 -0.002358819358 1.621854305
v -0.03272166103 0.004750397988 1.57767868
v -0.02925706469 0.003479753621 1.578166962
v -0.06499865651 -0.01353484672 1.620139599
v -0.02918971889 0.003241170198 1.578471065
v -0.06441099197 -0.01439430099 1.620790362
v -0.0687905997 0.006667953916 1.616265774
v -0.02847152762 0.003021998331 1.57813704
v -0.07201267779 0.007773955353 1.620839238
v -0.02872317471 0.002618759871 1.578775883
v -0.02841895819 0.0023138877 1.578903913
v -0.07193344831 0.01518671494 1.617740393
v -0.07242035866 0.01139630098 1.619271874
v -0.02926341444 0.002637526952 1.57904923
v -0.03069837019 0.002236882225 1.579481125
v -0.04142016545 0.01918125153 1.592567563
v -0.07214836776 0.006855961867 1.621420503
v -0.03031484969 0.00224786438 1.579492569
v -0.07230621576 0.01268589962 1.617980599
v -0.06870950758 -0.003509576432 1.62314558
v -0.07128870487 0.004948516376 1.620439172
v -0.06999910623 -0.001535098068 1.622711658
v -0.04138612002 0.01976754516 1.591628909
v -0.07201296091 0.0121892849 1.61862886
v -0.03342169523 0.005297164433 1.577047229
v -0.0720038414 0.009247039445 1.619705796
v -0.03207083791 0.003783445805 1.578653574
v -0.06953229755 -0.001499260776 1.622711658
v -0.04252768308 0.01976884715 1.591020107
v -0.02892995812 0.002167593688 1.579227567
v -0.07234278321 0.01698442362 1.616699696
v -0.02897720784 0.001724426635 1.57948494
v -0.04020828009 0.01912649348 1.591848493
v -0.07128864527 0.02343220077 1.608528614
v -0.07229277492 0.01354556251 1.616699696
v -0.07240021229 0.0144052254 1.618414521
v -0.032642968 0.007371382322 1.572752118
v -0.05214016512 0.01875749789 1.59013176
v -0.07049948722 0.02214260213 1.606813788
v -0.0336406827 0.006938129663 1.574104548
v -0.0601124689 -0.01095646899 1.58493495
v -0.06714791805 0.03073963895 1.596494198
v -0.03386618569 0.006755578332 1.574616671
v -0.03417371958 0.006544742268 1.5750916
v -0.06965315342 0.02257243358 1.601648808
v -0.06999910623 0.02386203222 1.603508234
v -0.06355132908 0.02386203222 1.599572539
v -0.03413018957 0.006341185886 1.575492501
v -0.03406408802 0.005931522697 1.576128006
v -0.06784984469 0.02859038673 1.599180102
v -0.06699017435 0.03073963895 1.597186327
v -0.03309846669 0.004771548323 1.577654839
v -0.05687184259 -0.01869364269 1.610677242
v -0.05796320736 0.01013026107 1.580162525
v -0.02906032465 0.003804718144 1.577324033
v -0.06843751669 0.02859038673 1.599076629
v -0.06648866087 0.02214260958 1.599500179
v -0.03260375559 0.003792495467 1.578528643
v -0.0709091723 0.02343220077 1.605522513
v -0.02789224498 0.002414453775 1.578528166
v -0.06857015193 0.002047008835 1.618091583
v -0.03170827031 0.002561026253 1.579150915
v -0.02756703831 0.001633173786 1.578960538
v -0.05925280601 0.009247039445 1.584118843
v -0.02859296091 0.001964488067 1.579245567
v -0.03991100192 0.01794183254 1.592936635
v -0.02778472565 0.001289879903 1.579265594
v -0.06399799138 0.007957448252 1.589614511
v -0.02901005186 0.001193886623 1.579649091
v -0.06942403316 0.02257243358 1.601648808
v -0.05853745341 0.01010680664 1.583168507
v -0.05006247386 0.01900747791 1.590404272
v -0.06226173043 0.02501052432 1.599076629
v -0.06333976239 0.02945004031 1.579728603
v -0.03925674036 0.01851675659 1.591669559
v -0.06527075171 0.02987997793 1.597238064
v -0.06226173043 0.03921984136 1.593911648
v -0.03370714933 0.00708989799 1.573440552
v -0.06082110852 0.03417849913 1.575431228
v -0.06536139548 0.03632770106 1.593054295
v -0.06656024605 0.03245906904 1.595647216
v -0.03470736369 0.006112722214 1.574846148
v -0.06613041461 0.03216776624 1.596060395
v -0.06527075171 0.03589782491 1.593694806
v -0.05973976105 0.04062627256 1.575431228
v -0.03362374753 0.004638064653 1.577634454
v -0.03302294761 0.004419382662 1.57799077
v -0.06492479891 0.04019644856 1.59176302
v -0.02796751261 0.002835043706 1.577942133
v -0.06446304917 0.04062627256 1.592196941
v -0.03269425035 0.004178320058 1.578275323
v -0.06454403698 0.04148593545 1.592196941
v -0.02723866701 0.002058820799 1.578374743
v -0.06461583078 0.04234570265 1.59176302
v -0.02677704953 0.001378577203 1.578604817
v -0.06441099197 0.04191575944 1.592403531
v -0.06355132908 0.04105609655 1.592558503
v -0.02727404051 0.001142751426 1.579096317
v -0.06317944825 0.04621428251 1.591339469
v -0.03056956269 0.001860491931 1.579555392
v -0.0609889701 -0.03975651413 1.575431228
v -0.02983812802 0.00169500988 1.579613805
v -0.06054230034 -0.04188656807 1.578013778
v -0.02867014706 0.0007705129683 1.579700112
v -0.06164719164 -0.03889603168 1.575431228
v -0.0609722361 -0.03835886717 1.579728603
v -0.06140206754 -0.03846630454 1.574573874
v -0.03348919004 0.007287639193 1.572570205
v -0.05968263745 -0.04270159453 1.578013778
v -0.05882297456 -0.03889603168 1.57371664
v -0.03441746533 0.006340255029 1.575354099
v -0.06155319512 -0.03760684282 1.57887125
v -0.06140206754 -0.03545716405 1.572766185
v -0.03439645842 0.005610859953 1.576413155
v -0.06211731583 -0.03330853581 1.572848797
v -0.03430704772 0.005346212536 1.576761961
v -0.06140206754 -0.03373826295 1.572322011
v -0.06214417517 -0.03588689119 1.573706269
v -0.0341078341 0.00463625323 1.576969624
v -0.06190244853 -0.03287880868 1.579294801
v -0.03375851363 0.004932086915 1.577378035
v -0.05882297456 -0.04276461154 1.579966187
v -0.02681382932 0.002261592075 1.577591062
v -0.06282254308 -0.02686054632 1.578013778
v -0.03233099729 0.003161243163 1.5788064
v -0.0614259243 -0.03244907781 1.57113409
v -0.02986971103 0.001014267094 1.579660654
v -0.0619225949 -0.0320183076 1.571557522
v -0.06183189899 -0.03115885332 1.571516275
v -0.02766762115 0.0006375107914 1.579502106
v -0.02908860706 0.0004535606131 1.579699993
v -0.06281583011 -0.02600109205 1.576722503
v -0.04151911661 0.01917239651 1.590113044
v -0.06140206754 -0.03158858046 1.570813775
v -0.06159348041 -0.03115885332 1.57113409
v -0.0609722361 -0.0320183076 1.570669174
v -0.03435974568 0.006755696144 1.574272633
v -0.0601124689 -0.0302993916 1.570617557
v -0.05925280601 -0.03072912619 1.570317984
v -0.03472980857 0.006262298673 1.574149728
v -0.06262110919 -0.02729027346 1.57887125
v -0.06140206754 -0.0302993916 1.579418778
v -0.0346208103 0.005790301599 1.574984789
v -0.06183189899 -0.02814972773 1.579511642
v -0.03456695378 0.005864177831 1.575811744
v -0.06210388243 -0.02729027346 1.574140072
v -0.06140206754 -0.02680166438 1.573706269
v -0.0343439579 0.005292464979 1.575283527
v -0.06137851626 -0.02772000059 1.579294801
v -0.03434576839 0.00505489856 1.576460958
v -0.03814185783 0.01771673001 1.591591716
v -0.0601124689 -0.02664050832 1.573282719
v -0.02727120742 0.002642622218 1.577454209
v -0.03749692813 0.01661478356 1.592745543
v -0.0266156029 0.0008732099086 1.578832984
v -0.02650902234 9.545125067e-05 1.57921958
v -0.06248671561 -0.02170277014 1.578013778
v -0.06140206754 -0.02557135746 1.574274302
v -0.06140206754 -0.02299195901 1.575152516
v -0.02744911052 0.00304490421 1.57672441
v -0.0601124689 -0.02600109205 1.573644161
v -0.05925280601 -0.02170277014 1.575069785
v -0.0601124689 -0.02342168614 1.574646354
v -0.03419752792 0.006917515304 1.572519302
v -0.06254725158 -0.02385141328 1.579728603
v -0.05334255844 0.01830626838 1.588620782
v -0.03444772214 0.006779045332 1.573723316
v -0.06270167977 -0.02342168614 1.57887125
v -0.04977984354 0.01836170256 1.588822365
v -0.03323463351 0.003672314808 1.577875972
v -0.06187559664 -0.0186936371 1.580586076
v -0.03251815587 0.003016537055 1.578369021
v -0.0609722361 -0.01955309883 1.580792665
v -0.06165639311 -0.0186936371 1.581019878
v -0.05993448198 -0.02213249542 1.613683343
v -0.03088166378 0.00105949305 1.578777313
v -0.03069010563 0.001417040825 1.579441905
v -0.06046513468 -0.02170277573 1.614974499
v -0.03042220138 0.001208774745 1.579512
v -0.04038927332 0.01542297285 1.593658566
v -0.06904203445 0.02558145486 1.599500179
v -0.02601984143 -0.0003687441349 1.579178691
v -0.05832258612 0.00881721545 1.582734704
v -0.02809480019 -0.0003477847204 1.579708338
v -0.06763828546 0.01913367771 1.603797555
v -0.0338281244 0.007123601623 1.572030544
v -0.05846359581 0.009247039445 1.582734704
v -0.05839303881 -0.00738435518 1.580162525
v -0.05581394956 0.007097785361 1.591535807
v -0.0344508253 0.006111409515 1.572486997
v -0.0609722361 -0.005367944948 1.584945321
v -0.03422468156 0.006927943788 1.573275208
v -0.05965919048 -0.005367944948 1.589180589
v -0.03433182091 0.005143111572 1.575759411
v -0.03331083059 0.003692334518 1.57721591
v -0.03914740309 0.01578328386 1.593518019
v -0.03298151121 0.003368078731 1.577212691
v -0.06054230034 -0.01683321223 1.5762887
v -0.04143626243 0.01539947931 1.593605161
v -0.03271337599 0.00304974895 1.577773333
v -0.06272182614 0.01268589962 1.584883213
v -0.0511549972 0.01847691461 1.588413477
v -0.0600554496 0.01397539396 1.568117738
v -0.0319121033 0.002160187811 1.578045964
v -0.031382218 0.001889964566 1.579032183
v -0.06188230962 0.01741425321 1.573282719
v -0.06165391207 0.01741425321 1.569842815
v -0.03906447068 0.01829379238 1.590499043
v -0.02978711389 3.836117685e-06 1.579105854
v -0.06182859093 0.0182739161 1.577579975
v -0.02889316343 0.0001551136374 1.579673767
v -0.06226173043 0.01655459031 1.581143856
v -0.02641589753 -0.0007645245641 1.579501152
v -0.02757360786 -0.0003365837038 1.579707623
v -0.06118379533 0.01913367584 1.566836715
v -0.06279568374 0.02773072198 1.573706269
v -0.07042893022 0.0006500007585 1.621575475
v -0.03470056504 0.006353896111 1.573446155
v -0.05959865451 0.01956350729 1.564254284
v -0.05882297456 -0.00966625195 1.58584404
v -0.05581394956 0.02429186366 1.596390843
v -0.059753187 0.02300226316 1.565545559
v -0.06269156188 0.02515152656 1.599180102
v -0.04224013165 0.01887816191 1.589113832
v -0.05796320736 0.02816054784 1.598632574
v -0.02809244767 -0.0005685146898 1.57967329
v -0.02588699199 -0.001577960327 1.57941258
v -0.04043808952 0.01876347885 1.589912057
v -0.06115022302 0.02859038673 1.593054295
v -0.060498707 0.02773072384 1.588757038
v -0.03385838121 0.004602328874 1.575593472
v -0.03661574796 0.0164039582 1.592190385
v -0.05991268903 0.0347157605 1.589185715
v -0.06043827534 0.03202923015 1.592620373
v -0.0601124689 0.03116946295 1.593364239
v -0.03746064752 0.01503395755 1.593309045
v -0.06084796786 0.03546798602 1.598209023
v -0.06258598715 0.02859038673 1.598642945
v -0.06140206754 0.02816054784 1.599221349
v -0.02898376994 -0.0003079567105 1.579495072
v -0.06054230034 0.03116946295 1.59999609
v -0.06147261709 0.03202923015 1.599076629
v -0.03452511132 0.005834439769 1.573484421
v -0.06140206754 0.03123599663 1.599934101
v -0.03398735821 0.005163935013 1.57416451
v -0.0337023139 0.004319101572 1.576002955
v -0.0601124689 0.03546798602 1.598756552
v -0.06269156188 0.03976650536 1.593219638
v -0.03384874761 0.004262303002 1.576894641
v -0.04338321835 0.01880408823 1.588799834
v -0.06269156188 0.04105609655 1.592703104
v -0.03164765984 0.001873625442 1.578003407
v -0.06140206754 0.04019644856 1.593260884
v -0.03131997585 0.001535583287 1.578557491
v -0.02695991658 -0.0007005091757 1.579647899
v -0.06226173043 0.04191575944 1.592558503
v -0.03390163928 0.006968583912 1.571418047
v -0.0613919422 0.04148593545 1.593054295
v -0.03456449509 0.00635945471 1.572042227
v -0.06054230034 0.04032535851 1.59434557
v -0.03446204215 0.006009147502 1.572722077
v -0.06355132908 0.04535461962 1.59086442
v -0.02706970088 0.004951310344 1.572147012
v -0.06312149018 0.04184417427 1.592620373
v -0.06140206754 0.04842326045 1.590471864
v -0.02722830512 0.004503373057 1.572795868
v -0.02738123015 0.004056214355 1.573594332
v -0.06133151054 0.04234570265 1.593054295
v -0.05352494866 0.01828406006 1.587270617
v -0.03296720609 0.003729587421 1.57580018
v -0.06054230034 0.04185791314 1.593911648
v -0.04998892546 0.01837603189 1.587367177
v -0.06103596836 0.0483635366 1.583168507
v -0.05988748372 0.04449485242 1.578437328
v -0.06183189899 0.04879337549 1.590058565
v -0.03426517919 0.00551813934 1.573956013
v -0.02704402991 0.003898043185 1.573235869
v -0.06054230034 0.04578445852 1.592052341
v -0.03919753432 0.01810679212 1.589498162
v -0.03382117674 0.004779951647 1.575004697
v -0.0601124689 0.050187096 1.582734704
v -0.03318461776 0.004050982185 1.575415611
v -0.06102254242 0.05094273388 1.588757038
v -0.0609722361 0.05102795362 1.589614511
v -0.05882297456 -0.04076265544 1.574997544
v -0.05796320736 -0.04104569554 1.575276375
v -0.03281404451 0.003372009844 1.576546311
v -0.05925280601 -0.04333276302 1.579294801
v -0.05882297456 -0.04344639182 1.57887125
v -0.03046887927 0.0004664249718 1.578377008
v -0.0304259453 0.0006313575432 1.578986049
v -0.05710354447 -0.04369534552 1.57887125
v -0.02895799652 -0.0005902517587 1.579359293
v -0.05731840804 -0.0436251089 1.579728603
v -0.03751921281 0.01734653115 1.590428233
v -0.02794757113 -0.001155958511 1.579507589
v -0.05882297456 -0.03416799009 1.571857095
v -0.05779193714 -0.03287880868 1.571991444
v -0.02477427013 -0.002709560096 1.579047322
v -0.03615205362 0.01557545457 1.592544556
v -0.02651781403 -0.002092109993 1.579407096
v -0.05791290104 -0.03674738854 1.578013778
v -0.06054230034 -0.03674738854 1.579800963
v -0.03417825326 0.005666757002 1.572337985
v -0.05581394956 -0.0436251089 1.580048919
v -0.03210124373 0.002623665147 1.576688528
v -0.05839303881 -0.03416799009 1.571857095
v -0.057966616 -0.0302993916 1.572425365
v -0.05751664191 -0.03975651413 1.575431228
v -0.0318588987 0.002215139568 1.577084064
v -0.05883320048 -0.03330853581 1.57113409
v -0.05525785312 0.01868501678 1.58587873
v -0.03092236444 0.001032166183 1.57806313
v -0.05839303881 -0.03115885332 1.570555568
v -0.05839303881 -0.03330853581 1.571237326
v -0.0289882347 -0.0008805766702 1.579095364
v -0.0578860417 -0.03115885332 1.57113409
v -0.05781879649 -0.03115885332 1.571557522
v -0.02686192654 -0.001832989976 1.579454064
v -0.03445696831 0.006431711838 1.571287513
v -0.04027112201 0.01421877276 1.593479633
v -0.0589068532 -0.0320183076 1.576722503
v -0.03448243439 0.005979322363 1.571898103
v -0.03863565251 0.01489183772 1.593534946
v -0.03408998996 0.005537463352 1.572845817
v -0.05925280601 -0.0302993916 1.570472956
v -0.0332638137 0.004677987657 1.573970199
v -0.05833601952 -0.03072912619 1.570700169
v -0.03253921866 0.003801574931 1.574917316
v -0.05928968266 -0.02600109205 1.574140072
v -0.05796320736 -0.03043885157 1.571557522
v -0.03250863403 0.003386108205 1.575789928
v -0.03130735457 0.00149120111 1.577813506
v -0.05908824503 -0.02643081173 1.574573874
v -0.05968263745 -0.02514059469 1.574119449
v -0.05968263745 -0.02385141328 1.574522257
v -0.02880208567 -0.001165114343 1.578932524
v -0.02745572478 -0.001698053442 1.579350591
v -0.0589472428 -0.02342168614 1.575431228
v -0.05918224901 -0.02514059469 1.574997544
v -0.05955165252 -0.02428114042 1.615408421
v -0.03328368813 0.004838596098 1.573476315
v -0.0586315617 -0.02213249728 1.575865149
v -0.03309056908 0.004373802803 1.574460864
v -0.05856141821 -0.02170277014 1.575431228
v -0.04607828707 0.01840697415 1.587793112
v -0.03122269921 0.002568413503 1.575382829
v -0.05945093185 -0.02170277014 1.578013778
v -0.03198615834 0.002750761807 1.576215386
v -0.05710354447 -0.01985783502 1.5762887
v -0.04428528249 0.01860183477 1.587896347
v -0.03011824563 3.336369991e-05 1.578189969
v -0.05796320736 -0.01958305761 1.578013778
v -0.02949182503 -0.0006804615259 1.578538418
v -0.05978278816 -0.02256171219 1.615697622
v -0.03458956629 0.006071768701 1.571233392
v -0.05839303881 -0.01439430099 1.576123476
v -0.03424264118 0.005711790174 1.572058439
v -0.02688971721 0.004606559873 1.572201967
v -0.03782939911 0.01733655669 1.589460492
v -0.02700825222 0.004154134542 1.571838379
v -0.05710354447 -0.01952417567 1.575865149
v -0.05581394956 -0.01839407906 1.578013778
v -0.02698705532 0.004347474314 1.572594523
v -0.02695131302 0.002842622809 1.573934317
v -0.03580679744 0.01451947633 1.592646718
v -0.02681274153 0.002498579212 1.574120283
v -0.05710354447 -0.0186936371 1.575668931
v -0.056243781 -0.01740343496 1.575823784
v -0.03672931343 0.01435566787 1.593101025
v -0.05882297456 -0.01353483927 1.57656765
v -0.03141412139 0.001762679778 1.577137232
v -0.05796320736 -0.01353483927 1.576608896
v -0.05151543021 -0.01654397324 1.576949835
v -0.05753337592 -0.007517616265 1.579800963
v -0.06355132908 -0.01654397883 1.619292498
v -0.03074916638 0.0009021935984 1.577709317
v -0.05968263745 0.01213851292 1.581877351
v -0.05230330303 0.01837269962 1.586853504
v -0.02618596889 -0.002543486655 1.579254031
v -0.05984719843 -0.01396457385 1.577146053
v -0.02510174364 -0.003114907071 1.579024434
v -0.06913933903 0.02429186366 1.600925803
v -0.05490387604 -0.01353483927 1.588323236
v -0.04741557315 0.01829228178 1.587430954
v -0.03407261521 0.005449604243 1.571650624
v -0.05710354447 0.008387384005 1.581959963
v -0.05667371303 0.004518692382 1.589872718
v -0.02731398866 0.003891085275 1.57203269
v -0.05538411438 -0.001851300709 1.580162525
v -0.02748231404 0.003404488787 1.57271421
v -0.05882297456 0.004518692382 1.583715916
v -0.05861141533 -0.000209662132 1.59176302
v -0.03230465576 0.003943383694 1.574274063
v -0.05667371303 -0.004938217811 1.579119205
v -0.056243781 -0.01439430099 1.581856608
v -0.03159471601 0.003532266244 1.574212432
v -0.05144754425 0.0129867224 1.592465997
v -0.03167632222 0.00320183672 1.57491219
v -0.04252942279 0.01427438576 1.59325397
v -0.05999491364 0.007527616806 1.59692812
v -0.03088209592 0.001157461666 1.577386022
v -0.05849716812 0.009247039445 1.583168507
v -0.05968263745 -0.006745967083 1.581877351
v -0.02999667823 -4.295259714e-05 1.577820659
v -0.05667371303 0.018760873 1.587465763
v -0.02714925073 -0.002199342474 1.579067349
v -0.0601124689 -0.008377070539 1.586143494
v -0.05989419669 0.01354556251 1.577579975
v -0.02441348508 -0.002628723159 1.578913331
v -0.02601256222 -0.003164526075 1.578939438
v -0.06527075171 -0.002788546495 1.61756742
v -0.06933084875 0.02515152656 1.600357533
v -0.04529319704 0.01845445856 1.587158442
v -0.02781284414 0.003952868283 1.571854711
v -0.05996340513 0.01483516116 1.567694068
v -0.05596507341 0.01268589962 1.565111637
v -0.05968263745 0.01305375714 1.570276618
v -0.02766482905 0.003748610616 1.572208047
v -0.04234208167 0.01874119602 1.587999225
v -0.02771157771 0.003029569052 1.573109865
v -0.02804256789 0.002503050491 1.573580623
v -0.05658973381 0.01096646953 1.56855154
v -0.02715228125 0.003076121211 1.573353529
v -0.05925280601 0.01483516116 1.566888452
v -0.05753337592 0.0182739161 1.562394857
v -0.03495299071 0.01491073985 1.591867208
v -0.05753337592 0.01913367584 1.562425852
v -0.0310860537 0.001861339435 1.576367617
v -0.0585038811 0.02042317204 1.588757038
v -0.02113552019 -0.001723222435 1.576268196
v -0.05621124059 -0.007947343402 1.580162525
v -0.05933007225 0.02214260958 1.586174488
v -0.05796320736 -0.00665713381 1.579997182
v -0.05796320736 0.02300226316 1.564533234
v -0.03448974341 0.005737639032 1.571561694
v -0.05882297456 0.0242918618 1.565793395
v -0.05747067183 0.02343219891 1.565111637
v -0.05710354447 0.02472169325 1.565824509
v -0.02812713198 0.003339992836 1.572684765
v -0.05914868042 0.02515152656 1.584883213
v -0.02716279216 0.002332624048 1.573915958
v -0.05667371303 0.007957448252 1.592827082
v -0.02671318315 0.001885919832 1.574159026
v -0.05061649159 0.01853927784 1.586180091
v -0.05925280601 0.01187313069 1.580586076
v -0.03022945486 0.0009066462517 1.576619029
v -0.02216871083 -0.0009457208216 1.575887322
v -0.07085876912 0.001939599402 1.622856379
v -0.06979591399 0.0218593087 1.601865768
v -0.02132819965 -0.002757797018 1.577319384
v -0.04082611203 0.01851879247 1.587736964
v -0.05841659009 0.005378355272 1.59176302
v -0.02898344025 -0.001251053065 1.5782305
v -0.06102925539 -0.01181593072 1.583168507
v -0.06949200481 0.02343220077 1.602940083
v -0.02847648412 0.003873595037 1.571804285
v -0.07059958577 0.001509671099 1.622288227
v -0.06551046669 0.019348545 1.601189137
v -0.06484092027 0.02214260958 1.599913478
v -0.0706519559 0.02300226502 1.606379986
v -0.05538411438 0.009247039445 1.592010975
v -0.03073759563 0.003679307178 1.573043585
v -0.03822978958 0.01325517427 1.593244076
v -0.06956927478 0.02257243358 1.602340937
v -0.02887419425 0.003212604672 1.572882891
v -0.05882297456 -0.009936901741 1.579294801
v -0.06009573489 -0.01052571367 1.580586076
v -0.02934624813 0.003418025561 1.572702408
v -0.03001808189 0.003206226043 1.57339716
v -0.05968263745 -0.009635264985 1.585751057
v -0.02947572432 0.00305586122 1.573346496
v -0.05968263745 0.01053663809 1.583850265
v -0.02902192436 0.002105708234 1.574187517
v -0.056243781 -0.004938217811 1.578984857
v -0.04638401791 0.01842829771 1.586323261
v -0.03122545779 0.003303828649 1.574165344
v -0.0609722361 -0.0161142461 1.582290411
v -0.03173927218 0.002946236171 1.575484157
v -0.06699017435 -0.001267547254 1.618414521
v -0.03010720015 0.002699648961 1.574240446
v -0.06638839841 0.0001664543524 1.616897225
v -0.0296217408 0.001822558232 1.574898481
v -0.05858455598 0.01010680664 1.582734704
v -0.03034899011 0.002446768805 1.574746966
v -0.06999910623 0.0002201693133 1.62161684
v -0.03056191467 0.002270145342 1.575147986
v -0.05796320736 -0.01009597909 1.579108834
v -0.07027108967 0.02343220077 1.602940083
v -0.03054413386 0.001430334523 1.576304674
v -0.02116264403 -0.001457470469 1.575576186
v -0.05839303881 0.007957448252 1.583323359
v -0.02927130647 -0.0005770782009 1.577028632
v -0.0502359122 0.01274384838 1.592342615
v -0.07040383667 0.02343220077 1.603374004
v -0.02749967389 -0.002584364265 1.578199744
v -0.06109650433 -0.01396457385 1.582311034
v -0.06913933903 -0.000209662132 1.621523738
v -0.05710354447 0.007097785361 1.582652092
v -0.02581893466 -0.003844419494 1.578344107
v -0.05839303881 -0.01054017525 1.585317135
v -0.02352130041 -0.003667751327 1.578483462
v -0.06069342792 0.02085310593 1.56596911
v -0.05865841731 0.03718741611 1.572848797
v -0.05983376503 0.04320536554 1.59176302
v -0.05994791538 0.04191575944 1.593054295
v -0.0491729565 0.0186396949 1.585880041
v -0.02854030952 0.002764707431 1.573363662
v -0.05968263745 0.03917552531 1.593488216
v -0.05882297456 0.03675759211 1.594097614
v -0.02761216275 0.001793175936 1.574081421
v -0.05925280601 0.03890684247 1.59413898
v -0.05796320736 0.03737883642 1.596494198
v -0.05925280601 0.03927592933 1.59476912
v -0.03011400439 0.001515667886 1.575655818
v -0.05705984682 0.03632775322 1.595636845
v -0.02258140594 -0.0006947088987 1.575605154
v -0.05700613558 0.03632775322 1.596060395
v -0.05409462377 0.03933666646 1.568169355
v -0.05968263745 0.04019644856 1.593994379
v -0.02993631177 0.0001684641466 1.577197909
v -0.0601124689 0.04055127501 1.59434557
v -0.02849643305 -0.001744544134 1.578017354
v -0.06054230034 0.03919701278 1.595636845
v -0.05519941449 0.04578445852 1.572425365
v -0.02850274183 -0.001528428867 1.578688741
v -0.0589068532 0.04621428251 1.577579975
v -0.0601124689 0.04449485242 1.592413902
v -0.0266740378 -0.00295978412 1.578695774
v -0.06054230034 0.04492479563 1.592413902
v -0.05581394956 0.0479337126 1.574708223
v -0.05077947676 0.01870384812 1.585103273
v -0.05917553976 0.04879337549 1.578437328
v -0.0601432547 0.04578445852 1.592196941
v -0.05539731681 0.01920239255 1.584455132
v -0.05968263745 0.05062621832 1.590471864
v -0.0287109334 0.00222468935 1.573907018
v -0.05403849855 0.01839366928 1.585527301
v -0.02913491987 0.001599926502 1.574821234
v -0.02981814183 0.0007427502424 1.576223731
v -0.05839303881 0.04750388861 1.591287971
v -0.02990036272 0.0004698112607 1.57670486
v -0.05796320736 0.0497841239 1.578013778
v -0.03928133473 0.0178515967 1.587855101
v -0.05887131765 0.05051280558 1.581019878
v -0.02797530219 -0.002249930054 1.577822208
v -0.05538411438 0.0489243567 1.575431228
v -0.05753337592 0.05048263073 1.579728603
v -0.05924702063 0.05051280558 1.582734704
v -0.02695949562 -0.00296080485 1.578370929
v -0.05452445149 0.04948186874 1.58703196
v -0.05194526166 0.04740646482 1.581877351
v -0.04668171331 0.01256336551 1.592428088
v -0.02715714462 0.001318702474 1.574193835
v -0.05968263745 0.0508184731 1.586174488
v -0.0288345851 0.001111831516 1.575019717
v -0.05667371303 0.05094273388 1.588850021
v -0.05796320736 0.05130201578 1.589614511
v -0.02839758433 0.0007415413857 1.574987173
v -0.02961865813 0.00123687461 1.575473547
v -0.05538411438 0.05094273388 1.590678334
v -0.06054230034 0.0515639782 1.589180589
v -0.02287515998 -0.0005794679746 1.575104713
v -0.056243781 -0.0436251089 1.578344464
v -0.02876596525 0.0002191159874 1.575694323
v -0.02208841965 -0.0009642476216 1.575199604
v -0.056243781 -0.04385752231 1.579728603
v -0.056243781 -0.04411163926 1.579294801
v -0.02108369209 -0.001535758376 1.575148702
v -0.05538411438 -0.04447215796 1.57887125
v -0.02899115533 8.551031351e-05 1.57604897
v -0.029105708 -0.001081063412 1.577654243
v -0.05581394956 -0.04333689064 1.578013778
v -0.05538411438 -0.04451451451 1.579728603
v -0.05538411438 -0.04464880377 1.579294801
v -0.02701314352 -0.003152687103 1.577841997
v -0.05554867536 -0.04276461154 1.578013778
v -0.05658973381 -0.04018624127 1.578013778
v -0.05495428294 -0.04405483603 1.578633666
v -0.04773747921 0.01851174608 1.585981846
v -0.02530339547 -0.003824954852 1.578585148
v -0.02433014661 -0.004027063027 1.578442693
v -0.05495428294 -0.04478308558 1.579294801
v -0.05477578193 -0.04448456317 1.579728603
v -0.05495428294 -0.04405483603 1.579997182
v -0.05471886694 -0.0436251089 1.579728603
v -0.02635665797 0.0003018351272 1.574194312
v -0.05460006744 -0.04448456317 1.579294801
v -0.03726123646 0.01681197248 1.588376284
v -0.02822205611 0.001141305082 1.574612856
v -0.05710354447 -0.04018624127 1.579935312
v -0.05480987579 -0.04319537431 1.579294801
v -0.05363447592 -0.03158858046 1.605522513
v -0.02808952332 -0.00169265084 1.576611638
v -0.05914868042 0.03546798602 1.573282719
v -0.05326171219 -0.03287880868 1.61024344
v -0.05854416639 -0.02857945301 1.615831971
v -0.03603962809 0.01308782864 1.592709422
v -0.05409462377 -0.03316804767 1.611534715
v -0.05366468802 -0.03330853581 1.612195849
v -0.03697121143 0.01270802785 1.592852831
v -0.02756463923 0.0005928240716 1.574556231
v -0.05719424039 0.03546798602 1.59735167
v -0.04415133968 0.01268117037 1.592584729
v -0.02815915085 0.0004162210971 1.575019121
v -0.05581394956 -0.02771999873 1.615077853
v -0.02921528928 -0.0002540908754 1.576610327
v -0.05409462377 -0.03072912432 1.615367055
v -0.02872590162 -0.00121169351 1.577019691
v -0.05489716306 -0.02771999873 1.614550948
v -0.02778093331 -0.002348653972 1.57720089
v -0.05581394956 -0.02686054446 1.615398049
v -0.056243781 -0.02686054446 1.615191579
v -0.05667371303 -0.02600109018 1.615150213
v -0.02664610185 -0.003559986129 1.577458978
v -0.02600506507 -0.00392876938 1.57798028
v -0.05288900807 -0.02514059283 1.589614511
v -0.05245907232 -0.0255713556 1.599076629
v -0.02483761124 -0.00431008637 1.578206301
v -0.05248262733 -0.02900969423 1.604660034
v -0.05581394956 -0.01826391742 1.57608211
v -0.02151246555 -0.00139355287 1.574735045
v -0.0532348603 -0.01697370037 1.576526284
v -0.05366468802 -0.01767406985 1.576722503
v -0.02823912166 -0.0001397617161 1.575426102
v -0.05581394956 -0.0188103728 1.576722503
v -0.05452445149 -0.01756870374 1.578437328
v -0.02850191481 -0.0006654690951 1.576065302
v -0.05353938788 -0.0178331621 1.577579975
v -0.02819864638 -0.001129665412 1.576123714
v -0.05280502513 -0.01755527779 1.578437328
v -0.05722109973 -0.00966625195 1.58703196
v -0.04893633723 -0.02084228024 1.580834031
v -0.02677882276 -0.003429140896 1.577216148
v -0.05280502513 -0.009681749158 1.581019878
v -0.05188690126 0.01858748868 1.583924413
v -0.05237519369 -0.003430041485 1.576722503
v -0.05449961871 0.01891943254 1.583863616
v -0.05753337592 0.03589782491 1.594893098
v -0.02468158118 -0.00022033602 1.574112892
v -0.0594375059 0.03589782491 1.593488216
v -0.02418830059 -0.000436514616 1.574192882
v -0.02725222707 0.0002731438726 1.574499488
v -0.04454024509 0.01855289191 1.586046576
v -0.02203857899 -0.001106128097 1.574701905
v -0.0605725646 0.03632775322 1.590905666
v -0.02751629241 -0.001573838294 1.575785518
v -0.05050842836 -0.03535140678 1.598609447
v -0.05280502513 0.03159940615 1.568314075
v -0.0532348603 -0.002358811907 1.575906515
v -0.02730560116 -0.002795282751 1.576973677
v -0.05495428294 -0.004078763537 1.57747674
v -0.05237519369 -0.002826767974 1.575865149
v -0.02522139996 -0.004476154223 1.577790022
v -0.0390496999 -0.01998282596 1.581494927
v -0.02441618219 -0.005136774853 1.577023029
v -0.05829159915 0.03460832313 1.572425365
v -0.05577706918 0.01010680664 1.566836715
v -0.05538411438 0.009727281518 1.56596911
v -0.02568577044 -0.0003214934841 1.574086785
v -0.056243781 0.01010680664 1.568468809
v -0.02692501433 -5.990639329e-05 1.574417114
v -0.0541537106 0.00881721545 1.564688206
v -0.05204950646 0.005785120185 1.564688206
v -0.03406655788 0.0138447145 1.591571331
v -0.05495428294 0.008316827007 1.566402912
v -0.05366468802 0.008387384005 1.564543486
v -0.02266178094 -0.0009159436449 1.574488044
v -0.05409462377 0.009566036053 1.565111637
v -0.0532348603 0.00881721545 1.564409256
v -0.05667371303 0.03245906904 1.571072102
v -0.05237519369 0.006382529624 1.571557522
v -0.05581394956 0.009247046895 1.566578507
v -0.05237519369 0.008249682374 1.579294801
v -0.02742885612 -0.002350805327 1.576452136
v -0.05452445149 0.008921337314 1.580162525
v -0.0261405129 -0.004056723788 1.577252388
v -0.05839303881 0.03245906904 1.571640253
v -0.02628516965 -0.0008451528847 1.57426548
v -0.05495428294 0.01444901992 1.562539458
v -0.05538411438 0.01162129361 1.56596911
v -0.02702308819 -0.0008947327733 1.574839592
v -0.05544403195 0.01096646953 1.566836715
v -0.02699358761 -0.001769259572 1.57540822
v -0.05538411438 0.01053663809 1.566785097
v -0.05495428294 0.01053663809 1.566495895
v -0.04704464227 0.0186589174 1.585272312
v -0.02688649483 -0.002245834097 1.575649142
v -0.05495428294 0.01096646953 1.566506267
v -0.02404711023 -0.001406487077 1.573634148
v -0.05409462377 0.01096646953 1.566382289
v -0.0252333153 -0.001327421516 1.573871851
v -0.03786674887 0.01721585728 1.587653399
v -0.05108559877 0.01354556251 1.564874053
v -0.05280502513 0.01397539396 1.563469172
v -0.02557592839 -0.000783954747 1.573988914
v -0.05409462377 0.01053663809 1.566351295
v -0.05151543021 0.01139630098 1.566526771
v -0.05567625165 0.01053663809 1.567260385
v -0.04918222502 0.01197060291 1.59231472
v -0.0509689711 0.01612464897 1.593488216
v -0.05538411438 0.01612465456 1.561713099
v -0.02673907019 -0.003326738253 1.576554298
v -0.056243781 0.0182739161 1.561723471
v -0.02642598562 -0.003782164305 1.576634407
v -0.05452445149 0.01612465456 1.561558127
v -0.02553138323 -0.004511527717 1.577240705
v -0.05495428294 0.01784408465 1.561733842
v -0.04979600012 0.01698442176 1.564905047
v -0.02474026196 -0.00154501386 1.573720098
v -0.05280502513 0.02042317018 1.564553857
v -0.02607333101 -0.00197824277 1.574611902
v -0.05925280601 0.03417849913 1.5730865
v -0.05925280601 0.0321312882 1.571991444
v -0.0500139147 -0.03556536138 1.596927404
v -0.05538411438 0.02386203036 1.565710783
v -0.04913335294 0.01894222759 1.584887266
v -0.02617560141 -0.003081122413 1.575434208
v -0.05581394956 0.02472169325 1.565958738
v -0.05409462377 0.02386203036 1.566382289
v -0.04979600012 0.02257243358 1.593705058
v -0.0254642237 -0.004798581824 1.576523185
v -0.02636628412 -0.001316623762 1.574468493
v -0.04256692156 0.01863384806 1.585971117
v -0.05882297456 0.03245906904 1.599458814
v -0.04145732149 0.01860838756 1.586173177
v -0.056243781 0.02515152469 1.565927744
v -0.05667371303 0.02639814839 1.565545559
v -0.039879933 0.01817844994 1.586675286
v -0.02543241344 -0.004717523232 1.57616663
v -0.05581394956 0.025581453 1.566185951
v -0.056243781 0.02644111589 1.565793395
v -0.05667371303 0.02687094733 1.565555811
v -0.056243781 0.02687094733 1.565845132
v -0.02531584539 -0.002127829008 1.574060678
v -0.03406838328 0.01418561023 1.590471268
v -0.05667371303 0.02749529108 1.56596911
v -0.05599193275 0.02687094733 1.566402912
v -0.05581394956 0.02644111589 1.566650748
v -0.0343458429 0.0128484359 1.592077255
v -0.0259424746 -0.002503350377 1.57481432
v -0.05614647269 0.02730089054 1.566402912
v -0.05584421381 0.02687094733 1.567260385
v -0.05553524569 0.02601128444 1.566836715
v -0.02625270188 -0.003777887672 1.576205373
v -0.05591136217 0.02730089054 1.567694068
v -0.02511162683 -0.004864938557 1.576942444
v -0.05538411438 0.02687094733 1.567859411
v -0.056243781 0.02859038487 1.568778872
v -0.0259763319 -0.002911334857 1.575116754
v -0.05425236002 0.03374857083 1.577146053
v -0.05472702533 0.02644111775 1.596494198
v -0.02563643269 -0.003953607753 1.57558167
v -0.05355095491 0.02472169511 1.596060395
v -0.05293507874 0.02558145486 1.595636845
v -0.05581394956 0.02816054784 1.597155333
v -0.05471586809 0.02816054784 1.596060395
v -0.02330031432 -0.001980205067 1.57347858
v -0.05667371303 0.028087724 1.566836834
v -0.02482105605 -0.002208689228 1.573809266
v -0.0562941879 0.02773072198 1.567260385
v -0.05641649663 0.02816054597 1.568117738
v -0.02480924316 -0.003210818395 1.574307084
v -0.04673468322 0.01904581673 1.583978415
v -0.02543172799 -0.003572991118 1.575060248
v -0.05538411438 0.02902020887 1.569068074
v -0.05237519369 0.02300226316 1.565855503
v -0.03884053975 0.01784397103 1.58655405
v -0.05174041539 0.025581453 1.56596911
v -0.02212752774 -0.002932986245 1.573165298
v -0.05581394956 0.02945004217 1.594655514
v -0.05538411438 0.02859038673 1.594583154
v -0.05513898656 0.02945004217 1.595202923
v -0.05495428294 0.02928672545 1.595636845
v -0.02422432974 -0.002418057993 1.57362926
v -0.05588450283 0.03159940615 1.59692812
v -0.05538411438 0.02945004217 1.59650445
v -0.02412257157 -0.003220183775 1.573882818
v -0.05753337592 0.02902021073 1.594200969
v -0.02358551137 -0.00366672501 1.573832393
v -0.03555689752 0.01210318971 1.592180967
v -0.05473601073 0.02859038673 1.595202923
v -0.02051704004 -0.005983935669 1.574460387
v -0.0538158156 0.0273008924 1.595202923
v -0.02472275123 -0.004447201267 1.575304031
v -0.04576164484 0.01207823027 1.592352629
v -0.03905477375 0.01159553323 1.592653751
v -0.02386069112 -0.005528783426 1.576239467
v -0.05648230016 0.03503816202 1.596060395
v -0.05095461383 0.03374857083 1.566836834
v -0.02375662141 -0.003116017208 1.573574305
v -0.05280502513 0.03804717958 1.567260385
v -0.02417040616 -0.00486910902 1.575369954
v -0.05108559877 0.03890684247 1.566268563
v -0.0231051892 -0.005799902603 1.575281501
v -0.05366468802 0.03417849913 1.576526284
v -0.05151543021 0.04017609358 1.579294801
v -0.05280502513 0.04370687902 1.568985343
v -0.02264499106 -0.003434315324 1.573200226
v -0.05495428294 0.04756182432 1.573282719
v -0.02243117429 -0.003925047815 1.573765159
v -0.05603893474 0.03159940615 1.584883213
v -0.05366468802 0.04616852105 1.571557522
v -0.05409462377 0.05143630505 1.589180589
v -0.05409462377 0.0479337126 1.573489189
v -0.02199119702 -0.006278825924 1.574863672
v -0.05710354447 0.02945004217 1.585296512
v -0.05839303881 0.03116946295 1.586928606
v -0.05716046318 0.02902020887 1.56855154
v -0.05753337592 0.03116946109 1.570524573
v -0.01871588267 -0.004573808983 1.572644711
v -0.05710354447 0.02866764739 1.567694068
v -0.02174592391 -0.004508927464 1.573053002
v -0.05796320736 0.02945004031 1.56869626
v -0.05182530731 -0.03474099189 1.60160172
v -0.05409462377 0.05140945315 1.590048194
v -0.0208600089 -0.005340270698 1.57313478
v -0.05710354447 0.02827810124 1.566836834
v -0.01971106976 -0.005453227088 1.572888255
v -0.04777086899 0.01914757118 1.583957314
v -0.02234820276 -0.004967058077 1.574932575
v -0.05710354447 0.02742195502 1.56596911
v -0.02078504488 -0.0065406207 1.574237466
v -0.05581394956 -0.005458849482 1.579294801
v -0.05925280601 0.0303097982 1.570204377
v -0.05452445149 0.02343220077 1.593250513
v -0.01940912195 -0.005274003372 1.572446942
v -0.05839303881 0.02816054597 1.567384243
v -0.05710354447 0.02687094733 1.565638423
v -0.05710354447 0.02644111589 1.565566182
v -0.05710354447 0.025581453 1.565700531
v -0.04472893104 0.01175978873 1.59224093
v -0.02132548019 -0.004303393885 1.572867513
v -0.05796320736 0.02515152469 1.565886378
v -0.05968263745 0.02606221661 1.567260385
v -0.05366468802 0.005808291025 1.59016192
v -0.0601124689 0.02773072384 1.593746424
v -0.0550785549 0.02601128444 1.580162525
v -0.05730684102 0.01096646953 1.577579975
v -0.04957404733 0.01913419925 1.583187461
v -0.056243781 0.02213288471 1.581877351
v -0.02197526023 -0.007040293887 1.574985623
v -0.05244427174 -0.03293547779 1.603771687
v -0.04855643213 0.01934245229 1.58310163
v -0.0556499064 -0.004508490674 1.578437328
v -0.05409462377 -0.01435814332 1.583168507
v -0.0558979325 -0.004078763537 1.578437328
v -0.05495428294 0.007527616806 1.591401577
v -0.05538411438 -0.004938217811 1.578829885
v -0.0532348603 0.006667953916 1.58214581
v -0.05495428294 -0.003218273632 1.57747674
v -0.03327099234 0.01323416363 1.590759277
v -0.056243781 -0.004508490674 1.578850508
v -0.05366468802 -0.007086853497 1.581288457
v -0.0532348603 0.05094273388 1.589128852
v -0.05289355293 0.005808291025 1.582311034
v -0.04257125035 0.01198981609 1.592453718
v -0.05618675798 -0.004078763537 1.57887125
v -0.05317891389 -0.03308204189 1.598629832
v -0.05356066674 0.04750388861 1.585751057
v -0.05090767145 0.01109610405 1.592039347
v -0.05345313251 0.04879337549 1.587899685
v -0.05447321758 0.04922330379 1.576722503
v -0.05327183753 0.0479337126 1.585317135
v -0.05366468802 0.04813855886 1.583602309
v -0.05366468802 0.04851466417 1.584883213
v -0.05351356044 0.04922330379 1.587465763
v -0.05452445149 0.05008296669 1.587910056
v -0.05409462377 0.05094273388 1.588612318
v -0.05409462377 0.05051280558 1.590575099
v -0.05691213161 0.04105609655 1.58703196
v -0.0534612909 0.05008296669 1.588323236
v -0.0532348603 0.05096618831 1.589614511
v -0.05206281692 0.0006500007585 1.579294801
v -0.04745983705 0.01965882443 1.58196044
v -0.043778155 0.004088860936 1.588653684
v -0.05108970404 0.01876388863 1.583178163
v -0.04807667434 0.002369430847 1.589624763
v -0.04033948109 0.003108677454 1.588325262
v -0.04119226336 0.01854007691 1.584859133
v -0.0532348603 -0.03186645731 1.606379986
v -0.0532348603 -0.03192636743 1.607237339
v -0.05091164261 -0.03115885146 1.607237339
v -0.0532348603 -0.03223730996 1.608528614
v -0.0358838439 0.01591422036 1.588064075
v -0.05280502513 -0.03158858046 1.61394155
v -0.03500074893 0.01491847169 1.588978529
v -0.05260421336 -0.03115885146 1.614117146
v -0.05135149136 -0.03158858046 1.612402439
v -0.05092103779 -0.03029938973 1.607237339
v -0.05142338946 -0.03072912432 1.611968517
v -0.05108559877 -0.03115885146 1.612061501
v -0.05151543021 -0.01744784787 1.577146053
v -0.05194526166 -0.01782385632 1.577579975
v -0.04764673859 -0.01439430099 1.577734947
v -0.03469926864 0.01150566433 1.591748118
v -0.05237519369 -0.004531207494 1.57887125
v -0.05151543021 -0.003080877475 1.576722503
v -0.04979600012 -0.003510604613 1.579294801
v -0.05065576732 -0.0005726469681 1.568985343
v -0.05108559877 -0.001247415785 1.570700169
v -0.05151543021 -0.001119727734 1.570276618
v -0.05165312812 -0.000209662132 1.569408894
v -0.05211653188 -0.0006394935772 1.57113409
v -0.05151543021 -0.001069421414 1.575069785
v -0.05212324485 -0.000209662132 1.575865149
v -0.05197552592 -0.000209662132 1.570700169
v -0.05187480897 0.001079839654 1.57113409
v -0.0555177778 0.01625407301 1.590025187
v -0.05151543021 -0.001307839993 1.57113409
v -0.05443606153 0.01621964388 1.590466142
v -0.0524322167 -0.001069421414 1.5762887
v -0.05229792744 -0.000209662132 1.577146053
v -0.05516728014 0.01626888849 1.59049964
v -0.0395030044 0.01816987619 1.58564961
v -0.05417378992 0.0157710705 1.590472817
v -0.05448785797 0.01571621373 1.590542912
v -0.05151543021 -0.001499253325 1.575534701
v -0.05505805463 0.01553074736 1.590180635
v -0.03781604394 0.01745944656 1.586668253
v -0.05462814122 0.01617068797 1.589870811
v -0.05108559877 -0.001499253325 1.575679302
v -0.05108559877 -0.001119727734 1.574997544
v -0.05564184859 0.01615033858 1.590192795
v -0.04936616868 -0.00128098065 1.577146053
v -0.05519858375 0.01577907987 1.589519262
v -0.05390017107 0.01524094585 1.590161681
v -0.04893633723 -0.0009921588935 1.576722503
v -0.05353018269 0.01546495035 1.590140104
v -0.04979600012 -0.0006394935772 1.5875175
v -0.05160457641 0.002357846592 1.56596911
v -0.05089244246 0.01508984622 1.590791702
v -0.05223749578 0.003229093738 1.568117738
v -0.0536711961 0.01492981706 1.591076851
v -0.05176261067 0.003650519066 1.56596911
v -0.05416937917 0.01591686904 1.589477301
v -0.05477890745 0.01528877486 1.589822769
v -0.05143336952 0.003203626722 1.565493822
v -0.05060508475 0.01533815917 1.590736389
v -0.05257332325 0.004948523827 1.567260385
v -0.05103081092 0.001369599719 1.566402912
v -0.05378663167 0.01587981358 1.590131044
v -0.0530111827 0.01559757162 1.589874029
v -0.04986336827 0.003519480117 1.564161301
v -0.05092468485 0.003000648692 1.565111637
v -0.05465767905 0.01548169646 1.589413881
v -0.05005669966 0.001900552772 1.565762401
v -0.05333190039 0.01501205843 1.590553761
v -0.04539411888 -2.523092553e-05 1.569023252
v -0.05248790979 0.01510473341 1.59017241
v -0.05144457892 0.01522700582 1.590246558
v -0.04785266146 0.003807898611 1.563820362
v -0.05065576732 0.0002201693133 1.56855154
v -0.0517835021 0.01497951429 1.590568185
v -0.05251551419 0.01495700609 1.590521693
v -0.05219274014 0.01879452914 1.5823735
v -0.05141575262 0.01468612347 1.590632796
v -0.05186561495 0.001509671099 1.56855154
v -0.03903576732 0.01814320497 1.584231377
v -0.05247876048 0.01478135586 1.590876341
v -0.05413511768 0.01448398363 1.59088695
v -0.04991751164 0.0006477409042 1.567694068
v -0.05277328938 0.01442117617 1.59108305
v -0.04979595542 8.614733815e-06 1.56855154
v -0.0518732816 0.01520904433 1.589909077
v -0.05162626877 0.002369438298 1.571991444
v -0.05065576732 0.003658925183 1.57175386
v -0.05397547036 0.01499563176 1.590247989
v -0.05437298119 0.01416952256 1.590408921
v -0.05065576732 0.003044393845 1.572425365
v -0.05357201025 0.01383514702 1.590566278
v -0.05176159367 0.0006500007585 1.577579975
v -0.05328140035 0.01579910517 1.589339852
v -0.05022593588 0.002369438298 1.57405746
v -0.0507453531 0.01491761953 1.589517117
v -0.05108559877 0.0008884193376 1.577579975
v -0.05487614498 0.01483482216 1.589898944
v -0.05065576732 0.001345214434 1.579728603
v -0.05195634067 0.01437436696 1.590751171
v -0.05151543021 0.003172283061 1.589180589
v -0.05182357877 0.004911670461 1.564688206
v -0.05301230028 0.01358247362 1.590285897
v -0.05299703404 0.01566887833 1.588928819
v -0.05140323564 0.003541825339 1.565111637
v -0.05235597864 0.01553906314 1.589472413
v -0.05131513625 0.004435812123 1.564119935
v -0.04996692762 0.01508642919 1.589867473
v -0.04982618243 0.004334193654 1.563686132
v -0.05030473322 0.0146822473 1.590292931
v -0.05135583505 0.005725741386 1.56394434
v -0.05243561789 0.01364753395 1.590505838
v -0.04801868275 0.005067927763 1.563675761
v -0.05595489964 0.01548004616 1.588535786
v -0.05194526166 0.004518692382 1.570803404
v -0.05506173521 0.01525139995 1.589024901
v -0.05151543021 0.003003490157 1.57113409
v -0.0541966036 0.01530990005 1.588864684
v -0.04893633723 0.004088860936 1.572384
v -0.04549748078 0.004293707199 1.5762887
v -0.05567061901 0.01513511129 1.589181423
v -0.05065576732 0.006238122471 1.581288457
v -0.05577271804 0.01588376425 1.588012576
v -0.05280502513 0.009908583947 1.56596911
v -0.05542921275 0.01568903029 1.588337898
v -0.05280502513 0.01053663809 1.566495895
v -0.0562960431 0.01551411767 1.587928891
v -0.05151188001 0.008710421622 1.564688206
v -0.05209379643 0.01511094533 1.588849664
v -0.05141609907 0.01504010987 1.589526415
v -0.05149428919 0.009607521817 1.566428781
v -0.04979600012 0.008500707336 1.566402912
v -0.05095810071 0.01403291896 1.590288281
v -0.04958867654 0.00694851391 1.564058065
v -0.05424360186 0.014027806 1.59005928
v -0.05022593588 0.01096646953 1.566661119
v -0.05153286085 0.01411643066 1.590539455
v -0.05610815063 0.01620650291 1.587421179
v -0.04764673859 0.005281043239 1.57887125
v -0.05430488288 0.01544034667 1.588209152
v -0.05108559877 -0.005444387905 1.580586076
v -0.04893633723 0.01354556251 1.565731525
v -0.05274192616 0.01525954437 1.588692665
v -0.05609866604 0.01494824979 1.588832259
v -0.05080503225 0.01483516116 1.564254284
v -0.04893633723 0.01569482312 1.565256238
v -0.05579210445 0.01479341183 1.589186192
v -0.05016205087 0.0145066008 1.589875937
v -0.0492945835 0.01741425321 1.565111637
v -0.05471930653 0.01422401238 1.589597702
v -0.03649517521 0.0165462289 1.587429166
v -0.05650297925 0.01611535251 1.587019324
v -0.05237519369 0.02171276882 1.565369844
v -0.05502035096 0.0158964023 1.58763504
v -0.05194526166 0.02214260772 1.565524817
v -0.05194526166 0.02300226316 1.565597177
v -0.05627901107 0.01592399739 1.587706089
v -0.05151543021 0.02128292993 1.565359473
v -0.05612825975 0.01485865843 1.588466167
v -0.05108559877 0.02171276882 1.56520462
v -0.0550641045 0.01430809963 1.589093924
v -0.05640252307 0.01675445959 1.586262584
v -0.0508874692 0.02257243171 1.564688206
v -0.05637029931 0.01640714332 1.586129189
v -0.03372254968 0.01360901352 1.589445829
v -0.04856022075 0.01913367584 1.564254284
v -0.0561814867 0.01568679325 1.586794257
v -0.05108559877 0.02386203222 1.593984008
v -0.05370749533 0.01529486384 1.587685585
v -0.05341728032 0.01529172063 1.588695049
v -0.05194526166 0.02386203036 1.565545559
v -0.05406262353 0.01404213812 1.589140415
v -0.05103518814 0.025581453 1.563396931
v -0.05383491516 0.01390961185 1.589587331
v -0.04782472551 0.02386203036 1.567260385
v -0.04868796095 0.01017501112 1.592273831
v -0.054396566 0.01567345485 1.587555647
v -0.05087289959 0.01477743872 1.589247942
v -0.05194526166 0.02532951348 1.59476912
v -0.05301679298 0.01370504498 1.589275718
v -0.05065576732 0.03675759211 1.566185951
v -0.05151777714 0.01350852475 1.590282679
v -0.04936616868 0.03460832313 1.565235615
v -0.05645953491 0.01602123305 1.586403728
v -0.04721690714 0.03804717958 1.56492579
v -0.05599171668 0.01499894541 1.58785224
v -0.04807667434 0.03933666646 1.575689554
v -0.05055052042 0.01448900532 1.588953137
v -0.05194526166 0.04320536554 1.56799376
v -0.05046467111 0.01380525157 1.589931846
v -0.05151543021 0.04449485242 1.569811821
v -0.05219092965 0.01328458451 1.590062499
v -0.05108559877 0.04385346174 1.568117738
v -0.05287795141 0.01599427313 1.586542606
v -0.04979600012 0.04373259842 1.566836834
v -0.04979600012 0.04320536554 1.566506267
v -0.05586828664 0.01642094553 1.586240411
v -0.05553382263 0.01507819165 1.5872401
v -0.04979600012 0.04398114979 1.567694068
v -0.04868449271 0.04320536554 1.578013778
v -0.05540754274 0.01462669391 1.587927103
v -0.05147183314 0.04578445852 1.582311034
v -0.0550349988 0.01425228361 1.588717222
v -0.05280502513 0.04664412141 1.583932996
v -0.05347684771 0.01405915245 1.588597298
v -0.05123630911 0.01294375304 1.58985281
v -0.05194526166 0.04572060704 1.571557522
v -0.04850650579 0.04502880573 1.573282719
v -0.05257777125 0.01650209539 1.585903764
v -0.05194526166 0.04811170697 1.577146053
v -0.05503101274 0.01603801735 1.586939931
v -0.05191734806 0.01618436165 1.586537242
v -0.04670980945 0.04363518953 1.574997544
v -0.05393463746 0.01551238354 1.587197542
v -0.04893633723 0.04449485242 1.577848554
v -0.05236149207 0.01478257682 1.588361025
v -0.05280502513 0.04808484018 1.57887125
v -0.05194526166 0.04750388861 1.578840256
v -0.05177450553 0.01479235385 1.588667154
v -0.05410096049 0.01411715429 1.588711023
v -0.05102847144 0.04664412141 1.580586076
v -0.05305100977 0.01396457199 1.58865118
v -0.05090089515 0.04621428251 1.581443429
v -0.04967882112 0.01388857327 1.588954926
v -0.05151543021 0.04662883282 1.582311034
v -0.03842845932 0.01792088524 1.585182309
v -0.05223223194 0.01318739913 1.589728713
v -0.05359134823 0.01622390933 1.586220503
v -0.05280502513 0.04753404856 1.583602309
v -0.05254951864 0.01563811861 1.586477041
v -0.05110915005 0.04664412141 1.581443429
v -0.05300214142 0.01484432258 1.587729812
v -0.05318444595 0.04750388861 1.584883213
v -0.05302656069 0.0143695455 1.587997317
v -0.0532046929 0.0479337126 1.584459782
v -0.05383461341 0.04922330379 1.590048194
v -0.0522386618 0.01352009084 1.588941574
v -0.05305015668 0.04965314269 1.588757038
v -0.05012142286 0.01393316034 1.589587808
v -0.05360195413 0.01676088385 1.58524704
v -0.05307029933 0.05008296669 1.589614511
v -0.05410049483 0.01651568525 1.585781097
v -0.0400021635 0.01076281536 1.592243671
v -0.0532348603 0.05051280558 1.588674426
v -0.05464021862 0.01644128561 1.584974051
v -0.05292258039 0.05051280558 1.589180589
v -0.05090911314 0.01615803503 1.586280465
v -0.04811463505 -0.03634690493 1.59483242
v -0.05656876415 0.0161811579 1.5857023
v -0.047461804 0.009858991019 1.592063189
v -0.05508232862 0.01470757369 1.587006092
v -0.05461146683 0.01445864327 1.587865114
v -0.04890472442 -0.035915263 1.594820142
v -0.05244652927 0.01402063854 1.588413835
v -0.04764673859 -0.02772000059 1.582652092
v -0.04757360741 -0.03596708179 1.594408393
v -0.05291318893 0.01673227362 1.585313797
v -0.04721690714 -0.033902511 1.587899685
v -0.05218921229 0.01539238542 1.586581469
v -0.05600627139 0.01550520118 1.58646369
v -0.04803715646 -0.03561510518 1.595709324
v -0.05340408534 0.015269625 1.587211132
v -0.04919721931 0.01927220449 1.582219362
v -0.05232134461 0.01479430124 1.587392569
v -0.0480338037 -0.03612258658 1.595692158
v -0.04635724798 -0.03438595682 1.58703196
v -0.05057034642 0.01442422625 1.588073969
v -0.05165774748 0.01392893679 1.588231206
v -0.0467870757 -0.03158858046 1.587114573
v -0.04658223316 -0.03072912432 1.587899685
v -0.05382503197 0.01677871682 1.584489584
v -0.04328599572 0.01876466721 1.583142638
v -0.05669581145 0.01625822671 1.585247874
v -0.04705906659 -0.03373826295 1.588323236
v -0.05312874541 0.01577568427 1.5862602
v -0.04721690714 -0.02170277014 1.580038548
v -0.05069762841 0.01572295092 1.586564064
v -0.05607853085 0.01553177927 1.585919023
v -0.04918146878 -0.01998282596 1.579728603
v -0.04807667434 -0.01998282596 1.57852006
v -0.05319283158 0.01527458336 1.586835861
v -0.05135373026 0.01544238813 1.586690068
v -0.03637990728 0.01693217829 1.585669875
v -0.04764673859 -0.02213249728 1.580658317
v -0.05208465457 0.01521017123 1.586766958
v -0.04248856008 -0.02686054632 1.581123114
v -0.05226548761 0.01462392975 1.587821722
v -0.04463781789 -0.0204125531 1.5785923
v -0.05342682824 0.0145274112 1.587105274
v -0.05368161574 0.01455843356 1.587562442
v -0.04635724798 -0.01654397324 1.577104688
v -0.04549749568 -0.00794666633 1.57998693
v -0.05100665241 0.01467738766 1.587546349
v -0.0467870757 -0.005797672085 1.580792665
v -0.05120978504 0.01452805195 1.588482499
v -0.04721690714 -0.004508490674 1.58095789
v -0.04969681799 0.01422862615 1.588479519
v -0.05174572393 0.01424163487 1.587528706
v -0.03630576655 0.0106900027 1.591635346
v -0.04930373654 0.01417533215 1.588338614
v -0.04850650579 -0.0002936450765 1.569408894
v -0.05158516765 0.01369260065 1.588319778
v -0.04229991883 -0.0007500699721 1.57555747
v -0.04997231439 0.01337127574 1.58936882
v -0.04549751058 -0.001420595683 1.579728961
v -0.05047119781 0.01294811722 1.589583158
v -0.04592741653 -0.001929038204 1.580647945
v -0.05088740215 0.01252585277 1.589397669
v -0.04567737877 0.01095397305 1.59204185
v -0.04914150015 0.01222362928 1.589816689
v -0.0467870757 -0.0004817498848 1.577579975
v -0.03859940544 0.01052158419 1.592151284
v -0.05239925906 0.01680474542 1.584998131
v -0.04850650579 7.576216012e-05 1.577579975
v -0.05110453814 0.01648859307 1.585495591
v -0.04721690714 -0.0004683239385 1.578013778
v -0.05560349673 0.01620904915 1.585787654
v -0.0467870757 -0.0005086092278 1.57887125
v -0.04925850034 0.0161309801 1.585705876
v -0.04936616868 0.003658925183 1.572270393
v -0.04994969442 0.01585764065 1.586256146
v -0.04936616868 0.002799262293 1.573241353
v -0.05382663384 0.01596323773 1.585949063
v -0.04850650579 0.003229093738 1.573045135
v -0.05400713533 0.01552325208 1.586439133
v -0.04635666311 0.001941138878 1.57372725
v -0.05146382004 0.01481212955 1.587355018
v -0.04807667434 0.003658925183 1.573107004
v -0.05039011315 0.0148727335 1.58727479
v -0.04503913224 0.0005751107819 1.575016022
v -0.05260221288 0.01438906323 1.587811947
v -0.05022593588 -0.00665713381 1.580978513
v -0.05348071083 0.01084010396 1.590884686
v -0.04850650579 0.003229093738 1.5900172
v -0.05314587429 0.01053066831 1.590862751
v -0.05617053062 0.01642998308 1.584614873
v -0.04825796932 0.006246668752 1.564688206
v -0.04829137027 0.007032726891 1.56596911
v -0.05597636476 0.01634377614 1.585613847
v -0.04646458477 0.005250922404 1.566402912
v -0.05037015304 0.01639291085 1.58560884
v -0.04792554677 0.004088860936 1.573282719
v -0.05431836471 0.01599116251 1.585484147
v -0.04869802296 0.004518692382 1.572848797
v -0.05511911586 0.01600543223 1.586008549
v -0.04850650579 0.004824568518 1.580162525
v -0.05462287739 0.01576401852 1.586153626
v -0.05515242368 0.01481736545 1.586474657
v -0.04807667434 0.004595135339 1.580162525
v -0.05430662632 0.0145638166 1.586733818
v -0.05151543021 0.005808291025 1.590151548
v -0.05438635498 0.01455601584 1.587327719
v -0.04549748078 0.004239988513 1.579294801
v -0.04945549741 0.01452168357 1.587571144
v -0.04635724798 0.002799262293 1.580864906
v -0.04891407117 0.0143615203 1.587767959
v -0.04506765306 0.002799262293 1.580616951
v -0.0535216108 0.01932948828 1.581459999
v -0.04889194295 0.01412004139 1.588213563
v -0.04850638658 0.008817095309 1.566857457
v -0.0491133593 0.01379381772 1.588611484
v -0.04952096939 0.01302884985 1.588995576
v -0.04807667434 0.00967687089 1.56708467
v -0.04740832746 0.00967687089 1.567694068
v -0.05163904279 0.0128300935 1.589380741
v -0.04799591377 0.01229732111 1.589859486
v -0.04761657864 0.01053663809 1.567694068
v -0.04676090926 0.007928374223 1.567012429
v -0.04833457991 0.01260150131 1.589492083
v -0.04719346017 0.01010680664 1.56855154
v -0.0483671315 0.01194747165 1.590260029
v -0.04850650579 0.01182613987 1.566692114
v -0.05260830745 0.01034506503 1.590469003
v -0.05517809466 0.0178303998 1.582866907
v -0.04773816094 0.01268589962 1.566836715
v -0.04764673859 0.01139630098 1.567632198
v -0.05539603531 0.01748275198 1.583234787
v -0.05498681962 0.01724739373 1.58349359
v -0.04807667434 0.01569482312 1.565431952
v -0.04807667434 0.01483516116 1.565731525
v -0.05514583737 0.01603703946 1.585292578
v -0.03437443078 0.01435810793 1.587927222
v -0.04916395992 0.01578964666 1.585966349
v -0.04635724798 0.01265563536 1.567260385
v -0.05639898404 0.01589778252 1.585253239
v -0.0467870757 0.01483516116 1.565442204
v -0.04977380857 0.01526919473 1.586546183
v -0.03267354518 0.01240293961 1.590405583
v -0.05591157824 0.01550206542 1.585548043
v -0.05051631108 0.01527760923 1.58670485
v -0.04808690026 0.02128292993 1.562105656
v -0.04549748078 0.01784408465 1.561919689
v -0.04946346581 0.01475960389 1.586930752
v -0.05350692198 0.01484730933 1.586332798
v -0.04936616868 0.02001689747 1.574573874
v -0.05282655731 0.0144854961 1.587215304
v -0.04635724798 0.01958695427 1.573282719
v -0.05121069402 0.01322238799 1.587986112
v -0.04764673859 0.02085310593 1.570751905
v -0.04914823174 0.01332184859 1.588777423
v -0.0467870757 0.02077583596 1.568985343
v -0.05148530751 0.01300859544 1.588510513
v -0.04627326503 0.02085310593 1.566402912
v -0.04770136997 0.01150641497 1.59002924
v -0.04549748078 0.0242918618 1.564967036
v -0.04936616868 0.02257243358 1.59525466
v -0.05324016139 0.01123230159 1.590220332
v -0.04635724798 0.03116946109 1.562167645
v -0.05442989618 0.01746686362 1.583334208
v -0.04806799814 0.04148593545 1.565111637
v -0.05423012376 0.01701516099 1.583797336
v -0.04721690714 0.04412308335 1.565545559
v -0.05269010738 0.01696747169 1.584353209
v -0.04893633723 0.04414229095 1.566836834
v -0.05144114047 0.01669443399 1.584632993
v -0.04807667434 0.04422958195 1.566402912
v -0.05463468283 0.01654550433 1.584360838
v -0.05509907007 0.01525190379 1.58548367
v -0.04807667434 0.04433712363 1.566836834
v -0.04929312319 0.01495144702 1.586678863
v -0.0472221747 0.04449485242 1.56596911
v -0.04635724798 0.04406502843 1.565194368
v -0.05230784789 0.01439578831 1.586841226
v -0.04635724798 0.04449485242 1.565514565
v -0.04775896296 0.01411320642 1.587632895
v -0.04705885798 0.04449485242 1.567694068
v -0.04799256846 0.013954225 1.587959647
v -0.0467870757 0.04386690259 1.571557522
v -0.05111808702 0.01374316216 1.587668896
v -0.04659566283 0.04105609655 1.574997544
v -0.04919074848 0.01267617662 1.589039683
v -0.04778517038 0.01275312342 1.589121938
v -0.05097964406 0.01888409629 1.581816435
v -0.04556803405 0.04234570265 1.573706269
v -0.05010374635 0.0125866225 1.589204192
v -0.04683139175 -0.03330853581 1.587899685
v -0.049217619 0.01227876358 1.589364886
v -0.04635724798 -0.03262571245 1.587465763
v -0.05121086165 0.01239761896 1.589060187
v -0.04569571465 -0.03029938973 1.585317135
v -0.05290538818 0.01047660969 1.589782119
v -0.04573138803 -0.03322843462 1.586993456
v -0.04923530295 0.01165666711 1.589950681
v -0.04506765306 -0.03072912432 1.584779978
v -0.04807217047 0.01130098384 1.590199471
v -0.04291839153 -0.02790283784 1.581877351
v -0.05539545044 0.0175453946 1.582310915
v -0.04506765306 -0.03087581135 1.584459782
v -0.05438126251 0.01768579334 1.583044052
v -0.05360955745 0.01721037924 1.583587408
v -0.04506765306 -0.02918788977 1.586174488
v -0.04248856008 -0.02857945301 1.58569932
v -0.05490824953 0.0166307129 1.583686948
v -0.05098821968 0.01654129848 1.584852338
v -0.043778155 -0.02900401689 1.586174488
v -0.04961981997 0.0166288279 1.5845505
v -0.04119896144 -0.01998282596 1.57747674
v -0.0558000654 0.01627458073 1.58477819
v -0.03924101219 -0.01081773732 1.575588822
v -0.04463791475 -0.009232051671 1.579419851
v -0.05343510956 0.01503465232 1.585532308
v -0.04840655997 0.01456356328 1.586963177
v -0.04377838969 -0.00744230859 1.580593705
v -0.05120094493 0.0138801476 1.58732605
v -0.04247260094 -0.006532642059 1.580708504
v -0.04765643179 0.01357201766 1.588086247
v -0.04463814571 -0.00363272056 1.58156085
v -0.04377892986 -0.00576157216 1.581307769
v -0.04843368381 0.01315870322 1.588639736
v -0.04377895594 -0.004041443579 1.581597209
v -0.0471803993 0.012851879 1.588792205
v -0.04291531071 -0.004858779721 1.58131814
v -0.04665525258 0.01252713986 1.588896751
v -0.04675741494 0.0120057743 1.58933115
v -0.04431837425 0.001843397506 1.565137506
v -0.04427777976 6.646849215e-05 1.566902518
v -0.04986621439 0.01211381517 1.58911097
v -0.05265640467 0.01095029805 1.589583278
v -0.04346441478 -0.0005110530183 1.568125963
v -0.04285658896 -0.001387579832 1.563003421
v -0.04884369299 0.01104205661 1.590153575
v -0.05350734293 0.01024167705 1.590656161
v -0.04463810101 -0.002074957825 1.581023097
v -0.04377773032 -0.001976133324 1.580595136
v -0.05303239822 0.01760819927 1.582426667
v -0.04506779462 -0.002352154814 1.581207514
v -0.05289376155 0.0174039267 1.58289516
v -0.04420850798 -0.00319386553 1.581552625
v -0.05552418157 0.01729124598 1.583220482
v -0.04377891868 -0.002752909437 1.581338644
v -0.05284914374 0.0172543209 1.583316445
v -0.04359993339 -0.003176233731 1.5814538
v -0.05193099007 0.01712580398 1.583507061
v -0.04204028472 -0.003026607446 1.580631018
v -0.05478552356 0.01617329195 1.584411144
v -0.0554218404 0.01583893411 1.584889889
v -0.0429157652 -0.004000304267 1.581369519
v -0.04163050652 -0.002713195048 1.585222125
v -0.05492012575 0.01540187281 1.585150242
v -0.04893633723 0.004267980345 1.580586076
v -0.05410370231 0.01499146689 1.586001754
v -0.05138649046 0.01404570229 1.586793542
v -0.04521655664 0.0007433448918 1.56728971
v -0.04410201311 0.00221295096 1.564898849
v -0.04735097662 0.01418977696 1.587121367
v -0.04752359167 0.01309685037 1.588495255
v -0.04454862699 0.002194324508 1.56498301
v -0.04462065548 0.002992054215 1.565172553
v -0.05127184466 0.01272327825 1.588137269
v -0.04713061079 0.01199810393 1.589564085
v -0.04348480329 0.001409573015 1.563931823
v -0.05309889838 0.01031038072 1.590086341
v -0.04389152303 0.003019912401 1.565134048
v -0.04229850695 0.001715449616 1.564336419
v -0.05498068035 0.01796788163 1.582309961
v -0.05104571581 0.01698073559 1.583815694
v -0.04328054562 0.0003688232973 1.576768517
v -0.04281541705 0.002266127151 1.574523449
v -0.04983995855 0.01674636453 1.58410871
v -0.0489619635 0.01655543223 1.584769249
v -0.04656301811 0.003658925183 1.574140072
v -0.04329565912 0.002841254929 1.575036526
v -0.04886036366 0.01607304625 1.585487008
v -0.04459008202 0.001180341467 1.574172139
v -0.05447812751 0.01522376668 1.585188627
v -0.05303066969 0.0149861956 1.585579276
v -0.04234906286 0.0005575083196 1.575961113
v -0.04241129383 0.0005943821743 1.577634573
v -0.05186569691 0.01443084981 1.586331487
v -0.05069345981 0.01331445668 1.586972237
v -0.04592741653 0.0006500007585 1.580782294
v -0.05089892074 0.01310854033 1.587486625
v -0.05108559877 0.002369438298 1.580637693
v -0.04444747791 0.004780343268 1.566561818
v -0.05082911253 0.01164915413 1.588946462
v -0.04424031824 0.003424895927 1.565382719
v -0.04714108631 0.01129366085 1.589792013
v -0.04583860934 0.006149318535 1.567002058
v -0.0523122102 0.01123598963 1.589730501
v -0.04378427938 0.003559466451 1.565129757
v -0.05455747619 0.01558770891 1.584279776
v -0.04832511395 0.01507327054 1.58611834
v -0.0433467254 0.003538866295 1.578016281
v -0.04775868729 0.01960123703 1.580285788
v -0.04781126976 0.01460969355 1.586419821
v -0.0506281592 0.01211005077 1.589083791
v -0.04240463302 0.002802311676 1.575493217
v -0.05007585511 0.0117504755 1.589070797
v -0.04640040547 0.01978268474 1.581139565
v -0.04506765306 0.004088860936 1.57852006
v -0.04653470591 0.01167903468 1.589258671
v -0.0492920056 0.01143715344 1.589451909
v -0.04506765306 0.003870588727 1.579294801
v -0.05001761764 0.01905503124 1.581019163
v -0.04737554863 0.01090199966 1.589956045
v -0.05202031508 0.01047088206 1.590226412
v -0.04377817363 0.003663321259 1.578437567
v -0.05415234342 0.01794362254 1.582290411
v -0.04289676994 0.003251134185 1.578442454
v -0.04635724798 0.01010680664 1.56931603
v -0.05494985729 0.01700097881 1.582607508
v -0.04794630408 0.01599271409 1.584771395
v -0.03629351035 0.01727895252 1.584571838
v -0.0454803519 0.007802424021 1.567694068
v -0.04856786132 0.01564041153 1.585426688
v -0.04787458852 0.01442788448 1.58701241
v -0.03545858711 0.0159905944 1.586650372
v -0.04724190384 0.01361628715 1.587835193
v -0.04638741165 0.00881721545 1.56855154
v -0.04677895457 0.01294362452 1.58832562
v -0.04549748078 0.00967687089 1.56924367
v -0.05208503082 0.01098211296 1.589242578
v -0.04635724798 0.009247039445 1.569140315
v -0.05124994367 0.01081558317 1.589734077
v -0.04549748078 0.008387384005 1.568499923
v -0.04863581434 0.01058749575 1.590017557
v -0.04418441281 0.007918159477 1.567725182
v -0.04419828951 0.008370418102 1.567983389
v -0.04743845016 0.01052924339 1.589958191
v -0.04420709237 0.009245323949 1.56812799
v -0.05411794782 0.01768170111 1.581772923
v -0.05466010794 0.01632475108 1.583539128
v -0.04549748078 0.01053663809 1.569098949
v -0.04376536608 0.008362970315 1.567931771
v -0.05387511104 0.01503738295 1.584801912
v -0.05209781229 0.01471350435 1.585650563
v -0.04377603531 0.01096126996 1.567105412
v -0.05099329725 0.01388315298 1.586524606
v -0.0331608206 0.01163564902 1.591407299
v -0.04281883687 0.006687804591 1.566843748
v -0.0509063378 0.01266806852 1.587255597
v -0.05114674941 0.01190507971 1.588252187
v -0.04290101677 0.007740771864 1.568119764
v -0.05050475523 0.01090539992 1.589438677
v -0.03525241464 0.01067967806 1.591433764
v -0.04311648011 0.008366851136 1.568118215
v -0.05009153485 0.0110509973 1.589268088
v -0.04927444085 0.01104309782 1.589253902
v -0.04529349878 0.0099052554 1.591514826
v -0.05094402656 0.01039745752 1.589867115
v -0.04592741653 0.01287059952 1.566836715
v -0.04887983203 0.01074145921 1.589704633
v -0.04122070223 0.01027084794 1.591751814
v -0.04419711232 0.01480254252 1.563231587
v -0.05235414952 0.009991456755 1.589452386
v -0.04549748078 0.01139630098 1.568468809
v -0.0534122549 0.01724804752 1.581946731
v -0.05492935702 0.01736137643 1.582105875
v -0.04635724798 0.01096646953 1.569016337
v -0.0420222953 0.01379845198 1.563148975
v -0.05084190518 0.0171957165 1.583025098
v -0.04592741653 0.01870374754 1.561898947
v -0.0494928509 0.01689401828 1.583668113
v -0.04291839153 0.01784408465 1.56129992
v -0.04860891029 0.01662650146 1.58394444
v -0.05460418016 0.01601670682 1.5835706
v -0.04291839153 0.0182739161 1.561144948
v -0.04789130017 0.01634283736 1.584128141
v -0.04291839153 0.02085310593 1.559667826
v -0.04850008339 0.01536250673 1.585798025
v -0.04599084333 0.01999333873 1.569842815
v -0.04594415054 0.01956350729 1.56855154
v -0.0478846319 0.01482765377 1.585719109
v -0.04525890201 0.01963951811 1.57071197
v -0.04718859121 0.0142101096 1.586139917
v -0.04076912999 0.01857286319 1.565111637
v -0.04701511562 0.01388238277 1.587361693
v -0.04506765306 0.01913367584 1.565287232
v -0.04650194198 0.01323356386 1.587643981
v -0.0512078777 0.01128546428 1.588297963
v -0.04506765306 0.01765938476 1.567694068
v -0.04420798644 0.01899598166 1.570700169
v -0.05100814998 0.01131753065 1.589086056
v -0.04291839153 0.01826388761 1.570276618
v -0.05149192363 0.01098973304 1.58871913
v -0.04463781789 0.01945267245 1.571557522
v -0.0467107147 0.01085989922 1.589644909
v -0.04248856008 0.01927809045 1.572848797
v -0.05034217611 0.01060555503 1.589540124
v -0.04909800366 0.01111500245 1.589560151
v -0.05112624541 0.0191026479 1.580376506
v -0.04845603928 0.01030400768 1.589785933
v -0.0388080366 0.01816479489 1.583043218
v -0.04506765306 0.02136681788 1.592620373
v -0.05236769095 0.009709162638 1.589875221
v -0.05400311202 0.01724844053 1.581980467
v -0.04334822297 0.02214260772 1.559202909
v -0.04463781789 0.0242918618 1.559264898
v -0.05448974669 0.01665700972 1.582719922
v -0.05447712168 0.01622698829 1.583098769
v -0.04291839153 0.02214260772 1.563872099
v -0.04506765306 0.02730089054 1.559915781
v -0.04772871733 0.01624268107 1.584252238
v -0.04420798644 0.02730089054 1.560194492
v -0.04767987132 0.01574108936 1.584712148
v -0.04420798644 0.02987997606 1.561392903
v -0.05268834904 0.01487669814 1.58510375
v -0.05144990608 0.01442925539 1.585771203
v -0.04343891889 0.02515152469 1.559956908
v -0.043778155 0.02472169325 1.559295774
v -0.04634006694 0.01334033906 1.586953402
v -0.05114169791 0.01226872392 1.58809495
v -0.04162889346 0.02700275555 1.562963009
v -0.04624987394 0.01128370315 1.589035988
v -0.04196658358 0.025581453 1.562963009
v -0.05113960057 0.00984531641 1.590036511
v -0.04240550473 0.02945004031 1.564688206
v -0.04334822297 0.03460832313 1.5700804
v -0.05232345313 0.01723740622 1.582606912
v -0.04549748078 0.03374857083 1.56373775
v -0.04892551526 0.01670646854 1.58325851
v -0.04794540629 0.01523024682 1.585065842
v -0.04205872491 0.03632775322 1.566733479
v -0.04205872491 0.03933666646 1.566537142
v -0.05103461072 0.01222147793 1.587515473
v -0.04978959635 0.0104009565 1.589319348
v -0.043778155 0.04019644856 1.57210505
v -0.04204819351 0.04105609655 1.570700169
v -0.0520603694 0.01064567827 1.589117765
v -0.03276500106 0.01252365392 1.589315414
v -0.04686190188 0.01000922825 1.589703321
v -0.04420798644 0.04146444798 1.572425365
v -0.04790311307 0.01015172619 1.589888453
v -0.05153128877 0.009498101659 1.590082049
v -0.04549748078 0.04363518953 1.565080762
v -0.04549748078 0.04449485242 1.565524817
v -0.05168604851 0.01717000082 1.582738161
v -0.04506765306 0.04492479563 1.566361666
v -0.04994996265 0.01711018011 1.583201647
v -0.04453751445 0.04449485242 1.56596911
v -0.04864256456 0.01620976813 1.583336711
v -0.04334822297 0.04315650463 1.56596911
v -0.05442000553 0.01541281212 1.58383131
v -0.04319471493 0.04406502843 1.566836834
v -0.04780518264 0.01574529521 1.584079981
v -0.04635724798 0.04397442937 1.570276618
v -0.05119739845 0.01452018227 1.585074425
v -0.04420798644 0.04492479563 1.567105412
v -0.05073666945 0.0141502656 1.585539818
v -0.04291839153 0.04433040321 1.568117738
v -0.05048685521 0.01357169729 1.5863024
v -0.04609361663 0.0124883363 1.587543845
v -0.04549748078 0.04343706369 1.571991444
v -0.04506765306 0.04492479563 1.568644524
v -0.05069480091 0.01241658162 1.586968184
v -0.04549748078 0.04374602437 1.57113409
v -0.0462047644 0.01218805462 1.588553429
v -0.04463781789 0.04326920211 1.571557522
v -0.0462231338 0.01162383985 1.588752747
v -0.04927139729 0.01033174526 1.589200854
v -0.04420798644 0.04459898174 1.569408894
v -0.04334822297 0.04377961159 1.570276618
v -0.04858710989 0.009997598827 1.589361429
v -0.04592741653 0.04500195384 1.566402912
v -0.05054735392 0.009899466299 1.589811206
v -0.04741471261 0.0098637091 1.589775681
v -0.04506765306 0.04513634741 1.567694068
v -0.05188880488 0.01016727369 1.590165615
v -0.04390252754 0.04492479563 1.568117738
v -0.0530179292 0.01733008213 1.582008839
v -0.04291839153 0.04425643384 1.568985343
v -0.04205872491 -0.02713945135 1.581877351
v -0.0509086065 0.01710740849 1.582548499
v -0.04506765306 -0.02901021577 1.586753011
v -0.04947812855 0.01696323231 1.582871079
v -0.04248856008 -0.02863937058 1.586174488
v -0.04807503894 0.0161881987 1.583734989
v -0.04124449566 0.01831519417 1.582183361
v -0.05431678519 0.01583243534 1.582908034
v -0.04818896204 0.01568617672 1.583848715
v -0.04076912999 -0.02650828846 1.584459782
v -0.04162889346 -0.02715804614 1.585317135
v -0.04793345183 0.01506147999 1.584550738
v -0.05295800418 0.01489421632 1.584566593
v -0.04076912999 -0.02256223187 1.578922868
v -0.04119896144 -0.02433589473 1.583602309
v -0.05233742297 0.01481179334 1.584923387
v -0.04776368663 0.0147600174 1.585382104
v -0.04205872491 -0.02719317004 1.581443429
v -0.03987196833 -0.02471086942 1.581019878
v -0.04659467936 0.01358781196 1.586511016
v -0.04067853838 -0.0255713556 1.58402586
v -0.0461739935 0.01294212975 1.586824656
v -0.03503875434 0.01603054628 1.585477114
v -0.04612789303 0.01220189501 1.587833285
v -0.04607627168 0.01049387455 1.589247823
v -0.04063814506 -0.02428114042 1.583168507
v -0.05191785097 0.009832940064 1.588972926
v -0.0398456268 -0.02471086942 1.581443429
v -0.0534889847 0.01665214263 1.582113504
v -0.04061976075 -0.02600109018 1.584459782
v -0.03932850808 -0.02256223187 1.582311034
v -0.05373941362 0.01624721289 1.582264781
v -0.05377871916 0.01517512742 1.583527684
v -0.04033929855 -0.02024004236 1.578013778
v -0.03873071074 -0.01998282596 1.580586076
v -0.04706873372 0.01384087279 1.585791588
v -0.03847773001 -0.01912337169 1.581019878
v -0.05034724995 0.0136516653 1.58593452
v -0.0400069952 -0.01417803112 1.575045347
v -0.05101056024 0.0119621465 1.587581277
v -0.05224074423 0.009648755193 1.589279175
v -0.03976582363 -0.01279521827 1.575086474
v -0.05112380534 0.008998389356 1.589837193
v -0.03901126981 -0.01601266116 1.575298786
v -0.05223633721 0.009353194386 1.589980841
v -0.03872901201 -0.005135285668 1.578136921
v -0.04936596751 0.01776439697 1.58101666
v -0.03943995014 -0.002547606826 1.561409473
v -0.05279684067 0.01675176807 1.581914783
v -0.04126665369 -0.00242178794 1.562671423
v -0.05091138184 0.01691536978 1.582078218
v -0.03821285442 -0.001967390999 1.5637151
v -0.04107549787 -0.004573262297 1.580246925
v -0.04911332205 0.01673064195 1.583024383
v -0.03920665011 -0.003986061551 1.578570604
v -0.0541440025 0.01635178551 1.582613468
v -0.03963063657 -0.002742689103 1.57821846
v -0.05319387093 0.01500671357 1.583783865
v -0.03930422664 -0.001285421196 1.549648166
v -0.04596605897 0.01171724685 1.58746779
v -0.04575094953 0.01054843981 1.588819861
v -0.03927367181 -0.001227643806 1.549052596
v -0.03925796226 -0.001029541716 1.548932552
v -0.0455355756 0.009748298675 1.588959336
v -0.0464182049 0.009819148108 1.589502811
v -0.04310404509 0.003695945023 1.564277053
v -0.04996697977 0.009851868264 1.589446664
v -0.03978433087 -0.001434526406 1.559725285
v -0.05007925257 0.01723432355 1.581169844
v -0.04011454806 -0.002494749613 1.56048131
v -0.03945945203 0.0004027415998 1.562270284
v -0.04934559017 0.01737237908 1.581429124
v -0.04983754084 0.01686018705 1.582443357
v -0.03374769166 -0.0001664059237 1.572514415
v -0.05411538854 0.01579773426 1.582597971
v -0.04001383856 -0.001373454463 1.576622844
v -0.04288368672 -0.0002305940725 1.578902602
v -0.05407872424 0.01540858578 1.583138347
v -0.0420018658 -0.002239539288 1.57978642
v -0.04828583449 0.01537971571 1.583909392
v -0.04034174606 -0.001814801246 1.5855726
v -0.05113323405 0.0146494573 1.584474325
v -0.04113513976 0.003533044364 1.559963226
v -0.04770335555 0.01457428839 1.584941506
v -0.03967615962 -0.0003477171995 1.550763488
v -0.04724241048 0.01396056265 1.585417509
v -0.03944337741 0.0003091022372 1.55109334
v -0.04659496248 0.01336310338 1.58624351
v -0.03914096579 -0.0005057062954 1.549474955
v -0.0466093868 0.01291078702 1.586065769
v -0.0402494818 0.001577177551 1.564125896
v -0.05038491637 0.01292012818 1.586523414
v -0.04599276558 0.01211498491 1.587427139
v -0.04108490422 0.002115490381 1.564210176
v -0.05093224719 0.011625438 1.5876261
v -0.03848726302 0.0007573948242 1.566787243
v -0.03813169152 0.001145322807 1.565911174
v -0.05088655651 0.0111075351 1.587658286
v -0.03860995919 0.002071801107 1.565849185
v -0.04577641562 0.01100907009 1.588233948
v -0.03967100754 0.001775691751 1.566677451
v -0.04923354089 0.009852930903 1.589134097
v -0.04777614772 0.009263117798 1.589615226
v -0.03937495127 0.001322810072 1.568505764
v -0.03942159191 0.001896521077 1.567134261
v -0.04665973037 0.009331173263 1.589524627
v -0.04236314818 0.0005012997426 1.576375008
v -0.0525525026 0.008638489991 1.589722514
v -0.04238803312 0.002652853495 1.575070739
v -0.05186424404 0.008741224185 1.589791775
v -0.0423434861 0.0009036627598 1.575531602
v -0.04863733053 0.01720027067 1.581056356
v -0.04231074825 0.001950549427 1.574672937
v -0.05000992119 0.01751012169 1.580999374
v -0.04167760909 0.001117271371 1.576393604
v -0.04911576957 0.01687220111 1.581535459
v -0.04196834937 0.0009330711327 1.577644348
v -0.05174911767 0.01689981483 1.581987858
v -0.05033051223 0.0166368112 1.581993461
v -0.04185339436 0.002388409805 1.575098515
v -0.04194572568 0.002637417288 1.575513721
v -0.04927569628 0.01628263295 1.582536697
v -0.05237331241 0.01484390814 1.584263444
v -0.04196139425 0.002698105294 1.575937033
v -0.05048575997 0.01429760922 1.584709764
v -0.04160314053 0.00161449099 1.575551391
v -0.04146742448 0.00164825283 1.57597971
v -0.04629400373 0.0127166817 1.586547852
v -0.05008259788 0.01247611176 1.586487293
v -0.04155042768 0.001488434151 1.576814413
v -0.04170123488 0.002027307171 1.575113893
v -0.04613536224 0.01206505019 1.586826682
v -0.04146621376 0.002058831509 1.575547457
v -0.0503520593 0.0117413532 1.587005615
v -0.0321014002 0.01119642425 1.590579391
v -0.05141221732 0.01056917291 1.58846283
v -0.04161212966 0.002392205875 1.575533152
v -0.05150863528 0.009913884103 1.588509321
v -0.05351250246 0.01523028221 1.5831182
v -0.04152400792 0.002295855898 1.576799631
v -0.04822470993 0.01536398847 1.583239675
v -0.032822676 0.009970146231 1.591050625
v -0.05242029577 0.01493391301 1.583680391
v -0.04244347662 7.278844714e-05 1.578911304
v -0.05172849074 0.01477443893 1.5842731
v -0.04283269867 -9.596114978e-05 1.579321027
v -0.04247275367 0.001167761162 1.579542518
v -0.04989527166 0.01347588096 1.58545661
v -0.04229713976 0.01045530941 1.591652751
v -0.04673893005 0.01316791587 1.585821629
v -0.04198323935 0.0008987989277 1.57807076
v -0.0498171486 0.013130242 1.585792065
v -0.0487767905 0.009608269669 1.589171886
v -0.03881343082 0.009573430754 1.591672778
v -0.04186853394 0.001260557212 1.578912616
v -0.05037682131 0.009242898785 1.589542389
v -0.0515701808 0.009341450408 1.588921428
v -0.03927255422 0.002453239169 1.555513144
v -0.05150207877 0.008835408837 1.58960855
v -0.04202434421 0.007296775468 1.568131685
v -0.04115969315 0.007558614016 1.568141699
v -0.04813316092 0.008390286006 1.589645505
v -0.03986305371 0.007970933802 1.56859386
v -0.04759963602 0.009054628201 1.589638948
v -0.03773945197 0.003933285829 1.559638381
v -0.0472205244 0.009028625675 1.58961916
v -0.04246113822 0.007350043859 1.568125486
v -0.05231930688 0.01696448773 1.581025481
v -0.04203730822 0.00718299672 1.569002867
v -0.05320575833 0.01655008271 1.581434488
v -0.05183298513 0.01657916233 1.581411719
v -0.0426210314 0.007527283859 1.568556786
v -0.05318515375 0.01639141515 1.581661582
v -0.04260751605 0.007544834632 1.568991065
v -0.04954972118 0.01651273109 1.582388878
v -0.04248311743 0.008806257509 1.568222046
v -0.05371937528 0.01582380384 1.582268834
v -0.04268723726 0.007952747867 1.568554044
v -0.04901469871 0.01595967263 1.582793832
v -0.04205148295 0.009626660496 1.567694426
v -0.04851875827 0.0159892384 1.583473325
v -0.04377104342 0.008802993223 1.567973018
v -0.05175577104 0.01496092509 1.583453298
v -0.0420538038 0.007824731059 1.569417834
v -0.0479763858 0.01487328578 1.584291816
v -0.04205007479 0.007578768767 1.569524288
v -0.04203899577 0.01191455033 1.565545559
v -0.04745372012 0.01414877642 1.584907174
v -0.04609323665 0.01164484117 1.586855173
v -0.0524558872 0.01956454851 1.579785228
v -0.05106804892 0.009011516348 1.589105487
v -0.04162148759 0.00800764747 1.569503307
v -0.04161342606 0.007605289575 1.569530368
v -0.04814980552 0.008978144266 1.589539766
v -0.04162678868 0.008416045457 1.569209337
v -0.05141430721 0.01668390259 1.581812978
v -0.0529300347 0.01589472778 1.581619024
v -0.04033701122 0.009281797335 1.568766952
v -0.04722737893 0.01378206629 1.584819198
v -0.04032181948 0.008480978198 1.56918335
v -0.04702472687 0.01359746512 1.585310698
v -0.04338357225 0.01892118156 1.582049251
v -0.03987079114 0.008140667342 1.569023967
v -0.04574613273 0.01116122212 1.58770299
v -0.04556850716 0.009333096445 1.58898294
v -0.04074008018 0.007843691856 1.569013715
v -0.05034413934 0.009022691287 1.589103818
v -0.03947971016 0.01005129702 1.568558812
v -0.04026735947 0.01262688823 1.565545559
v -0.04859695584 0.008521102369 1.588982821
v -0.04139154777 0.01558839623 1.562105656
v -0.04632618278 0.008910827339 1.589354992
v -0.04701733217 0.008307445794 1.589530706
v -0.04118390754 0.0138730295 1.563933969
v -0.04762871191 0.008172578178 1.58964479
v -0.04033929855 0.0144052254 1.565555811
v -0.04004716501 0.01956350729 1.562963009
v -0.04948243871 0.01760738157 1.580411553
v -0.04248024151 0.01694179885 1.561031342
v -0.04888712615 0.01652782597 1.581266761
v -0.04076912999 0.01655459031 1.563272953
v -0.04949060082 0.0131201148 1.585277319
v -0.04666272178 0.01217138674 1.586012125
v -0.04093315825 0.01483086031 1.564688206
v -0.04076912999 0.0152649926 1.564822435
v -0.04942579567 0.01258535124 1.585916638
v -0.03907325491 0.01569482312 1.566402912
v -0.04490629211 0.009909481741 1.588114977
v -0.05130483583 0.01014263462 1.588220119
v -0.04205872491 0.01784408279 1.561320543
v -0.051206287 0.009649847634 1.588195086
v -0.04205872491 0.02042317018 1.560194492
v -0.04192103073 0.02214260772 1.559956908
v -0.04926941544 0.009421441704 1.589018345
v -0.04076912999 0.01999333873 1.563985705
v -0.05123336613 0.01636749692 1.581753016
v -0.05233899131 0.01523259748 1.582684517
v -0.03973148018 0.01698442176 1.564688206
v -0.03981205449 0.0182739161 1.564254284
v -0.05301919952 0.01532267034 1.582746387
v -0.05184973404 0.01507548243 1.582964778
v -0.04033929855 0.01744441316 1.567260385
v -0.03947963938 0.01751838252 1.566402912
v -0.05076394603 0.01479094196 1.58392036
v -0.04785718396 0.01447875425 1.584127426
v -0.0399094671 0.0184285529 1.564688206
v -0.05023724213 0.01462320518 1.583750606
v -0.0390496999 0.01764595136 1.570276618
v -0.04685661569 0.0128770126 1.585533381
v -0.04284287617 0.02300227061 1.559099555
v -0.04641015828 0.0121645797 1.586443424
v -0.04248856008 0.02214260772 1.559295774
v -0.04611200467 0.01137063466 1.586634755
v -0.04226357117 0.02300227061 1.559523225
v -0.04552469403 0.0107719237 1.58725512
v -0.04145762324 0.02300227061 1.561248183
v -0.05066357553 0.01100397203 1.587224364
v -0.04226357117 0.0242918618 1.560814381
v -0.05093577132 0.01066545211 1.587610245
v -0.04205872491 0.02085310593 1.563923717
v -0.04505349323 0.01028542314 1.58779192
v -0.04076912999 0.02131867781 1.562105656
v -0.04508332908 0.00937477313 1.588582397
v -0.04145762324 0.02386203036 1.562539458
v -0.0410345085 0.02171276882 1.562963009
v -0.05148661137 0.009567621164 1.588631749
v -0.04020831361 0.02042317018 1.562963009
v -0.05082463846 0.009035681374 1.588670015
v -0.04198817164 0.02644111589 1.562105656
v -0.04919071123 0.008947704919 1.588783622
v -0.04169263318 0.02601128444 1.562539458
v -0.0485984832 0.009192752652 1.589215159
v -0.04163220152 0.02687094733 1.562539458
v -0.0457576625 0.008992126212 1.589078546
v -0.04616451636 0.008113831282 1.589167237
v -0.04195459932 0.02987997606 1.563396931
v -0.05372013524 0.01658752747 1.580478311
v -0.0413165167 0.02859038487 1.562539458
v -0.04866362736 0.01699958742 1.580745697
v -0.04135008901 0.02773072198 1.562539458
v -0.04993798956 0.01657529362 1.581180811
v -0.04119896144 0.02811571583 1.562963009
v -0.04186421633 0.02945004031 1.564254284
v -0.05058162659 0.016279364 1.581905365
v -0.04978376999 0.01611032523 1.582061768
v -0.04145762324 0.03288890794 1.566836834
v -0.05103731528 0.01931134425 1.579311728
v -0.04914508015 0.01582938433 1.582314253
v -0.04842656106 0.01557775214 1.582806587
v -0.04162889346 0.0297469236 1.563820362
v -0.05106633902 0.01503274683 1.583126783
v -0.04874832556 0.01922741532 1.579702258
v -0.04146433994 0.03288890794 1.565545559
v -0.05040973052 0.01508494932 1.582932472
v -0.04128294438 0.03417849913 1.567260385
v -0.04802278802 0.01486258768 1.583832979
v -0.05027393252 0.01415246353 1.584313989
v -0.04147105291 0.03546798602 1.56855154
v -0.04930635914 0.01190253161 1.586148024
v -0.04244205356 0.01863478124 1.581516027
v -0.04138366133 0.03890684247 1.569842815
v -0.04985683784 0.01181159634 1.586595058
v -0.0508643128 0.01019365806 1.587573171
v -0.04126951471 0.03589782491 1.567694068
v -0.04465317726 0.009743811563 1.587666273
v -0.04090683162 0.03847700357 1.568985343
v -0.05098568648 0.0097232759 1.587785244
v -0.04114865512 0.04148593545 1.56855154
v -0.05024480447 0.008874622174 1.588528752
v -0.0409135446 0.03847700357 1.568117738
v -0.0476209484 0.007715858519 1.589515328
v -0.04246510938 0.04277552664 1.566836834
v -0.05319227278 0.01602995209 1.581198573
v -0.04094040021 0.04019644856 1.569408894
v -0.05179965496 0.0153123131 1.582382917
v -0.04112851247 0.04148593545 1.569408894
v -0.04083968326 0.03933666646 1.568985343
v -0.05006499588 0.01487991679 1.583323717
v -0.03723662347 -0.007799814455 1.574922919
v -0.03985289857 0.01340877451 1.583282709
v -0.03317520767 0.01329528075 1.587372422
v -0.03932640329 0.01336063258 1.583676338
v -0.03939598054 0.01242621522 1.584180474
v -0.03678662702 -0.008043923415 1.574781537
v -0.04699695855 0.0133603029 1.585080862
v -0.03776767105 -0.004394919612 1.577721119
v -0.03673550114 -0.005614650436 1.575842738
v -0.04839584976 0.008161639795 1.589344621
v -0.03722324222 -0.006415894255 1.575801492
v -0.05214431509 0.01087470166 1.578667283
v -0.036828354 -0.009047606029 1.574428797
v -0.05143270642 0.01633344404 1.581074715
v -0.03778653592 -0.01023901347 1.57390976
v -0.05333485082 0.01608303189 1.580740809
v -0.03784554079 -0.01127832849 1.573776603
v -0.05202857405 0.01568586752 1.581735373
v -0.03775454313 -0.009356149472 1.57442224
v -0.05067582428 0.01578253135 1.581900477
v -0.03823941946 -0.01036254037 1.574368
v -0.05099663511 0.01549085416 1.582090259
v -0.03882636875 -0.01249048952 1.574100733
v -0.04967559502 0.01583077572 1.582089424
v -0.03755361959 -0.01230448205 1.574318171
v -0.04927266389 0.0154144438 1.582366347
v -0.03727435321 -0.009116986766 1.574154496
v -0.05079617724 0.01525425445 1.582465053
v -0.03732878715 -0.01014996786 1.573929787
v -0.04856409505 0.01516176667 1.582706213
v -0.04907012358 0.01490669698 1.583108187
v -0.03830599785 -0.01136853639 1.573890686
v -0.04852544889 0.01465359982 1.583468914
v -0.03837297484 -0.01253305655 1.573856831
v -0.04836617783 0.01445806306 1.58366096
v -0.03532379866 -0.009137183428 1.579949498
v -0.04000835493 0.01303007361 1.582815289
v -0.03565336764 -0.01553382445 1.579330444
v -0.03798663989 -0.01339763496 1.57428658
v -0.03977536783 0.01215615682 1.584338665
v -0.0492359437 0.01269453485 1.585538983
v -0.0388847515 -0.01351592597 1.574259996
v -0.03733068705 -0.01738896966 1.58056891
v -0.04622907564 0.01118631568 1.586382508
v -0.03696674109 -0.01738492027 1.580167055
v -0.04565766081 0.0107651893 1.586958528
v -0.03585653752 -0.01597494259 1.578469753
v -0.04473644868 0.009062651545 1.588219523
v -0.03836131096 -0.01912337169 1.580586076
v -0.05073656514 0.009025664069 1.588284016
v -0.04694899917 0.00742298644 1.589228034
v -0.03861986846 -0.01997249946 1.581019878
v -0.05372193083 0.01178884227 1.576980352
v -0.03889867663 -0.02256223187 1.581019878
v -0.04222999886 0.04320536554 1.569842815
v -0.04882135615 0.01634287834 1.580966473
v -0.0422501415 0.04363518953 1.568117738
v -0.05201725289 0.0157899186 1.581392288
v -0.04090683162 0.04062627256 1.568985343
v -0.05023438111 0.01543440204 1.582210898
v -0.03673274815 -0.006572305225 1.575184345
v -0.0496722348 0.01514557656 1.582739115
v -0.03638881817 -0.008026749827 1.575364947
v -0.04783733562 0.01383434422 1.584123611
v -0.03628212214 -0.006490739062 1.575347662
v -0.03866133094 0.01263331063 1.583731413
v -0.03626207262 -0.005933657289 1.575434327
v -0.05025494099 0.01389989071 1.584025264
v -0.03839341551 -0.001448058989 1.560535073
v -0.04966546968 0.01339081675 1.584899306
v -0.0388229005 -0.002172885463 1.56052494
v -0.04897934943 0.01231503394 1.58562696
v -0.0391702503 -0.001907233149 1.559961796
v -0.04960469529 0.01166148204 1.586364508
v -0.05051988363 0.01089983154 1.586820841
v -0.04606489465 0.01983824931 1.579543352
v -0.0494171083 0.008807514794 1.588625431
v -0.03787796944 -0.001869872212 1.563276172
v -0.03817495331 -0.001665090211 1.561000466
v -0.04919970036 0.00848833099 1.588442206
v -0.04557031766 0.008343244903 1.58891809
v -0.05010187626 0.01912884414 1.579853892
v -0.03546355665 -0.001384903211 1.566115141
v -0.05156809464 0.01604542881 1.580910683
v -0.04746859893 0.01347149443 1.584434867
v -0.03686435893 -0.002763322555 1.577115297
v -0.03654821217 -0.003561668098 1.577129364
v -0.04737331718 0.01287135761 1.584774733
v -0.04064166173 0.01208623592 1.583957314
v -0.03628607839 -0.004723576829 1.576361775
v -0.03536352515 -0.004080287181 1.576471925
v -0.03998135775 0.01162982546 1.584707499
v -0.03583930805 -0.00515146181 1.576313734
v -0.0468557328 0.01230641175 1.585636735
v -0.03582504764 -0.004183591343 1.576500416
v -0.04035834596 0.01140939631 1.584944844
v -0.03630299121 -0.005359296687 1.581645608
v -0.04001813382 0.01126408856 1.585039616
v -0.03897595406 -0.001379082445 1.549677134
v -0.04101202637 0.01126904786 1.584950924
v -0.04865118116 0.01176452637 1.585744143
v -0.03917118162 -0.001351012848 1.54904139
v -0.03910442442 -0.001297914423 1.54881835
v -0.04027654231 0.01063602231 1.585671902
v -0.03395807743 0.01460860576 1.586040497
v -0.04063881561 0.01034041494 1.586055517
v -0.05050829798 0.009600187652 1.587422848
v -0.0390323326 -0.001078667119 1.548726559
v -0.03884427994 -0.001328932587 1.549668789
v -0.05004525557 0.008762820624 1.588359356
v -0.03882608563 -0.001191008836 1.548874259
v -0.04841746017 0.008192138746 1.588764668
v -0.03861504048 -0.001130749471 1.549628854
v -0.04544006288 0.007696097717 1.588734627
v -0.03857272118 -0.0008995248936 1.549577236
v -0.04596262425 0.00741771888 1.588810205
v -0.038539242 -0.00101115834 1.550048351
v -0.04782337323 0.007551085204 1.589005828
v -0.05294688791 0.01151227392 1.578058481
v -0.03927527741 -0.0006604734808 1.553463459
v -0.05273569003 0.01578246057 1.580986977
v -0.03877161443 -0.0005387505516 1.554322481
v -0.03886723518 -0.001282542013 1.550101399
v -0.04969850928 0.01444898639 1.583277345
v -0.03862031922 -0.001106350217 1.550067663
v -0.0392697975 0.01343209296 1.582944036
v -0.03856075555 -0.0009033279493 1.550901055
v -0.05041218549 0.01419707201 1.583709836
v -0.03870018572 0.01312413439 1.583227515
v -0.03390964866 0.009734571911 1.590931177
v -0.03812243789 -5.632592365e-05 1.554726839
v -0.04983438551 0.01355715934 1.584304571
v -0.03835002705 -0.0004282360896 1.551254749
v -0.04910058156 0.01309268363 1.584548712
v -0.03886604309 -0.001276545227 1.560074329
v -0.03944176808 0.01179878134 1.584492564
v -0.03815435618 -0.001051953528 1.561038613
v -0.04911100492 0.01284207497 1.585015416
v -0.03734248132 -0.0009622843936 1.562847733
v -0.03970702738 0.010479711 1.585297465
v -0.0372684896 0.0001735542901 1.563736796
v -0.04172604531 0.01100710314 1.584890485
v -0.04128691927 0.01080204546 1.585470319
v -0.03505712748 0.001102316659 1.566536784
v -0.04925939441 0.01150582172 1.58620739
v -0.03811473399 0.001278112177 1.565456629
v -0.03770630062 0.001096986234 1.565939426
v -0.04149898887 0.01042234898 1.585812807
v -0.05071445182 0.009149548598 1.5879426
v -0.03723934293 0.001149431802 1.5664078
v -0.03567535058 -0.001040108502 1.564972162
v -0.04482261464 0.008339617401 1.588408113
v -0.05219488218 0.01567419991 1.580665946
v -0.03666014969 0.001656131819 1.568208933
v -0.03846953064 0.001557774376 1.568383336
v -0.0493564792 0.01445387397 1.583350182
v -0.04865500331 0.0126881944 1.584828138
v -0.03880409524 -0.0007184245624 1.549317956
v -0.03889538348 0.00019081356 1.550673604
v -0.04666662589 0.01152860001 1.585759878
v -0.0384311825 -2.57496722e-05 1.551176429
v -0.04544688016 0.01037069224 1.58679533
v -0.04465544224 0.008791536093 1.588140011
v -0.03679922596 0.004258827772 1.561360002
v -0.03649772331 0.003802713007 1.561827779
v -0.04523840919 0.007478049956 1.588527441
v -0.03696940839 0.002126625739 1.560516119
v -0.04742007703 0.007309736684 1.588985443
v -0.03826170415 0.01230730861 1.583156943
v -0.03805520013 0.001609035302 1.562757492
v -0.04780633375 0.0132707376 1.584305406
v -0.04016506299 0.001980062574 1.564428568
v -0.03885695338 0.001840463374 1.565842628
v -0.04054423794 0.01223154273 1.58339262
v -0.0485939607 0.01219587121 1.585322857
v -0.03825439513 0.002062225714 1.564979792
v -0.03884562477 0.001766559202 1.565396309
v -0.04194274917 0.01060924586 1.585456133
v -0.03863025829 0.001997551881 1.565400839
v -0.04008314013 0.009980695322 1.585647583
v -0.03712035343 0.001905946061 1.568368673
v -0.04495684057 0.01006329153 1.587114692
v -0.04448100552 0.009430844337 1.587094188
v -0.03944642469 0.008543303236 1.569238901
v -0.04446578771 0.008932834491 1.587795258
v -0.03946825117 0.01778320223 1.581706285
v -0.03945973516 0.008928987198 1.569176912
v -0.04966068268 0.008528321981 1.588149309
v -0.03939133883 0.008158734068 1.569034219
v -0.04864175245 0.007980976254 1.588224292
v -0.03898502514 0.008104997687 1.569046021
v -0.04651208967 0.007168720476 1.58870995
v -0.03856763616 0.008619107306 1.570185542
v -0.03887261078 0.01312222145 1.582359791
v -0.04945385456 0.01393095683 1.583458424
v -0.03830818459 0.01099393703 1.568992138
v -0.03488694876 0.01687209867 1.583730221
v -0.04893780127 0.01375529636 1.583678961
v -0.04931563511 0.013380602 1.584191084
v -0.03819948435 0.01058209315 1.569853902
v -0.03753530979 0.01269018464 1.568118811
v -0.04842440039 0.01358181424 1.583933711
v -0.03647078574 0.01296670921 1.56898737
v -0.04872839153 0.01377868932 1.583715558
v -0.03588749841 0.01312611066 1.569845319
v -0.03869837523 0.01178019773 1.583996773
v -0.04849814996 0.0129951667 1.584432721
v -0.03510350734 0.009603357874 1.590804219
v -0.04814855754 0.01246496011 1.584867716
v -0.03782460839 0.01142247766 1.571140528
v -0.04095407203 0.01147601102 1.584007978
v -0.03733037785 0.01639571413 1.567694068
v -0.03900611028 0.01698442176 1.56596911
v -0.04687600955 0.01186728198 1.585395575
v -0.03776020929 0.01729669794 1.568117738
v -0.04926012084 0.01095342543 1.586363554
v -0.03733037785 0.01702801511 1.570276618
v -0.0406190604 0.009615013376 1.585711598
v -0.03624562174 0.01612465456 1.569842815
v -0.04408982396 0.008687512018 1.587307811
v -0.03929194063 0.01741425321 1.56596911
v -0.0481451489 0.007870698348 1.58840704
v -0.0459803082 0.00725823082 1.588665843
v -0.03647061065 0.01627031341 1.56855154
v -0.03660830855 0.01655459031 1.571991444
v -0.05187663436 0.01586778089 1.580589414
v -0.03979707882 0.01296263933 1.582474113
v -0.03539269418 -0.01501468476 1.578927159
v -0.04020355642 0.01265501324 1.582843781
v -0.03512888402 -0.008454035968 1.579148531
v -0.03512350097 -0.005273024552 1.577991009
v -0.04074840993 0.01139429957 1.583433628
v -0.03547805548 -0.005085946061 1.576739311
v -0.03887185454 0.01155756321 1.584236622
v -0.04773138836 0.01126902364 1.585421324
v -0.03487769887 -0.005348519422 1.580463767
v -0.03300605714 0.0008948100731 1.572822213
v -0.04208473861 0.01066827029 1.584977269
v -0.04144408926 0.009854796343 1.585245252
v -0.04746493697 0.01948932 1.579228044
v -0.03545884788 -0.003178750165 1.576356888
v -0.04850077257 0.01098280679 1.586180568
v -0.03383343667 -0.002369606867 1.574844122
v -0.04134114087 0.009731767699 1.585723281
v -0.03493238986 -0.004045048729 1.576738715
v -0.04957804456 0.01063971128 1.586531401
v -0.04988445714 0.009864987805 1.586971521
v -0.03487329185 -0.003483890556 1.576240301
v -0.04997682199 0.009286544286 1.587317348
v -0.03755174205 0.01761475392 1.582015276
v -0.04990331456 0.008743901737 1.587749124
v -0.03443387523 -0.003469568677 1.576396942
v -0.0331928283 -0.002307083458 1.578078508
v -0.0439466089 0.007866971195 1.587701321
v -0.03462204337 -0.005113490857 1.579648018
v -0.04923649877 0.008218622766 1.587947965
v -0.04449700937 0.007536062039 1.588108897
v -0.03397971764 -0.004529172555 1.580497026
v -0.04753641412 0.00750368461 1.588537455
v -0.03541423753 -0.004712514579 1.581676245
v -0.0384574607 0.01279236563 1.582659483
v -0.03380933404 -0.004406862892 1.578864813
v -0.03312023357 -0.003817189485 1.578888297
v -0.04016735405 0.01214081235 1.582519054
v -0.03830430284 0.01163808536 1.583402872
v -0.03324666992 -0.003281963058 1.578487515
v -0.04719430208 0.01226255391 1.585085869
v -0.03242215514 -0.001618934795 1.578500986
v -0.04138764739 0.01106827147 1.584472418
v -0.03289350122 -0.004012426361 1.57970345
v -0.03174751252 -0.003683071584 1.580132008
v -0.04767454043 0.01167455129 1.585140347
v -0.04846931621 0.01130334381 1.585974216
v -0.03127694875 0.01040201541 1.590022206
v -0.0454547815 0.008931870572 1.590973735
v -0.03970432654 0.009944118559 1.585311294
v -0.0357991308 0.004924993962 1.565394998
v -0.04647025466 0.007109699771 1.588287592
v -0.04598985612 0.007046149112 1.588281751
v -0.03731830791 0.002353339922 1.566355824
v -0.03533791378 0.002675142838 1.568581939
v -0.03891770169 0.01053482387 1.584618092
v -0.04677094892 0.01154349744 1.585275292
v -0.03552024812 0.01483516116 1.569408894
v -0.03604077548 0.0152649926 1.571722865
v -0.04007524624 0.009446418844 1.585155129
v -0.04833209515 0.01072732825 1.586234331
v -0.03008319251 -0.003882684745 1.580543399
v -0.05456338078 -0.02984681912 1.601664662
v -0.04475558922 0.009638034739 1.586510777
v -0.04907393828 0.01046171412 1.58654654
v -0.05927824974 -0.01355685014 1.610352874
v -0.06544468552 -0.007285765372 1.613833427
v -0.04768742993 0.007602784783 1.588239193
v -0.04413100705 0.007294361945 1.587926507
v -0.04883055761 -0.01009624358 1.586628914
v -0.06784984469 -0.001859619282 1.62032032
v -0.04418257996 0.006790486164 1.587793112
v -0.06038786471 0.04449490458 1.579299808
v -0.0385642387 0.01169274934 1.582035422
v -0.03836813569 0.01207039878 1.582571387
v -0.05912284553 -0.01251439471 1.60768795
v -0.03944773227 0.01281778701 1.581805348
v -0.04439045861 0.01935442537 1.579617739
v -0.06430945545 0.0113425618 1.58966732
v -0.04050143808 0.01179719903 1.582960367
v -0.06643375754 -0.003636426292 1.612542391
v -0.03825772554 0.01110721845 1.583533406
v -0.06927663833 0.001993303653 1.615036607
v -0.04637877643 0.01101729181 1.585732222
v -0.06306772679 0.02859038115 1.576717377
v -0.04133676738 0.01033785008 1.584637046
v -0.03399132937 0.01653541438 1.583195686
v -0.03951702267 0.009430471808 1.584443212
v -0.05877086148 0.02816049568 1.58590591
v -0.04095123708 0.009604612365 1.585323453
v -0.04781889543 0.0107083153 1.58588469
v -0.04055721313 -0.006304609589 1.584077954
v -0.03398655355 0.01522084232 1.585204124
v -0.04961887375 0.009014111944 1.587300897
v -0.04605688155 0.006980144419 1.588024735
v -0.06388832629 -0.006023528986 1.60641253
v -0.0329722017 0.014400254 1.584883332
v -0.03880364448 0.01250299253 1.581811547
v -0.05616620183 -0.002681307495 1.590479493
v -0.03809434921 0.01127117127 1.582542658
v -0.04085863009 0.01077844948 1.583282948
v -0.06221981347 0.02085303143 1.577042818
v -0.04692044854 0.01128795743 1.584940791
v -0.05953277275 0.03791279346 1.589711308
v -0.06342790276 0.03192174062 1.583087683
v -0.0389601551 0.009802187793 1.584622264
v -0.06598374248 0.01410118211 1.59361732
v -0.04648293927 0.01112073939 1.58528316
v -0.04613597319 0.01075404137 1.585911751
v -0.03261330724 0.01316554379 1.586266279
v -0.04806535691 0.009773592465 1.586357594
v -0.0616253987 0.008602243848 1.586866617
v -0.0487970002 0.009297397919 1.586859584
v -0.06295987964 0.002960426267 1.591441512
v -0.04905290157 0.008870960213 1.587152123
v -0.06003695726 0.0322441496 1.572817802
v -0.04310083017 0.007921373472 1.586792111
v -0.0665602535 -0.008951938711 1.621967912
v -0.04853767157 0.007798301056 1.587539434
v -0.05647553504 0.03632775322 1.585957527
v -0.06395680457 0.01881130785 1.585732937
v -0.0432577692 0.007516806014 1.587622523
v -0.04859174043 0.007721869741 1.587844372
v -0.06592138857 0.02429188602 1.589968204
v -0.06075726822 0.01421386097 1.580864906
v -0.047889065 0.007407533005 1.587847471
v -0.04712678492 0.0077076694 1.591066241
v -0.04290120676 0.006792653818 1.587380648
v -0.05528841168 0.03761729598 1.581779122
v -0.04504806921 0.00701457262 1.588078022
v -0.04037875682 0.01143415179 1.582440019
v -0.06449582428 0.02525903285 1.585025311
v -0.062611036 0.02343214676 1.576505661
v -0.04711094126 0.01097745728 1.584890723
v -0.06096887589 0.01569482312 1.570700169
v -0.04067470133 0.01005121972 1.583734393
v -0.04088727385 0.009943285957 1.584596276
v -0.05226771161 -0.001606686972 1.587778211
v -0.06076171249 -0.003890295513 1.592139482
v -0.04567307234 0.01036851294 1.585962892
v -0.06367715448 -0.000336422585 1.5992589
v -0.04053728655 0.00982706435 1.584280014
v -0.04438314214 0.009324683808 1.58620441
v -0.06649645418 -0.01009599026 1.621213913
v -0.04858455434 0.009609322995 1.58667779
v -0.06390916556 0.01201525331 1.602353215
v -0.06322512031 -0.01084876712 1.610626936
v -0.04351483285 0.008260959759 1.586882353
v -0.0675624162 0.007470953278 1.60225153
v -0.04916701093 0.00849526003 1.58744812
v -0.04824313521 0.007872259244 1.587106586
v -0.0661534071 0.008368460461 1.609608769
v -0.03804007545 0.01065235026 1.583367825
v -0.06233227998 0.04041136056 1.583597064
v -0.03822335601 0.00969062373 1.583296299
v -0.04571244493 0.02063809149 1.594402313
v -0.04549934715 0.01049662475 1.585178256
v -0.06164554507 0.04299044609 1.583147764
v -0.04738388211 0.01061555929 1.58524859
v -0.06217779964 0.0414859876 1.583597064
v -0.04528369755 0.01016467623 1.585614324
v -0.06910581887 0.01999339648 1.607237339
v -0.04480322823 0.009778854437 1.585676432
v -0.0680911541 0.00857243035 1.604194283
v -0.05412501842 -0.02230711654 1.601229429
v -0.04432047531 0.009452216327 1.585623264
v -0.0614104867 0.006238070317 1.586665154
v -0.04669252038 0.007031749003 1.587812901
v -0.06078247353 0.01523400564 1.571779609
v -0.04487069324 0.006527647376 1.587594867
v -0.04037662596 0.01790602319 1.581215024
v -0.0434843637 0.00645527197 1.587461948
v -0.06738933921 0.01363923959 1.608535528
v -0.04015292227 0.01170068514 1.582101583
v -0.05103832856 -0.03105348535 1.597946048
v -0.03793578595 0.01082043536 1.582519174
v -0.06050741673 -0.0100225592 1.610214472
v -0.04072459042 0.01103851758 1.582765698
v -0.04118201882 0.01086207945 1.582762361
v -0.06430114061 0.002294454724 1.611308932
v -0.03827624768 0.01022969466 1.583842158
v -0.05968305469 -0.01041865628 1.597356677
v -0.06140875816 -0.007732120343 1.599507928
v -0.04651551694 0.01112958882 1.584372759
v -0.04033147544 0.009687745944 1.583827138
v -0.03853899986 -0.006032373756 1.582563639
v -0.04487026855 0.01031927485 1.584786057
v -0.06413158029 0.01639331318 1.600123882
v -0.06884135306 0.01539143827 1.610296965
v -0.04003662616 0.009523037821 1.584059715
v -0.06409116834 0.004626099952 1.593485594
v -0.04741899669 0.01027133968 1.585408807
v -0.05091267452 -0.02299143746 1.585224271
v -0.04799563065 0.009318261407 1.586389065
v -0.0482470803 0.008527385071 1.586845398
v -0.05720118806 -0.009626270272 1.597572684
v -0.04205867648 -0.0244965218 1.584123969
v -0.04807317629 0.008199080825 1.58674109
v -0.04256162792 0.007214315701 1.586839557
v -0.06780323386 0.01143291313 1.600636482
v -0.05310056731 -0.02922456153 1.594128609
v -0.0481178984 0.007419218775 1.587353468
v -0.0519201085 -0.01718855835 1.584578633
v -0.04471327364 0.006787409075 1.58783865
v -0.06035725772 0.000655607786 1.597835183
v -0.03837457672 0.01137618534 1.58207643
v -0.04743182287 -0.03081125207 1.585275888
v -0.04020615295 0.01099860016 1.582053065
v -0.04611398652 0.0108645102 1.584982514
v -0.07050114125 0.01075150538 1.61111629
v -0.03878590837 0.009403012693 1.583678246
v -0.06161195785 0.03374864534 1.578064084
v -0.05799734592 -0.0156040201 1.609182596
v -0.04453164712 0.009898046032 1.585088253
v -0.05603267625 -0.01826343872 1.594344258
v -0.05478895083 0.01304908283 1.582035065
v -0.03944532201 0.01195159927 1.58167696
v -0.05707332864 -0.006550086662 1.593591452
v -0.07049442828 0.01290076692 1.609825015
v -0.03807821125 0.009823657572 1.582888961
v -0.05566310138 -0.01596669294 1.599400997
v -0.0413923189 0.010390196 1.583254337
v -0.04559181631 0.0107704401 1.584680319
v -0.06182859093 0.001294752117 1.58939755
v -0.06371587515 0.03565609083 1.586499214
v -0.04447460175 0.0102862427 1.584493041
v -0.04691968486 0.01032456383 1.584721327
v -0.05183953419 -0.01460994128 1.589257956
v -0.06673173606 -0.000205825083 1.609187722
v -0.04396548122 0.009349144995 1.5852561
v -0.04333789274 0.00866765622 1.585550785
v -0.06925271451 0.01490837801 1.603699327
v -0.04788810387 0.008791504428 1.586348057
v -0.04084363952 -0.00675390102 1.584186912
v -0.04290565476 0.006458626594 1.58712244
v -0.05214930326 -0.0200906489 1.594167352
v -0.06662836671 0.01140153129 1.596703053
v -0.04537256062 0.006521649193 1.587503552
v -0.0698395595 0.005055955611 1.613156438
v -0.04416881129 0.006277010776 1.587463379
v -0.04544461519 -0.01729638129 1.585376501
v -0.05481932685 0.01351530571 1.581182003
v -0.054248292 0.01328014117 1.581872582
v -0.05522547662 -0.007409801707 1.590510488
v -0.06364179403 0.01752168499 1.599719763
v -0.05433519185 0.01208143774 1.583304763
v -0.06635978818 0.007894684561 1.597666025
v -0.05244573206 0.01218829211 1.5835886
v -0.05559903383 0.01676945202 1.59420085
v -0.03861558065 0.01085318066 1.58157897
v -0.03820515051 0.01031987835 1.581979871
v -0.06205523014 -0.0002098106779 1.587878942
v -0.04190114141 0.01065725647 1.58308351
v -0.04034085572 -0.01131285075 1.583367229
v -0.05579096079 -0.01904287562 1.60338223
v -0.04405828938 0.01092138793 1.583702683
v -0.04369522631 0.01082186494 1.583642721
v -0.05007560924 0.01919946447 1.578648567
v -0.04489636049 0.01081635151 1.584066629
v -0.04573604465 0.01971935295 1.578529358
v -0.06971446425 0.001993304119 1.620473981
v -0.04298390821 0.01012165006 1.583913684
v -0.03948058933 -0.009948785417 1.582920671
v -0.04409475252 0.01055284962 1.584027171
v -0.04762375727 0.01547990832 1.593865156
v -0.04403096065 0.009679062292 1.58486402
v -0.04123802111 0.01816943847 1.580612659
v -0.04741971195 0.009705463424 1.585552812
v -0.05946772173 0.0165545363 1.595791698
v -0.04308344051 0.008141241968 1.586235523
v -0.05724582449 -0.02221211791 1.605040908
v -0.04781286418 0.007076740265 1.587259412
v -0.06500960141 0.03106202558 1.588353515
v -0.04699548334 0.006859860383 1.587546229
v -0.06232725829 0.03100829758 1.577364326
v -0.04247949272 0.006286674179 1.586696148
v -0.0463658087 0.006558060646 1.587463856
v -0.03647204116 0.01751580462 1.581697822
v -0.0434112139 0.005992701277 1.587089658
v -0.05746958777 0.04320536554 1.573928237
v -0.0540037863 0.01359870005 1.581067681
v -0.05553524569 -0.01289051119 1.595419765
v -0.05287998542 0.01278677024 1.582921386
v -0.06517587602 0.007957448252 1.593594074
v -0.03923318163 0.01156262867 1.581392527
v -0.06117199361 -0.0118155675 1.605527759
v -0.06689505279 0.003882566467 1.604519725
v -0.04227367789 0.01151066367 1.582019806
v -0.05987322703 0.03896056116 1.590474367
v -0.04167763889 0.01110245474 1.582496524
v -0.05419189855 0.01177617628 1.583632827
v -0.03156382591 0.01188391726 1.587382913
v -0.04241677001 0.01026397943 1.5835706
v -0.06393666565 -0.0118157519 1.614450336
v -0.04174783081 0.01009088941 1.583426595
v -0.06628143042 0.001264094841 1.605652094
v -0.05851400271 0.00258434657 1.59176302
v -0.04537400976 0.01091447193 1.584164739
v -0.06733597815 -0.007946833037 1.620996952
v -0.04078655317 0.009589428082 1.583490849
v -0.04351597279 0.009444234893 1.584658742
v -0.06541103125 0.002053186297 1.601287246
v -0.065210931 -0.005609744228 1.610821724
v -0.04280200601 0.008439995348 1.585094213
v -0.05447071046 0.00145600317 1.588825464
v -0.04245866463 0.007445601281 1.586308956
v -0.06479447335 -0.002556602471 1.60504663
v -0.04797495902 0.007539057173 1.586736679
v -0.05284580961 0.01310087368 1.582466125
v -0.03831449151 0.008759682067 1.591131449
v -0.05227155983 0.01280906983 1.582939386
v -0.06797074527 0.006591449492 1.605001807
v -0.05227680877 0.01251962874 1.583289266
v -0.06648672372 0.004762069322 1.601769328
v -0.06266432256 -0.003706957214 1.610152245
v -0.05150286853 0.01259187795 1.583182216
v -0.04464206472 0.01142479759 1.582996249
v -0.06238929927 -0.01051573921 1.607695818
v -0.06299575418 0.02644109353 1.578876972
v -0.04381830245 0.01138287876 1.582989097
v -0.06403071433 -0.006945078261 1.617239356
v -0.05307849497 0.01125842892 1.584220648
v -0.05915286392 0.04110982269 1.590236902
v -0.04503433034 0.01106674783 1.583663106
v -0.03885742649 0.009510610253 1.582564831
v -0.06809497625 0.02816054784 1.597997189
v -0.04213054106 0.00941943191 1.583934188
v -0.06570059061 0.02622620948 1.599376321
v -0.05362220854 -0.0317661725 1.602846503
v -0.04302318022 0.009265381843 1.584479332
v -0.04711287469 0.009730365127 1.585190415
v -0.06387507915 0.007862107828 1.605065107
v -0.04265065119 -0.003554067574 1.585434318
v -0.04329295456 0.008920076303 1.585060716
v -0.05809808895 -0.009532240219 1.600639701
v -0.04691402987 0.009386047721 1.5851717
v -0.06266222894 0.0197784286 1.598911405
v -0.04181702062 0.006763273384 1.586194038
v -0.07065224648 0.004545498174 1.616832733
v -0.04519094899 0.005810616538 1.587026
v -0.04380544648 0.005755730439 1.586966276
v -0.06106373295 0.03654268757 1.577472687
v -0.05421727523 0.01362463273 1.580756545
v -0.05151548237 -0.01760021225 1.582001209
v -0.06556621939 0.031599354 1.591228485
v -0.05365793779 0.01347536221 1.581656218
v -0.0608626157 -0.01439480018 1.607566595
v -0.05262789875 0.01335216127 1.581886768
v -0.04225393757 0.01167721488 1.581713676
v -0.06784984469 -0.002388562076 1.620779991
v -0.04010846093 0.0109978281 1.581627965
v -0.06249177828 0.01462024543 1.583013535
v -0.04098640755 -0.00697919447 1.584303021
v -0.043137189 0.01113465615 1.582788348
v -0.06534336507 0.02638738975 1.587319851
v -0.03995091468 0.01034965366 1.581876636
v -0.06480434537 0.01993966475 1.588027477
v -0.05242919549 0.01138927415 1.584151626
v -0.05738040805 -0.003594803624 1.591907024
v -0.03852158412 0.009575254284 1.582640529
v -0.04628706723 0.01087861415 1.584063292
v -0.06239271164 0.02558146045 1.571988821
v -0.03946556523 0.009364733472 1.583654046
v -0.06362853944 0.04030390829 1.587680101
v -0.04109694809 0.00916666165 1.583383679
v -0.05873927474 -0.003285845742 1.595744252
v -0.0393666327 0.009520858526 1.582478881
v -0.06889952719 0.008845911361 1.61473465
v -0.04164864123 0.009194221348 1.583694339
v -0.06557046622 0.01574856415 1.592138767
v -0.04198576882 0.006299294997 1.586444736
v -0.06146911532 0.008027387783 1.599866629
v -0.04635160789 0.006049182266 1.587232232
v -0.05086835846 0.01956413873 1.577803969
v -0.06025600061 0.004167645238 1.597886324
v -0.04590054974 0.006210467312 1.587358117
v -0.05496011674 0.01364408433 1.580569863
v -0.0467870757 -0.0006394935772 1.586907983
v -0.0527536422 0.01348563842 1.580940723
v -0.05737669393 -0.01563060842 1.595635176
v -0.06248511374 0.001294752117 1.587279916
v -0.0528212674 0.01344183926 1.581626534
v -0.04259337857 0.0186196696 1.579718828
v -0.05164012313 0.0130953528 1.582187772
v -0.04307853058 0.01156605035 1.581849694
v -0.06066740304 -0.002596042119 1.60190773
v -0.05077950656 0.0124575682 1.58318758
v -0.06028043479 0.03740238771 1.575431228
v -0.05147619545 0.01218767837 1.583600521
v -0.05230418965 -0.02283100411 1.59662199
v -0.04488307238 0.01150847413 1.582445264
v -0.03491731733 0.01732316799 1.581574917
v -0.05945059285 -0.008618577383 1.59552896
v -0.0515291281 0.01179503836 1.583878756
v -0.04496056587 0.0112426132 1.583119512
v -0.06422631443 0.02203517035 1.585379124
v -0.06501665711 0.004279446788 1.597167134
v -0.05187499896 0.01070804708 1.584370136
v -0.04593506828 0.01087249722 1.583828568
v -0.05323485658 0.001939599402 1.588695049
v -0.04660183936 0.01051292382 1.58438015
v -0.06283978373 -0.01557699498 1.615469098
v -0.04270519689 0.008849697188 1.584576249
v -0.06200544536 0.006360137369 1.602210045
v -0.04748863354 0.008655046113 1.585872889
v -0.0657274425 0.01623216271 1.602080226
v -0.04238948599 0.007745536976 1.585634112
v -0.06245333329 -0.005987676792 1.611991167
v -0.04174276441 0.007045764942 1.585734725
v -0.06734696031 0.02332473919 1.594911098
v -0.04761593789 0.00790757034 1.586105227
v -0.05732904375 -0.01270245295 1.601553917
v -0.04146603867 0.006526888348 1.585936546
v -0.05959967524 -0.006573542021 1.602561235
v -0.06740313023 0.003205703106 1.607331991
v -0.0472878702 0.006317681167 1.586968064
v -0.04719676077 0.006533019245 1.587204814
v -0.06441104412 0.02687100507 1.598405242
v -0.04301673919 0.01235586777 1.580717087
v -0.05523081496 -0.02619490959 1.598871708
v -0.04256420583 0.01202667598 1.581168056
v -0.06522547454 0.006260392256 1.595575809
v -0.06590362638 0.009663798846 1.59517169
v -0.0512595959 0.01276104618 1.582870483
v -0.04388123751 0.01175125316 1.581748962
v -0.06232380122 0.002219227608 1.604709744
v -0.06177312136 0.01569482498 1.59825027
v -0.04353810474 0.0116113266 1.581877589
v -0.06212823838 -0.0146100102 1.611645699
v -0.03826737776 0.00998091232 1.582106233
v -0.06333931535 0.01574860513 1.585308075
v -0.0507315062 0.01177220885 1.583810925
v -0.03988009691 0.009590322152 1.582535625
v -0.07040178031 0.009428619407 1.617447257
v -0.05225864053 0.01057607308 1.584459901
v -0.02992463671 0.00945235882 1.589487195
v -0.04041172192 0.009230512194 1.582892537
v -0.06192176789 -0.002036596648 1.593268633
v -0.05542978272 -0.02372319996 1.597581744
v -0.04203914478 0.008628300391 1.584158778
v -0.06900878251 0.01029184461 1.606397152
v -0.04245403036 0.008001836017 1.585169435
v -0.04257872701 0.005686062854 1.58640945
v -0.05240455642 -0.02116457745 1.587096572
v -0.04599193484 0.005690319464 1.587062597
v -0.06292581558 0.01050214004 1.601011038
v -0.05439442396 0.01363969594 1.580431461
v -0.05371006578 -0.02836510725 1.596062899
v -0.05392450094 0.01360190939 1.580379486
v -0.05290910229 -0.02900969423 1.610894084
v -0.05219338834 0.01333551109 1.581641555
v -0.06732004881 -0.004615561105 1.616702318
v -0.04253221676 0.01226720121 1.580641508
v -0.0554401502 -0.02690034546 1.605281711
v -0.05973131955 0.01204107609 1.596359968
v -0.04185928404 0.01193327643 1.580565691
v -0.06565187871 0.02106802352 1.590322018
v -0.05018915981 0.01238979213 1.583098054
v -0.04394950718 0.01157620549 1.582294583
v -0.06834643334 0.01838384382 1.598802924
v -0.04181834683 0.0112478463 1.581553459
v -0.06778102368 0.02117545344 1.597028732
v -0.05943365768 -0.01459930371 1.613017797
v -0.04004377872 0.01070695929 1.581068158
v -0.04998801276 0.0119342776 1.583581328
v -0.0610313639 -0.01837125234 1.612664461
v -0.06739726663 0.008263202384 1.612022042
v -0.03982491791 0.01010458544 1.58141911
v -0.04934710637 0.01186434925 1.58346343
v -0.0612391606 0.0268964693 1.570483327
v -0.065359734 0.02832170948 1.58695507
v -0.0393245928 0.009708697908 1.58204174
v -0.04557626694 0.0107060736 1.583423495
v -0.05932330713 0.04342027754 1.576505542
v -0.04038653895 0.009823452681 1.582469225
v -0.06575015187 0.003398144618 1.613075256
v -0.04663711786 0.00903895963 1.585065484
v -0.0628753081 -0.00142623717 1.60831356
v -0.06226052716 0.02085303143 1.578562617
v -0.04763107002 0.006973217241 1.586361885
v -0.06739255041 0.005713146646 1.614272237
v -0.04775487632 0.006902268156 1.586842537
v -0.04170919955 0.005481796339 1.586076379
v -0.06328464299 0.01338436361 1.599710703
v -0.06184031814 0.00924704317 1.586732388
v -0.04481212422 0.005431519821 1.586544275
v -0.06302661449 0.003873818554 1.588746786
v -0.04412995651 0.005537287332 1.586690068
v -0.05961219221 -0.002853210084 1.598780274
v -0.05216730759 0.01339524332 1.58120811
v -0.04367242008 0.0125349164 1.58069694
v -0.05573172122 0.03439341113 1.570581436
v -0.03903435543 -0.004214062355 1.583394647
v -0.0425122641 0.01249277871 1.580186486
v -0.05537337437 0.04513970017 1.588540077
v -0.05122030526 0.01313682925 1.581857085
v -0.06676892936 0.02542024478 1.592262745
v -0.04406283796 0.01229688991 1.580955505
v -0.06153795868 -0.003876542673 1.606374621
v -0.05012141168 0.01280708518 1.582251906
v -0.03918742388 0.01100725308 1.580915213
v -0.06418843567 -0.009350125678 1.612126231
v -0.05014198273 0.01261121221 1.582694292
v -0.05141638964 -0.02008999884 1.584901452
v -0.04439684376 0.01164491381 1.582287669
v -0.06757374108 -0.002352887765 1.614729524
v -0.06652001292 0.01676945202 1.594557285
v -0.04127786681 0.0105143087 1.582137704
v -0.04885889962 0.01911241375 1.578527451
v -0.04068765789 0.01002862118 1.582377672
v -0.0645474866 0.006606690586 1.607452869
v -0.0500686951 0.01142826583 1.583918333
v -0.05410800129 -0.02342168614 1.593482971
v -0.04932467267 0.01134653576 1.583873987
v -0.06279067695 -0.01110161003 1.616911411
v -0.04606845975 0.01017018128 1.584062099
v -0.04145200551 0.008949087933 1.583529472
v -0.06689695269 0.01490837801 1.595740199
v -0.06132923067 -0.009075536393 1.613488317
v -0.0463051796 0.00970213674 1.584477544
v -0.07152160257 0.008548542857 1.616646767
v -0.046700418 0.009726731107 1.584823847
v -0.04177577049 0.00778321689 1.584490299
v -0.05430696905 -0.02094997466 1.592193007
v -0.04181533679 0.007213564124 1.585118532
v -0.05582489818 0.0282680057 1.582626224
v -0.05649459735 -0.02088590711 1.597683549
v -0.04146663472 0.006015318446 1.586149693
v -0.0465721637 0.01870379783 1.594965339
v -0.04257304221 0.005531473085 1.586227536
v -0.04366612807 0.005376535468 1.586551666
v -0.06649941951 0.02219638228 1.592616558
v -0.05710354447 0.001333696302 1.58193922
v -0.04144595563 0.01271495782 1.578891873
v -0.06917968392 -0.00289621111 1.620782733
v -0.04216494784 0.01261107903 1.579635143
v -0.04097222164 0.01207271591 1.579385996
v -0.0653379038 0.01494261902 1.603371382
v -0.04201167077 0.01235008612 1.5800699
v -0.04906308651 -0.02911713161 1.586649776
v -0.04404664785 0.01253220439 1.580707312
v -0.06898857653 0.01177322585 1.612981558
v -0.05764256418 0.002154515125 1.590817809
v -0.04445534199 0.01222080551 1.580873728
v -0.06164616346 -0.01076769549 1.603469014
v -0.04407478124 0.01189615205 1.581505179
v -0.04184897989 0.01160944998 1.58095634
v -0.06103484333 0.005131314509 1.600436926
v -0.06619089842 0.02751574852 1.589614391
v -0.04939344898 0.01262816228 1.582064748
v -0.04453062639 0.01186771225 1.581629038
v -0.04410067946 -0.005466985516 1.585404396
v -0.06174290925 -0.01933823712 1.616487861
v -0.04950956628 0.01218211092 1.583128691
v -0.03971870244 0.00857981015 1.591097355
v -0.03982307389 0.01037026383 1.580732703
v -0.04511141032 0.01134323701 1.582268596
v -0.05353250355 -0.01100987103 1.589884281
v -0.03866578266 0.007897109725 1.590637326
v -0.04155227542 0.0105924001 1.581754923
v -0.05255984515 -0.02943994291 1.601437092
v -0.04509830475 0.01118948869 1.582762599
v -0.05795734748 -0.01310519222 1.595205545
v -0.05090814456 0.01113821846 1.584101915
v -0.05129810423 0.0108386036 1.584258318
v -0.05728153139 -0.009451392107 1.588751912
v -0.0653841868 0.01428492181 1.604366541
v -0.04138296843 0.007980344817 1.583968401
v -0.04145723581 0.007407123223 1.584591031
v -0.06588193029 0.01913367771 1.592191696
v -0.04716376588 0.007489891723 1.585831285
v -0.05835528299 -0.008161767386 1.592625618
v -0.05372098833 -0.005152952857 1.589195967
v -0.04413787276 0.00537938159 1.586483359
v -0.07010739297 0.002476862632 1.617130995
v -0.0424471274 0.01278387662 1.578420162
v -0.04418900609 0.0128424475 1.580187917
v -0.06544747204 0.01143291313 1.592677355
v -0.06928886473 0.01799015142 1.60981977
v -0.04335796088 0.01266092248 1.580361485
v -0.06150952727 0.02020828426 1.597682118
v -0.04266255349 0.01267158799 1.579498172
v -0.04479742795 0.01269807015 1.580059171
v -0.07115180045 0.01633959636 1.610251069
v -0.04148845002 0.01193213183 1.580066085
v -0.05742591992 0.01290078741 1.593901396
v -0.06815796345 0.01931438036 1.598211527
v -0.03936661035 0.01097767148 1.580414176
v -0.07090830058 0.006426141132 1.615760922
v -0.03864518926 0.01011210401 1.581272602
v -0.06251573563 -0.008269745857 1.604098678
v -0.04510803148 0.01119859423 1.582117081
v -0.03938056901 0.009647775441 1.580694675
v -0.06871371716 -0.001069348771 1.616916656
v -0.05307871848 -0.01525426563 1.583932996
v -0.03945129365 0.009637909941 1.581175089
v -0.04833525047 0.01100436226 1.583738446
v -0.05817817524 -0.003609622829 1.582553864
v -0.04531090334 0.01076269802 1.582810521
v -0.06907395273 0.01934859715 1.608363271
v -0.04862762615 0.01095829625 1.583899736
v -0.06049980968 -0.004690549336 1.603652358
v -0.06452856958 0.02912766859 1.58429575
v -0.05057774857 0.01091687847 1.584110498
v -0.04577331617 0.01030715182 1.583706617
v -0.06717002392 -0.0008572167717 1.611493587
v -0.05171499029 0.01022516936 1.58446455
v -0.06298210472 0.03622028977 1.583919883
v -0.04552672803 0.009412746876 1.583469748
v -0.06326621771 0.001170546748 1.608170629
v -0.04579594731 0.009418553673 1.583957911
v -0.05411063135 -0.01285020914 1.592495441
v -0.04602523893 0.008860532194 1.584435821
v -0.05513633415 -0.01533491816 1.590150952
v -0.06117630005 -0.005932041444 1.597680211
v -0.04091986641 0.00731066009 1.58435297
v -0.04651040584 0.008447065018 1.585148215
v -0.06419780105 -0.002146966755 1.602261901
v -0.06159560382 0.01300193649 1.598330021
v -0.04223082215 0.005425537005 1.585853815
v -0.04725957662 0.005955433473 1.586590648
v -0.04945053905 -0.02868766151 1.593450665
v -0.05466850847 0.01362567302 1.579561234
v -0.05711361766 0.02558140457 1.582522869
v -0.05936161056 0.003894990776 1.594811916
v -0.05314707756 0.01351394784 1.580472827
v -0.04108979926 0.01265656389 1.578619123
v -0.05777685717 0.04427999258 1.575069666
v -0.04248423129 0.01279839128 1.578804374
v -0.060594365 0.02794563398 1.570545197
v -0.04084443673 0.01170263346 1.579669356
v -0.05389644206 -0.01933771744 1.588968873
v -0.03783510625 0.01732717827 1.580803752
v -0.04115607589 0.01142032817 1.580114722
v -0.06444963813 0.03509189561 1.589078546
v -0.04920693114 0.01241654903 1.582487822
v -0.04153058305 0.01063873433 1.580912709
v -0.0626924634 0.02343214676 1.579545259
v -0.04486296326 0.01176744979 1.581534505
v -0.05523639917 0.04427999258 1.586391449
v -0.04868462682 0.01228262112 1.582255125
v -0.06253124028 0.01977845281 1.580790043
v -0.04875135422 0.01192539185 1.583033919
v -0.03207462281 0.01456519123 1.58386755
v -0.05875663087 -0.01761880703 1.613205552
v -0.04967431352 0.01100530196 1.584015489
v -0.04005534574 -0.01086099353 1.583135128
v -0.05138665438 0.009948446415 1.584349155
v -0.03201594204 0.01344802696 1.585142732
v -0.04666145518 0.007921708748 1.585394025
v -0.03162379563 0.01256642211 1.586165309
v -0.04093145952 0.005585581064 1.585466743
v -0.04736141488 0.006716405042 1.58607471
v -0.05339272693 -0.02223915607 1.589291692
v -0.04661481082 0.005559700541 1.586689115
v -0.05440016091 -0.01643627882 1.588646054
v -0.05807504803 -0.01612524688 1.610514998
v -0.04584266618 0.005471970886 1.586737156
v -0.05410795286 0.0134723084 1.579401731
v -0.05643214285 -0.01279648114 1.5984869
v -0.02904061414 0.009190368466 1.588717103
v -0.04054455087 0.01237507071 1.578202605
v -0.0548940599 -0.01913690567 1.600315213
v -0.04243915156 0.01264156587 1.578097105
v -0.04042705521 0.01215252466 1.578617096
v -0.06101951748 -0.001667183824 1.590028763
v -0.04331691936 0.0127407331 1.5794245
v -0.05881559104 -0.01563707367 1.599358201
v -0.05156186968 0.01328979619 1.580970049
v -0.05584232509 -0.009935227223 1.593735337
v -0.05058601499 0.01310506836 1.581203938
v -0.0598186031 -0.01722933725 1.606965184
v -0.04986069724 0.01287695114 1.58163774
v -0.06066124514 -0.01117051672 1.600635886
v -0.03851704299 0.009539873339 1.580978751
v -0.06224667281 0.02042319998 1.57489419
v -0.04140713066 0.01019403618 1.581331611
v -0.05716437101 -0.01723613963 1.608106136
v -0.04772456735 0.01127761509 1.583027124
v -0.05822594464 -0.01260842476 1.604620934
v -0.0411645323 0.009859425016 1.581749082
v -0.06292621046 0.005713919178 1.604666114
v -0.04861390591 0.01151891518 1.583480835
v -0.06195444614 -0.01288783271 1.609128714
v -0.05562762171 -0.02127265558 1.609548688
v -0.04078429192 0.009369788691 1.581946373
v -0.0528409034 -0.01555026043 1.592025757
v -0.0405587852 0.009024872445 1.582362533
v -0.04994691908 0.01052975003 1.58373642
v -0.06439647079 -0.002291813493 1.614871502
v -0.0605532378 -0.01697403193 1.609605551
v -0.04883636907 0.01080146991 1.583996892
v -0.04546848312 0.009924585931 1.583307624
v -0.06064141914 -0.01654397137 1.615733743
v -0.0409739092 0.008284143172 1.583020329
v -0.07139360905 0.01322316471 1.613262296
v -0.04084307328 0.007621324621 1.583589554
v -0.07139696181 0.01214853395 1.613907933
v -0.04593266174 0.007867834531 1.584643126
v -0.04011073709 -0.004438732751 1.583878398
v -0.04080238193 0.00680858735 1.584554076
v -0.0433482714 0.01784408279 1.594397187
v -0.06007367373 -0.009026766755 1.607174039
v -0.04024164379 0.005880373064 1.58477807
v -0.04077826068 0.00572365569 1.585153103
v -0.07002425939 0.01483510528 1.606385112
v -0.06778600812 -0.006442422979 1.620568275
v -0.04110053554 0.006028042175 1.585159898
v -0.04458997771 0.005073394626 1.586035132
v -0.05576865003 -0.02041307092 1.607777119
v -0.04408884794 0.005006860942 1.5858922
v -0.06359656155 0.0206918586 1.599646091
v -0.06324155629 0.004626099952 1.588447213
v -0.04338569939 0.005055576563 1.585839868
v -0.06507385522 0.02316352725 1.587673664
v -0.04658320174 0.00536858663 1.586467385
v -0.054701332 0.01352081541 1.578988671
v -0.06637011468 -0.005227327347 1.620192528
v -0.05229928717 0.01335439086 1.580421329
v -0.04882885516 -0.004185779952 1.586600661
v -0.04402739927 0.01288050693 1.579567075
v -0.06699012965 -0.003149061464 1.620356441
v -0.04046426713 0.01185359433 1.579184651
v -0.07039722055 0.00795749668 1.617985725
v -0.06205355376 0.0199933704 1.572528601
v -0.0447624065 0.01236104686 1.580545664
v -0.05778692663 0.02213774808 1.58402586
v -0.0406184569 0.01092803106 1.579604626
v -0.06575009227 -0.00730559323 1.620028496
v -0.04504518211 0.0116754882 1.581200004
v -0.04562386125 0.01136602741 1.581579328
v -0.05841241032 0.03788592666 1.588108897
v -0.05409457162 0.003845487721 1.589526653
v -0.03895251453 0.009304860607 1.580702186
v -0.04535159841 0.01023264881 1.582694769
v -0.05686203763 -0.01264838222 1.592302203
v -0.04813157767 0.01041953359 1.583862662
v -0.07203416526 0.01010675821 1.61777401
v -0.04039280489 0.007102608681 1.583333135
v -0.06365188956 -0.001190301497 1.610952735
v -0.06317102909 -0.006764820777 1.615844846
v -0.03993569314 0.005293859169 1.585011721
v -0.04205891117 0.00123903947 1.587312937
v -0.04045597836 0.00535299629 1.585257411
v -0.04202419147 0.005145362578 1.585469365
v -0.05495513603 0.000273914542 1.58929801
v -0.0610242486 0.02902026102 1.571955323
v -0.04157850891 0.0127196461 1.577847481
v -0.0636735335 0.000664209947 1.596668243
v -0.04376532882 0.01267778967 1.578454852
v -0.05815631524 -0.01063348074 1.593915582
v -0.04311729968 0.01270034537 1.579126716
v -0.04463282973 0.01279120613 1.579327464
v -0.06378855556 -0.00446399767 1.603724003
v -0.0500244014 0.01299023442 1.581051826
v -0.06907395273 0.01956351288 1.607557654
v -0.04535822198 0.01241771132 1.580189466
v -0.04845359549 -0.02181007899 1.588005543
v -0.05877295136 0.04430685937 1.590762377
v -0.04903546348 0.01263098046 1.581600428
v -0.05558224767 0.03740233555 1.582088947
v -0.04536141828 0.01192329451 1.580858707
v -0.05026787519 -0.02643029578 1.586133242
v -0.04137606174 0.01096039079 1.580516577
v -0.03870326281 0.01042174362 1.580313563
v -0.06473628432 0.0008129379712 1.613037467
v -0.06456953287 0.01067487244 1.604495883
v -0.04808367789 0.01178979874 1.582634449
v -0.05701455474 -0.02765026875 1.612609029
v -0.03921915218 0.01008719578 1.580146551
v -0.06706347317 0.02063814364 1.601648808
v -0.04896376282 0.01040483825 1.583906531
v -0.0645115301 0.004440043587 1.60915339
v -0.04088878632 0.008557960391 1.582917094
v -0.04682290927 0.006546988152 1.585637212
v -0.05989760906 -0.0004246258177 1.584330559
v -0.04782858863 -0.03550440818 1.591351151
v -0.04256040975 0.005314318463 1.585661173
v -0.04704105854 0.005628291517 1.586298823
v -0.04576024041 0.00519321207 1.586243749
v -0.06169421226 -0.005659238435 1.608938456
v -0.05430423841 -0.01627564989 1.595563769
v -0.0550823696 0.01344745886 1.578400612
v -0.05744703859 -0.02021915466 1.600063443
v -0.04050097615 0.01229128428 1.577763796
v -0.05791776627 -0.02075468004 1.603002667
v -0.05294814333 0.01332877856 1.579772472
v -0.07040163875 0.007220954634 1.618552446
v -0.05113510042 0.01318479422 1.580424547
v -0.05886713043 -0.00636202842 1.599725485
v -0.0452032052 0.0126557108 1.579465866
v -0.06797881424 8.585397154e-05 1.619233727
v -0.04936842248 0.01274190098 1.581553936
v -0.06683147699 0.02015456557 1.594610214
v -0.04836768657 0.01229767594 1.581885815
v -0.04694825038 -0.003057410009 1.586459875
v -0.04745830968 0.01214697771 1.581459999
v -0.06635706872 0.0311695002 1.593861341
v -0.0465355441 0.01198194735 1.581295133
v -0.03824540228 0.009888046421 1.580535173
v -0.06251024455 0.02515160479 1.572740436
v -0.04034071788 -0.0001434073783 1.586919188
v -0.0476982519 0.01190310251 1.582074761
v -0.04702280834 0.01153182052 1.582147002
v -0.06310926378 0.01768295094 1.583438396
v -0.04132381827 0.01020479854 1.580691814
v -0.0646635294 0.01633959636 1.600775957
v -0.04586034268 0.007897707634 1.590506673
v -0.04674324766 0.01100339834 1.582544208
v -0.04722942412 0.01107788924 1.582825184
v -0.06364828348 0.02413067594 1.58273077
v -0.04756290838 0.01083997637 1.583295941
v -0.06819449365 0.02445309609 1.597205639
v -0.0646847114 0.03702624142 1.590528607
v -0.04050701112 0.008990834467 1.581830978
v -0.04730851203 0.009766123258 1.583634853
v -0.06088825315 0.01547990832 1.575431347
v -0.06342896074 -0.005099262111 1.615210772
v -0.04573958367 0.008909339085 1.583951831
v -0.06111216545 -0.01285045687 1.614964604
v -0.04056508839 0.007950413972 1.582660675
v -0.0402450487 0.006432885304 1.584164381
v -0.05815275013 -0.01664647274 1.61184752
v -0.04620940611 0.007620116696 1.585034966
v -0.06017599255 -0.01207417529 1.612434626
v -0.06012798101 -0.01465010736 1.604926348
v -0.04035526142 0.004510588013 1.585373402
v -0.04526565969 0.005044200458 1.585945725
v -0.06588540971 0.004973934963 1.599476695
v -0.04084691033 0.004325699061 1.585475087
v -0.06291329116 0.004626099952 1.58950603
v -0.0463152267 0.005293076858 1.585706472
v -0.05629885197 0.001214215066 1.590057969
v -0.05289101601 0.01327367779 1.579441309
v -0.05624383315 0.04900834709 1.590931535
v -0.05637652054 0.03826203942 1.570509076
v -0.04187304527 0.01233881526 1.577471018
v -0.04338741675 0.01263402589 1.57831037
v -0.05656000227 -0.01587266475 1.602468133
v -0.06186908484 -0.001361943316 1.605074883
v -0.03954503313 0.01156695001 1.578155994
v -0.04937865585 0.0129128769 1.580722809
v -0.05047943443 -0.03051426448 1.590647459
v -0.04901220649 0.01277838927 1.580974579
v -0.05100752786 -0.01804827154 1.582383513
v -0.04596561939 0.01232582051 1.580367923
v -0.06625466049 0.03353367373 1.594774246
v -0.04852770641 0.01254884526 1.581323028
v -0.06391779333 0.02735453844 1.582376957
v -0.06585672498 0.01347666327 1.605093837
v -0.04802750424 0.01226710901 1.581621647
v -0.06790629029 0.001921992283 1.610444784
v -0.04563482106 0.01207787916 1.580738664
v -0.04640742764 0.01156945527 1.581776023
v -0.053997159 -0.01923093386 1.597248197
v -0.04594192281 0.0110794073 1.581951618
v -0.06320267171 0.009117526002 1.602677464
v -0.06894881278 0.01327194087 1.612537265
v -0.04610684887 0.01051278692 1.582505465
v -0.06769954413 -0.006786308251 1.62103653
v -0.04579843208 0.01055580378 1.58231616
v -0.06335990876 0.01032167394 1.587248802
v -0.04524022713 0.01080955379 1.582394123
v -0.06389887631 0.03869196028 1.587680101
v -0.04583111033 0.01002204604 1.58268702
v -0.04903070256 0.01022727787 1.583534598
v -0.05982705206 0.02450677939 1.590905666
v -0.05421378091 0.04061609507 1.583163381
v -0.04794788361 0.009862043895 1.583717108
v -0.0456321612 0.009052310139 1.58335948
v -0.05889952928 -0.01959307492 1.60732317
v -0.04559363797 0.008315954357 1.583848119
v -0.06289572269 0.02708590776 1.57629168
v -0.04601597413 0.006851042621 1.585003972
v -0.06300646812 0.001294752117 1.593377113
v -0.0394529514 0.00532254111 1.584717274
v -0.05400222167 -0.02137970179 1.591225982
v -0.04710942507 -0.005475326441 1.586011887
v -0.03930406645 0.00475589186 1.584864736
v -0.06020569801 0.03122324124 1.588971376
v -0.04262965545 0.004955608398 1.585059404
v -0.03976867348 0.004207491875 1.584959149
v -0.06180839613 0.03095460869 1.574568748
v -0.04494776577 0.005139189772 1.586147547
v -0.05466545746 -0.02213250101 1.604876876
v -0.0605314523 0.03165307269 1.591120005
v -0.04151861742 0.004719019867 1.585523605
v -0.04642200097 0.01949698292 1.577620625
v -0.05401944369 0.01339282747 1.579159856
v -0.03986094147 0.01187686808 1.577818871
v -0.06198973954 0.02343219891 1.570271492
v -0.06574545801 -0.008537914604 1.616382003
v -0.04518646374 0.01252019405 1.578924775
v -0.03985473514 0.01109942794 1.578571677
v -0.04429544881 0.01938839816 1.577856541
v -0.04567500204 0.01250806265 1.579713106
v -0.05765258521 0.04427999258 1.589159966
v -0.04767435044 0.01238003746 1.580887318
v -0.05504829064 0.04427999258 1.585957527
v -0.04101394862 0.01069543138 1.580019712
v -0.06824240088 0.0007475269958 1.613045216
v -0.0378164649 0.009769204073 1.579877734
v -0.04789763317 0.01919022202 1.578066587
v -0.03870633245 0.009410667233 1.579788685
v -0.05485858023 0.04385010898 1.585482478
v -0.04086216539 0.009271466173 1.580894351
v -0.05573172122 0.03761729598 1.570054531
v -0.06606796384 0.01061838586 1.607735395
v -0.04961090162 0.01036424842 1.583184481
v -0.04038240761 0.008250796236 1.582287431
v -0.07180917263 0.01977842487 1.610677242
v -0.05059777945 0.01026760694 1.583799958
v -0.06643264741 0.02977246791 1.592678547
v -0.05503184721 -0.0286666248 1.600161672
v -0.04707777873 0.009551985189 1.583575845
v -0.05832731351 -0.02062767744 1.613187432
v -0.04534662142 0.007595162839 1.584053278
v -0.05323656276 -0.003970864229 1.588723421
v -0.04462632164 0.005267856643 1.584917903
v -0.04259701446 -0.005429917015 1.585108757
v -0.04418167844 0.004850882106 1.585295558
v -0.04291664436 0.01254877262 1.577915788
v -0.0602401495 0.02536649816 1.589614391
v -0.03982567787 0.01179641113 1.577382684
v -0.05498114601 0.04535461962 1.58789444
v -0.05592398718 -0.00209026318 1.59024322
v -0.05210294947 0.01323860791 1.57964921
v -0.0442453064 0.01261311024 1.578401327
v -0.05480651557 0.03546799347 1.569842815
v -0.03921236098 0.01125751808 1.577566981
v -0.06337877363 0.02090681344 1.583084583
v -0.04025634378 0.01137273107 1.579365373
v -0.06398451328 0.03245906904 1.585962653
v -0.06233899668 0.02257248759 1.573494434
v -0.04024777934 0.0109048998 1.57872653
v -0.06217949465 0.03401729465 1.580266953
v -0.0468788147 0.01236839313 1.580212116
v -0.04720040038 0.01224054303 1.58095789
v -0.05691719428 0.03998146951 1.571800232
v -0.06184703112 0.03568298742 1.579514146
v -0.04685903341 0.01209735684 1.581197143
v -0.03751571104 0.009621415287 1.579521894
v -0.02899945341 0.01072299574 1.586108923
v -0.03839188814 0.009066804312 1.580339432
v -0.06130635738 0.03890687227 1.579514146
v -0.06525900215 0.01236344967 1.592085958
v -0.04045521468 0.008841072209 1.581161976
v -0.03024237044 0.01098180097 1.587135553
v -0.04626892135 0.01001151837 1.58292675
v -0.04026710242 0.007426317316 1.582654715
v -0.06418685615 0.01687696204 1.587602615
v -0.0612744391 0.02536649257 1.569625854
v -0.04010822624 0.006614496931 1.583263397
v -0.04008639604 0.00604691403 1.583935499
v -0.06761647016 0.02654860169 1.594557285
v -0.06746198237 0.02235756628 1.595845938
v -0.03969315439 0.005699205678 1.584072232
v -0.06430187821 0.01590978913 1.588537455
v -0.046531111 0.006131724454 1.585482001
v -0.04571223632 0.005063852295 1.585704446
v -0.06400802732 0.03772477806 1.58800292
v -0.0293682646 0.008044184186 1.589629292
v -0.04183113575 0.004548386671 1.585210919
v -0.05488588661 0.01333208289 1.578292131
v -0.03119132482 0.008758257143 1.59041667
v -0.05368263274 0.01327611227 1.578888178
v -0.05021907017 -0.03349331766 1.593275189
v -0.04250068963 0.01202407014 1.577022552
v -0.05765258521 0.03611278161 1.586980224
v -0.04308658093 0.01245800033 1.577648759
v -0.06174455583 0.02429191396 1.569837689
v -0.06514977664 -0.00393305812 1.60828352
v -0.04391765222 0.01244457997 1.577931166
v -0.05045633391 -0.02369071916 1.593541026
v -0.05101659894 0.01317789871 1.579501748
v -0.05022577196 0.01309703756 1.579897881
v -0.05863573402 -0.0171637442 1.601448417
v -0.04847363383 0.01269741077 1.580288053
v -0.05882292241 0.01712878235 1.595543742
v -0.048163075 0.01256640814 1.580709934
v -0.06077658385 -0.0132656442 1.602839351
v -0.03719775751 0.009289151058 1.579721928
v -0.06484087557 -0.01041862275 1.615852594
v -0.03615373001 0.008957426064 1.579120159
v -0.0614412576 0.002088827081 1.601938486
v -0.03689192981 0.008581201546 1.579419971
v -0.0622247979 0.02257248759 1.571774483
v -0.03771269321 0.009122548625 1.580082536
v -0.06749486923 0.01166150998 1.610174894
v -0.05032268912 0.01035886258 1.58346498
v -0.04825960845 -0.03533791378 1.591350555
v -0.0586688593 -0.02191728354 1.609604239
v -0.05023656785 0.01021033991 1.582862735
v -0.07126764953 0.0104291318 1.61444509
v -0.04820974544 0.009740374051 1.583465338
v -0.04664553329 0.009109016508 1.583433747
v -0.05667371675 -0.02729026787 1.615465164
v -0.04591051117 0.008944004774 1.583276033
v -0.056231644 -0.01579172723 1.593054295
v -0.0457627587 0.008262771182 1.583332539
v -0.05662957951 -0.01084830333 1.590474367
v -0.04452214018 0.006589385681 1.584048867
v -0.05675156415 -0.02402471378 1.601680398
v -0.05322811753 -0.02240114659 1.598162413
v -0.04566127807 0.006973762065 1.584652185
v -0.04576961324 0.006293944549 1.584907532
v -0.05871041492 0.01021420211 1.595414758
v -0.0554520227 -0.02078885585 1.594773889
v -0.03925492615 0.004200640135 1.584577799
v -0.04514209181 0.005039922893 1.585407734
v -0.05797022954 -0.006456057541 1.596658468
v -0.0405004397 0.003911685199 1.585136175
v -0.0600809902 -0.005475231446 1.594776869
v -0.05262064934 0.01134449616 1.578600287
v -0.06907395273 0.01941966452 1.607882977
v -0.05449902639 0.01309836935 1.577975988
v -0.0702958554 0.01831057109 1.605468273
v -0.04135034978 0.01217690855 1.57688117
v -0.05504662544 -0.02817545645 1.60407114
v -0.05273183435 0.01312005706 1.578578591
v -0.06398810446 -0.007583061233 1.609100938
v -0.05731843412 0.02071032301 1.595967293
v -0.04220876843 0.01223279815 1.577139258
v -0.05154992267 0.01319230348 1.579407215
v -0.06033221632 -0.006785055622 1.605396867
v -0.06639233232 -0.009988634847 1.620353937
v -0.04581887275 0.01247528289 1.579507589
v -0.04786170647 -0.007732066326 1.585683823
v -0.04056505114 0.01078848727 1.579071283
v -0.03626715392 0.008330406621 1.57921195
v -0.06880715489 0.004715572111 1.610021472
v -0.03996083513 0.008168810979 1.581222534
v -0.03776473925 -0.001690921374 1.584895372
v -0.0488217175 0.009948863648 1.583130479
v -0.06943842769 0.008769041859 1.609111428
v -0.05678447708 -0.02686053701 1.609602928
v -0.03977259621 0.006757283583 1.58267343
v -0.03968722001 0.006077336613 1.58302772
v -0.06807483733 0.01490837801 1.599719763
v -0.05413883552 0.001978495624 1.58123672
v -0.03903570026 0.004941325635 1.58404851
v -0.04581006616 0.005911866203 1.585050464
v -0.06907392293 0.01999339648 1.6074543
v -0.05948433653 0.0002229730599 1.594799042
v -0.04351085797 0.004795495421 1.585009694
v -0.04229712486 0.004704702646 1.584950566
v -0.04896692932 0.01917403191 1.576970458
v -0.06141808629 0.01030904893 1.598409891
v -0.04035777226 0.00349671673 1.584686756
v -0.04064746946 0.01208844502 1.576966047
v -0.05622117221 -0.02288452722 1.612794876
v -0.05206785724 0.01319830026 1.579303503
v -0.0593720153 0.0228948351 1.589185715
v -0.0650343895 0.01800531894 1.589897156
v -0.04330572486 0.01180512737 1.577311873
v -0.05065475032 0.01307030022 1.578847647
v -0.0702425316 0.007312701084 1.612190604
v -0.05908396468 -0.01748464443 1.604324937
v -0.05023185536 0.0130796358 1.579377413
v -0.04898666963 0.01283479389 1.580256581
v -0.04152325541 -0.00646383781 1.584571362
v -0.03972544149 0.0106613189 1.578051925
v -0.06890133768 0.01217025798 1.604497552
v -0.06735008955 0.01317064557 1.598188281
v -0.04003118724 0.01044395752 1.57821095
v -0.03667335212 0.009239054285 1.579168677
v -0.05518263206 0.04492473602 1.587465763
v -0.03618540615 0.00868022535 1.578541875
v -0.04062859342 0.01806289516 1.579633594
v -0.05488545075 -0.02903543599 1.600631356
v -0.03713658452 0.009056002833 1.578935742
v -0.03784743696 0.009007896297 1.579364896
v -0.06180669367 -0.002788695507 1.596928
v -0.04117053747 0.009769465774 1.580678821
v -0.05936696753 -0.01318541821 1.599022388
v -0.04078862071 0.009472285397 1.579777837
v -0.03272175789 0.01637361757 1.581908464
v -0.03578455001 0.008174291812 1.579255104
v -0.05991439149 0.02493666671 1.587465763
v -0.0351579003 0.007638061885 1.579054952
v -0.06728860736 0.003605262376 1.616282582
v -0.04068513215 0.009140616283 1.580107808
v -0.05339146033 0.02020825632 1.59493947
v -0.04941338673 0.01017890032 1.582865119
v -0.04141505808 -0.01025836635 1.58390975
v -0.06107129902 -0.01074109506 1.614122272
v -0.05347748101 0.01217443123 1.576635718
v -0.03999626637 0.007674164604 1.581882358
v -0.04442285001 -0.01031115931 1.584506154
v -0.03986478969 0.00713948952 1.58199656
v -0.06299947202 -0.004718167707 1.601251245
v -0.05745690316 -0.0157786347 1.60553515
v -0.0444329083 0.006966020446 1.583732843
v -0.06314646453 0.003528710455 1.606791496
v -0.04507576302 0.007126614451 1.584080935
v -0.04445943236 0.005972387269 1.584387183
v -0.05633139983 -0.01886826009 1.607029796
v -0.04478541389 0.005911664572 1.584547043
v -0.06462091953 0.01472767536 1.589720249
v -0.06914512068 0.02106797136 1.605088711
v -0.04425984621 0.005182970315 1.584822774
v -0.06878762692 0.01645118743 1.609176755
v -0.04516264424 0.005577340722 1.584885716
v -0.03944889456 0.003890894353 1.584241986
v -0.05851605535 0.007246782072 1.594252586
v -0.04700199142 -0.03105297498 1.584841967
v -0.04182770476 0.00411064364 1.584738612
v -0.04133323207 0.01207924634 1.576532006
v -0.06623885781 0.006118534598 1.611482143
v -0.05193104595 0.01303660497 1.578335762
v -0.0543833971 -0.02385167032 1.608420134
v -0.05014656484 -0.01821000874 1.588631749
v -0.03947792575 0.01145434752 1.57717979
v -0.04469836503 0.01238508057 1.578346491
v -0.05899498984 -0.00943821203 1.603706717
v -0.05755940825 -0.01804861426 1.597785473
v -0.04579291865 0.0122907469 1.578680396
v -0.05450594053 -0.01847826317 1.590903163
v -0.04838013649 0.01269062236 1.579688072
v -0.04798972979 0.01259834971 1.579925895
v -0.04525613412 -0.02315329947 1.586064696
v -0.04722839221 0.0006186994724 1.567737699
v -0.04067625105 0.01002223883 1.579043984
v -0.0461130105 0.0009495173581 1.567631006
v -0.03568231314 0.008810458705 1.578909397
v -0.04862186313 0.0004030950367 1.568066597
v -0.03384224325 0.00769141363 1.578540564
v -0.04783966392 0.0004766443744 1.567870617
v -0.04006937891 0.008400993422 1.580663562
v -0.03481608257 0.007358457893 1.579276443
v -0.03378715366 -0.0002058260143 1.573646069
v -0.03466262296 -0.002678254619 1.575429916
v -0.03346486017 0.007141464856 1.579702735
v -0.04132408649 -0.008041648194 1.57888937
v -0.04785355553 0.009259386919 1.583072543
v -0.04698237032 0.009012512863 1.583469033
v -0.03894387186 -0.007803502493 1.576917052
v -0.03913985938 -0.001069067046 1.568557978
v -0.04523126036 0.007749078795 1.583451033
v -0.03847031668 0.0005814461038 1.55956018
v -0.03911979124 0.005861665122 1.582479
v -0.0440136455 0.006582550704 1.583794832
v -0.03813308477 0.0008195876144 1.55975163
v -0.04325457662 0.005783553701 1.583509922
v -0.0415792875 0.00188793987 1.559222221
v -0.04027957097 0.0006617223844 1.559125185
v -0.04374974594 0.005140621215 1.584556937
v -0.04323475063 0.004941662773 1.584380984
v -0.03253589943 5.861744285e-05 1.575572133
v -0.04149145633 0.003910289146 1.584803462
v -0.04745510593 0.01920213364 1.577035546
v -0.03940247744 0.01779159345 1.579884171
v -0.04086146504 0.003672365099 1.584854245
v -0.03410043567 0.008553161286 1.59016943
v -0.05465333909 0.01296365075 1.577602625
v -0.0536657162 0.0131400777 1.578388929
v -0.04149608314 0.01838098653 1.578566909
v -0.03993785009 0.01146388706 1.576359749
v -0.03779387847 0.01763112471 1.579667449
v -0.03657438979 0.01745933667 1.580008507
v -0.03935459629 0.01098451298 1.576513171
v -0.03314183652 0.01694882661 1.581010342
v -0.043858096 0.0119025223 1.577565789
v -0.0391930826 0.01068448555 1.577474594
v -0.02977812476 0.01161809731 1.585653543
v -0.02854900621 0.007197949104 1.589097261
v -0.04787934199 0.01255554054 1.579136252
v -0.04825339466 0.006198947318 1.590776443
v -0.04733613506 0.01248649135 1.57982111
v -0.04107034206 0.01028127316 1.579900384
v -0.04518293217 0.01936950721 1.576159716
v -0.03441040963 0.007118040696 1.579679251
v -0.03532975167 0.01761007868 1.579941511
v -0.03342485428 0.01746629179 1.579860687
v -0.05459082872 0.01281115878 1.577632427
v -0.02990504168 0.0131358346 1.583374858
v -0.04706818238 0.008805276826 1.583277225
v -0.04634525254 0.008329113014 1.583212972
v -0.03172384202 0.007497417741 1.58968842
v -0.04002656043 0.01837540604 1.577915311
v -0.0395745486 0.006645902991 1.582078695
v -0.04467461631 0.007329864893 1.583378553
v -0.03842921928 0.01821216382 1.578431726
v -0.03147874773 0.01611185633 1.581206441
v -0.03989598155 0.005682545714 1.583606362
v -0.02950897999 0.0122643197 1.584186196
v -0.0437309891 0.00586406514 1.584057331
v -0.04248369485 0.004537522793 1.584378123
v -0.02823550813 0.009904957376 1.586458445
v -0.04022715986 0.01151552424 1.576105118
v -0.0273731295 0.008197794668 1.588031769
v -0.04266960919 0.0113924453 1.576853991
v -0.03206059337 0.0172183942 1.579275012
v -0.04016263038 0.01012773253 1.578326106
v -0.03156524897 0.01675084233 1.580235481
v -0.04061004892 0.009443221614 1.579294086
v -0.03071157075 0.01510395762 1.581846595
v -0.02830662392 0.01053086389 1.585393906
v -0.03531309217 0.00824113749 1.579323769
v -0.02711874805 0.009254286997 1.586172223
v -0.03576580063 0.00815277826 1.578696966
v -0.04935797304 0.01014435105 1.58236742
v -0.02971298806 0.006703319959 1.589239359
v -0.04715775326 0.006229226477 1.590473056
v -0.03971525282 0.007811818272 1.580847621
v -0.03438275307 0.01789282076 1.578380466
v -0.03973154724 0.00754963886 1.581296206
v -0.03039793484 0.01606823504 1.58029139
v -0.05045454577 0.0101504242 1.583193302
v -0.0439876914 0.006985860877 1.582957029
v -0.04349138588 0.006582807284 1.583160877
v -0.02624839544 0.007162046619 1.587842822
v -0.03946410492 0.01859879307 1.576597333
v -0.0433274731 0.005443802103 1.583909035
v -0.03643741086 0.0183634609 1.577761889
v -0.04201422632 0.004183201119 1.584180474
v -0.04189955816 0.004086213186 1.58353579
v -0.03497873247 0.01822088473 1.577546597
v -0.03984542936 0.003646752797 1.584609032
v -0.02908549272 0.01404235046 1.58145237
v -0.04132047668 0.003694306128 1.584344864
v -0.02949992009 0.01354852412 1.582315087
v -0.0530956462 0.01301782392 1.57809639
v -0.0273833964 0.006763149984 1.588527799
v -0.0416832678 0.01169944182 1.576344848
v -0.03657609224 0.01873980649 1.576769948
v -0.03547021002 0.01877756231 1.576595306
v -0.04672664776 0.01243716758 1.579322219
v -0.03276320547 0.01759164035 1.578188896
v -0.03944204003 0.01055012457 1.577774286
v -0.03454276547 0.008264628239 1.578768015
v -0.02920879982 0.01236796845 1.583058715
v -0.03538001329 0.008132621646 1.578392267
v -0.02626191825 0.008613956161 1.586182475
v -0.03723464906 0.01893147267 1.576029062
v -0.03379113227 0.006932121702 1.578844666
v -0.0339227356 0.007546388544 1.579441428
v -0.03106552921 0.01728151366 1.578102827
v -0.02994981594 0.01675837673 1.578637719
v -0.05016608164 0.01017141901 1.582396865
v -0.03351319954 0.006596644875 1.579501748
v -0.02898494713 0.01479378622 1.580621481
v -0.04858024418 0.009727079421 1.582917333
v -0.02549904026 0.007915026508 1.586335063
v -0.04731247947 0.008816506714 1.582881212
v -0.028762592 0.006274037994 1.588759422
v -0.04644720256 0.008188964799 1.582857728
v -0.03615119308 0.01912014745 1.575713634
v -0.03394212574 0.01806635223 1.577322721
v -0.04313183576 0.006382335443 1.582666993
v -0.02916323952 0.01608482562 1.579111576
v -0.03891946375 0.004802766256 1.582514644
v -0.04287108406 0.005077930167 1.583474278
v -0.03909119591 0.01889411546 1.575483084
v -0.03811068833 0.01902671531 1.575215697
v -0.03958941624 0.004811463878 1.583731294
v -0.02463228069 0.007596335374 1.585463762
v -0.04095795751 0.003502028063 1.583873987
v -0.02480691113 0.006157462485 1.587369919
v -0.05226637796 0.01118757483 1.579185128
v -0.04125886038 0.01138261985 1.575930953
v -0.04532862455 0.005341435783 1.589576602
v -0.04235678911 0.01167285629 1.576821685
v -0.04995451123 0.01291678101 1.578647256
v -0.02437687293 0.006732392125 1.586451888
v -0.03897320479 0.01941956393 1.573654532
v -0.04447963834 0.01182801463 1.577647567
v -0.02838695981 0.01530081686 1.579211473
v -0.04804508761 0.01249507535 1.57875514
v -0.02707873471 0.01286892872 1.58064568
v -0.03876081854 0.0102991024 1.57669127
v -0.02835045569 0.01245126408 1.582104087
v -0.04746040329 0.01236827951 1.578730583
v -0.0385972932 0.009916948155 1.576918244
v -0.0403345339 0.009610765614 1.57866621
v -0.03449941427 0.007876598276 1.578261971
v -0.03442599997 0.007166171912 1.578694701
v -0.05058126152 0.009853299707 1.582859397
v -0.02733515389 0.009142595343 1.584548831
v -0.03728072718 0.01935258694 1.573743701
v -0.04866547883 0.009785366245 1.582147598
v -0.03382782638 0.01860973239 1.575884342
v -0.03948830068 0.006879537832 1.580998778
v -0.03280773759 0.01764367148 1.57552886
v -0.048260957 0.009467609227 1.582709312
v -0.04550369084 0.00779732177 1.583214164
v -0.02919249795 0.01677171327 1.5776757
v -0.04505605623 0.007375682238 1.583122015
v -0.0284754727 0.01607777737 1.578188539
v -0.04417847097 0.006775056943 1.58234179
v -0.03879083693 0.005712393671 1.582047343
v -0.02692407928 0.005884892307 1.588069797
v -0.03972255439 0.01909318566 1.572406888
v -0.04314721376 0.006107844878 1.583073854
v -0.03203974664 0.01701511443 1.576295257
v -0.03929370269 0.003765167668 1.582487464
v -0.04278169945 0.005441660061 1.582886338
v -0.02825299464 0.005287472159 1.588110089
v -0.03938050568 0.005032589659 1.58285892
v -0.02701066993 0.01174520981 1.581314445
v -0.0425542444 0.004647290334 1.583649635
v -0.02298889495 0.00509831775 1.586331606
v -0.02453634888 0.005128099583 1.587379456
v -0.03969667852 0.003972340375 1.583692908
v -0.0404461436 0.003412432037 1.583787084
v -0.02777633257 0.004406235181 1.587646961
v -0.05218908936 0.0109411208 1.577941656
v -0.02983018942 0.01678750478 1.576744318
v -0.02815266885 0.01645100117 1.576957703
v -0.05192222446 0.01089932956 1.579772472
v -0.04152282327 0.01112569403 1.576251745
v -0.02707466111 0.01415200066 1.578544378
v -0.0282787811 0.01106027793 1.581905603
v -0.04292332381 0.01089177188 1.576714158
v -0.04484911263 0.01215934567 1.578164697
v -0.02614311688 0.008480030112 1.584704876
v -0.04018901289 0.008553141728 1.579890728
v -0.04584375769 0.00767424237 1.582244396
v -0.02464883775 0.007597181015 1.584177017
v -0.02601206675 0.005295765586 1.587712884
v -0.03831405193 0.005121286027 1.581851959
v -0.04075341299 0.003303973004 1.583418131
v -0.03622660041 0.01800918393 1.574843526
v -0.03499118984 0.01809745096 1.575191975
v -0.05196462944 0.01277821604 1.577648759
v -0.03926804289 0.01060369238 1.576125264
v -0.03208272159 0.008266483434 1.584187508
v -0.04361120611 0.01123228483 1.576979637
v -0.0294000525 0.008438442834 1.584452868
v -0.04682409763 0.01216900628 1.578462601
v -0.03106147237 0.01615448855 1.576942325
v -0.03825529665 0.009653417394 1.576544762
v -0.03181124479 0.01534611639 1.577727914
v -0.02623997442 0.01224811655 1.580461264
v -0.03931790218 0.009055850096 1.577652454
v -0.0404358618 0.009002330713 1.579492927
v -0.03395278752 0.008922315203 1.583815813
v -0.05027918145 0.01015245076 1.581681132
v -0.02358448505 0.007083644159 1.58427155
v -0.02554526739 0.004456749186 1.587143898
v -0.03954982758 0.007785480004 1.579764366
v -0.03937090561 0.007325369399 1.580303311
v -0.02454444766 0.004119119607 1.587034106
v -0.03944520652 0.006429751404 1.581228137
v -0.02352846041 0.004331422038 1.586900473
v -0.02947620489 0.005127867684 1.588099718
v -0.04502259195 0.007088159211 1.582496881
v -0.03830610588 0.01903960109 1.572059035
v -0.04331115261 0.006568864454 1.582281709
v -0.02899778076 0.01591952331 1.576131463
v -0.042693872 0.005986571778 1.582125306
v -0.05129543319 0.01077451464 1.580187082
v -0.03295040876 0.01627738774 1.576717973
v -0.04179528356 0.0107195992 1.576376677
v -0.03305023164 0.01520883013 1.577917576
v -0.02537063509 0.01186831389 1.579805493
v -0.03905842453 0.01055599935 1.576402307
v -0.04908646643 0.01269567385 1.578485608
v -0.02566747367 0.0111200409 1.580808878
v -0.04409881681 0.01137671527 1.577195287
v -0.02753135003 0.00804658886 1.583469868
v -0.03855466843 0.01002224907 1.576157212
v -0.04573044926 0.01177168265 1.577844501
v -0.02653271891 0.007996465079 1.583386779
v -0.03106004559 0.008154383861 1.583731532
v -0.046533335 0.01223810762 1.578702688
v -0.03373446316 0.01556748059 1.577160835
v -0.0389636457 0.009526406415 1.577348232
v -0.03975220397 0.00825376343 1.578939915
v -0.0300493408 0.008088856004 1.583640814
v -0.04916317761 0.01010344736 1.582055569
v -0.0389550738 0.00632956624 1.580397606
v -0.02853807248 0.008001909591 1.583492517
v -0.04801956937 0.009362868033 1.582210898
v -0.02218434401 0.005776382051 1.584464192
v -0.05076867715 0.009124872275 1.58289516
v -0.02285032719 0.005996149965 1.585291743
v -0.03718906268 0.01732994244 1.573800921
v -0.04702393711 0.008601516485 1.582468629
v -0.03319437802 0.01631458476 1.575638533
v -0.04527647048 0.007271650713 1.582323551
v -0.03917870298 0.006026873831 1.581499696
v -0.0269022733 0.01491946448 1.577180505
v -0.03391054273 0.01452354621 1.577736497
v -0.04374656454 0.006687757559 1.582248926
v -0.03874824941 0.005691733211 1.581632733
v -0.02597224899 0.0128056379 1.578926444
v -0.02932179905 0.009856744669 1.581408024
v -0.03939501569 0.004226729274 1.582721233
v -0.04233693704 0.004458960146 1.583295703
v -0.02775693126 0.01022360381 1.581342101
v -0.03982071206 0.003414988518 1.58287704
v -0.04127340019 0.00351137761 1.583225489
v -0.02544099838 0.00804510992 1.582414031
v -0.05253180116 0.01282357518 1.577627778
v -0.02412120439 0.007667395286 1.583124518
v -0.03748191148 0.01852286793 1.572648287
v -0.04039214179 0.0113280341 1.575619221
v -0.04025385156 0.01034489553 1.575440168
v -0.03317509592 0.01359882299 1.578180909
v -0.03933527321 0.01045871526 1.575742006
v -0.02458066121 0.01124977041 1.579975963
v -0.04746806994 0.01208987925 1.578099132
v -0.03046587668 0.008253649808 1.582099557
v -0.04494778067 0.01084498875 1.577111721
v -0.03571682423 0.01697814278 1.574544907
v -0.02696689218 0.01560974959 1.575942516
v -0.04525852576 0.01167466119 1.577648282
v -0.03157132119 0.01409147773 1.578146935
v -0.03879029676 0.008961565793 1.577244043
v -0.02362840436 0.01028196048 1.580288172
v -0.03988662362 0.008862172253 1.578367233
v -0.0327033028 0.00972624775 1.581470728
v -0.03953087702 0.008317296393 1.578261137
v -0.02277357876 0.003103789873 1.586502194
v -0.03997260705 0.008643600158 1.578722119
v -0.03467930108 0.01655054279 1.575121164
v -0.04939657077 0.01029324345 1.581536651
v -0.03017937951 0.01406723168 1.577364564
v -0.03893777728 0.00683187088 1.580015302
v -0.02324450947 0.01070251223 1.579339623
v -0.04751748219 0.009220669046 1.581755757
v -0.03783676773 0.004781806841 1.581398606
v -0.02677862346 0.01010825206 1.581058741
v -0.03317999095 0.008749856614 1.582876801
v -0.05195874348 0.01114572957 1.576735973
v -0.02708340436 0.008153405972 1.582296371
v -0.0527257584 0.01261842158 1.577151656
v -0.0513844043 0.01289974619 1.578125954
v -0.02275868319 0.00750290323 1.58238554
v -0.02202302404 0.006719785742 1.582933307
v -0.03994630277 0.01098658983 1.575711966
v -0.05068096519 0.01270315424 1.577830672
v -0.02746671624 0.00308135245 1.586975336
v -0.05013645068 0.0126633523 1.577928901
v -0.02613291517 0.003415712155 1.586992264
v -0.04943166301 0.01267546974 1.578211308
v -0.02956988104 0.01465728041 1.576785088
v -0.04109780118 0.009903285652 1.576066494
v -0.03440645337 0.01420185622 1.576453447
v -0.02454925887 0.01161321905 1.57898891
v -0.04079728946 0.01007126737 1.57596612
v -0.03170800209 0.00941819977 1.581155181
v -0.04854050279 0.01245243661 1.578170419
v -0.04490696266 0.01160200033 1.577496052
v -0.0255768504 0.009400871582 1.580750346
v -0.03966881707 0.008019344881 1.579355001
v -0.02237787284 0.009302559309 1.580509424
v -0.03801491112 0.005031241104 1.581195593
v -0.0289710667 0.008155628107 1.582390904
v -0.04254077375 0.005081574433 1.582715034
v -0.02185090072 0.003696686588 1.585855722
v -0.03833135962 0.009608828463 1.575753689
v -0.02457024902 0.002976992168 1.58659935
v -0.03918255493 0.008618416265 1.577625275
v -0.02522199601 0.01423554774 1.576236129
v -0.02142206021 0.008533471264 1.580596805
v -0.03939430043 0.00841472391 1.577954769
v -0.02338643372 0.008894664235 1.580828905
v -0.0499035269 0.01032258011 1.581136823
v -0.04841491207 0.01009191107 1.580888748
v -0.02368311211 0.008055246435 1.5813694
v -0.02267721295 0.008099227212 1.58132422
v -0.04798037931 0.009467698634 1.581826687
v -0.02150388807 0.007639572956 1.581259727
v -0.04705044627 0.008983586915 1.581576228
v -0.02108308859 0.005478936248 1.58332324
v -0.04654638097 0.008285010234 1.582080364
v -0.02880485542 0.003850665875 1.587243319
v -0.03900301084 0.005956894718 1.580755115
v -0.03873927891 0.005587713793 1.580995917
v -0.02611445822 0.01516833063 1.575553417
v -0.04239365086 0.005588398315 1.581999779
v -0.02502107807 0.01310801413 1.577120662
v -0.03356913477 0.009123885073 1.581133246
v -0.03844868764 0.004228088073 1.582195282
v -0.04184684902 0.004050146788 1.583004475
v -0.02907555737 0.008768758737 1.581366897
v -0.02485059947 0.008529293351 1.580932498
v -0.0521713011 0.01113786362 1.576941609
v -0.05268358067 0.01235881262 1.576667666
v -0.03468178958 0.008856558241 1.581858397
v -0.02768188529 0.00870639924 1.581237674
v -0.03905553371 0.01011749823 1.575538874
v -0.02634997852 0.008628248237 1.581102848
v -0.04338155687 0.01063602045 1.576602578
v -0.04679225385 0.01173655689 1.57779026
v -0.03182147443 0.008285482414 1.58217907
v -0.02998249792 0.003650847822 1.586893916
v -0.03781176358 0.008323860355 1.576581836
v -0.03882874548 0.008533049375 1.577331543
v -0.03491070122 0.01513356995 1.575218439
v -0.03410886973 0.01524190512 1.576133966
v -0.03908605874 0.007910392247 1.57799542
v -0.04908848554 0.01032453775 1.580898046
v -0.0291263517 0.0137482984 1.576604843
v -0.04747451097 0.00970679801 1.580901623
v -0.03197539598 0.01250701491 1.577702403
v -0.02229584008 0.01001615915 1.579705119
v -0.03840426728 0.006729417481 1.579104781
v -0.03071086667 0.00903302338 1.581167102
v -0.05065632612 0.00927779451 1.582289219
v -0.04722075164 0.008890002035 1.581993341
v -0.02050295658 0.007247573696 1.580807805
v -0.0364286378 0.01586389728 1.57393074
v -0.04604119062 0.00800534524 1.581769466
v -0.04519080371 0.007904606871 1.581004262
v -0.0353596881 0.01568845846 1.574138284
v -0.03413408995 0.01332090516 1.576982737
v -0.04305878282 0.006319923792 1.581644535
v -0.04237882048 0.005779505707 1.581738591
v -0.03055308573 0.01295709517 1.577433348
v -0.02154357359 0.009937935509 1.578901887
v -0.0378407985 0.003927625716 1.58179307
v -0.0205299966 0.005662645213 1.582418799
v -0.0534619987 0.01237968635 1.576518893
v -0.05024144426 0.01220145356 1.577384472
v -0.02795261331 0.01468481217 1.575773358
v -0.02423618175 0.0123238517 1.576971292
v -0.03920715675 0.00966954045 1.575232506
v -0.03318252414 0.0124337906 1.577321887
v -0.03958332166 0.01007152069 1.575343251
v -0.04011097923 0.0100195352 1.575506926
v -0.02198747545 0.01036693808 1.577770472
v -0.04644377157 0.01154905185 1.577649117
v -0.04563399404 0.01132371183 1.577459335
v -0.03241659701 0.008569360711 1.581238866
v -0.0204665903 0.006312572397 1.581650972
v -0.03786837682 0.00800149329 1.576789618
v -0.04910014942 0.01045167912 1.580406189
v -0.0477379635 0.009996717796 1.580535769
v -0.02058588527 0.003977439366 1.5841043
v -0.05070370063 0.009529127739 1.581869245
v -0.04640459642 0.008671700954 1.581282616
v -0.02014062554 0.002727626823 1.584660053
v -0.02297455817 0.002018601634 1.586263418
v -0.04618012533 0.009170880541 1.580432057
v -0.03812003508 0.006187320221 1.579223633
v -0.02197264321 0.001740473323 1.586121082
v -0.0273289755 0.01412035804 1.575211048
v -0.04465608299 0.007184373215 1.581471086
v -0.03873037547 0.005624819547 1.580749869
v -0.02413842827 0.01393172424 1.575034499
v -0.04444849491 0.006855665706 1.58188653
v -0.03371886164 0.007965977304 1.582237244
v -0.0436453335 0.006533407606 1.581804633
v -0.01932706684 0.003727869131 1.582951784
v -0.03988138586 0.003167370334 1.582685232
v -0.04154570401 0.003770289943 1.582718253
v -0.02310572565 0.01127265114 1.576746941
v -0.04040544108 0.003179551102 1.583196044
v -0.01932310686 0.008203846402 1.579237223
v -0.05215357989 0.01243566815 1.576916218
v -0.03395877779 0.008232972585 1.580869079
v -0.01914318278 0.006988831796 1.579736114
v -0.05138932541 0.01249329746 1.577238321
v -0.04986411706 0.01187530253 1.577431321
v -0.02697447687 0.001934017055 1.586286068
v -0.04918049648 0.01205256954 1.57755518
v -0.02971006744 0.01263193879 1.576681852
v -0.04260612652 0.01049092412 1.576488256
v -0.01938463375 0.009151238017 1.578246713
v -0.02528626472 0.01415333431 1.574301004
v -0.03977324814 0.009190155193 1.575669527
v -0.04422555119 0.01090472937 1.576913714
v -0.02626349404 0.01432349626 1.574687839
v -0.04588050023 0.01094436273 1.577435255
v -0.02411031723 0.01271478925 1.575475454
v -0.04915403947 0.01073505543 1.579702497
v -0.03147324175 0.01189672295 1.577014208
v -0.0195427388 0.006324305199 1.580610156
v -0.03838016465 0.007554978132 1.577471733
v -0.04676828906 0.009929144755 1.579846263
v -0.03863635659 0.007433759049 1.57813251
v -0.04683342576 0.009551499039 1.580548882
v -0.0311991144 0.002849788405 1.586093426
v -0.04597915336 0.008261998184 1.581346154
v -0.02587895282 0.001446316019 1.586291432
v -0.0453113243 0.007485206239 1.581739545
v -0.03404756635 0.01245125663 1.576171875
v -0.04325509071 0.006567272823 1.580614448
v -0.03780564293 0.004834366031 1.580693603
v -0.01895060763 0.005180043168 1.580840588
v -0.04181542248 0.004920708016 1.581775188
v -0.04177092016 0.004341355525 1.582223058
v -0.03003625013 0.002350105904 1.585882306
v -0.03815292567 0.003496980295 1.581172109
v -0.02338358015 0.0006101867184 1.586222291
v -0.04132264107 0.00367197115 1.582329273
v -0.03426800668 0.01356668305 1.575086236
v -0.04021950066 0.00289821066 1.582425237
v -0.02079813369 0.009952853434 1.577044845
v -0.03836503997 0.009423084557 1.575380087
v -0.04950154945 0.0119496733 1.577496052
v -0.0494440496 0.01157675125 1.577633977
v -0.02458407916 0.0004364717752 1.586050034
v -0.02815822326 0.01310285646 1.57564795
v -0.04193505645 0.01013587415 1.576263309
v -0.04850049689 0.01190784946 1.577613235
v -0.04839406535 0.01213763654 1.577765465
v -0.04764454812 0.0118531324 1.577730417
v -0.04446519911 0.01033057459 1.576921225
v -0.02067692392 0.0008194623515 1.585589409
v -0.04665471241 0.0109661594 1.577762723
v -0.0217203442 0.0005247136578 1.586027503
v -0.03527509421 0.01362917107 1.574837685
v -0.04964955151 0.01079640817 1.579548359
v -0.02386382967 0.01277969033 1.574487925
v -0.04725002497 0.01019415446 1.579734802
v -0.05009757355 0.01043782569 1.580222964
v -0.02921927162 0.01203655545 1.575799227
v -0.02390259318 0.01159334835 1.575913906
v -0.04630395025 0.009845612571 1.579549909
v -0.01784800738 0.007310646586 1.578217745
v -0.03833061457 0.007070167921 1.578346968
v -0.05063031614 0.00985518191 1.581373811
v -0.04400644824 0.001390009187 1.58751142
v -0.03605420142 0.01494283322 1.573183775
v -0.04569151253 0.009318493307 1.579686761
v -0.04576374963 0.008573883213 1.580760717
v -0.02343016677 0.01198780816 1.575115919
v -0.01914458536 0.009339298122 1.577055335
v -0.03821522743 0.005656585097 1.579849005
v -0.04240031913 0.006011446938 1.580675483
v -0.01797129959 0.00181305781 1.583117843
v -0.04227810353 0.005941004958 1.581023812
v -0.02681363374 0.01326492894 1.574499488
v -0.04136679322 0.005460766144 1.580886006
v -0.02831655927 0.01213544887 1.575113297
v -0.04171279073 0.005283825099 1.581408381
v -0.03734881058 0.004145151936 1.581187367
v -0.02188426629 0.01069667656 1.575834274
v -0.05158884451 0.01181213371 1.576815844
v -0.05099298432 0.01229109243 1.577173948
v -0.03868786246 0.009853233583 1.57549715
v -0.01888865605 0.001246897504 1.584252357
v -0.03587566316 0.01320730802 1.573870063
v -0.04159473255 0.009200304747 1.575919986
v -0.03460586816 0.01258731168 1.574951053
v -0.04107246548 0.009395892732 1.575967789
v -0.03399444371 0.0117264716 1.575412512
v -0.04370290786 0.0101573756 1.576538682
v -0.03078029118 0.01147530694 1.576197982
v -0.03911605477 0.00889004115 1.575424314
v -0.03784840181 0.008847360499 1.575731754
v -0.03249283135 0.01118709426 1.576092482
v -0.02054001763 0.01018242259 1.57592535
v -0.0489590317 0.01158852316 1.577624321
v -0.04752234742 0.0111067621 1.577913165
v -0.01771059819 0.008280583657 1.577275991
v -0.04822032899 0.01124757063 1.577915668
v -0.0470816344 0.01140949875 1.577629447
v -0.04527112097 0.01091690734 1.577227712
v -0.03785599396 0.008986916393 1.576172471
v -0.02719737962 0.0007413318381 1.585222721
v -0.04535249248 0.01052705944 1.577408075
v -0.01842464879 0.0001577297226 1.584313393
v -0.03766665235 0.008582555689 1.576130152
v -0.04872526973 0.01116009802 1.578214288
v -0.02261625603 -0.0008553490043 1.585532069
v -0.01824237965 0.009294341318 1.576096177
v -0.0479958728 0.01098374557 1.578330755
v -0.04747298732 0.01090788189 1.578232408
v -0.04972868413 0.01105418336 1.578686953
v -0.0301872585 0.001568724401 1.585219026
v -0.04566770419 0.01036733389 1.577954292
v -0.01669862121 0.007939488627 1.576396108
v -0.05035197362 0.01086946018 1.578878045
v -0.04662070796 0.0107319206 1.578074694
v -0.01691914722 0.00424064789 1.57918179
v -0.04617365077 0.01083714515 1.577659845
v -0.04745261744 0.01057445258 1.57908535
v -0.04627393559 0.0103800334 1.578472733
v -0.02108627558 -0.000716808252 1.585657716
v -0.05017073452 0.0107795028 1.579329371
v -0.04547516629 0.009944265708 1.578502893
v -0.02597638965 0.01293334085 1.57380569
v -0.02466171049 0.013418735 1.573952556
v -0.0506737195 0.01052281726 1.579317451
v -0.02151041664 0.01037045475 1.574826002
v -0.04625161365 0.01015625242 1.578842402
v -0.04579034448 0.009917694144 1.578875422
v -0.05058061704 0.01026174426 1.579901099
v -0.04505252093 0.008851440623 1.579504132
v -0.01695653796 0.0007981862873 1.582947016
v -0.03791301697 0.006574714091 1.578414798
v -0.01955356263 -0.0006291791797 1.584830761
v -0.04507633299 0.008471534587 1.579984307
v -0.03455302119 0.01175001357 1.574222088
v -0.04491770267 0.008134609088 1.580334663
v -0.01997946575 0.009653857909 1.574734092
v -0.04453364387 0.007679407485 1.580552697
v -0.01726502553 0.008797382005 1.575805545
v -0.04444520175 0.007351571694 1.580941439
v -0.03770214319 0.005382745527 1.579479575
v -0.03794024885 0.005034117959 1.580028772
v -0.04095164686 0.004912910983 1.581037641
v -0.0318615362 0.001373087056 1.584703684
v -0.04132972658 0.004619291052 1.581534982
v -0.03893593699 0.003511427902 1.58181119
v -0.0331370607 0.01071374025 1.575297713
v -0.0393281877 0.003298393451 1.582075953
v -0.01654123515 0.002818874083 1.580090523
v -0.05305068195 0.01215458289 1.576310873
v -0.05202613771 0.01203389186 1.576614022
v -0.05089511722 0.0118590286 1.577138901
v -0.01617678255 0.0001494204625 1.582831383
v -0.04301983491 0.009699231945 1.576258421
v -0.02522681095 -0.0001686783507 1.58517909
v -0.03891603649 0.008768060245 1.57541728
v -0.03840373456 0.008541784249 1.575347066
v -0.01815974526 -0.0009835194796 1.584299564
v -0.04925207049 0.01125495881 1.578122616
v -0.02362679504 -0.0008102459833 1.585322142
v -0.04990493879 0.01124896947 1.57817018
v -0.02300265804 0.01150450017 1.573927879
v -0.02954019792 0.01081269328 1.574480891
v -0.04490491003 0.01024819631 1.577278733
v -0.03180148453 0.01075180154 1.575512767
v -0.045203235 0.01020472497 1.57765913
v -0.03758927435 0.007630392909 1.576635718
v -0.01902570575 0.009166189469 1.574740887
v -0.01698092371 0.00529020559 1.578475475
v -0.04516823962 0.009404801764 1.578989148
v -0.04459902272 0.00835575629 1.579637885
v -0.03750966862 0.006233401597 1.57799077
v -0.04382373765 0.006954227574 1.580769062
v -0.02589330077 -0.0005796272308 1.584430575
v -0.04188365862 0.005822485313 1.580360413
v -0.02058241889 -0.001514166594 1.584831595
v -0.04128106311 0.005628017709 1.580346107
v -0.024496397 0.01188961696 1.573339224
v -0.04055165127 0.005211079493 1.580372453
v -0.02721889876 0.0118865883 1.573811531
v -0.03752499819 0.004562015645 1.580801606
v -0.01600790024 0.001117498614 1.58126688
v -0.04084253311 0.00456601195 1.581184864
v -0.01550745964 -0.0006942078471 1.582943916
v -0.03708993271 0.003662910312 1.581109405
v -0.01662132889 -0.0008937735111 1.583894372
v -0.0364484787 0.003463516012 1.580576658
v -0.03784253821 0.003362271003 1.581000209
v -0.01970792934 -0.001662728377 1.584348679
v -0.04064401984 0.003255551681 1.582009912
v -0.03601874411 0.01215359103 1.572741985
v -0.02827343531 0.01124372054 1.573978543
v -0.05098773167 0.01158265583 1.577225685
v -0.02232038043 0.01007408928 1.574180603
v -0.04236772656 0.009306845255 1.576046348
v -0.0157183595 0.005342196673 1.577221513
v -0.04075082019 0.008948089555 1.575852156
v -0.04994618148 0.01153402589 1.577610016
v -0.01553565636 0.002025315538 1.579721689
v -0.04409376904 0.009616971947 1.577154279
v -0.04391019419 0.008685475215 1.578540206
v -0.04486673698 0.008974877186 1.579200983
v -0.04400317743 0.007737284526 1.579708576
v -0.02295104042 -0.001505181193 1.584587932
v -0.01797320135 0.008323390968 1.574965239
v -0.0376551412 0.005717054941 1.57914269
v -0.01583715156 0.006337783299 1.576252103
v -0.04364817962 0.007006134838 1.580360651
v -0.04301673174 0.006562272552 1.58012259
v -0.01552334055 0.003975762986 1.578015804
v -0.04077566415 0.005576583557 1.579833627
v -0.03996577486 0.004710652865 1.580263615
v -0.04030597582 0.0045068115 1.580798507
v -0.04093519226 0.003621406853 1.581913948
v -0.02692281455 -0.0002695675939 1.584389806
v -0.01561423764 -0.001447670162 1.583600998
v -0.03896989301 0.003298376687 1.580963731
v -0.03731665388 0.003057495691 1.581073165
v -0.03523718566 0.01137728896 1.573148012
v -0.0247474499 0.01095236186 1.57294488
v -0.04025374725 0.003476864658 1.581492662
v -0.03411071748 0.01062744018 1.57428062
v -0.03968619928 0.003027073108 1.581776023
v -0.02326809801 0.01040765177 1.573191047
v -0.05093595386 0.0113012651 1.577594995
v -0.0307706017 0.01034919638 1.574522495
v -0.04121865332 0.008768854663 1.575776339
v -0.02047512494 0.009174925275 1.573953152
v -0.04283999279 0.009247433394 1.576239228
v -0.01493229717 0.001072507352 1.57997334
v -0.05126692355 0.01090078428 1.577690244
v -0.04313416407 0.009293433279 1.576418042
v -0.02443836257 -0.001251220703 1.584374428
v -0.03943142295 0.008659207262 1.575722337
v -0.03792783618 0.008111573756 1.575355768
v -0.03312990814 0.009993555956 1.574465036
v -0.04358038679 0.009035320953 1.577332258
v -0.02150690183 0.009306638502 1.573997021
v -0.03714079037 0.007671638392 1.575841784
v -0.01693655178 0.007642622106 1.575162292
v -0.03722158819 0.00747233117 1.576179028
v -0.04411616176 0.008199603297 1.579293609
v -0.03787053376 0.006830872968 1.577849746
v -0.03718916327 0.005834651645 1.578140378
v -0.01517513394 0.0005044816062 1.580875039
v -0.03706037998 0.005387518555 1.578781366
v -0.04249613732 0.006149433088 1.58020246
v -0.0187516883 -0.002260796726 1.583797693
v -0.02193686925 -0.001801339909 1.584518671
v -0.04123217613 0.005725069903 1.579738617
v -0.0374138467 0.005283935927 1.579267502
v -0.02588592842 0.01121336315 1.572886348
v -0.03677832335 0.003959964961 1.580150127
v -0.01548134536 0.00282219518 1.578836322
v -0.03598375246 0.003398680128 1.579986334
v -0.01430452988 0.002357215621 1.578224778
v -0.03839193285 0.003501122817 1.580533743
v -0.0147655122 -0.0005189925432 1.581616402
v -0.03655875847 0.002890872769 1.580896497
v -0.02937131189 7.552932948e-05 1.584091187
v -0.0370452404 0.002823361196 1.580857754
v -0.05255496502 0.01174730994 1.576121211
v -0.02779530548 0.01077889185 1.573188663
v -0.04231871665 0.008882666007 1.576036572
v -0.02956683747 0.01012540702 1.573705435
v -0.05110631138 0.01071215887 1.578031301
v -0.03894723579 0.008281692863 1.575640917
v -0.0191548951 0.008438087068 1.57360518
v -0.04395245388 0.009845498949 1.576764464
v -0.01434916258 0.003003641963 1.577267766
v -0.05084613338 0.01069577411 1.578526497
v -0.04325053841 0.008662094362 1.577499151
v -0.04340802506 0.008438065648 1.578143239
v -0.02773872577 -0.0006983950734 1.583738565
v -0.04258704185 0.006337566767 1.579860091
v -0.03472185135 0.01045752224 1.573137164
v -0.03700070083 0.004702651873 1.57921052
v -0.03213724494 0.01009776723 1.574591279
v -0.0399075523 0.005206102505 1.579572439
v -0.03922193497 0.00368363969 1.580465674
v -0.0161402747 0.005755842663 1.575361013
v -0.05163121969 0.01150774118 1.576789021
v -0.04055249691 0.008394674398 1.575711846
v -0.0401083976 0.008609694429 1.575780034
v -0.03925902396 0.007676018868 1.575763583
v -0.04332133755 0.009131384082 1.576741457
v -0.04266319051 0.008666241542 1.576424479
v -0.03825520724 0.007985632867 1.575445175
v -0.01655262709 -0.002604298294 1.583839297
v -0.01815705001 0.007532221265 1.574324489
v -0.03763055056 0.007789254189 1.575425506
v -0.01352592185 -0.000827178359 1.580657959
v -0.04280752316 0.008600465022 1.576761484
v -0.04282410815 0.008467521518 1.577080369
v -0.03039661609 -0.0003915680572 1.583387733
v -0.0378908813 0.007235528901 1.577156782
v -0.01380567998 -0.001855203882 1.58196044
v -0.04357157275 0.00737939775 1.579608917
v -0.04069672152 0.005846306216 1.578838825
v -0.04042788967 0.005679834168 1.579134345
v -0.03702789173 0.004319090396 1.579532027
v -0.02310827561 -0.001982346177 1.583349586
v -0.01771243848 -0.003032848239 1.583426833
v -0.03676952794 0.004027706571 1.579585671
v -0.03965805471 0.004220956936 1.580377221
v -0.01399336755 -0.002846350893 1.58334291
v -0.03792511672 0.00348532293 1.58035028
v -0.01506441832 -0.003615051508 1.583827496
v -0.03746079654 0.003249281086 1.580268383
v -0.03572064638 0.011028626 1.571918488
v -0.05204205215 0.01119874418 1.576170325
v -0.01666783355 0.006040844135 1.574471831
v -0.01507422701 0.004365235567 1.576388001
v -0.04121890664 0.008101256564 1.575644612
v -0.04170871899 0.008032518439 1.575881004
v -0.01399826258 0.001428049058 1.578795195
v -0.0421503149 0.007824068889 1.57678175
v -0.04233672097 0.00664676493 1.579010963
v -0.04226461053 0.006248871796 1.579547167
v -0.04177694023 0.006032417528 1.579370856
v -0.03672351688 0.01114601176 1.571479797
v -0.03642316908 0.005232416093 1.578233361
v -0.03664688766 0.004854290746 1.578817248
v -0.02642461285 0.01034237351 1.572522998
v -0.02339076996 0.009757577442 1.572396994
v -0.03957976773 0.004870462231 1.579594016
v -0.03916233033 0.004332471639 1.57968998
v -0.03397656977 0.00969711598 1.573660374
v -0.02559746988 -0.001465914771 1.583537459
v -0.03589268774 0.002802178264 1.580411792
v -0.02120716125 -0.002449113876 1.583268166
v -0.03694219515 0.002722065896 1.580513477
v -0.0198942814 -0.002530513331 1.583459854
v -0.03627960011 0.002354263328 1.580436826
v -0.05148899183 0.01124812849 1.577073812
v -0.0347211957 0.009355082177 1.572679758
v -0.04226474091 0.008116940036 1.576464176
v -0.02526255138 0.01021877583 1.57247436
v -0.03767265379 0.00733013358 1.575484753
v -0.03830633685 0.007228054106 1.575835705
v -0.01345721632 -0.0001543946564 1.579751968
v -0.03737843782 0.007011849433 1.576440454
v -0.04221170396 0.007641132921 1.577410936
v -0.0376251936 0.00635054335 1.577243328
v -0.03657943755 0.005440218374 1.577955723
v -0.03982499242 0.005434461869 1.579058051
v -0.03565469012 0.00502371788 1.577744722
v -0.03554390371 0.01104163472 1.570881724
v -0.03162957728 0.009447398596 1.573704958
v -0.03909564018 0.004635360092 1.579226732
v -0.028877737 0.009661362506 1.57311821
v -0.03644203767 0.003811126575 1.579504132
v -0.02101057954 0.00816091802 1.572668314
v -0.03860703483 0.003722257912 1.579889655
v -0.01870889403 0.007437038235 1.573172331
v -0.04056915641 0.00788381137 1.575603485
v -0.01760683022 0.006807598285 1.573508501
v -0.04010397568 0.007727992255 1.575665593
v -0.04006891698 0.007178477943 1.575784326
v -0.01474645734 0.003140797839 1.575956821
v -0.03898422047 0.007337335963 1.575878143
v -0.03692538664 0.007020787802 1.575579405
v -0.03854268044 0.006957035512 1.576039195
v -0.03794359788 0.01017966028 1.571509242
v -0.04190611467 0.007301590871 1.577429771
v -0.02109388635 0.001458313316 1.578221798
v -0.03791675344 0.005864656996 1.577035189
v -0.03991221264 0.005803609267 1.578300834
v -0.02012836002 0.0009993426502 1.578582644
v -0.03594546765 0.005267407745 1.577622294
v -0.03650838882 0.003371983767 1.579269886
v -0.03716729209 0.003306739964 1.579657674
v -0.0352274254 0.002904003486 1.57960093
v -0.0227298066 -0.002329705283 1.582370639
v -0.03659116849 0.002893205732 1.579681158
v -0.01310141385 -0.003469825722 1.582161784
v -0.03601801395 0.00211111363 1.580227733
v -0.01366879046 -0.004616174847 1.583481431
v -0.05181751028 0.01104193088 1.576520324
v -0.02429826371 0.009521682747 1.572026968
v -0.03932667151 0.007044532802 1.575964332
v -0.02764197253 0.009194231592 1.572618246
v -0.04167072475 0.007485246286 1.576395631
v -0.03769669682 0.007059768774 1.575533152
v -0.02248940989 0.0092379665 1.57286036
v -0.02978805266 0.009062158875 1.57306087
v -0.03901628777 0.006903212983 1.57610786
v -0.03808442876 0.006656689104 1.576033592
v -0.02082002722 0.002322657965 1.577190161
v -0.01290351897 0.0002157408744 1.578817964
v -0.03858188167 0.006672658492 1.576262355
v -0.04158521071 0.006847051904 1.577709675
v -0.04109065607 0.00611168053 1.578515053
v -0.03969236463 0.005946346093 1.577786565
v -0.0402700901 0.006086792797 1.57783854
v -0.03746411204 0.005836099386 1.577597737
v -0.02404537611 -0.002114626579 1.582615256
v -0.03908123448 0.005722453818 1.577655792
v -0.03504098207 0.009486221708 1.571618319
v -0.03644439578 0.005500496365 1.577265382
v -0.03898238018 0.005427245982 1.577944517
v -0.02579270303 0.009083063342 1.571647406
v -0.02740786411 0.008113614284 1.572443128
v -0.03509973735 0.002459856682 1.579897285
v -0.01982534118 0.007910347544 1.57291472
v -0.05153628811 0.01071948092 1.577171445
v -0.0412157923 0.007655119989 1.575741649
v -0.01684032194 0.005593960173 1.573521256
v -0.01397644728 0.002293440513 1.576311588
v -0.04039702564 0.007487507071 1.575655937
v -0.04150642082 0.007489547133 1.576126218
v -0.01327623427 0.001330100931 1.577247024
v -0.04122354835 0.007088473067 1.576499939
v -0.0122834295 -0.0006542382762 1.578999043
v -0.03773958981 0.006675102748 1.575790763
v -0.0413445048 0.007060557138 1.576754332
v -0.04094325751 0.006687668152 1.577042341
v -0.03928058594 0.00641446095 1.576807499
v -0.03755036741 0.006550268736 1.576712012
v -0.01287185773 -0.002893317491 1.581227779
v -0.03843270242 0.006476541981 1.576388597
v -0.0268775057 -0.001751028933 1.582894683
v -0.03678432852 0.01033057924 1.570360184
v -0.04113643616 0.006597964093 1.577474117
v -0.04023985192 0.006457218435 1.576949954
v -0.03960137442 0.006307984702 1.577035666
v -0.03040465154 0.00528916344 1.576279283
v -0.03900397569 0.006041551009 1.577216864
v -0.03834363818 0.006072986871 1.576792121
v -0.02898880281 0.003884464502 1.577146888
v -0.03588781133 0.005395208485 1.576908827
v -0.03903698549 0.00511870347 1.578486323
v -0.03695137054 0.003488154151 1.578917265
v -0.03827953711 0.003628094681 1.579653263
v -0.03616416082 0.00320209749 1.579130054
v -0.01284587383 0.0004862584174 1.577848792
v -0.03631318733 0.002532870509 1.579721212
v -0.03585924953 0.002030612901 1.579914331
v -0.02557171136 -0.002234873362 1.582539678
v -0.04089724272 0.007117344998 1.576102257
v -0.03565108031 0.01078877877 1.569494367
v -0.04044593498 0.007108574733 1.575897813
v -0.02879577689 0.008663118817 1.572823048
v -0.04016982391 0.006776002236 1.576286674
v -0.03043022566 0.006264845841 1.57514143
v -0.0395588018 0.006577219814 1.576527953
v -0.04065073282 0.006748702843 1.576616406
v -0.03179849684 0.006351803429 1.575304985
v -0.02913841791 0.004615998827 1.576416016
v -0.04052664712 0.006405424327 1.577228189
v -0.0219904352 0.001857592724 1.577110171
v -0.0376476571 0.005459401757 1.577222586
v -0.03842836246 0.005638383329 1.57720077
v -0.03529142216 0.004847032949 1.577406049
v -0.03572782129 0.004627365619 1.578239322
v -0.0385029614 0.004410138354 1.578736544
v -0.03806514665 0.003940429538 1.578799725
v -0.01245477796 -0.001880723052 1.580192804
v -0.03745779395 0.003422317095 1.579286218
v -0.034809798 0.002180626616 1.579764366
v -0.0355364047 0.004992919974 1.576347828
v -0.01655909419 -0.004181740806 1.583108425
v -0.0372454226 0.00523689948 1.577036142
v -0.01559497043 -0.004635247402 1.583430767
v -0.03276084363 0.008447526954 1.572928667
v -0.03766707331 0.00513747707 1.577260256
v -0.03133460134 0.008057857864 1.572702408
v -0.03835961595 0.004966500215 1.57785809
v -0.02243568189 0.008326967247 1.572044015
v -0.03821359575 0.004106523469 1.578760028
v -0.0355508998 0.003157839179 1.5788697
v -0.02917080186 0.0075187115 1.572802901
v -0.03486974165 0.002731673419 1.579273701
v -0.01903864928 0.006691972725 1.572251916
v -0.03443819284 0.002036208287 1.579446316
v -0.02837816812 0.004515356384 1.575616002
v -0.01972980611 0.001776730642 1.57702291
v -0.03622466326 0.005469947122 1.576539636
v -0.01270937175 0.0006249137223 1.576810479
v -0.03721898794 0.004380327649 1.577484965
v -0.03528507799 0.004171988927 1.577950716
v -0.02156518772 0.0009591858834 1.576992035
v -0.03664474189 0.003487436101 1.578509688
v -0.02085085213 0.0004859045148 1.57808876
v -0.03625020385 0.004229714163 1.578657031
v -0.03762504831 0.003698861226 1.578636885
v -0.03540093452 0.001835968345 1.579450727
v -0.03504058346 0.001497913152 1.57962811
v -0.0371049419 0.005014885217 1.576873779
v -0.03731293604 0.004700898193 1.577192903
v -0.03501002863 0.004291998222 1.576702476
v -0.03781829029 0.004213286564 1.57826364
v -0.02437701635 -0.002696795389 1.581553817
v -0.03579375893 0.003671590239 1.577947259
v -0.01204489172 -0.003986688331 1.581231236
v -0.03488417715 0.002893339843 1.578798175
v -0.01905444451 -0.003189610317 1.583009839
v -0.0353942886 0.002225511707 1.578944564
v -0.01270982996 -0.004579739645 1.582231641
v -0.02049553767 0.007141067646 1.572027445
v -0.03428994119 0.001827245578 1.579416752
v -0.03606953844 0.005266110413 1.576200724
v -0.03161160648 0.007200247608 1.573825121
v -0.03535956144 0.00500260666 1.576966643
v -0.03444134817 0.002551691607 1.578804493
v -0.01419952512 0.002426375635 1.575242519
v -0.02770672925 0.003021212295 1.577346683
v -0.03563342988 0.002436792478 1.579049945
v -0.03519882634 0.004581221379 1.576377392
v -0.02061273344 0.001721188426 1.57630074
v -0.01964218542 -1.579895616e-05 1.578212619
v -0.03698799759 0.003674656153 1.57796073
v -0.03459952027 0.001124214381 1.579174042
v -0.01193708926 -0.003079147078 1.580453157
v -0.02152148075 -0.003126881085 1.581390619
v -0.03699472919 0.004827769473 1.576818824
v -0.03660009056 0.00443487335 1.57657218
v -0.03513611108 0.008991693147 1.570753455
v -0.03697741777 0.004006917588 1.577664256
v -0.0302071292 0.007807585411 1.572812319
v -0.03009233065 0.007068010978 1.573644638
v -0.03529569507 0.003722378984 1.577428818
v -0.0293743033 0.006149983965 1.574487567
v -0.03556169569 0.003264538012 1.577648759
v -0.0360231474 0.003369432874 1.578037262
v -0.01560961455 0.004200041294 1.574521303
v -0.03465379775 0.00259027537 1.57830739
v -0.03379394114 0.001719612628 1.578869343
v -0.03656167164 0.004698260687 1.576424956
v -0.0264316909 0.00198108796 1.5776757
v -0.03644448146 0.003262688406 1.577639222
v -0.0257316418 0.0002841735259 1.578754306
v -0.0350263007 0.001687915064 1.579008341
v -0.03634784371 0.003717329353 1.577332616
v -0.01160337031 -0.001864956692 1.578993917
v -0.0345967859 0.002138330601 1.578152537
v -0.02317655087 -0.002897177823 1.581181049
v -0.03585576266 0.004522133619 1.575694799
v -0.03480817378 0.004180706106 1.57612133
v -0.0177385658 -0.004335113801 1.582494497
v -0.03495121747 0.004033637233 1.576800466
v -0.03682543337 0.009358826093 1.569495559
v -0.03551241755 0.003912393935 1.576266527
v -0.03529343009 0.009750514291 1.569899797
v -0.02349326015 0.008070359938 1.571152568
v -0.03618150577 0.00259200111 1.577747583
v -0.03564698249 0.003288474865 1.576863289
v -0.02143661305 0.006709734909 1.572526693
v -0.01777423918 0.005869665183 1.572485685
v -0.03459024429 0.003652260639 1.576337099
v -0.03597736359 0.004074531607 1.576443553
v -0.02745722048 0.003283448517 1.576258779
v -0.01384425908 0.00141891744 1.575810671
v -0.03527404368 0.003114205785 1.577360511
v -0.0356390737 0.004109949805 1.575766206
v -0.02527561225 0.001395367086 1.577276707
v -0.03420803696 0.002067400143 1.577821493
v -0.03528682515 0.004491945729 1.575628281
v -0.01215836033 -0.0004688724875 1.577425718
v -0.03338640183 0.003572224639 1.574737072
v -0.03455104679 0.003227625974 1.575838208
v -0.01315621287 -0.005788888782 1.582893848
v -0.03552685305 0.003640307114 1.576662302
v -0.03516042605 0.002748324536 1.577335954
v -0.01112540811 -0.006390668452 1.583256841
v -0.03577581793 0.01050990354 1.568936348
v -0.03463673964 0.001567412168 1.578378081
v -0.03443098068 0.008231165819 1.571726441
v -0.03532326221 0.004185270518 1.575222731
v -0.03508708626 0.003836654127 1.575798035
v -0.02481936477 0.008626521565 1.571217418
v -0.03331201524 0.007991365157 1.57216239
v -0.03468114138 0.003391833045 1.576578617
v -0.03602928296 0.002487527207 1.577428102
v -0.03223024309 0.00734214019 1.573029876
v -0.01635910943 0.003613441251 1.573693633
v -0.03457319736 0.004164820537 1.575474739
v -0.01449256018 0.001469305716 1.574623823
v -0.03390951455 0.003878897056 1.574920416
v -0.01375238597 0.0001354562119 1.57652688
v -0.03401458636 0.002977624536 1.576148868
v -0.03492864594 0.003116369247 1.577022195
v -0.02068344317 -0.0008874367923 1.577161908
v -0.02073257044 -0.0006107538939 1.578347206
v -0.03529125452 0.002982636914 1.576524377
v -0.01081741974 -0.003977552988 1.580756903
v -0.03575032204 0.002235406078 1.577295065
v -0.01101656258 -0.004466006532 1.581164718
v -0.03417611122 0.00369532872 1.574585676
v -0.03391898796 0.003331914544 1.574820399
v -0.009830813855 -0.004863165319 1.580787659
v -0.03285827115 0.003422774374 1.574117064
v -0.009921163321 -0.004842546768 1.581379771
v -0.03432644531 0.002438014373 1.576734543
v -0.01014880836 -0.005104864947 1.58174777
v -0.03340665251 0.003219910897 1.575279832
v -0.01047626883 -0.005425345153 1.582101107
v -0.0110142231 -0.005656430498 1.582345366
v -0.03266172856 0.002715432085 1.574757695
v -0.03523384407 0.002157929353 1.577365756
v -0.01073837653 -0.00612674281 1.582858801
v -0.03313085809 0.003253343515 1.573779702
v -0.01020277292 -0.006405216642 1.581970215
v -0.01190422848 -0.005945900455 1.582666516
v -0.03451225907 0.00279739406 1.575805783
v -0.01447391137 -0.006202029996 1.583202243
v -0.0353888385 0.002577205189 1.576486349
v -0.01150033996 -0.006837480702 1.583496213
v -0.03404594958 0.001844162121 1.576997399
v -0.03558370471 0.002117657103 1.576651216
v -0.02666239068 0.00812017452 1.571485758
v -0.02304822579 0.006921659224 1.57167685
v -0.03473074734 0.001439692453 1.57739377
v -0.03210832924 0.002952992916 1.573764205
v -0.01486221701 0.003029895946 1.574267983
v -0.03297179565 0.003029758111 1.573792577
v -0.02604772151 0.002202077769 1.576639175
v -0.033188425 0.001715108752 1.576061249
v -0.03188931569 0.002444922924 1.573972583
v -0.03368662298 0.001986932009 1.576383948
v -0.0270422902 -0.002617302351 1.58190763
v -0.03535004705 0.001831734553 1.576853156
v -0.02606173791 -0.003169913776 1.581445456
v -0.03291521966 0.002782255411 1.573905468
v -0.03402521834 0.002693802118 1.575218678
v -0.03471088782 0.002598207444 1.575814128
v -0.01182466745 -0.005043905228 1.581580281
v -0.03191280738 0.002859352157 1.573130012
v -0.01545419544 -0.006072083488 1.582701564
v -0.01032493263 -0.007122429088 1.583382726
v -0.03276464716 0.001548165455 1.575618029
v -0.0351376608 0.001344852149 1.576710939
v -0.03557471186 0.009933122434 1.568810582
v -0.03329333663 0.002520265989 1.574351668
v -0.02811952867 0.00709097553 1.572324514
v -0.01473110914 0.0009300177917 1.575609684
v -0.03527454287 0.002197469585 1.576036811
v -0.0159329921 0.0005427477881 1.575579047
v -0.03594781458 0.002134971321 1.575918794
v -0.03545978665 0.001710012555 1.57643652
v -0.0343167074 0.00240929611 1.575160861
v -0.0104329735 -0.003510429524 1.579900384
v -0.03215431795 0.001804731786 1.574652553
v -0.009648576379 -0.005736436695 1.58199656
v -0.01027307659 -0.006749726832 1.58308053
v -0.03574413434 0.001440527849 1.576066375
v -0.02470032685 0.007382375188 1.570913315
v -0.03231218085 0.002230363898 1.573234439
v -0.03537482023 0.002470390871 1.575503349
v -0.0281452518 0.006121239625 1.572658777
v -0.03551150113 0.001469969749 1.576533079
v -0.02030148543 0.006156100892 1.57236588
v -0.03141688555 0.001885823905 1.573633552
v -0.03547184169 0.002753048204 1.574905515
v -0.03608503193 0.002527398057 1.57537806
v -0.01992203109 0.0004260204732 1.577039599
v -0.03604281321 0.001800029539 1.575463891
v -0.03281502426 0.002167360857 1.573672891
v -0.02441870049 0.0006815027446 1.576978683
v -0.01546162367 -6.46719709e-05 1.576400638
v -0.03617578745 0.002209717408 1.57562542
v -0.03493054956 0.00255277101 1.574814081
v -0.01289296523 -0.001049321145 1.57686913
v -0.03380746767 0.002148408443 1.574222207
v -0.01400889456 -0.001213983633 1.57717371
v -0.03588510305 0.001808920875 1.575103641
v -0.02443450689 -0.0006310530007 1.578470945
v -0.03481790423 0.00267794542 1.573894024
v -0.0248734951 -0.001623102464 1.579159141
v -0.03585399687 0.001641553827 1.57540369
v -0.03441094235 0.002470748499 1.57400918
v -0.01016627997 -0.004157363437 1.58066082
v -0.03566769138 0.00135852769 1.575726151
v -0.0101765357 -0.00614541024 1.581714392
v -0.0342092365 0.002358172089 1.573391795
v -0.05211089551 0.01084215567 1.579110622
v -0.01627254114 -0.005551446229 1.582270265
v -0.05443546921 0.01265877113 1.577725172
v -0.01026301086 -0.00676197838 1.58232367
v -0.05353819951 0.01204812247 1.578153253
v -0.01212404668 -0.006919845007 1.58327806
v -0.03453647345 0.002003964037 1.5744102
v -0.02564463764 0.007927211933 1.570988178
v -0.05111388117 0.03507120535 1.569610119
v -0.01921785809 0.005629897118 1.571747422
v -0.05217212811 0.03457178175 1.57007134
v -0.05255572498 0.03398836404 1.570277572
v -0.01718089543 0.00501109194 1.572418928
v -0.05159728602 0.03446640447 1.569894791
v -0.01615757495 0.00270157028 1.573177695
v -0.05217270926 0.03486410156 1.569828749
v -0.03022387438 0.0008922391571 1.574155331
v -0.05047624931 0.03513633832 1.569165707
v -0.02015766501 0.000325021334 1.575737596
v -0.05098157749 0.03482022882 1.569623232
v -0.01157276332 -0.003274250776 1.578557372
v -0.05267941952 0.03450344875 1.570173979
v -0.01093510911 -0.003345487639 1.579376698
v -0.05338973925 0.03360783681 1.570701122
v -0.0247432068 -0.003853510134 1.58030653
v -0.05104923248 0.03522247449 1.569092631
v -0.03461822867 0.007700315677 1.570640445
v -0.05100646615 0.03520897776 1.569261074
v -0.0276961904 0.00429073628 1.574677587
v -0.05046041682 0.03462124988 1.569228172
v -0.05335534737 0.03411721066 1.570361972
v -0.02374652959 0.0001644901931 1.576411963
v -0.05327288806 0.03407557309 1.570505738
v -0.02352894656 -0.0005933167413 1.5775491
v -0.05367191881 0.03376054764 1.570791125
v -0.02354525402 -0.002510352992 1.578747869
v -0.05157700181 0.03366367146 1.569662809
v -0.03380584344 0.0136481449 1.588433504
v -0.01074326411 -0.005184689537 1.58049655
v -0.05148197711 0.03497577831 1.568766832
v -0.0500542298 0.03508800268 1.568634391
v -0.01029440388 -0.005677678622 1.581164002
v -0.01369059086 -0.006949514151 1.582670689
v -0.05258686841 0.03467908874 1.56986773
v -0.03529971093 0.008581231348 1.569399714
v -0.05423216149 0.03345830739 1.570850611
v -0.05404249579 0.03347631171 1.571018815
v -0.03515996039 0.007547295652 1.569610476
v -0.03362535685 0.007384817116 1.571178436
v -0.05401301757 0.03319372982 1.57107532
v -0.05459838733 0.03285096958 1.571413636
v -0.02405881695 0.006379167549 1.57128489
v -0.04969162866 0.03478619456 1.568147421
v -0.01839856803 0.005131059326 1.571421385
v -0.0499131754 0.03427979723 1.568537116
v -0.05406789482 0.03311567381 1.570348501
v -0.01658416539 0.003391920589 1.572292805
v -0.05466302112 0.03309749067 1.571211576
v -0.05480675772 0.03243202344 1.571565628
v -0.01482648402 0.001962564886 1.573316574
v -0.05260360986 0.03412780911 1.569179535
v -0.02105210535 -7.750559598e-05 1.575992465
v -0.05262415856 0.03318788484 1.57018292
v -0.05360259116 0.03314682469 1.570826292
v -0.01216116548 -0.002195616253 1.577312469
v -0.05388579145 0.03235286102 1.570947289
v -0.01061479002 -0.004079710692 1.579802871
v -0.05191827938 0.0349307768 1.569162369
v -0.05075712129 0.03408905119 1.569246411
v -0.01315835118 -0.004306410439 1.579663634
v -0.05492893606 0.03259201348 1.571082592
v -0.01083686203 -0.004556524567 1.579940677
v -0.05127342045 0.03333096951 1.569275022
v -0.02034089155 -0.004120750353 1.580494761
v -0.01056887209 -0.005376687273 1.58074379
v -0.05281144753 0.0325727649 1.570174932
v -0.05503914133 0.0326821804 1.571535468
v -0.01090344042 -0.006825481541 1.581930637
v -0.01066309586 -0.00763983652 1.583064556
v -0.05426397547 0.03234953806 1.571223855
v -0.03630653024 0.008781085722 1.568253636
v -0.05488548428 0.03151505813 1.571595311
v -0.02707435749 0.006478394382 1.57137382
v -0.05440566316 0.03302806616 1.570685506
v -0.01866833866 0.004141509533 1.571692467
v -0.05526960641 0.03234696388 1.571501732
v -0.02702824958 0.003361130133 1.574512005
v -0.05546988919 0.03192613646 1.571688175
v -0.05197136477 0.03461182117 1.568842411
v -0.04003364965 0.01824399456 1.583328366
v -0.03410615027 0.004228306469 1.587023854
v -0.05022653937 0.03505304828 1.568320513
v -0.04943829775 0.03395352513 1.567797065
v -0.01499423385 4.150997847e-05 1.574913859
v -0.05342708156 0.03390577435 1.570101857
v -0.02273181081 -0.001861675642 1.577901244
v -0.02945505641 -0.003026137128 1.580878139
v -0.04989086464 0.0339104645 1.568308115
v -0.01167551428 -0.004854236729 1.579810619
v -0.05570466071 0.03099066019 1.571627498
v -0.01405789703 -0.005034328438 1.579634428
v -0.0555340983 0.03155821562 1.571817636
v -0.02704941668 -0.003420100547 1.581097126
v -0.05404493958 0.03195514902 1.571021557
v -0.05554354936 0.03084762022 1.571856737
v -0.01076641679 -0.007334222086 1.582591414
v -0.05215689912 0.03404220939 1.568635583
v -0.01128235087 -0.007342270575 1.582299829
v -0.05167522281 0.03264467791 1.569309115
v -0.01136065647 -0.007191261277 1.583592296
v -0.05104069784 0.03479333967 1.568232775
v -0.02197230421 0.005398034118 1.571534038
v -0.05085019767 0.03515447676 1.568644762
v -0.01748621091 0.004404856823 1.571595311
v -0.05154677108 0.03429564834 1.568207026
v -0.02623727173 0.002462550066 1.574867606
v -0.05532594398 0.03175956011 1.571214199
v -0.02506973967 0.001528224908 1.57549572
v -0.05010899529 0.03470061719 1.567767024
v -0.01404001191 -0.001257613301 1.576034188
v -0.05284246057 0.03274968266 1.568883061
v -0.05315997824 0.03352274373 1.569505692
v -0.05432708561 0.03246308491 1.570355535
v -0.05471049622 0.03251202032 1.570766926
v -0.01225288957 -0.003847933374 1.579065204
v -0.05090451613 0.03298648447 1.568764925
v -0.05352813005 0.03176153824 1.570592403
v -0.0177436769 -0.005405301228 1.58116591
v -0.01270944998 -0.007336166687 1.582570076
v -0.05445666611 0.03149903193 1.571289062
v -0.05505906045 0.02996458113 1.57156384
v -0.01150015369 -0.007645745762 1.582486987
v -0.05051520094 0.03474875912 1.567908168
v -0.02038763277 0.004400951788 1.571441174
v -0.04941561818 0.03419699892 1.567597628
v -0.05402540788 0.03267308325 1.570127606
v -0.05474339426 0.03162769228 1.570544124
v -0.04318777472 0.01976109296 1.592903376
v -0.02417828888 0.0007010204718 1.575605273
v -0.05102000758 0.03192375973 1.568449259
v -0.05362561345 0.0311862193 1.570579529
v -0.02278485894 -0.0007462808862 1.576602101
v -0.05578366295 0.02961683273 1.571831107
v -0.05457694083 0.03065777943 1.571274161
v -0.01217208803 -0.001916228794 1.57633388
v -0.01179113984 -0.002751958556 1.577012777
v -0.05118084699 0.03400800377 1.567709088
v -0.05555324629 0.03053167835 1.571167588
v -0.01205778494 -0.006536710076 1.58108151
v -0.04951274022 0.03402740136 1.567088246
v -0.04924272373 0.03375056013 1.567077279
v -0.02588607743 0.006307224743 1.570797801
v -0.02185644209 -0.001697397791 1.57700181
v -0.05325430632 0.03291010857 1.569396973
v -0.02195597626 -0.003994015045 1.579827905
v -0.0542140156 0.0319789052 1.570144176
v -0.01612201706 -0.006734841503 1.581356645
v -0.05045833811 0.03267306834 1.568183661
v -0.05234566331 0.03203216568 1.569693685
v -0.02738148905 0.004815940745 1.57299912
v -0.05309930444 0.03082001209 1.570086837
v -0.05239976197 0.03326250985 1.568537831
v -0.01327057183 -0.002489089966 1.576108575
v -0.04931254312 0.03315387294 1.567089438
v -0.04961784184 0.03311351314 1.567502379
v -0.01151932031 -0.002391944639 1.576495767
v -0.0519740209 0.03189160675 1.569352984
v -0.02106343769 -0.002561888658 1.577103615
v -0.05575787649 0.03057507426 1.571576953
v -0.02352837287 -0.003759511746 1.579950452
v -0.05601343885 0.02866906114 1.571647286
v -0.05556888506 0.02979238331 1.57184732
v -0.01230608299 -0.006953736767 1.580187201
v -0.05062070116 0.03413976729 1.567408204
v -0.01294843853 -0.007328091189 1.581530213
v -0.04961530864 0.03397719935 1.566986322
v -0.01486875117 -0.007155010477 1.582062602
v -0.02448161878 0.005441396497 1.570441723
v -0.05467088148 0.03114004433 1.57041657
v -0.01495296508 0.0009395061061 1.573572516
v -0.054806225 0.03025799245 1.570431113
v -0.05512454361 0.03137632459 1.570853472
v -0.02484815009 0.0008539482951 1.574506998
v -0.01090063155 -0.003096011467 1.576209903
v -0.05135407671 0.03132611141 1.568640232
v -0.05170444399 0.03049582243 1.568835497
v -0.01308948174 -0.00334058702 1.576704621
v -0.01163578033 -0.003553701565 1.577244759
v -0.05603028834 0.0288640894 1.57148385
v -0.0220322255 -0.003111581318 1.578048587
v -0.05016644672 0.03383409977 1.566940188
v -0.05195762217 0.03327138349 1.568069696
v -0.02464356832 -0.003402062692 1.57891202
v -0.05368231982 0.0317864567 1.56964314
v -0.01339342445 -0.004128889181 1.578305364
v -0.02271150611 -0.004432480782 1.579250693
v -0.0496536456 0.03254701197 1.56722343
v -0.05039769411 0.03165465966 1.5677104
v -0.01225186139 -0.005794787779 1.579510331
v -0.05056482926 0.03351748362 1.566961765
v -0.03558722883 0.007571472786 1.568659425
v -0.03419683129 0.006548856385 1.570176721
v -0.0521058403 0.03240120411 1.568008184
v -0.04945720732 0.03365393355 1.566702604
v -0.02563979104 0.005262823775 1.57072401
v -0.01786339097 0.003354619257 1.5715487
v -0.05377916992 0.0310459882 1.569689512
v -0.05415667966 0.03115314618 1.570007682
v -0.05582723394 0.02879048511 1.571829796
v -0.01505668834 0.001023118384 1.572574735
v -0.05493733659 0.02950065956 1.571427107
v -0.04918168485 0.03243470192 1.566654444
v -0.01412123814 -0.0005465075374 1.57449317
v -0.05587243661 0.02919032052 1.571253657
v -0.01322600991 -0.001276062801 1.574969769
v -0.052564051 0.0306135267 1.569620013
v -0.05557219312 0.02872211859 1.571792006
v -0.01203946769 -0.002789295278 1.576438189
v -0.05759893358 0.02605310082 1.574224234
v -0.03143880516 0.01117082965 1.588607311
v -0.05323407426 0.03174676001 1.569188595
v -0.0494553782 0.03213841096 1.566823125
v -0.01115223393 -0.003394495696 1.576757193
v -0.05024349317 0.03122773767 1.567410469
v -0.05543975905 0.02986091375 1.570896268
v -0.0206927862 -0.004003015347 1.577605963
v -0.0522984229 0.0300331004 1.569312334
v -0.05332887545 0.02982817963 1.570137024
v -0.0167882517 0.002424847335 1.57156229
v -0.05425491557 0.02976050228 1.57087791
v -0.02729584835 0.002255514264 1.573858619
v -0.05461904034 0.02898343652 1.57109642
v -0.05521925166 0.02835622802 1.571538687
v -0.01193196326 -0.003305140883 1.576934218
v -0.05719386786 0.02547048405 1.573984504
v -0.02892980166 -0.003651130944 1.580250144
v -0.05803335458 0.02564146556 1.5742625
v -0.02628249489 -0.004432295449 1.580230474
v -0.01690841094 -0.006681732833 1.580712557
v -0.05121123418 0.03258001804 1.567124367
v -0.04920351505 0.03327263519 1.566479087
v -0.05329281464 0.03100628406 1.569229603
v -0.02619875781 0.001453747042 1.574170709
v -0.05419900268 0.03014550358 1.56997335
v -0.05592790246 0.02783550322 1.57119
v -0.0207833536 -0.001664029434 1.575573325
v -0.01150880754 -0.00211146567 1.576060891
v -0.05745840073 0.02650986984 1.573383093
v -0.05741202086 0.02660446987 1.573763847
v -0.01171179861 -0.00280259084 1.576278687
v -0.05788569897 0.02638490684 1.57374835
v -0.01302643493 -0.005376813002 1.578446031
v -0.05033259094 0.033249259 1.566676378
v -0.04904839396 0.03307731077 1.566506386
v -0.02436366491 -0.004670330323 1.579422951
v -0.03645478562 0.007678250782 1.567905664
v -0.04913168028 0.03314131871 1.566776037
v -0.0198557619 0.003500091843 1.571054935
v -0.0504656285 0.03034926578 1.567491531
v -0.05481442809 0.02950886637 1.570338964
v -0.0554471612 0.02877657302 1.570700884
v -0.05111942813 0.03034076467 1.568219662
v -0.05581757054 0.02724901028 1.571305275
v -0.05454294756 0.0280549936 1.570896626
v -0.05706867203 0.0258882381 1.573579669
v -0.05755718425 0.02484505996 1.57447052
v -0.0228909459 -0.0006394153461 1.574824572
v -0.04953945428 0.03348729014 1.566544771
v -0.02430056222 -0.004681007937 1.578008413
v -0.04900080711 0.03227228299 1.565826178
v -0.05827932805 0.02708011493 1.572407246
v -0.02225210704 -0.00433816947 1.578224778
v -0.02433352545 0.004165410064 1.570325851
v -0.05777209252 0.02636616677 1.572719216
v -0.02325936034 0.00527564995 1.570548177
v -0.05533850566 0.02740092948 1.571427584
v -0.05855585262 0.02685866505 1.572385192
v -0.01937700994 -0.002953281626 1.576378703
v -0.05799416453 0.02610373124 1.572902441
v -0.05868363008 0.02673273906 1.572877526
v -0.01322937012 -0.004399598576 1.576626539
v -0.05883173645 0.0265728645 1.572952628
v -0.01324431226 -0.00558021199 1.57746017
v -0.05059296638 0.03253786638 1.566569686
v -0.02115725167 -0.005236551166 1.578613997
v -0.01820044965 -0.005961605348 1.579733253
v -0.04939069971 0.03274266049 1.566066742
v -0.01466536522 -0.007773883641 1.580850959
v -0.05263802409 0.03234923258 1.568582773
v -0.03431927413 0.005624542013 1.570697904
v -0.05309126154 0.02997707948 1.569032788
v -0.0494765155 0.03157160804 1.566604495
v -0.02666286007 0.004220492207 1.570961714
v -0.02163695358 0.003601127304 1.570192337
v -0.05256767571 0.02946689352 1.56946063
v -0.05746818706 0.0272259824 1.572101712
v -0.01924185269 0.002703056671 1.570919991
v -0.05773522705 0.02718077227 1.572246909
v -0.01564024016 0.001530697569 1.571802616
v -0.01399314031 -0.0007514441386 1.572964311
v -0.05763516575 0.0268916972 1.572472453
v -0.05719419569 0.0268042013 1.572334528
v -0.0189912729 -0.00266101677 1.575489163
v -0.05569404364 0.02745095268 1.571541905
v -0.05768091977 0.02530728839 1.573360085
v -0.01917097159 -0.004432702437 1.577193856
v -0.05800909922 0.02525628731 1.573888063
v -0.05118040368 0.03195914626 1.567030191
v -0.01915553771 -0.005582658574 1.579406977
v -0.04884492978 0.03229947388 1.565955997
v -0.02588168159 0.0003838231787 1.574138403
v -0.02385353856 -1.386739314e-06 1.574523807
v -0.0522089079 0.03161953762 1.568095446
v -0.04891986027 0.03216424584 1.566147089
v -0.02006025612 -0.001938405447 1.574867845
v -0.05482932553 0.02862478048 1.570185781
v -0.01798180304 -0.004359352402 1.576747298
v -0.05370710418 0.02866123617 1.570259929
v -0.05555049703 0.02704161406 1.571371555
v -0.05524072424 0.02685523033 1.571175814
v -0.02135419287 -0.005383912474 1.57750392
v -0.01987120882 -0.005080724135 1.577530742
v -0.05708844215 0.02630833536 1.572404861
v -0.01360446215 -0.007565899752 1.580254316
v -0.0571549125 0.02626584843 1.573277831
v -0.05794973671 0.0244628191 1.574026823
v -0.015990071 -0.007779462263 1.580758095
v -0.04993030429 0.03248691931 1.566120148
v -0.03370171785 0.005050882697 1.572071671
v -0.05100511014 0.02994841337 1.568038344
v -0.03198315203 0.004319102503 1.572638154
v -0.05234257877 0.0286324732 1.569128513
v -0.01666960865 0.001022327691 1.571447253
v -0.03712075949 0.008148001507 1.590319276
v -0.05738263205 0.02701854706 1.571668267
v -0.01342947781 -0.001526468433 1.573425055
v -0.05719418824 0.0271967724 1.571862102
v -0.05431779847 0.02798560634 1.570674539
v -0.01769494079 -0.003722997382 1.575891852
v -0.05897205323 0.0264419578 1.572492242
v -0.02910600044 -0.003797294572 1.579260945
v -0.02303743176 -0.005518550985 1.578487992
v -0.05869673193 0.0256898459 1.57332468
v -0.01243883371 -0.006759651937 1.578870893
v -0.05932708457 0.02536432818 1.573297143
v -0.05854115263 0.02526358888 1.573339581
v -0.01424382627 -0.006514926441 1.578436613
v -0.02781246789 0.003620379604 1.571017265
v -0.05775683373 0.02409721538 1.57452476
v -0.04889670014 0.03163387626 1.565902472
v -0.03021573089 0.003788791597 1.571794271
v -0.05542694405 0.0277065821 1.570469618
v -0.01363427192 -0.002644332126 1.573402286
v -0.05184575543 0.02855644003 1.568669796
v -0.01300036162 -0.002463936806 1.574505329
v -0.05800402164 0.02684301883 1.571845889
v -0.05839296803 0.02665895224 1.572031379
v -0.01365944743 -0.003493279219 1.57436347
v -0.05924321339 0.02619551681 1.572758436
v -0.05735908076 0.0257425122 1.573126078
v -0.01662537083 -0.004463664256 1.576182365
v -0.05560925603 0.02514384873 1.572634578
v -0.05112466216 0.03149604052 1.566990376
v -0.027895445 -0.004565375857 1.579156399
v -0.01321011037 -0.006414680742 1.578163862
v -0.05176974833 0.03105408326 1.567697883
v -0.01404007152 -0.007158654742 1.579301596
v -0.04920016229 0.0313432999 1.566189408
v -0.05583360791 0.02718356997 1.570950985
v -0.03279454261 0.004509251565 1.572039247
v -0.05408498272 0.02750004083 1.57033968
v -0.01747635193 0.001522048377 1.571110845
v -0.02743598819 -0.00409356039 1.580267549
v -0.05905333534 0.02587777935 1.572079659
v -0.05660041794 0.02625744045 1.572049618
v -0.0134956874 -0.003967720084 1.57533133
v -0.016849773 -0.005105709657 1.577021122
v -0.05683295801 0.02544558793 1.572318196
v -0.05956133455 0.02540498413 1.572551012
v -0.01586603001 -0.005629577674 1.577095747
v -0.05936939269 0.02580558509 1.573092699
v -0.01908044331 -0.006083426066 1.577526331
v -0.025431633 -0.00554645434 1.578797936
v -0.05717534199 0.0248414278 1.573108673
v -0.055841133 0.02447604388 1.572703958
v -0.02673900314 -0.005081718788 1.579270601
v -0.01881651208 -0.00618972443 1.578597665
v -0.05772049725 0.02465552464 1.573492289
v -0.05587775633 0.02460168861 1.573030829
v -0.02546665631 0.003276532516 1.570392489
v -0.02086188085 0.002944385633 1.570144534
v -0.0561167486 0.02396859229 1.573551536
v -0.02318142541 -0.001113662496 1.573805571
v -0.0572383143 0.02428740822 1.574258327
v -0.05703064427 0.02235517651 1.575708508
v -0.05621748418 0.02231820673 1.575585485
v -0.01465084776 -0.00580966007 1.577341914
v -0.05260222033 0.02947626635 1.568590164
v -0.01803443767 -0.006018902175 1.577342391
v -0.04954839125 0.03042282537 1.566389203
v -0.05027611181 0.02948449925 1.567125916
v -0.01492849365 -0.008095846511 1.579504371
v -0.02417536639 0.003122502938 1.57006681
v -0.05143510923 0.02831348032 1.568225026
v -0.05298664793 0.0283616595 1.569613695
v -0.02239974029 0.002792363986 1.570056558
v -0.03004925884 -0.001635425724 1.576815128
v -0.05858058482 0.02629092336 1.571915388
v -0.02260498144 -0.005383242853 1.577593088
v -0.05675787851 0.02697443962 1.57177484
v -0.05559980869 0.0262255203 1.570961833
v -0.01696363278 -0.006657812744 1.577614903
v -0.05659596995 0.02512799576 1.57214129
v -0.02403949015 -0.005961490795 1.57827878
v -0.01703760214 -0.007654351182 1.579616308
v -0.0573230274 0.0255635865 1.572586775
v -0.0549745895 0.02451056987 1.572325349
v -0.02963133715 0.0003684880212 1.57501328
v -0.0212228708 -0.001669337973 1.574157596
v -0.0572793074 0.02444074117 1.573299289
v -0.05702432618 0.02491653897 1.573703051
v -0.01871805079 -0.002954529598 1.573860645
v -0.05736495182 0.0241038315 1.573518157
v -0.01776021905 -0.003253573552 1.574489117
v -0.05599690229 0.02386114001 1.572923064
v -0.05721470714 0.02348389477 1.574108958
v -0.01521446928 -0.005066754296 1.576239109
v -0.05780111998 0.02340967208 1.574428797
v -0.02991575934 -0.002598410472 1.577815652
v -0.05766124651 0.02308415249 1.574794769
v -0.01769642159 -0.007069038227 1.578622103
v -0.05672764033 0.02274450287 1.574897647
v -0.05674890429 0.02267127857 1.575605989
v -0.031829983 0.004000101238 1.571195722
v -0.05674805865 0.02276781201 1.575297832
v -0.01689022593 8.784979582e-05 1.571136355
v -0.04924527928 0.03219677508 1.56579566
v -0.01575526595 -0.0004621529952 1.571576238
v -0.0517029725 0.029786814 1.567738175
v -0.01461398229 -0.0007988354191 1.571980357
v -0.05750623718 0.0266469717 1.571459055
v -0.02946954407 -0.0007609669119 1.575472713
v -0.0140344277 -0.005073052831 1.575670362
v -0.05714693666 0.02668217383 1.571431756
v -0.05670821667 0.02670200542 1.57155323
v -0.02706328221 -0.00504203327 1.578263998
v -0.0159194693 -0.008454252034 1.579433203
v -0.05221055821 0.02705778554 1.568802238
v -0.0545922108 0.02692900971 1.570652485
v -0.02542226575 0.0020816857 1.570411682
v -0.05636064708 0.02595593221 1.571565151
v -0.02900335379 0.003164862283 1.571088195
v -0.05254111439 0.02754533291 1.569132686
v -0.02665039338 0.002270364203 1.57082808
v -0.01660498045 -0.0009448602796 1.57111454
v -0.05269922316 0.02677131817 1.569180489
v -0.02069901116 -0.002253239974 1.573530078
v -0.05938244984 0.02575278282 1.572467327
v -0.05717321113 0.02480087802 1.57256043
v -0.05972218886 0.0245767422 1.572968364
v -0.02259536646 -0.003683768213 1.574899673
v -0.01570948213 -0.007234290242 1.578151464
v -0.0556300208 0.0244066678 1.572418809
v -0.05857343599 0.02451816946 1.573383331
v -0.02434586175 0.000796799548 1.570315838
v -0.02881918289 0.0001155911013 1.574154854
v -0.05619047582 0.02366700396 1.573790789
v -0.01417899504 -0.001994617283 1.572554708
v -0.0578256622 0.02404653467 1.573901892
v -0.02323236316 -0.002401201054 1.573396444
v -0.05618785322 0.02327013202 1.574079871
v -0.05744298548 0.02334682271 1.574748039
v -0.01446756721 -0.004472390749 1.574473262
v -0.01516128331 -0.004770380445 1.575135112
v -0.05741308257 0.02242800966 1.575293064
v -0.05740117282 0.02177493647 1.575335145
v -0.02792420797 -0.004866632633 1.577625632
v -0.01673921384 -0.007885379717 1.578433633
v -0.05618656799 0.02212843671 1.575858355
v -0.05656278878 0.02194339596 1.576155901
v -0.03267195821 0.0039506834 1.570439816
v -0.05645165965 0.02105696499 1.576311111
v -0.02195859328 0.0007584867999 1.570212603
v -0.05002731457 0.03110565618 1.565962791
v -0.01962348074 0.001176617108 1.570075154
v -0.05122994632 0.03076106682 1.567168474
v -0.02351828851 0.001411709003 1.570276499
v -0.04876448214 0.03008748591 1.565408945
v -0.05352881551 0.02864110656 1.569243193
v -0.02940782346 -0.001881735399 1.576012492
v -0.05418915302 0.02778328583 1.569532752
v -0.03014969267 0.003042906523 1.571005106
v -0.04926051944 0.02957459539 1.565943122
v -0.05549426377 0.02672228776 1.570335388
v -0.02123986371 0.001513920724 1.56979239
v -0.01565390825 -0.002091697417 1.571812153
v -0.05075981468 0.02880191803 1.567573786
v -0.05075729266 0.02750132605 1.567211628
v -0.02441532724 -0.003349419683 1.574476838
v -0.05570745096 0.02731220797 1.570701599
v -0.02915218286 -0.003790332004 1.577400684
v -0.05118431896 0.02723589167 1.567697048
v -0.05808531865 0.02445484512 1.573147178
v -0.02378878742 -0.005561082624 1.576664805
v -0.026061235 -0.005452171899 1.577605605
v -0.055807475 0.02302871272 1.572804928
v -0.02081423253 0.0004333844408 1.569881082
v -0.05617878586 0.02348892763 1.573164582
v -0.05551733077 0.02445221134 1.573040247
v -0.02782091312 0.001936691813 1.570892096
v -0.05744367093 0.02324059233 1.57409966
v -0.02240779996 -0.0003282306716 1.570627689
v -0.05570000783 0.02358588576 1.573692083
v -0.01487778872 -0.003765414469 1.572955966
v -0.05767044052 0.02267404646 1.574358463
v -0.01558309793 -0.004391702823 1.573976159
v -0.02073770575 -0.004634003155 1.574064851
v -0.06016204506 0.02233446576 1.575421095
v -0.06109245121 0.02216846868 1.575096369
v -0.02974994294 -0.00281106215 1.576426744
v -0.05685292184 0.02149732225 1.576068401
v -0.02250585519 -0.00670426432 1.577280164
v -0.02191700041 -0.002685115673 1.573157072
v -0.0558391735 0.01997773163 1.577622771
v -0.01693269238 -0.00387019664 1.573628664
v -0.04988886788 0.03154440224 1.565899134
v -0.05013189092 0.02874952182 1.566808343
v -0.02867455222 -0.002707430162 1.575683594
v -0.05566494539 0.02635056525 1.570541859
v -0.02398195118 -0.004349722527 1.574743032
v -0.05414147675 0.02577242628 1.570053101
v -0.03159105778 0.003236279823 1.570071816
v -0.02329829521 0.0001409258693 1.570492387
v -0.05514720827 0.0260975305 1.570854068
v -0.0287420135 -0.001372313127 1.574663997
v -0.05333373323 0.02668764815 1.569601417
v -0.05212475359 0.02662780508 1.568623304
v -0.01820576936 -0.003665751778 1.573089838
v -0.05419453606 0.02485162392 1.570240378
v -0.05343052 0.0255630035 1.569699645
v -0.0297368411 0.00221469719 1.570610881
v -0.05737990141 0.0242514573 1.572766304
v -0.05793626234 0.02426629886 1.573085904
v -0.02715144493 0.001022269018 1.570613623
v -0.01868114807 -0.0001355279237 1.570007086
v -0.05893005803 0.02474062704 1.573434591
v -0.05720563233 0.02348446846 1.574486971
v -0.01756707206 -0.0009881732985 1.570386052
v -0.02918231301 0.0004445165396 1.572765946
v -0.05635890365 0.02303582057 1.574138165
v -0.01528420299 -0.003015057184 1.572299838
v -0.05760676786 0.02270423062 1.57501781
v -0.0279075373 -0.003118962049 1.574909329
v -0.05616633222 0.0227598846 1.574425459
v -0.05585386232 0.0222552307 1.574808359
v -0.0292187091 -0.003722605295 1.576340914
v -0.06035514548 0.02264798433 1.575176239
v -0.05712149292 0.02133090049 1.575598478
v -0.02484245412 -0.005984959193 1.577189326
v -0.02557063289 -0.0002096062526 1.57037425
v -0.05571401864 0.02140514925 1.576230168
v -0.05585603416 0.01954758167 1.577698469
v -0.01967813633 -0.0004660701379 1.569858432
v -0.02089168876 -0.0005239555612 1.570214391
v -0.04872763902 0.03099711612 1.565479398
v -0.04869771376 0.03049026057 1.565324068
v -0.02171042748 -0.001570872031 1.570577264
v -0.05493582413 0.02691758424 1.569873095
v -0.01668316871 -0.002114481293 1.571248293
v -0.01599440724 -0.003894156776 1.572536349
v -0.04964336753 0.02831235528 1.565980792
v -0.0565805696 0.02606572956 1.571319103
v -0.02088956535 -0.003272957169 1.572892427
v -0.0307731349 0.002521162853 1.570347309
v -0.05557154492 0.02581568807 1.570826054
v -0.05486115813 0.02579515055 1.570580125
v -0.02607768774 0.000814512372 1.570496917
v -0.02617607452 -0.001663876697 1.572139263
v -0.05627150461 0.02522455901 1.57145822
v -0.05932965875 0.02520388551 1.57180047
v -0.01725424826 -0.002938481979 1.571571946
v -0.02798040397 -0.001955171116 1.573714495
v -0.05969495699 0.02474433929 1.57228899
v -0.0576040782 0.02421144024 1.57290554
v -0.0195184797 -0.00371172931 1.572854042
v -0.05493969098 0.02424557135 1.57195127
v -0.05885881186 0.02395543084 1.573339105
v -0.05514348671 0.02290699258 1.573370457
v -0.0563194342 0.02299442515 1.573348165
v -0.01875173859 -0.001710574143 1.570344806
v -0.05694272742 0.02275628969 1.574557662
v -0.03168461472 0.001078902744 1.572547793
v -0.05631190911 0.02248267457 1.575113058
v -0.05571730435 0.0226169154 1.574360251
v -0.02566643618 -0.006402120925 1.576120615
v -0.06114391983 0.02234749496 1.57469523
v -0.0282646697 0.001051241532 1.570440531
v -0.06090980023 0.02272247896 1.574991941
v -0.02397552133 -0.001079753973 1.570397019
v -0.05776429921 0.02209406719 1.574593544
v -0.05590531975 0.02202328295 1.575409651
v -0.03496676683 0.006368123461 1.58865428
v -0.02687953971 -0.002089786343 1.572965264
v -0.05730988458 0.02132107876 1.575193524
v -0.01675791293 -0.004546974786 1.572119474
v -0.05543258786 0.02157143503 1.575307846
v -0.02670543455 -0.004241451621 1.574400187
v -0.0603602007 0.02195246704 1.575587988
v -0.05524270236 0.02109321766 1.576138735
v -0.02741659619 -0.004173811525 1.575103521
v -0.05579080433 0.02057305165 1.576418996
v -0.02650260366 -0.005867209285 1.575868487
v -0.02690634504 -0.006604952738 1.576938152
v -0.05502196774 0.01991573162 1.577971935
v -0.02070567757 -0.001564527862 1.570551753
v -0.0553102009 0.01907996461 1.578171611
v -0.05014921352 0.03048573062 1.566065669
v -0.01965282857 -0.002318854444 1.570501685
v -0.0182057675 -0.002616391517 1.570653677
v -0.05366482586 0.02756227553 1.569072008
v -0.05770262703 0.0260515362 1.571108937
v -0.02761145867 -0.00559488032 1.575816274
v -0.05715760589 0.02618077025 1.571163058
v -0.05684096739 0.02570398524 1.571038842
v -0.03314991295 0.003538308665 1.569473028
v -0.03365225345 0.002947182395 1.568834782
v -0.05562249944 0.02540749684 1.570713401
v -0.05874769762 0.02573394403 1.571496248
v -0.03125263751 0.002322951332 1.569409132
v -0.02944186144 0.001289423555 1.570057034
v -0.05949513987 0.02523503825 1.572254658
v -0.05693712458 0.02394703962 1.572594643
v -0.02668472938 -0.0006258795038 1.570299745
v -0.05972771347 0.0237205904 1.57272017
v -0.02224563435 -0.006970980205 1.575400591
v -0.05807723477 0.02349255048 1.573271036
v -0.02820222639 -0.005568138324 1.576774478
v -0.05932820588 0.02392950654 1.573158145
v -0.0556604974 0.02365703136 1.572518468
v -0.03219053894 0.002733775415 1.568766236
v -0.05630498007 0.0223123543 1.573666096
v -0.02318559214 -0.001678521745 1.570530415
v -0.0566043891 0.02234966867 1.574220419
v -0.02641945891 -0.003512023948 1.573328376
v -0.01775657572 -0.00471007172 1.572591662
v -0.06028646231 0.02250896394 1.574589372
v -0.0194840394 -0.006153793074 1.57392633
v -0.05956882238 0.0220702365 1.575125694
v -0.02952003665 7.565878332e-05 1.571726322
v -0.05984757096 0.02174694836 1.575543642
v -0.06088257581 0.02156626247 1.575219035
v -0.02171849459 -0.002659612335 1.570644855
v -0.02540411986 -0.002712815069 1.571920395
v -0.06071593612 0.02118054219 1.575005889
v -0.05655126646 0.02073396929 1.576037288
v -0.03051778488 0.001498976722 1.569405675
v -0.02776283585 -0.0002495022491 1.57016623
v -0.05485551059 0.0204807166 1.576468706
v -0.05592294037 0.02106363326 1.576441526
v -0.02633527853 -0.001403835602 1.570898294
v -0.05543492734 0.02007887699 1.57706809
v -0.0251306463 -0.00136613939 1.570500493
v -0.02768279053 -0.001431058161 1.570910692
v -0.054623615 0.0199803859 1.577613711
v -0.02365527675 -0.003079160117 1.571267605
v -0.05408630148 0.01959543303 1.57786727
v -0.02474274673 -0.003551636823 1.571925998
v -0.05581088737 0.01907871664 1.577664852
v -0.01763086021 -0.00387540739 1.570964336
v -0.05463081971 0.01968531124 1.578083634
v -0.05432629585 0.0191612523 1.578555465
v -0.02564131655 -0.003378116526 1.572646141
v -0.05452907458 0.01890342496 1.578701854
v -0.0250458885 -0.004541180097 1.572777271
v -0.0200124532 -0.007108413614 1.573831677
v -0.05402983725 0.01888859458 1.578923941
v -0.05372489244 0.01865646988 1.579313755
v -0.01905320212 -0.003402023576 1.570325613
v -0.05414713174 0.01839476265 1.579453349
v -0.02070978843 -0.003240716644 1.570521832
v -0.05422556773 0.01795663312 1.579620481
v -0.02305238135 -0.0045413794 1.571413517
v -0.0517430231 0.02875976264 1.56769228
v -0.02927045338 0.0001920489594 1.570015073
v -0.0553602241 0.02632011473 1.57009387
v -0.05831800029 0.02572851442 1.571059585
v -0.02246259712 -0.003476043232 1.570787668
v -0.05561363325 0.02559835836 1.570217013
v -0.02412028238 -0.004443624057 1.572059274
v -0.02421813831 -0.005263130181 1.572663188
v -0.05453063175 0.02543381229 1.570265889
v -0.01746124588 -0.005848419853 1.572127938
v -0.05143126845 0.02676443011 1.567863822
v -0.02545095608 -0.005039437674 1.573618054
v -0.05626868457 0.02492804453 1.57169044
v -0.05639189854 0.02475652471 1.571963787
v -0.01927715726 -0.006179370917 1.572819829
v -0.02518255822 -0.005842394195 1.574733973
v -0.0529807508 0.02523551323 1.569222331
v -0.02403282374 -0.006520177238 1.574762344
v -0.05669549108 0.02420146577 1.572355866
v -0.02137416974 -0.007313120179 1.574766517
v -0.0552267395 0.02388276532 1.572079778
v -0.02854074724 -0.0009806500748 1.570446253
v -0.05594527721 0.0227002725 1.573040962
v -0.05535029992 0.02320729941 1.57355237
v -0.03112004511 0.0003786189482 1.570982575
v -0.0227327086 -0.007254642434 1.574467301
v -0.05541452765 0.02241333202 1.574093342
v -0.05721065402 0.02241925523 1.574297309
v -0.0178315565 -0.00516113732 1.570579529
v -0.06105613708 0.02223962545 1.57438755
v -0.02393849194 -0.006628450938 1.57307148
v -0.0248047784 -0.006246800534 1.573519707
v -0.05514294654 0.02137015946 1.575056791
v -0.03043348156 0.0002111066133 1.569790006
v -0.05689092353 0.02108153142 1.57585144
v -0.01723834872 -0.005801591091 1.571118236
v -0.05478051305 0.02012930997 1.576937914
v -0.05494096503 0.02013812587 1.57729578
v -0.0206258446 -0.004621290602 1.570390821
v -0.02217541263 -0.004607862793 1.570911407
v -0.05594717339 0.01955621876 1.5774194
v -0.05393639952 0.01937401854 1.578172684
v -0.02350157127 -0.007255326025 1.573815227
v -0.05338544771 0.01910233684 1.578354836
v -0.05319136754 0.0182640925 1.579882026
v -0.01877737604 -0.00476227235 1.570308328
v -0.04918389395 0.03121794015 1.565479159
v -0.01874770224 -0.007414874621 1.572751522
v -0.05087263137 0.02980964258 1.566842914
v -0.02175452188 -0.007775683887 1.573935151
v -0.04895858467 0.03031682596 1.565160632
v -0.01982005127 -0.005694047548 1.570224524
v -0.01914164424 -0.008365196176 1.573152304
v -0.04871205613 0.03003714234 1.565100074
v -0.02296287194 -0.007397499867 1.572920561
v -0.05284770951 0.02834727988 1.568633795
v -0.04883332923 0.02929778025 1.565247059
v -0.01777257025 -0.006663420238 1.571475148
v -0.02071269043 -0.008250958286 1.573618531
v -0.04916283116 0.0287491791 1.565496325
v -0.05020310357 0.02812501043 1.566697598
v -0.02108912542 -0.005736048333 1.570753336
v -0.02165214531 -0.008331765421 1.573055267
v -0.05857397243 0.02572246641 1.571267486
v -0.01836172864 -0.006018691696 1.570486546
v -0.05648816004 0.02541783825 1.57118392
v -0.01875725575 -0.007036897354 1.570750237
v -0.05916205049 0.0252084583 1.571351647
v -0.05641765147 0.02488941699 1.571127176
v -0.019761879 -0.007002274506 1.570596695
v -0.02072164416 -0.0080137318 1.571875691
v -0.05206501856 0.02568851411 1.568307996
v -0.05721139163 0.02327856608 1.572996259
v -0.01869321987 -0.009066673927 1.572055817
v -0.0588863194 0.0231449008 1.573090076
v -0.02008840628 -0.008703422733 1.572355747
v -0.0184615422 -0.008149550296 1.571367502
v -0.0575507693 0.02328068763 1.573155999
v -0.0195562318 -0.008267645724 1.571261764
v -0.05556781963 0.0221141614 1.574585915
v -0.05551702529 0.02172070183 1.575104594
v -0.04961894453 0.008861978538 1.591974139
v -0.04868212715 0.007142945193 1.591269493
v -0.0576749146 0.02176532894 1.574680924
v -0.06115021557 0.02198238112 1.574837208
v -0.0508816652 0.009920272045 1.5920403
v -0.05942063406 0.02184043638 1.575294614
v -0.04569135606 0.0006297407672 1.587569594
v -0.04810386896 0.02053016238 1.591934919
v -0.05988056213 0.02120294794 1.575427771
v -0.05274958536 0.01138528995 1.592181087
v -0.05492171645 0.0208806023 1.576013207
v -0.05542520806 0.02012860402 1.575947762
v -0.05212916061 0.01033727918 1.591659665
v -0.05533868074 0.02049517259 1.576521635
v -0.0508784242 0.01388780307 1.592657924
v -0.053274896 0.01874555461 1.579075575
v -0.05162634328 0.009237698279 1.591146588
v -0.05568104237 0.01828032918 1.587469339
v -0.05323063582 0.0178987775 1.580134869
v -0.04960243776 0.0301800631 1.56555903
v -0.05413286388 0.01800154336 1.589187741
v -0.05438671634 0.01946432889 1.582179546
v -0.05091178417 0.02898946404 1.56682694
v -0.05335055664 0.0197286997 1.580320954
v -0.04884725809 0.02916915342 1.564808846
v -0.05356102437 0.02677900344 1.568713784
v -0.05255322158 0.01996301301 1.578855038
v -0.05013343319 0.007133768406 1.590470791
v -0.05470955372 0.02622164041 1.569490671
v -0.05496682227 0.0179325249 1.588424087
v -0.05575147271 0.0248958841 1.57051599
v -0.05111116543 0.007997040637 1.590547681
v -0.05962059647 0.02459366247 1.571769953
v -0.05612774193 0.01868841052 1.58647573
v -0.05433268473 0.02416394651 1.570498109
v -0.05410016701 0.02426870726 1.570532203
v -0.0564199537 0.01977789588 1.584886909
v -0.0598501116 0.02428790554 1.572322249
v -0.05337231606 0.01829044521 1.589704156
v -0.05981254578 0.02322839573 1.57235539
v -0.05097671971 0.01927245036 1.59089613
v -0.05179639161 0.01995652542 1.577804923
v -0.05657991767 0.0226607658 1.572868109
v -0.05500476807 0.02310233191 1.572211504
v -0.05048627406 0.01957012154 1.576653361
v -0.05846675858 0.02372315153 1.573319674
v -0.0492740497 0.01927487552 1.575842381
v -0.04798019677 0.01903159358 1.575392008
v -0.05484270304 0.02347463742 1.572502613
v -0.0552380532 0.02216089144 1.573531985
v -0.04689656943 0.01895284653 1.574790478
v -0.05686846375 0.02184103802 1.574245453
v -0.04622505605 0.004488152452 1.589501023
v -0.04475727677 0.004207402468 1.588986516
v -0.05964859575 0.02214262262 1.574743748
v -0.05911701918 0.02149932832 1.575350165
v -0.04859716073 0.01836529188 1.589285493
v -0.05476781726 0.02100951597 1.575258136
v -0.04885107279 0.01888434589 1.590250134
v -0.04832021147 0.01947627775 1.59098196
v -0.05363662913 0.01940321736 1.577501535
v -0.046781376 0.01841422915 1.588550806
v -0.05519656837 0.01888116263 1.578229785
v -0.05504067615 0.01864703931 1.578314424
v -0.04437261075 -4.314864054e-05 1.586806059
v -0.04459545389 0.002658488695 1.588231325
v -0.05249962211 0.01841733232 1.579264641
v -0.05273482203 0.01814979874 1.579824567
v -0.04931542277 0.01996558346 1.591470122
v -0.05396869034 0.0176004339 1.579970598
v -0.04506665841 0.01903376915 1.589913368
v -0.04881707951 0.02964466438 1.564923644
v -0.04577223957 0.01863398217 1.589108348
v -0.04423639178 0.02039429359 1.591893792
v -0.04881235957 0.02904207632 1.564929962
v -0.04439019784 0.01978245191 1.591109395
v -0.05467635021 0.02568324655 1.569272161
v -0.04937303811 0.00636638701 1.590342879
v -0.05771726742 0.02538211644 1.570641398
v -0.04831660911 0.005285755731 1.590163827
v -0.05691366643 0.0252026394 1.570818543
v -0.04175546393 0.01853555068 1.593129873
v -0.05876908824 0.02534203976 1.570967913
v -0.04874568805 0.01340220403 1.592408299
v -0.05505839735 0.0248347912 1.57050848
v -0.04510976002 0.007340585813 1.589915633
v -0.05954857171 0.02465973794 1.571435213
v -0.0561741218 0.02385929972 1.571549296
v -0.04475867003 0.008195252158 1.590480328
v -0.05341924727 0.02472832054 1.569729209
v -0.04534280673 0.001648762729 1.588014603
v -0.05629679561 0.02306971699 1.572363257
v -0.04464705661 0.006204015575 1.589460969
v -0.04430629686 0.005193703808 1.589074254
v -0.05752388015 0.02272577584 1.573297381
v -0.04719984159 0.004785066471 1.589856982
v -0.05644390732 0.02142589167 1.574173212
v -0.05954470113 0.02200803719 1.574437857
v -0.04477349296 0.01916365884 1.574945331
v -0.05871942267 0.0216871798 1.574651122
v -0.04339662939 0.01909810118 1.575843096
v -0.06112086028 0.02195276879 1.57448864
v -0.0429835394 0.01888652891 1.577698112
v -0.04026752338 0.01836764999 1.571593881
v -0.05729356036 0.02117803879 1.574875116
v -0.03913332149 0.01813002303 1.571595669
v -0.05864682421 0.02123692259 1.575301051
v -0.04095394164 0.01769860648 1.593288898
v -0.05863956362 0.02054721862 1.575306773
v -0.04987316951 0.01378262788 1.592530727
v -0.05961607769 0.02052328549 1.575095654
v -0.05693128332 0.02084674872 1.575183392
v -0.03641214594 0.006420430262 1.568257689
v -0.03798574209 0.007864394225 1.569713712
v -0.05664017797 0.02061958052 1.575457811
v -0.05452851206 0.02027013339 1.575829744
v -0.03747729212 0.007229164243 1.568864465
v -0.05318805575 0.01845392026 1.584878802
v -0.05569686368 0.02016304247 1.575742483
v -0.05470454693 0.02013127506 1.57628715
v -0.03638306633 0.01249212306 1.571855307
v -0.05333707109 0.01919545606 1.578009129
v -0.03225773573 0.0006454582326 1.570433497
v -0.03194695711 0.0007685068995 1.571452498
v -0.05276862904 0.01891684532 1.578356862
v -0.03161979467 0.0003859996796 1.56966877
v -0.05263855308 0.01874715276 1.578697681
v -0.05465240404 0.01855219901 1.578760982
v -0.03238652274 0.001559590921 1.573306441
v -0.03156927228 0.0008038803935 1.568752646
v -0.05454111844 0.01835215837 1.579014897
v -0.05170578882 0.01842928678 1.578969002
v -0.03422268853 0.002159845084 1.568413377
v -0.03325972706 0.001829579473 1.568345308
v -0.05183699355 0.01809025928 1.579471588
v -0.03617700189 0.01371586323 1.572357416
v -0.05256630853 0.01733589731 1.580496788
v -0.05323785916 0.01697462425 1.580885887
v -0.03750341386 0.01728731766 1.572464228
v -0.0411564894 0.01892961748 1.575545192
v -0.05276127532 0.01671865582 1.581387758
v -0.04915276915 0.02792013437 1.56454134
v -0.04007844254 0.0191342067 1.574045897
v -0.04196534306 0.01885103248 1.576618791
v -0.05420054123 0.02646851167 1.569153547
v -0.05131898075 0.0184030924 1.587091804
v -0.04940633103 0.02789715491 1.565304756
v -0.03387522325 0.004605179653 1.570812821
v -0.05019969866 0.02729636431 1.566240907
v -0.05053492263 0.02647929266 1.566382527
v -0.03501475602 0.005695866421 1.569801807
v -0.07099093497 0.002364118118 1.621859312
v -0.05073795095 0.026181072 1.566604376
v -0.03566396236 0.005779391155 1.568953514
v -0.05108906701 0.02560884133 1.5670017
v -0.03028698266 -0.002284574322 1.581420541
v -0.05626406521 0.02379417047 1.571883678
v -0.05432033166 0.02378821 1.570739508
v -0.03080641851 -0.001310074702 1.582380891
v -0.03538963571 0.008140767924 1.589890599
v -0.0535537973 0.02388413437 1.570165277
v -0.03516417742 0.00724971015 1.589264035
v -0.059282545 0.02302566543 1.572808504
v -0.0346814841 0.005156202707 1.587810516
v -0.05805291235 0.02234468423 1.573228836
v -0.03205394 0.0006026681513 1.584026933
v -0.05716605484 0.02263277769 1.573233008
v -0.05525354296 0.02271312848 1.572535872
v -0.04438309744 0.01044825185 1.59160018
v -0.05507690087 0.02234736457 1.573236227
v -0.04332070425 0.01061370969 1.591624975
v -0.0436915718 0.01369361952 1.592942953
v -0.05546129867 0.02218594402 1.57306695
v -0.05586151034 0.02198378369 1.573549271
v -0.03960467875 0.006897984073 1.589896202
v -0.04079029709 0.007911535911 1.590375066
v -0.06045266241 0.02216296643 1.574243188
v -0.05485140905 0.02127221785 1.574373484
v -0.03850303218 0.006869045086 1.589837193
v -0.03655561805 0.009039749391 1.590672255
v -0.05715971813 0.02125729807 1.57442534
v -0.04188316315 0.009471938014 1.591081262
v -0.05823656544 0.02127482556 1.57495594
v -0.03812593222 0.01797023416 1.571924448
v -0.05485918 0.02121202648 1.574752688
v -0.05521059409 0.02012809925 1.576211452
v -0.03728847206 0.01526953932 1.572926402
v -0.03096275404 0.001497276593 1.573126674
v -0.05421855673 0.01971878298 1.577172637
v -0.05307220295 0.01912917197 1.577040076
v -0.05474675447 0.01786647178 1.578325391
v -0.05211673677 0.01773591153 1.579843283
v -0.03084515035 1.569325104e-05 1.576401353
v -0.0500061363 0.01690899394 1.581241727
v -0.03129566088 0.0006918376312 1.575687885
v -0.04974165559 0.02913027257 1.565503597
v -0.04243112355 0.01533442456 1.59347856
v -0.05035912246 0.02909545228 1.566208363
v -0.04086835682 0.01668390259 1.593518615
v -0.0516648367 0.02755743079 1.567229271
v -0.05528469384 0.01948972978 1.583444834
v -0.05279953778 0.02742421068 1.568312764
v -0.05637473613 0.0203931313 1.58397305
v -0.04900604859 0.02821666934 1.564766884
v -0.04330521077 -0.0006765099242 1.586297631
v -0.04341039062 0.0005676797591 1.586916208
v -0.05543589965 0.02502485365 1.569737315
v -0.0399883166 0.01830495708 1.588708282
v -0.05830712616 0.02509710938 1.570470333
v -0.05589498207 0.02395728417 1.570251942
v -0.05933319405 0.02481327206 1.571052551
v -0.03080348298 -0.0005564647727 1.57739079
v -0.05435930192 0.02446076088 1.570126176
v -0.03055363148 0.0007445188239 1.571936607
v -0.05964615569 0.02421952225 1.570987821
v -0.0310338065 0.001238140743 1.574734926
v -0.0544674024 0.02386919409 1.570297718
v -0.05616532266 0.0231577456 1.571880937
v -0.03070797399 -0.002082607709 1.578651786
v -0.05294399709 0.02386692911 1.569282055
v -0.03043371625 -0.002781188115 1.579353929
v -0.05999229103 0.02341957018 1.571897149
v -0.05417955294 0.02296964079 1.571058869
v -0.05640399456 0.02229173854 1.572936416
v -0.05929898471 0.02187701687 1.574043632
v -0.05602661148 0.02126757056 1.574062705
v -0.05840674788 0.02147569694 1.574699163
v -0.06081043929 0.02115646005 1.574021816
v -0.05677655712 0.02074771933 1.574913621
v -0.05440770835 0.02075214684 1.574886084
v -0.06039556861 0.02081820555 1.574960709
v -0.05944521353 0.02021051571 1.574951887
v -0.05533464998 0.01971574128 1.576635718
v -0.0559791252 0.01885372773 1.577254415
v -0.05307965726 0.01914395206 1.577621698
v -0.05557031929 0.01844958775 1.577659488
v -0.05236901715 0.01886076294 1.578033566
v -0.05157780647 0.01857979223 1.578509331
v -0.05464494228 0.01757627539 1.578569293
v -0.05475628003 0.01794934087 1.578927755
v -0.05392965302 0.01731961407 1.579903483
v -0.05334998295 0.01736508496 1.58038497
v -0.05367313698 0.01677530259 1.580773592
v -0.05367515981 0.02593527362 1.568452477
v -0.05778586119 0.02496810444 1.570338845
v -0.05731187761 0.02506901696 1.57054162
v -0.05869366229 0.02462647855 1.570292354
v -0.05557854846 0.02450850978 1.570582509
v -0.05919474736 0.02480503358 1.570829153
v -0.05538310111 0.02390230447 1.570389867
v -0.05632178858 0.02397868037 1.571017146
v -0.05463428795 0.02336836979 1.570828676
v -0.05184805766 0.02431112155 1.5678128
v -0.05333841965 0.02298424207 1.570276618
v -0.05610166118 0.02236549929 1.572618365
v -0.0570057407 0.0217833519 1.573457837
v -0.05867801234 0.02172575518 1.574044228
v -0.05475988612 0.02138713375 1.573667645
v -0.05576967448 0.0216739215 1.573818564
v -0.05538297817 0.02195145562 1.574218988
v -0.0551901944 0.02151987143 1.574092507
v -0.06080569327 0.02169543691 1.574116826
v -0.0567728132 0.02112738416 1.574348807
v -0.06083016843 0.02109575085 1.574670553
v -0.06007373333 0.02059903555 1.574996591
v -0.05618692935 0.02034762502 1.575722694
v -0.05583071336 0.01961511001 1.576752782
v -0.05620488524 0.01902791485 1.57685101
v -0.05082989857 0.018403586 1.578641295
v -0.05471359566 0.01752731577 1.579091072
v -0.05096859485 0.01776257157 1.57931006
v -0.05178970844 0.01756093092 1.579745293
v -0.0542489402 0.01739365049 1.579535604
v -0.04923460633 0.03014375269 1.565278172
v -0.05422434583 0.02534527704 1.568690181
v -0.04980095103 0.02732044086 1.565535426
v -0.05028476939 0.0262993183 1.565741777
v -0.055752296 0.02470874228 1.570054173
v -0.05044288188 0.02584229782 1.565823793
v -0.05665103346 0.02384264953 1.570606589
v -0.05633113906 0.0233460255 1.570991158
v -0.05622930825 0.02336321026 1.571418285
v -0.05468616262 0.02238623053 1.571065068
v -0.05599844828 0.02280277386 1.5720191
v -0.0537619777 0.0233113803 1.570687652
v -0.05573357642 0.02176167816 1.572575688
v -0.05762631819 0.02233701386 1.57336843
v -0.05742062628 0.02138314024 1.573370695
v -0.05490546674 0.02133974433 1.573130727
v -0.05511756986 0.02105788328 1.573328614
v -0.06043501198 0.02113284543 1.573687196
v -0.0580320023 0.02081819065 1.575231552
v -0.05640451238 0.02050284483 1.575139284
v -0.05742612109 0.0203718897 1.574995518
v -0.05495995283 0.02003881149 1.575634241
v -0.05348426104 0.01923165843 1.57685864
v -0.05505825952 0.01818895899 1.578051209
v -0.05057201162 0.01829944737 1.578104258
v -0.05374149233 0.01677631959 1.58016932
v -0.04934720695 0.02774455398 1.564499497
v -0.0528203398 0.02676058188 1.568068504
v -0.05448043719 0.02544981614 1.56899631
v -0.05542783812 0.02381202765 1.569491744
v -0.05926471949 0.0243711751 1.570535421
v -0.0548385419 0.02400436997 1.570137739
v -0.0547997579 0.02326704189 1.570369005
v -0.06003572047 0.02309927903 1.571609259
v -0.05575162917 0.0223079063 1.572259426
v -0.0587477982 0.02184217423 1.572573185
v -0.05941686034 0.02185746096 1.573530555
v -0.05901899561 0.02190918475 1.573865175
v -0.05982426554 0.02123350464 1.573528767
v -0.0542412512 0.02096399851 1.573596001
v -0.05827777088 0.02121981978 1.574180126
v -0.05610515177 0.0209792573 1.574198365
v -0.05430069193 0.02018962428 1.574342728
v -0.05563316494 0.02027570829 1.574563503
v -0.05771716684 0.0206582956 1.57474184
v -0.06072938442 0.02067402378 1.574518919
v -0.05603282526 0.02037577331 1.574812174
v -0.05452906713 0.02002731338 1.575141668
v -0.05958992243 0.01978300698 1.574733019
v -0.05719009787 0.02011043392 1.575272799
v -0.05866088718 0.01981405169 1.574779868
v -0.05831170455 0.02062377892 1.575350285
v -0.05799273029 0.01982494444 1.575144768
v -0.05654364824 0.01949718967 1.575984597
v -0.05525149032 0.0194463525 1.576054215
v -0.05464552715 0.01958989911 1.576608062
v -0.05667931214 0.01881388016 1.576138854
v -0.05411481485 0.01930179633 1.576421976
v -0.05274320394 0.01902833395 1.576949954
v -0.05058956146 0.01821647957 1.578927398
v -0.04979851469 0.01805930585 1.578783512
v -0.05092433468 0.01750134863 1.579007268
v -0.0488457568 0.01727908477 1.580584884
v -0.05151685327 0.01667793468 1.580681682
v -0.05008276924 0.01641463675 1.580462813
v -0.04988563433 0.01685100608 1.580737352
v -0.04987119883 0.0163893383 1.580894709
v -0.05003343523 0.0279019177 1.565337181
v -0.05098504201 0.02797877043 1.566627383
v -0.04922023788 0.02879467234 1.56484282
v -0.05207124725 0.02650316246 1.56720233
v -0.04956725985 0.02714480087 1.564861059
v -0.05520646647 0.02464202419 1.569406033
v -0.05711742118 0.02478577569 1.570507407
v -0.05124525726 0.02435300313 1.567016482
v -0.05514105782 0.02288591117 1.570660114
v -0.05511851236 0.02233477309 1.570818305
v -0.0548283942 0.02192491293 1.570994377
v -0.05931832269 0.02274764702 1.572656274
v -0.05377276614 0.02266922966 1.57100904
v -0.0557407476 0.02121280693 1.572826624
v -0.05655435473 0.02197278105 1.573222637
v -0.05427855626 0.02133680508 1.572845936
v -0.05526886135 0.02071459778 1.573630691
v -0.0542110391 0.02081613243 1.573845267
v -0.05563174188 0.02016249113 1.575043082
v -0.05532607064 0.02006673254 1.574964762
v -0.05879294872 0.02012607642 1.575026155
v -0.0573174879 0.01969373412 1.575530052
v -0.05573351309 0.01950154267 1.576230288
v -0.0572241284 0.01934286207 1.575510025
v -0.05461868271 0.01933822595 1.576114774
v -0.05611698702 0.01843485795 1.576714635
v -0.05181509629 0.0187550839 1.576965094
v -0.05529495329 0.01810825989 1.577716351
v -0.0494055748 0.01810900122 1.578616738
v -0.05036838353 0.01758637093 1.578766227
v -0.05198689923 0.01723158173 1.579964757
v -0.04953432456 0.02679622918 1.564326406
v -0.04981204122 0.02642358094 1.564682961
v -0.05759434775 0.02446482331 1.570088506
v -0.05786971375 0.02439464256 1.56997776
v -0.05555932969 0.02343998849 1.570257068
v -0.05627224967 0.02268452197 1.571288347
v -0.05588501692 0.02213610709 1.571546793
v -0.05465596914 0.021674091 1.571165681
v -0.05323302001 0.02232701331 1.570448279
v -0.05418346822 0.02189870179 1.5715729
v -0.05839573219 0.02193274722 1.57288444
v -0.05437134579 0.02148295566 1.572099566
v -0.05693731084 0.02121650241 1.573481679
v -0.05987526476 0.02180607244 1.574010611
v -0.05407360941 0.02097924054 1.572913766
v -0.05562278628 0.02092587762 1.573930979
v -0.05516389012 0.02030187845 1.574116945
v -0.05467985198 0.02007682435 1.574594975
v -0.0549554266 0.02006958053 1.574649692
v -0.06038301066 0.01978316531 1.574823141
v -0.05545732006 0.01952050999 1.575580716
v -0.05017032847 0.01822655275 1.578281045
v -0.05453530699 0.01700734347 1.579267383
v -0.05411070213 0.01710073091 1.579652429
v -0.05187182873 0.01692688838 1.580232859
v -0.04922239855 0.01697538421 1.579975247
v -0.05184170976 0.01661435701 1.580168009
v -0.05043283105 0.02827423811 1.566056013
v -0.0525454022 0.02595775202 1.567468643
v -0.04961167276 0.02701954171 1.5643785
v -0.05360901356 0.02509731427 1.568029642
v -0.05676923692 0.02325771376 1.570214748
v -0.05890338495 0.02429281175 1.570199251
v -0.05499221757 0.02321349084 1.569831014
v -0.05977442116 0.02356069162 1.570801377
v -0.05991360545 0.02336976491 1.571042895
v -0.05555443838 0.02181980945 1.571599841
v -0.05965974927 0.02240731567 1.572194338
v -0.05359990895 0.02176492102 1.571282148
v -0.05392414704 0.02162423544 1.571755528
v -0.05450261384 0.02146380953 1.572540879
v -0.05883659795 0.02146125957 1.573276639
v -0.05592180416 0.02110516094 1.573099136
v -0.05751657113 0.0208919812 1.573104858
v -0.05691920593 0.02041525207 1.573323607
v -0.0549535118 0.02079128101 1.57288301
v -0.0581147112 0.02089660987 1.574247956
v -0.05407063663 0.02049280889 1.573828816
v -0.06087085232 0.02070432715 1.574112892
v -0.05675558373 0.01999716461 1.574968457
v -0.06075990945 0.01982171088 1.57476294
v -0.05930717289 0.01950071752 1.574480772
v -0.05556794629 0.01968814805 1.575027466
v -0.05594985187 0.01961780526 1.57551074
v -0.05499184504 0.01940605231 1.575761199
v -0.05380735546 0.01919304021 1.576194763
v -0.05569823086 0.01807562262 1.577071667
v -0.05083924159 0.01737041585 1.578618169
v -0.05450408533 0.01728707179 1.578748941
v -0.05447402969 0.01642579213 1.579494476
v -0.04843266308 0.01702196151 1.579906225
v -0.05359894037 0.01615227945 1.580187678
v -0.05017329007 0.01672570407 1.580187798
v -0.05327784643 0.01595834456 1.580379486
v -0.05107977986 0.02697886899 1.566246271
v -0.05043080822 0.02694777399 1.565340281
v -0.0558135435 0.02346393093 1.569936275
v -0.05027806014 0.02547689527 1.565318704
v -0.05451653525 0.02333578654 1.56974113
v -0.05071882159 0.02533486113 1.566265345
v -0.05465034023 0.02270837873 1.570062637
v -0.06016726047 0.02248792164 1.571258307
v -0.05264483765 0.02256685123 1.569245458
v -0.05536160246 0.02160292119 1.572087526
v -0.05442005023 0.02130566537 1.57166338
v -0.05842972547 0.02155476063 1.572655797
v -0.05795408785 0.02138404734 1.573013544
v -0.05847135559 0.02106288262 1.573699713
v -0.0563037917 0.02122985199 1.573349833
v -0.0596517846 0.02136789635 1.573203564
v -0.05397643894 0.02051355131 1.573417664
v -0.05661335215 0.02000190318 1.574587226
v -0.05644388869 0.01981844753 1.575238228
v -0.05408558995 0.01909653656 1.575774789
v -0.05620962754 0.01822621748 1.576356173
v -0.0505175367 0.01851184294 1.576755166
v -0.05003929511 0.01833988167 1.577336788
v -0.05479147658 0.01772439294 1.577876925
v -0.05410934985 0.0174284596 1.57816124
v -0.04919250682 0.01767638884 1.578454971
v -0.05387519673 0.01710043848 1.578660965
v -0.05060119927 0.01735530421 1.578417778
v -0.05155688897 0.01729147881 1.579262257
v -0.04988633841 0.01694806665 1.57965219
v -0.05086950213 0.01682282239 1.579491258
v -0.04930479452 0.01691289432 1.579458475
v -0.04833900556 0.01646122709 1.58036077
v -0.04976511374 0.02753450722 1.564776063
v -0.05040546507 0.02649991959 1.565078616
v -0.04971088096 0.02654928714 1.564288735
v -0.05418295413 0.02463279478 1.568359613
v -0.05003637075 0.02539702132 1.564397931
v -0.05810202286 0.0240046382 1.569756985
v -0.05502900109 0.02374184132 1.569124103
v -0.05473963916 0.02306367643 1.569541454
v -0.05647941306 0.02335227281 1.570680618
v -0.05554628372 0.02296695486 1.569887996
v -0.05963025615 0.02337873727 1.570512414
v -0.05061028898 0.02451811358 1.565998554
v -0.05077287182 0.02377780527 1.566370726
v -0.05498056859 0.02253912576 1.5703578
v -0.05142255127 0.0234875083 1.567319989
v -0.05625059456 0.022214178 1.571205139
v -0.05506497249 0.02204614878 1.570479631
v -0.05339533836 0.02184797637 1.57094276
v -0.05545944348 0.02148674056 1.57233274
v -0.05393818766 0.02102785185 1.572256804
v -0.05647843331 0.02082670294 1.573527098
v -0.05471820384 0.02022351325 1.573108673
v -0.05983490497 0.02079772949 1.573437691
v -0.05851021037 0.02053306811 1.573621988
v -0.06069169194 0.02076692879 1.573689938
v -0.05766519159 0.02044119127 1.574514747
v -0.05716620758 0.0201590769 1.574628472
v -0.05594385415 0.01987643354 1.574613333
v -0.05782361701 0.01963791251 1.57498312
v -0.05478976294 0.01941359229 1.575468183
v -0.0570746623 0.01894294657 1.57541728
v -0.05329714715 0.01914431714 1.576387763
v -0.0526137203 0.01900807396 1.57638371
v -0.0567481555 0.0186676532 1.575950742
v -0.05226198956 0.01891201362 1.576291442
v -0.05139731616 0.01679266803 1.579398274
v -0.05162109807 0.0166349709 1.579748392
v -0.04808182269 0.01671859249 1.580155253
v -0.0494627282 0.01619306765 1.580429792
v -0.05845530331 0.02381198481 1.569738626
v -0.05888153613 0.02374162897 1.569881797
v -0.05443365872 0.0229761377 1.569172621
v -0.05421055481 0.0231032297 1.569332719
v -0.05377018452 0.02261674404 1.569057584
v -0.05983711034 0.0228781905 1.570691943
v -0.05209038407 0.02227691561 1.568441272
v -0.05500695482 0.02169181779 1.57068193
v -0.05553560331 0.0214236211 1.571434855
v -0.06001523882 0.02228422277 1.5716995
v -0.05428742245 0.02082130313 1.571689248
v -0.05430425331 0.0206922628 1.571917534
v -0.05442688242 0.02050528675 1.572284102
v -0.05487141758 0.02107262798 1.572686315
v -0.05886471644 0.02073528245 1.573441744
v -0.05604446679 0.02020810917 1.57378304
v -0.05560072511 0.02005362511 1.573667288
v -0.05640468001 0.02007991448 1.573763847
v -0.05488565937 0.02019401826 1.573872685
v -0.05457072333 0.02003704943 1.573551893
v -0.055310525 0.01963253319 1.574611425
v -0.05774827302 0.01990023069 1.574230552
v -0.0588658601 0.01954680495 1.574438691
v -0.05514516309 0.01954183355 1.574644089
v -0.05748286843 0.0194359906 1.574957609
v -0.05480337888 0.01937617362 1.574818134
v -0.06145754457 0.01974766329 1.574193835
v -0.0605571717 0.01882029139 1.574502707
v -0.05190279707 0.01881150901 1.576293588
v -0.05545024946 0.01762165129 1.576588988
v -0.05514611304 0.01759964973 1.57716012
v -0.0534129329 0.01718799025 1.577550769
v -0.05344570801 0.01726668514 1.57799685
v -0.04992791265 0.01763164066 1.578522682
v -0.05317953601 0.01707678847 1.578367233
v -0.04949653894 0.01699119061 1.579216242
v -0.05453259498 0.01655597053 1.578683496
v -0.05048398301 0.01694493741 1.57944417
v -0.05464379862 0.0164358113 1.579209685
v -0.05384581536 0.0161184147 1.579151154
v -0.05375755578 0.01611319371 1.579430938
v -0.04870816693 0.01633201353 1.579962254
v -0.0498643294 0.02611800283 1.56421721
v -0.05472343042 0.02448407188 1.568869591
v -0.05025276169 0.02494192123 1.565024972
v -0.05930899084 0.02336190268 1.570088267
v -0.05044713989 0.02425472438 1.565621614
v -0.05141191557 0.02285062894 1.567434669
v -0.05865550041 0.02124189213 1.572222948
v -0.05526387319 0.02117516659 1.572147727
v -0.05381765589 0.02064351924 1.571290612
v -0.05393094942 0.0206454061 1.572240353
v -0.05563981086 0.02036496811 1.573294759
v -0.0593852438 0.0208058767 1.573387742
v -0.05408335105 0.0200517457 1.573441744
v -0.05605629459 0.0199502185 1.574258208
v -0.06101539731 0.02036310174 1.57383883
v -0.05543550104 0.01974165067 1.574119806
v -0.05761238188 0.01959122531 1.574498773
v -0.06008587405 0.01933867857 1.57465589
v -0.05696781725 0.01915355958 1.574651957
v -0.05699445307 0.0189893432 1.574931979
v -0.05419627205 0.01886792295 1.575399041
v -0.05673195049 0.01851196773 1.575284481
v -0.05294552818 0.0184647236 1.575823426
v -0.05620088801 0.01809469238 1.576118708
v -0.05132410303 0.01865276136 1.576373696
v -0.05065334961 0.01837339997 1.575897813
v -0.04996867105 0.01838396117 1.576703906
v -0.0502871722 0.01708783954 1.578759313
v -0.05426532403 0.0161550343 1.578876615
v -0.04800234362 0.01663532294 1.579589128
v -0.05067138746 0.01664109714 1.579985142
v -0.05340539292 0.01602996886 1.579803824
v -0.05074821785 0.02619487047 1.565440536
v -0.05817773938 0.02369176224 1.569619656
v -0.05759774894 0.02377382107 1.569671869
v -0.05712514743 0.02385955863 1.570043325
v -0.05523768067 0.02327123284 1.569329619
v -0.05399383605 0.02308477089 1.568923712
v -0.05353850499 0.0230526831 1.568644047
v -0.05653966963 0.02267794684 1.570483446
v -0.05067851767 0.02296107262 1.566354036
v -0.0563557148 0.02278761938 1.570958376
v -0.05960660428 0.02290781587 1.57042253
v -0.05438594893 0.02241393365 1.569721818
v -0.05634813011 0.02225314826 1.570934772
v -0.05995800719 0.02226540819 1.57060194
v -0.05275030062 0.02187894657 1.569659591
v -0.05980163068 0.02185561322 1.571776032
v -0.05450328067 0.02118428797 1.571322203
v -0.05522172153 0.02135540918 1.571845174
v -0.05336810276 0.02084919624 1.570908904
v -0.05339870974 0.02121127583 1.571117282
v -0.05511955172 0.02072909847 1.572037101
v -0.05913995951 0.02133777738 1.573008418
v -0.05771488696 0.02060647123 1.57254982
v -0.05548568815 0.02041242272 1.572896004
v -0.05396068469 0.02036448009 1.572744012
v -0.05428944901 0.02007544413 1.572939396
v -0.05661251768 0.01997852698 1.573436618
v -0.05811451375 0.01992563903 1.573865533
v -0.05810241401 0.01962602325 1.574347138
v -0.06123975664 0.02014460601 1.574015617
v -0.05456279218 0.0189491827 1.574757814
v -0.05141087621 0.01858178899 1.575905442
v -0.05682079494 0.01857436821 1.575589776
v -0.05589933693 0.01803527027 1.576645136
v -0.04972360656 0.01828101836 1.576924205
v -0.05463686213 0.01730985381 1.577202201
v -0.04979532212 0.01795937493 1.57807374
v -0.05372737348 0.0166406855 1.578263283
v -0.04911038652 0.01698310673 1.578696251
v -0.04877280071 0.01693654992 1.579639912
v -0.05160799623 0.01611233875 1.580032945
v -0.05050523207 0.01620134339 1.579792023
v -0.0502338782 0.01628903672 1.580078244
v -0.05308495089 0.02496992238 1.567568421
v -0.05102423951 0.02551292069 1.565653563
v -0.05387860164 0.02381906286 1.567974687
v -0.05726505443 0.02332643047 1.569466352
v -0.0566470325 0.02213071659 1.570315242
v -0.05046031624 0.02371130139 1.56568861
v -0.05439038202 0.02208254114 1.569610238
v -0.05187977478 0.02186815999 1.568203092
v -0.06015293673 0.02192730643 1.570850015
v -0.0559098199 0.02173737623 1.57138741
v -0.06003476679 0.0216139257 1.571210861
v -0.05248249695 0.02157578617 1.569221139
v -0.0548924543 0.02121849358 1.570582747
v -0.05510094389 0.02063566446 1.571585894
v -0.05292117968 0.02116918191 1.570180416
v -0.05833949149 0.02108562551 1.572357297
v -0.05366032198 0.02111604996 1.571616054
v -0.05711966008 0.02021248452 1.572949886
v -0.05676040053 0.0194812119 1.574227095
v -0.05948831886 0.01925416477 1.574160695
v -0.06108937413 0.01954585314 1.573634505
v -0.05988339335 0.01904875599 1.574145675
v -0.05444941297 0.01858437806 1.575084567
v -0.06125210971 0.01925761625 1.574466586
v -0.05417176336 0.01830228418 1.575564384
v -0.05626797304 0.0181259308 1.575598478
v -0.05359812453 0.01872706227 1.57577908
v -0.05215037987 0.01852616854 1.575700045
v -0.04954201356 0.01795855351 1.576983094
v -0.04982545972 0.01817137189 1.577356577
v -0.05441967025 0.01748984121 1.577842236
v -0.04971081018 0.01714085415 1.578614354
v -0.05106981471 0.01621047035 1.579447269
v -0.04941305146 0.01626897603 1.579862356
v -0.05316867679 0.01596591994 1.57960093
v -0.0516141355 0.01633783244 1.580439687
v -0.05191654339 0.0251034312 1.566640496
v -0.05119568855 0.02502658218 1.565860868
v -0.05208953843 0.02450331487 1.566870689
v -0.05036474019 0.02475919947 1.564560533
v -0.05008815601 0.02551311441 1.564243197
v -0.05267518386 0.02398587391 1.567415595
v -0.05453326926 0.02386504784 1.568567038
v -0.05015408993 0.02503829077 1.564655423
v -0.05325652286 0.02329493314 1.568184257
v -0.05422195792 0.02305113152 1.568646312
v -0.05301163718 0.02287765592 1.568182826
v -0.05938024446 0.02268950827 1.570013165
v -0.05291868001 0.02245504409 1.568261623
v -0.05959276482 0.02230530418 1.570115924
v -0.05473747104 0.02163499594 1.569828987
v -0.05506149307 0.02042472735 1.571765661
v -0.05616092309 0.01946704835 1.572974682
v -0.05931429192 0.01984567381 1.573331594
v -0.05839575082 0.01983024739 1.573540568
v -0.05612464622 0.01936599799 1.573659778
v -0.06098717079 0.01978677325 1.573441863
v -0.05526079983 0.01930182055 1.573984861
v -0.05654110387 0.01917731762 1.574339747
v -0.06132303923 0.01927799545 1.574045062
v -0.05597502738 0.01790822856 1.575871468
v -0.04985523969 0.01816141978 1.576049805
v -0.05563719943 0.01768812537 1.576261759
v -0.05408445373 0.01706822403 1.57722342
v -0.05354262143 0.01709462889 1.577069879
v -0.05284875259 0.01713546552 1.577607155
v -0.05008106306 0.01762606949 1.577622175
v -0.05229373649 0.01698059961 1.577755809
v -0.04973616824 0.01718247682 1.578000903
v -0.05406649783 0.01641125232 1.578335285
v -0.05017156526 0.01611436531 1.579542279
v -0.05312746018 0.01570466347 1.579880595
v -0.05317089707 0.0158073958 1.580249786
v -0.05211881176 0.02534689941 1.566849232
v -0.05269056186 0.02420963719 1.567265153
v -0.0508383289 0.02459876239 1.565279961
v -0.0540189296 0.02339262329 1.568178058
v -0.0513048023 0.02426226996 1.565987587
v -0.05805074796 0.02297024056 1.569287181
v -0.05416663736 0.02315104753 1.568459272
v -0.05065404996 0.02391184866 1.5655756
v -0.05244561285 0.0232643187 1.567424059
v -0.05083601177 0.02360216528 1.565957665
v -0.05125478283 0.0223473832 1.567110896
v -0.0564648509 0.021875415 1.570580244
v -0.05105633661 0.02255868539 1.567030549
v -0.0554975085 0.02102812566 1.571280122
v -0.0597281307 0.02131392993 1.571368694
v -0.05288719386 0.0207647942 1.570050359
v -0.05402068794 0.02044638433 1.570957184
v -0.05770293251 0.02046735771 1.572344422
v -0.05542175099 0.02006131969 1.572978854
v -0.05983809382 0.02032979392 1.573335886
v -0.06058192998 0.01999454759 1.573240995
v -0.05545789748 0.01933635212 1.573641777
v -0.05857051164 0.0194884669 1.573773384
v -0.05577362329 0.01902782731 1.574085832
v -0.05626813322 0.01873562671 1.574656487
v -0.05445780233 0.01827349141 1.57529521
v -0.05435715616 0.01800639369 1.575518727
v -0.05271422863 0.01817608066 1.575782895
v -0.05497059971 0.01733367704 1.576287389
v -0.04919978604 0.0177212283 1.57613194
v -0.04951088503 0.01715115085 1.577948332
v -0.04884573072 0.0163656082 1.579367995
v -0.04921201989 0.01611129194 1.579379678
v -0.05243592709 0.01550186612 1.58020103
v -0.05333830416 0.02429287881 1.567599058
v -0.05310444161 0.02376985364 1.567633152
v -0.05045073852 0.02424304187 1.564812899
v -0.05028085038 0.02442985773 1.564694643
v -0.05162816122 0.0232424438 1.566651821
v -0.05873763189 0.0231657289 1.569592953
v -0.05942903087 0.02217192017 1.569584012
v -0.05344472826 0.02190184779 1.568862796
v -0.05633915961 0.02151319571 1.570754766
v -0.05987815559 0.02219547331 1.570469499
v -0.05612447858 0.02130890451 1.571028113
v -0.05212507397 0.02134794556 1.568674564
v -0.05573809147 0.02089194395 1.571097612
v -0.05450123176 0.02047434449 1.570485115
v -0.05921283364 0.02108117938 1.571663857
v -0.05721504986 0.01999761723 1.572444797
v -0.05678887293 0.01976948604 1.572815061
v -0.05584444478 0.01932191476 1.57349503
v -0.05897869542 0.01961954311 1.573417068
v -0.05900482833 0.0193740055 1.574011087
v -0.05507138371 0.01886259951 1.574340105
v -0.05550644919 0.01855562814 1.574570656
v -0.06094461679 0.01864642091 1.574077368
v -0.05641211942 0.01859716885 1.574847698
v -0.05604233593 0.01820123009 1.57511282
v -0.04935799539 0.01783411019 1.575608253
v -0.05374053866 0.01705740951 1.576787114
v -0.05272807181 0.01710190997 1.576604247
v -0.04976901785 0.01733392105 1.576902628
v -0.05441847816 0.01707584783 1.576659918
v -0.04996010289 0.01738323271 1.577315927
v -0.05271444842 0.01688002795 1.578043222
v -0.05113366619 0.01675632223 1.577905893
v -0.05331803113 0.01652545296 1.578141928
v -0.05062758178 0.01637148857 1.578020811
v -0.05269127712 0.01604569331 1.57852447
v -0.05244848132 0.01569333486 1.579438925
v -0.05011225864 0.01596223004 1.578786969
v -0.05754693598 0.02318235673 1.569233775
v -0.05074163526 0.02374200709 1.565518737
v -0.05878833309 0.02254706807 1.569462895
v -0.05140877888 0.02307711728 1.566718221
v -0.0522993207 0.02259644866 1.567668438
v -0.05103792995 0.02318374626 1.566396594
v -0.05233881623 0.02191020362 1.568030715
v -0.06004897505 0.02172779664 1.570640802
v -0.05491108447 0.02099520713 1.570201993
v -0.05145429075 0.02209776826 1.567443252
v -0.0547982268 0.02079124749 1.570412517
v -0.05241886154 0.02068235353 1.569385171
v -0.055424463 0.01948669739 1.57344985
v -0.0597881265 0.01971804351 1.573297858
v -0.06054456159 0.01931987517 1.573208451
v -0.05282710865 0.01880865358 1.573780179
v -0.05258652195 0.01873784885 1.573979139
v -0.05483428389 0.01856355928 1.574706316
v -0.05287868902 0.01856588759 1.574435949
v -0.05577217415 0.01835245267 1.574813247
v -0.05195223168 0.01825672388 1.574615479
v -0.05279055983 0.01832825132 1.57469821
v -0.05297572538 0.01808123849 1.575025439
v -0.05163813382 0.01819770783 1.575325966
v -0.05305632204 0.01792799868 1.575501084
v -0.04983839393 0.01805294491 1.575644374
v -0.05531047285 0.0175833106 1.575757384
v -0.05344301835 0.01733509824 1.575852633
v -0.05353130028 0.01800499298 1.576001883
v -0.05367675424 0.01717185229 1.576549768
v -0.05210891366 0.01690811478 1.577280998
v -0.05152542517 0.01686985232 1.577634931
v -0.05217706785 0.01655782573 1.578113198
v -0.05176292732 0.01644587703 1.57844162
v -0.05291057751 0.01616989262 1.57832408
v -0.04856929183 0.01667978615 1.578366637
v -0.05382748321 0.01622751914 1.578511596
v -0.05309977755 0.01605828851 1.579229355
v -0.05173876137 0.01595751569 1.57930994
v -0.0519935973 0.01580104232 1.579785585
v -0.05126037076 0.02363250405 1.566042423
v -0.05693544075 0.02273577638 1.569351077
v -0.05693297461 0.02296052501 1.569543004
v -0.05685787648 0.02250642702 1.56981051
v -0.05659877881 0.02159646712 1.570380926
v -0.0541655831 0.0219082199 1.569378614
v -0.05638816208 0.02117704786 1.570576072
v -0.05977477133 0.02122681588 1.571068287
v -0.05358791724 0.02048253827 1.570821285
v -0.05764065683 0.02004190534 1.571889162
v -0.05515317619 0.02011565492 1.572020292
v -0.05535974354 0.02021548897 1.572642326
v -0.05557744205 0.01953396946 1.572817802
v -0.05286541209 0.01894506253 1.573223829
v -0.05965614691 0.01915469393 1.573844552
v -0.05250068381 0.01885784976 1.573215485
v -0.0536271967 0.01876011863 1.573670864
v -0.06083980203 0.01927324198 1.573486567
v -0.06044659764 0.01879031025 1.573771477
v -0.06029826403 0.01873387769 1.574187279
v -0.05200941488 0.01853376627 1.574006319
v -0.05335057899 0.01867778227 1.574118614
v -0.05504248291 0.01811050251 1.574967742
v -0.05549375713 0.01772074401 1.575601459
v -0.05110111833 0.01821174659 1.575323582
v -0.05486699566 0.01793039404 1.57520771
v -0.05017156526 0.01800943166 1.57520175
v -0.05340504274 0.01757083833 1.576298356
v -0.04953228682 0.01723628305 1.576310396
v -0.05230079219 0.01676509157 1.576955557
v -0.04955952987 0.01702089235 1.577371836
v -0.0486812219 0.01614213176 1.578644753
v -0.0516317524 0.0161877498 1.578855276
v -0.04875398427 0.01665290445 1.579050899
v -0.05032287166 0.01603647694 1.57882154
v -0.05264330283 0.01584433205 1.579098821
v -0.05702220276 0.02274347097 1.568924069
v -0.05851081014 0.02222028561 1.569418907
v -0.05713462457 0.02206068113 1.569727063
v -0.05441080034 0.02139062062 1.569431543
v -0.05662057549 0.02109796181 1.570360422
v -0.05457134172 0.02038804069 1.570042014
v -0.05114533752 0.02113266848 1.56773901
v -0.05031914636 0.0211444553 1.566951871
v -0.05943179503 0.02088952065 1.571058273
v -0.05524425209 0.02021729387 1.571336985
v -0.05199594796 0.02091841772 1.568745255
v -0.05103102326 0.02078873478 1.567922711
v -0.050371591 0.02039667964 1.567532063
v -0.05405234173 0.02019212581 1.570555925
v -0.05384598672 0.0198081024 1.570313811
v -0.05517599732 0.02004799619 1.57161808
v -0.05737243965 0.01985391043 1.572021842
v -0.05654506013 0.01950251125 1.572509408
v -0.0558404997 0.0194480326 1.572816372
v -0.0528244935 0.01899224147 1.572765231
v -0.06017091125 0.01904902793 1.573505282
v -0.05388829485 0.01812289283 1.574203491
v -0.05165204406 0.01835993491 1.573951364
v -0.05162371323 0.0181746576 1.574490786
v -0.05359859765 0.01803176105 1.574612975
v -0.05355335772 0.01766262203 1.575540185
v -0.05132406577 0.01800228283 1.574920535
v -0.05034092441 0.01816337928 1.57549715
v -0.05427248031 0.01753832586 1.575768828
v -0.05479632318 0.01751490124 1.575618267
v -0.05445402861 0.01717621647 1.576181412
v -0.05300399661 0.01711784489 1.576237798
v -0.05244806781 0.01647990942 1.576594353
v -0.05091678351 0.01681083255 1.577510834
v -0.04866982624 0.01683729701 1.577899933
v -0.05210742727 0.01615328528 1.578275204
v -0.04853444919 0.01661767811 1.578002334
v -0.05039635673 0.01606062986 1.578379631
v -0.04933634028 0.0159383025 1.579087973
v -0.05740977079 0.02214906178 1.569077492
v -0.05794600397 0.0224950444 1.56920135
v -0.05760399997 0.0220802594 1.56949985
v -0.05898290873 0.02224896103 1.569430828
v -0.05976671353 0.02189931273 1.569970846
v -0.05291272327 0.02156714536 1.568428516
v -0.0546901226 0.02103983052 1.569679379
v -0.05629474297 0.02061983198 1.570638537
v -0.0557510443 0.02016667649 1.571002245
v -0.05115900561 0.02019267902 1.568423986
v -0.05211192369 0.02008985355 1.569234848
v -0.05551773682 0.01993035153 1.571279645
v -0.05339930207 0.01993465796 1.570243239
v -0.05322992057 0.01891701296 1.572536588
v -0.05353060365 0.01886549033 1.573082328
v -0.05199036002 0.01859398 1.573543549
v -0.05103803799 0.01768977009 1.574311972
v -0.05010957271 0.01704137027 1.576937318
v -0.05150294304 0.01672720164 1.577244282
v -0.05079708248 0.01666588709 1.576956153
v -0.05186315998 0.01608445309 1.578531504
v -0.05753172189 0.02276700363 1.568665504
v -0.05726494268 0.02159160748 1.569956899
v -0.05365287513 0.0207910873 1.568921447
v -0.05252715573 0.0214947667 1.56803751
v -0.05213400722 0.02157550678 1.567959428
v -0.05157614127 0.02146087214 1.567513585
v -0.05154810101 0.02129777148 1.567866206
v -0.05019490048 0.02134564705 1.566552281
v -0.05993374065 0.0214781221 1.570532084
v -0.05180442333 0.01940967143 1.5690943
v -0.05553171039 0.01956939511 1.572076559
v -0.05441085249 0.01873455383 1.572935224
v -0.05239405483 0.01865310036 1.572433352
v -0.0542467162 0.01865948364 1.573463082
v -0.05431445315 0.01824087836 1.573762536
v -0.0538687259 0.01785036363 1.574148536
v -0.05363691971 0.01783611067 1.574969888
v -0.053284958 0.01689552329 1.575958252
v -0.04965821281 0.01708724163 1.575996876
v -0.0501165539 0.01694172435 1.576622963
v -0.0506131053 0.01659031957 1.576588511
v -0.05057041347 0.01668282226 1.577673316
v -0.05034475774 0.01607297547 1.577894449
v -0.05804782733 0.02167627588 1.569607258
v -0.05161881819 0.02195204236 1.567096949
v -0.05745789781 0.02183064632 1.56975925
v -0.05743252486 0.02130799368 1.569961667
v -0.05337950587 0.0213272851 1.568766713
v -0.05681227893 0.02055973746 1.570320129
v -0.05098739639 0.02134376392 1.567163825
v -0.05596376956 0.02049218863 1.570868492
v -0.04992937669 0.02111577988 1.566542983
v -0.05276998505 0.02023517899 1.569775939
v -0.05893597007 0.02062918805 1.571339488
v -0.0582771115 0.02043829672 1.571694255
v -0.05744526908 0.01962693594 1.571743011
v -0.05675765127 0.01952774636 1.572318792
v -0.05396373942 0.0187794771 1.572999477
v -0.05253557116 0.01857968047 1.572244644
v -0.05393609405 0.01738319546 1.574785829
v -0.05394509062 0.01697116531 1.574760675
v -0.05132404715 0.01641572267 1.57687974
v -0.04926858097 0.01652211696 1.577244759
v -0.0487960726 0.01618783176 1.577889919
v -0.04898383468 0.01600905135 1.578246236
v -0.05769815668 0.0223495625 1.56833601
v -0.05742387474 0.02201868966 1.56880188
v -0.05174766481 0.02191852406 1.567098141
v -0.05124117807 0.02182231285 1.566949368
v -0.05785645545 0.02115439624 1.569828153
v -0.05973163992 0.02175995708 1.569511652
v -0.04997479543 0.02123470046 1.565999746
v -0.05722702295 0.02096057869 1.570094228
v -0.05453302711 0.02082226239 1.569532394
v -0.05109295994 0.02155625448 1.567001939
v -0.05435980484 0.02049802803 1.569440484
v -0.05982685834 0.02143681049 1.569948196
v -0.04920741543 0.02094748616 1.565655828
v -0.05420671031 0.02008243464 1.570290923
v -0.04994739965 0.02027266473 1.567153931
v -0.05548191816 0.01962107047 1.571759343
v -0.05381602049 0.01874366589 1.572525382
v -0.05337552726 0.01861012541 1.572182536
v -0.05424915627 0.01796357706 1.573713422
v -0.04962107912 0.017850006 1.575183749
v -0.05364894494 0.01727198064 1.575696826
v -0.0491281189 0.01758840494 1.575229168
v -0.0490145199 0.0174189005 1.575582147
v -0.05283713713 0.01652216911 1.576211214
v -0.05183087289 0.01631114446 1.576791286
v -0.04927559197 0.01636081003 1.577308297
v -0.0499548912 0.01632168144 1.577455878
v -0.0496872887 0.01583447121 1.578383803
v -0.05944392458 0.02185627259 1.56931746
v -0.05281310901 0.02077776007 1.568269491
v -0.05659985542 0.02014442161 1.570540309
v -0.05230404437 0.01941148192 1.569248438
v -0.05591166019 0.01972291619 1.571146011
v -0.05131177232 0.01943388954 1.568911672
v -0.05464998633 0.01859634928 1.573078156
v -0.05475934595 0.01807904989 1.572882771
v -0.05463489518 0.01836905442 1.573329806
v -0.05141627043 0.01823232695 1.573331237
v -0.05060391873 0.01783819497 1.574898362
v -0.05383137614 0.01679985039 1.575053453
v -0.05341954157 0.01658900455 1.575477958
v -0.05035487562 0.01678126305 1.576002717
v -0.0574933961 0.02192801237 1.568544269
v -0.05142368376 0.02209422737 1.566644669
v -0.05238251388 0.02136394382 1.567706227
v -0.05735421553 0.02069732733 1.570083976
v -0.05313817039 0.02076130547 1.568579197
v -0.05410085991 0.01975041442 1.569924116
v -0.05899835005 0.0203380622 1.570922136
v -0.05831516534 0.02006245591 1.571348071
v -0.04993353039 0.01982726529 1.567424536
v -0.04958345369 0.01896410063 1.567710638
v -0.05680575967 0.01940146461 1.572019219
v -0.05481474847 0.01848524064 1.572345018
v -0.04953452945 0.0172515735 1.574908972
v -0.0496029295 0.01609210856 1.577478409
v -0.04930283874 0.01590582356 1.577936172
v -0.05710366741 0.02263234556 1.568348527
v -0.0567853637 0.02220904455 1.568325758
v -0.05732171237 0.02188975923 1.568106413
v -0.05854196846 0.0213738326 1.569461107
v -0.0581853874 0.02118689939 1.569689631
v -0.05794202909 0.0205270052 1.569927454
v -0.05950997025 0.02103990689 1.569774032
v -0.05640719086 0.01992410608 1.570750117
v -0.05942325294 0.02079579607 1.570382357
v -0.0489153266 0.02053769119 1.565513492
v -0.05332395062 0.01946888678 1.57007885
v -0.05294354632 0.01918545738 1.569658875
v -0.05091011897 0.01914107054 1.568836927
v -0.05708409846 0.01944371685 1.571849346
v -0.05630098656 0.01928129606 1.571520567
v -0.05480657145 0.01813006774 1.572528839
v -0.05102570727 0.01785051078 1.572973847
v -0.05362316221 0.0172740221 1.573890328
v -0.05374515429 0.01734682545 1.574284434
v -0.05014170706 0.01720483042 1.57485652
v -0.05308441073 0.01640125923 1.575569153
v -0.04980804026 0.01700585522 1.575325966
v -0.05093662441 0.01628723368 1.576409101
v -0.05184384063 0.02161228284 1.566999912
v -0.05014448613 0.02184938081 1.565499902
v -0.05009980127 0.02151214518 1.565866113
v -0.0594176352 0.02113979682 1.569385648
v -0.0492882207 0.02075844444 1.565549612
v -0.05700757727 0.0204141736 1.570262909
v -0.05919476971 0.02015965246 1.570366979
v -0.05894222483 0.02006141096 1.570849895
v -0.05378746614 0.01936418191 1.569981694
v -0.05851309747 0.01980898716 1.571144938
v -0.0582251884 0.01950587891 1.571242332
v -0.05731358752 0.0193477571 1.571451545
v -0.05662298948 0.01931983978 1.571323872
v -0.05039239302 0.01928199269 1.568316221
v -0.05416505784 0.01871965267 1.572209716
v -0.05300779641 0.0183143504 1.571873665
v -0.05181091279 0.01814273559 1.572563887
v -0.05442930758 0.01774355024 1.573133349
v -0.05097020417 0.0177548416 1.573582411
v -0.05372145399 0.01695919037 1.574313521
v -0.05006745085 0.01698015444 1.575190306
v -0.05094224215 0.02217347175 1.566047549
v -0.05018066987 0.0211854279 1.565807462
v -0.05068989098 0.02208956145 1.566191554
v -0.05905970559 0.02095193788 1.569595456
v -0.05839363858 0.02067770623 1.569804788
v -0.04989380389 0.02046697959 1.566020727
v -0.05258342251 0.02019540034 1.568254709
v -0.05928647891 0.02080636472 1.569947004
v -0.05393448845 0.01990345493 1.569254756
v -0.04891004041 0.01982334442 1.566166997
v -0.05643924326 0.01948672347 1.571088314
v -0.04921257123 0.01933231018 1.566953897
v -0.04911676049 0.01880370453 1.567282438
v -0.05085482448 0.01894040406 1.568929315
v -0.05414631218 0.0185601525 1.571440339
v -0.05366685241 0.01841415837 1.571329951
v -0.05136905983 0.01795528084 1.572610736
v -0.05430024862 0.01781909913 1.573509097
v -0.0509733595 0.01757105999 1.573962212
v -0.05073927715 0.01731917821 1.574613333
v -0.05335151404 0.01646577008 1.574970722
v -0.05240250751 0.01596361585 1.575614691
v -0.05223606527 0.01615001261 1.576311231
v -0.05020803213 0.02172960155 1.565490007
v -0.04968186468 0.02106871083 1.56581223
v -0.05350250006 0.02014168724 1.568892717
v -0.05726147816 0.0200699605 1.570286155
v -0.04921842739 0.02000276186 1.565695763
v -0.05697909743 0.01971598901 1.570653558
v -0.05737239495 0.01929672249 1.571044564
v -0.05192691088 0.01921941154 1.569055438
v -0.05478830636 0.0181365218 1.572243094
v -0.05238628387 0.01802443713 1.5721066
v -0.05450700969 0.01768907718 1.572570562
v -0.0540589802 0.01740404777 1.573014259
v -0.05356471613 0.01718118601 1.573348284
v -0.05345288664 0.0166726727 1.574259043
v -0.05107337236 0.01599693485 1.576254606
v -0.05109374225 0.02160942368 1.56628859
v -0.05008530617 0.02087261528 1.565978765
v -0.05186060444 0.02078532428 1.567275643
v -0.05855054036 0.02028130181 1.569727778
v -0.04940385744 0.02042351104 1.565681577
v -0.04870360345 0.02006550133 1.565441966
v -0.04877283052 0.01942314766 1.566274047
v -0.05699654669 0.01945450343 1.570949554
v -0.05904425308 0.019498704 1.570909142
v -0.05820738152 0.01925100014 1.571163774
v -0.05479573458 0.01888440922 1.570787787
v -0.05437122285 0.01865566894 1.571210742
v -0.0514093861 0.01889061928 1.569109917
v -0.04973959178 0.01848508604 1.568355918
v -0.05458949879 0.01857821271 1.571473598
v -0.05449934304 0.01862453669 1.571962714
v -0.05174284056 0.01784897223 1.572356462
v -0.05089822039 0.01763986237 1.572672844
v -0.05078710616 0.01753565297 1.573041797
v -0.05079042166 0.01614580676 1.575927496
v -0.05052410811 0.02102825604 1.566049218
v -0.05085195228 0.02053271234 1.566568851
v -0.05249094218 0.01970411837 1.568460226
v -0.05931893364 0.01989247836 1.569922566
v -0.05740791187 0.01965550333 1.570475936
v -0.05329141766 0.01969914325 1.568939686
v -0.05332386494 0.01924345456 1.569250107
v -0.05238949135 0.01926209033 1.568969488
v -0.05361121148 0.01918138005 1.569559455
v -0.05448283628 0.01857907884 1.570412755
v -0.05502468348 0.01863300055 1.571065545
v -0.05098483711 0.01832043938 1.569190621
v -0.05010485277 0.01847408153 1.568736315
v -0.05487090349 0.01812545583 1.57136941
v -0.05486577004 0.01821710542 1.571686745
v -0.0530634895 0.01822132245 1.571591139
v -0.05086892098 0.01710004546 1.572841167
v -0.05096833035 0.01693173684 1.573996663
v -0.05299624056 0.01632651128 1.574514985
v -0.05075435713 0.01665928401 1.574670315
v -0.05304132774 0.01633061469 1.575235486
v -0.05072790757 0.01634280756 1.575472832
v -0.0511812903 0.02093371563 1.566621184
v -0.05806140229 0.02002161741 1.569797873
v -0.05192880705 0.02009046264 1.567693949
v -0.05106400326 0.01907448284 1.567737103
v -0.05928550661 0.01972878911 1.570537925
v -0.05284379423 0.01918649115 1.569215298
v -0.05202528834 0.01919930242 1.568566918
v -0.04855268076 0.01873288862 1.566524386
v -0.05935275182 0.01941039041 1.570764303
v -0.05141801015 0.0186492689 1.569108248
v -0.05441464856 0.01830929145 1.570493102
v -0.05389569327 0.01838806272 1.570735097
v -0.0493048504 0.01780187152 1.568329096
v -0.04963899404 0.01768822595 1.568515301
v -0.05328452587 0.01808463782 1.571036816
v -0.05453088507 0.01770870574 1.571790457
v -0.05258760974 0.01785359532 1.57166028
v -0.0537080355 0.01713885367 1.572785497
v -0.05329201743 0.01678130776 1.57388103
v -0.05294764414 0.01655503735 1.573823929
v -0.052718658 0.01615661569 1.575081348
v -0.05213579908 0.01578418538 1.575157166
v -0.05111279711 0.02015870437 1.566997051
v -0.04990234971 0.01977151446 1.566331267
v -0.05917230248 0.02007875778 1.569843173
v -0.05761357397 0.01980484836 1.570191622
v -0.05214705691 0.01968751475 1.568157554
v -0.05128028244 0.01958179474 1.567468882
v -0.05782010034 0.01916299388 1.570782781
v -0.059351556 0.01900268532 1.57022965
v -0.05874463916 0.01886448264 1.570907831
v -0.04877693579 0.01789421029 1.567344308
v -0.05227236822 0.01765441708 1.572042704
v -0.05411328748 0.01732707396 1.572133303
v -0.05131481588 0.01740576699 1.572330952
v -0.05304530263 0.01678041182 1.573568702
v -0.0509531945 0.01603221521 1.574553847
v -0.05068643391 0.01640691981 1.575251818
v -0.05189636722 0.01572669297 1.575646043
v -0.04879471287 0.01918349415 1.565872312
v -0.05931485072 0.01945536397 1.570092678
v -0.04852936044 0.01824713312 1.566738129
v -0.05156281963 0.01873193681 1.568836451
v -0.05408283323 0.01839417964 1.570572376
v -0.05965344235 0.0192529317 1.570563078
v -0.05472921953 0.01816029474 1.570827246
v -0.05288096145 0.01752908528 1.571104407
v -0.05255556479 0.01748013869 1.571417689
v -0.05395173654 0.01719980873 1.571825385
v -0.05242881924 0.01704440825 1.572003007
v -0.05190370604 0.01751694269 1.572233915
v -0.0515595153 0.01690437272 1.572762609
v -0.05139201507 0.01675858535 1.573211312
v -0.05272800103 0.01634038426 1.573950648
v -0.05029437318 0.01914835162 1.567088366
v -0.05840009451 0.01918729581 1.570113659
v -0.04952725768 0.0191697944 1.566442847
v -0.0582937412 0.01901230589 1.570569634
v -0.04944695905 0.01840404235 1.567034364
v -0.05960141122 0.01885242015 1.570232272
v -0.05865349248 0.01879922487 1.570582628
v -0.05094253644 0.01829984598 1.568600178
v -0.05461997911 0.01795329712 1.571080685
v -0.05425880477 0.01742929406 1.571290493
v -0.05267644301 0.01723408513 1.571309447
v -0.05350434408 0.01700337604 1.572362542
v -0.05284311995 0.01685799658 1.572835326
v -0.05222511664 0.0168793425 1.572724462
v -0.05250881612 0.01682939939 1.572879553
v -0.05182642117 0.0165939182 1.573354483
v -0.05097394437 0.01698659547 1.573441625
v -0.05086296797 0.01654211991 1.574317336
v -0.0509602949 0.01581426151 1.575564623
v -0.0592078194 0.01991442405 1.569478393
v -0.05897246301 0.01925561205 1.569645405
v -0.05064707622 0.01875989698 1.567691684
v -0.05024209619 0.01861857623 1.567490339
v -0.04887542874 0.01851777174 1.566492558
v -0.04997360706 0.01815402135 1.56776166
v -0.0537808612 0.01798544638 1.570744038
v -0.05297518894 0.01687934622 1.572299838
v -0.05204694346 0.01631907746 1.573661923
v -0.05262696743 0.01612567529 1.57462728
v -0.05195600912 0.01611500978 1.573922276
v -0.05184521526 0.01587038301 1.574460864
v -0.05138715357 0.01571233757 1.575145602
v -0.05788863823 0.01954722218 1.569973946
v -0.05937199295 0.01973265223 1.569536567
v -0.05781073496 0.01938273199 1.570342422
v -0.04931818321 0.01776878349 1.567822099
v -0.05933586508 0.01872478798 1.570777297
v -0.05021521822 0.01783769764 1.568771124
v -0.05239409208 0.0173174832 1.57171607
v -0.05120109022 0.01644888707 1.573891997
v -0.05180857331 0.01575288922 1.574779868
v -0.05915208906 0.01973680407 1.569107056
v -0.05824118108 0.01954391412 1.569428802
v -0.0541023314 0.01758418418 1.570931077
v -0.05343621969 0.01698609255 1.571749926
v -0.05295574665 0.01696266606 1.571628094
v -0.05873332545 0.01924796589 1.56918323
v -0.05852542818 0.01919998042 1.569572091
v -0.05911327153 0.01874342375 1.570290685
v -0.05324789509 0.01745651849 1.570898175
v -0.05399415642 0.01718168519 1.571431398
v -0.05371874943 0.01705124602 1.571299076
v -0.05922584608 0.0193531774 1.569138885
v -0.05328010768 0.01706979237 1.571095109
v -0.05350494757 0.01730756462 1.570774317
v -0.05400554836 0.01718950272 1.57091248
v -0.02966524102 0.01179318037 1.584015965
v -0.03059894778 0.01156430691 1.584196925
v -0.03209077567 0.01134226564 1.584438205
v -0.03127080947 0.01133934874 1.58444488
v -0.03053852357 0.01106457692 1.584659934
v -0.03251259029 0.01082638651 1.584843993
v -0.03148529679 0.01081764139 1.584834337
v -0.02984886058 0.01187938359 1.58334744
v -0.03106477298 0.01178114861 1.583416104
v -0.03349915147 0.01154079475 1.584132314
v -0.03409545869 0.01153289992 1.583828688
v -0.02949059196 0.01069889218 1.584708214
v -0.03141909838 0.01008689217 1.585024714
v -0.03342227638 0.01082600374 1.584840298
v -0.03222672641 0.01164946426 1.584042072
v -0.03382385895 0.01095905155 1.584731698
v -0.0347495079 0.01067767665 1.58466804
v -0.02911357209 0.01031830534 1.584799409
v -0.03272339702 0.01176774781 1.583628893
v -0.03528933972 0.01005856507 1.584778428
v -0.029008938 0.009204998612 1.584712863
v -0.02877163328 0.009730057791 1.58482039
v -0.03033648804 0.01020922605 1.584924102
v -0.03411188722 0.00981378369 1.585007787
v -0.03317713737 0.009648540989 1.585056901
v -0.03499441966 0.01109013148 1.583606362
v -0.03250683844 0.009867707267 1.585057497
v -0.03266973048 0.0117373215 1.58313632
v -0.03383614123 0.01161882468 1.583256364
v -0.03424976766 0.01143480279 1.583048701
v -0.0346374698 0.009992179461 1.584924817
v -0.03164502233 0.008987793699 1.584545851
v -0.03507438302 0.01083900593 1.58434689
v -0.03355070576 0.00911838375 1.584519267
v -0.02982855961 0.009341108613 1.584858418
v -0.03482652828 0.01119475067 1.583288074
v -0.03528207168 0.0101997694 1.583681941
v -0.03549518809 0.009780892171 1.584158063
v -0.03118422814 0.009180605412 1.584811807
v -0.03049796447 0.008957173675 1.584501386
v -0.03190656006 0.01144023985 1.582380176
v -0.03130237013 0.01169703715 1.58291328
v -0.03267861158 0.01141374186 1.582400799
v -0.03407830745 0.00934949331 1.584192038
v -0.0302962251 0.01128256228 1.582194567
v -0.02937197685 0.01160564832 1.582564831
v -0.03400161117 0.01126107853 1.582388759
v -0.02932359837 0.01079985965 1.581874609
v -0.034803316 0.0110006649 1.582495689
v -0.03531470895 0.01061478909 1.582868814
v -0.03510077298 0.009587978944 1.58416307
v -0.03404258937 0.009422144853 1.583390594
v -0.03123206086 0.01082787383 1.581858158
v -0.03421109915 0.01058160886 1.58180809
v -0.03511499986 0.01054070145 1.581927299
v -0.03572292626 0.009700970724 1.582786322
v -0.03357740492 0.01110513043 1.582010031
v -0.0347193107 0.009608148597 1.583218455
v -0.03305976465 0.01026629843 1.581477165
v -0.03196881711 0.01105309557 1.581938982
v -0.03564132005 0.01042450964 1.582172513
v -0.03589859605 0.0101987822 1.582438946
v -0.0304414276 0.0108089447 1.58188796
v -0.03352980316 0.01003628038 1.581449747
v -0.03511153534 0.009982464835 1.581475496
v -0.03622419015 0.009715135209 1.582200527
v -0.03440356255 0.009284707718 1.583020926
v -0.03236771002 0.01011902466 1.581478834
v -0.03521804139 0.009352205321 1.582867742
v -0.03609292209 0.009353439324 1.582263589
v -0.03439613804 0.01021596603 1.58167696
v -0.03548932076 0.009897878394 1.581413031
v -0.03391954303 0.009424272925 1.581575513
v -0.03526126593 0.008824553341 1.582579494
v -0.03550117835 0.009091550484 1.581211209
v -0.03558338061 0.008591284044 1.581671834
v -0.03490614519 0.009491072968 1.581197143
v -0.03483802825 0.008502662182 1.581882834
v -0.03519402444 0.008477629162 1.581518292
v -0.02453952841 -0.004015869461 1.575143337
v -0.02473732457 -0.003650718369 1.575034022
v -0.02079012059 -0.004600398242 1.572893381
v -0.02103779651 -0.004555611871 1.573277712
v -0.02127057873 -0.004508003592 1.573352575
v -0.02096487954 -0.004575621337 1.573518872
v -0.02010859177 -0.004745175131 1.572954297
v -0.01985313371 -0.004793915898 1.572690248
v -0.02030561678 -0.00470365677 1.572954059
v -0.02040636167 -0.004695788026 1.573647857
v -0.0322098881 0.004413811956 1.572959423
v -0.0326791741 0.004576949868 1.573237896
v -0.01831153408 -0.00533068087 1.572450519
v -0.01819238998 -0.005104810931 1.57255137
v -0.02641924657 0.001615602523 1.577983499
v -0.02662791312 0.001923027448 1.577880144
v -0.02940760925 0.01194810588 1.583604336
v -0.02915880084 0.01199293975 1.583263874
v -0.0335175097 0.009178732522 1.58403039
v -0.03321648389 0.009118762799 1.584104419
v -0.03368721902 0.009242366999 1.583997965
v -0.03311933577 0.009101582691 1.584128976
v -0.03298909217 0.009080953896 1.584162712
v -0.03274262697 0.009046694264 1.584228039
v -0.03240386397 0.009952101856 1.581643581
v -0.03270746395 0.009800117463 1.581578255
v -0.03371601179 0.006512139458 1.571233749
v -0.03365281969 0.006838725414 1.571332574
v -0.03352950513 0.007301394828 1.57161057
v -0.03348522633 0.007298230659 1.57179296
v -0.03360280395 0.007202688139 1.571359396
v -0.03020671755 0.009147340432 1.584484458
v -0.0294352565 0.008998497389 1.584346056
v -0.02966117486 0.009032417089 1.584380507
v -0.02740972303 0.003027230268 1.576627612
v -0.02713530883 0.002671843162 1.576936364
v -0.02666589431 0.00229930738 1.577083111
v -0.02687450871 0.002482001437 1.576990128
v -0.02646024898 0.002040721476 1.577301979
v -0.02659754641 0.002154645976 1.577251077
v -0.02072875202 -0.00187798962 1.57597208
v -0.02077421919 -0.001972664148 1.576236486
v -0.02096687071 -0.001669735648 1.575817585
v -0.02148318104 -0.001685790718 1.576504946
v -0.01857468486 -0.004770191386 1.572611213
v -0.01833422109 -0.00509926118 1.572556973
v -0.02685230225 0.0005167513154 1.574420452
v -0.02696816064 0.0008290843107 1.574332118
v -0.02609921992 0.0003130887635 1.574242949
v -0.02599440143 0.0002639172599 1.574226856
v -0.0262647979 0.000518345274 1.574216008
v -0.02623645216 0.0003733388148 1.574265838
v -0.0187711101 -0.004143403843 1.572906017
v -0.01861825958 -0.004341067746 1.572807908
v -0.02722009644 0.003281174228 1.573855281
v -0.02760666423 0.003959211521 1.57423532
v -0.0273386538 0.00363654457 1.574271083
v -0.03360255808 0.005263018887 1.572285056
v -0.03356454521 0.005236803088 1.572665334
v -0.03356091678 0.005199914798 1.57279706
v -0.03362893313 0.00526435487 1.572067976
v -0.02458799817 -0.003135709092 1.574500442
v -0.02450795658 -0.00310719572 1.574408293
v -0.02442041039 -0.004428760149 1.575337052
v -0.02940225042 0.01194763836 1.583711386
v -0.02939729393 0.01197739039 1.584066033
v -0.02889110334 0.0101381978 1.584802508
v -0.02869397216 0.01053000242 1.584776402
v -0.028603049 0.01073946897 1.584739447
v -0.02862556279 0.01001535915 1.584801316
v -0.02816154435 0.009373045526 1.58441627
v -0.02823002823 0.009926673956 1.584884167
v -0.02920195088 0.01198791154 1.583103776
v -0.0240358226 -0.001720452681 1.573670745
v -0.02396239154 -0.001606758684 1.573701978
v -0.02333106659 -0.001812384464 1.573592067
v -0.02320878394 -0.001805178821 1.573585868
v -0.02336175367 -0.002133134753 1.573491454
v -0.02322668955 -0.00225779973 1.573442101
v -0.02341138944 -0.001493181102 1.573699951
v -0.02925053984 0.01169697847 1.582640052
v -0.02902567573 0.01149088331 1.58243227
v -0.02887769043 0.0108516179 1.581970811
v -0.02911320701 0.01133458968 1.582360625
v -0.02909228951 0.01165857445 1.582562566
v -0.03058744967 0.00925490167 1.58464396
v -0.03046647832 0.00920130685 1.584583759
v -0.02856923267 0.009091071784 1.584423661
v -0.02834680118 0.009319647215 1.584405899
v -0.02884563059 0.009090705775 1.584393501
v -0.03049002774 0.009096891619 1.58455193
v -0.03042189777 0.009031962603 1.584517837
v -0.01991394535 -0.004464996047 1.572697997
v -0.01984951645 -0.004383908585 1.572715521
v -0.01955868118 -0.004255276173 1.572749496
v -0.02944019809 0.01035255194 1.581811547
v -0.02959742211 0.01008275524 1.58175981
v -0.03064702637 0.008990625851 1.584462404
v -0.03057121858 0.009144112468 1.584596515
v -0.03061213158 0.01026624814 1.58179009
v -0.0299455896 0.01011388842 1.581708074
v -0.0302945096 0.01018224563 1.581728816
v -0.03283706307 0.009729997255 1.581602931
v -0.03372660279 0.0092930682 1.583745956
v -0.03378921375 0.00934640225 1.58340776
v -0.03386697173 0.009318827651 1.583202839
v -0.03112496249 0.009815463796 1.581625462
v -0.03436264023 0.008964643814 1.582543373
v -0.03445361927 0.008998932317 1.582206845
v -0.03444046527 0.009095275775 1.582035661
v -0.03415445983 0.009182197042 1.582671046
v -0.03396225348 0.009293221869 1.582983851
v -0.03462282568 0.008861877024 1.582016706
v -0.03438695148 0.008862490766 1.582392931
v -0.0275060907 0.003296905663 1.573148608
v -0.02740271576 0.003224942135 1.573210001
v -0.02739943191 0.003469727933 1.572973728
v -0.0323113203 0.009993398562 1.581659794
v -0.03171930462 0.009866558947 1.581517577
v -0.03407710791 0.00922991056 1.58188653
v -0.03364728019 0.009367101826 1.581669211
v -0.02401497215 -0.00201210659 1.57371068
v -0.02384529263 -0.00232538674 1.573681831
v -0.03105554357 0.00897111278 1.5841676
v -0.03118757345 0.008985216729 1.58408308
v -0.03093354963 0.009041090496 1.584289551
v -0.03217300773 0.007055081893 1.573497653
v -0.03219455108 0.007148154546 1.573343158
v -0.03234830499 0.007260372862 1.573034644
v -0.02739991061 0.003435044317 1.573168755
v -0.02738427371 0.00460677268 1.572965384
v -0.02738225274 0.004757496994 1.572832227
v -0.02930464782 0.01126095932 1.584552169
v -0.02905117907 0.01107427105 1.584589601
v -0.03101726063 0.00507071102 1.576619983
v -0.03072435036 0.005037266761 1.576503038
v -0.03052107431 0.004766585771 1.576791406
v -0.0303764157 0.004606537987 1.576964021
v -0.03243212029 0.00659749005 1.574698091
v -0.03244719282 0.006645349786 1.574607968
v -0.03244699538 0.006421501283 1.575011253
v -0.03219799697 0.005992111284 1.575670838
v -0.03214408457 0.005909671076 1.575799465
v -0.03211599588 0.005803967826 1.575951576
v -0.02780333161 0.002922510961 1.577511549
v -0.02761405706 0.00280159316 1.577539086
v -0.02650349028 0.0009253802709 1.578687429
v -0.0265460033 0.001117488835 1.578582883
v -0.02635179646 0.0006065145135 1.578824639
v -0.02638691291 0.0005079647526 1.578903794
v -0.02640308812 0.0007937154733 1.578727245
v -0.02658775263 0.001943401527 1.577787995
v -0.02610094473 0.0001857080497 1.578914046
v -0.02593950182 0.0001639025286 1.578820705
v -0.02442550845 -0.003157896921 1.578859687
v -0.02484818362 -0.00332896132 1.578872323
v -0.02408295684 -0.002653168514 1.578742027
v -0.0241143778 -0.00281265378 1.578786016
v -0.0329259038 0.007377576549 1.572373271
v -0.03320012987 0.00731688831 1.572095156
v -0.03280941024 0.007423584349 1.572496653
v -0.03253455088 0.007367913611 1.572745323
v -0.03231123835 0.007290672977 1.572939038
v -0.03264459968 0.007403307129 1.572649121
v -0.02585106343 0.0001207622699 1.578780651
v -0.02580713481 2.652266994e-05 1.57880044
v -0.02561918646 -0.0003808964975 1.578887105
v -0.02543096803 -0.0007851207629 1.578973174
v -0.02522728778 -0.00163888 1.579146266
v -0.02540887147 -0.001759922132 1.579161406
v -0.02541510947 -0.0009381948039 1.579003334
v -0.02445096523 -0.003884238191 1.578533769
v -0.02443496324 -0.004005297087 1.578458071
v -0.02437880635 -0.003583552316 1.578655481
v -0.02370295674 -0.002963569947 1.578593493
v -0.0238482859 -0.002976284362 1.578672767
v -0.02424422093 -0.003172105178 1.578800678
v -0.02421622537 -0.004438634031 1.578091025
v -0.02602465637 0.0002696695738 1.578817964
v -0.02501164377 -0.001893393695 1.579077482
v -0.02260896564 -0.0008114827797 1.57621789
v -0.02285389602 -0.0007722647861 1.57646811
v -0.02286988869 -0.005900015123 1.575274706
v -0.02267488465 -0.006578796543 1.575752258
v -0.02234197222 -0.006805704907 1.57538116
v -0.0225936044 -0.006653058343 1.57568562
v -0.02352925017 -0.005649680272 1.57626307
v -0.0230926685 -0.005805853754 1.575596452
v -0.02365647815 -0.005562681705 1.576404572
v -0.02735084109 0.004919466097 1.572640657
v -0.02723923512 0.005415512715 1.571709871
v -0.02725323476 0.005360702984 1.571849942
v -0.02730727382 0.005122718867 1.572307587
v -0.02129858546 -0.004338539205 1.573380232
v -0.02182691917 -0.00283398293 1.573226452
v -0.02112899907 -0.003987357952 1.573763609
v -0.02134133689 -0.004192580469 1.57337749
v -0.02681369334 0.002585098846 1.574407101
v -0.02660674602 0.002390288748 1.574515462
v -0.02689192444 0.002815337852 1.574425459
v -0.02728529088 0.002356354147 1.573869228
v -0.02737263776 0.002936028643 1.573407531
v -0.02726679854 0.002744451165 1.573832035
v -0.02714008838 0.003201336134 1.574159026
v -0.02707865275 0.00320438575 1.574375272
v -0.02012404054 -0.006690445356 1.574201941
v -0.02040778659 -0.00667803362 1.574481726
v -0.0200327225 -0.006351316348 1.574327946
v -0.02950638905 0.004095416982 1.577166915
v -0.02935234271 0.004018469248 1.577176213
v -0.03377343714 0.006296618376 1.571171165
v -0.02705542371 0.004355522338 1.571530223
v -0.02700548433 0.004435332492 1.571449518
v -0.02697337605 0.004671209026 1.571381569
v -0.02691176534 0.005318840034 1.571234226
v -0.02212922648 -0.003564851359 1.577942729
v -0.02216298878 -0.00374336727 1.577949286
v -0.02191251144 -0.002110577188 1.577256441
v -0.02190288529 -0.00200737454 1.577145338
v -0.02192998677 -0.002247389406 1.577352643
v -0.02265020832 -0.005993376486 1.575215697
v -0.02218637988 -0.006871783175 1.575339317
v -0.02213645168 -0.006788199767 1.5752877
v -0.02186284401 -0.006330161355 1.575004935
v -0.03374372423 0.00530982716 1.571842074
v -0.0338011682 0.005318850279 1.571741819
v -0.03387039155 0.005359415431 1.571602464
v -0.03395905346 0.005651013926 1.571275711
v -0.03397383168 0.005746265873 1.571192384
v -0.03386121243 0.006140840705 1.571133733
v -0.03399605304 0.005883997772 1.571070433
v -0.02297182567 -0.000552515965 1.575061083
v -0.02299304865 -0.0005082394928 1.57529366
v -0.02260186523 -0.0007192478515 1.575810194
v -0.02269116975 -0.0006643463857 1.575745702
v -0.022829758 -0.0006699617952 1.574924827
v -0.02288110927 -0.0005407026038 1.575662971
v -0.02153597772 -0.002299424261 1.577153683
v -0.02111753821 -0.002855165862 1.577251196
v -0.02118435502 -0.002973540686 1.577326417
v -0.03322964534 0.004991992842 1.572753429
v -0.03312198073 0.004905599635 1.572811246
v -0.0329157263 0.004758842289 1.57305479
v -0.03280369192 0.004671676084 1.573134303
v -0.02188356966 -0.003717010841 1.577852488
v -0.02206584252 -0.003719966859 1.577909708
v -0.02128523774 -0.003084369004 1.577404857
v -0.02165700868 -0.003654341213 1.577756763
v -0.0227597151 -0.006500551477 1.575864315
v -0.0227689594 -0.006489903666 1.575998545
v -0.02292723581 -0.006347243674 1.576016068
v -0.02742197551 0.002122179139 1.573957205
v -0.02664789744 0.001424365677 1.574256301
v -0.02633376233 0.001928446814 1.574526072
v -0.0263876915 0.001819371246 1.57446444
v -0.02636341751 0.001554132439 1.574277878
v -0.02642825246 0.002274570521 1.574784279
v -0.03328027204 0.003266662825 1.575011849
v -0.03340054676 0.003326129168 1.575116158
v -0.03383884579 0.003553222865 1.575410008
v -0.0328614004 0.003053759923 1.574696779
v -0.03304981068 0.003146548755 1.574863315
v -0.01997024566 -0.002614184283 1.576251864
v -0.03213954717 0.004274736159 1.573302746
v -0.03207279742 0.004193235189 1.573424697
v -0.02752932906 0.002403628081 1.573776245
v -0.02759372257 0.002741325414 1.573554277
v -0.02768352441 0.002523045987 1.573707342
v -0.03385937959 0.00231944304 1.576363564
v -0.03279966116 0.002744313097 1.574898124
v -0.03421666101 0.003130512545 1.576258183
v -0.03409280628 0.002842281014 1.576295733
v -0.03414645046 0.00299764052 1.576274872
v -0.02942818776 0.003392193699 1.572787046
v -0.02956528589 0.003103841562 1.573318124
v -0.03183354437 0.004135104362 1.57327795
v -0.03141832352 0.004036007915 1.573014498
v -0.02649988607 0.001126881223 1.574236035
v -0.03018336557 0.003535557538 1.572935939
v -0.03037252091 0.003675306216 1.572781801
v -0.02981025726 0.003271744121 1.573182225
v -0.02739613876 0.004187442362 1.571562529
v -0.02725714073 0.004255171865 1.571547985
v -0.02822613157 0.003979979083 1.571627736
v -0.02801773883 0.00401760824 1.571611047
v -0.02764512785 0.004119053017 1.571626544
v -0.02751411125 0.004120156635 1.573741198
v -0.02755720168 0.004048365168 1.573971033
v -0.02747864462 0.00425404869 1.573546648
v -0.03078097105 0.003846976906 1.572697639
v -0.03061442263 0.003772797761 1.572755694
v -0.03399056196 0.003298677737 1.575874925
v -0.03423748165 0.003365442157 1.576108217
v -0.03320370615 0.003082470037 1.575137615
v -0.03354382515 0.003165242262 1.575475931
v -0.02304771543 -0.001078932546 1.574113727
v -0.02151312679 -0.001474347897 1.57454586
v -0.02161798626 -0.001477454789 1.574398518
v -0.02195305936 -0.001375080552 1.574366927
v -0.02228689753 -0.001307443716 1.574200988
v -0.02407899685 -0.004767099395 1.575378776
v -0.02386250533 -0.004855851643 1.575264335
v -0.0232206434 -0.005321502686 1.575183988
v -0.02939737961 0.003882913152 1.571761847
v -0.02891732007 0.003910290077 1.571718812
v -0.02851028927 0.003907574341 1.571660042
v -0.02586340718 0.0001326501369 1.57416749
v -0.02429543622 -0.0001510311849 1.574463964
v -0.02484400943 0.0003309762105 1.574455738
v -0.02448169701 -0.004645022564 1.577766895
v -0.02441967092 -0.004753622226 1.577618003
v -0.02452806383 -0.004550799727 1.577909589
v -0.02519072033 0.0003528026864 1.574414849
v -0.03415606171 0.003180611646 1.57615149
v -0.02333699912 -0.005202863365 1.577349901
v -0.02394869737 -0.004967515357 1.577437878
v -0.02408784442 -0.005321017466 1.576755047
v -0.02391944081 -0.005430397578 1.576556444
v -0.02344598435 -0.005196997896 1.57728982
v -0.02372818999 -0.005427242257 1.576854467
v -0.02176353708 -0.001846826635 1.573821425
v -0.02165916748 -0.002307807095 1.573528767
v -0.02142032608 -0.001958291046 1.573873043
v -0.0227535218 -0.002138199285 1.57342732
v -0.02314823866 -0.002317650244 1.573413968
v -0.02272855863 -0.002444704063 1.573325753
v -0.0212715324 -0.003878900781 1.573789716
v -0.02195798792 -0.0027454542 1.573262334
v -0.02221895941 -0.003129642457 1.573932767
v -0.02118427306 -0.004418908618 1.57436645
v -0.022358438 -0.003814822063 1.574867845
v -0.02246936224 -0.003447882831 1.57371676
v -0.0226126425 -0.003643626347 1.573825836
v -0.02278398909 -0.00386589393 1.573754787
v -0.02237609774 -0.003321527503 1.573663712
v -0.02222698741 -0.003918508999 1.574842811
v -0.02180070989 -0.004329273477 1.574743629
v -0.02286981419 -0.003914550878 1.573653817
v -0.02313967608 -0.00501677487 1.575047135
v -0.02279317565 -0.004904420115 1.57499814
v -0.02225791663 -0.004820440896 1.574962735
v -0.02252673171 -0.004892596975 1.574994087
v -0.02191962488 -0.004626886919 1.574877143
v -0.0220014751 -0.004778466187 1.574946761
v -0.02156462148 -0.005198731087 1.574785829
v -0.02151397243 -0.005430321209 1.574717402
v -0.02154390514 -0.005059668794 1.574779153
v -0.02121301554 -0.004569594748 1.574514627
v -0.02143214829 -0.005659904331 1.574620128
v -0.02124351449 -0.005580511875 1.574647665
v -0.02110552229 -0.005506045185 1.574653149
v -0.0209068507 -0.005219103768 1.574500203
v -0.02067117579 -0.004917575978 1.574353456
v -0.02074193768 -0.00482868962 1.57423687
v -0.02318963408 -0.002552029677 1.573416591
v -0.0230654031 -0.002501455136 1.573378801
v -0.02207557671 -0.002823161893 1.573219895
v -0.02227270417 -0.002704326063 1.573240757
v -0.02256143093 -0.002580479719 1.573281169
v -0.02044608071 -0.004991413094 1.574062467
v -0.02037160285 -0.005108312704 1.574259162
v -0.01961551048 -0.006013665348 1.57408905
v -0.01994682103 -0.006145213731 1.57432723
v -0.02167473175 -0.005043806508 1.574839711
v -0.02398978733 -0.004412554204 1.578111053
v -0.02352191508 -0.003176981583 1.578534007
v -0.02341055498 -0.004197928123 1.578210235
v -0.02335286885 -0.004031073302 1.578267097
v -0.02332686819 -0.003543726169 1.578425646
v -0.02342552133 -0.003352807835 1.578482151
v -0.02177903242 -0.003060242161 1.573121071
v -0.02149967849 -0.003364288248 1.573048949
v -0.02121699601 -0.003907441162 1.572975516
v -0.02010032348 -0.004364661872 1.572737336
v -0.02154703252 -0.007187294774 1.574883699
v -0.02174646221 -0.006887832657 1.574996114
v -0.02159983665 -0.006404420361 1.574809313
v -0.02174169384 -0.006383096799 1.574917555
v -0.02111395076 -0.006564447656 1.574756622
v -0.02067455277 -0.006659562699 1.57471025
v -0.01968342066 -0.005482432432 1.573467493
v -0.01954180747 -0.005515075289 1.573296189
v -0.01942641288 -0.005639733747 1.572843194
v -0.01946252398 -0.005610915832 1.573000073
v -0.01943759993 -0.005521371029 1.572729111
v -0.01826545782 -0.005428330973 1.572422624
v -0.01804259233 -0.005660701543 1.57232368
v -0.02055372484 -0.006669380702 1.574614167
v -0.01896455139 -0.00585339684 1.572677135
v -0.01825880259 -0.005755169317 1.572260499
v -0.01839803532 -0.005773933604 1.572254658
v -0.01821307093 -0.005679024383 1.572320342
v -0.01839149371 -0.006199915893 1.572258472
v -0.01864368096 -0.006017127074 1.572577715
v -0.01835217699 -0.005955054425 1.572200775
v -0.02294869348 -0.0007336963899 1.574621916
v -0.02300368622 -0.0008234800771 1.574429035
v -0.03182625026 0.005599656142 1.576135874
v -0.0316420421 0.005472093355 1.576250553
v -0.03177968785 0.00553331105 1.576202393
v -0.02411953546 -0.0004028063267 1.574299693
v -0.02426370792 -0.0002597616985 1.574396133
v -0.02369406633 -0.0008802069351 1.573982
v -0.02370460145 -0.001023697667 1.57389605
v -0.02402672544 -0.0004830826074 1.574244857
v -0.02749460191 0.003026488004 1.576831222
v -0.03398571536 0.00343143451 1.575797081
v -0.0189547129 -0.004144120961 1.572874069
v -0.02288659848 -0.0006626429968 1.576306224
v -0.0201226715 -0.002399814315 1.574115038
v -0.01960196719 -0.002515194006 1.57478857
v -0.02468846738 -0.00225399714 1.578927636
v -0.02418737859 -0.002561765723 1.578781724
v -0.02444492467 -0.002364066429 1.578870296
v -0.02301651798 -0.0007375618443 1.574532747
v -0.02316815034 -0.003770420328 1.573791981
v -0.02425506525 -0.003220961429 1.574330449
v -0.02416308969 -0.003279051743 1.574288607
v -0.02388349362 -0.003281271085 1.57410562
v -0.02363443002 -0.003523597494 1.574019432
v -0.0234913826 -0.003401520662 1.573886395
v -0.02329757996 -0.002453477122 1.573456049
v -0.02346481755 -0.002389678732 1.573513031
v -0.02368314564 -0.002486712299 1.573674679
v -0.03140175343 0.005354971625 1.576349854
v -0.03128004819 0.005274298601 1.576424599
v -0.02361693978 -0.001111749094 1.573853135
v -0.02930211276 0.01046694536 1.581844687
v -0.0288265273 0.01067212038 1.58182168
v -0.02238899097 -0.001053840853 1.57638061
v -0.02196403965 -0.001529220492 1.576723695
v -0.02207836136 -0.001419589855 1.576704383
v -0.02218690701 -0.001314871944 1.57668364
v -0.02937295847 0.01186840422 1.584115386
v -0.02932901122 0.01163594611 1.584189534
v -0.02145986073 -0.002124873921 1.57370472
v -0.0316870138 0.00900609605 1.584293485
v -0.03225458413 0.006872179918 1.574014425
v -0.03230901808 0.006782163866 1.574290395
v -0.03284615278 0.00284032803 1.574887037
v -0.03370562196 0.003100759117 1.575707197
v -0.0216807127 -0.001622035168 1.576596141
v -0.02478886209 -0.003259142861 1.574800014
v -0.02468233928 -0.003193855286 1.574642658
v -0.02792798728 0.003036536975 1.577451944
v -0.03002126329 0.004388799891 1.577092409
v -0.03014787473 0.004487800412 1.577025056
v -0.03025142848 0.004530865699 1.577008247
v -0.02634140849 0.001232328359 1.578302622
v -0.02128025144 -0.001581075601 1.574565768
v -0.02142542601 -0.001510848291 1.574577928
v -0.02092042565 -0.001609149389 1.575508714
v -0.0208440721 -0.001664762385 1.575377703
v -0.0210126508 -0.001666799188 1.574834704
v -0.02102587372 -0.001548128203 1.575584292
v -0.03341370076 0.007319001481 1.571873188
v -0.03329914808 0.007295779418 1.571986198
v -0.03313137591 0.009609735571 1.581648946
v -0.0332675688 0.009539276361 1.581642151
v -0.02816314995 0.003170777811 1.577439547
v -0.02829824761 0.003270471701 1.577409506
v -0.02893448249 0.003763654269 1.57724297
v -0.03232283145 0.009223589674 1.58430934
v -0.03200229257 0.009335843846 1.584351659
v -0.03194496036 0.008995640092 1.584306121
v -0.02471999452 -0.003566199914 1.578736544
v -0.02453137189 -0.00413928926 1.578348994
v -0.02463754825 -0.003989350982 1.578422308
v -0.02454429865 -0.003982592374 1.578474045
v -0.02450498194 -0.004454678856 1.578080058
v -0.02082690224 -0.001692705788 1.575131297
v -0.04389557987 0.007987405173 1.590614796
v -0.04573664814 0.01963086799 1.590150237
v -0.04732247815 0.02005620673 1.591484547
v -0.05145384744 0.01987442374 1.59117794
v -0.0518925786 0.02039182931 1.591466665
v -0.05371193588 0.01893639751 1.589666009
v -0.05482492223 0.01969666965 1.589972258
v -0.0568658188 0.02154853754 1.590388298
v -0.05919349939 0.02355598845 1.59089601
v -0.05608116835 0.01861293055 1.588216662
v -0.01773193665 0.008135161363 1.575030327
v -0.0286353901 -0.0009526335634 1.573093891
v -0.0283528734 -0.001276993193 1.573413134
v -0.02813933231 -0.001444075257 1.573410869
v -0.02877730876 -0.0005172458477 1.572836876
v -0.02887843736 -0.0006134770811 1.572537422
v -0.02730673552 -0.00151350908 1.571849346
v -0.02771029249 -0.00144622894 1.571392536
v -0.02722121216 -0.001530482434 1.572016597
v -0.02721229941 -0.001538201235 1.572188497
v -0.02792231925 -0.00181708578 1.573406935
v -0.02710496262 -0.002000168897 1.573004127
v -0.02729812264 -0.001963872463 1.57311213
v -0.02773173712 -0.00187536981 1.573341846
v -0.02783446014 -0.001343686134 1.571226954
v -0.02904246934 -0.0003523719497 1.571758986
v -0.02888879552 -0.0005536787212 1.57219696
v -0.0288493 -0.0004778956063 1.571452022
v -0.02859609388 -0.0006820624694 1.571316123
v -0.02794338949 -0.001224235166 1.571072817
v -0.02807819471 -0.001120394561 1.571040869
v -0.02707720175 -0.001947957091 1.57288909
v -0.02705248818 -0.001618689857 1.572489738
v -0.02704873867 -0.001885921694 1.572802901
v -0.04591955617 -0.03256006166 1.585458755
f 7 1 3
f 9 11 56
f 7 47 1
f 51 40 11
f 22 15 19
f 7 110 47
f 43 106 19
f 56 11 1
f 40 5377 11
f 3 25 7
f 47 56 1
f 9 51 11
f 5377 3 1
f 22 54 15
f 5377 30 25
f 19 47 38
f 110 33 54
f 19 38 22
f 40 538 30
f 54 22 38
f 33 15 54
f 70 98 106
f 70 33 79
f 19 98 102
f 98 19 106
f 113 98 115
f 102 108 124
f 101 125 108
f 98 70 79
f 102 98 113
f 7 25 110
f 30 110 25
f 38 47 110
f 86 306 56
f 117 86 111
f 88 109 111
f 83 72 77
f 120 74 63
f 87 83 77
f 72 83 66
f 124 108 125
f 83 123 66
f 86 117 587
f 72 66 128
f 550 72 128
f 109 117 111
f 306 9 56
f 124 120 63
f 74 77 63
f 84 87 77
f 111 86 90
f 90 88 111
f 109 587 117
f 165 166 172
f 465 95 93
f 169 170 173
f 547 9 306
f 166 173 170
f 148 72 550
f 177 173 179
f 170 172 166
f 547 306 150
f 545 578 135
f 165 172 140
f 267 430 444
f 172 170 140
f 134 472 502
f 170 131 140
f 146 549 136
f 575 306 86
f 165 140 139
f 166 165 327
f 179 181 177
f 584 135 578
f 472 139 145
f 584 148 135
f 177 181 183
f 539 554 134
f 181 185 183
f 72 584 539
f 179 186 181
f 584 72 148
f 186 185 181
f 472 146 139
f 159 146 472
f 183 185 188
f 274 128 80
f 190 192 194
f 194 192 195
f 196 190 194
f 196 194 207
f 139 140 145
f 190 198 192
f 190 196 199
f 135 550 545
f 194 195 201
f 554 578 545
f 444 95 465
f 554 545 274
f 274 159 554
f 86 587 575
f 159 472 134
f 502 472 145
f 196 207 202
f 202 204 206
f 202 207 204
f 150 306 575
f 199 196 202
f 51 547 538
f 131 145 140
f 199 202 206
f 194 230 207
f 2277 2273 2278
f 1242 1226 1234
f 539 584 578
f 194 201 209
f 1416 1412 1410
f 1707 1715 1710
f 207 230 213
f 1790 1794 1793
f 228 225 227
f 223 224 227
f 227 225 223
f 1875 1858 1863
f 215 223 225
f 217 218 224
f 224 223 217
f 217 223 215
f 206 204 215
f 218 217 221
f 204 213 217
f 215 204 217
f 207 213 204
f 211 392 195
f 201 195 209
f 2161 1793 2162
f 270 502 145
f 194 209 230
f 209 233 230
f 209 195 231
f 231 233 209
f 392 231 195
f 224 218 235
f 218 221 235
f 235 227 224
f 235 236 227
f 217 213 221
f 254 230 233
f 231 238 233
f 227 236 241
f 221 246 235
f 236 235 247
f 247 235 248
f 236 247 241
f 250 241 247
f 250 247 248
f 235 246 248
f 251 252 248
f 230 254 213
f 213 257 221
f 213 254 257
f 221 257 246
f 257 254 260
f 254 263 260
f 260 246 257
f 254 233 263
f 238 262 233
f 263 233 262
f 2186 2184 2179
f 328 327 312
f 367 345 619
f 1783 1481 1755
f 188 354 364
f 592 308 304
f 260 567 586
f 287 248 246
f 544 130 497
f 318 323 324
f 326 166 327
f 328 314 330
f 314 328 312
f 327 328 333
f 314 312 162
f 327 165 312
f 370 362 372
f 364 373 372
f 327 331 326
f 162 310 314
f 327 333 331
f 246 260 586
f 364 354 373
f 333 326 331
f 330 333 328
f 336 333 330
f 333 336 326
f 263 567 260
f 290 467 562
f 497 721 282
f 188 351 183
f 544 497 280
f 557 280 493
f 280 557 544
f 544 287 586
f 586 287 246
f 367 354 345
f 470 287 544
f 337 179 173
f 337 340 186
f 179 337 186
f 173 166 337
f 301 299 498
f 619 357 360
f 586 567 544
f 136 162 312
f 198 190 374
f 364 362 351
f 360 357 349
f 347 349 357
f 357 345 347
f 619 345 357
f 364 372 362
f 353 345 354
f 262 567 263
f 345 353 340
f 354 188 353
f 651 372 373
f 342 340 337
f 353 186 340
f 345 340 342
f 353 188 185
f 353 185 186
f 337 166 342
f 613 342 166
f 166 326 613
f 347 345 342
f 188 364 351
f 613 349 342
f 347 342 349
f 919 923 924
f 919 924 918
f 924 917 918
f 918 917 911
f 917 914 907
f 907 914 903
f 911 917 907
f 903 901 907
f 899 903 914
f 901 903 898
f 898 903 899
f 897 896 891
f 926 318 324
f 915 926 868
f 920 923 919
f 803 168 802
f 802 767 803
f 914 803 767
f 767 899 914
f 767 760 899
f 528 923 920
f 746 760 767
f 746 738 760
f 323 322 735
f 562 467 160
f 323 735 324
f 324 735 730
f 868 926 324
f 868 324 728
f 324 730 728
f 330 814 336
f 814 692 336
f 746 767 802
f 684 746 802
f 593 746 684
f 802 168 684
f 684 168 593
f 528 526 923
f 735 594 595
f 735 598 730
f 595 598 735
f 598 599 730
f 730 599 728
f 601 728 599
f 692 602 336
f 603 605 601
f 607 605 603
f 602 607 603
f 598 595 609
f 609 611 603
f 598 609 601
f 601 609 603
f 336 613 326
f 613 611 349
f 603 611 613
f 598 601 599
f 1468 1314 1317
f 602 613 336
f 602 603 613
f 595 617 360
f 619 360 617
f 360 611 595
f 595 611 609
f 595 594 617
f 616 363 622
f 622 620 616
f 617 623 619
f 623 367 619
f 276 160 573
f 625 367 623
f 617 630 623
f 623 630 625
f 928 507 512
f 617 594 630
f 370 622 362
f 622 632 620
f 1264 1300 1109
f 498 507 928
f 923 526 924
f 634 632 622
f 636 620 632
f 632 634 637
f 363 362 622
f 634 370 638
f 526 311 924
f 372 638 370
f 634 622 370
f 527 526 528
f 634 638 637
f 638 644 640
f 638 641 637
f 644 372 651
f 638 372 644
f 640 644 646
f 367 373 354
f 625 373 367
f 650 647 625
f 625 630 650
f 644 651 647
f 647 651 625
f 651 373 625
f 644 647 646
f 381 657 383
f 381 375 653
f 656 383 657
f 383 656 394
f 657 381 659
f 653 662 659
f 381 653 659
f 375 666 662
f 662 653 375
f 657 664 663
f 657 659 664
f 656 657 663
f 663 394 656
f 666 667 681
f 940 936 947
f 668 672 659
f 664 659 672
f 664 672 663
f 663 672 673
f 659 662 668
f 673 674 663
f 666 668 662
f 674 394 663
f 674 680 394
f 526 527 524
f 675 680 674
f 672 668 677
f 666 681 668
f 668 681 677
f 524 311 526
f 673 677 675
f 673 675 674
f 524 517 311
f 677 681 675
f 311 517 308
f 398 667 666
f 667 391 680
f 398 391 667
f 667 680 681
f 680 675 681
f 689 688 685
f 592 311 308
f 686 688 689
f 689 697 686
f 514 308 515
f 514 304 308
f 276 272 492
f 308 517 515
f 506 505 514
f 701 703 702
f 701 702 695
f 1007 995 994
f 451 457 710
f 710 457 458
f 439 451 715
f 1260 984 1300
f 712 710 458
f 715 451 710
f 713 715 710
f 712 713 710
f 715 452 439
f 452 715 718
f 718 716 452
f 713 718 715
f 712 458 446
f 718 720 716
f 505 304 514
f 564 464 484
f 5238 5235 551
f 7024 5255 7026
f 724 463 462
f 464 577 556
f 741 742 726
f 296 304 505
f 292 296 505
f 943 1109 1300
f 106 43 70
f 507 292 512
f 741 739 742
f 505 506 292
f 963 1065 1061
f 747 748 762
f 577 462 460
f 750 747 762
f 287 470 460
f 748 752 762
f 753 755 762
f 753 762 752
f 756 753 752
f 752 758 759
f 752 748 758
f 758 748 786
f 756 752 759
f 720 1247 935
f 272 476 581
f 556 577 460
f 521 943 577
f 938 564 934
f 7026 5255 5243
f 464 556 277
f 564 484 942
f 935 721 485
f 506 514 769
f 292 506 770
f 772 292 770
f 774 775 747
f 770 506 769
f 748 747 775
f 775 774 778
f 939 1090 945
f 778 774 772
f 778 772 770
f 748 775 786
f 775 778 780
f 780 778 770
f 770 783 780
f 770 784 783
f 770 769 784
f 786 775 780
f 787 786 780
f 780 783 787
f 699 695 697
f 512 772 750
f 936 934 942
f 573 535 276
f 772 788 750
f 512 292 772
f 788 747 750
f 788 774 747
f 492 581 153
f 774 788 772
f 1067 963 1501
f 514 515 791
f 791 515 793
f 514 791 769
f 795 791 793
f 769 791 795
f 784 769 795
f 492 160 276
f 793 515 517
f 524 793 517
f 524 797 793
f 793 797 795
f 797 798 795
f 524 800 797
f 800 798 797
f 938 943 913
f 272 535 143
f 527 800 524
f 805 800 527
f 528 805 527
f 528 808 805
f 809 800 805
f 928 761 763
f 816 528 920
f 816 920 817
f 287 460 446
f 934 936 741
f 817 920 919
f 817 919 822
f 919 918 822
f 762 928 750
f 822 918 911
f 820 816 817
f 821 820 817
f 822 821 817
f 822 823 821
f 826 823 822
f 816 808 528
f 808 816 820
f 823 820 821
f 820 823 827
f 828 820 827
f 826 831 823
f 823 831 827
f 827 831 832
f 809 805 808
f 820 809 808
f 809 820 833
f 820 828 833
f 828 832 833
f 827 832 828
f 832 835 837
f 833 832 837
f 809 833 837
f 837 856 809
f 838 856 837
f 446 460 462
f 153 562 160
f 844 841 843
f 841 846 845
f 846 841 844
f 826 822 911
f 907 826 911
f 848 826 907
f 848 831 826
f 901 848 907
f 898 899 838
f 831 850 832
f 850 851 835
f 850 831 848
f 901 850 848
f 851 850 901
f 898 851 901
f 851 898 838
f 760 855 899
f 832 850 835
f 838 835 851
f 374 375 198
f 899 855 838
f 760 738 855
f 855 856 838
f 738 856 855
f 738 858 856
f 860 915 868
f 915 860 861
f 860 862 861
f 863 865 866
f 865 845 866
f 866 845 846
f 861 862 871
f 862 863 871
f 863 846 871
f 846 863 866
f 861 873 1147
f 861 871 873
f 873 871 846
f 860 868 728
f 728 862 860
f 863 878 865
f 865 878 692
f 863 862 878
f 865 692 814
f 845 865 814
f 728 601 605
f 728 605 862
f 862 605 878
f 878 607 692
f 692 607 602
f 878 605 607
f 608 883 881
f 608 614 887
f 889 887 614
f 620 889 614
f 892 887 889
f 894 892 889
f 894 889 636
f 889 620 636
f 636 637 952
f 952 894 636
f 636 632 637
f 641 952 637
f 949 953 951
f 954 638 955
f 956 955 638
f 956 638 640
f 640 646 957
f 957 646 958
f 961 640 957
f 958 961 957
f 959 905 650
f 640 961 956
f 959 962 905
f 944 958 893
f 646 647 893
f 958 646 893
f 905 647 650
f 893 647 905
f 721 309 590
f 462 463 446
f 699 701 695
f 551 532 937
f 970 972 971
f 971 972 973
f 972 685 973
f 685 972 689
f 697 689 975
f 975 689 978
f 697 975 977
f 975 978 977
f 977 978 981
f 978 689 972
f 978 972 981
f 979 980 981
f 981 972 979
f 457 446 458
f 928 762 761
f 713 712 982
f 713 983 718
f 983 720 718
f 982 983 713
f 463 982 712
f 463 712 446
f 984 463 724
f 457 251 446
f 726 987 986
f 451 251 457
f 991 989 990
f 991 992 989
f 993 994 995
f 992 993 996
f 993 995 997
f 991 999 993
f 999 994 993
f 993 992 991
f 991 990 999
f 1001 739 1002
f 742 739 1007
f 726 742 987
f 1001 1007 739
f 1002 995 1001
f 1007 987 742
f 673 672 677
f 1011 987 1007
f 999 1012 994
f 994 1012 1011
f 1011 1007 994
f 439 434 451
f 988 987 1014
f 987 1011 1014
f 1017 1014 1012
f 1012 1014 1011
f 986 987 988
f 943 521 913
f 1020 1022 1024
f 1027 1020 1024
f 1029 1024 1022
f 1030 1020 1033
f 1033 1020 1034
f 1034 1020 1027
f 1036 3361 1030
f 1036 1030 1033
f 1036 1033 1041
f 1047 997 1022
f 1047 992 997
f 1047 1022 1020
f 997 1085 1022
f 989 992 1042
f 1047 1020 1030
f 1042 992 1047
f 3361 1051 1030
f 1030 1051 1047
f 1053 989 1042
f 1051 1042 1047
f 997 996 993
f 997 995 1055
f 997 992 996
f 1055 1085 997
f 1056 1055 1059
f 995 1002 1055
f 439 452 442
f 1002 1061 1055
f 1063 1061 1065
f 1055 1061 1059
f 1059 1061 1063
f 434 251 451
f 251 248 446
f 1374 844 843
f 1067 1065 963
f 1300 984 724
f 1029 1070 1073
f 753 1070 1029
f 1027 1024 1073
f 1075 1073 1070
f 1029 1073 1024
f 1075 1070 1079
f 753 1079 1070
f 1472 1443 1475
f 1034 1027 1073
f 1034 1073 1075
f 432 442 437
f 442 262 437
f 1033 1075 1077
f 1033 1034 1075
f 1077 1075 1079
f 1081 1077 1079
f 1029 762 755
f 762 1029 1083
f 1029 1022 1083
f 762 1083 761
f 1083 1022 1085
f 1056 1083 1085
f 1085 1055 1056
f 761 1083 1087
f 763 761 1088
f 1136 810 915
f 238 437 262
f 758 786 1092
f 786 1094 1092
f 1096 759 758
f 755 753 1029
f 1096 758 1092
f 1079 756 759
f 753 756 1079
f 1099 1092 1094
f 1099 1096 1092
f 1100 1096 1099
f 1096 1102 759
f 1102 1096 1100
f 1104 1099 1094
f 495 5243 5259
f 942 484 947
f 1094 786 787
f 1104 1094 787
f 787 1110 1104
f 439 442 432
f 1110 787 783
f 795 1113 784
f 795 798 1113
f 798 1114 1113
f 1113 783 784
f 1113 1110 783
f 1126 1117 798
f 143 928 765
f 938 741 726
f 809 1121 800
f 809 856 1121
f 1121 856 1123
f 800 1121 1126
f 1124 1123 856
f 856 1139 1124
f 1126 798 800
f 434 439 432
f 1123 1126 1121
f 1123 1128 1126
f 1124 1128 1123
f 1139 1131 1124
f 1128 1117 1126
f 1128 1124 1131
f 1131 1134 1128
f 1128 1134 1117
f 856 858 1139
f 1139 858 1141
f 1139 1141 1131
f 930 1143 927
f 927 1143 840
f 840 1143 885
f 1147 1136 861
f 437 238 432
f 943 938 1109
f 434 425 251
f 1374 1612 810
f 861 1136 915
f 434 432 428
f 1147 873 846
f 434 428 425
f 432 238 428
f 425 252 251
f 1147 846 844
f 858 879 1141
f 425 250 252
f 248 252 250
f 1783 2179 1482
f 937 278 925
f 492 153 160
f 738 879 858
f 1149 1151 879
f 309 560 590
f 425 428 424
f 881 1149 879
f 481 939 945
f 428 429 424
f 424 429 419
f 1264 1109 988
f 419 429 423
f 411 423 238
f 521 464 913
f 238 429 428
f 314 814 330
f 423 429 238
f 963 479 1501
f 479 963 940
f 940 963 1061
f 940 1061 1002
f 1149 883 1153
f 425 424 250
f 250 424 419
f 250 419 241
f 241 419 415
f 397 423 411
f 407 420 397
f 406 420 407
f 417 420 406
f 1149 881 883
f 1002 739 940
f 423 420 419
f 1155 886 885
f 577 464 521
f 397 420 423
f 417 419 420
f 417 406 403
f 419 417 415
f 464 523 484
f 417 228 415
f 988 1109 986
f 464 277 523
f 417 403 228
f 415 228 227
f 887 1157 608
f 415 227 241
f 887 892 1159
f 238 231 411
f 608 1157 883
f 1157 887 1161
f 231 391 411
f 581 481 153
f 1161 1163 1157
f 1161 887 1159
f 883 1157 1164
f 1164 1157 1163
f 1163 1161 1167
f 886 1168 1170
f 894 1175 892
f 397 411 391
f 387 407 397
f 938 934 741
f 1175 1159 892
f 894 1176 1175
f 1176 894 1178
f 1181 1176 1178
f 977 699 697
f 1183 1181 1178
f 1185 641 1186
f 1178 1186 1183
f 1178 1185 1186
f 1189 1191 1183
f 1172 1193 1197
f 387 406 407
f 1189 1183 1186
f 1147 810 1136
f 542 477 278
f 588 476 939
f 403 406 404
f 641 1189 1186
f 1170 1172 886
f 641 1197 1193
f 1189 641 1199
f 404 406 387
f 1170 1191 1193
f 387 396 404
f 1172 1170 1193
f 1199 1193 1191
f 641 1193 1199
f 484 523 493
f 1191 1189 1199
f 1201 953 949
f 699 977 981
f 404 400 403
f 396 386 400
f 493 523 277
f 470 557 556
f 497 309 721
f 130 560 497
f 400 404 396
f 1172 1197 1201
f 1197 1203 1201
f 1201 1203 953
f 952 1178 894
f 641 1185 952
f 981 980 699
f 1178 952 1185
f 481 581 588
f 954 641 638
f 556 493 277
f 1197 641 954
f 588 581 476
f 955 1203 954
f 485 590 130
f 955 956 953
f 939 765 1090
f 932 682 904
f 953 956 951
f 470 544 557
f 400 386 206
f 1203 1197 954
f 1203 955 953
f 544 567 130
f 951 956 1206
f 956 961 1206
f 262 485 130
f 1206 1209 1204
f 1206 961 1212
f 959 1204 1209
f 958 1212 961
f 958 944 1212
f 944 893 962
f 905 962 893
f 470 556 460
f 804 904 948
f 1214 1206 1212
f 1206 1214 1209
f 1209 1214 962
f 959 1209 962
f 1214 1212 944
f 962 1214 944
f 452 485 442
f 160 535 573
f 737 804 1233
f 1221 1216 804
f 1216 1233 804
f 737 1233 1229
f 262 442 485
f 1233 1216 1224
f 1233 1224 1229
f 1226 1242 1224
f 360 349 611
f 1404 1242 1234
f 1404 1237 1242
f 400 206 215
f 1237 1238 1242
f 403 400 228
f 264 430 267
f 1090 763 1107
f 1244 1247 1248
f 1223 722 1252
f 1244 1252 722
f 1223 1252 1254
f 1247 720 983
f 400 215 225
f 1248 983 982
f 225 228 400
f 1244 722 1247
f 1247 983 1248
f 5253 1319 1302
f 928 512 750
f 1248 982 1256
f 463 1259 982
f 982 1259 1256
f 1259 463 984
f 1319 5257 925
f 430 264 686
f 476 143 765
f 989 1053 1269
f 1269 1053 1038
f 143 498 928
f 989 1269 990
f 276 535 272
f 990 1271 999
f 990 1269 1271
f 1271 1017 999
f 588 939 481
f 1012 999 1017
f 1017 1273 1014
f 942 934 564
f 988 1014 1275
f 1014 1273 1275
f 314 845 814
f 1279 1282 1284
f 1017 1271 1273
f 1279 1284 1286
f 564 938 913
f 1038 3355 3357
f 1041 1475 1471
f 1051 1053 1042
f 7024 7023 5255
f 1053 1051 3359
f 925 1069 1319
f 1038 1271 1269
f 1471 1038 3357
f 1288 1059 1290
f 1290 1292 1288
f 392 391 231
f 1294 1292 1290
f 1296 1292 1294
f 387 391 398
f 1290 1059 1063
f 1279 1063 1282
f 1294 1290 1063
f 1298 1063 1279
f 1282 1063 1065
f 1282 1065 1284
f 1284 1065 1286
f 1065 1067 1286
f 1286 1067 1499
f 391 387 397
f 314 841 845
f 519 495 522
f 1041 1033 1077
f 1077 1081 1041
f 1081 1305 1476
f 1305 1306 1308
f 567 262 130
f 310 841 314
f 1475 1041 1081
f 1476 1305 1308
f 1056 1059 1288
f 590 560 130
f 1288 1083 1056
f 765 928 763
f 1288 1087 1083
f 1288 1292 1296
f 396 387 199
f 1296 1087 1288
f 1087 1310 1312
f 5232 967 1019
f 396 199 386
f 761 1087 1312
f 761 1312 1088
f 1087 1296 1310
f 1310 1088 1312
f 1069 1019 967
f 1310 1296 1294
f 1314 1107 1317
f 680 392 211
f 938 986 1109
f 1107 763 1088
f 446 248 287
f 843 841 310
f 160 467 535
f 272 143 476
f 940 741 936
f 309 497 560
f 272 581 492
f 936 942 947
f 577 943 724
f 462 577 724
f 551 937 5257
f 680 211 394
f 680 391 392
f 1314 1090 1107
f 464 564 913
f 1499 1067 1501
f 375 387 398
f 666 375 398
f 278 477 925
f 1302 1069 967
f 726 986 938
f 5257 937 925
f 375 199 387
f 375 374 199
f 1300 724 943
f 940 947 479
f 939 476 765
f 721 590 485
f 739 741 940
f 374 190 199
f 479 947 493
f 947 484 493
f 386 199 206
f 375 381 198
f 211 383 394
f 763 1090 765
f 843 310 1374
f 915 810 7021
f 381 378 198
f 535 498 143
f 377 383 211
f 948 1221 804
f 932 904 737
f 935 485 720
f 378 383 377
f 720 485 716
f 716 485 452
f 493 556 557
f 1262 1260 1300
f 381 383 378
f 211 195 377
f 737 904 804
f 377 198 378
f 195 192 377
f 377 192 198
f 835 838 837
f 1134 1359 1360
f 1134 1354 1117
f 1117 1354 1347
f 1354 1134 1360
f 1363 1365 1367
f 1354 1348 1347
f 1354 1352 1348
f 1348 1352 1343
f 1262 1300 1264
f 1347 1348 1114
f 1131 1141 1359
f 1348 1110 1114
f 1134 1131 1359
f 1343 1110 1348
f 465 267 444
f 1117 1347 1114
f 1367 1369 1143
f 1369 1371 1143
f 1363 1367 1143
f 1114 798 1117
f 1143 1373 885
f 1151 1376 1141
f 879 1151 1141
f 1149 1153 1151
f 1378 1153 883
f 883 1164 1378
f 1164 1380 1378
f 1110 1113 1114
f 1343 1577 1344
f 1338 1344 1577
f 1164 1163 1380
f 1382 1380 1163
f 1384 1380 1382
f 1344 1338 1335
f 1335 1340 1344
f 1387 1384 1382
f 1384 1389 1380
f 1378 1380 1390
f 1392 1390 1380
f 1389 1392 1380
f 1382 1163 1167
f 1382 1167 1394
f 1387 1382 1394
f 1175 1176 1159
f 1340 1343 1344
f 1176 1161 1159
f 1396 1161 1176
f 1176 1671 1396
f 1331 1340 1335
f 886 1155 1398
f 1398 1168 886
f 1183 1168 1181
f 1398 1402 1168
f 1168 1402 1181
f 1168 1191 1170
f 1389 1384 1387
f 1671 1176 1181
f 1331 1104 1340
f 1168 1183 1191
f 1404 1406 1237
f 1410 1237 1406
f 1343 1340 1110
f 1408 1237 1410
f 1340 1104 1110
f 1338 1332 1335
f 1332 1338 1537
f 1416 1410 7051
f 1332 1336 1331
f 1332 1331 1335
f 1408 1410 1412
f 1410 1406 1404
f 1331 1336 1328
f 1331 1328 1104
f 1328 1100 1104
f 1414 1223 1254
f 1414 1416 1223
f 1306 1100 1328
f 1319 1069 1302
f 1305 1100 1306
f 1102 1081 1079
f 1305 1081 1102
f 1305 1102 1100
f 1102 1079 759
f 1414 1690 1416
f 1317 1321 1325
f 1238 1237 1408
f 1317 1107 1321
f 77 74 84
f 1090 1468 945
f 1408 1419 1238
f 967 5279 5278
f 1007 1001 995
f 5287 5282 5285
f 1412 1690 1408
f 810 1612 5233
f 945 1468 1501
f 1423 1692 1419
f 1420 1423 1419
f 554 539 578
f 1254 1252 1244
f 550 135 148
f 1325 1468 1317
f 1323 1468 1325
f 1499 1501 1323
f 1248 1256 1244
f 1090 1314 1468
f 5321 1302 967
f 1694 1700 1692
f 1256 1254 1244
f 1256 1259 1425
f 1259 984 1427
f 984 1428 1427
f 1428 984 1260
f 1428 1260 1431
f 1431 1260 1262
f 1428 1431 1427
f 1431 1433 3367
f 1435 1262 1264
f 1431 1262 1436
f 1436 1262 1435
f 1436 1435 1438
f 1433 1431 1436
f 1433 1436 1440
f 1440 1436 1438
f 1448 1444 1443
f 1444 1447 1471
f 1447 1271 1038
f 1447 1444 1448
f 1273 1451 1275
f 1452 1273 1271
f 1452 1451 1273
f 1275 1264 988
f 1275 1454 1264
f 1275 1451 1454
f 1435 1264 1454
f 1456 1435 1454
f 1456 1454 1458
f 1458 1454 1451
f 1438 1435 1456
f 1460 1456 1458
f 1438 1456 1460
f 1452 1458 1451
f 1462 1465 1460
f 1465 1438 1460
f 1460 1458 1462
f 1462 1458 1452
f 1443 1444 1471
f 1471 1475 1443
f 1472 1475 1481
f 1481 1475 1476
f 1448 1443 1479
f 1443 1472 1479
f 1479 1472 1481
f 1481 1482 1479
f 1447 1038 1471
f 1279 1485 1298
f 1063 1298 1492
f 1492 1294 1063
f 1486 1489 1294
f 1490 1489 1486
f 1486 1294 1492
f 1495 1298 1485
f 1298 1495 1492
f 1485 1279 1496
f 15 43 19
f 1499 1835 1286
f 1499 1323 1325
f 159 134 554
f 744 1720 2059
f 1720 744 1704
f 1081 1476 1475
f 1308 1306 1328
f 1502 1476 1308
f 1481 1476 1504
f 1502 1504 1476
f 1308 1506 1502
f 1508 1481 1504
f 1504 1502 1508
f 1481 1508 1755
f 1508 1502 1755
f 1328 1506 1308
f 1506 1328 1336
f 1294 1489 1310
f 1489 1088 1310
f 1088 1489 1490
f 1490 1511 1088
f 1511 1490 1515
f 1321 1107 1088
f 1518 1521 1321
f 1321 1088 1518
f 1321 1521 1325
f 1325 1521 1525
f 1521 1518 1525
f 1088 1525 1518
f 1511 1527 1525
f 1325 1525 1527
f 1525 1088 1511
f 1336 1332 1537
f 1537 1338 1541
f 1541 1338 1528
f 1506 1336 1532
f 1532 1336 1537
f 1541 1532 1537
f 1539 1541 1528
f 1541 1543 1532
f 1539 1543 1541
f 1502 1506 1532
f 1543 1545 1532
f 1539 1545 1543
f 1532 1545 1502
f 1545 1539 1546
f 1548 1539 1551
f 1546 1539 1548
f 1552 1545 1546
f 1552 1546 1871
f 1546 1548 1871
f 1555 1871 1548
f 1558 1502 1545
f 1545 1561 1558
f 1561 1545 1564
f 1564 1545 1552
f 1564 1552 1871
f 1423 1694 1692
f 1354 1569 1352
f 1569 1354 1572
f 1574 1569 1572
f 1574 1572 1555
f 1577 1528 1338
f 1343 1352 1577
f 1539 1528 1551
f 1551 1528 1577
f 1574 1577 1352
f 1551 1577 1574
f 1574 1352 1569
f 1551 1574 1555
f 1548 1551 1555
f 1572 1360 1908
f 1360 1572 1354
f 1555 1572 1578
f 1580 1360 1359
f 1360 1580 1908
f 1908 1580 1582
f 1585 1582 1580
f 1580 1587 1585
f 1369 1367 1589
f 1590 1599 1371
f 1369 1590 1371
f 1590 1589 1599
f 1589 1590 1369
f 1599 1594 1596
f 1600 1602 1599
f 1367 1592 1589
f 1367 1365 1592
f 1592 5324 1604
f 1365 5324 1592
f 1600 1599 1589
f 1600 1589 1592
f 5324 1606 1604
f 1600 1604 1606
f 1600 1606 1602
f 5324 1365 5276
f 1419 1692 1238
f 1615 1587 1359
f 1616 1615 1359
f 1359 1587 1580
f 1143 1371 1373
f 1599 1596 1371
f 1371 1596 1373
f 1373 1596 1619
f 1141 1616 1359
f 1620 1616 1141
f 1628 1616 1620
f 1620 1622 1628
f 1620 1624 1622
f 1627 1628 1622
f 885 1373 1631
f 1373 1633 1631
f 1373 1619 1633
f 1376 1620 1141
f 1376 1624 1620
f 1635 885 1631
f 1636 885 1635
f 1151 1638 1376
f 1638 1624 1376
f 1155 885 1636
f 1153 1638 1151
f 1153 1982 1638
f 1641 1982 1153
f 1153 1642 1641
f 1645 1646 1650
f 1645 1398 1155
f 1153 1378 1653
f 1378 1390 1653
f 1390 1654 1653
f 1654 1390 1392
f 1656 1658 1654
f 1658 1653 1654
f 1642 1153 1653
f 1653 1658 1660
f 1653 1660 1642
f 1660 1658 1662
f 1167 1161 1664
f 1394 1167 1664
f 1662 1666 1668
f 1658 1666 1662
f 1664 1161 1396
f 1671 1181 1402
f 1672 1664 1674
f 1664 1396 1674
f 1671 1676 1674
f 1671 1674 1396
f 1672 1674 1679
f 1679 1674 1676
f 1402 1650 1676
f 1676 1671 1402
f 1650 1680 1676
f 1680 1679 1676
f 1645 1650 1402
f 1398 1645 1402
f 1389 1387 1682
f 1654 1392 1682
f 1392 1389 1682
f 1682 1387 1394
f 1656 1654 1682
f 1685 1656 1682
f 1682 1394 1685
f 1666 1658 1656
f 1664 1672 1394
f 1685 1394 1672
f 1656 1685 1666
f 1666 1685 1687
f 1685 1672 1687
f 1687 1672 1679
f 1687 1679 1689
f 1680 1689 1679
f 1419 1408 1690
f 1690 1420 1419
f 1420 1694 1423
f 1420 1690 1699
f 1694 1699 1700
f 1694 1420 1699
f 1703 1707 1254
f 1707 1414 1254
f 1707 1690 1414
f 1710 1690 1707
f 1707 1703 1708
f 1699 1690 1710
f 1710 1715 1704
f 1717 1715 1707
f 1708 1717 1707
f 1719 1704 1700
f 1700 1699 1719
f 1704 1719 1710
f 1719 1699 1710
f 1715 1720 1704
f 1425 1733 1723
f 1254 1256 1425
f 1703 1254 1425
f 1723 1724 1703
f 1425 1723 1703
f 2061 1703 1724
f 1425 1259 1728
f 1731 1728 1259
f 1733 1425 1728
f 1427 1731 1259
f 1735 3367 1433
f 1759 1737 1739
f 1739 1737 1741
f 1735 1742 1744
f 1433 1742 1735
f 1462 1744 1742
f 1746 1744 1462
f 1438 1465 1440
f 1433 1440 1742
f 1462 1742 1465
f 1440 1465 1742
f 1748 1774 1751
f 1774 1752 1751
f 2127 3378 1774
f 1774 1748 2127
f 2127 3379 3378
f 1757 1759 1448
f 1479 1757 1448
f 1759 1739 1448
f 1760 1757 1479
f 1739 1447 1448
f 1763 1447 3371
f 1739 1741 1763
f 1271 1447 1763
f 1765 1271 1763
f 1279 1286 1766
f 1286 1835 1766
f 1835 1833 1766
f 1452 1271 1768
f 1768 1271 1765
f 1462 1768 1746
f 1768 1765 1746
f 1768 1462 1452
f 1501 1468 1323
f 1772 3378 1755
f 1774 1772 1776
f 1778 1774 1776
f 1752 1774 1778
f 1760 1479 1780
f 2153 1760 1780
f 1482 1780 1479
f 1482 1481 1783
f 1482 2179 1780
f 1416 1690 1412
f 2180 1785 1786
f 1790 1785 2180
f 2180 1788 1790
f 1793 1785 1790
f 1794 1790 1788
f 1374 1147 844
f 1495 1485 1796
f 1798 1490 1486
f 1515 1490 1798
f 1496 1796 1485
f 1495 1800 1492
f 1492 1800 1802
f 1486 1492 1802
f 1804 1495 1796
f 1796 1496 1804
f 1804 1496 1806
f 1809 1798 1486
f 1515 1798 1810
f 1810 1798 1809
f 1810 1813 1515
f 1511 1515 1813
f 1495 1815 1800
f 1804 1815 1495
f 1816 1815 1804
f 1816 1804 1819
f 1819 1804 1806
f 1802 1800 1820
f 1815 1820 1800
f 1809 1802 1820
f 1486 1802 1809
f 1820 1822 1826
f 1820 1826 1809
f 1822 1816 1829
f 1826 1822 1829
f 1810 1809 1826
f 1810 1826 1813
f 1826 1829 1813
f 1813 1829 1527
f 1527 1511 1813
f 1815 1822 1820
f 1816 1822 1815
f 1816 1819 1829
f 1496 1279 1766
f 1766 1833 1496
f 1833 1835 1836
f 1499 1836 1835
f 1325 1836 1499
f 1833 1840 1496
f 1844 1840 1833
f 1836 1844 1833
f 1806 1496 1840
f 1527 1844 1836
f 1527 1836 1325
f 1806 1840 1819
f 1840 1844 1819
f 1819 1844 1829
f 1844 1527 1829
f 1374 810 1147
f 1772 1558 1847
f 1755 1558 1772
f 1558 1755 1502
f 1849 1847 1558
f 1850 1847 1849
f 1852 1854 1847
f 1852 1847 1850
f 1561 1564 1867
f 1849 1558 1856
f 1561 1856 1558
f 1856 1861 1858
f 1561 1861 1856
f 1861 1863 1858
f 1561 1867 1861
f 1863 1861 1867
f 1564 1871 1865
f 1865 1867 1564
f 1869 1865 1871
f 1869 1871 1555
f 1849 1856 1858
f 1863 1865 1873
f 1863 1873 1875
f 1867 1865 1863
f 1876 1869 1555
f 1849 1858 1850
f 1850 1858 1895
f 1875 1882 1858
f 1873 1881 1875
f 1881 1882 1875
f 1865 1884 1873
f 1873 1884 1881
f 1865 1869 1884
f 1882 1895 1858
f 1895 1882 1889
f 1882 1881 1889
f 1889 1881 1884
f 1887 1884 1869
f 1889 1884 1887
f 1889 1892 1895
f 1850 1895 1852
f 1852 1895 1892
f 1897 1887 1869
f 1876 1555 1578
f 1876 1578 1898
f 1900 1903 1578
f 1898 1578 1903
f 1898 1903 1905
f 1869 1898 1897
f 1869 1876 1898
f 1908 1578 1572
f 1900 1578 1908
f 1906 1900 1908
f 1910 1900 1906
f 1903 1900 1913
f 1905 1903 1913
f 1913 1900 1910
f 1913 1910 1914
f 1905 1913 1914
f 1905 1914 1916
f 1916 1914 1910
f 1919 1908 1582
f 1919 1582 1585
f 1585 1587 1919
f 1587 1921 1919
f 1908 1919 1906
f 1919 1921 1906
f 1906 1921 1922
f 1596 1594 1924
f 1956 1954 1924
f 1910 1906 1927
f 1927 1906 1928
f 1594 1931 1932
f 1956 1924 1935
f 1935 1594 1932
f 1935 1924 1594
f 1599 1931 1594
f 1599 1602 1937
f 1937 1931 1599
f 1606 1937 1602
f 1606 5368 5329
f 5326 5369 1606
f 1628 1939 1616
f 1941 1587 1615
f 1941 1921 1587
f 1939 1941 1615
f 1616 1939 1615
f 1628 1943 1939
f 1922 1921 1941
f 1922 1941 1943
f 1939 1943 1941
f 1945 1943 1947
f 1953 1619 1949
f 1922 1945 1951
f 1954 1953 1949
f 1922 1943 1945
f 1951 1945 1953
f 1951 1953 1954
f 1922 1951 1906
f 1906 1951 1956
f 1956 1951 1954
f 1619 1596 1949
f 1949 1596 1924
f 1924 1954 1949
f 1628 1627 1943
f 1943 1627 1947
f 1947 1627 1622
f 1619 1953 1633
f 1947 1958 1945
f 1958 1960 1945
f 1960 1631 1633
f 1622 1958 1947
f 1960 1958 1962
f 1960 1962 1631
f 1969 1958 1622
f 1958 1969 1962
f 1960 1953 1945
f 1953 1960 1633
f 1624 1965 1967
f 1622 1624 1967
f 1962 1969 1631
f 1631 1969 1971
f 1622 1967 1969
f 1971 1969 1967
f 1635 1631 1972
f 1971 1972 1631
f 1965 1979 1967
f 1979 1975 1972
f 1979 1971 1967
f 1971 1979 1972
f 1975 1636 1635
f 1638 1982 1624
f 1624 1982 1965
f 1975 1635 1972
f 1979 1965 1982
f 1982 1975 1979
f 1975 1982 1984
f 1975 1987 1636
f 1975 1984 1987
f 1641 1993 1982
f 1155 1636 1990
f 1641 1642 1993
f 1982 1993 1984
f 1984 1993 1987
f 1995 1990 1987
f 1990 1636 1987
f 1987 1993 1995
f 1642 1997 1999
f 1642 2001 1997
f 1646 1990 2003
f 2005 1646 2003
f 1993 1642 1999
f 1993 1999 1995
f 1995 1999 2006
f 1995 2006 2003
f 1995 2003 1990
f 2006 1999 2066
f 2006 2066 2003
f 1999 1997 2066
f 2003 2066 2005
f 1646 1645 1990
f 1990 1645 1155
f 1662 2001 1660
f 1660 2001 1642
f 1662 1668 2064
f 2062 1680 1650
f 2062 1689 1680
f 1668 1687 1689
f 2001 2064 1997
f 2001 1662 2064
f 1689 2064 1668
f 2062 2064 1689
f 1997 2064 2005
f 2005 2064 2062
f 2062 1646 2005
f 2066 1997 2005
f 1646 2062 1650
f 1687 1668 1666
f 1717 1708 2061
f 1703 2061 1708
f 1720 1717 2061
f 1720 1715 1717
f 2061 2059 1720
f 2061 1724 2059
f 1724 1723 1733
f 2056 2059 1724
f 1724 1733 2056
f 1733 2054 2056
f 2056 2054 2052
f 2052 1726 2056
f 2050 1726 2052
f 1726 744 2059
f 2059 2056 1726
f 2049 1733 1728
f 2049 2046 1733
f 2046 2054 1733
f 2052 2045 2050
f 2024 2041 2039
f 2039 2022 2024
f 2036 2024 2022
f 2036 2022 2034
f 2235 2032 2036
f 2030 2049 1728
f 1731 2030 1728
f 1731 2039 2030
f 1731 1427 2039
f 2041 2049 2030
f 2039 2041 2030
f 2039 1427 2028
f 1427 2026 2028
f 2046 2049 2041
f 2024 2046 2041
f 2039 2028 2022
f 2022 2028 2026
f 2054 2032 2235
f 2046 2032 2054
f 2024 2032 2046
f 2024 2036 2032
f 2034 2022 2026
f 2235 2036 2020
f 110 54 38
f 2034 2020 2036
f 1735 2018 3370
f 2026 1427 2018
f 2034 2026 2008
f 2018 2008 2026
f 2018 1735 2016
f 1735 2015 2016
f 2034 2013 2020
f 2008 2013 2034
f 2013 2008 2068
f 2008 2018 2068
f 2068 2018 2016
f 2235 2020 2070
f 2070 2013 2072
f 2070 2020 2013
f 2068 2072 2013
f 2074 2068 2016
f 2070 2072 2240
f 2068 2074 2072
f 2072 2074 2240
f 2080 2076 2078
f 1759 2080 2078
f 1759 2078 1737
f 2078 2085 1737
f 1737 2085 1741
f 2078 2086 2085
f 2085 2090 1741
f 2090 1763 1741
f 2085 2158 2090
f 2146 2158 2085
f 1746 1765 2093
f 2016 2015 2097
f 2097 2074 2016
f 2097 2015 2094
f 2100 2074 2097
f 2097 2098 2100
f 2098 2097 2102
f 2097 2094 2102
f 2248 2102 2094
f 2094 2093 2248
f 1735 1744 2015
f 1744 2094 2015
f 2093 2094 1744
f 1746 2093 1744
f 2106 1748 2109
f 2109 1751 2110
f 2109 1748 1751
f 2110 1751 1752
f 2106 2109 2110
f 2116 2106 2110
f 2118 2110 2115
f 2118 2116 2110
f 2118 2120 2116
f 2122 2124 2120
f 2118 2122 2120
f 1748 2106 2127
f 2129 2127 2130
f 2116 2130 2106
f 2106 2130 2127
f 2132 2134 2130
f 2130 2134 2129
f 2134 2138 2129
f 2116 2132 2130
f 2132 2116 2120
f 2132 2120 2124
f 2134 2132 2124
f 2134 2124 2140
f 2138 2134 2140
f 2124 2122 2140
f 2127 3373 3379
f 2127 2129 3373
f 2138 3373 2129
f 2080 1759 1757
f 2080 1757 2142
f 2142 2076 2080
f 1757 1760 2142
f 2078 2076 2086
f 2144 2086 2076
f 2076 2142 2144
f 2142 1760 2144
f 2086 2144 2146
f 2085 2086 2146
f 2146 2144 2148
f 1760 2148 2144
f 2146 2148 2151
f 2148 1760 2153
f 2153 1786 2154
f 1786 1785 2154
f 1785 2157 2154
f 2153 2154 2148
f 2148 2154 2157
f 2146 2151 2158
f 1785 1793 2161
f 2157 1785 2161
f 2188 2161 2162
f 2093 1765 1763
f 2115 1752 1778
f 1752 2115 2110
f 2115 1778 2165
f 2115 2165 2118
f 2122 2118 2165
f 2166 2165 1778
f 2166 1778 1776
f 2168 2165 2166
f 2166 1854 2168
f 2171 2168 1854
f 2122 2165 2168
f 2168 2171 2172
f 2122 2168 2140
f 2138 2174 3376
f 2172 2174 2138
f 2177 2174 2287
f 2153 1780 2184
f 1780 2179 2184
f 2177 2179 1783
f 2184 1786 2153
f 2184 2180 1786
f 2179 2183 2186
f 5335 5309 790
f 2184 1788 2180
f 2186 1788 2184
f 2287 1794 1788
f 2179 2177 2183
f 2186 2183 1788
f 1788 2183 2287
f 2177 2287 2183
f 1793 1794 2162
f 2162 1794 2287
f 2162 2287 2188
f 2288 2188 2287
f 1776 1772 1847
f 1776 1847 2166
f 2166 1847 1854
f 2198 1854 1852
f 5338 2171 1854
f 1889 2191 1892
f 2191 1889 2194
f 1887 2194 1889
f 2196 2198 1852
f 2196 1852 1892
f 2196 1892 2191
f 2196 2191 2198
f 2198 2191 2194
f 2198 2194 1897
f 1897 2194 1887
f 2200 5339 2198
f 2200 2198 2203
f 1897 2203 2198
f 2207 2200 2203
f 1854 2198 5339
f 4151 2200 2207
f 2203 1897 1898
f 1898 2208 2203
f 1898 2210 2208
f 2207 2203 2212
f 2203 2208 2210
f 4151 2207 2217
f 2217 2207 2212
f 5346 2217 2212
f 1916 1910 1927
f 1916 2210 1905
f 2219 1916 2220
f 1927 2220 1916
f 2219 2210 1916
f 1905 2210 1898
f 2219 2220 2231
f 2224 2226 2222
f 1927 1928 2228
f 1935 1932 2228
f 1935 2228 1928
f 1956 1935 1928
f 1906 1956 1928
f 2220 1927 2228
f 2222 1931 1937
f 2222 2228 1932
f 1931 2222 1932
f 2231 2220 2228
f 2231 2228 2222
f 2222 1937 2224
f 5409 2224 1937
f 2222 2226 2231
f 5331 5409 1937
f 1606 5365 5368
f 2232 2224 5409
f 5430 1466 1770
f 2045 2052 2054
f 2045 2043 2050
f 2054 2235 2045
f 2045 2235 2043
f 2235 2237 2043
f 2240 2238 2070
f 2240 2074 2100
f 2100 2098 2240
f 2235 2070 2237
f 2070 2238 2237
f 2243 2043 2237
f 5351 2090 2158
f 1763 2090 5348
f 1763 2244 3364
f 1763 5348 2244
f 1704 1692 1700
f 2104 2043 2243
f 2262 2237 2238
f 2250 2244 5354
f 2252 2260 2273
f 2260 2250 3382
f 2259 2260 2252
f 2259 2255 2250
f 2252 2255 2259
f 2255 2252 2098
f 2255 2098 2248
f 2252 2240 2098
f 2093 3364 3365
f 2248 3365 2250
f 2250 2255 2248
f 2098 2102 2248
f 2237 2262 2243
f 2238 2265 2262
f 2265 2243 2262
f 2265 2267 2243
f 2265 2238 2269
f 2238 2252 2269
f 2252 2270 2269
f 2269 2277 2265
f 2277 2278 2265
f 2273 2270 2252
f 2277 2269 2270
f 2273 2260 2275
f 2273 2277 2270
f 2243 2267 2104
f 2151 2148 2157
f 5358 2151 2157
f 2158 5355 5351
f 5358 2157 2161
f 5359 2151 5358
f 2172 2138 2140
f 2168 2172 2140
f 2287 2174 2284
f 2172 2171 2284
f 2284 2174 2172
f 2171 5338 2284
f 2203 2210 2212
f 2231 2291 2219
f 2219 2291 2210
f 2291 2231 2226
f 2210 2291 2212
f 2232 2226 2224
f 2240 2252 2238
f 2226 2232 2292
f 2226 2292 2291
f 5346 2212 2291
f 2291 5361 5346
f 5348 2090 5351
f 3382 2275 2260
f 2275 2278 2273
f 2337 322 2965
f 5364 2232 5409
f 2690 2357 2948
f 5373 5087 5376
f 5376 5087 5088
f 2288 2287 2284
f 5379 2288 5338
f 2288 2284 5338
f 3266 5389 5064
f 5397 875 693
f 968 3266 5385
f 968 3035 3266
f 2999 2973 2843
f 2935 2762 2498
f 3035 1770 3266
f 2292 2232 5361
f 5446 4803 2295
f 2161 2288 5358
f 2267 2265 2278
f 81 123 83
f 290 3191 3184
f 3266 2104 2267
f 3266 2267 2278
f 2278 2275 2295
f 3266 2278 2295
f 7017 5314 968
f 2498 5309 642
f 5397 489 5422
f 891 2759 840
f 2699 264 2786
f 2050 2496 2880
f 2923 571 501
f 2674 2397 14
f 2585 301 467
f 163 2508 2318
f 3287 2803 2690
f 2786 264 267
f 3159 482 2332
f 3205 2329 3254
f 2868 2458 3166
f 2353 960 3202
f 3276 123 81
f 3090 2915 2637
f 3069 608 3140
f 1223 2996 2426
f 2538 2371 2633
f 897 3202 322
f 87 81 83
f 2597 177 183
f 522 3312 3156
f 444 686 3230
f 2923 2999 571
f 2395 66 3276
f 270 3189 2695
f 2415 2626 2796
f 2575 168 3173
f 2687 2504 3252
f 3066 3159 2979
f 3014 2732 2711
f 2958 295 3167
f 3031 131 3080
f 3202 897 891
f 301 2585 2664
f 3222 2422 3091
f 2535 2547 3062
f 2637 2915 3218
f 2740 2603 3179
f 3225 264 2924
f 2766 481 3273
f 2685 2940 2827
f 444 3230 695
f 3332 2312 3179
f 3344 979 709
f 2303 744 3261
f 3286 519 522
f 2504 3104 3291
f 3205 2536 2314
f 3212 162 2502
f 3264 2472 3290
f 113 108 102
f 2325 2496 2419
f 2508 2445 168
f 2643 3046 3188
f 2314 2839 2462
f 2871 2712 2875
f 1466 2586 2467
f 2347 2457 3108
f 2614 280 2485
f 290 3095 3332
f 2362 885 886
f 2973 2641 2548
f 2306 362 363
f 2551 2917 2380
f 2656 2811 2517
f 351 2391 2393
f 2836 3082 2365
f 2480 2656 2517
f 2613 2796 3232
f 2633 2371 1019
f 2322 530 896
f 3281 490 2688
f 2603 3332 3179
f 744 3318 3322
f 2848 3324 3306
f 3021 98 79
f 2690 2765 2730
f 3144 63 77
f 2568 3023 3348
f 481 2766 3009
f 2588 2365 2948
f 169 3080 170
f 2690 2590 3184
f 2629 2354 2948
f 3014 3258 2732
f 2517 157 2424
f 2482 551 790
f 3244 3023 2429
f 3342 2413 3006
f 2841 3173 3169
f 3291 3059 3214
f 2681 2746 2434
f 2799 282 721
f 2831 280 3009
f 3224 1221 3200
f 2645 2568 3348
f 63 2817 2452
f 2621 174 593
f 2613 2448 3349
f 3254 2329 2824
f 3344 2683 979
f 2535 3062 2630
f 2855 3207 707
f 3166 2506 2868
f 3038 301 2664
f 2707 174 363
f 2595 3124 3220
f 3220 2958 3167
f 2936 2309 3348
f 2332 2806 3151
f 2408 2855 707
f 3029 2785 5430
f 2368 295 296
f 3073 2843 2711
f 2406 3335 2422
f 3027 2803 2740
f 2909 295 2335
f 3106 305 2366
f 3000 3141 2744
f 1221 3224 1216
f 2440 1226 2773
f 3010 1226 1224
f 706 2434 2746
f 2989 80 3276
f 473 2847 2969
f 2470 2751 2811
f 2487 2586 3294
f 2828 3078 2436
f 2474 3354 2430
f 3093 86 2940
f 290 2585 467
f 2751 3297 3272
f 7051 1410 1234
f 2551 2824 2519
f 322 3113 897
f 960 2965 3202
f 318 3156 319
f 3261 2371 3151
f 948 3200 1221
f 2357 2782 2948
f 2504 3269 3225
f 270 3046 3189
f 3261 3151 2806
f 136 2814 162
f 3104 2504 3225
f 3284 701 699
f 2338 3169 163
f 168 2621 593
f 3338 2819 3240
f 2712 2366 2335
f 2987 2540 2851
f 2391 174 2393
f 2377 88 2532
f 3100 318 926
f 2712 299 2875
f 2619 3073 2732
f 2611 5290 5232
f 2354 2629 3164
f 2374 2851 2535
f 2551 2380 3254
f 2775 101 113
f 925 2966 1069
f 3297 2751 2470
f 2858 2438 3277
f 2382 2545 2397
f 2316 2827 2808
f 2855 1242 1238
f 498 3050 507
f 3050 295 2402
f 2927 95 444
f 2940 2768 2827
f 1770 1466 3266
f 593 3140 3162
f 3023 2647 3348
f 682 973 685
f 2880 2467 2586
f 3214 2907 3308
f 3345 2991 2474
f 2397 2433 2382
f 2487 744 1726
f 101 3091 74
f 2626 2416 2848
f 444 695 702
f 301 3038 3164
f 2643 2765 2803
f 157 3095 2718
f 2406 3141 3083
f 80 2771 274
f 3296 2397 2674
f 2480 2382 2433
f 2296 3236 3303
f 2556 2992 594
f 2841 3097 2387
f 2662 2699 2786
f 2946 157 2400
f 2965 322 3202
f 2345 157 2718
f 616 2707 363
f 2513 174 2861
f 3146 2782 3188
f 2873 949 3300
f 2703 924 3185
f 2725 738 746
f 2681 2653 2672
f 2841 3169 2338
f 1226 3010 3224
f 3106 2552 2318
f 3097 2841 3194
f 3173 2841 3178
f 3124 2595 3204
f 3140 881 3162
f 3300 951 3158
f 2751 2693 2740
f 2679 2379 3000
f 2827 2316 3134
f 2559 131 3188
f 1226 3200 3076
f 3248 87 2833
f 3277 2438 2599
f 2419 2043 2104
f 1206 3158 951
f 886 3101 2362
f 280 2831 493
f 2430 1692 1704
f 80 2989 3248
f 479 3273 1501
f 3085 2839 3134
f 14 2545 2520
f 72 3250 2939
f 74 2422 3335
f 2855 2991 3207
f 2924 3104 3225
f 479 2831 3009
f 168 2575 2621
f 548 136 549
f 722 3078 2577
f 3290 3227 2443
f 1201 3132 1172
f 917 2863 914
f 2303 2806 2477
f 3076 2773 1226
f 881 3140 608
f 2043 2419 2496
f 5430 2566 1466
f 2776 482 3066
f 3064 157 2720
f 790 3316 2482
f 2347 2424 3064
f 3338 532 551
f 2547 2535 2520
f 3322 3111 3261
f 2520 2535 2529
f 2648 14 2520
f 2835 3258 2647
f 264 3225 3269
f 2704 2782 2506
f 2659 3073 3218
f 2552 163 2318
f 2935 1374 2762
f 174 3178 2387
f 2472 3264 3085
f 2496 2325 2467
f 1466 2325 2933
f 3116 2349 914
f 3303 948 904
f 3125 2940 2685
f 2996 706 2426
f 959 3068 1204
f 310 2762 1374
f 682 970 971
f 697 3230 686
f 2969 3232 2796
f 3058 2410 2752
f 2300 3125 2685
f 2819 3338 551
f 2457 2347 3064
f 3141 3222 2700
f 2709 2714 3314
f 3141 2385 2744
f 3051 2752 2641
f 2974 3319 2752
f 183 2393 2387
f 3058 2752 3319
f 2973 2711 2843
f 2659 3327 2843
f 2659 3218 2915
f 2966 477 2633
f 2488 3072 3325
f 2969 3234 473
f 2969 2796 2984
f 2613 3349 2901
f 2448 2613 3232
f 2984 2805 3234
f 2984 2796 2626
f 2848 3306 3246
f 2778 3214 2519
f 2519 2580 2917
f 2776 477 2530
f 2835 2619 2732
f 965 2976 968
f 5430 3035 2976
f 2933 2419 2726
f 2923 2641 2973
f 2659 2843 3073
f 2915 2744 3327
f 2980 305 3116
f 2648 2462 3085
f 2538 477 2979
f 477 2776 3066
f 3281 2679 3090
f 3338 3240 490
f 3006 3327 2744
f 2655 2480 2517
f 3058 3319 2696
f 3268 2452 2674
f 3338 490 2858
f 3205 2540 2987
f 2545 14 2397
f 2545 2382 2520
f 304 3124 592
f 2647 3258 3348
f 2316 2472 3134
f 2548 2641 3014
f 2547 2382 3062
f 2848 2416 3324
f 608 3172 614
f 3222 3141 2406
f 157 3064 2424
f 2739 2827 3134
f 2839 3085 2462
f 2839 2314 3134
f 3241 3349 2448
f 2611 1019 3029
f 3268 14 3290
f 2329 2987 2824
f 2907 2824 2416
f 177 2597 3097
f 115 2957 2667
f 2529 2648 2520
f 169 173 177
f 3244 2451 2599
f 2470 2480 2433
f 2540 2462 2529
f 2824 2778 2519
f 3240 2819 2688
f 3281 2852 2717
f 2717 2639 2771
f 3297 2433 3272
f 2858 2608 2438
f 3342 3006 2744
f 2419 2933 2325
f 3266 2726 2104
f 1466 2467 2325
f 2467 2880 2496
f 2586 2487 2880
f 2438 2722 2599
f 1466 3294 2586
f 2566 5430 3153
f 2580 2924 2917
f 2592 482 2599
f 2592 2451 2477
f 2568 2645 2429
f 3073 2711 2732
f 2382 2547 2520
f 3062 2480 2630
f 2953 1019 2371
f 2953 3261 3111
f 2712 2335 299
f 2960 930 530
f 3068 959 650
f 3068 630 1204
f 3286 3156 3100
f 2958 3220 296
f 2402 295 2368
f 507 3050 2402
f 498 299 3050
f 2402 2368 507
f 507 2368 292
f 2909 2366 3167
f 295 2909 3167
f 2871 3082 2552
f 3287 3184 3191
f 2603 2740 2803
f 2340 2811 2751
f 2340 2740 3179
f 3027 2695 3189
f 2765 2690 2803
f 2590 2354 3184
f 2590 2690 2948
f 3044 2365 3082
f 2722 2438 2619
f 3038 2354 3164
f 88 2377 95
f 3046 270 3188
f 3046 2643 3189
f 2585 290 2664
f 2597 2387 3097
f 3047 169 177
f 3034 3220 3167
f 3034 305 2595
f 2595 305 3204
f 51 9 547
f 2836 163 3082
f 2338 163 2836
f 3000 2744 2565
f 2506 2782 3146
f 2506 2578 2868
f 2739 2314 2685
f 2508 168 3116
f 2358 301 498
f 467 2358 535
f 2712 2871 2366
f 2980 914 2863
f 2552 2366 2871
f 2966 2633 1069
f 1069 2633 1019
f 904 2296 3303
f 2461 3345 2474
f 2707 616 2861
f 2559 270 145
f 3312 522 530
f 3312 319 3156
f 2575 3178 2621
f 2508 163 3169
f 530 930 2857
f 2857 927 2759
f 2664 290 3184
f 2322 897 319
f 2759 896 530
f 3108 2982 2424
f 2759 891 896
f 2357 2690 2730
f 2629 2365 3164
f 709 972 970
f 3252 2562 682
f 467 301 2358
f 2875 301 3164
f 2552 3106 2366
f 2337 2556 2522
f 2992 630 594
f 2992 2556 3130
f 3178 2575 3173
f 168 803 2349
f 2312 157 3179
f 2312 3332 3095
f 3080 169 2578
f 2841 2458 3194
f 3095 290 2718
f 2424 2655 2517
f 2551 3254 2824
f 2704 2836 2588
f 2730 2643 3188
f 2759 927 840
f 305 2318 3116
f 3261 2953 2371
f 2871 3044 3082
f 3069 593 3172
f 2868 3047 3194
f 2506 3146 2578
f 2349 803 914
f 2424 2347 3108
f 3113 319 897
f 630 3068 650
f 305 3106 2318
f 5426 930 2960
f 3113 322 3119
f 2946 2614 2720
f 2965 960 2556
f 3119 318 319
f 3119 322 323
f 305 2863 2703
f 2345 153 2400
f 3146 3031 2578
f 2873 960 3132
f 2513 614 3172
f 3138 960 3101
f 174 2513 3172
f 620 2861 616
f 3138 1172 3132
f 2841 2338 3166
f 2863 917 924
f 1172 3138 3101
f 3132 1201 949
f 885 2362 840
f 960 2994 2362
f 3130 960 2728
f 630 3130 2728
f 593 2725 746
f 608 3069 3172
f 2506 3166 2836
f 2836 2704 2506
f 2861 620 614
f 2857 930 927
f 2614 2946 2400
f 3162 738 2725
f 2720 2485 2457
f 2836 2365 2588
f 3151 2979 3159
f 2522 594 735
f 3159 3066 482
f 3173 168 3169
f 2387 2597 183
f 3314 571 2709
f 3146 131 3031
f 3204 305 3185
f 2372 282 2805
f 3194 3047 177
f 2578 3031 3080
f 169 2868 2578
f 2728 1204 630
f 2728 960 3158
f 593 3162 2725
f 3162 879 738
f 2338 2836 3166
f 949 2873 3132
f 3178 2841 2387
f 3101 886 1172
f 951 3300 949
f 3158 1206 1204
f 3156 3286 522
f 319 3312 530
f 3100 926 7025
f 2353 891 2994
f 2354 2590 2948
f 2782 2588 2948
f 318 3119 323
f 3204 3185 311
f 322 2337 2522
f 2695 3027 2740
f 3191 290 3332
f 3184 3287 2690
f 2508 3169 2445
f 2803 3191 3332
f 3179 157 2811
f 3332 2603 2803
f 2365 3044 3164
f 131 2559 145
f 3185 924 311
f 3124 3204 592
f 2803 3287 3191
f 530 2857 2759
f 960 3138 3132
f 2803 3027 3189
f 2306 174 2391
f 519 3286 3100
f 2345 2718 153
f 3124 304 296
f 592 3204 311
f 2868 169 3047
f 2980 3116 914
f 3111 3322 2785
f 2552 3082 163
f 2994 840 2362
f 840 2994 891
f 682 932 970
f 2371 2538 2979
f 539 2820 2693
f 2556 2337 2965
f 2365 2629 2948
f 2782 2730 3188
f 2366 2909 2335
f 2391 351 362
f 2393 183 351
f 2393 174 2387
f 594 2522 2556
f 168 2349 3116
f 3236 3147 3303
f 322 2522 735
f 3078 722 2436
f 3078 2828 2577
f 157 2312 3095
f 2461 2920 2469
f 3234 2805 2799
f 3232 3351 2448
f 2653 2681 3147
f 2653 3236 2672
f 522 2960 530
f 3010 1216 3224
f 1216 3010 1224
f 2768 2940 86
f 2768 56 2827
f 2827 2739 2685
f 3259 93 3093
f 5430 2785 3153
f 3153 3318 3294
f 3294 3318 2487
f 2718 562 153
f 2438 2608 3218
f 3284 703 701
f 3072 2645 3325
f 2374 3306 3324
f 2374 3324 2851
f 2377 93 95
f 3255 310 162
f 3255 3212 2482
f 2989 81 3248
f 81 2989 3276
f 960 3130 2556
f 11 5377 1
f 2709 571 2999
f 3250 72 539
f 3250 2465 2939
f 3144 72 2817
f 2104 2726 2419
f 2635 2662 2786
f 2766 479 3009
f 3324 2416 2824
f 2987 3324 2824
f 2613 3308 2796
f 2611 3029 5430
f 2380 2662 2527
f 3073 2619 3218
f 2831 479 493
f 87 3248 81
f 2833 84 2812
f 2433 3297 2470
f 3268 2674 14
f 3108 2457 2671
f 2858 482 2530
f 3272 2465 2693
f 945 1501 3273
f 2395 80 128
f 2389 4600 1612
f 2389 1374 2935
f 66 2395 128
f 2605 490 3281
f 3327 3006 2413
f 2398 2488 3118
f 2907 2778 2824
f 2309 2446 3325
f 2703 2863 924
f 2400 481 2614
f 3230 697 695
f 709 932 2794
f 72 3144 77
f 2817 2939 2452
f 2648 2529 2462
f 2796 3308 2415
f 2808 56 47
f 2626 3246 2805
f 2781 3218 2608
f 3101 960 2362
f 3151 3159 2332
f 2662 2635 2527
f 2683 699 980
f 2785 3322 3318
f 84 2833 87
f 2812 74 3335
f 3258 2835 2732
f 2794 932 2408
f 2688 2502 2660
f 2814 2502 162
f 3212 2819 551
f 2828 721 935
f 2695 2740 2820
f 2740 2340 2751
f 2871 2875 3164
f 3029 1019 3111
f 2803 3189 2643
f 2820 539 270
f 2820 2740 2693
f 2635 465 2527
f 2791 2461 2303
f 2699 2662 2924
f 2773 3076 2996
f 3205 2987 2329
f 40 51 538
f 282 2799 2805
f 2465 3272 2433
f 2639 274 2771
f 1019 2953 3111
f 3316 790 2498
f 3316 310 2482
f 473 3234 2799
f 3023 2568 2429
f 465 2635 2786
f 3009 280 2614
f 305 2980 2863
f 3236 2296 3252
f 2775 2601 2700
f 3222 3091 2775
f 1226 2440 1234
f 2472 3085 3134
f 2540 3205 2462
f 2737 722 2426
f 542 3338 2858
f 3264 14 3085
f 3222 2406 2422
f 2408 737 1229
f 3319 2974 2748
f 2562 904 682
f 1466 2726 3266
f 2855 1224 1242
f 542 2530 477
f 2851 3324 2987
f 2577 935 1247
f 2982 3108 2671
f 2477 2791 2303
f 3344 699 2683
f 56 2768 86
f 2667 113 115
f 482 3277 2599
f 2422 74 3091
f 2443 3268 3290
f 2973 2548 2711
f 3335 3083 80
f 3080 131 170
f 2451 2592 2599
f 2572 19 2822
f 1223 2440 2773
f 2645 3072 2454
f 3354 2474 2991
f 3354 1692 2430
f 2430 744 2474
f 2923 2973 2999
f 2811 2656 2470
f 98 3021 115
f 2907 2415 3308
f 2434 706 3076
f 2532 90 3093
f 737 2408 932
f 3072 2488 2454
f 3207 2991 2469
f 3200 948 3076
f 290 562 2718
f 2717 2421 3040
f 3344 709 3118
f 2714 2700 96
f 3002 688 686
f 3002 264 3269
f 3023 3244 2599
f 2637 3218 2781
f 2438 3218 2619
f 2529 2851 2540
f 444 430 686
f 482 2776 2530
f 891 2353 3202
f 2940 3259 3093
f 2608 2858 490
f 56 2808 2827
f 1223 3339 2440
f 2426 722 1223
f 2504 2687 3269
f 2354 3038 2664
f 2372 3306 2671
f 2458 2868 3194
f 3205 2314 2462
f 2907 3214 2778
f 2527 465 3216
f 2939 2817 72
f 2855 1692 2991
f 299 2335 295
f 174 3172 593
f 310 3255 2482
f 362 2306 2391
f 3269 682 688
f 2982 2671 3306
f 2485 2720 2614
f 2465 3250 539
f 3220 3034 2595
f 2480 2655 2630
f 479 2766 3273
f 3216 465 93
f 131 3146 3188
f 174 2306 363
f 593 3069 3140
f 881 879 3162
f 630 2992 3130
f 3234 2969 2984
f 2400 153 481
f 3236 3252 2504
f 477 2966 925
f 3205 3254 2536
f 3147 948 3303
f 90 2532 88
f 2991 3345 2469
f 2672 2746 2681
f 3306 2374 2982
f 2782 2704 2588
f 2457 3064 2720
f 2806 2303 3261
f 2480 3062 2382
f 1204 2728 3158
f 1466 2933 2726
f 86 3093 90
f 2855 1238 1692
f 2389 2935 5307
f 532 3338 937
f 2717 2379 3281
f 3212 3255 162
f 305 3167 2366
f 707 2398 3118
f 2474 744 2303
f 960 2353 2994
f 2722 3023 2599
f 2496 2050 2043
f 2903 2429 2515
f 465 2786 267
f 3000 3083 3141
f 481 3009 2614
f 2711 2548 3014
f 707 2794 2408
f 174 2621 3178
f 904 2562 2296
f 979 2683 980
f 2485 497 282
f 897 2322 896
f 530 2322 319
f 2354 2664 3184
f 168 2445 3169
f 2880 1726 2050
f 2714 3342 2700
f 2314 2739 3134
f 3318 3153 2785
f 3236 2653 3147
f 2389 1612 1374
f 2762 310 2498
f 3185 305 2703
f 270 2559 3188
f 318 3100 3156
f 310 3316 2498
f 2458 2841 3166
f 2782 2357 2730
f 444 702 703
f 93 2377 2532
f 682 2687 3252
f 3051 2641 2923
f 2924 2905 3104
f 2709 2999 2413
f 2811 2340 3179
f 535 2358 498
f 2871 3164 3044
f 2979 3151 2371
f 2408 1224 2855
f 264 3002 686
f 2535 2982 2374
f 3268 2443 2452
f 3327 2413 2843
f 2999 2843 2413
f 3050 299 295
f 3339 1234 2440
f 2408 1229 1224
f 3000 2565 3090
f 2368 296 292
f 2851 2529 2535
f 706 2996 3076
f 2737 2865 2436
f 2648 3085 14
f 2647 3023 2619
f 296 3220 3124
f 157 2946 2720
f 3344 3284 699
f 2775 3091 101
f 539 134 502
f 490 2781 2608
f 2630 2982 2535
f 722 2737 2436
f 2502 2819 3212
f 3296 2433 2397
f 948 2681 2434
f 101 74 120
f 2982 2630 2424
f 2805 2984 2626
f 948 3147 2681
f 1404 1234 1410
f 614 2513 2861
f 682 971 973
f 2765 2643 2730
f 2502 2688 2819
f 295 2958 296
f 688 3002 3269
f 2735 2300 3254
f 74 2812 84
f 177 3097 3194
f 548 549 146
f 960 3300 3158
f 2709 2413 3342
f 935 2577 2828
f 14 3264 3290
f 707 3118 709
f 2655 2424 2630
f 477 3066 2979
f 1226 3224 3200
f 101 124 125
f 2687 682 3269
f 539 2693 2465
f 2508 3116 2318
f 744 3322 3261
f 3850 5431 2976
f 174 2707 2861
f 123 3276 66
f 319 3113 3119
f 93 3125 3216
f 1692 3354 2991
f 80 2395 3276
f 473 2799 721
f 305 3034 3167
f 113 101 108
f 96 3021 79
f 490 3240 2688
f 3327 2659 2915
f 63 3144 2817
f 274 2639 548
f 948 2434 3076
f 2785 3029 3111
f 945 3273 481
f 682 685 688
f 2899 2457 2485
f 2714 2709 3342
f 101 120 124
f 113 2667 2775
f 539 502 270
f 2379 3083 3000
f 744 2430 1704
f 1466 2566 3294
f 2461 2474 2303
f 157 2345 2400
f 80 2833 2812
f 2482 3212 551
f 2619 2835 2647
f 3294 2566 3153
f 2379 2800 3083
f 2976 3035 968
f 157 2517 2811
f 1726 2880 2487
f 95 2927 2748
f 264 2699 2924
f 2717 2771 2379
f 477 2538 2633
f 2472 2316 2808
f 2592 2477 2806
f 709 970 932
f 80 2812 3335
f 2717 3040 2639
f 3023 2722 2619
f 80 3248 2833
f 2656 2480 2470
f 444 703 3284
f 709 2794 707
f 3345 2461 2469
f 1223 2773 2996
f 2502 2814 2660
f 270 2695 2820
f 301 2875 299
f 497 2485 280
f 2907 2416 2415
f 3296 2465 2433
f 3125 93 3259
f 2751 3272 2693
f 2562 3252 2296
f 5232 1019 2611
f 2939 2674 2452
f 721 2828 473
f 722 2577 1247
f 2406 3083 3335
f 93 2532 3093
f 744 2487 3318
f 3090 2565 2915
f 960 2873 3300
f 2451 3244 2429
f 2436 473 2828
f 709 979 972
f 2565 2744 2915
f 2527 2735 2380
f 3338 542 278
f 150 110 30
f 2905 2924 2580
f 2677 2426 706
f 2735 3216 2300
f 3222 2775 2700
f 3015 2515 2454
f 501 2554 2974
f 2645 2913 3325
f 2605 3281 3090
f 2901 3214 3308
f 2757 3351 2865
f 2955 109 2951
f 136 2570 2814
f 2299 2309 2410
f 3125 3259 2940
f 2971 19 102
f 2660 2478 2421
f 3051 501 2974
f 2945 2478 2570
f 2554 2748 2974
f 2847 3351 3232
f 3051 2923 501
f 2887 706 3110
f 2696 3056 2890
f 2865 2887 3110
f 2936 2410 2309
f 2899 2372 2671
f 571 569 501
f 706 2887 2677
f 3000 3090 2679
f 2637 2605 3090
f 444 3149 2927
f 142 2943 3330
f 3025 571 150
f 2410 3014 2641
f 2385 3342 2744
f 2601 96 2700
f 2696 3053 2927
f 3210 3017 3019
f 2746 3110 706
f 3149 444 3284
f 2893 2515 2429
f 136 2945 2570
f 2372 3246 3306
f 3019 3236 2504
f 2748 2962 2351
f 2351 109 88
f 2931 124 2929
f 2951 2554 501
f 707 3237 2398
f 2714 96 3314
f 2957 115 3021
f 2660 2570 2478
f 2457 2899 2671
f 2901 3210 3214
f 2488 3330 3118
f 2918 142 3284
f 96 2957 3021
f 2443 2931 2929
f 3210 3019 3291
f 2852 3281 2688
f 19 2971 2754
f 2410 2641 2752
f 571 2304 569
f 2858 2530 542
f 2592 2806 2332
f 3056 2696 2878
f 142 3149 3284
f 3210 2901 3349
f 3025 150 575
f 3004 274 548
f 2845 2515 3015
f 2554 2951 2962
f 2927 2878 2696
f 2446 2309 2299
f 2903 2477 2451
f 2494 150 30
f 3227 2754 124
f 2426 2677 2737
f 124 2931 3227
f 3015 2469 2920
f 142 2878 3149
f 2300 3216 3125
f 2896 3088 2454
f 3059 3291 2580
f 2847 2865 3351
f 2890 2299 2696
f 3058 2696 2299
f 2519 3059 2580
f 165 2651 312
f 2845 3015 2920
f 3241 2760 3349
f 2847 3232 2969
f 3241 2672 2760
f 3241 2448 2757
f 2887 2865 2677
f 2889 473 2436
f 2469 2623 3207
f 2623 2469 3088
f 2845 2791 2903
f 2896 2488 2398
f 3210 3291 3214
f 2893 2645 2454
f 2626 2848 3246
f 2905 3291 3104
f 3017 3236 3019
f 2613 2901 3308
f 2845 2920 2461
f 3059 2519 3214
f 2913 2645 3348
f 2913 2309 3325
f 3056 142 2890
f 3053 2748 2927
f 3053 2696 3319
f 2890 142 2446
f 2917 2662 2380
f 2911 142 3330
f 2911 3325 2446
f 2918 3344 2943
f 2931 2443 3227
f 2929 124 63
f 2929 2452 2443
f 2971 124 2754
f 124 2971 102
f 2822 19 2754
f 2822 3227 3290
f 2735 3254 2380
f 2878 2927 3149
f 2945 136 548
f 2561 139 146
f 2561 136 2651
f 2601 2775 2667
f 2957 96 2667
f 2583 109 2955
f 2955 501 569
f 3025 587 2304
f 2951 109 2962
f 2962 2748 2554
f 2962 109 2351
f 2351 95 2748
f 571 3025 2304
f 2752 3051 2974
f 3241 2746 2672
f 3333 550 128
f 2300 2536 3254
f 2300 2685 2314
f 2936 3348 3258
f 2299 2890 2446
f 3210 3349 3017
f 2660 2852 2688
f 3338 278 937
f 2605 2781 490
f 2852 2660 2717
f 3296 2674 2939
f 2477 2903 2791
f 2845 2461 2791
f 2592 2332 482
f 2847 2889 2865
f 2800 2379 2771
f 2605 2637 2781
f 150 79 33
f 2822 2754 3227
f 3351 2757 2448
f 2917 2924 2662
f 2572 2822 2472
f 2623 707 3207
f 3281 2379 2679
f 2936 3258 3014
f 3291 2905 2580
f 150 33 110
f 2478 548 2421
f 3291 3019 2504
f 136 2561 146
f 2385 3141 2700
f 2847 473 2889
f 3015 3088 2469
f 2572 2472 2808
f 2410 3058 2299
f 3017 3349 2760
f 2800 80 3083
f 550 3333 545
f 3325 2911 3330
f 3110 2746 2757
f 3088 2896 2398
f 2677 2865 2737
f 2626 2415 2416
f 3088 3015 2454
f 2865 2889 2436
f 3040 548 2639
f 3333 274 545
f 2865 3110 2757
f 2421 2717 2660
f 96 2601 2667
f 2917 2551 2519
f 3004 146 159
f 2651 165 139
f 2452 2929 63
f 3342 2385 2700
f 47 2572 2808
f 3237 3088 2398
f 142 2911 2446
f 3088 3237 2623
f 2903 2451 2429
f 548 3040 2421
f 2300 2314 2536
f 3017 2760 2672
f 2570 2660 2814
f 2478 2945 548
f 3017 2672 3236
f 2309 2913 3348
f 2822 3290 2472
f 2372 2805 3246
f 2488 2896 2454
f 2465 3296 2939
f 95 2351 88
f 2735 2527 3216
f 2515 2845 2903
f 2858 3277 482
f 2572 47 19
f 2899 2485 282
f 146 3004 548
f 2899 282 2372
f 274 3004 159
f 2494 538 547
f 538 2494 30
f 2410 2936 3014
f 109 2304 587
f 569 2583 2955
f 274 3333 128
f 80 2800 2771
f 3330 2488 3325
f 150 2494 547
f 2748 3053 3319
f 3025 575 587
f 3344 2918 3284
f 501 2955 2951
f 3237 707 2623
f 150 96 79
f 3118 2943 3344
f 150 571 3314
f 150 3314 96
f 2943 3118 3330
f 2746 3241 2757
f 2651 136 312
f 2583 569 2304
f 142 2918 2943
f 139 2561 2651
f 142 3056 2878
f 109 2583 2304
f 2515 2893 2454
f 2645 2893 2429
f 3355 1041 3357
f 3357 1041 1471
f 3359 1038 1053
f 3359 3361 1038
f 3361 3355 1038
f 3364 2250 3365
f 3364 2093 1763
f 3365 2248 2093
f 3367 3370 1427
f 3367 1427 1431
f 3370 2018 1427
f 3371 1739 1763
f 3379 2177 1783
f 3378 1772 1774
f 3378 1783 1755
f 3373 3376 2177
f 3376 2174 2177
f 5418 5437 3382
f 3382 2250 5354
f 3869 3920 3890
f 3572 3610 3664
f 468 621 5343
f 3545 3620 3707
f 4838 4649 4743
f 4992 6547 6546
f 5036 5091 4994
f 4874 4861 4839
f 4093 4003 4095
f 3545 3484 3501
f 4011 3965 3949
f 6551 6550 4979
f 6553 6554 6552
f 3490 3498 3610
f 3560 3637 3721
f 4147 4196 4293
f 3979 3862 3967
f 5175 5162 5176
f 2616 3390 5328
f 4663 4420 4507
f 3490 3572 3552
f 4510 4664 5376
f 3721 3637 3734
f 4874 4940 4893
f 4097 4331 4135
f 3669 3687 3573
f 4832 6557 6556
f 596 853 806
f 3654 3644 3732
f 3195 3198 3436
f 6558 5067 5107
f 6560 4317 4343
f 3698 3663 3664
f 4009 4115 4063
f 1831 2137 3412
f 3567 3533 3589
f 3825 3855 3880
f 3471 3462 3426
f 3472 3520 3471
f 3746 3757 3654
f 4398 4422 4190
f 3465 6562 6563
f 3468 3481 3556
f 3956 3788 3804
f 4823 4801 4936
f 3705 3640 3616
f 2491 2742 3280
f 2083 3128 2493
f 3705 3751 3640
f 725 966 1045
f 5272 3280 5273
f 313 317 541
f 5142 5080 5140
f 3448 3406 3451
f 435 339 440
f 4642 4477 4522
f 5299 4600 5301
f 4226 4116 4209
f 870 1267 1563
f 4099 4195 4144
f 4600 118 5301
f 75 4600 112
f 4600 5307 105
f 5266 5285 5284
f 105 122 112
f 3121 3128 3404
f 4249 4251 4076
f 4245 4084 4207
f 3487 3488 5368
f 1571 5401 2788
f 105 5333 155
f 4123 4511 4355
f 5003 4954 4914
f 127 258 291
f 3560 6567 6568
f 155 240 164
f 3610 3572 3490
f 6571 3646 6570
f 285 413 243
f 6576 4511 6574
f 161 5284 258
f 3617 3588 3633
f 243 321 240
f 243 413 325
f 255 291 468
f 4939 4908 4826
f 269 413 285
f 4762 4902 4642
f 468 291 5371
f 3598 3603 3637
f 3492 3525 3553
f 5118 5146 5178
f 5255 358 5243
f 325 459 389
f 325 690 459
f 5127 5115 5124
f 3522 3616 3542
f 389 516 321
f 389 459 455
f 297 384 368
f 455 459 687
f 5262 624 5428
f 3522 3484 3616
f 5259 401 624
f 818 541 633
f 5371 534 468
f 3041 5311 5314
f 435 503 565
f 6580 4339 4404
f 5151 5215 5199
f 3401 5227 5305
f 155 164 122
f 596 806 534
f 4308 4307 4259
f 516 455 754
f 4997 4952 4904
f 3836 3772 3838
f 5343 727 627
f 4630 4740 4688
f 4527 4201 4483
f 4765 6587 6586
f 633 678 782
f 534 806 933
f 6559 6590 6591
f 4924 4809 4829
f 3685 3768 3765
f 678 1119 782
f 6594 4773 6596
f 5146 5118 5092
f 4668 4691 4834
f 806 909 933
f 678 974 1119
f 3898 4047 3888
f 4680 4709 4712
f 909 964 933
f 974 1535 1119
f 829 985 1557
f 829 870 985
f 4893 4877 4849
f 4750 4639 4789
f 4252 4254 4362
f 459 690 687
f 1557 1356 941
f 1045 1231 1401
f 4485 4301 4373
f 5000 6598 6599
f 3729 3844 3793
f 5061 5127 5124
f 1557 2137 1831
f 4217 4236 4263
f 358 468 627
f 964 1517 1512
f 5267 1976 2607
f 976 1350 974
f 2083 1517 2311
f 1563 2215 1557
f 1401 1522 1609
f 4195 4068 4313
f 967 965 5279
f 1535 2326 1712
f 2215 2137 1557
f 4375 4414 4382
f 5134 5136 5106
f 1512 1517 2247
f 1522 1981 2089
f 1609 2089 1976
f 1609 1522 2089
f 1696 1611 2193
f 4826 4803 4939
f 243 325 389
f 3695 3696 3712
f 1824 1831 2281
f 5381 2295 4559
f 1843 2788 2543
f 3890 3920 3945
f 1879 1976 5252
f 2281 1831 3198
f 4844 4779 4861
f 3652 3745 3731
f 3986 4043 4041
f 2877 2882 2884
f 2083 2493 2247
f 4917 4898 4795
f 4335 4574 4399
f 4097 3978 4006
f 3874 3922 3872
f 3642 3731 3633
f 1712 2320 2204
f 4682 2525 1648
f 2281 4682 1648
f 4943 4994 5087
f 2247 2493 3121
f 2320 2625 2204
f 4367 4452 4447
f 5368 3488 3499
f 2089 2742 2491
f 5119 5022 5095
f 4163 4349 4286
f 2884 2343 2525
f 5266 5284 161
f 2669 3198 3195
f 3635 3644 3654
f 2511 2625 3393
f 3635 3674 3589
f 3195 2894 2669
f 3956 3816 3903
f 4737 4735 4640
f 4845 4700 4848
f 4990 4952 5015
f 3926 3883 3900
f 2866 3392 3385
f 3847 3983 3994
f 3613 3586 3726
f 2866 3393 3392
f 3417 3395 3310
f 5246 5264 255
f 6608 6607 4961
f 5115 5040 5122
f 4128 4201 4177
f 3646 3760 3676
f 3799 3796 3910
f 4869 5418 4952
f 4798 4762 4675
f 3406 3448 3393
f 3436 3399 3195
f 4404 4578 4580
f 3536 3576 3578
f 4768 4844 4784
f 3560 3721 3658
f 3419 6979 6611
f 3467 3549 3433
f 4167 4007 4011
f 3448 3451 3460
f 4917 4795 4900
f 361 596 534
f 3525 3457 3531
f 3564 3586 3528
f 4537 4561 4501
f 4594 4637 4611
f 3490 3467 3477
f 3457 3525 3445
f 4845 5021 4876
f 3472 3471 3428
f 3455 3505 3453
f 3573 3492 3553
f 3479 3436 3579
f 4804 4876 4871
f 3862 3830 3773
f 2089 2491 1976
f 6614 3431 6613
f 3431 3512 6617
f 3433 3512 3431
f 3433 3549 3512
f 3525 3531 3539
f 3499 3488 3513
f 3468 3513 3488
f 3465 6618 6626
f 4186 4305 4331
f 3467 3490 3549
f 4932 6624 6623
f 4301 4485 4245
f 3460 3515 3557
f 3515 3482 3517
f 3503 3505 3533
f 6630 6627 3546
f 3536 3498 3492
f 3556 3639 3611
f 3468 3556 3513
f 3528 3517 3462
f 3462 3471 3528
f 3542 3541 3520
f 3465 3546 3505
f 6577 6644 6632
f 3492 3573 3536
f 5329 5368 3526
f 3564 3471 3541
f 3505 3546 3533
f 6635 6633 3562
f 3552 3549 3490
f 3546 3624 3533
f 870 1563 985
f 5043 5131 5081
f 3513 3556 3611
f 3471 3564 3528
f 3503 3533 3567
f 3621 6641 6642
f 3536 3573 3576
f 269 410 413
f 3526 3581 5329
f 3692 3696 3681
f 3606 3512 3594
f 3512 3549 3597
f 3669 3525 3539
f 3525 3669 3553
f 3979 3967 4050
f 3566 3588 3586
f 5329 3581 5331
f 3557 3639 3556
f 3562 3512 3606
f 3512 3597 3594
f 3907 3963 3920
f 1517 2083 2247
f 3302 3413 3390
f 3419 3409 2877
f 3630 3581 3513
f 3650 3639 3557
f 3679 3592 3657
f 3533 3657 3592
f 3533 3624 3657
f 6647 3621 6646
f 3646 6571 6648
f 3570 6651 6650
f 3549 3627 3597
f 3549 3552 3627
f 3572 3629 3552
f 4470 4398 4189
f 3576 3573 3687
f 3581 3630 5331
f 3613 3650 3515
f 3517 3613 3515
f 3671 3541 3583
f 3564 3541 3671
f 3586 3588 3600
f 3586 3564 3566
f 3617 3600 3588
f 5031 4900 4958
f 3635 3592 3679
f 3711 3624 3621
f 3734 6645 6652
f 3570 3560 3658
f 3603 3562 3606
f 3683 3606 3594
f 3627 3552 3629
f 4600 75 118
f 3613 3517 3586
f 3726 3586 3600
f 3564 3652 3566
f 3588 3642 3633
f 6658 6655 6654
f 6653 6657 3570
f 3617 3673 3600
f 3566 3652 3642
f 4876 5021 5097
f 3664 3610 3608
f 3542 3640 3583
f 3673 3726 3600
f 3633 3742 3617
f 4793 4896 4832
f 3635 3679 3692
f 6659 3658 6658
f 4015 4055 4192
f 3696 3695 3629
f 4804 4871 4783
f 3640 3751 3583
f 3681 3732 3644
f 3732 3681 3746
f 3657 3624 3718
f 3715 3658 3778
f 3627 3695 3712
f 3576 3687 3648
f 3791 3669 3667
f 6661 6662 6660
f 4228 4210 4135
f 3633 3754 3742
f 3681 3690 3746
f 3676 6652 6664
f 3657 3718 3679
f 3690 3696 3698
f 3658 3721 3760
f 3652 3729 3793
f 3708 6665 3715
f 3621 3734 3711
f 3624 3711 3716
f 3679 3718 3712
f 3660 3716 3711
f 4450 4527 4625
f 3637 3711 3734
f 3589 3674 3620
f 3658 3760 3778
f 3729 3671 3830
f 3715 3787 3708
f 3676 3760 3734
f 1251 1531 1194
f 3705 3776 3796
f 3725 3673 3823
f 3793 3745 3652
f 3803 3731 3745
f 3783 3752 3674
f 3646 3708 3760
f 3715 3778 3787
f 3741 3851 3738
f 727 1326 5247
f 3799 3705 3796
f 3773 3751 3799
f 3823 3673 3742
f 3707 3752 3845
f 3708 3787 3760
f 4740 4779 4768
f 3611 3738 5412
f 3738 3851 5412
f 3839 3725 3823
f 3830 3671 3751
f 3823 3742 3813
f 3754 3813 3742
f 3803 3745 3793
f 5074 5099 5084
f 2493 3128 3121
f 4865 5022 4912
f 3778 3760 3787
f 776 1240 1891
f 4036 4120 3963
f 4050 4111 4169
f 3776 3911 3796
f 3776 3801 3911
f 3844 3729 3830
f 3869 3768 3836
f 3836 3838 3907
f 3823 3872 3839
f 3823 3813 3872
f 3803 3876 3879
f 5069 5072 5015
f 3821 3829 3893
f 3870 3851 3741
f 3870 3741 3839
f 3671 3729 3652
f 3793 3844 3876
f 3845 3783 3865
f 1557 1824 1356
f 3460 3557 3481
f 3910 3796 3911
f 3773 3860 3862
f 3872 3813 3874
f 6667 4932 6619
f 3978 5346 5361
f 3669 3573 3553
f 4842 4889 4859
f 4928 7028 4997
f 5412 3851 5361
f 3839 3872 3870
f 3949 3854 3845
f 3874 3754 3879
f 933 1231 929
f 6643 3598 6669
f 2193 2866 3385
f 3780 3858 3936
f 3754 3874 3813
f 5361 3851 3870
f 3880 3924 3913
f 5215 5207 5199
f 3907 4036 3963
f 3918 3869 3890
f 3648 3836 3685
f 3639 3741 3738
f 3879 3934 3874
f 4294 4217 4339
f 3955 3924 3880
f 288 489 410
f 3940 3918 3890
f 3920 3836 3907
f 3854 3949 3841
f 4013 4065 3952
f 3475 3430 3455
f 6673 4362 4290
f 3870 3978 5361
f 4006 3872 3922
f 3949 3965 3841
f 3934 3879 3952
f 4013 3952 3876
f 3924 4015 3913
f 4849 4771 4844
f 2625 3406 3393
f 122 105 155
f 3934 4009 3874
f 3913 3981 3949
f 3992 3955 3894
f 3992 3926 7027
f 4020 3947 3942
f 4036 3893 3991
f 3926 3900 4027
f 3900 3994 4027
f 3973 4003 3971
f 3934 4023 4009
f 4391 4385 4414
f 3940 3973 3971
f 3883 3795 3847
f 4039 3967 3910
f 4027 4077 7027
f 4050 3967 4039
f 4013 3950 4052
f 3981 4025 4172
f 4055 4015 3924
f 4055 3924 3955
f 4027 3994 4068
f 4068 3994 3983
f 3969 4017 3986
f 122 164 297
f 4009 4023 4115
f 3955 3992 4077
f 4120 4284 3976
f 4079 4045 3971
f 6662 6661 6675
f 6676 4622 6677
f 5346 3978 4108
f 4111 4050 4039
f 4011 4112 4167
f 4077 4055 3955
f 4100 4068 3983
f 3997 4043 4057
f 4151 4108 4210
f 4077 4027 4099
f 2217 4108 4151
f 4052 4136 4013
f 4025 4140 4172
f 4116 4226 4184
f 3498 3535 3610
f 4108 3978 4097
f 4097 4006 4123
f 4138 4173 4050
f 4050 4173 4052
f 4140 4015 4192
f 440 813 733
f 4043 4103 4057
f 4310 4308 4437
f 825 1648 1133
f 4084 4093 4207
f 4093 4163 4207
f 4093 4095 4251
f 4165 4093 4251
f 4565 4410 4408
f 4097 4123 4186
f 4142 4077 4144
f 3673 3617 3742
f 4245 4079 4084
f 4093 4165 4163
f 3198 3412 3436
f 4135 4108 4097
f 4771 4747 4844
f 4252 4115 4023
f 4136 4052 4173
f 3592 3589 3533
f 4189 4125 4167
f 4115 4252 4123
f 4009 4063 4006
f 4904 4952 5418
f 4199 4103 4177
f 4466 4568 4540
f 4228 4420 4353
f 4108 4135 4210
f 4140 4287 4256
f 4313 4100 4402
f 4238 4153 4176
f 4176 4153 4264
f 4280 4324 4184
f 118 222 313
f 6679 6678 3398
f 4230 4173 4138
f 4147 4402 4100
f 4271 4153 4238
f 4156 4443 4264
f 4264 4153 4271
f 4264 4271 4156
f 4271 4298 4156
f 4090 4327 4249
f 4111 4189 4169
f 4256 4167 4112
f 4112 4172 4256
f 4230 4138 4169
f 4195 4336 4144
f 4057 4199 4196
f 4264 4297 4176
f 4271 4238 4269
f 4079 4245 4201
f 4251 4393 4165
f 468 534 621
f 4190 4169 4398
f 4307 4173 4230
f 4832 4896 4943
f 4402 4147 4293
f 4340 4196 4199
f 4298 4443 4156
f 4298 4271 4371
f 4414 4163 4286
f 4251 4416 4393
f 4349 4165 4393
f 5183 5140 5190
f 4189 4167 4358
f 4398 4169 4189
f 4307 4254 4136
f 4259 4230 4169
f 4195 4475 4336
f 5022 5124 5122
f 4214 4232 4310
f 4214 4310 4236
f 6680 4214 6681
f 4927 4865 4949
f 4214 6682 6681
f 4176 4297 4238
f 4235 4232 4214
f 4199 4223 4346
f 4280 4226 4410
f 4324 4280 4632
f 4914 4972 5003
f 4228 4135 4331
f 4256 4332 4167
f 4259 4307 4230
f 4235 6686 6684
f 4195 4363 4475
f 4235 6689 6688
f 4232 4308 4310
f 4313 4363 4195
f 4236 4310 4263
f 4365 4293 4196
f 4340 4365 4196
f 6690 4294 6691
f 4266 4199 4346
f 4582 4675 4447
f 4319 6694 6696
f 4223 4201 4346
f 4201 4245 4322
f 4322 4245 4485
f 4163 4301 4207
f 4301 4163 4282
f 3445 3492 3424
f 4228 4353 4210
f 4290 4254 4308
f 690 1267 870
f 4264 4443 4297
f 4271 4370 4371
f 4163 4414 4282
f 4839 4823 4889
f 4290 4362 4254
f 4297 4269 4238
f 5243 627 401
f 4335 4399 4256
f 4287 4261 4472
f 4335 4287 4439
f 4472 4439 4287
f 4172 4140 4256
f 4259 4437 4308
f 4367 4199 4266
f 4367 4266 4346
f 4391 4468 4395
f 4391 4395 4352
f 4353 4329 4210
f 4434 4358 4332
f 4362 4359 4252
f 4365 4402 4293
f 4136 4252 4023
f 4343 4404 4580
f 4297 4481 4269
f 4425 4423 4447
f 4447 4423 4367
f 4199 4367 4340
f 4370 4271 4269
f 4498 4652 4734
f 4319 4454 4456
f 4201 4322 4483
f 4373 4301 4282
f 4282 4414 4373
f 4373 4414 4375
f 4375 4378 4373
f 4375 4380 4378
f 4380 4375 4382
f 3754 3633 3731
f 4390 4384 4385
f 4390 4385 4388
f 4349 4391 4414
f 4388 4385 4352
f 4391 4349 4468
f 4468 4349 4505
f 4395 4432 4352
f 2200 4329 5339
f 4359 6709 6706
f 6674 6708 4362
f 4516 4472 4336
f 4365 4340 4423
f 4343 4580 4446
f 4454 4319 4446
f 4527 4346 4201
f 6710 4319 6711
f 4731 4734 4871
f 4384 4390 4382
f 4390 4388 4466
f 4432 4466 4352
f 4352 4466 4388
f 4417 4432 4395
f 4395 4468 4591
f 4395 4572 4417
f 4305 4355 4489
f 4434 4332 4399
f 4184 4020 4116
f 4423 4340 4367
f 4269 4481 4524
f 4452 4367 4450
f 4450 4367 4346
f 825 1133 976
f 4454 4446 4496
f 4877 4701 4748
f 4429 4529 4485
f 4668 4834 4759
f 4373 4378 4459
f 4382 4504 4380
f 4382 4390 4431
f 4541 4417 4572
f 3804 3737 3698
f 4420 4543 4353
f 4507 4305 4489
f 4355 4511 4489
f 4614 4398 4470
f 4422 4545 4259
f 4519 4475 4363
f 4269 4524 4370
f 4745 4905 4743
f 516 825 976
f 4461 4431 4390
f 4505 4349 4393
f 4434 4399 4514
f 4596 4574 4335
f 4439 4596 4335
f 4519 4576 4475
f 4522 4402 4365
f 4655 4498 6722
f 4483 4322 4485
f 4431 4504 4382
f 3522 3542 3520
f 4477 4519 4363
f 4675 4425 4447
f 6695 4319 6724
f 4429 4459 4529
f 4487 4632 4280
f 4459 4378 4501
f 4504 4431 4461
f 4619 4639 4464
f 4568 4432 4417
f 4568 4417 4541
f 633 541 5433
f 4398 4614 4545
f 4614 4470 4434
f 4737 4514 4399
f 687 870 829
f 4477 4691 4519
f 4365 4642 4522
f 2894 3422 3176
f 4642 4365 4423
f 4524 4481 4370
f 4604 6727 6726
f 4450 4625 4452
f 5097 6730 6731
f 6733 6732 6729
f 1133 1648 976
f 321 516 976
f 4483 4485 4587
f 4529 4587 4485
f 4529 4459 4534
f 4534 4459 4501
f 4501 4378 4537
f 4380 4537 4378
f 4504 4537 4380
f 4466 4432 4568
f 4594 4572 4591
f 4514 4640 4434
f 4737 4640 4514
f 5316 5232 5290
f 4625 4582 4452
f 976 678 384
f 678 449 384
f 4657 4587 4532
f 4587 4561 4532
f 4561 4529 4534
f 3845 3752 3783
f 4637 4591 4505
f 4570 4568 4541
f 4865 4868 4949
f 4622 4545 6738
f 4576 4668 4516
f 4472 4516 4547
f 6740 6916 4985
f 4979 6550 6739
f 4642 4423 4425
f 384 240 321
f 7029 4997 7028
f 2204 2625 2511
f 2511 2866 2257
f 4563 4714 4532
f 4532 4661 4563
f 4534 4501 4561
f 4639 4637 4505
f 4570 4541 4594
f 4541 4572 4594
f 4820 4815 4817
f 4489 6572 6756
f 4516 4668 4547
f 4549 6750 6745
f 4578 4705 4645
f 4580 4578 4645
f 4580 4645 4601
f 4642 4425 4556
f 4607 4625 4527
f 678 976 974
f 5371 361 534
f 2389 5307 4600
f 4714 4657 4532
f 4590 4748 4701
f 4750 4637 4639
f 4591 4637 4594
f 4663 4543 4420
f 5235 487 790
f 4668 4576 4519
f 6747 4693 6746
f 6750 4549 6749
f 4425 4675 4556
f 4527 4608 4607
f 4717 4876 4804
f 5162 5057 5160
f 1104 1100 1099
f 70 43 33
f 969 818 1004
f 4298 4370 4443
f 3579 3539 3531
f 5377 25 3
f 4984 4876 5097
f 4661 4561 4611
f 4507 4510 4663
f 4519 4691 4668
f 4642 4556 4675
f 4217 144 6755
f 4677 4675 4625
f 4675 4582 4625
f 4709 4607 4628
f 4628 4607 4608
f 4608 4587 4650
f 4743 4649 4657
f 4632 4717 4658
f 4714 4563 4661
f 4663 4718 4543
f 4664 4510 4489
f 4640 4667 4614
f 7018 435 5287
f 4545 4755 6760
f 4477 4761 4691
f 4642 4761 4477
f 4642 4672 4761
f 4680 4625 4607
f 4709 4628 4646
f 5162 5021 5057
f 4685 4646 4628
f 4608 4650 4628
f 4587 4649 4650
f 4652 4615 6765
f 4617 4658 4804
f 6766 6728 6730
f 5097 6767 6730
f 921 5394 693
f 4795 4834 4761
f 5140 5081 5131
f 6772 4791 4752
f 4596 4547 4720
f 4090 4035 4284
f 4639 4416 4464
f 4705 4773 4645
f 6782 6779 4494
f 4625 4680 4696
f 4625 4696 4649
f 4628 4650 4685
f 4650 4649 4696
f 6784 6783 4630
f 6788 6789 4832
f 4734 6790 6793
f 6783 6764 4615
f 4657 4745 4743
f 6796 4966 4984
f 5057 5074 5160
f 40 30 5377
f 4611 4637 4635
f 4786 4637 4750
f 4543 4718 5342
f 4578 6744 6802
f 6797 531 4693
f 4705 4578 6799
f 6808 4615 4765
f 4680 4712 4696
f 2295 4803 4698
f 4804 4747 4617
f 1606 5369 5365
f 5240 583 5335
f 4192 4142 4336
f 4601 4645 4774
f 4718 4663 5338
f 5379 4663 4510
f 4667 4640 4735
f 6811 4693 6747
f 4817 4677 4625
f 4838 4625 4649
f 4696 4685 4650
f 4661 4806 4714
f 4661 4635 4806
f 4701 4877 4789
f 4667 4735 4755
f 6819 6849 4813
f 4793 6821 6822
f 4696 4712 4685
f 4734 4688 4783
f 2669 2525 4682
f 5433 541 317
f 4786 4635 4637
f 4853 4756 4596
f 4902 4672 4642
f 4712 4709 4646
f 4646 4685 4712
f 5021 5162 5097
f 4443 4370 4481
f 4786 4806 4635
f 4791 5373 4752
f 6827 6828 4755
f 4810 6829 6830
f 6834 6833 4491
f 4761 4834 4691
f 4793 6822 6835
f 6844 6845 4881
f 4708 4777 4765
f 6847 4992 6846
f 5162 5170 5097
f 4734 4783 4871
f 4806 4745 4714
f 4803 4826 4698
f 1611 1696 4552
f 4804 4783 4747
f 5385 5405 4796
f 4553 5391 3931
f 4339 4263 4549
f 4750 4829 4786
f 4789 4864 4750
f 4013 3876 3950
f 4115 4123 4063
f 6852 4773 6595
f 6854 4645 6858
f 4779 4765 4886
f 6855 4731 6856
f 5149 5114 5142
f 5338 4663 5379
f 6858 4645 4773
f 4905 4838 4743
f 4786 4829 4806
f 4750 4864 4829
f 4789 4877 4909
f 4909 4864 4789
f 4865 4755 4735
f 4852 4755 4865
f 4755 4852 4810
f 4810 6851 6829
f 4813 4914 4954
f 4672 4902 4761
f 4820 4817 4838
f 4845 4967 5021
f 5446 5444 4803
f 6861 4731 6860
f 5146 5059 5119
f 4688 4784 4783
f 4745 4806 4827
f 4809 4827 4806
f 4829 4809 4806
f 4954 5003 5036
f 4089 4036 3991
f 4900 4795 4761
f 1211 2788 1280
f 4817 4815 4798
f 4765 4884 4886
f 4839 4779 4823
f 4747 4783 4784
f 4784 4844 4747
f 5064 5389 3412
f 6862 4966 6863
f 4817 4625 4838
f 4896 4813 4994
f 4902 4900 4761
f 4930 4762 4798
f 4891 5437 4869
f 4966 6862 6865
f 4076 4003 3973
f 4859 4924 4842
f 4859 4745 4809
f 5220 5197 5203
f 4809 4745 4827
f 4967 4845 4848
f 4762 4930 4902
f 6866 4881 4855
f 4874 4839 4842
f 4967 4848 4908
f 4329 4353 4543
f 4849 4844 4893
f 4877 4893 4940
f 4384 4414 4385
f 3660 3718 3716
f 4813 4954 4994
f 1735 3370 3367
f 4891 4869 4982
f 1611 1048 1194
f 4871 4876 4984
f 4844 4861 4893
f 4940 4909 4877
f 4404 4549 4578
f 4853 4957 4868
f 4810 4916 4972
f 4853 4947 4957
f 4932 4985 6871
f 3437 5321 5278
f 4838 4905 4935
f 2669 3181 2525
f 3845 3913 3949
f 4874 4893 4861
f 4510 4507 4489
f 5335 583 5309
f 4930 4900 4902
f 4090 4076 4035
f 4976 4815 4820
f 4880 4904 5420
f 4884 5047 5000
f 5418 5420 4904
f 6873 6740 4985
f 4979 6741 6872
f 4923 6875 4979
f 4982 4869 4952
f 4939 4891 4963
f 4939 4967 4908
f 1194 2204 2257
f 4940 4924 4909
f 4896 4994 4943
f 4957 4969 5026
f 4947 4969 4957
f 5441 4479 4880
f 5420 5441 4880
f 4904 4880 4997
f 4919 5035 5047
f 6873 4985 6902
f 6878 6879 4923
f 4992 6882 6881
f 4936 4935 4905
f 4924 4940 4874
f 5006 4972 4916
f 4917 5010 4898
f 4880 5011 4928
f 5441 5413 4479
f 4891 4982 4963
f 4848 4826 4908
f 4949 4945 4995
f 5282 5284 5285
f 4976 4820 4935
f 4313 4522 4477
f 4992 6879 6883
f 5127 5129 5115
f 4992 6884 6885
f 5006 4916 4912
f 4995 4945 4974
f 4917 5031 5010
f 7031 4928 5011
f 4978 4976 4935
f 4952 4990 5018
f 6888 6886 6889
f 4979 6893 6891
f 6897 6898 6899
f 4963 4982 5018
f 4967 5057 5021
f 3535 3578 3685
f 7019 5285 5233
f 6903 4985 6904
f 4952 5018 4982
f 4967 5075 5057
f 5031 5081 5010
f 5007 5025 4947
f 4945 5026 4974
f 5233 5294 810
f 5000 5107 4987
f 4978 5032 4976
f 4990 5015 5018
f 6905 6907 5109
f 4658 4717 4804
f 6907 6753 5109
f 4880 4479 5011
f 4123 4252 4359
f 551 5257 5242
f 487 5240 790
f 5413 5439 5011
f 7019 1612 7018
f 5107 5067 5032
f 4987 5107 5032
f 6890 6892 6909
f 976 384 321
f 4500 1350 976
f 4877 4748 4849
f 4924 4859 4809
f 3128 5328 3404
f 5010 5025 5007
f 4974 5104 4995
f 5242 5238 551
f 3361 3359 1051
f 5439 5111 5011
f 5439 5413 5054
f 5011 7032 7031
f 6553 6548 6554
f 5040 7035 7033
f 5015 5072 5018
f 6914 6915 4734
f 3854 3801 3707
f 5104 5061 4995
f 5065 5044 7039
f 4979 6555 6551
f 6916 6917 5035
f 5273 3384 5276
f 5036 5092 5118
f 5006 5119 5059
f 5025 5010 5052
f 5025 5077 5026
f 5025 5052 5077
f 5015 5065 5106
f 6548 6553 6919
f 1563 5405 2215
f 6920 5097 5164
f 5059 5146 5092
f 5029 5026 5077
f 790 551 5235
f 5164 6924 6922
f 5084 5099 5018
f 5036 5118 5091
f 1036 3355 3361
f 5439 5169 5111
f 5142 5114 5077
f 5013 4976 5032
f 5354 2244 5054
f 5040 5134 5065
f 5069 5084 5072
f 5074 5069 5160
f 5069 5074 5084
f 2204 2511 2257
f 33 43 15
f 5075 5074 5057
f 5087 5102 5088
f 5122 5095 5022
f 5077 5114 5029
f 5077 5080 5142
f 4793 4832 6556
f 5125 7034 7041
f 5115 5134 5040
f 5067 5131 5043
f 5065 5134 5106
f 5069 5015 5106
f 4120 4118 4302
f 5097 5194 5164
f 5099 5074 5075
f 3679 3712 3692
f 5156 5069 5136
f 6926 4979 5109
f 5097 5170 5194
f 5127 5104 5149
f 5122 5124 5115
f 5131 5067 5154
f 6932 5067 6558
f 5091 5118 5102
f 5122 5166 5095
f 5095 5166 5119
f 5178 5111 5169
f 6551 6549 6550
f 7046 5125 7041
f 5166 7047 7045
f 4039 3910 4007
f 5137 5159 5109
f 5160 5176 5162
f 5203 6752 6933
f 6933 5164 5203
f 5166 5146 5119
f 5127 5149 5144
f 5134 5115 5136
f 5136 5115 5152
f 5115 5129 5152
f 5069 5156 5176
f 5069 5176 5160
f 5122 5125 5166
f 5111 5178 5146
f 5111 5146 5166
f 5111 7045 7044
f 5125 7047 5166
f 5184 5149 5142
f 5152 5127 5151
f 5159 6934 6930
f 5118 5355 5102
f 5178 5355 5118
f 5169 5349 5348
f 5183 5142 5140
f 5190 5140 5131
f 5173 5190 5131
f 5127 5144 5151
f 5154 5180 5131
f 5159 6939 6934
f 5164 5194 5203
f 5149 5184 5144
f 5159 5137 5192
f 5169 5348 5178
f 5184 5142 5183
f 6932 6937 6935
f 5359 5102 5355
f 5202 6940 6938
f 5137 5197 5192
f 5199 5194 5170
f 5137 5203 5197
f 5348 5351 5178
f 5154 5202 5180
f 5175 5199 5187
f 5207 5194 5199
f 4336 4142 4144
f 5180 5209 5173
f 5209 5190 5173
f 5211 5180 5202
f 5209 5196 5190
f 5221 5211 5202
f 5192 5221 5202
f 5197 5220 5192
f 3702 3667 3579
f 5018 4939 4963
f 5368 3499 3526
f 5214 5206 5196
f 5214 5196 5209
f 5211 5214 5209
f 5207 5215 5220
f 5218 5221 5192
f 5203 5207 5220
f 5220 5218 5192
f 5223 5214 5211
f 5221 5223 5211
f 5215 5223 5218
f 4140 4025 4015
f 4516 4475 4576
f 5221 5218 5223
f 5206 5184 5196
f 3136 3121 3384
f 122 297 368
f 4832 4943 4791
f 4009 3922 3874
f 4967 5099 5075
f 4422 4259 4169
f 3664 3761 3698
f 857 1009 1194
f 4789 4619 4701
f 4472 4596 4439
f 3517 3482 3462
f 4801 4779 4886
f 4065 4023 3952
f 5226 5230 5227
f 3839 3741 3725
f 5003 5059 5092
f 3663 3629 3664
f 3629 3572 3664
f 621 929 966
f 725 621 966
f 5343 621 725
f 2625 2320 3310
f 3395 2625 3310
f 4057 4100 3997
f 3707 3620 3752
f 2792 5400 5404
f 4853 4868 4756
f 3616 3545 3689
f 3545 3707 3689
f 4192 4336 4261
f 4336 4472 4261
f 4261 4287 4192
f 4065 4013 4136
f 3128 2083 2311
f 2311 2616 3128
f 3128 2616 5328
f 1211 1280 876
f 876 1280 553
f 6775 4664 6756
f 4779 4839 4861
f 4003 4076 4095
f 3503 3620 3545
f 3501 3475 3545
f 3545 3475 3503
f 339 509 440
f 621 933 929
f 127 291 255
f 1401 1609 1326
f 1045 1401 1326
f 4657 4649 4587
f 4147 4057 4196
f 3674 3635 3783
f 3783 3654 3865
f 5025 4969 4947
f 3683 3660 3711
f 5215 5218 5220
f 5187 5162 5175
f 5214 5151 5206
f 5151 5144 5206
f 5144 5184 5206
f 2010 2343 2112
f 2343 2330 2112
f 1535 2112 2326
f 1350 2010 1535
f 974 1350 1535
f 2010 2112 1535
f 4510 5376 5379
f 5409 3630 5364
f 3611 3630 3513
f 5364 3611 5412
f 3611 5364 3630
f 3920 4035 3945
f 4035 4076 3945
f 3721 3734 3760
f 4835 4848 4700
f 4559 4835 4700
f 4559 2295 4698
f 4698 4826 4835
f 4826 4848 4835
f 3757 3746 3825
f 3746 3855 3825
f 5287 435 474
f 435 5298 339
f 474 5282 5287
f 339 5298 5296
f 4729 6941 6781
f 6841 6942 4855
f 4097 4186 4331
f 1231 964 1512
f 5342 4718 5338
f 4317 4404 4343
f 754 825 516
f 2788 2792 2543
f 258 5282 361
f 4479 5413 5011
f 1831 3412 3198
f 3913 3825 3880
f 3855 3894 3880
f 3894 3955 3880
f 3783 3635 3654
f 3654 3732 3746
f 3757 3825 3865
f 3913 3865 3825
f 3865 3654 3757
f 3399 3436 3479
f 3479 3579 3531
f 3531 3457 3479
f 4558 4652 4498
f 3465 3455 3409
f 4402 4522 4313
f 4889 4823 4936
f 3640 3542 3616
f 4249 4076 4090
f 4768 4779 4844
f 3705 3799 3751
f 5114 5149 5104
f 5104 5029 5114
f 5029 4974 5026
f 6943 4235 6944
f 5131 5180 5173
f 313 541 339
f 4545 4667 4755
f 4614 4667 4545
f 3669 3811 3687
f 3811 3829 3821
f 3811 3821 3769
f 3687 3811 3769
f 3785 3690 3737
f 3690 3698 3737
f 3439 3482 3451
f 2625 3407 3406
f 3406 3407 3439
f 565 474 435
f 440 733 503
f 440 503 435
f 4842 4924 4874
f 4661 4532 4561
f 4301 4245 4207
f 105 5307 5333
f 243 389 321
f 4820 4838 4935
f 5183 5190 5196
f 727 5247 624
f 5199 5170 5187
f 4100 4313 4068
f 4100 4057 4147
f 3648 3687 3769
f 4416 4251 4464
f 3769 3772 3648
f 3685 3578 3648
f 3492 3445 3525
f 413 553 325
f 325 553 690
f 6950 6948 4774
f 3404 5326 5324
f 950 5238 5230
f 950 5226 1144
f 789 950 1144
f 789 1144 1218
f 875 642 1218
f 789 1218 642
f 5309 583 642
f 583 789 642
f 368 384 449
f 4912 5039 5006
f 5039 5119 5006
f 3484 3545 3616
f 3586 3517 3528
f 4339 6580 249
f 5151 5199 5175
f 5175 5152 5151
f 5175 5156 5152
f 5151 5214 5215
f 4324 4161 4184
f 449 678 633
f 368 449 633
f 4936 4978 4935
f 3557 3515 3650
f 4740 4765 4779
f 4752 5376 4664
f 5054 5349 5169
f 4491 4437 4622
f 4491 4310 4437
f 4500 976 1648
f 553 1280 690
f 4952 4997 5044
f 3644 3635 3692
f 3836 3648 3772
f 727 725 1326
f 624 627 727
f 725 1045 1326
f 401 627 624
f 4740 4768 4688
f 782 1009 633
f 782 1119 1009
f 829 1557 754
f 455 829 754
f 455 687 829
f 4864 4924 4829
f 3608 3610 3685
f 3765 3608 3685
f 5043 5031 5032
f 5031 5013 5032
f 4947 4853 4759
f 4759 4898 5007
f 4947 4759 5007
f 4898 5010 5007
f 4416 4639 4393
f 3893 3838 3821
f 3931 4082 4047
f 3898 3931 4047
f 3809 3931 3898
f 3809 3898 3819
f 3579 3722 3702
f 3702 3819 3667
f 4061 4002 3888
f 3667 3819 3791
f 3819 3898 3888
f 3791 3819 3888
f 4047 4061 3888
f 4680 4607 4709
f 4120 4036 4118
f 909 1517 964
f 825 941 1648
f 941 1356 1648
f 164 240 297
f 240 384 297
f 2511 3393 2866
f 4759 4720 4547
f 4759 4547 4668
f 4459 4429 4373
f 4429 4485 4373
f 6953 5000 5047
f 909 806 853
f 853 596 776
f 776 1891 853
f 853 1517 909
f 1517 1891 2311
f 853 1891 1517
f 1891 2616 2311
f 2500 3302 2616
f 5061 5104 5127
f 583 5238 950
f 6606 4791 6770
f 4481 4297 4443
f 1356 1824 1648
f 4217 4263 4339
f 5243 358 627
f 4494 6779 6954
f 4496 4446 4494
f 4868 4735 4737
f 240 155 243
f 1218 2360 1567
f 1277 1218 1567
f 5227 2360 1218
f 5227 3437 2360
f 5305 5321 3437
f 3401 5305 3437
f 5227 3401 3437
f 4688 4768 4784
f 4798 4815 4930
f 969 1004 1048
f 4552 1696 1240
f 4552 1240 1048
f 1350 4500 2010
f 4881 4919 4777
f 6955 4884 6956
f 4886 5000 4987
f 4777 4919 6955
f 4884 5000 4886
f 1696 2193 2404
f 5444 4891 4803
f 4803 4891 4939
f 6958 6959 4498
f 875 1277 921
f 3588 3566 3642
f 4125 4189 4111
f 4335 4256 4287
f 3942 3811 3888
f 4002 4209 3961
f 3888 4002 3961
f 3811 3791 3888
f 3642 3652 3731
f 4617 4536 4302
f 2112 2330 2326
f 3860 3799 3910
f 3910 3967 3860
f 122 222 112
f 122 368 317
f 368 633 5433
f 122 317 222
f 75 112 118
f 222 317 313
f 112 222 118
f 5433 317 368
f 4209 4002 4061
f 4116 3961 4209
f 4047 4408 4061
f 4408 4209 4061
f 3419 2877 2884
f 2882 2877 2343
f 2882 2343 2884
f 6960 4774 6942
f 1531 1251 1712
f 2204 1531 1712
f 1712 3310 2320
f 627 468 5343
f 4994 5091 5087
f 5087 5091 5102
f 1696 2404 1989
f 1976 2491 2607
f 2491 3280 2607
f 2607 3280 5270
f 2616 3302 3390
f 5119 5039 5022
f 4163 4165 4349
f 127 161 258
f 5266 161 127
f 950 5230 5226
f 4349 4414 4286
f 4184 4226 4280
f 5444 5437 4891
f 3997 3956 3903
f 3956 3804 3816
f 3788 3737 3804
f 3761 3816 3804
f 3903 4041 3997
f 3816 3936 3903
f 4298 4371 4370
f 5226 5227 1218
f 5203 5194 5207
f 4700 4845 4876
f 4169 4190 4422
f 2625 3395 3407
f 5065 7048 7050
f 5111 7042 7043
f 5015 5044 5065
f 5015 4952 5044
f 4324 4617 4302
f 4302 4161 4324
f 3994 3900 3847
f 3900 3883 3847
f 3847 3795 3785
f 3847 3785 3983
f 3462 3439 3407
f 3462 3407 3426
f 3726 3673 3725
f 3725 3613 3726
f 4868 4737 4756
f 5264 127 255
f 255 468 358
f 5255 255 358
f 5246 255 5255
f 258 361 5371
f 291 258 5371
f 4919 5047 4884
f 3459 3481 3468
f 3460 3481 3459
f 3448 3460 3459
f 3446 3459 3468
f 3487 3468 3488
f 3446 3468 3487
f 3393 3448 3392
f 3416 3448 3459
f 3392 3448 3416
f 3487 5368 5365
f 3416 3459 3446
f 3385 3392 3416
f 3446 3487 5365
f 3385 3416 3413
f 3413 3416 3446
f 4992 6961 4961
f 4961 6961 6965
f 4932 6967 6900
f 4961 6962 6608
f 6968 4932 6668
f 5355 5178 5351
f 5437 5418 4869
f 6970 6944 4214
f 4900 4930 4958
f 4677 4798 4675
f 624 5247 5426
f 3768 3869 3858
f 3858 3765 3768
f 4505 4591 4468
f 4591 4572 4395
f 3472 3428 3441
f 3441 3484 3472
f 3598 3637 3560
f 4041 4043 3997
f 4507 4420 4331
f 3976 4035 3920
f 3479 3457 3399
f 3583 3751 3671
f 4537 4611 4561
f 4027 4068 4099
f 5424 269 285
f 4611 4540 4570
f 4540 4568 4570
f 4570 4594 4611
f 6734 6863 4966
f 3576 3648 3578
f 1211 1571 2788
f 946 1838 1211
f 1838 1571 1211
f 946 5396 1838
f 3484 3475 3501
f 3453 3505 3503
f 3467 3424 3492
f 3467 3492 3477
f 3477 3492 3498
f 3498 3490 3477
f 3830 3862 3844
f 3503 3475 3453
f 4855 6972 6620
f 4076 4251 4095
f 3981 3913 4025
f 4410 4700 4487
f 4487 4700 4717
f 2257 1611 1194
f 2525 2343 2010
f 2010 1648 2525
f 4284 4120 4302
f 2326 3430 3310
f 2326 3310 1712
f 3940 3890 3973
f 985 1563 1557
f 3913 3845 3865
f 3541 3542 3583
f 5401 5400 2792
f 2788 5401 2792
f 1571 5407 5401
f 5407 1571 1838
f 966 1231 1045
f 929 1231 966
f 1231 1512 1522
f 1401 1231 1522
f 3692 3712 3696
f 3696 3690 3681
f 3681 3644 3692
f 3950 3876 3844
f 3844 3862 3979
f 3844 3979 3950
f 4050 4052 3950
f 4050 3950 3979
f 4762 4642 4675
f 3963 3976 3920
f 3302 3385 3413
f 5211 5209 5180
f 4189 4358 4470
f 4865 4735 4868
f 5031 4917 4900
f 3621 3546 6974
f 3546 3621 3624
f 3594 3660 3683
f 4399 4332 4256
f 4422 4398 4545
f 3671 3652 3564
f 4331 4305 4507
f 3855 3746 3795
f 4871 4984 4966
f 2669 4682 2281
f 3841 3965 3911
f 3811 3669 3791
f 3669 3539 3667
f 4615 4604 6978
f 4677 4817 4798
f 4815 4976 4930
f 4976 5013 4930
f 5279 3437 5278
f 3495 3437 5279
f 6980 6979 3419
f 4450 4346 4527
f 3752 3620 3674
f 3620 3503 3589
f 3503 3567 3589
f 4752 5373 5376
f 4864 4909 4924
f 413 410 553
f 1531 2204 1194
f 4167 4125 4007
f 4452 4582 4447
f 4789 4639 4619
f 4619 4464 4590
f 4590 4701 4619
f 3515 3460 3482
f 3460 3451 3482
f 3773 3830 3751
f 3690 3785 3795
f 3971 4045 3940
f 3940 3969 3918
f 4912 4810 4852
f 4852 4865 4912
f 776 565 1240
f 4169 4138 4050
f 3768 3685 3836
f 3876 3803 3793
f 1831 1824 1557
f 5354 5054 5413
f 6981 4919 6868
f 754 941 825
f 4997 4880 4928
f 933 964 1231
f 2193 3385 2404
f 3940 4045 3969
f 4045 4032 3969
f 3986 4041 3936
f 4041 3903 3936
f 3936 3816 3780
f 3969 3986 3936
f 3969 3936 3858
f 3816 3761 3748
f 3748 3664 3700
f 3700 3664 3608
f 3780 3765 3858
f 3608 3765 3700
f 3765 3780 3700
f 3816 3748 3780
f 3748 3700 3780
f 3858 3918 3969
f 2010 4500 1648
f 1557 941 754
f 3907 3893 4036
f 3639 3725 3741
f 3872 4006 3870
f 4006 3978 3870
f 288 410 269
f 5422 489 288
f 4020 3991 3947
f 3991 3893 3947
f 4142 4055 4077
f 2330 2343 2877
f 2877 3409 3455
f 2877 3455 3430
f 3430 2326 2330
f 2330 2877 3430
f 3455 3453 3475
f 815 813 541
f 509 541 813
f 339 541 509
f 541 818 815
f 818 969 815
f 4290 6685 6984
f 3965 4007 3911
f 3965 4011 4007
f 3879 3876 3952
f 5043 5032 5067
f 1218 1277 875
f 1144 5226 1218
f 3983 3785 3956
f 3785 3737 3788
f 3788 3956 3785
f 3956 3997 3983
f 4076 3973 3945
f 3973 3890 3945
f 5369 3446 5365
f 5369 3413 3446
f 3404 5328 5326
f 3390 3413 5328
f 3949 3981 4011
f 3981 4172 4011
f 4172 4112 4011
f 4173 4307 4136
f 410 1211 876
f 553 410 876
f 693 5394 946
f 410 946 1211
f 946 410 693
f 4184 4161 4089
f 4161 4118 4089
f 4118 4036 4089
f 4068 4195 4099
f 2404 3385 2500
f 2500 3385 3302
f 3481 3557 3556
f 4391 4352 4385
f 3963 4120 3976
f 5162 5187 5170
f 4916 4810 4912
f 2360 3041 2282
f 2360 2282 1567
f 4632 4658 4617
f 4617 4324 4632
f 4393 4639 4505
f 3689 3801 3776
f 4084 4079 3971
f 3971 4003 4093
f 3971 4093 4084
f 4302 4536 4284
f 5223 5215 5214
f 3498 3536 3535
f 5278 5321 967
f 3198 2669 2281
f 3725 3650 3613
f 1240 565 733
f 733 565 503
f 969 1048 1240
f 813 815 969
f 509 813 440
f 813 969 1240
f 1240 733 813
f 4199 4057 4103
f 1879 1609 1976
f 1326 1609 1879
f 3695 3627 3629
f 3650 3725 3639
f 4565 4700 4410
f 4123 4355 4186
f 4590 4284 4536
f 4849 4748 4771
f 4748 4590 4771
f 4771 4590 4536
f 4536 4747 4771
f 4192 4287 4140
f 3592 3635 3589
f 4601 4774 4729
f 4284 4590 4327
f 4006 3922 4009
f 4504 4461 4540
f 4461 4390 4540
f 4390 4466 4540
f 4331 4420 4228
f 1319 5253 5257
f 5284 5282 258
f 2137 3387 3412
f 4319 4343 4446
f 4834 4898 4759
f 4747 4536 4617
f 3603 3606 3683
f 3637 3603 3683
f 3637 3683 3711
f 339 118 313
f 5296 118 339
f 5301 118 5296
f 4708 6588 7000
f 4615 6987 6589
f 4355 4305 4186
f 3869 3836 3920
f 534 933 621
f 4527 4483 4587
f 6547 4992 4961
f 4927 5022 4865
f 3698 3696 3663
f 3696 3629 3663
f 6991 4236 4217
f 6991 4214 4236
f 1119 1535 1251
f 1535 1712 1251
f 1251 1009 1119
f 3746 3690 3795
f 2200 4210 4329
f 4151 4210 2200
f 4235 4290 4308
f 4232 4235 4308
f 3424 2894 3399
f 2894 3195 3399
f 3399 3457 3424
f 3457 3445 3424
f 4254 4307 4308
f 1843 2543 1267
f 690 1280 1267
f 1280 1843 1267
f 4839 4889 4842
f 3983 3997 4100
f 1989 2404 2500
f 1989 2616 1891
f 1891 1696 1989
f 1891 1240 1696
f 1989 2500 2616
f 4756 4737 4574
f 4720 4853 4596
f 4596 4756 4574
f 4969 5025 5026
f 4063 4123 4006
f 4136 4254 4252
f 4339 4549 4404
f 4319 6693 6994
f 5061 4927 4995
f 4494 4601 4729
f 4446 4601 4494
f 4446 4580 4601
f 4635 4661 4611
f 4184 4089 4020
f 1522 1512 1981
f 1512 2247 1981
f 4859 4905 4745
f 4496 4558 4454
f 4496 4615 4558
f 4558 4615 4652
f 2360 3437 5311
f 3041 2360 5311
f 4881 6999 6995
f 6997 4708 7000
f 7001 4359 7002
f 5319 3495 5279
f 5291 5316 3850
f 5311 3437 3495
f 5316 5290 3850
f 5431 5290 5430
f 5431 3850 5290
f 5311 3495 5318
f 5318 3495 5319
f 4167 4332 4358
f 3484 3522 3520
f 4319 6698 6724
f 4280 4410 4487
f 4737 4399 4574
f 687 690 870
f 3398 3419 2884
f 2525 3181 2884
f 3181 3398 2884
f 3176 3431 3398
f 3422 3433 3431
f 3181 3176 3398
f 2669 2894 3176
f 2894 3424 3433
f 3424 3467 3433
f 3176 3422 3431
f 2894 3433 3422
f 3976 4284 4035
f 489 693 410
f 3136 3384 3280
f 2742 3136 3280
f 3280 3384 5273
f 7004 6666 3708
f 4437 4545 4622
f 4259 4545 4437
f 1611 4552 1048
f 7048 7038 64
f 5044 7030 7037
f 3926 3894 3883
f 3894 3855 3883
f 3855 3795 3883
f 7006 7007 4217
f 2193 2257 2866
f 1611 2257 2193
f 3707 3801 3689
f 7008 7009 7010
f 3579 3667 3539
f 4927 4949 4995
f 4408 4410 4209
f 4410 4226 4209
f 4047 4082 4408
f 3931 5391 4082
f 5391 5384 4082
f 4082 5384 4408
f 5381 4559 4408
f 4559 4700 4565
f 4408 4559 4565
f 5381 4408 5384
f 5294 5266 810
f 4801 4987 4936
f 4801 4886 4987
f 4987 5032 4978
f 4987 4978 4936
f 4655 4731 7014
f 4717 4700 4876
f 4717 4632 4487
f 921 1277 5394
f 1277 1567 5394
f 4118 4161 4302
f 4795 4898 4834
f 5140 5052 5081
f 4759 4853 4720
f 4284 4327 4090
f 4791 6786 4832
f 4657 4714 4745
f 3893 3829 3947
f 5088 5102 5359
f 5358 5088 5359
f 4192 4055 4142
f 4103 4017 4128
f 4017 3969 4032
f 4128 4177 4103
f 4017 4032 4128
f 4032 4045 4079
f 4079 4201 4128
f 4128 4032 4079
f 4914 4810 4972
f 5243 401 5259
f 4793 4813 4896
f 3862 3860 3967
f 3465 3505 3455
f 3426 3407 3428
f 3395 3428 3407
f 4470 4358 4434
f 5156 5175 5176
f 3616 3689 3705
f 3689 3776 3705
f 3520 3472 3484
f 5036 5003 5092
f 4994 4954 5036
f 7015 4731 6857
f 1280 2788 1843
f 3685 3610 3535
f 6989 4961 6607
f 3441 3428 3417
f 3428 3395 3417
f 5342 4329 4543
f 4384 4382 4414
f 3660 3627 3718
f 4454 4558 4498
f 4454 4498 4456
f 4496 4604 4615
f 2669 3176 3181
f 4779 4801 4823
f 4537 4504 4611
f 4504 4540 4611
f 4590 4249 4327
f 5026 4945 4957
f 4945 4949 4957
f 4949 4868 4957
f 3942 3947 3829
f 3829 3811 3942
f 5373 4943 5087
f 4549 4263 4491
f 3907 3838 3893
f 4363 4313 4477
f 5127 5152 5129
f 5343 725 727
f 3986 4017 4103
f 4103 4043 3986
f 596 361 474
f 5282 474 361
f 3535 3536 3578
f 5006 5059 4972
f 5059 5003 4972
f 4561 4587 4529
f 5043 5081 5031
f 5081 5052 5010
f 4958 4930 5013
f 4958 5013 5031
f 4123 4359 4511
f 3475 3484 3441
f 3441 3417 3430
f 3441 3430 3475
f 3417 3310 3430
f 5039 4912 5022
f 5022 4927 5061
f 5061 5124 5022
f 4025 3913 4015
f 4464 4251 4249
f 4249 4590 4464
f 5072 5084 5018
f 3841 3911 3801
f 3838 3772 3769
f 3769 3821 3838
f 1267 5405 1563
f 2215 5405 5385
f 5249 1326 1879
f 5069 5106 5136
f 3121 3404 3384
f 5276 3404 5324
f 5276 3384 3404
f 3911 4007 3910
f 4007 4125 4111
f 4039 4007 4111
f 5136 5152 5156
f 4177 4201 4223
f 4223 4199 4177
f 3869 3918 3858
f 3541 3471 3520
f 3716 3718 3624
f 5339 4329 5342
f 4434 4640 4614
f 5183 5196 5184
f 4777 6998 7016
f 4077 4099 4144
f 596 474 669
f 669 474 565
f 565 776 669
f 776 596 669
f 1824 2281 1648
f 2215 5385 2137
f 5385 3387 2137
f 5385 5387 3387
f 5064 3412 5387
f 3412 5389 3579
f 3387 5387 3412
f 3436 3412 3579
f 5389 3931 3809
f 3722 3819 3702
f 3809 3722 3579
f 5389 3809 3579
f 4553 3931 5389
f 3809 3819 3722
f 5018 5099 4939
f 5394 5396 946
f 5396 5407 1838
f 3499 3513 3581
f 3499 3581 3526
f 5259 624 5262
f 3961 4116 3942
f 4116 4020 3942
f 3942 3888 3961
f 5267 5252 1976
f 5333 5424 155
f 155 5424 285
f 155 285 243
f 4859 4889 4905
f 5140 5080 5052
f 5080 5077 5052
f 3845 3854 3707
f 4263 4310 4491
f 4516 4336 4475
f 4559 4698 4835
f 5270 3280 5272
f 2543 5405 1267
f 2792 5404 2543
f 4796 2543 5404
f 5405 2543 4796
f 2247 3136 2742
f 1981 2247 2742
f 2089 1981 2742
f 2247 3121 3136
f 5054 2244 5349
f 4791 4943 5373
f 4985 5035 4919
f 4967 4939 5099
f 5104 4974 5029
f 4889 4936 4905
f 3761 3804 3698
f 3664 3748 3761
f 633 1009 857
f 818 633 857
f 1009 1251 1194
f 3731 3803 3754
f 3754 3803 3879
f 4527 4587 4608
f 4472 4547 4596
f 1004 818 857
f 857 1194 1004
f 1194 1048 1004
f 3439 3462 3482
f 4089 3991 4020
f 3627 3712 3718
f 3597 3627 3660
f 3660 3594 3597
f 4065 4136 4023
f 4023 3934 3952
f 3611 3639 3738
f 5235 5238 583
f 5238 5242 5230
f 5294 5285 5266
f 5294 5233 5285
f 487 5235 583
f 5227 5303 5305
f 5249 5252 930
f 495 5259 5262
f 7021 810 7020
f 5267 2607 5270
f 5272 1363 5270
f 1363 5273 5276
f 5296 5298 7018
f 1302 5321 5305
f 5314 5318 968
f 967 5232 5316
f 5319 5279 965
f 5369 5326 5328
f 5329 1937 1606
f 5342 1854 5339
f 2217 5346 4108
f 5349 2244 5348
f 5384 2295 5381
f 2232 5412 5361
f 3382 5354 5420
f 288 269 5424
f 5426 2960 5428
f 5430 1770 3035
f 5441 5354 5413
f 5331 3630 5409
f 2282 3041 5314
f 5227 5230 5257
f 2138 3376 3373
f 790 5240 5335
f 2260 2259 2250
f 2158 2151 5355
f 5359 5355 2151
f 2291 2292 5361
f 5358 5379 5088
f 5376 5088 5379
f 5064 5387 3266
f 5387 5385 3266
f 3266 2295 5384
f 5391 4553 3266
f 4553 5389 3266
f 3266 5384 5391
f 2498 875 5397
f 875 921 693
f 5385 4796 968
f 2161 2188 2288
f 642 875 2498
f 2498 790 5309
f 5422 288 2935
f 2935 2498 5422
f 2498 5397 5422
f 2611 5430 5290
f 5426 5247 930
f 5431 5430 2976
f 2976 965 5291
f 5291 3850 2976
f 3355 1036 1041
f 3364 2244 2250
f 3371 1447 1739
f 3379 3373 2177
f 3378 3379 1783
f 5444 5446 2275
f 5446 2295 2275
f 2275 3382 5437
f 5444 2275 5437
f 3382 5420 5418
f 5240 487 583
f 5125 5122 5040
f 5439 5054 5169
f 5369 5328 3413
f 489 5397 693
f 5249 1879 5252
f 5252 5267 930
f 930 5267 1143
f 930 5247 5249
f 5247 1326 5249
f 5262 5428 522
f 522 495 5262
f 5266 127 7020
f 5270 1363 5267
f 1363 1143 5267
f 5276 1365 1363
f 1363 5272 5273
f 1612 5299 5301
f 5301 5296 1612
f 5305 5303 1302
f 5303 5253 1302
f 4600 5299 1612
f 5314 5311 5318
f 5316 5291 967
f 5291 965 967
f 965 968 5319
f 968 5318 5319
f 5329 5331 1937
f 5342 5338 1854
f 5396 5394 5407
f 5394 1567 5407
f 5401 5407 1567
f 5401 1567 7017
f 5400 5401 968
f 5404 5400 968
f 4796 5404 968
f 2232 5364 5412
f 5379 5358 2288
f 5424 5333 2935
f 5333 5307 2935
f 2935 288 5424
f 5428 624 5426
f 2960 522 5428
f 5420 5354 5441
f 5242 5257 5230
f 5257 5253 5227
f 5253 5303 5227
f 6947 731 6946
f 872 6753 6908
f 261 293 289
f 268 189 216
f 757 652 6781
f 261 151 294
f 764 807 777
f 6810 483 6821
f 369 416 334
f 546 508 504
f 402 422 343
f 59 69 116
f 456 6745 454
f 612 543 615
f 6888 6893 6882
f 149 178 182
f 6937 6932 6931
f 6591 6558 6559
f 6688 85 6
f 732 694 771
f 612 698 661
f 536 629 579
f 635 665 700
f 99 103 65
f 271 6716 316
f 676 6595 6594
f 379 466 402
f 97 7006 7005
f 261 259 147
f 6765 6763 6783
f 6589 6987 6978
f 154 152 156
f 626 679 600
f 365 431 414
f 200 138 203
f 237 234 203
f 655 734 711
f 133 171 132
f 226 129 132
f 356 355 453
f 409 346 348
f 576 572 574
f 408 316 390
f 229 332 307
f 6905 6898 6906
f 508 478 504
f 743 836 796
f 591 6719 6722
f 771 714 801
f 85 6689 6943
f 792 807 764
f 376 436 568
f 253 197 281
f 447 475 525
f 740 764 700
f 6674 73 126
f 785 781 729
f 704 766 723
f 895 884 6766
f 6936 900 6639
f 76 73 78
f 214 147 116
f 175 338 208
f 352 6760 448
f 450 6757 6828
f 99 94 97
f 348 279 412
f 175 141 176
f 6862 6863 877
f 422 491 461
f 849 824 852
f 6841 757 6942
f 91 141 24
f 785 812 781
f 265 266 380
f 284 376 359
f 137 82 6
f 332 414 393
f 126 6706 6709
f 346 6574 275
f 628 563 572
f 499 6959 6958
f 18 114 85
f 448 6760 6759
f 529 508 555
f 335 320 208
f 189 107 191
f 6605 414 431
f 615 618 585
f 382 443 441
f 300 329 220
f 807 839 777
f 18 6944 6970
f 6970 24 18
f 24 6970 91
f 6970 32 91
f 91 32 36
f 89 6993 6992
f 50 91 36
f 50 42 116
f 42 53 116
f 94 92 144
f 59 116 53
f 60 59 55
f 60 69 59
f 94 99 65
f 839 807 854
f 107 65 103
f 73 6673 6672
f 82 132 76
f 82 76 78
f 137 133 82
f 114 18 210
f 141 18 24
f 141 210 18
f 92 89 144
f 147 180 116
f 94 144 97
f 100 99 178
f 60 104 69
f 149 152 100
f 119 154 121
f 167 126 73
f 129 167 73
f 203 138 85
f 208 114 210
f 100 178 149
f 191 119 121
f 154 156 121
f 158 191 121
f 133 137 200
f 208 205 114
f 259 176 180
f 259 180 147
f 156 187 219
f 275 6705 6704
f 205 203 114
f 6691 242 178
f 294 151 104
f 191 158 216
f 156 219 193
f 187 244 219
f 275 7001 7002
f 6704 197 275
f 167 226 256
f 229 132 171
f 232 200 234
f 234 200 203
f 203 205 283
f 239 205 208
f 152 184 187
f 212 6583 6582
f 244 245 219
f 273 300 193
f 219 273 193
f 275 6575 7001
f 6581 249 6580
f 212 6585 6561
f 6585 6697 6561
f 6693 244 184
f 6692 6696 244
f 220 268 216
f 300 220 193
f 303 273 219
f 219 245 303
f 294 189 266
f 256 226 229
f 132 229 226
f 171 200 232
f 205 239 283
f 175 208 210
f 175 176 284
f 242 6581 6583
f 259 284 176
f 214 261 147
f 6696 6694 244
f 245 271 302
f 794 834 792
f 279 253 281
f 237 203 283
f 286 259 261
f 261 289 286
f 273 315 300
f 393 6606 6770
f 281 256 307
f 256 229 307
f 273 303 315
f 316 344 302
f 369 334 237
f 121 156 158
f 418 486 483
f 303 344 427
f 346 253 348
f 279 348 253
f 279 281 307
f 365 332 171
f 355 6676 6677
f 171 232 365
f 365 232 334
f 232 237 334
f 294 341 293
f 341 294 343
f 294 402 343
f 265 402 294
f 6716 6714 316
f 289 395 286
f 329 382 298
f 329 385 382
f 344 408 427
f 316 6715 390
f 6880 6872 6742
f 388 6959 499
f 350 332 393
f 366 6600 6602
f 454 6749 6600
f 454 6750 6749
f 6802 6744 456
f 399 395 289
f 379 402 265
f 298 379 380
f 298 382 441
f 388 390 6715
f 388 6725 6957
f 453 448 450
f 334 431 365
f 6662 480 6660
f 6661 513 6675
f 335 418 371
f 359 418 335
f 376 421 359
f 405 385 426
f 427 408 496
f 390 388 469
f 480 366 478
f 371 418 433
f 359 421 418
f 286 438 376
f 395 438 286
f 6683 45 6682
f 405 426 443
f 426 427 615
f 447 412 279
f 478 453 450
f 366 453 478
f 431 6788 6787
f 433 6809 369
f 456 6799 6802
f 438 436 376
f 341 461 399
f 341 422 461
f 402 466 491
f 441 494 379
f 245 302 344
f 408 390 496
f 469 388 471
f 388 6700 471
f 708 7015 6857
f 348 445 409
f 447 525 412
f 475 447 350
f 393 475 350
f 454 531 456
f 533 6799 456
f 414 6604 6603
f 6831 6830 504
f 6829 6851 546
f 510 480 508
f 511 6812 6747
f 513 6748 454
f 486 552 483
f 6748 531 454
f 456 531 533
f 491 536 461
f 606 537 6779
f 6976 6977 6987
f 443 543 441
f 469 471 500
f 597 626 529
f 511 510 529
f 626 511 529
f 533 6801 6800
f 568 436 574
f 438 518 436
f 518 576 436
f 461 579 518
f 466 631 491
f 494 631 466
f 494 610 631
f 543 494 441
f 500 471 589
f 6850 558 546
f 555 546 558
f 552 6825 6836
f 559 6824 486
f 561 555 558
f 561 597 555
f 486 566 559
f 563 597 561
f 488 559 566
f 600 531 6797
f 531 600 643
f 570 559 488
f 568 570 488
f 574 570 568
f 580 537 658
f 494 582 610
f 543 582 494
f 540 6784 6785
f 6761 6793 6790
f 589 471 670
f 6718 6717 671
f 7011 670 471
f 6851 6850 546
f 645 648 679
f 563 626 597
f 631 629 536
f 631 536 491
f 7000 580 6997
f 543 661 582
f 543 612 661
f 6761 6790 6791
f 355 352 448
f 6798 643 6823
f 563 645 626
f 626 645 679
f 628 645 563
f 572 604 649
f 660 654 649
f 6778 6777 652
f 658 7016 6998
f 610 696 631
f 585 618 639
f 591 6913 6912
f 356 6833 6832
f 600 691 643
f 600 679 691
f 6596 676 6597
f 649 654 648
f 631 660 629
f 661 698 582
f 585 639 635
f 618 589 705
f 691 732 643
f 6592 676 6596
f 732 6592 6593
f 648 654 714
f 655 757 734
f 696 660 631
f 612 635 683
f 635 639 665
f 618 704 639
f 618 705 704
f 670 7013 589
f 729 6853 6854
f 696 717 660
f 582 696 610
f 589 708 705
f 7013 708 589
f 6912 6910 671
f 496 618 615
f 732 751 676
f 711 6996 6995
f 635 700 683
f 639 723 665
f 6842 711 6843
f 714 719 736
f 665 723 740
f 704 723 639
f 705 708 743
f 676 751 749
f 729 799 731
f 731 779 6949
f 6950 731 6948
f 734 6845 6844
f 734 6844 6843
f 705 743 766
f 6695 245 244
f 740 792 764
f 704 705 766
f 766 743 796
f 307 332 350
f 731 799 779
f 751 768 749
f 749 768 785
f 6621 6625 847
f 771 812 768
f 6867 6981 6866
f 768 812 785
f 6866 6981 6868
f 773 736 830
f 723 792 740
f 723 794 792
f 6865 745 6861
f 781 799 729
f 743 745 836
f 293 399 289
f 792 834 807
f 796 819 766
f 811 819 796
f 356 6834 6676
f 847 6622 6621
f 781 849 799
f 6875 6881 6893
f 902 906 908
f 859 6902 6903
f 799 849 779
f 834 842 807
f 910 6886 6887
f 872 6908 6907
f 779 864 6619
f 849 864 779
f 6546 874 6609
f 6887 6885 910
f 811 877 819
f 6869 847 6871
f 859 6903 6904
f 6668 864 6969
f 6623 847 6625
f 6969 880 6968
f 864 849 867
f 864 867 880
f 890 6878 6877
f 6965 6966 869
f 890 6879 6878
f 6966 6961 869
f 6989 6607 852
f 854 6547 6988
f 6547 854 874
f 854 842 874
f 882 6846 6609
f 834 874 842
f 834 819 874
f 819 877 882
f 6728 6729 6731
f 537 6978 6975
f 888 6901 6900
f 6624 847 6623
f 888 6904 6901
f 847 6870 6871
f 890 6877 6880
f 867 6963 6964
f 867 6965 869
f 6551 906 6549
f 906 6555 6926
f 6846 882 6847
f 6894 912 6895
f 6889 6886 910
f 6896 6895 872
f 912 6753 872
f 819 882 874
f 877 884 882
f 6552 6554 908
f 888 880 902
f 880 867 869
f 908 6926 6927
f 6848 882 884
f 859 6917 6916
f 922 908 6548
f 859 888 902
f 880 869 902
f 6550 906 890
f 6929 6928 908
f 908 916 6553
f 859 902 922
f 916 908 6930
f 890 902 6883
f 895 6885 6884
f 910 895 912
f 6922 912 895
f 884 6884 6848
f 6752 6751 912
f 6921 931 6920
f 6558 6591 6590
f 890 906 902
f 6939 6938 916
f 303 427 385
f 916 6938 6940
f 399 518 438
f 537 606 655
f 518 579 576
f 380 266 268
f 540 6761 6765
f 104 65 107
f 6722 6911 6915
f 6902 859 6916
f 320 433 369
f 6946 731 6950
f 294 293 261
f 268 266 189
f 652 757 655
f 261 214 151
f 552 6822 6821
f 334 416 431
f 555 508 546
f 422 341 343
f 6745 6750 454
f 443 426 543
f 426 615 543
f 615 585 635
f 615 635 612
f 6897 6896 872
f 6888 6889 6909
f 178 242 182
f 182 242 212
f 182 212 6561
f 916 6638 6919
f 6687 6 82
f 78 6984 6685
f 82 6686 6687
f 751 771 768
f 732 771 751
f 691 694 732
f 612 683 698
f 536 579 461
f 700 665 740
f 99 100 103
f 271 316 302
f 6597 676 6594
f 379 494 466
f 7006 144 7007
f 6736 6760 6737
f 152 187 156
f 511 626 600
f 200 137 138
f 237 232 234
f 655 711 658
f 133 200 171
f 226 167 129
f 356 453 366
f 604 572 576
f 574 572 570
f 576 574 436
f 711 6995 6999
f 658 6999 7016
f 408 344 316
f 229 171 332
f 480 478 508
f 478 6827 6831
f 796 836 811
f 591 6912 671
f 671 6717 6719
f 830 839 854
f 830 854 852
f 824 830 852
f 812 801 824
f 694 714 771
f 801 830 824
f 812 771 801
f 830 801 773
f 85 6945 18
f 376 568 421
f 253 275 197
f 700 764 683
f 126 6709 6707
f 749 785 729
f 766 819 794
f 723 766 794
f 877 6733 884
f 884 6728 6766
f 76 129 73
f 116 69 151
f 69 104 151
f 116 151 214
f 175 284 338
f 352 6735 6738
f 352 6737 6760
f 6827 450 6828
f 99 97 178
f 525 445 412
f 412 445 348
f 175 210 141
f 6734 6732 877
f 836 877 811
f 745 877 836
f 402 491 422
f 849 852 867
f 6845 757 6841
f 6960 6942 757
f 180 91 50
f 50 116 180
f 180 176 91
f 176 141 91
f 812 824 781
f 781 824 849
f 265 294 266
f 338 359 335
f 284 359 338
f 284 286 376
f 138 6 85
f 138 137 6
f 332 365 414
f 167 197 126
f 275 253 346
f 570 563 561
f 572 563 570
f 572 649 628
f 6703 6958 6702
f 6720 6911 6721
f 114 203 85
f 448 6758 450
f 510 508 529
f 597 529 555
f 283 239 320
f 239 208 320
f 208 338 335
f 189 104 107
f 184 182 6561
f 405 443 382
f 6780 6782 606
f 300 315 329
f 315 385 329
f 329 268 220
f 839 830 777
f 65 55 94
f 65 60 55
f 59 53 55
f 55 89 92
f 55 92 94
f 53 45 89
f 53 89 55
f 27 6680 6682
f 6680 27 6971
f 36 27 45
f 53 42 45
f 42 36 45
f 50 36 42
f 36 32 27
f 27 6970 6971
f 842 854 807
f 103 119 191
f 107 103 191
f 133 132 82
f 132 129 76
f 100 152 154
f 119 100 154
f 103 100 119
f 6984 78 6983
f 193 220 158
f 220 216 158
f 216 189 191
f 256 281 167
f 281 197 167
f 149 182 152
f 182 184 152
f 184 244 187
f 294 104 189
f 794 819 834
f 286 284 259
f 475 6770 6771
f 606 652 655
f 606 6778 652
f 237 283 369
f 283 320 369
f 158 156 193
f 483 6809 433
f 418 483 433
f 421 488 418
f 568 488 421
f 488 566 486
f 488 486 418
f 6872 6880 6874
f 6755 89 6754
f 298 441 379
f 380 379 265
f 382 385 405
f 385 427 426
f 431 6789 6788
f 6557 416 6809
f 303 245 344
f 390 469 496
f 469 500 496
f 743 6855 6856
f 6783 6763 6764
f 570 561 559
f 6820 561 6819
f 558 6849 6819
f 6836 6835 552
f 559 6826 6824
f 679 694 691
f 628 649 645
f 648 714 694
f 679 648 694
f 645 649 648
f 6587 520 6586
f 355 448 453
f 629 649 604
f 629 660 649
f 6602 6833 356
f 582 698 696
f 698 683 719
f 683 764 719
f 764 777 719
f 698 719 717
f 698 717 696
f 7015 708 7012
f 671 6723 6718
f 427 496 615
f 496 500 618
f 500 589 618
f 773 801 714
f 654 717 714
f 660 717 654
f 714 717 719
f 736 719 777
f 777 830 736
f 736 773 714
f 271 245 6698
f 4979 6899 6905
f 537 6726 6954
f 350 447 279
f 279 307 350
f 293 341 399
f 6832 6834 356
f 922 902 908
f 900 6953 6640
f 6599 6953 900
f 537 580 520
f 6588 520 580
f 315 303 385
f 395 399 438
f 461 518 399
f 537 655 658
f 579 629 604
f 579 604 576
f 531 643 533
f 268 329 298
f 298 380 268
f 540 6785 6792
f 6761 6792 6793
f 104 60 65
f 388 499 6700
f 335 371 320
f 371 433 320
f 4150 4171 4175
f 3842 3914 3846
f 2378 2428 2346
f 2211 2163 2040
f 1474 1439 1538
f 2323 2293 2225
f 4008 4000 4067
f 4348 4377 4392
f 4350 4306 4330
f 1318 1386 1469
f 3645 3568 3508
f 3703 3856 3771
f 1478 1372 1505
f 3440 3575 3438
f 1315 1313 1179
f 3675 3544 3494
f 3054 3183 3323
f 4260 4191 4247
f 3790 3985 3939
f 4046 4048 4119
f 1890 1877 1775
f 1463 1311 1385
f 2411 2741 2412
f 3771 3653 3605
f 3092 3089 3042
f 4124 4074 4102
f 3507 3601 3643
f 1814 1986 1911
f 1228 1135 1152
f 3852 3846 3915
f 2542 2476 2516
f 4309 4281 4311
f 4338 4267 4304
f 4430 4406 4386
f 1556 1470 1497
f 3186 3418 3271
f 1453 1526 1417
f 2950 2892 3122
f 1140 1103 1129
f 3155 2897 3070
f 2057 2117 1998
f 2891 3117 2719
f 1868 1870 1978
f 4243 4255 4279
f 2985 2983 2900
f 2686 2727 2652
f 1375 1409 1480
f 4131 4083 4030
f 2698 2665 2745
f 1952 2055 1994
f 3863 3970 3706
f 1158 1101 1150
f 2125 2229 2266
f 2772 2769 2727
f 3733 3653 3771
f 4139 4091 4040
f 3321 3265 3143
f 1756 1732 1845
f 1926 1930 1832
f 2972 2930 2849
f 4449 4451 4458
f 3001 2912 3043
f 1442 1519 1675
f 1693 1657 1581
f 4133 3998 4087
f 4182 4086 4180
f 4221 4094 4141
f 4357 4376 4377
f 2961 2864 2867
f 3170 3079 3461
f 1006 1003 1013
f 1474 1437 1400
f 2801 2930 2928
f 4426 4448 4444
f 1503 1601 1562
f 2301 2401 2266
f 2386 2409 2333
f 1142 1103 1140
f 3087 2995 3086
f 1894 1795 1901
f 1955 1920 1957
f 4127 4054 4075
f 1554 1625 1705
f 1705 1702 1812
f 1732 1848 1880
f 1370 1195 1205
f 1295 1261 1297
f 2501 2466 2324
f 3636 3720 3834
f 1329 1327 1268
f 1851 1883 1899
f 3005 2970 2925
f 1498 1470 1556
f 3604 3435 3473
f 3723 3507 3643
f 1678 1791 1570
f 1184 1111 1097
f 4117 4121 4164
f 3007 2670 2598
f 4105 4085 4211
f 3928 4038 3993
f 1734 1686 1730
f 2912 2916 2830
f 1918 1827 1825
f 1985 1934 2042
f 1827 1918 1955
f 2012 2011 2047
f 4366 4376 4364
f 2988 2904 2906
f 2571 2646 2642
f 3427 3568 3601
f 3435 3317 3226
f 3554 3656 3682
f 1629 1709 1536
f 1497 1391 1494
f 4148 4072 4054
f 2289 2386 2315
f 4148 4174 4168
f 2823 2483 2484
f 3959 3771 3993
f 2738 2658 2784
f 1213 1210 1239
f 2620 2736 2657
f 1817 1779 1777
f 1003 998 1013
f 1000 1003 1031
f 1003 1005 1031
f 1006 1005 1003
f 3954 4028 4026
f 2294 2378 2298
f 3723 3891 3887
f 1031 1005 1032
f 3694 3604 3651
f 3744 3584 3743
f 4215 4205 4216
f 1013 998 1015
f 1005 1018 1032
f 1016 1006 1008
f 2417 2594 2634
f 1023 1049 1037
f 1023 1052 1049
f 1025 1031 1062
f 1035 1015 1025
f 1015 1035 1026
f 1016 1008 1026
f 1043 1021 1028
f 1050 1023 1037
f 1052 1023 1050
f 2297 2169 2189
f 1031 1072 1062
f 1032 1074 1031
f 1016 1026 1057
f 1057 1037 1016
f 1037 1018 1016
f 1028 1078 1040
f 1037 1057 1050
f 1021 1078 1028
f 1060 1050 1058
f 3618 3779 3582
f 6805 4347 4337
f 6805 4383 6804
f 1031 1074 1072
f 1032 1097 1074
f 1054 1097 1032
f 1040 1078 1064
f 1066 1050 1057
f 1043 1044 1021
f 1044 1046 1021
f 1058 1050 1066
f 1049 1046 1044
f 1049 1068 1046
f 1050 1060 1052
f 2569 2564 2755
f 4031 3993 4033
f 1828 1767 1764
f 1057 1026 1084
f 1066 1057 1084
f 1812 1702 1747
f 1084 1026 1035
f 1084 1082 1089
f 1064 1078 1076
f 1101 1021 1046
f 1071 1080 1052
f 1049 1052 1080
f 4114 4243 4257
f 1062 1138 1025
f 1072 1138 1062
f 1074 1111 1072
f 1025 1138 1035
f 1138 1086 1035
f 1084 1035 1093
f 1086 1093 1035
f 1115 1118 1089
f 1066 1089 1118
f 1076 1078 1116
f 1116 1078 1101
f 1058 1066 1103
f 1021 1101 1078
f 1058 1103 1060
f 1068 1049 1080
f 2099 2103 2105
f 1764 1721 1866
f 1093 1095 1082
f 1082 1084 1093
f 1086 1108 1093
f 1072 1111 1138
f 1111 1074 1097
f 1112 1089 1082
f 1112 1115 1089
f 1064 1076 1116
f 1052 1060 1071
f 1010 1000 1031
f 1106 1125 1091
f 1093 1108 1122
f 1108 1145 1122
f 1108 1086 1138
f 2432 2539 2350
f 1054 1098 1097
f 1097 1098 1146
f 1146 1098 1064
f 1118 1115 1129
f 1060 1103 1071
f 1160 1105 1068
f 1160 1068 1080
f 4372 4334 4348
f 1753 1952 1917
f 1503 1514 1630
f 1120 1106 1130
f 1130 1106 1165
f 1125 1106 1120
f 1138 1137 1108
f 1127 1082 1095
f 1111 1184 1138
f 1112 1082 1127
f 1115 1112 1127
f 1187 1097 1146
f 1064 1116 1146
f 1118 1129 1103
f 1160 1150 1105
f 1150 1101 1105
f 4326 4328 4337
f 3022 2902 2904
f 1130 1132 1120
f 1122 1145 1179
f 1095 1125 1135
f 1108 1137 1145
f 1129 1115 1171
f 1116 1156 1146
f 1101 1207 1116
f 1080 1071 1160
f 1137 1138 1200
f 1706 1591 1593
f 1127 1169 1115
f 1158 1207 1101
f 1071 1148 1195
f 1071 1195 1160
f 3831 3871 3982
f 1152 1120 1132
f 1182 1179 1145
f 1135 1154 1095
f 1127 1095 1154
f 1138 1184 1200
f 1171 1115 1169
f 1140 1173 1142
f 1207 1156 1116
f 2676 2604 2509
f 1091 1093 1122
f 1127 1154 1169
f 1129 1171 1188
f 1140 1188 1173
f 1148 1142 1173
f 1190 1148 1173
f 1192 1156 1207
f 1158 1174 1207
f 2818 2770 2772
f 4026 4171 4126
f 1165 1179 1285
f 1162 1180 1177
f 1230 1137 1200
f 1220 1171 1169
f 1160 1195 1150
f 2743 2741 2589
f 1263 1187 1146
f 1225 1196 1177
f 1281 1225 1177
f 1210 1196 1208
f 1291 1196 1210
f 1196 1162 1177
f 1307 1132 1130
f 1130 1165 1307
f 1307 1165 1285
f 1285 1179 1313
f 1180 1162 1243
f 1198 1215 1180
f 1166 1219 1169
f 1219 1220 1169
f 1200 1184 1255
f 1184 1187 1255
f 1156 1192 1265
f 1222 1148 1190
f 1205 1148 1222
f 1205 1195 1148
f 3107 3192 3008
f 1208 1196 1225
f 1291 1210 1213
f 1217 1132 1307
f 1152 1132 1217
f 1198 1180 1243
f 1227 1245 1198
f 1245 1215 1198
f 1293 1230 1249
f 1135 1219 1166
f 1232 1230 1200
f 1200 1255 1232
f 1219 1320 1220
f 1299 1202 1258
f 1320 1173 1220
f 1255 1263 1261
f 1258 1202 1173
f 1263 1156 1265
f 1236 1205 1222
f 1150 1195 1333
f 1150 1333 1174
f 2675 2758 2756
f 3219 3304 3301
f 1177 1383 1281
f 1383 1177 1283
f 1215 1309 1283
f 1349 1285 1313
f 1215 1245 1287
f 1135 1228 1219
f 1320 1258 1173
f 1235 1263 1265
f 1207 1329 1192
f 1274 1272 1174
f 1272 1207 1174
f 1274 1174 1333
f 1418 1239 1208
f 1311 1291 1213
f 1217 1307 1241
f 1349 1313 1311
f 1227 1243 1293
f 1198 1243 1227
f 1287 1245 1289
f 1230 1253 1249
f 1230 1232 1253
f 1232 1255 1253
f 1258 1320 1257
f 1258 1364 1299
f 1263 1235 1261
f 1266 1236 1299
f 1268 1265 1192
f 1236 1270 1205
f 1192 1329 1268
f 1307 1304 1241
f 1353 1217 1241
f 1215 1287 1309
f 1243 1315 1293
f 1227 1293 1249
f 1249 1253 1227
f 1245 1250 1358
f 1245 1358 1289
f 1295 1250 1253
f 1364 1258 1257
f 1297 1261 1235
f 1297 1235 1322
f 1299 1364 1266
f 1265 1322 1235
f 1265 1268 1322
f 1205 1270 1370
f 1329 1207 1368
f 2879 2747 2745
f 1276 1514 1274
f 1337 1278 1339
f 4368 6818 6817
f 4381 6818 4369
f 3508 3356 3429
f 1381 1281 1383
f 1422 1383 1283
f 1422 1283 1309
f 1307 1285 1349
f 1243 1291 1315
f 1358 1355 1289
f 1358 1250 1295
f 1228 1316 1219
f 1322 1361 1297
f 1322 1268 1324
f 1236 1397 1270
f 1274 1333 1276
f 1337 1339 1334
f 1411 1339 1278
f 4044 4067 4141
f 1311 1213 1385
f 1307 1426 1304
f 1422 1309 1424
f 1426 1307 1464
f 1287 1424 1309
f 1307 1349 1464
f 1491 1424 1287
f 1313 1315 1311
f 1311 1315 1291
f 1287 1289 1351
f 1357 1246 1353
f 1351 1289 1355
f 1246 1357 1228
f 1357 1316 1228
f 1297 1361 1358
f 1219 1316 1318
f 1320 1219 1318
f 1257 1320 1362
f 1257 1362 1364
f 1266 1364 1391
f 1397 1236 1266
f 1327 1395 1393
f 1270 1366 1370
f 1329 1437 1434
f 1370 1407 1333
f 1403 1274 1514
f 1403 1330 1274
f 1400 1337 1334
f 1334 1442 1400
f 1278 1337 1399
f 1339 1372 1334
f 1413 1339 1411
f 1450 1301 1375
f 1375 1341 1446
f 2096 2181 2239
f 1538 1441 1675
f 1483 1342 1526
f 1526 1342 1417
f 1417 1346 1377
f 1346 1379 1377
f 1385 1239 1379
f 1287 1351 1491
f 1355 1588 1351
f 1357 1386 1316
f 1355 1358 1361
f 1320 1318 1362
f 1270 1397 1366
f 1445 1330 1403
f 1399 1337 1400
f 1334 1478 1442
f 1372 1478 1334
f 1409 1375 1446
f 1341 1507 1446
f 1377 1455 1417
f 1377 1379 1418
f 1346 1385 1379
f 1418 1379 1239
f 1418 1381 1459
f 1459 1381 1461
f 1381 1383 1461
f 1461 1383 1484
f 1304 1426 1241
f 1424 1491 1488
f 1241 1426 1353
f 1353 1426 1357
f 1464 1357 1426
f 1530 1491 1351
f 1355 1510 1588
f 1429 1318 1469
f 1362 1318 1429
f 1494 1362 1429
f 1391 1364 1362
f 1361 1430 1388
f 1266 1391 1432
f 1397 1266 1432
f 1437 1399 1400
f 1400 1441 1439
f 1330 1445 1405
f 1330 1405 1399
f 1441 1400 1442
f 1445 1411 1405
f 1449 1413 1411
f 1303 1301 1450
f 3912 3585 3543
f 1377 1459 1455
f 1418 1459 1377
f 1421 1385 1346
f 1383 1422 1487
f 1349 1311 1463
f 1464 1349 1463
f 1488 1491 1621
f 1463 1467 1464
f 1467 1357 1464
f 1530 1351 1533
f 1533 1351 1588
f 1494 1391 1362
f 1430 1510 1388
f 1534 1513 1430
f 1391 1470 1432
f 1474 1536 1434
f 1434 1437 1474
f 1366 1477 1370
f 1370 1477 1407
f 1441 1538 1439
f 1407 1477 1514
f 1544 1413 1449
f 1480 1341 1303
f 1303 1450 1480
f 1407 1514 1276
f 1415 1483 1549
f 1483 1526 1549
f 1415 1342 1483
f 1655 1461 1484
f 1488 1583 1639
f 3962 4034 4107
f 1463 1509 1467
f 1430 1513 1510
f 1497 1470 1391
f 1473 1393 1595
f 1498 1397 1432
f 1498 1500 1397
f 1397 1500 1366
f 1474 1597 1536
f 1341 1480 1524
f 2331 2268 2308
f 4001 3977 3822
f 1579 1484 1657
f 2713 2854 2715
f 1463 1421 1550
f 1487 1639 1581
f 1488 1639 1487
f 1621 1491 1530
f 1445 1503 1516
f 1520 1445 1516
f 1540 1446 1507
f 1544 1523 1413
f 2777 2810 2959
f 3079 3260 3461
f 3834 3882 3884
f 1740 1807 1655
f 1526 1575 1549
f 1421 1457 1550
f 1623 1533 1588
f 1591 1510 1513
f 1473 1593 1534
f 1498 1432 1470
f 1630 1514 1477
f 1677 1675 1519
f 1540 1507 1542
f 1608 1520 1566
f 1523 1544 1547
f 4150 4174 4148
f 3011 2764 2947
f 1415 1549 1576
f 1576 1549 1614
f 1688 1526 1453
f 1415 1576 1529
f 1688 1453 1637
f 1529 1618 1550
f 1467 1509 1493
f 1533 1623 1530
f 1593 1513 1534
f 1366 1559 1477
f 4312 4270 4318
f 2101 1912 2167
f 1562 1565 1516
f 1520 1516 1565
f 1601 1542 1562
f 1568 1542 1524
f 1409 1573 1480
f 1686 1683 1524
f 3521 3415 3372
f 4242 4110 4272
f 3638 3798 3835
f 2213 2012 2143
f 1182 1145 1137
f 1526 1688 1575
f 3730 3697 3694
f 1617 1529 1576
f 1154 1135 1166
f 1579 1762 1691
f 1584 1463 1550
f 1553 1493 1509
f 2261 2381 2192
f 1477 1559 1630
f 1598 1503 1560
f 1519 1632 1677
f 1520 1565 1566
f 1540 1542 1603
f 1632 1519 1605
f 1607 1565 1562
f 1544 1570 1610
f 1547 1544 1610
f 1524 1683 1568
f 1524 1480 1613
f 1613 1686 1524
f 1683 1686 1634
f 1549 1575 1614
f 1614 1617 1576
f 1484 1579 1691
f 1529 1617 1618
f 1583 1659 1639
f 1623 1588 1640
f 1554 1494 1625
f 1593 1591 1513
f 1626 1669 1556
f 1709 1595 1536
f 1629 1597 1670
f 1498 1559 1500
f 1366 1500 1559
f 1597 1538 1670
f 1675 1713 1670
f 1601 1503 1598
f 1542 1601 1603
f 1565 1644 1566
f 1651 1547 1610
f 1649 1547 1651
f 1480 1573 1613
f 1634 1686 1652
f 3559 3423 3391
f 1718 1617 1614
f 1617 1718 1745
f 1693 1639 1743
f 1618 1584 1550
f 1621 1663 1586
f 1509 1661 1553
f 1530 1663 1621
f 1623 1663 1530
f 1623 1640 1663
f 1706 1640 1591
f 1629 1711 1709
f 1711 1629 1670
f 1630 1559 1643
f 1630 1643 1560
f 1603 1601 1598
f 1789 1677 1632
f 1632 1605 1750
f 1714 1750 1605
f 1573 1540 1647
f 1644 1678 1566
f 1649 1714 1605
f 1570 1791 1610
f 1684 1649 1651
f 3937 3938 4049
f 1507 1341 1524
f 1345 1342 1415
f 1575 1718 1614
f 1688 1718 1575
f 1661 1584 1618
f 1586 1698 1695
f 1698 1586 1663
f 1663 1640 1701
f 1640 1773 1701
f 1640 1706 1773
f 1626 1667 1669
f 1781 1673 1559
f 1643 1598 1560
f 1608 1566 1678
f 1610 1681 1651
f 1684 1651 1792
f 2381 2503 2464
f 2596 2444 2339
f 3919 3848 3733
f 1688 1637 1807
f 1637 1655 1807
f 1618 1617 1745
f 1661 1618 1697
f 2253 2082 2081
f 1698 1870 1695
f 1553 1661 1702
f 2401 2301 2359
f 1670 1713 1749
f 1643 1729 1598
f 1713 1675 1749
f 1675 1677 1749
f 1750 1950 1632
f 1678 1644 1756
f 1754 1714 1649
f 1644 1683 1756
f 1684 1754 1649
f 1732 1756 1683
f 1799 1686 1734
f 1799 1652 1686
f 3425 3794 3547
f 1586 1583 1488
f 1202 1222 1190
f 3160 3067 3020
f 3753 3755 3717
f 1718 1688 1738
f 1738 1688 1807
f 1740 1691 1808
f 1808 1691 1762
f 1762 1693 1864
f 1743 1864 1693
f 1870 1659 1695
f 1711 1670 1817
f 1673 1643 1559
f 1670 1782 1817
f 1670 1749 1782
f 1610 1791 1681
f 1754 1750 1714
f 1573 1716 1730
f 2394 2447 2420
f 1730 1613 1573
f 1792 1651 1681
f 1792 1853 1684
f 1853 1754 1684
f 1730 1686 1613
f 1732 1652 1848
f 4321 4306 4350
f 3897 3892 3802
f 1803 1761 1736
f 1885 1807 1740
f 1697 1722 1661
f 1663 1769 1698
f 1725 1777 1775
f 1632 1950 1789
f 1647 1825 1827
f 1753 1750 1754
f 1678 1756 1791
f 1795 1754 1853
f 2870 2997 2780
f 2537 2636 2567
f 1736 1801 1907
f 1907 1803 1736
f 1736 1761 1801
f 1803 1758 1761
f 1718 1738 1862
f 1885 1740 1808
f 1721 1718 1862
f 1743 1974 1864
f 1697 1767 1722
f 1769 1663 1701
f 1705 1834 1665
f 1554 1626 1497
f 1775 1777 1839
f 1784 1598 1729
f 1784 1787 1598
f 1598 1825 1603
f 1792 1681 1842
f 1799 1848 1652
f 3568 3688 3724
f 1992 1948 1946
f 1805 1909 1761
f 1909 1801 1761
f 1762 1864 1808
f 1764 1767 1697
f 1698 1830 1870
f 1769 1830 1698
f 1665 1834 1771
f 1839 1777 1779
f 1991 1818 1915
f 1643 1673 1823
f 1749 1893 1878
f 1784 1823 1787
f 1791 1756 1923
f 1853 1792 1842
f 1795 1853 1855
f 1730 1799 1797
f 1797 1799 1734
f 2964 2995 3087
f 3523 3580 3777
f 2756 2802 2801
f 2063 1909 1970
f 1973 1974 2031
f 2025 2004 1926
f 1000 1010 998
f 5366 1738 1807
f 1860 5366 1807
f 1860 1807 1885
f 1808 1973 1885
f 1808 1864 1973
f 1767 1828 1722
f 1722 1828 1747
f 3463 3298 3601
f 1985 1769 1874
f 1747 1702 1661
f 1837 1781 1727
f 1781 1841 1818
f 1716 1955 1846
f 1923 1959 1791
f 1730 1716 1846
f 1753 1754 1894
f 1754 1795 1894
f 1853 1842 1883
f 1880 1848 1846
f 1855 1901 1795
f 1799 1730 1846
f 1799 1846 1848
f 1851 1853 1883
f 1994 2189 1950
f 1907 1801 5561
f 1801 1968 5561
f 1968 1801 1909
f 5366 5363 1859
f 1738 5366 1859
f 1859 1862 1738
f 1866 1721 1862
f 1812 1832 1872
f 1812 1872 1834
f 1933 1834 1872
f 1771 1834 1933
f 1955 1880 1846
f 1880 1896 1845
f 3171 3402 3131
f 1509 1463 1584
f 1907 5564 1803
f 1803 5564 1758
f 1758 5564 5419
f 5366 1860 1857
f 1909 5419 1970
f 1909 1805 5419
f 1860 1885 1925
f 1885 1973 1925
f 1862 1886 1866
f 1864 1974 1973
f 1811 1868 1977
f 1764 1866 1929
f 1830 1978 1870
f 1985 1874 1934
f 1874 1877 1934
f 1837 1841 1781
f 1839 1938 1890
f 1779 1817 1940
f 1878 1940 1821
f 1893 1944 1878
f 1753 1894 1952
f 1923 1845 1896
f 1961 1842 1959
f 1902 1901 1855
f 1902 1855 1904
f 3937 3749 3714
f 1346 1417 1342
f 5731 5561 1968
f 1862 1859 2002
f 1925 1973 2021
f 1926 1747 1828
f 1832 1930 1872
f 1841 1915 1818
f 1878 1942 1940
f 1942 1878 1944
f 1917 1994 1950
f 1955 1918 1920
f 2017 1904 1851
f 2710 2638 2569
f 2862 2769 2767
f 5561 5564 1907
f 5468 2002 1859
f 1866 1926 1929
f 3260 3126 3350
f 2040 1769 1985
f 1933 2007 1936
f 1933 1936 1771
f 1771 1936 1814
f 1888 1890 2014
f 2014 1890 1938
f 1841 2048 1915
f 2466 2638 2431
f 1938 1839 1912
f 1823 1946 1787
f 2189 1944 1789
f 1944 1893 1789
f 2189 1789 1950
f 1952 1994 1917
f 2947 2944 3278
f 1880 1957 1896
f 2084 1923 1896
f 1964 1901 1902
f 2576 2514 2682
f 3684 3623 3534
f 1777 1709 1711
f 1860 2021 5562
f 5419 5565 1970
f 2063 1968 1909
f 1860 1925 2021
f 1828 1929 1926
f 1830 2037 1978
f 1980 1983 1933
f 2040 2038 1769
f 1986 1814 1936
f 2092 2071 1888
f 2092 1888 2014
f 1837 1911 1841
f 1841 1911 2048
f 1942 1944 2053
f 1996 1920 1918
f 2084 1896 1998
f 1959 1923 2084
f 1963 2088 2055
f 2000 1904 2017
f 4338 4342 4330
f 1324 1268 1327
f 1862 2002 1886
f 2002 2065 1886
f 1973 2027 2021
f 1974 2033 2031
f 1974 1977 2033
f 1978 2037 1977
f 2035 1930 1926
f 1933 1983 2007
f 2011 2012 2073
f 1915 2048 1988
f 3103 3098 3231
f 1899 1961 1959
f 4250 4265 4276
f 2373 2394 2390
f 2023 5468 1966
f 5468 2023 2002
f 2021 2027 2025
f 2025 1886 2065
f 2029 2025 2027
f 2031 2029 2027
f 2067 2029 2031
f 2037 2033 1977
f 2004 2035 1926
f 3087 3032 3037
f 2038 2163 2007
f 2038 2040 2163
f 2211 2040 2042
f 2009 2011 2133
f 2133 2011 2136
f 2011 2073 2136
f 2053 2051 1942
f 2051 2342 2317
f 1944 2189 2169
f 1896 1957 2057
f 1959 2084 2119
f 2088 2159 2055
f 1959 2119 1899
f 2804 2883 3008
f 3415 3326 3372
f 2023 1966 5660
f 2021 2025 2091
f 2002 2023 2065
f 2091 2025 2065
f 2031 2033 2067
f 2067 2035 2029
f 2067 1983 2035
f 2067 2033 2069
f 2135 2075 1986
f 1986 2075 2139
f 2073 2012 2213
f 4194 4101 4143
f 2077 2079 2048
f 1991 1988 2081
f 2082 1946 2081
f 2192 2190 1994
f 2192 2055 2170
f 2159 2170 2055
f 2125 2017 1899
f 2123 1964 2058
f 2123 2088 1964
f 2017 2125 2000
f 2587 2490 2486
f 4465 3197 3408
f 3163 3157 3123
f 3251 3341 3256
f 2131 1986 1936
f 2131 1936 2007
f 2131 2007 2163
f 2135 1986 2131
f 2075 2135 2202
f 2099 2143 2047
f 3483 3444 3443
f 1912 2317 2167
f 2051 2317 1912
f 1992 2114 1996
f 1996 2156 1920
f 2084 1998 2117
f 2087 2084 2117
f 1899 2119 2125
f 2088 2121 2159
f 2125 2058 2000
f 1293 1179 1182
f 3831 3794 3587
f 2128 2023 5660
f 2023 2128 2065
f 2209 2042 2071
f 2176 2136 2073
f 2209 2092 2178
f 2095 2178 2092
f 2101 2274 2095
f 2218 2103 2099
f 2103 2107 2105
f 2149 2111 2107
f 2107 2111 2105
f 2081 1988 2152
f 2111 2149 2150
f 2155 2111 2150
f 2113 2111 2155
f 2251 2113 2155
f 1946 2082 1992
f 1996 2114 2156
f 2156 2117 2057
f 1874 1769 1701
f 2088 2123 2121
f 2125 2175 2058
f 2916 2747 2834
f 2460 2564 2425
f 2065 2128 2160
f 2201 2133 2136
f 2268 2136 2176
f 2141 2077 2139
f 2218 2099 2096
f 2145 2164 2079
f 2101 2221 2274
f 2152 1988 2108
f 2223 2081 2152
f 2185 2155 2150
f 2111 2187 2147
f 2111 2113 2187
f 2225 2187 2113
f 2251 2225 2113
f 1992 2082 2114
f 2082 2253 2114
f 2195 2087 2117
f 2087 2119 2084
f 2125 2119 2229
f 2121 2173 2159
f 2175 2123 2058
f 3391 3423 3283
f 3859 3857 3962
f 2853 3011 2978
f 2128 5660 2160
f 2131 2202 2135
f 2201 2136 2268
f 2202 2139 2075
f 2205 2206 2139
f 2141 2139 2206
f 2236 2181 2096
f 2095 2214 2178
f 2216 2214 2095
f 2315 2213 2241
f 2164 2182 2079
f 2216 2095 2274
f 2108 2079 2182
f 2108 2280 2152
f 2223 2152 2280
f 2297 2190 2227
f 2114 2117 2156
f 2190 2192 2227
f 2159 2173 2264
f 2121 2123 2173
f 2230 2123 2175
f 2123 2230 2173
f 2937 3055 2934
f 2205 2202 2131
f 2044 2201 2236
f 2201 2234 2236
f 2205 2139 2202
f 2211 2206 2205
f 2176 2308 2268
f 2211 2141 2206
f 2209 2141 2211
f 2214 2141 2209
f 2178 2214 2209
f 2164 2145 2141
f 2242 2280 2108
f 2150 2245 2185
f 2298 2223 2280
f 2280 2249 2298
f 2246 2155 2185
f 2223 2298 2253
f 2256 2117 2114
f 2192 2381 2227
f 2910 3307 3039
f 2256 2258 2117
f 2117 2258 2195
f 2175 2266 2199
f 2199 2230 2175
f 2932 3150 3238
f 2057 1957 1920
f 3694 3697 3514
f 2234 2201 2331
f 2201 2268 2331
f 2308 2176 2272
f 2622 2620 2549
f 2216 2279 2182
f 2276 2103 2218
f 2103 2276 2107
f 2274 2221 2290
f 2149 2107 2276
f 2182 2279 2108
f 2221 2167 2290
f 2319 2150 2149
f 2108 2279 2242
f 2245 2150 2319
f 2245 2246 2185
f 2251 2155 2246
f 2298 2254 2253
f 2253 2254 2114
f 3262 3168 2961
f 2114 2254 2256
f 2383 2263 2195
f 2195 2263 2197
f 2170 2159 2261
f 2159 2264 2261
f 2173 2230 2264
f 2199 2266 2285
f 1299 1236 1222
f 4106 4105 4211
f 3077 2993 3081
f 2271 2236 2234
f 2236 2271 2313
f 2276 2218 2319
f 2280 2324 2249
f 2294 2249 2324
f 2251 2246 2323
f 2297 2227 2376
f 3288 3396 3206
f 2258 2383 2195
f 2261 2264 2302
f 2230 2363 2264
f 2199 2285 2230
f 1246 1228 1217
f 3786 3628 3558
f 2310 2234 2331
f 2271 2234 2310
f 2218 2096 2334
f 2276 2319 2149
f 2246 2245 2319
f 2378 2294 2344
f 2254 2298 2346
f 2256 2254 2346
f 2261 2355 2350
f 2197 2263 2356
f 2261 2302 2355
f 2305 2302 2264
f 2266 2401 2285
f 2230 2286 2363
f 1046 1068 1105
f 2143 2105 2289
f 3438 3574 3362
f 3550 3680 3602
f 2333 2272 2315
f 2290 2336 2279
f 2386 2289 2339
f 2283 2321 2339
f 2293 2321 2283
f 2294 2324 2344
f 2396 2297 2376
f 2383 2327 2348
f 2261 2350 2381
f 2383 2356 2263
f 2437 2305 2264
f 2355 2302 2305
f 2437 2264 2363
f 2286 2230 2285
f 4350 4348 4334
f 3293 3209 3075
f 2450 2271 2310
f 2450 2310 2331
f 2308 2333 2307
f 2308 2272 2333
f 2218 2334 2319
f 2334 2369 2319
f 2414 2386 2339
f 2242 2279 2367
f 2336 2290 2341
f 2341 2317 2442
f 2317 2342 2442
f 2246 2319 2323
f 2319 2370 2323
f 2242 2392 2280
f 2323 2370 2293
f 2348 2346 2428
f 2383 2352 2356
f 2361 2355 2305
f 2328 2471 2286
f 2286 2471 2363
f 3989 3988 4029
f 2077 1911 1986
f 1605 1523 1547
f 2307 2450 2331
f 2407 2271 2450
f 2336 2367 2279
f 2414 2339 2388
f 2336 2341 2442
f 2242 2367 2392
f 2319 2369 2370
f 2442 2342 2390
f 2370 2375 2293
f 2396 2376 2399
f 2705 2589 2701
f 2356 2384 2359
f 2432 2355 2361
f 2160 2233 2065
f 2986 3024 2816
f 4000 3930 3966
f 3905 3895 3896
f 2376 2227 2463
f 2370 2369 2375
f 2324 2280 2425
f 2280 2392 2425
f 2399 2376 2463
f 2428 2383 2348
f 3529 3625 3935
f 2214 2164 2141
f 2352 2384 2356
f 2405 2361 2305
f 2307 2439 2450
f 2333 2439 2307
f 2439 2333 2409
f 2239 2364 2411
f 2386 2453 2409
f 2334 2239 2412
f 2336 2442 2417
f 2369 2418 2375
f 2444 2388 2339
f 2293 2375 2418
f 2423 2293 2418
f 2321 2423 2339
f 2423 2321 2293
f 2378 2344 2427
f 2428 2378 2427
f 2428 2431 2383
f 2383 2431 2352
f 2471 2403 2363
f 2437 2363 2403
f 3262 3356 3427
f 3891 4078 4022
f 3559 3717 3634
f 2497 2447 2499
f 2888 2854 3012
f 2441 2364 2407
f 2594 2417 2442
f 2463 2499 2399
f 2435 2507 2359
f 2468 2432 2361
f 2471 2328 2510
f 3857 3744 3814
f 1445 1403 1514
f 3565 3686 3595
f 2439 2483 2450
f 2596 2423 2418
f 1709 1593 1473
f 2455 2334 2412
f 2369 2334 2455
f 2367 2336 2417
f 2459 2420 2447
f 2367 2460 2392
f 2399 2499 2447
f 2359 2384 2435
f 2539 2432 2468
f 1988 2048 2079
f 2876 3001 2874
f 2514 2475 2449
f 2449 2476 2514
f 3381 3420 3447
f 2407 2450 2518
f 2450 2483 2518
f 2407 2518 2441
f 2411 2364 2441
f 2594 2442 2531
f 2367 2417 2460
f 2456 2492 2531
f 2459 2447 2497
f 2463 2534 2499
f 2464 2567 2463
f 3939 3867 3750
f 2384 2352 2431
f 2384 2505 2435
f 2468 2509 2539
f 2505 2507 2435
f 2584 2441 2518
f 2481 2479 2524
f 2521 2486 2523
f 2523 2412 2741
f 2441 2741 2411
f 2550 2489 2553
f 2523 2455 2412
f 2628 2489 2550
f 2489 2490 2553
f 2587 2553 2490
f 2523 2486 2528
f 2523 2528 2455
f 2489 2628 2557
f 2557 2531 2492
f 2557 2492 2489
f 2369 2455 2533
f 2489 2492 2497
f 2418 2369 2533
f 2497 2492 2459
f 2560 2526 2495
f 2444 2593 2388
f 2596 2593 2444
f 2463 2563 2534
f 2539 2642 2503
f 2541 2505 2384
f 2609 2471 2510
f 2514 2576 2475
f 2476 2579 2514
f 2542 2615 2579
f 2542 2581 2615
f 2542 2544 2617
f 2516 2546 2544
f 2521 2523 2694
f 2481 2622 2546
f 2692 2550 2553
f 2587 2486 2521
f 2441 2589 2741
f 4222 4224 4162
f 2526 2528 2486
f 2594 2531 2557
f 2453 2388 2593
f 2598 2455 2602
f 2455 2528 2602
f 2533 2455 2598
f 2526 2602 2528
f 2558 2593 2596
f 2425 2564 2501
f 2569 2466 2501
f 2510 2650 2609
f 2573 2471 2609
f 2573 2403 2471
f 2403 2721 2473
f 2473 2405 2305
f 2615 2612 2579
f 2544 2657 2617
f 2518 2697 2584
f 2657 2544 2546
f 2546 2549 2657
f 2518 2483 2734
f 2694 2582 2521
f 2546 2622 2549
f 2523 2741 2694
f 2584 2589 2441
f 2692 2553 2587
f 2453 2593 2663
f 2628 2632 2557
f 2557 2632 2594
f 2560 2602 2526
f 2563 2602 2560
f 2563 2636 2602
f 2466 2569 2638
f 2541 2715 2505
f 2571 2604 2646
f 2507 2505 2715
f 2606 2609 2650
f 1393 1430 1324
f 2942 2807 3117
f 2579 2612 2514
f 2615 2723 2612
f 2723 2684 2902
f 2582 2694 2654
f 2618 2521 2582
f 2587 2521 2618
f 2661 2587 2618
f 2624 2550 2738
f 2622 2627 2665
f 2705 2558 2600
f 2596 2600 2558
f 2594 2749 2634
f 2670 2533 2598
f 2666 2418 2533
f 2418 2666 2600
f 2564 2569 2501
f 2638 2644 2431
f 2604 2761 2646
f 2761 2604 2676
f 2606 2573 2609
f 2780 2689 2654
f 2694 2780 2654
f 2697 2518 2734
f 2665 2698 2691
f 2628 2550 2624
f 2484 2663 2823
f 2708 2589 2705
f 2632 2628 2795
f 2708 2705 2666
f 2600 2666 2705
f 2708 2666 2670
f 2666 2533 2670
f 2750 2598 2602
f 2460 2634 2755
f 2636 2673 2602
f 2758 2640 2642
f 2761 2941 2646
f 2574 2676 2512
f 2678 2573 2606
f 4289 4265 4218
f 3197 3122 3249
f 3343 3257 3289
f 2686 2654 2689
f 2821 2697 2734
f 2734 2823 2821
f 2620 2691 2736
f 2697 2589 2584
f 2694 2741 2793
f 2663 2705 2823
f 2745 2665 2797
f 4253 4276 4277
f 2594 2632 2838
f 2594 2838 2749
f 2602 2673 2750
f 2636 2756 2673
f 2758 2642 2646
f 2716 2761 2676
f 2721 2676 2574
f 3805 3727 3807
f 2856 2680 2892
f 2682 2892 2680
f 2724 2652 2813
f 2727 2813 2652
f 2686 2689 2772
f 2689 2818 2772
f 3042 3045 3182
f 2731 2652 2724
f 2689 2780 2818
f 2779 2658 2731
f 2784 2658 2779
f 2870 2780 2694
f 2870 2694 2793
f 2701 2589 2697
f 2745 2747 2702
f 2763 2716 2676
f 2721 2763 2676
f 2854 2888 2649
f 2764 2763 2721
f 3724 3954 3762
f 3123 2895 2898
f 2774 2724 2900
f 2724 2813 2900
f 2813 2727 2815
f 2772 2770 2769
f 2731 2724 2774
f 2736 2783 2733
f 2872 2784 2779
f 2789 2697 2821
f 2736 2691 2783
f 2697 2789 2701
f 2783 2691 2787
f 2790 2624 2738
f 2821 2823 2998
f 2787 2702 2876
f 2741 2914 2793
f 2743 2914 2741
f 2702 2747 2876
f 2876 2747 2916
f 2797 2879 2745
f 2840 2798 2631
f 2673 2756 2801
f 2934 2758 2646
f 2541 2644 2804
f 2941 2761 2885
f 2885 2761 2716
f 4270 4158 4220
f 2810 2774 2954
f 2774 2900 2954
f 2985 2813 2815
f 2780 2997 2818
f 2818 2997 2867
f 2777 2872 2779
f 2869 2783 2787
f 2874 2869 2787
f 2910 2870 2793
f 2829 2701 2826
f 2829 2908 2823
f 2910 2793 2914
f 2705 2829 2823
f 2795 2790 2706
f 2919 2914 2743
f 2919 2743 2921
f 2743 2708 2921
f 2837 2879 2797
f 2708 2670 2921
f 2921 2670 3007
f 2749 2838 2842
f 2753 2749 2844
f 2755 2753 2846
f 2802 2930 2801
f 2849 2930 2802
f 2802 3055 2849
f 2934 3055 2802
f 2649 2715 2854
f 2853 2716 2763
f 2978 2885 2716
f 2764 2853 2763
f 2678 2888 2891
f 2888 2949 2891
f 3309 3356 3403
f 2897 2809 2860
f 2862 2767 2809
f 2860 2809 2767
f 2895 2860 2770
f 2985 2900 2813
f 2818 2867 2864
f 2821 3003 2789
f 2998 3003 2821
f 2826 2701 2789
f 2823 2908 2998
f 2790 2832 2706
f 2881 2798 2840
f 2797 2798 2881
f 2710 2846 2850
f 2646 2941 2934
f 2713 2886 2854
f 2764 3011 2853
f 2897 2860 2981
f 2719 2403 2573
f 2770 2898 2895
f 2986 2810 2954
f 2898 2770 2956
f 1904 1855 1853
f 2864 3165 2956
f 2000 1902 1904
f 3033 2998 2908
f 4073 4074 4080
f 2834 2970 2830
f 2925 2879 2922
f 2925 2970 2834
f 2838 2926 2842
f 2921 3007 3048
f 2837 2797 2881
f 2749 2842 2844
f 3063 2977 2885
f 2807 2947 2764
f 3908 3901 3897
f 4274 4295 4285
f 2815 2862 2985
f 2983 2954 2900
f 2956 3165 3127
f 2961 3165 2864
f 2872 2777 2963
f 2964 2872 2963
f 2872 2964 2825
f 3003 2826 2789
f 2826 2967 2829
f 2967 2908 2829
f 2968 2832 3096
f 2919 2921 3048
f 3145 2922 2837
f 2922 2879 2837
f 2925 2922 3005
f 2968 2926 2838
f 3429 3309 3569
f 2928 3054 3007
f 4396 4407 4381
f 2937 2938 2975
f 2938 2977 2975
f 3120 2885 2978
f 2886 3012 2854
f 3063 2885 3120
f 4141 4114 4257
f 3946 3948 3985
f 4113 4066 4133
f 3614 3521 3519
f 3071 2809 2897
f 2783 2906 2733
f 2959 2995 2963
f 3045 3043 2912
f 2830 2970 3045
f 2970 3049 3045
f 3143 3048 3007
f 2753 2844 3052
f 2753 3052 2846
f 2975 3109 3190
f 3109 2975 3112
f 3008 3012 2886
f 3063 3060 2977
f 2328 2286 2285
f 3098 3094 3092
f 2650 2507 2715
f 3070 2897 2981
f 2895 3123 3018
f 2956 3074 2898
f 3074 2956 3127
f 2990 2816 3024
f 2997 3133 2961
f 3001 3036 3028
f 3003 2967 2826
f 2842 3052 2844
f 2977 3060 2975
f 3013 2949 3065
f 2981 3018 3251
f 3251 3018 3283
f 3295 3074 3127
f 2990 3024 3129
f 2990 3129 3086
f 3165 2961 3168
f 3086 2995 2990
f 3356 3262 3133
f 3028 3030 3084
f 3030 3037 3174
f 3032 3174 3037
f 2995 2964 2963
f 3039 3307 3133
f 3137 2998 3135
f 2998 3033 3135
f 2998 3137 3003
f 3221 3175 3135
f 3089 2825 2964
f 3177 3221 3135
f 3037 3036 3043
f 3042 3089 3087
f 3094 2825 3089
f 3177 3033 2908
f 3177 3135 3033
f 6986 4368 6815
f 4383 6840 6839
f 6986 6839 6840
f 3180 3139 2919
f 3096 3098 2968
f 3049 3148 3182
f 3099 3102 3005
f 2926 3103 2842
f 3103 3052 2842
f 3052 3105 2846
f 2640 2758 2675
f 2846 3105 2932
f 3105 3150 2932
f 2972 3055 3187
f 3055 3190 3187
f 3057 3238 3107
f 3275 3192 3107
f 3196 2978 3011
f 2975 3115 3112
f 2975 3060 3115
f 3199 3067 3160
f 3283 3018 3123
f 3074 3295 3163
f 3086 3260 3079
f 3260 3086 3129
f 3032 3086 3170
f 3170 3086 3079
f 3084 3030 3171
f 3221 3215 3175
f 3087 3089 2964
f 3003 3137 2967
f 2908 2967 3137
f 3137 3177 2908
f 3092 3094 3089
f 3145 3223 2922
f 3142 3005 2922
f 3099 3228 3102
f 3190 3109 3274
f 3109 3112 3274
f 3008 3192 3012
f 3012 3065 2949
f 3063 3120 3245
f 2668 2591 2555
f 3249 3122 3199
f 3199 3160 3285
f 3070 2981 3251
f 3283 3123 3157
f 3260 3129 3024
f 3356 3133 3403
f 3133 3307 3403
f 3305 3135 3175
f 2968 3098 2926
f 2922 3223 3142
f 3005 3142 3099
f 3098 3103 2926
f 3049 3102 3148
f 3103 3105 3052
f 3187 3418 3186
f 3190 3489 3187
f 3012 3192 3065
f 3065 3192 3275
f 3011 3114 3196
f 3120 2978 3196
f 3065 3193 3013
f 3013 3193 3061
f 3245 3120 3196
f 3201 3203 3155
f 3206 3161 3203
f 3283 3157 3346
f 3165 3295 3127
f 3295 3165 3168
f 3262 3298 3168
f 2449 2479 2516
f 3304 3175 3215
f 3217 3301 3299
f 3135 3305 3137
f 3299 3215 3219
f 3137 3305 3221
f 3177 3137 3221
f 3139 3180 3362
f 3265 3362 3180
f 3226 3142 3223
f 3228 3148 3102
f 3148 3228 3369
f 3229 3182 3148
f 3231 3098 3182
f 3321 3054 3323
f 3183 3414 3323
f 3233 3372 3105
f 3105 3372 3150
f 3183 3186 3270
f 3238 3150 3328
f 3328 3235 3238
f 3418 3187 3489
f 3238 3239 3107
f 3190 3274 3489
f 3275 3107 3239
f 3112 3242 3274
f 3193 3065 3275
f 3196 3114 3279
f 3115 3452 3242
f 3112 3115 3242
f 3061 3193 3243
f 3117 3061 3243
f 3117 3243 3152
f 2944 2942 3154
f 2942 3334 3154
f 2035 1983 1980
f 2942 3117 3152
f 3201 3070 3256
f 3201 3288 3203
f 3208 3292 3257
f 3163 3463 3346
f 3168 3298 3295
f 3304 3215 3299
f 3299 3263 3217
f 3263 3299 3219
f 3309 3307 3139
f 3221 3305 3215
f 3182 3229 3231
f 3105 3231 3233
f 3326 3328 3150
f 3278 3279 3114
f 3274 3242 3337
f 3243 3193 3275
f 3383 3245 3196
f 3245 3282 3115
f 1519 1442 1505
f 4067 4092 4114
f 3423 3341 3283
f 3341 3251 3283
f 3209 3497 3292
f 3916 3849 3585
f 3463 3163 3295
f 3211 3353 3293
f 3175 3219 3305
f 3304 3219 3175
f 3313 3464 3432
f 3215 3305 3219
f 3311 3217 3263
f 3358 3217 3311
f 3358 3311 3432
f 3315 3309 3139
f 3142 3226 3317
f 3326 3150 3372
f 3326 3235 3328
f 3238 3235 3329
f 3238 3329 3239
f 3329 3331 3239
f 3275 3239 3336
f 3239 3331 3336
f 3329 3334 3331
f 3243 3275 3336
f 3329 3380 3334
f 3331 3152 3336
f 3334 3152 3331
f 3243 3336 3152
f 3458 3256 3341
f 1375 1301 1303
f 3292 3497 3289
f 3463 3397 3346
f 3461 3260 3350
f 3298 3463 3295
f 3299 3301 3304
f 3301 3217 3358
f 3311 3263 3434
f 3315 3550 3309
f 3363 3360 3464
f 3464 3313 3363
f 3360 3363 3470
f 3470 3405 3366
f 3228 3267 3368
f 3369 3228 3368
f 3414 3440 3323
f 3270 3271 3374
f 3418 3532 3271
f 3420 3329 3375
f 3274 3337 3489
f 3380 3381 3278
f 3278 3381 3279
f 3421 3340 3279
f 3242 3452 3337
f 3282 3452 3115
f 3245 3383 3386
f 3386 3282 3245
f 3814 3743 3779
f 3270 3374 3414
f 3937 4049 3320
f 3343 3456 3253
f 3496 3256 3458
f 3256 3496 3201
f 3394 3391 3346
f 3347 3206 3396
f 3397 3394 3346
f 3548 3347 3396
f 3400 3502 3352
f 3352 3353 3400
f 3402 3400 3353
f 3427 3356 3508
f 3358 3434 3301
f 3434 3358 3466
f 3466 3358 3432
f 3309 3550 3569
f 3434 3432 3311
f 3470 3363 3405
f 3142 3317 3267
f 5731 1968 2063
f 3511 3226 3442
f 3369 3368 3410
f 3410 3411 3369
f 3233 3231 3411
f 3516 3440 3414
f 3411 3519 3233
f 3372 3233 3519
f 2750 2673 2928
f 3524 3414 3374
f 3326 3444 3375
f 3532 3418 3489
f 3279 3381 3421
f 3454 3386 3383
f 2563 2560 2495
f 2293 2283 2187
f 3341 3423 3631
f 3590 3394 3397
f 3504 3590 3397
f 3400 3402 3506
f 3402 3461 3506
f 3461 3350 3599
f 3301 3434 3263
f 3432 3434 3313
f 3510 3464 3360
f 3469 3360 3470
f 3405 3363 3469
f 3317 3435 3267
f 3405 3474 3366
f 3619 3615 3414
f 3444 3527 3375
f 3532 3374 3271
f 3381 3534 3421
f 3537 3489 3337
f 3449 3340 3421
f 3450 3340 3449
f 3383 3340 3454
f 3340 3450 3454
f 3538 3282 3386
f 3343 3628 3456
f 3223 3145 3442
f 3464 3466 3432
f 3464 3510 3509
f 3434 3466 3313
f 3366 3474 3470
f 3511 3473 3226
f 3267 3435 3514
f 3410 3368 3478
f 3374 3485 3524
f 3377 3486 3447
f 3386 3454 3491
f 3386 3491 3538
f 4019 4074 4073
f 3458 3494 3544
f 3496 3458 3544
f 3396 3593 3500
f 3559 3394 3590
f 3502 3400 3506
f 3563 3461 3599
f 3507 3504 3397
f 3464 3509 3466
f 3509 3313 3466
f 3510 3313 3509
f 3510 3360 3469
f 3474 3469 3470
f 3405 3469 3474
f 3476 3267 3514
f 3575 3574 3438
f 3476 3514 3697
f 3516 3575 3440
f 3476 3697 3518
f 3410 3478 3612
f 3410 3612 3480
f 3414 3577 3516
f 3548 3599 3350
f 3374 3532 3622
f 3529 3374 3622
f 3374 3529 3485
f 3377 3530 3486
f 3532 3489 3622
f 3447 3486 3534
f 3282 3538 3537
f 4029 3988 4060
f 3749 3456 3661
f 1583 1586 1695
f 3565 3590 3504
f 3504 3507 3565
f 3429 3647 3645
f 3647 3429 3649
f 3510 3363 3313
f 3510 3469 3363
f 3435 3604 3514
f 3653 3574 3575
f 3609 3473 3511
f 3518 3607 3478
f 3615 3577 3414
f 1283 1177 1180
f 3524 3485 3554
f 3622 3489 3625
f 3537 3625 3489
f 3537 3555 3625
f 3538 3555 3537
f 1008 1013 1015
f 3197 3249 3388
f 3496 3544 3587
f 3502 3677 3591
f 3677 3502 3506
f 3565 3595 3590
f 3574 3680 3550
f 3518 3697 3607
f 3875 4019 4056
f 3377 3527 3530
f 3530 3534 3486
f 3454 3450 3491
f 3632 3631 3665
f 3632 3494 3631
f 3558 3662 3789
f 3666 3670 3668
f 3425 3496 3587
f 3677 3506 3636
f 3678 3500 3593
f 3569 3602 3649
f 3473 3735 3571
f 3609 3735 3473
f 3612 3478 3607
f 3575 3516 3605
f 3519 3480 3551
f 3521 3614 3580
f 3523 3618 3415
f 3529 3709 3485
f 3554 3485 3709
f 3491 3450 3626
f 3491 3555 3538
f 3670 3591 3792
f 3591 3677 3792
f 3561 3547 3719
f 3686 3590 3595
f 3833 3677 3636
f 3596 3641 3759
f 3571 3693 3604
f 3604 3693 3651
f 3587 3544 3675
f 3653 3680 3574
f 3607 3736 3612
f 3554 3747 3656
f 3529 3622 3625
f 3491 3626 3555
f 4231 4146 4168
f 3661 3628 3786
f 3565 3507 3887
f 3571 3735 3766
f 3655 3607 3697
f 3612 3701 3480
f 3747 3554 3709
f 3684 3710 3623
f 1333 1195 1370
f 3362 3315 3139
f 3577 3703 3605
f 3524 3554 3619
f 4369 4341 4351
f 3662 3666 3789
f 3665 3756 3632
f 3665 3634 3756
f 3634 3755 3756
f 3755 3634 3717
f 3750 3666 3668
f 3750 3668 3827
f 3827 3668 3792
f 3668 3670 3792
f 3868 3717 3686
f 3792 3677 3832
f 3832 3677 3833
f 3719 3547 3794
f 3833 3636 3834
f 3638 3593 3798
f 3759 3758 3596
f 3886 3759 3641
f 3647 3691 3645
f 3843 3651 3693
f 3849 3693 3571
f 3571 3766 3849
f 3701 3612 3736
f 3551 3480 3701
f 3614 3551 3812
f 3580 3614 3812
f 3580 3812 3777
f 3779 3618 3523
f 3656 3815 3682
f 3060 3245 3115
f 3555 3626 3784
f 3784 3625 3555
f 3756 3797 3675
f 1520 1449 1411
f 3943 3868 3826
f 3868 3686 3826
f 3647 3727 3691
f 3843 3693 3849
f 3551 3701 3739
f 3812 3551 3740
f 3775 3856 3703
f 4348 4350 4357
f 3968 3815 3656
f 3584 3744 3706
f 3968 3656 3747
f 3684 3822 3710
f 3529 3933 3709
f 3822 3782 3710
f 3781 3625 3784
f 3267 3228 3099
f 1952 1963 2055
f 3789 3750 3867
f 3789 3666 3750
f 3797 3756 3755
f 3675 3873 3672
f 3834 3720 3885
f 3837 3720 3758
f 3802 3763 3843
f 3763 3651 3843
f 3728 3651 3763
f 3694 3728 3763
f 3740 3551 3739
f 3774 3777 3812
f 3706 3817 3684
f 3864 3968 3747
f 3684 3818 3822
f 3784 3626 3782
f 1727 1667 1837
f 2661 2658 2692
f 2981 2860 2895
f 3753 3877 3755
f 3750 3827 3790
f 3832 3881 3792
f 3941 3719 3794
f 3672 3873 3831
f 3834 3885 3882
f 3878 3826 3686
f 3720 3837 3885
f 3758 3904 3837
f 3800 3904 3758
f 3758 3759 3800
f 3886 3800 3759
f 1457 1415 1529
f 3643 3762 3723
f 3916 3802 3843
f 3733 3848 3807
f 3740 3739 3810
f 3774 3927 3777
f 3775 3928 3856
f 3929 3928 3775
f 3863 3744 3859
f 4040 3968 3864
f 3933 3820 3709
f 3747 3709 3820
f 3820 3864 3747
f 3820 3972 3864
f 3784 3824 3781
f 3763 3764 3694
f 1044 1039 1037
f 3755 3877 3797
f 3792 3828 3827
f 3881 3828 3792
f 4016 3941 3794
f 3675 4071 3873
f 3878 3944 3826
f 3762 4026 3723
f 3840 3916 3908
f 3840 3802 3916
f 3852 3770 3846
f 3852 3917 3770
f 3921 3853 3917
f 3770 3767 3808
f 3744 3857 3859
f 3964 3861 3859
f 3861 3863 3859
f 3706 3970 3817
f 3784 3782 3977
f 3977 3824 3784
f 1702 1705 1625
f 3938 3789 3866
f 3939 3866 3867
f 3347 3126 3161
f 3868 3877 3753
f 3944 3943 3826
f 3943 3877 3868
f 3827 3828 3985
f 3831 3873 3871
f 3985 3828 3946
f 3881 3884 3828
f 3832 3884 3881
f 3832 3833 3884
f 3800 3886 3889
f 3892 3884 3895
f 3904 3800 3889
f 3951 3886 3835
f 3902 3885 3837
f 3953 3889 3886
f 3882 3885 3896
f 3885 3902 3896
f 3904 3902 3837
f 3897 3901 4058
f 3902 3904 3906
f 3906 3905 3902
f 3909 3915 3914
f 3964 3930 3861
f 3966 3930 3964
f 3863 3861 3930
f 3817 3932 3818
f 3864 3972 4040
f 4005 3974 3972
f 3822 3977 3782
f 2004 2025 2029
f 3030 3028 3036
f 2787 2691 2698
f 4316 4325 4304
f 3867 3866 3789
f 3985 4012 3980
f 3794 3982 4016
f 3878 4022 3944
f 3875 4056 3798
f 3984 3873 4071
f 3877 4021 4071
f 3943 4021 3877
f 4054 4021 3943
f 3835 3987 3951
f 3878 3887 4022
f 3886 3951 3953
f 3953 3951 3987
f 3948 3897 4058
f 3953 3899 3889
f 3891 3723 4078
f 3989 3852 3957
f 3923 3921 3958
f 3958 3990 3923
f 3733 3959 3919
f 3996 3960 3995
f 3817 3970 3932
f 3974 4040 3972
f 3932 4001 3818
f 3972 3820 3975
f 4005 3972 3975
f 3935 4004 3933
f 4008 3824 3977
f 1782 1821 1817
f 4122 4069 3939
f 4122 3939 3980
f 3980 4012 4122
f 3982 3871 4014
f 3871 3984 4014
f 1946 1823 1991
f 4012 3985 4018
f 3948 4018 3985
f 4053 4018 3948
f 3917 3852 3989
f 3805 4030 4083
f 3919 3959 4030
f 1830 1769 2038
f 4064 4038 3929
f 4048 3974 4005
f 3977 4001 4008
f 4008 4010 3824
f 2101 2014 1938
f 1295 1253 1255
f 4069 4049 3938
f 4193 4012 4018
f 3987 3835 4056
f 4058 4053 3948
f 4078 3723 4026
f 4234 4231 4212
f 3857 4034 3962
f 3998 3964 4037
f 4066 3999 3966
f 3974 4042 4040
f 3820 3933 4044
f 3820 4044 3975
f 4046 4042 3974
f 4046 3974 4048
f 2729 2684 2617
f 2663 2593 2558
f 2510 2401 2507
f 2481 2591 2627
f 4014 4051 3982
f 3982 4051 4016
f 4051 4019 4016
f 4021 4145 4071
f 2095 2092 2014
f 4054 4072 4021
f 4022 4075 4054
f 4022 4078 4075
f 4024 4056 4073
f 4056 4024 3987
f 1647 1540 1603
f 4026 4028 4171
f 3389 3199 3253
f 4085 4060 4179
f 4030 3959 4183
f 2069 2007 1983
f 4038 4064 4110
f 4000 3999 4092
f 4088 4040 4091
f 4164 4121 4224
f 3933 4004 4044
f 4005 3975 4048
f 1961 1899 1883
f 4069 4166 4098
f 4012 4193 4122
f 4101 4051 4014
f 4074 4019 4051
f 1243 1162 1196
f 4183 3959 4031
f 3925 3990 3995
f 4107 4037 3964
f 4037 4086 3998
f 4086 4087 3998
f 4110 4132 4033
f 4113 4092 4066
f 4124 4104 4081
f 3999 4066 4092
f 3975 4044 4094
f 3975 4094 4096
f 4004 4067 4044
f 4046 4117 4042
f 3975 4096 4048
f 3584 3483 3582
f 4102 4051 4101
f 4074 4051 4102
f 4070 4145 4143
f 4070 4071 4145
f 4127 4148 4054
f 4078 4126 4075
f 4171 4028 4149
f 4130 4179 4059
f 4028 4129 4149
f 4083 4131 4206
f 4132 4110 4109
f 4137 4092 4113
f 4139 4088 4091
f 4067 4114 4141
f 4117 4222 4042
f 4121 4117 4119
f 1040 1054 1043
f 2239 2181 2313
f 1106 1122 1179
f 1749 1677 1789
f 4208 4178 4175
f 4074 4124 4080
f 4171 4127 4126
f 4059 4081 4104
f 4031 4132 4183
f 4086 4037 4180
f 4188 4133 4155
f 4086 4155 4087
f 4087 4155 4133
f 4132 4109 4157
f 4109 4134 4157
f 4139 4272 4110
f 4159 4096 4094
f 4170 4198 4227
f 4096 4119 4048
f 3161 2983 3203
f 4101 4198 4102
f 4101 4194 4198
f 4171 4149 4202
f 4150 4127 4171
f 4131 4154 4206
f 4154 4131 4183
f 4037 4107 4180
f 3213 3131 3353
f 4132 4187 4183
f 4134 4248 4157
f 4158 4139 4042
f 4117 4191 4160
f 4119 4162 4121
f 3958 3917 4029
f 3196 3279 3340
f 4170 4124 4198
f 4202 4175 4171
f 4150 4178 4174
f 4206 4154 4216
f 4154 4183 4239
f 4185 4155 4181
f 4157 4248 4218
f 4134 4291 4248
f 4241 4134 4242
f 4139 4158 4272
f 1330 1272 1274
f 2236 2096 2009
f 4146 4229 4197
f 4200 4203 4130
f 4202 4149 4175
f 4174 4233 4168
f 4174 4178 4233
f 4175 4129 4208
f 4149 4129 4175
f 4203 4204 4152
f 3954 4083 4129
f 4234 4204 4203
f 4205 4181 4213
f 4237 4181 4182
f 4218 4265 4157
f 4239 4183 4187
f 4291 4134 4241
f 1487 1422 1424
f 4242 4268 4278
f 3054 3321 3143
f 4272 4158 4270
f 4220 4158 4162
f 4042 4222 4158
f 4162 4224 4121
f 4225 4191 4164
f 1758 5419 1805
f 1634 1652 1732
f 4208 4129 4206
f 4198 4194 4227
f 4194 4197 4227
f 4197 4229 4227
f 4229 4231 4227
f 4227 4231 4200
f 4231 4234 4200
f 4240 4216 4154
f 4215 4216 4240
f 4250 4187 4265
f 4239 4187 4250
f 4255 4188 4240
f 4257 4244 4221
f 4221 4244 4246
f 4246 4220 4159
f 4258 4160 4283
f 2790 2738 2784
f 4225 4247 4191
f 4283 4160 4260
f 2105 2111 2147
f 3808 3730 3764
f 4239 4240 4154
f 4239 4250 4240
f 4253 4240 4250
f 4253 4255 4240
f 4278 4241 4242
f 4281 4278 4268
f 4268 4272 4281
f 1467 1493 1386
f 1355 1361 1388
f 4222 4258 4224
f 2721 2807 2764
f 4412 4411 4421
f 3655 3736 3607
f 4369 4360 4341
f 2753 2755 2634
f 4246 4244 4273
f 4220 4246 4273
f 4258 4283 4295
f 4295 4224 4258
f 4260 4262 4292
f 4295 4225 4224
f 4247 4225 4274
f 4275 4262 4247
f 2938 2941 2885
f 4276 4265 4289
f 4291 4296 4248
f 4278 4291 4241
f 4270 4312 4272
f 4312 4281 4272
f 4262 4288 4292
f 4288 4262 4275
f 1393 1395 1536
f 3866 3939 4069
f 4289 4303 4276
f 3369 3229 3148
f 4289 4248 4296
f 4273 4299 4270
f 1553 1429 1493
f 4247 4274 4275
f 4180 4211 4182
f 4267 4277 4276
f 4291 4278 4296
f 2610 2576 2680
f 4306 4299 4279
f 4312 4311 4281
f 4295 4283 4285
f 4283 4314 4285
f 4315 4292 4288
f 4274 4320 4275
f 4300 4288 4275
f 2038 2069 2033
f 1980 1933 1872
f 3170 3171 3174
f 2930 2972 3054
f 1016 1018 1005
f 4303 4289 4316
f 4289 4296 4316
f 4296 4345 4316
f 1791 1959 1842
f 4276 4303 4267
f 4303 4304 4267
f 1926 1866 1886
f 2388 2453 2386
f 4326 4296 4278
f 4326 4278 4328
f 4306 4270 4299
f 4285 4314 4320
f 4300 4275 4320
f 1974 1743 1811
f 2797 2665 2631
f 4306 4321 4270
f 4321 4318 4270
f 4320 4314 4323
f 4101 4014 4070
f 3530 3527 3584
f 3042 3037 3043
f 3719 3941 3875
f 4325 4316 4345
f 4345 4296 4326
f 4309 4341 4328
f 4318 4333 4311
f 4333 4341 4311
f 4333 4318 4334
f 1683 1607 1568
f 3719 3798 3593
f 4345 4326 4356
f 4364 4356 4326
f 4341 4360 4328
f 4323 4354 4320
f 2077 2141 2145
f 4325 4342 4304
f 4337 4366 4364
f 4323 4344 4354
f 3691 3727 3805
f 4345 4342 4325
f 4356 4330 4342
f 4357 4330 4356
f 4337 4347 4366
f 6837 6952 6838
f 6838 4337 4360
f 4337 4328 4360
f 4054 3943 3944
f 2495 2490 2497
f 4342 4345 4356
f 4341 4333 4361
f 4361 4351 4341
f 1588 1510 1591
f 2456 2531 2442
f 2317 2341 2290
f 2405 2468 2361
f 4357 4356 4364
f 2631 2665 2627
f 4333 4334 4372
f 4333 4372 4361
f 4374 4351 4361
f 2541 2384 2431
f 2952 2859 2612
f 2512 2405 2473
f 4357 4364 4376
f 4347 4379 4366
f 4372 4374 4361
f 4351 4387 4381
f 4351 4374 4387
f 3908 3916 3912
f 3904 3889 3899
f 4387 4396 4381
f 6839 6807 4383
f 4386 4401 6806
f 1484 1487 1657
f 4397 4387 4374
f 4400 4396 4387
f 3548 3596 3599
f 4133 4066 3966
f 4374 4372 4394
f 2804 2886 2713
f 3807 3680 3733
f 4392 4394 4372
f 3476 3518 3368
f 1917 1950 1750
f 4379 4401 4389
f 4392 4389 4403
f 1729 1643 1823
f 4413 4397 4392
f 4394 4392 4397
f 3970 4001 3932
f 4389 4401 4403
f 4401 4415 4403
f 4392 4403 4412
f 4427 4397 4426
f 1040 1064 1098
f 3534 3450 3449
f 2327 2383 2258
f 4110 4064 4088
f 3117 3013 3061
f 1912 1940 1942
f 4406 4415 4401
f 4412 4403 4411
f 4071 3675 3797
f 4407 4405 4418
f 2464 2640 2537
f 1647 1827 1716
f 2795 2628 2624
f 4397 4413 4424
f 1093 1091 1125
f 4403 4415 4411
f 4411 4415 4435
f 4426 4397 4424
f 1457 1421 1346
f 3619 3704 3615
f 4406 4435 4415
f 4406 4440 4435
f 4413 4428 4449
f 4413 4436 4424
f 4438 4409 4427
f 3701 3767 3810
f 4413 4412 4428
f 4441 4442 4436
f 4413 4449 4436
f 4424 4436 4442
f 4442 4426 4424
f 4433 4438 4427
f 3691 4083 3724
f 3777 3960 3814
f 4428 4445 4449
f 4449 4441 4436
f 4421 4435 4445
f 4449 4445 4451
f 4448 4426 4442
f 1372 1523 1505
f 2364 2313 2271
f 2484 2409 2453
f 4433 4427 4444
f 2229 2197 2359
f 4278 4281 4309
f 4448 4442 4453
f 4162 4159 4220
f 4462 4458 4451
f 4457 4433 4444
f 1745 1764 1697
f 2968 2838 2706
f 3480 3519 3411
f 2272 2213 2315
f 3452 3282 3537
f 4448 4453 4444
f 4457 4460 4433
f 3506 3461 3563
f 1573 1409 1446
f 1015 998 1010
f 1868 1811 1659
f 4444 4453 4457
f 3375 3329 3235
f 2606 2888 2678
f 1120 1152 1135
f 1399 1368 1330
f 1043 1054 1039
f 2934 2941 2937
f 4205 4233 4178
f 2091 5623 5562
f 3081 3028 3084
f 1659 1811 1743
f 2289 2283 2339
f 3096 2790 2825
f 1964 2088 1963
f 1220 1173 1188
f 2390 2394 2420
f 1318 1316 1386
f 3523 3415 3521
f 3096 2825 3094
f 2279 2216 2274
f 3615 3703 3577
f 3154 3334 3380
f 1493 1429 1469
f 4106 4107 4034
f 4109 4110 4242
f 3139 3307 2910
f 3341 3631 3494
f 4222 4117 4160
f 2044 2009 2133
f 4145 4072 4197
f 3774 3812 3740
f 3527 3444 3483
f 3935 3781 4010
f 3377 3375 3527
f 4237 4212 4213
f 4008 4067 4004
f 1278 1399 1405
f 2071 2042 1934
f 2009 2047 2011
f 2346 2348 2327
f 3155 3203 3071
f 1637 1453 1455
f 2706 2838 2632
f 2427 2466 2428
f 4240 4185 4215
f 4400 4387 4409
f 3425 3288 3201
f 1039 1018 1037
f 2571 2539 2509
f 3638 3678 3593
f 2373 2297 2396
f 1669 1727 1781
f 1227 1253 1250
f 2985 2862 2809
f 2770 2860 2767
f 2618 2652 2661
f 4150 4175 4178
f 3842 3806 3764
f 3764 3806 3808
f 3806 3846 3770
f 3914 3842 3905
f 3846 3914 3915
f 3842 3846 3806
f 2378 2346 2298
f 2131 2163 2205
f 2205 2163 2211
f 1474 1538 1597
f 2323 2225 2251
f 4392 4377 4389
f 4350 4330 4357
f 3508 3568 3427
f 3568 3645 3688
f 3688 3645 3691
f 1478 1505 1442
f 3440 3438 3265
f 1315 1179 1293
f 3675 3494 3632
f 3183 2972 3186
f 3186 2972 3187
f 2972 3183 3054
f 4191 4260 4160
f 4260 4247 4262
f 3980 3939 3985
f 3985 3790 3827
f 4046 4119 4117
f 1934 1877 1888
f 1888 1877 1890
f 1890 1775 1839
f 1775 1706 1725
f 1773 1877 1874
f 1775 1773 1706
f 1775 1877 1773
f 1463 1385 1421
f 2411 2412 2239
f 3771 3605 3703
f 3605 3653 3575
f 3092 3042 3182
f 4124 4102 4198
f 3601 3397 3463
f 3397 3601 3507
f 1228 1152 1217
f 3852 3915 3957
f 2476 2542 2579
f 2542 2516 2544
f 4309 4311 4341
f 4338 4304 4342
f 4418 4430 4386
f 1556 1497 1626
f 3186 3271 3270
f 1453 1417 1455
f 2950 3122 3016
f 2892 2950 2856
f 3122 2892 2859
f 1140 1129 1188
f 3155 3070 3201
f 2057 1998 1896
f 2891 2719 2678
f 1868 1978 1977
f 4257 4279 4244
f 4244 4279 4273
f 4273 4279 4299
f 4279 4267 4306
f 4306 4267 4338
f 4267 4279 4277
f 4277 4279 4255
f 4219 4255 4243
f 4243 4279 4257
f 4133 4219 4137
f 4255 4219 4188
f 4188 4219 4133
f 2983 3071 3203
f 3071 2983 2985
f 2686 2652 2654
f 4292 4314 4283
f 1375 1480 1450
f 4131 4030 4183
f 2698 2745 2702
f 1994 2055 2192
f 3863 3706 3744
f 5562 1857 1860
f 1158 1150 1174
f 2125 2266 2175
f 2772 2727 2686
f 3733 3771 3959
f 4139 4040 4042
f 2591 2524 2555
f 3048 3143 3265
f 3265 3321 3440
f 3440 3321 3323
f 1756 1845 1923
f 1926 1832 1747
f 2972 2849 3055
f 4441 4449 4455
f 4455 4449 4458
f 2916 3001 2876
f 3001 3043 3036
f 2912 3001 2916
f 1442 1675 1441
f 1693 1581 1639
f 3964 3998 3966
f 3966 3998 4133
f 4086 4182 4155
f 4155 4182 4181
f 4094 4246 4159
f 4246 4094 4221
f 4377 4376 4389
f 2961 2867 2997
f 1006 1013 1008
f 1474 1400 1439
f 2801 2928 2673
f 4426 4444 4427
f 1503 1562 1516
f 2301 2266 2229
f 2386 2333 2315
f 1103 1142 1071
f 1071 1142 1148
f 3087 3086 3032
f 1894 1901 1963
f 1955 1957 1880
f 4127 4075 4126
f 1554 1705 1665
f 1705 1812 1834
f 1732 1880 1845
f 1295 1297 1358
f 2501 2324 2425
f 3720 3563 3758
f 3758 3563 3599
f 3563 3720 3636
f 1327 1329 1395
f 1395 1434 1536
f 1329 1434 1395
f 1851 1899 2017
f 2970 3102 3049
f 3102 2970 3005
f 1498 1556 1669
f 3604 3473 3571
f 1678 1570 1608
f 1184 1097 1187
f 4117 4164 4191
f 3007 2598 2750
f 4038 3928 3929
f 3928 3993 3856
f 3856 3993 3771
f 3993 4038 4033
f 4033 4038 4110
f 1734 1730 1797
f 2912 2830 3045
f 1918 1825 1948
f 1985 2042 2040
f 1827 1955 1716
f 2012 2047 2143
f 4376 4379 4389
f 4366 4379 4376
f 2988 2906 3026
f 2571 2642 2539
f 3298 3427 3601
f 3601 3568 3643
f 3435 3226 3473
f 3554 3682 3619
f 1629 1536 1597
f 1497 1494 1554
f 4197 4072 4146
f 4146 4072 4148
f 2289 2315 2241
f 4148 4168 4146
f 2409 2484 2439
f 2439 2484 2483
f 2483 2823 2734
f 3959 3993 4031
f 2658 2738 2692
f 2692 2738 2550
f 1385 1213 1239
f 1239 1210 1208
f 2620 2657 2549
f 1817 1777 1711
f 3954 4026 3762
f 2294 2298 2249
f 3723 3887 3507
f 3694 3651 3728
f 3744 3743 3814
f 4205 4215 4181
f 4181 4215 4185
f 2417 2634 2460
f 2169 2373 2342
f 2373 2169 2297
f 3618 3443 3415
f 3443 3618 3582
f 3582 3779 3743
f 4347 6803 4379
f 4383 6803 6804
f 4379 6807 4401
f 4383 6807 6803
f 2710 2569 2755
f 2755 2564 2460
f 4031 4033 4132
f 1828 1764 1929
f 1812 1747 1832
f 1084 1089 1066
f 4243 4137 4219
f 4137 4243 4114
f 1066 1118 1103
f 2099 2105 2143
f 1718 1721 1745
f 1745 1721 1764
f 1010 1031 1025
f 2432 2350 2355
f 4372 4348 4392
f 1753 1917 1750
f 1503 1630 1560
f 4326 4337 4364
f 2906 2904 2684
f 2684 2904 2902
f 2902 2952 2723
f 2952 2902 3022
f 3022 2904 2988
f 4462 4455 4458
f 1706 1593 1709
f 3831 3982 3794
f 2676 2509 2512
f 1091 1122 1106
f 2956 2770 2864
f 2864 2770 2818
f 4026 4126 4078
f 2743 2589 2708
f 1187 1263 1255
f 1263 1146 1156
f 3107 3008 3057
f 2675 2756 2636
f 3219 3301 3263
f 2834 2747 2925
f 2925 2747 2879
f 6814 4381 4407
f 6817 6814 4368
f 3508 3429 3645
f 4044 4141 4094
f 2096 2239 2334
f 1538 1675 1670
f 1381 1225 1281
f 1225 1381 1208
f 1208 1381 1418
f 3016 4465 4467
f 3388 3389 3456
f 1407 1276 1333
f 1655 1484 1691
f 1461 1655 1459
f 1459 1655 1637
f 3962 4107 3964
f 2331 2308 2307
f 4001 3822 3818
f 2713 2715 2541
f 2777 2959 2963
f 2959 2990 2995
f 2990 2959 2816
f 2816 2959 2810
f 2810 2777 2774
f 2774 2777 2731
f 2731 2777 2779
f 3834 3884 3833
f 1740 1655 1691
f 1520 1608 1544
f 1544 1608 1570
f 4150 4148 4127
f 3011 2947 3114
f 4312 4318 4311
f 2101 2167 2221
f 1542 1568 1562
f 1562 1568 1607
f 3521 3372 3519
f 4242 4272 4268
f 2610 2475 2576
f 3638 3835 3886
f 3835 3798 4056
f 2213 2143 2241
f 1182 1137 1230
f 1154 1166 1169
f 1693 1762 1657
f 1657 1762 1579
f 2261 2192 2170
f 3559 3391 3394
f 3789 3938 3786
f 3786 3938 3937
f 1507 1524 1542
f 1345 1415 1457
f 1781 1559 1498
f 2381 2464 2227
f 2227 2464 2463
f 2464 2503 2640
f 2640 2503 2642
f 2539 2503 2350
f 2350 2503 2381
f 2596 2339 2423
f 3805 3848 4030
f 4030 3848 3919
f 2253 2081 2223
f 3794 3425 3587
f 3425 3547 3561
f 1586 1488 1621
f 1202 1190 1173
f 3160 3020 3022
f 3753 3717 3868
f 2399 2447 2396
f 2396 2447 2394
f 4321 4350 4318
f 2668 2840 2631
f 3897 3802 3840
f 2881 3145 2837
f 3133 2997 3039
f 3039 2997 2870
f 2567 2563 2463
f 2563 2567 2636
f 2636 2537 2675
f 1626 1665 1667
f 1667 1665 1814
f 1814 1665 1771
f 1665 1626 1554
f 1825 1787 1948
f 1948 1787 1946
f 1787 1825 1598
f 3568 3724 3643
f 1948 1992 1918
f 1918 1992 1996
f 1673 1818 1823
f 1823 1818 1991
f 1991 1915 1988
f 1818 1673 1781
f 3523 3777 3779
f 2802 2758 2934
f 2758 2802 2756
f 2063 1970 5565
f 1973 2031 2027
f 2025 1926 1886
f 1000 998 1003
f 1747 1661 1722
f 2297 2189 2190
f 2190 2189 1994
f 3171 3131 3084
f 3131 3402 3353
f 1509 1584 1661
f 1779 1912 1839
f 1940 1817 1821
f 1779 1940 1912
f 3937 3714 3786
f 1346 1342 1345
f 2883 2638 2850
f 2850 2638 2710
f 2727 2769 2815
f 2815 2769 2862
f 3126 2986 3161
f 2986 3126 3024
f 3024 3126 3260
f 2466 2431 2428
f 3114 2947 3278
f 3278 2944 3154
f 2680 2576 2682
f 2682 2514 2612
f 3684 3534 3530
f 1706 1709 1725
f 1725 1709 1777
f 4338 4330 4306
f 1324 1327 1393
f 3103 3231 3105
f 4250 4276 4253
f 2373 2390 2342
f 3087 3037 3042
f 2342 2051 2169
f 2169 2053 1944
f 2053 2169 2051
f 2804 3008 2886
f 3008 2883 3057
f 3057 2883 2850
f 2883 2644 2638
f 2883 2804 2644
f 3444 3326 3443
f 3443 3326 3415
f 4194 4143 4197
f 3749 3661 3714
f 3714 3661 3786
f 3157 3163 3346
f 3163 3123 3074
f 3251 3256 3070
f 3483 3443 3582
f 1293 1182 1230
f 3831 3587 3672
f 2042 2209 2211
f 2209 2071 2092
f 1874 1701 1773
f 2916 2834 2830
f 2460 2425 2392
f 2119 2087 2197
f 2197 2087 2195
f 3391 3283 3346
f 3859 3962 3964
f 2853 2978 2716
f 3055 2937 3190
f 2975 3190 2937
f 2910 3039 2870
f 2932 3238 3057
f 2057 1920 2156
f 3694 3514 3604
f 2620 2665 2691
f 2665 2620 2622
f 3262 2961 3133
f 1299 1222 1202
f 3077 3081 3213
f 3081 2993 3028
f 3028 2993 2874
f 2993 3077 3026
f 3026 3075 2988
f 3075 3026 3077
f 3288 3206 3203
f 1246 1217 1353
f 3786 3558 3789
f 1046 1105 1101
f 2143 2289 2241
f 3438 3362 3265
f 3550 3602 3569
f 4350 4334 4318
f 3293 3077 3211
f 3211 3077 3213
f 3077 3293 3075
f 3075 3209 2988
f 2988 3209 3022
f 3022 3208 3160
f 3208 3209 3292
f 3209 3591 3497
f 3591 3352 3502
f 3352 3293 3353
f 3022 3209 3208
f 3209 3293 3591
f 3591 3293 3352
f 3909 3957 3915
f 3989 4029 3917
f 3909 3988 3957
f 3957 3988 3989
f 3953 3909 3899
f 3988 3909 3987
f 3987 3909 3953
f 1911 2077 2048
f 2077 1986 2139
f 1605 1547 1649
f 2705 2701 2829
f 2091 2065 2233
f 2986 2816 2810
f 4000 3966 3999
f 3892 3895 3802
f 3802 3905 3842
f 3905 3896 3902
f 3802 3895 3905
f 3933 3529 3935
f 3935 3625 3781
f 2182 2164 2216
f 2216 2164 2214
f 3262 3427 3298
f 3891 4022 3887
f 3686 3717 3590
f 3590 3717 3559
f 3559 3665 3423
f 3423 3665 3631
f 3559 3634 3665
f 2497 2499 2534
f 2888 3012 2949
f 3857 3814 4034
f 1445 1514 1503
f 3878 3686 3887
f 3887 3686 3565
f 2596 2418 2600
f 1709 1473 1595
f 2456 2420 2492
f 2492 2420 2459
f 1988 2079 2108
f 2787 2876 2874
f 2874 3001 3028
f 3381 3447 3534
f 3939 3750 3790
f 2479 2481 2516
f 2516 2481 2546
f 2542 2617 2581
f 4222 4162 4158
f 2721 2403 2719
f 2403 2473 2437
f 2473 2721 2574
f 2473 2305 2437
f 1361 1322 1430
f 1430 1393 1534
f 1322 1324 1430
f 1534 1393 1473
f 2947 2807 2944
f 2944 2807 2942
f 2684 2581 2617
f 2581 2684 2615
f 2615 2684 2723
f 4289 4218 4248
f 3408 3749 3320
f 3247 3540 2019
f 4445 4435 4462
f 3122 3197 3016
f 3257 3160 3208
f 3285 3343 3253
f 3257 3285 3160
f 3289 3257 3292
f 3285 3257 3343
f 4253 4277 4255
f 4098 4049 4069
f 3805 3807 3848
f 3724 3762 3643
f 3123 2898 3074
f 4438 4419 4409
f 4270 4220 4273
f 3356 3309 3429
f 3309 3403 3307
f 3057 2850 2932
f 2932 2850 2846
f 2846 2710 2755
f 2719 2573 2678
f 1904 1853 1851
f 1964 1902 2058
f 2058 1902 2000
f 4073 4080 4024
f 3908 3897 3840
f 4295 4274 4225
f 4274 4285 4320
f 3429 3569 3649
f 4407 4396 4405
f 4141 4257 4221
f 3948 3946 3897
f 3897 3946 3892
f 4113 4133 4137
f 3614 3519 3551
f 2729 2733 2906
f 2906 2783 3026
f 3026 2783 2993
f 2993 2783 2874
f 2874 2783 2869
f 2328 2285 2401
f 3098 3092 3182
f 2650 2715 2649
f 4407 4418 4386
f 6815 4407 4386
f 6815 4368 6814
f 3180 3048 3265
f 3048 3180 2919
f 2919 3139 2914
f 3049 3182 3045
f 2640 2675 2537
f 2627 2591 2631
f 2631 2591 2668
f 2449 2516 2476
f 2035 1980 1930
f 2942 3152 3334
f 1519 1505 1605
f 4092 4067 4000
f 4114 4092 4137
f 3408 3197 3388
f 3389 3388 3249
f 3381 3380 3420
f 3420 3380 3329
f 1375 1303 1341
f 3814 3779 3777
f 3270 3414 3183
f 2750 2928 3007
f 2563 2495 2534
f 2293 2187 2225
f 2449 2475 3585
f 3749 3937 3320
f 3628 3343 3558
f 3558 3343 3662
f 3662 3289 3666
f 3666 3497 3670
f 3670 3497 3591
f 3497 3666 3289
f 3289 3662 3343
f 3223 3442 3226
f 4019 4073 4056
f 3593 3396 3561
f 3561 3288 3425
f 3396 3288 3561
f 3548 3350 3126
f 1583 1695 1659
f 1283 1180 1215
f 1008 1015 1026
f 4445 4462 4451
f 4016 4019 3941
f 3941 4019 3875
f 3587 3675 3672
f 4146 4231 4229
f 4231 4168 4233
f 3315 3362 3550
f 3550 3362 3574
f 5363 5468 1859
f 3577 3605 3516
f 3524 3619 3414
f 4369 4351 4381
f 3245 3060 3063
f 3756 3675 3632
f 1449 1520 1544
f 1520 1411 1445
f 4348 4357 4377
f 3815 3775 3704
f 3775 3815 3929
f 3929 3968 4088
f 3815 3968 3929
f 4088 3968 4040
f 3267 3099 3142
f 1894 1963 1952
f 3584 3706 3684
f 3684 3817 3818
f 1837 1814 1911
f 1814 1837 1667
f 1667 1727 1669
f 2661 2692 2587
f 2981 2895 3018
f 1457 1529 1550
f 3694 3764 3730
f 3764 3802 3842
f 3802 3764 3763
f 1044 1037 1049
f 3853 3770 3917
f 3770 3808 3806
f 3808 3767 3699
f 3767 3853 3810
f 3810 3853 3740
f 3740 3853 3925
f 3853 3767 3770
f 1702 1625 1553
f 3347 3161 3206
f 3126 3347 3548
f 3896 3895 3882
f 3882 3895 3884
f 3884 3892 3828
f 3828 3892 3946
f 3905 3906 3914
f 3914 3906 3909
f 3909 3906 3899
f 2004 2029 2035
f 3030 3036 3037
f 2787 2698 2702
f 4316 4304 4303
f 3984 4070 4014
f 3873 3984 3871
f 3984 4071 4070
f 1821 1749 1878
f 1749 1821 1782
f 1946 1991 2081
f 1830 2038 2037
f 4064 3929 4088
f 2101 1938 1912
f 1295 1255 1261
f 4234 4212 4237
f 2729 2657 2733
f 2733 2657 2736
f 2657 2729 2617
f 2684 2729 2906
f 2663 2558 2705
f 2328 2401 2510
f 2510 2507 2650
f 2507 2401 2359
f 2591 2481 2524
f 2481 2627 2622
f 2095 2014 2101
f 1647 1603 1825
f 3389 3253 3456
f 3253 3199 3285
f 3199 3389 3249
f 4059 4024 4081
f 4081 4024 4080
f 4024 3988 3987
f 4204 4179 4152
f 4059 3988 4024
f 4211 4179 4204
f 4059 4060 3988
f 4060 4085 4029
f 4029 4085 3990
f 4085 4179 4211
f 4179 4060 4059
f 2007 2069 2038
f 2069 1983 2067
f 4164 4224 4225
f 1961 1883 1842
f 4193 4166 4122
f 4122 4166 4069
f 1243 1196 1291
f 3925 3927 3774
f 3995 4085 3996
f 3996 4105 4062
f 4085 4105 3996
f 3925 3995 3927
f 3923 3853 3921
f 4085 3995 3990
f 3990 3925 3923
f 4106 4062 4105
f 3853 3923 3925
f 4104 4124 4170
f 4124 4081 4080
f 3584 3582 3743
f 4152 4130 4203
f 4130 4104 4200
f 4200 4104 4170
f 4179 4130 4152
f 4130 4059 4104
f 1040 1043 1028
f 2239 2313 2364
f 2313 2181 2236
f 1106 1179 1165
f 1749 1789 1893
f 4178 4208 4205
f 4205 4208 4216
f 4170 4227 4200
f 2983 2986 2954
f 2986 2983 3161
f 3213 3353 3211
f 3131 3213 3081
f 4187 4157 4265
f 4157 4187 4132
f 3958 4029 3990
f 3917 3958 3921
f 3196 3340 3383
f 1207 1272 1368
f 1368 1272 1330
f 2236 2009 2044
f 4028 3954 4129
f 4129 4083 4206
f 4211 4204 4237
f 4237 4204 4234
f 4234 4203 4200
f 1487 1424 1488
f 3054 3143 3007
f 1758 1805 1761
f 1634 1732 1683
f 4208 4206 4216
f 2790 2784 2872
f 4283 4260 4292
f 2105 2147 2289
f 3730 3655 3697
f 3655 3730 3699
f 3699 3730 3808
f 1467 1386 1357
f 1355 1388 1510
f 2807 2719 3117
f 2719 2807 2721
f 4421 4411 4435
f 3736 3699 3701
f 3701 3699 3767
f 3699 3736 3655
f 4383 6837 6840
f 6859 4360 6816
f 6859 6816 4368
f 6818 4368 6816
f 4360 6818 6816
f 2753 2634 2749
f 2938 2885 2977
f 1393 1536 1595
f 3866 4069 3938
f 3229 3411 3231
f 3411 3229 3369
f 1494 1429 1625
f 1625 1429 1553
f 4237 4182 4211
f 4211 4180 4106
f 4106 4180 4107
f 2610 2680 2856
f 2038 2033 2037
f 1980 1872 1930
f 3170 3174 3032
f 3174 3171 3030
f 3171 3170 3402
f 3402 3170 3461
f 2930 3054 2928
f 1016 1005 1006
f 1791 1842 1681
f 2388 2386 2414
f 1974 1811 1977
f 2797 2631 2798
f 4101 4070 4143
f 3530 3584 3684
f 3042 3043 3045
f 3719 3875 3798
f 1565 1607 1644
f 1644 1607 1683
f 3719 3593 3561
f 2077 2145 2079
f 3691 3805 4083
f 4054 3944 4022
f 2495 2497 2534
f 2497 2490 2489
f 2490 2526 2486
f 2526 2490 2495
f 1588 1591 1640
f 2456 2442 2390
f 2317 2290 2167
f 2468 2512 2509
f 2512 2468 2405
f 2541 2431 2644
f 3122 3067 3199
f 3020 2952 3022
f 3122 3020 3067
f 2682 2859 2892
f 2859 3020 3122
f 3020 2859 2952
f 2952 2612 2723
f 2612 2859 2682
f 2512 2473 2574
f 3908 3912 3901
f 3904 3899 3906
f 4386 4406 4401
f 1581 1657 1487
f 1487 1484 1383
f 3596 3548 3641
f 3641 3548 3678
f 3500 3548 3396
f 3678 3548 3500
f 3599 3596 3758
f 4374 4394 4397
f 2804 2713 2541
f 3653 3733 3680
f 3680 3807 3602
f 3602 3647 3649
f 3647 3602 3727
f 3727 3602 3807
f 3267 3476 3368
f 3368 3518 3478
f 1729 1823 1784
f 4001 3970 4008
f 4008 3970 4000
f 4000 3970 3930
f 3930 3970 3863
f 4387 4397 4409
f 4409 4397 4427
f 1040 1098 1054
f 3710 3450 3623
f 3623 3450 3534
f 3534 3449 3421
f 3450 3710 3626
f 3626 3710 3782
f 2327 2258 2256
f 4110 4088 4139
f 3013 2891 2949
f 2891 3013 3117
f 1912 1942 2051
f 4071 3797 3877
f 2464 2537 2567
f 1647 1716 1573
f 2795 2624 2790
f 1093 1125 1095
f 1457 1346 1345
f 3815 3704 3682
f 3682 3704 3619
f 3701 3810 3739
f 4421 4445 4428
f 4412 4421 4428
f 4413 4392 4412
f 3688 3691 3724
f 3724 4083 3954
f 3814 3996 4034
f 4034 3996 4062
f 3996 3814 3960
f 3960 3927 3995
f 3927 3960 3777
f 1605 1505 1523
f 1523 1372 1413
f 1413 1372 1339
f 2364 2271 2407
f 2484 2453 2663
f 2229 2359 2301
f 2359 2197 2356
f 2197 2229 2119
f 4278 4309 4328
f 4159 4119 4096
f 4119 4159 4162
f 1745 1697 1618
f 2968 2706 2832
f 3480 3411 3410
f 2073 2213 2176
f 2176 2213 2272
f 3452 3537 3337
f 4438 4433 4460
f 3506 3563 3636
f 1573 1446 1540
f 1015 1010 1025
f 1868 1659 1870
f 3375 3235 3326
f 2888 2606 2649
f 2649 2606 2650
f 1120 1135 1125
f 1329 1368 1437
f 1437 1368 1399
f 1043 1039 1044
f 2941 2938 2937
f 4233 4212 4231
f 4212 4233 4213
f 4213 4233 4205
f 3081 3084 3131
f 1659 1743 1639
f 2283 2147 2187
f 2147 2283 2289
f 2790 3096 2832
f 2825 2790 2872
f 1964 1963 1901
f 1220 1188 1171
f 2390 2420 2456
f 3523 3521 3580
f 3096 3094 3098
f 2279 2274 2290
f 3703 3704 3775
f 3704 3703 3615
f 3154 3380 3278
f 1493 1469 1386
f 4106 4034 4062
f 4109 4242 4134
f 3139 2910 2914
f 3341 3494 3458
f 4222 4160 4258
f 2044 2133 2201
f 4145 4197 4143
f 4072 4145 4021
f 3774 3740 3925
f 3527 3483 3584
f 4004 3935 4010
f 4010 3781 3824
f 3375 3377 3420
f 3420 3377 3447
f 4237 4213 4181
f 4008 4004 4010
f 1278 1405 1411
f 2071 1934 1888
f 2099 2047 2096
f 2096 2047 2009
f 2346 2327 2256
f 3155 3071 2897
f 1637 1455 1459
f 2706 2632 2795
f 2466 2427 2324
f 2324 2427 2344
f 4155 4185 4188
f 4188 4185 4240
f 4400 4409 4419
f 3425 3201 3496
f 1018 1039 1032
f 1032 1039 1054
f 2571 2509 2604
f 3678 3638 3641
f 3641 3638 3886
f 2373 2396 2394
f 1669 1781 1498
f 1227 1250 1245
f 2985 2809 3071
f 2770 2767 2769
f 2661 2652 2658
f 2658 2652 2731
f 2652 2618 2654
f 2654 2618 2582
f 4323 4292 4315
f 4292 4323 4314
f 4323 4315 4344
f 4288 4354 4315
f 4344 4315 4354
f 4354 4300 4320
f 4288 4300 4354
f 4438 4460 4419
f 2091 5562 2021
f 3849 3916 3843
f 4058 3901 3912
f 2610 3493 3543
f 2856 3016 2610
f 6796 6795 6794
f 3388 3456 3749
f 3145 3609 3511
f 3511 3442 3145
f 3145 2881 3609
f 4018 4053 4058
f 2840 2668 3609
f 2668 2555 3766
f 3609 2668 3766
f 2555 2524 2479
f 2479 2449 3849
f 3713 4193 4018
f 2449 3585 3849
f 4049 4166 3659
f 4463 2019 4058
f 3247 3016 4467
f 2475 2610 3543
f 4453 4442 4441
f 3456 3628 3661
f 2856 2950 3016
f 2555 2479 3849
f 3609 2881 2840
f 3766 3735 3609
f 2475 3543 3585
f 3849 3766 2555
f 4463 3912 3543
f 3713 4049 3659
f 4049 4098 4166
f 3713 4018 3540
f 4166 4193 3659
f 4453 4441 4455
f 4430 4440 4406
f 4435 4440 4430
f 4418 4462 4430
f 4405 4462 4418
f 4405 4396 4460
f 4396 4400 4419
f 4460 4396 4419
f 4460 4457 4453
f 4453 4455 4460
f 4469 4462 4405
f 4460 4455 4469
f 4462 4435 4430
f 475 6773 445
f 475 6771 6772
f 6774 445 6773
f 6776 445 6774
f 525 475 445
f 6775 6756 445
f 409 445 346
f 346 6573 6576
f 2610 3247 3493
f 4049 2060 3320
f 2060 4467 4465
f 2060 3713 2126
f 3493 4463 3543
f 3540 2126 3713
f 3493 2019 4463
f 2019 4018 4058
f 4465 3320 2060
f 3749 3408 3388
f 2126 3247 4467
f 4455 4462 4469
f 4460 4469 4405
f 3912 3916 3585
f 4465 3016 3197
f 3247 2126 3540
f 3713 3659 4193
f 4463 4058 3912
f 2610 3016 3247
f 2060 2126 4467
f 2060 4049 3713
f 3493 3247 2019
f 2019 3540 4018
f 4465 3408 3320
f 4724 4792 4721
f 4699 4788 4811
f 4535 4588 4560
f 4651 4631 4610
f 6380 6304 6413
f 6420 6466 6461
f 5857 5935 5780
f 5602 5506 5507
f 6391 6331 6293
f 5834 5719 5754
f 4577 4609 4654
f 5520 5585 5546
f 5763 5684 5593
f 4907 4799 4872
f 5277 5322 5488
f 5295 5244 5189
f 6063 6150 6149
f 5639 5714 5830
f 6077 6138 6137
f 6373 6309 6389
f 4550 4548 4562
f 5280 5108 5110
f 6114 5899 5963
f 6294 6273 6311
f 6223 6186 6285
f 6318 6453 6381
f 5894 5958 5891
f 6010 6048 6051
f 5601 5630 5665
f 6098 5800 5911
f 5972 6087 6167
f 6366 6399 6418
f 5436 5212 5308
f 4473 4474 4471
f 4965 4736 4741
f 5664 5893 5598
f 6048 6124 6051
f 6075 6159 6183
f 5947 5980 5793
f 5224 5485 5056
f 5463 5241 5292
f 4863 5033 4955
f 5236 5341 5283
f 5691 5729 5730
f 5886 5851 5887
f 5120 5345 5236
f 5562 5362 1857
f 6229 6210 6142
f 4526 4528 4538
f 5602 5603 5709
f 4857 4938 5020
f 6407 6391 6408
f 6011 6010 6056
f 4626 4613 4597
f 6444 6338 6381
f 4644 4586 4599
f 6413 6415 6433
f 4910 4964 4866
f 5798 5875 5910
f 5791 5754 5908
f 5110 4980 5231
f 6008 5976 6049
f 6334 6217 6255
f 5286 5415 5414
f 5145 5425 5427
f 6156 6154 6112
f 5461 5130 5459
f 5992 5772 5803
f 5094 5217 5268
f 4991 4962 4956
f 5171 5275 5168
f 6393 6442 6451
f 5901 5863 5827
f 6182 6185 6160
f 5739 5780 5708
f 4694 4726 4692
f 4613 4612 4597
f 6386 6365 6361
f 6453 6452 6430
f 5352 5241 5463
f 4566 4603 4589
f 6060 5948 5949
f 4960 5375 5205
f 5712 5670 5533
f 5777 5930 5893
f 6422 6374 6390
f 5737 5898 5964
f 5626 5367 5696
f 5449 5580 5579
f 5735 5895 5812
f 6158 6134 6222
f 6153 6231 6232
f 4567 4564 4562
f 5847 5956 6034
f 4956 4778 5030
f 4780 4833 4867
f 5952 5985 6063
f 5251 5427 5526
f 4703 4772 4732
f 5971 6164 6165
f 5615 5613 5614
f 5763 5762 5842
f 5894 5931 5896
f 5534 5822 5781
f 5977 6012 5978
f 5640 5673 5867
f 5353 5356 5135
f 5941 6047 6046
f 6006 6081 5968
f 6161 6118 6206
f 4471 4480 4490
f 4471 4490 4473
f 4471 4482 4480
f 4474 4476 4471
f 4471 4476 4482
f 6414 6412 6445
f 4478 4490 4488
f 4482 4503 4480
f 4484 4473 4506
f 4478 4506 4473
f 4478 4473 4490
f 4484 4486 4473
f 5461 5288 5078
f 4476 4499 4482
f 4482 4499 4492
f 4476 4474 4499
f 4478 4502 4530
f 4478 4488 4502
f 4482 4492 4503
f 4484 4506 4557
f 4493 4484 4557
f 4495 4484 4493
f 4495 4486 4484
f 4488 4575 4502
f 6086 6121 6080
f 4488 4503 4554
f 4478 4530 4506
f 4492 4517 4503
f 4546 4495 4493
f 4497 4486 4495
f 4499 4531 4492
f 6180 6157 6183
f 4503 4515 4554
f 4557 4506 4584
f 4518 4493 4557
f 4546 4493 4518
f 4539 4513 4509
f 4509 4542 4512
f 4513 4542 4509
f 4850 4931 4788
f 4506 4530 4551
f 4517 4515 4503
f 4508 4495 4546
f 4520 4508 4533
f 4499 4535 4531
f 4539 4520 4533
f 4512 4528 4526
f 4539 4521 4513
f 4512 4542 4528
f 4513 4521 4592
f 4502 4575 4573
f 4523 4506 4551
f 4584 4506 4523
f 4517 4560 4515
f 4533 4508 4546
f 4548 4539 4533
f 4525 4538 4499
f 4526 4538 4525
f 4550 4539 4548
f 4539 4564 4521
f 4513 4592 4542
f 6303 6305 6382
f 4530 4502 4551
f 4531 4535 4560
f 4550 4564 4539
f 4521 4544 4592
f 5548 5519 5551
f 4560 4555 4515
f 4548 4533 4579
f 4528 4542 4589
f 4542 4566 4589
f 4542 4592 4566
f 4551 4502 4577
f 4551 4577 4569
f 4523 4551 4569
f 4555 4597 4515
f 4546 4518 4585
f 4586 4546 4585
f 4535 4571 4588
f 4621 4629 4571
f 6399 6363 6360
f 5929 5926 5958
f 4598 4557 4584
f 4518 4557 4598
f 4560 4627 4555
f 4579 4533 4586
f 4533 4546 4586
f 4564 4550 4562
f 4592 4606 4566
f 4566 4606 4603
f 5157 4913 4875
f 6359 6379 6384
f 4502 4609 4577
f 4502 4573 4609
f 4573 4636 4609
f 4575 4636 4573
f 4575 4595 4636
f 4585 4518 4598
f 4567 4593 4544
f 5874 5876 6099
f 6074 6133 6184
f 6120 6163 6140
f 4595 4581 4653
f 4583 4569 4624
f 4616 4523 4569
f 5972 5829 6087
f 4555 4626 4597
f 4627 4626 4555
f 4579 4586 4644
f 4602 4620 4588
f 4605 4634 4567
f 4567 4634 4593
f 4931 4850 4885
f 4754 4830 4674
f 4595 4653 4636
f 4624 4569 4654
f 5034 4906 4907
f 4647 4686 4660
f 5513 5609 5481
f 6411 6360 6384
f 5998 5930 5932
f 5268 5449 5480
f 4687 4643 4722
f 4636 4662 4609
f 4612 4613 4638
f 6214 6097 6059
f 4660 4659 4620
f 4602 4660 4620
f 4866 4959 4792
f 4621 4678 4629
f 4623 4678 4621
f 4593 4673 4606
f 4618 4583 4656
f 4627 4674 4626
f 4644 4599 4643
f 4644 4643 4687
f 4647 4660 4602
f 4629 4648 4647
f 4651 4633 4631
f 4634 4605 4679
f 4634 4679 4593
f 4636 4653 4662
f 4638 4666 4730
f 4638 4613 4666
f 4719 4666 4613
f 4733 4741 4736
f 5380 5666 5378
f 4653 4730 4662
f 4609 4662 4654
f 4624 4654 4665
f 4656 4583 4683
f 4641 4656 4670
f 4660 4686 4659
f 4671 4605 4633
f 4679 4605 4671
f 4593 4679 4673
f 6094 6097 6126
f 4662 4730 4715
f 4686 4684 4659
f 4676 4610 4687
f 4679 4671 4738
f 4713 4681 4710
f 6118 6121 6208
f 5966 5738 5817
f 4629 4678 4648
f 4679 4695 4673
f 4673 4695 4694
f 4710 4681 4711
f 4699 4681 4713
f 4681 4697 4711
f 4728 4681 4699
f 5450 5535 5323
f 4899 4732 5191
f 6144 6210 6212
f 4662 4715 4746
f 4666 4703 4730
f 4683 4583 4704
f 4722 4670 4706
f 4686 4754 4684
f 4676 4687 4707
f 4648 4724 4686
f 4690 4757 4689
f 4690 4780 4757
f 4633 4766 4671
f 4738 4695 4679
f 4694 4695 4726
f 5478 5573 5380
f 4767 4713 4710
f 4699 4713 4769
f 4697 4727 4711
f 4681 4728 4697
f 5085 5304 5083
f 5556 5590 5554
f 5277 5172 5105
f 4730 4749 4715
f 4751 4665 4775
f 4687 4722 4723
f 4686 4721 4754
f 4707 4687 4723
f 4707 4651 4676
f 4725 4781 4633
f 4633 4781 4766
f 4738 4671 4766
f 4767 4710 4787
f 4769 4713 4767
f 4711 4787 4710
f 4727 4787 4711
f 5947 5946 5978
f 5416 5880 5685
f 4695 4738 4726
f 4727 4883 4787
f 5631 5704 5817
f 4715 4749 4746
f 4776 4812 4772
f 4862 4830 4754
f 4757 4794 4792
f 5876 6023 6099
f 4760 4763 4758
f 4736 4763 4760
f 4742 4741 4739
f 4739 4741 4733
f 4744 4741 4742
f 4822 4767 4787
f 4846 4787 4883
f 4727 4697 4883
f 4856 4697 4728
f 5313 5507 5213
f 4746 4749 4790
f 4702 4746 4770
f 4749 4732 4790
f 4814 4722 4778
f 4723 4722 4814
f 4758 4872 4799
f 4739 4733 4819
f 4819 4733 4818
f 4872 4758 4763
f 4764 4872 4763
f 4763 4785 4764
f 4736 4785 4763
f 4821 4843 4744
f 4788 4699 4769
f 4856 4883 4697
f 4856 4728 4811
f 4746 4790 4770
f 4707 4723 4831
f 4757 4867 4794
f 4760 4818 4733
f 4800 4833 4780
f 4764 4785 4872
f 4785 4837 4872
f 4741 4744 4805
f 4808 4805 4807
f 4822 4787 4846
f 4790 4732 4899
f 4775 4828 4753
f 4831 4723 4814
f 4816 4866 4792
f 4794 4915 4816
f 4794 4816 4792
f 4903 4818 4797
f 4766 4781 4782
f 4738 4766 4782
f 4802 4739 4819
f 4819 4836 4802
f 4986 5123 5185
f 4785 4840 4837
f 4821 4802 4920
f 4808 4741 4805
f 4769 4767 4850
f 4811 5009 4888
f 4732 5027 5195
f 4830 4950 4812
f 4870 4819 4818
f 4725 4873 4781
f 4782 5038 4911
f 4872 4837 4913
f 4840 4875 4837
f 4841 4821 4920
f 4843 4821 4841
f 5008 4808 4807
f 4822 4846 4767
f 4824 4879 4847
f 4971 4879 4824
f 4851 4971 4847
f 4971 4824 4847
f 4883 4888 4885
f 4883 4856 4888
f 4890 5009 4811
f 4857 4942 4895
f 4895 4942 4858
f 6172 6151 6129
f 4862 4950 4830
f 4831 4814 4962
f 5219 5100 5388
f 5148 4818 4903
f 4903 4797 5085
f 4797 4906 5085
f 4781 4873 4782
f 4836 4819 4870
f 4837 4875 4913
f 4807 4843 4841
f 5008 4965 4808
f 4767 4882 4850
f 4767 4846 4882
f 4847 4879 4925
f 4885 4850 4882
f 4854 4851 4887
f 4851 4854 4971
f 4971 4854 5168
f 4890 4811 4788
f 4856 4811 4888
f 5009 4890 4934
f 4895 5055 4897
f 4897 4857 4895
f 4942 4941 4858
f 4863 4955 4862
f 4959 4989 4863
f 4866 4960 4959
f 4962 4873 4831
f 4816 4910 4866
f 4833 4998 4867
f 4915 4910 4816
f 4872 4913 4907
f 4873 4996 4782
f 4782 4996 5038
f 4841 4922 4807
f 4922 5008 4807
f 4926 4965 5008
f 4970 4854 4887
f 5168 5050 4971
f 4931 4890 4788
f 4975 5168 4854
f 4890 4892 4934
f 4892 4894 4934
f 4892 4937 4894
f 4937 4897 4894
f 4897 4938 4857
f 4941 5063 4858
f 4942 4944 4941
f 5957 5958 5852
f 4825 4988 4948
f 4948 4988 4946
f 4814 4778 4956
f 4989 5033 4863
f 4956 4962 4814
f 4907 5041 5034
f 4911 4993 4833
f 5041 4907 4913
f 4915 4918 4910
f 5041 4913 5157
f 5093 4841 5042
f 4841 4920 5042
f 4875 4840 4921
f 4926 5008 5049
f 4879 5048 4925
f 4851 4968 4887
f 4968 4851 4847
f 4971 5274 4879
f 4888 4973 4885
f 4973 4888 5009
f 5009 4934 5053
f 4977 5014 4892
f 4937 4892 5014
f 4897 5055 4894
f 4938 4897 4937
f 4944 4942 4983
f 4941 5121 5023
f 4941 4944 5121
f 4512 4526 4486
f 6220 6178 6256
f 6274 6213 6093
f 4860 5145 5200
f 4873 4962 4991
f 4964 4960 4866
f 5041 5210 5034
f 4833 4993 4998
f 4836 4870 5042
f 4910 4918 4999
f 5001 5002 4998
f 5045 4841 5093
f 5004 4875 4921
f 5004 4921 4878
f 5274 5048 4879
f 5050 5274 4971
f 4931 4977 4890
f 4931 4973 4977
f 4977 4892 4890
f 4933 5016 5056
f 5056 5171 4933
f 4975 4933 5171
f 4895 5017 5055
f 5063 5017 4895
f 5060 4981 5019
f 4981 4980 5019
f 4858 5063 4895
f 4983 4942 5020
f 5023 5068 4941
f 5023 5121 5071
f 4665 4654 4702
f 4986 5126 5182
f 5208 5090 4818
f 4873 5037 4996
f 4996 5037 5038
f 4999 5380 5155
f 4993 5001 4998
f 5002 5161 4918
f 4918 5161 4999
f 5004 5094 4875
f 5045 4922 4841
f 5100 5008 4922
f 4925 5048 5165
f 5005 4965 5271
f 5049 5008 5100
f 5271 4926 5049
f 5271 4965 4926
f 4977 4973 5009
f 5055 5016 5103
f 5055 5017 5016
f 5017 5056 5016
f 5062 4937 5014
f 5017 5224 5056
f 5019 5108 5060
f 4980 5112 5231
f 5113 5070 4980
f 4980 5070 5112
f 5023 5071 5068
f 5121 5073 5071
f 4986 5182 5123
f 4986 5024 5126
f 5076 5126 5024
f 5130 5076 5024
f 5838 5761 5799
f 5245 5191 5499
f 4988 5245 4946
f 5028 5198 5027
f 4951 4860 5200
f 5300 5198 5028
f 5204 5201 4955
f 4956 5030 5147
f 4873 4991 5089
f 4873 5089 5037
f 5037 5089 5038
f 5213 5210 5041
f 5216 5380 4999
f 5157 5158 5382
f 5161 5216 4999
f 5094 5163 4875
f 5045 5096 4922
f 5100 4922 5096
f 4925 5165 5101
f 5274 5269 5048
f 5009 5172 4977
f 5053 5172 5009
f 5016 5012 5103
f 5171 5168 4975
f 5053 5055 5172
f 5055 5105 5172
f 5103 5105 5055
f 4977 5062 5014
f 5485 5171 5056
f 5060 5108 5058
f 5019 5110 5108
f 5225 5224 5017
f 5063 5225 5017
f 5116 5070 5113
f 5179 4983 5020
f 4944 5117 5121
f 5128 5286 5126
f 5078 5076 5130
f 5288 5133 5132
f 5542 5540 5613
f 5150 4991 5147
f 5304 5148 5083
f 5089 4991 5150
f 5089 5310 5038
f 5038 5310 5153
f 5153 5438 4993
f 5001 4993 5438
f 5001 5260 5002
f 5445 5161 5002
f 5165 5048 5269
f 5005 5222 5046
f 4977 5172 5062
f 5058 5108 5174
f 5229 5060 5058
f 5229 4981 5060
f 4937 5062 4938
f 5113 4980 4981
f 5071 5120 5236
f 5073 5239 5071
f 5071 5239 5120
f 5024 4986 5185
f 5337 5454 5518
f 5133 5135 5138
f 5138 5188 5133
f 5135 5139 5138
f 6387 6417 6414
f 5292 5241 5139
f 5292 5139 5141
f 5141 5143 5189
f 5189 5292 5141
f 5669 5708 5478
f 5375 5374 5205
f 5312 5090 5212
f 5382 5313 5157
f 5260 5261 5002
f 5261 5315 5002
f 5315 5445 5002
f 5263 5096 5045
f 5388 5100 5096
f 5165 5269 5101
f 5049 5100 5219
f 5271 5049 5219
f 5167 4887 4968
f 5103 5012 5051
f 5275 5050 5168
f 5228 4938 5062
f 4981 5229 5113
f 5231 5112 5234
f 5234 5112 5070
f 5073 5237 5239
f 5239 5181 5120
f 5239 5458 5181
f 5123 5182 5458
f 5182 5181 5458
f 5182 5414 5181
f 5186 5347 5128
f 5289 5133 5288
f 5356 5139 5135
f 5141 5139 5356
f 5189 5293 5292
f 5244 5293 5189
f 5504 5502 5375
f 4946 5245 5079
f 5191 5195 5499
f 5145 4901 5248
f 5200 5145 5251
f 5250 5297 5198
f 4951 5200 5251
f 5300 5250 5198
f 5204 5429 5201
f 5147 5254 5150
f 5501 5372 5205
f 5434 5208 5148
f 5434 5148 5304
f 5374 5501 5205
f 5089 5150 5256
f 5380 5378 5155
f 5042 5312 5258
f 5042 5258 5093
f 5157 5313 5041
f 5478 5380 5216
f 5161 5445 5216
f 5163 5268 5317
f 5050 5395 5274
f 5275 5395 5050
f 5172 5277 5062
f 5108 5402 5174
f 5108 5280 5402
f 5225 5403 5224
f 5177 5410 5225
f 5066 5337 5020
f 5337 5179 5020
f 5117 5491 5121
f 5236 5345 5411
f 6250 6194 6294
f 5414 5554 5181
f 5567 5624 5661
f 5459 5024 5185
f 5459 5130 5024
f 5289 5135 5133
f 5244 5467 5293
f 6239 6259 6280
f 5613 5582 5751
f 6284 6281 6381
f 5637 5608 5745
f 5251 5145 5427
f 5208 5434 5308
f 5089 5256 5310
f 5312 5212 5436
f 5378 5666 5375
f 5507 5476 5213
f 5153 5310 5438
f 5260 5383 5261
f 5317 5443 5163
f 5261 5383 5315
f 5383 5386 5315
f 5393 5269 5274
f 4968 5398 5167
f 5103 5051 5167
f 5395 5393 5274
f 5275 5398 5395
f 5399 5398 5275
f 5105 5103 5399
f 5105 5451 5322
f 5280 5323 5402
f 5058 5174 5327
f 5229 5058 5327
f 5110 5452 5325
f 5228 5330 5066
f 5452 5231 5281
f 5281 5332 5452
f 5229 5116 5113
f 5283 5455 5410
f 5336 5281 5231
f 5334 5332 5281
f 5490 5231 5234
f 5337 5340 5179
f 5073 5121 5344
f 5121 5491 5344
f 5073 5344 5237
f 5239 5411 5345
f 5239 5345 5458
f 5181 5554 5345
f 5293 5417 5292
f 5293 5362 5417
f 5362 5293 5467
f 5634 5577 5532
f 5499 5195 5568
f 5195 5297 5568
f 5370 5082 4951
f 5370 4951 5251
f 5434 5304 5470
f 5471 5470 5306
f 5470 5304 5306
f 5256 5473 5310
f 6110 5995 6131
f 5443 5382 5163
f 5271 5219 5390
f 5098 5271 5390
f 5320 5098 5390
f 4968 5393 5398
f 5398 5393 5395
f 5399 5275 5484
f 5484 5105 5399
f 5485 5484 5275
f 5277 5228 5062
f 5402 5323 5610
f 5325 5323 5280
f 5403 5486 5224
f 5228 5406 5330
f 5408 5452 5332
f 5229 5327 5116
f 5550 5332 5334
f 5179 5340 5491
f 5117 5179 5491
f 5236 5520 5341
f 5411 5239 5520
f 5239 5237 5520
f 5411 5520 5236
f 5492 5185 5458
f 5460 5415 5347
f 5461 5522 5289
f 5352 5462 5350
f 5292 5360 5357
f 5465 5295 5143
f 5292 5417 5360
f 5362 5497 5417
f 5362 5467 5363
f 5363 5366 5362
f 5362 5366 1857
f 6045 5901 5827
f 5150 5302 5432
f 5503 5150 5432
f 5374 5502 5501
f 5375 5502 5374
f 5256 5435 5473
f 5473 5475 5310
f 5310 5530 5438
f 5312 5436 5440
f 5258 5263 5045
f 5442 5001 5438
f 5260 5001 5442
f 5382 5507 5313
f 5443 5507 5382
f 5383 5260 5442
f 5317 5509 5443
f 5383 5448 5510
f 5383 5510 5386
f 5388 5096 5265
f 5512 5320 5390
f 5580 5449 5392
f 5105 5484 5451
f 5535 5610 5323
f 5402 5487 5174
f 5325 5482 5450
f 5228 5277 5406
f 5174 5487 5327
f 5403 5483 5486
f 5403 5583 5483
f 5488 5330 5406
f 5453 5645 5327
f 5330 5454 5066
f 5066 5454 5337
f 5116 5456 5234
f 5332 5550 5517
f 5490 5336 5231
f 5457 5281 5336
f 5457 5334 5281
f 5283 5341 5520
f 5553 5492 5458
f 5345 5554 5458
f 5492 5493 5185
f 5459 5185 5493
f 5352 5463 5462
f 5357 5523 5463
f 5464 5465 5356
f 5132 5128 5126
f 5360 5496 5357
f 5417 5497 5360
f 5360 5497 5496
f 5466 5244 5295
f 5466 5467 5244
f 5667 5530 5665
f 5237 5344 5520
f 5505 5810 5572
f 5617 5588 5553
f 5570 5367 5429
f 5470 5472 5434
f 5308 5434 5472
f 5310 5475 5530
f 5383 5442 5477
f 5448 5578 5510
f 5388 5265 5390
f 5513 5320 5512
f 5482 5536 5450
f 5486 5483 5515
f 5516 5487 5402
f 5516 5402 5610
f 5452 5643 5325
f 5643 5539 5325
f 5330 5488 5454
f 5489 5544 5616
f 5332 5543 5408
f 5455 5583 5410
f 5455 5541 5583
f 5116 5327 5489
f 5517 5543 5332
f 5456 5116 5489
f 5491 5340 5584
f 6095 6147 6017
f 5357 5494 5523
f 5558 5618 5494
f 5357 5558 5494
f 5357 5496 5558
f 5495 5498 5465
f 5498 5295 5465
f 5466 5295 5498
f 5524 5467 5466
f 5596 5497 5362
f 5468 5467 5524
f 5432 5527 5571
f 5302 5527 5432
f 5470 5471 5600
f 5600 5471 5599
f 5502 5598 5501
f 5474 5308 5529
f 5436 5474 5440
f 5476 5506 5505
f 5507 5506 5476
f 5477 5442 5531
f 5533 5509 5511
f 5390 5265 5577
f 5213 5476 5505
f 5450 5536 5535
f 5515 5483 5514
f 5483 5581 5514
f 5484 5612 5451
f 5612 5484 5485
f 5612 5485 5515
f 5486 5515 5485
f 5325 5539 5482
f 5454 5488 5540
f 5543 5452 5408
f 5340 5518 5584
f 5588 5492 5553
f 5618 5523 5494
f 5558 5496 5560
f 5560 5496 5497
f 5466 5498 5620
f 5362 5621 5596
f 1966 5468 5524
f 6320 6242 6286
f 5567 5423 5624
f 5425 5248 5567
f 5245 5499 5421
f 5421 5499 5568
f 5427 5425 5569
f 5546 5455 5283
f 5470 5600 5472
f 5502 5664 5598
f 5504 5664 5502
f 5631 5474 5529
f 5631 5440 5474
f 5473 5601 5475
f 5666 5664 5504
f 5506 5702 5505
f 5574 5477 5531
f 5447 5577 5265
f 5448 5606 5578
f 5607 5390 5577
f 5480 5579 5511
f 5514 5581 5637
f 5674 5536 5482
f 5537 5516 5610
f 5451 5612 5540
f 5643 5452 5719
f 5545 5454 5542
f 5519 5543 5517
f 5455 5614 5541
f 5546 5614 5455
f 5547 5336 5490
f 5549 5550 5334
f 5550 5551 5517
f 5519 5517 5551
f 5555 5588 5552
f 5555 5492 5588
f 5493 5492 5555
f 5652 5556 5521
f 5591 5459 5493
f 5522 5461 5593
f 5559 5843 5558
f 5620 5524 5466
f 5562 5621 5362
f 5564 5563 5419
f 5563 5565 5419
f 4901 4948 5193
f 6366 6346 6327
f 5624 5423 5566
f 5423 5421 5566
f 5425 5567 5569
f 5526 5427 5569
f 5435 5503 5663
f 5475 5601 5530
f 5530 5601 5665
f 5574 5575 5477
f 5575 5576 5477
f 5633 5603 5533
f 5673 5390 5607
f 5512 5390 5673
f 4571 4602 4588
f 5580 5675 5639
f 5535 5536 5638
f 5609 5675 5481
f 5514 5637 5746
f 5674 5638 5536
f 5719 5452 5543
f 5543 5519 5719
f 5545 5542 5584
f 5334 5457 5586
f 5551 5550 5549
f 5548 5587 5650
f 5552 5587 5589
f 5587 5552 5650
f 6117 6161 6206
f 5552 5588 5617
f 5590 5556 5680
f 5725 5652 5521
f 5557 5726 5725
f 6231 6201 6174
f 5416 5593 5684
f 5618 5558 5843
f 5843 5559 5594
f 5465 5464 5655
f 5559 5686 5594
f 5465 5655 5495
f 5595 5559 5558
f 5560 5595 5558
f 5498 5495 5655
f 5689 5497 5596
f 5564 5561 5622
f 5562 5623 5621
f 5564 5622 5563
f 5566 5421 5694
f 5421 5568 5694
f 5694 5568 5525
f 5570 5597 5367
f 5472 5600 5629
f 5531 5530 5667
f 5508 5477 5576
f 5603 5602 5443
f 5532 5577 5447
f 5508 5604 5448
f 5606 5448 5604
f 5605 5669 5479
f 5578 5606 5711
f 5639 5579 5580
f 5637 5581 5608
f 5581 5713 5608
f 5482 5539 5674
f 5644 5677 5583
f 5612 5613 5540
f 5541 5644 5583
f 5542 5613 5615
f 5584 5542 5615
f 5585 5584 5615
f 5616 5456 5489
f 5548 5646 5519
f 5616 5490 5456
f 5679 5646 5548
f 5548 5650 5679
f 5590 5651 5617
f 5590 5680 5651
f 5591 5493 5555
f 5236 5283 5177
f 5523 5618 5683
f 5416 5685 5464
f 5498 5655 5619
f 5689 5654 5497
f 5622 5731 5657
f 5622 5561 5731
f 5658 1966 5524
f 5662 5624 5566
f 5625 5526 5569
f 5526 5625 5469
f 5469 5627 5500
f 5699 5600 5599
f 5629 5600 5733
f 5529 5629 5631
f 5473 5435 5601
f 5628 5505 5702
f 5666 5779 5664
f 5447 5632 5532
f 5506 5816 5702
f 5574 5531 5707
f 5709 5816 5602
f 5038 5153 4993
f 5670 5633 5533
f 5671 5606 5604
f 5606 5671 5636
f 5608 5636 5671
f 5636 5608 5866
f 5713 5866 5608
f 5637 5745 5746
f 5513 5512 5640
f 5512 5673 5640
f 5513 5640 5641
f 5642 5514 5746
f 5714 5675 5609
f 5515 5514 5642
f 5611 5784 5713
f 5677 5784 5611
f 5613 5751 5541
f 5586 5648 5755
f 5679 5721 5646
f 5647 5616 5544
f 5457 5336 5547
f 5586 5457 5547
f 5648 5586 5547
f 5334 5586 5549
f 5586 5755 5549
f 5587 5551 5722
f 5589 5587 5722
f 5552 5589 5727
f 5652 5680 5556
f 5727 5555 5552
f 5685 5687 5464
f 5655 5464 5687
f 5559 5595 5766
f 5655 5769 5619
f 5596 5729 5689
f 5656 5524 5620
f 5730 5596 5621
f 5846 5622 5657
f 5730 5621 5623
f 5692 5659 5622
f 5731 5804 5657
f 5563 5622 5659
f 5658 5660 1966
f 5661 5624 5662
f 5662 5566 5694
f 5469 5625 5627
f 5694 5525 5695
f 5695 5525 5626
f 5500 5627 5697
f 5695 5626 5696
f 5734 5629 5733
f 5631 5629 5704
f 5668 5742 5532
f 5635 5826 5711
f 5673 5607 5672
f 5743 5608 5671
f 5636 5866 5635
f 5830 5782 5712
f 5828 5676 5638
f 5638 5676 5535
f 5627 5850 5957
f 5610 5535 5676
f 5676 5786 5610
f 5786 5537 5610
f 5539 5747 5674
f 5717 5747 5539
f 5643 5717 5539
f 5541 5751 5644
f 5720 5646 5678
f 5679 5753 5721
f 5551 5549 5722
f 5649 5753 5679
f 5649 5651 5753
f 5722 5757 5589
f 5651 5680 5723
f 5680 5652 5795
f 5652 5876 5795
f 5681 5555 5727
f 5726 5728 5797
f 5682 5683 5801
f 5594 5686 5843
f 5686 5766 5843
f 5766 5686 5559
f 5769 5771 5619
f 5771 5656 5620
f 5691 5659 5690
f 5804 5846 5657
f 5690 5659 5692
f 5849 5659 5805
f 5659 5849 5563
f 2091 5885 5623
f 5693 5731 2063
f 5732 2063 5565
f 4598 4616 4618
f 5696 5597 5775
f 5700 5571 5776
f 5571 5700 5528
f 5699 5599 5809
f 5699 5733 5600
f 5601 5703 5630
f 5711 5605 5578
f 5705 5779 5666
f 5710 5574 5707
f 5575 5574 5710
f 5508 5576 5604
f 5712 5824 5670
f 5866 5826 5635
f 5715 5515 5642
f 5677 5831 5784
f 5718 5453 5516
f 5644 5787 5677
f 5836 5544 5789
f 5754 5719 5720
f 5720 5678 5868
f 5750 5868 5678
f 5647 5544 5836
f 5869 5547 5792
f 5651 5723 5756
f 5760 5616 5647
f 5680 5795 5723
f 5683 5841 5801
f 5879 5841 5683
f 5764 5685 5880
f 5765 5685 5764
f 5685 5765 5687
f 5729 5596 5730
f 5690 5768 5770
f 5770 5691 5690
f 5692 5768 5690
f 5659 5691 5805
f 5692 5622 5846
f 5693 5774 5731
f 2091 2233 5885
f 5732 5693 2063
f 5569 5661 5625
f 5662 5694 5807
f 5807 5694 5695
f 5695 5696 5775
f 5733 5699 5808
f 5809 5808 5699
f 5528 5700 5811
f 5663 5528 5703
f 5704 5629 5817
f 5629 5734 5817
f 5665 5701 5735
f 5628 5702 5814
f 5630 5703 5701
f 5665 5735 5736
f 5737 5665 5736
f 5814 5702 5816
f 5818 5665 5737
f 5815 5779 5705
f 5706 5815 5705
f 5708 5935 5706
f 5738 5668 5632
f 5780 5935 5708
f 5709 5859 5819
f 5576 5575 5710
f 5576 5710 5740
f 5604 5576 5740
f 5821 5861 5669
f 5742 5822 5634
f 5670 5741 5633
f 5670 5824 5741
f 5782 5824 5712
f 5744 5608 5743
f 5713 5744 5866
f 5747 5676 5828
f 5746 5715 5642
f 5786 5676 5747
f 5785 5830 5714
f 5537 5786 5716
f 5714 5750 5785
f 5748 5749 5785
f 5748 5785 5750
f 5751 5582 5715
f 5751 5715 5752
f 5752 5787 5644
f 5751 5752 5644
f 5759 5647 5836
f 5835 5722 5755
f 5549 5755 5722
f 5756 5723 5758
f 5760 5647 5759
f 5725 5726 5797
f 5797 5728 5950
f 5727 5724 5681
f 5950 5728 5761
f 5765 5767 5687
f 5769 5655 5687
f 6068 5692 5846
f 5623 5805 5730
f 5731 5774 5804
f 5623 5885 5805
f 5885 5847 5805
f 5565 5563 5732
f 4562 4579 4631
f 5923 5661 5662
f 5807 5695 5775
f 5995 5808 5809
f 5809 5810 5853
f 5962 5734 5733
f 5810 6037 5853
f 5703 5528 5811
f 5817 5734 5778
f 5703 5811 5701
f 5737 5736 5813
f 5816 5854 5814
f 5710 5707 5818
f 5864 5938 5821
f 5534 5781 5672
f 5866 5783 5826
f 5830 5827 5782
f 5713 5784 5744
f 5832 5745 5831
f 5715 5746 5745
f 5715 5745 5832
f 5715 5832 5787
f 5749 6007 5785
f 5752 5715 5787
f 5832 5831 5677
f 5787 5832 5677
f 5788 5748 5750
f 5788 5790 5944
f 5868 5754 5720
f 6307 6290 6207
f 5754 5791 5835
f 5791 5722 5835
f 5869 5648 5547
f 5837 5758 5723
f 5760 5759 5873
f 5757 5794 5724
f 5872 5837 5723
f 5723 5795 5872
f 5839 5798 5724
f 5681 5724 5798
f 5950 5761 5877
f 5761 5838 5877
f 5841 5879 5878
f 5916 5879 5843
f 5918 5843 5766
f 5918 5766 5688
f 5687 5767 5844
f 5768 5845 5881
f 5729 5691 5689
f 5689 5691 5654
f 5770 5802 5691
f 5802 5654 5691
f 5769 5803 5771
f 5692 6068 5768
f 5846 5804 5954
f 5954 5804 5774
f 5849 5732 5563
f 5658 5806 5660
f 5732 5883 5693
f 6215 6096 6170
f 5627 5625 5850
f 5776 5697 5892
f 5700 5895 5811
f 5736 5735 5812
f 5736 5812 5813
f 5778 5897 5817
f 5779 5932 5777
f 5932 5779 5855
f 5815 5855 5779
f 5706 5935 5815
f 5604 5740 5823
f 5823 5866 5743
f 5782 5827 5824
f 5744 5743 5866
f 5867 5673 5829
f 5641 5833 5714
f 5714 5833 5750
f 5788 5749 5748
f 5788 5944 5749
f 5945 5834 5754
f 5790 5756 5907
f 5835 5945 5754
f 5908 5754 5868
f 5836 5909 5759
f 5792 5871 5869
f 5759 5909 5873
f 5800 6098 5799
f 5763 5842 5684
f 5765 5764 5767
f 5764 5915 5767
f 5654 5802 5688
f 5802 5881 5688
f 5881 5918 5688
f 5687 5844 5769
f 5849 5805 5848
f 5732 5849 5883
f 5693 5883 5774
f 5883 5954 5774
f 5660 5806 5922
f 5885 5956 5847
f 5660 5922 2160
f 5851 5807 5890
f 5890 5807 5775
f 5697 5852 5892
f 5889 5890 5775
f 5995 5809 5853
f 5808 5995 5928
f 5930 5960 5893
f 5810 6038 6037
f 5701 5811 5895
f 5813 5812 5894
f 6038 5628 5854
f 5628 5814 5854
f 5818 5737 5856
f 5933 5855 5815
f 5934 5854 5816
f 5710 5818 5856
f 5710 5856 5740
f 5861 5857 5739
f 5823 5740 5862
f 5742 5860 5822
f 5938 5861 5821
f 5826 5864 5821
f 5672 5781 5865
f 5825 5864 5826
f 5783 5825 5826
f 5830 6046 5827
f 5941 6046 5830
f 5786 5903 5716
f 5747 5904 5786
f 5904 5903 5786
f 5747 5717 5904
f 5905 5750 5833
f 5944 6007 5749
f 5750 5905 5868
f 5906 5870 5789
f 5836 5789 5870
f 5835 5755 5945
f 5976 5945 5755
f 5756 5977 5907
f 5869 5976 5648
f 5648 5976 5755
f 5756 5758 5977
f 5870 5909 5836
f 5977 5758 6012
f 6012 5758 5837
f 5795 5874 5872
f 5797 5950 5876
f 5838 6098 6059
f 5987 5879 5916
f 5843 5918 5916
f 5768 6068 5845
f 6068 5846 5954
f 6032 5884 5773
f 5884 5806 5773
f 5805 5847 5882
f 5848 5805 5882
f 5806 5884 5922
f 4744 4802 4821
f 5509 5603 5443
f 5923 5886 5924
f 5850 5923 5957
f 5888 5886 5887
f 5887 5851 5889
f 5851 5890 5889
f 5925 5887 5889
f 5888 5887 5925
f 5888 5925 5891
f 5891 5925 5927
f 5929 5776 5892
f 5995 5853 6037
f 5776 5929 5700
f 5997 5808 5928
f 5895 5700 5929
f 5733 5808 5962
f 5962 5808 5997
f 5735 5701 5895
f 5813 5894 5896
f 5855 6000 5932
f 5857 6004 5935
f 5859 5969 5967
f 5823 5862 5939
f 5938 6006 5861
f 5937 5781 5822
f 5823 5783 5866
f 5973 5641 5867
f 5973 5833 5641
f 5942 5943 5718
f 5716 5903 5942
f 4983 5179 5117
f 5834 5945 5904
f 5944 5790 5907
f 5946 5908 5868
f 5909 5979 5873
f 5872 6012 5837
f 6221 6261 6303
f 5877 5838 6018
f 5838 6059 6018
f 5798 5910 5681
f 5950 6023 5876
f 5841 5878 5952
f 5842 5913 5684
f 5880 5913 5914
f 5880 5914 5764
f 5915 5764 5914
f 5987 5878 5879
f 5917 5988 5915
f 5915 5988 5767
f 5767 5990 5844
f 5881 5953 5918
f 5881 6105 5953
f 5769 5844 5919
f 5769 5919 5803
f 6066 6030 5845
f 5845 6068 6066
f 5771 5803 5772
f 5883 5955 5954
f 5849 5848 5920
f 5884 5921 5922
f 5885 2233 5956
f 5957 5923 5924
f 5924 5886 5888
f 5892 5852 5926
f 5924 5888 5958
f 5891 5927 5931
f 5959 5698 5960
f 5995 6037 6036
f 5893 5960 5698
f 5895 5929 5894
f 5930 5996 5960
f 5932 6000 5998
f 5933 6000 5855
f 5740 5856 5900
f 5815 5935 5933
f 6004 5933 5935
f 5857 5968 6004
f 5860 5937 5822
f 5936 5863 5969
f 5825 6043 5864
f 5823 5939 5783
f 5783 5939 6043
f 5783 6043 5825
f 5829 5865 5940
f 5789 5943 5906
f 5946 5868 5905
f 5907 5977 5944
f 5869 6049 5976
f 5908 5946 5947
f 5760 5873 5979
f 5874 5948 5872
f 5949 5948 5874
f 5306 5304 5085
f 6074 5964 6133
f 5911 5952 5982
f 6065 5987 5916
f 6025 5917 5915
f 5916 5918 6065
f 6027 5988 5917
f 5990 5919 5844
f 5881 5845 6030
f 6031 5803 5919
f 5847 6033 5882
f 2160 5922 5956
f 6002 5858 5820
f 5852 5958 5926
f 5929 5892 5926
f 5995 6036 6071
f 5961 5996 5930
f 5931 5961 5896
f 5897 5962 5963
f 6038 5854 6073
f 5897 5963 5899
f 5862 5740 5900
f 5858 5937 5860
f 6405 6248 6372
f 5833 5973 5902
f 6007 6047 5941
f 5903 5904 5975
f 5905 5833 5902
f 5975 5976 5903
f 5904 5945 5975
f 5905 5902 5974
f 6009 5906 5943
f 5975 5945 5976
f 5903 5976 5942
f 5905 5974 5946
f 5977 5946 5974
f 6014 5980 5978
f 5872 6014 6012
f 6057 6014 5872
f 6014 5981 5980
f 5981 5796 5980
f 5796 5981 5875
f 6023 6022 6062
f 5865 5829 5673
f 6064 5914 5984
f 6064 5915 5914
f 6026 5917 6025
f 5917 6026 6027
f 5918 5953 6065
f 6026 5989 6027
f 6065 5953 6105
f 5988 5990 5767
f 5991 6027 5989
f 6027 5991 6028
f 6107 6105 5881
f 6107 5881 6030
f 5992 5803 6031
f 5320 5481 5392
f 6067 5882 6033
f 6068 5954 5955
f 5994 5955 5920
f 5956 5922 5921
f 6185 6182 6279
f 5322 5540 5488
f 5996 5959 5960
f 6111 5997 5928
f 5896 5961 5998
f 5896 5998 5999
f 5962 5997 5963
f 5896 5999 5898
f 5998 6000 5999
f 5898 5999 6115
f 5999 6000 6115
f 6039 6073 5854
f 5737 5964 6040
f 6001 6115 6000
f 6001 6000 5933
f 5900 6040 6074
f 6116 5900 6074
f 6001 5933 6004
f 6003 5900 6116
f 5862 5900 6003
f 6137 6136 6004
f 6005 5862 6003
f 5968 6137 6004
f 6117 6041 5967
f 5969 5863 6080
f 6043 5938 5864
f 6141 6045 6046
f 5902 5973 6089
f 6047 6007 6089
f 6089 6007 5902
f 5974 5902 6007
f 5942 5976 6008
f 5909 5870 6052
f 5909 6052 6053
f 6049 5869 6053
f 5869 5871 6053
f 5871 6054 6053
f 6012 6014 5978
f 6013 6055 6011
f 5979 6054 5760
f 5981 6057 5875
f 6057 6058 5875
f 6017 5950 5877
f 6015 5877 6018
f 6023 5950 6022
f 5984 5983 6024
f 5984 6103 6064
f 5913 5986 5983
f 5915 6064 6025
f 5987 6065 5985
f 5991 5989 6152
f 6029 5919 5990
f 6029 6031 5919
f 6029 5992 6031
f 6033 6034 5993
f 5884 5993 5921
f 5993 6034 5921
f 6034 5956 5921
f 5927 5925 6035
f 6035 5925 5959
f 5925 5889 5959
f 6110 6071 6036
f 5931 5927 5961
f 5961 5927 6035
f 6035 5996 5961
f 6035 5959 5996
f 6001 6004 6135
f 6135 6004 6136
f 5858 6042 5937
f 5967 6161 6117
f 5970 6084 5939
f 5939 6084 6043
f 6010 6050 6048
f 6091 6053 6052
f 6091 6049 6053
f 6125 6050 6010
f 6011 6125 6010
f 5909 6053 6054
f 6125 6011 6055
f 5909 6054 5979
f 6055 6013 6015
f 6014 6057 5981
f 6095 6016 6013
f 6015 6017 5877
f 6059 6015 6018
f 6019 5950 6017
f 6060 5949 6100
f 6060 6100 6021
f 6096 5950 6019
f 6022 5950 6096
f 6021 6100 5951
f 6062 6099 6023
f 5951 6101 5986
f 6024 5986 6062
f 5983 5986 6024
f 5985 6065 6127
f 6026 6104 5989
f 6152 5989 6104
f 6105 6173 6065
f 6027 6028 6106
f 6108 6067 6028
f 6030 6066 6107
f 6108 6069 6067
f 6070 5993 5884
f 5993 6070 6033
f 6131 5995 6071
f 6036 6112 6110
f 6036 6037 6112
f 6111 6072 5997
f 6037 6038 6112
f 6073 6112 6038
f 5963 5997 6113
f 6132 6156 6073
f 6039 6132 6073
f 6132 6039 6157
f 6075 6157 6039
f 5968 6077 6137
f 6042 6079 5937
f 6189 6223 6085
f 6163 6006 5938
f 6084 6085 6043
f 6044 6087 5940
f 6191 6086 5901
f 5940 6087 5829
f 6045 6191 5901
f 5972 6088 5973
f 5973 6088 6089
f 6050 6143 6048
f 6049 6091 6009
f 6009 6091 6052
f 6051 6092 6056
f 6055 6093 6125
f 6094 6093 6055
f 6015 6094 6055
f 6094 6015 6059
f 6059 6097 6094
f 6017 6147 6096
f 6017 6096 6019
f 6100 5949 6099
f 6101 5951 6100
f 6099 6101 6100
f 6099 6062 6101
f 6062 6102 6024
f 5986 6101 6062
f 6102 5984 6024
f 5982 5952 6149
f 6127 6063 5985
f 6026 6025 6064
f 6026 6064 6104
f 6129 6127 6104
f 6202 6104 6127
f 6029 5990 5988
f 6105 6107 6174
f 5991 6153 6028
f 6028 6067 6130
f 6067 6070 6130
f 6068 5955 6066
f 5992 6130 6070
f 6067 6033 6070
f 5920 6069 5994
f 6109 6066 5955
f 5955 5994 6109
f 5589 5757 5724
f 6111 6110 6112
f 6111 6112 6072
f 6113 5997 6072
f 6072 6112 6154
f 5964 6158 6133
f 5964 6115 6158
f 6001 6135 6115
f 6161 5969 6118
f 5967 5969 6161
f 5969 6080 6118
f 6082 6083 6078
f 6083 6190 6078
f 6006 6120 6081
f 6081 6120 6082
f 6082 6119 6083
f 6118 6080 6121
f 6043 6085 6122
f 6141 6191 6045
f 6047 6089 6141
f 5649 5650 5617
f 6090 6143 6123
f 6124 6090 6123
f 6048 6143 6090
f 6092 6051 6144
f 6093 6213 6125
f 6092 6013 6056
f 6095 6013 6092
f 6214 6098 6061
f 6022 6096 6196
f 5982 6197 6195
f 6197 5982 6198
f 6062 6022 6102
f 5639 5830 5579
f 6127 6129 6151
f 6202 6127 6065
f 6152 6104 6202
f 6105 6201 6173
f 6201 6105 6174
f 6028 6029 6106
f 6130 5992 6029
f 6029 6028 6130
f 6066 6175 6107
f 6069 6108 5994
f 6109 6175 6066
f 5962 5897 5778
f 4692 4780 4690
f 6110 6177 6071
f 6177 6233 6071
f 6132 6157 6156
f 6115 6134 6158
f 6115 6135 6134
f 6116 6074 6184
f 6137 6138 6160
f 6078 6162 6138
f 6162 6188 6138
f 6078 6190 6162
f 6120 6140 6082
f 6143 6169 6123
f 6272 6050 6125
f 6125 6293 6272
f 6145 6092 6144
f 6214 6296 6097
f 6195 6197 6230
f 6196 6148 6022
f 6148 6102 6022
f 5982 6149 6198
f 6202 6065 6173
f 6281 6280 6237
f 6176 6131 6233
f 6131 6071 6233
f 6233 6177 6234
f 6072 6154 6113
f 6114 5963 6187
f 6157 6180 6156
f 6135 6136 6134
f 6179 6136 6185
f 6002 6187 6139
f 6136 6160 6185
f 6137 6160 6136
f 6138 6301 6160
f 6260 6301 6138
f 6005 6003 6076
f 6138 6188 6260
f 5553 5458 5554
f 6241 6079 6042
f 6140 6119 6082
f 6209 6190 6083
f 6166 6087 6044
f 6087 6166 6167
f 6123 6169 6193
f 6124 6123 6192
f 6192 6123 6193
f 6192 6168 6124
f 6210 6144 6142
f 6145 6146 6092
f 6146 6095 6092
f 6170 6095 6146
f 6147 6095 6170
f 6096 6147 6170
f 6126 6097 6296
f 6061 6252 6214
f 4674 4776 4719
f 6063 6149 5952
f 6104 6128 6172
f 6076 6184 6186
f 6174 6107 6175
f 6109 5994 6203
f 5611 5713 5581
f 5347 5186 5188
f 6176 6218 6131
f 6218 6177 6131
f 5963 6113 6236
f 6236 6204 5963
f 6204 6181 5963
f 6220 6155 6178
f 6155 6279 6178
f 6187 5963 6181
f 6134 6155 6220
f 6155 6179 6279
f 6122 6085 6243
f 6165 6164 6225
f 6121 6191 6208
f 6167 6166 6228
f 6142 6168 6270
f 6270 6168 6192
f 6169 6143 6272
f 6050 6272 6143
f 6249 6293 6125
f 6249 6125 6213
f 6194 6146 6145
f 4528 4589 4538
f 6170 6146 6251
f 6274 6094 6295
f 6215 6196 6096
f 6253 6148 6196
f 5984 6102 6199
f 6149 6150 6254
f 6103 5984 6199
f 6217 6150 6151
f 6200 6064 6103
f 6200 6172 6128
f 6202 6173 6201
f 5991 6152 6202
f 5991 6202 6153
f 6232 6174 6175
f 4776 4772 4716
f 5592 5460 5462
f 5799 5592 5682
f 5344 5584 5585
f 6178 6257 6219
f 6113 6154 6236
f 6279 6257 6178
f 6187 6181 6239
f 6222 6134 6205
f 6279 6182 6258
f 6188 6242 6260
f 6189 6076 6223
f 6163 6207 6140
f 6165 6225 6166
f 6140 6209 6119
f 6119 6209 6083
f 6209 6245 6190
f 6245 6269 6190
f 6269 6226 6190
f 6044 6165 6166
f 6208 6191 6247
f 6166 6246 6228
f 6270 6330 6142
f 6192 6193 6270
f 6271 6193 6309
f 6193 6169 6309
f 6196 6215 6216
f 6216 6253 6196
f 6198 6254 6197
f 6149 6254 6198
f 6254 6150 6217
f 6201 6153 6202
f 6231 6153 6201
f 4828 4901 4860
f 5066 5020 4938
f 4497 4509 4486
f 6205 6134 6220
f 6284 6241 6187
f 6206 6261 6159
f 6286 6242 6188
f 6243 6085 6223
f 6247 6268 6208
f 6167 6228 6268
f 6270 6193 6271
f 6213 6274 6249
f 6295 6126 6296
f 6276 6252 6230
f 6230 6197 6276
f 6217 6151 6255
f 5862 6005 5970
f 6377 6355 6353
f 6235 6218 6176
f 6219 6257 6277
f 6204 6236 6259
f 6204 6259 6181
f 6259 6236 6237
f 6205 6220 6317
f 6239 6181 6259
f 6258 6282 6316
f 6282 6258 6182
f 6186 6133 6285
f 6284 6187 6239
f 6206 6240 6261
f 6244 6122 6243
f 6265 6225 6224
f 6240 6208 6287
f 6208 6268 6287
f 6226 6321 6190
f 6190 6321 6286
f 6226 6288 6321
f 6291 6330 6270
f 6309 6169 6272
f 6293 6331 6272
f 6194 6251 6146
f 6275 6170 6251
f 6252 6276 6214
f 6102 6148 6253
f 6102 6253 6199
f 6255 6172 6314
f 6172 6200 6314
f 6172 6255 6151
f 5445 5669 5478
f 6052 5870 5906
f 5912 5681 5910
f 6233 6235 6176
f 6234 6235 6233
f 6315 6219 6277
f 6219 6315 6256
f 6277 6257 6300
f 6257 6279 6278
f 6259 6237 6280
f 6133 6302 6285
f 6133 6222 6302
f 6240 6303 6261
f 6262 6224 6079
f 6303 6240 6305
f 6260 6242 6320
f 6223 6343 6264
f 6263 6265 6224
f 6223 6264 6243
f 6287 6268 6322
f 6209 6140 6245
f 6267 6166 6266
f 6268 6246 6322
f 6246 6166 6267
f 6228 6246 6268
f 6211 6273 6194
f 6194 6273 6294
f 6333 6293 6249
f 6249 6274 6333
f 6194 6250 6251
f 6354 6214 6276
f 6199 6299 6103
f 6200 6103 6299
f 6070 5884 6032
f 6277 6300 6315
f 6300 6257 6278
f 6279 6258 6278
f 6239 6281 6284
f 6079 6241 6262
f 5790 5788 5721
f 6240 6287 6322
f 6266 6306 6267
f 6269 6245 6290
f 6347 6269 6290
f 6309 6272 6331
f 6332 6293 6333
f 5167 5399 5103
f 6276 6394 6354
f 6039 5854 5934
f 6314 6200 6299
f 6295 6352 6427
f 6276 6197 6254
f 6180 6237 6154
f 5619 5771 5620
f 6220 6256 6317
f 4929 4854 4970
f 6205 6317 6359
f 6278 6258 6316
f 6238 6318 6281
f 6302 6222 6340
f 6241 6284 6338
f 6358 6238 6303
f 5883 5849 5920
f 6320 6321 6396
f 6342 6207 6244
f 6244 6243 6264
f 6266 6265 6323
f 6321 6288 6364
f 4955 5201 4950
f 6291 6326 6329
f 6291 6329 6330
f 6292 6371 6291
f 6330 6308 6229
f 6229 6308 6248
f 6271 6309 6350
f 6309 6373 6350
f 6211 6310 6273
f 6274 6427 6333
f 6275 6313 6171
f 4520 4497 4508
f 6254 6356 6394
f 5819 5816 5709
f 6297 6313 6353
f 6217 6356 6254
f 5876 5652 5725
f 6111 5928 5995
f 6315 6300 6357
f 6238 6358 6318
f 6222 6283 6340
f 6283 6337 6340
f 6283 6383 6337
f 6302 6340 6285
f 6341 6343 6340
f 6343 6285 6340
f 6262 6241 6338
f 6362 6342 6244
f 6264 6343 6244
f 6323 6265 6263
f 6306 6339 6322
f 6306 6266 6324
f 6327 6290 6307
f 6345 6326 6325
f 6326 6368 6325
f 6347 6290 6327
f 6328 6269 6347
f 6329 6326 6345
f 6275 6250 6313
f 6217 6334 6356
f 6247 6191 6141
f 6357 6300 6335
f 6357 6336 6317
f 6283 6359 6383
f 6282 6379 6316
f 6319 6380 6282
f 6338 6284 6381
f 6340 6362 6341
f 6337 6342 6340
f 6340 6342 6362
f 6304 6320 6396
f 6307 6342 6363
f 6396 6321 6364
f 6306 6385 6339
f 6323 6263 6361
f 6345 6325 6344
f 6328 6369 6227
f 6227 6369 6289
f 6349 6329 6348
f 6248 6310 6211
f 6407 6389 6309
f 6407 6309 6331
f 6331 6391 6407
f 6333 6351 6332
f 6294 6312 6375
f 6313 6250 6375
f 6212 6211 6194
f 6353 6355 6297
f 6253 6355 6378
f 6378 6298 6253
f 6356 6334 6429
f 6058 5910 5875
f 5090 5312 5042
f 4659 4674 4627
f 5263 5447 5265
f 6335 6336 6357
f 6335 6316 6336
f 6379 6336 6316
f 6380 6379 6282
f 6382 6339 6443
f 6342 6337 6363
f 6362 6343 6341
f 6343 6362 6244
f 6365 6323 6361
f 6414 6385 6324
f 6324 6385 6306
f 6288 6398 6364
f 6324 6266 6387
f 6325 6368 6400
f 6398 6288 6388
f 6388 6288 6289
f 6347 6327 6346
f 6369 6388 6289
f 6348 6329 6345
f 6370 6328 6347
f 6370 6369 6328
f 6350 6404 6371
f 6349 6372 6308
f 6308 6372 6248
f 6350 6373 6404
f 6310 6390 6273
f 6311 6374 6312
f 6312 6392 6375
f 6333 6427 6351
f 6352 6438 6427
f 6313 6376 6353
f 6377 6378 6355
f 6394 6356 6442
f 6299 6395 6314
f 6077 6082 6078
f 6307 6363 6399
f 6319 6304 6380
f 6383 6363 6337
f 6413 6304 6396
f 6396 6364 6434
f 6401 6365 6386
f 6345 6344 6367
f 6344 6325 6400
f 6398 6434 6364
f 6368 6371 6400
f 6348 6420 6349
f 6403 6371 6404
f 4544 4606 4592
f 6273 6390 6311
f 6390 6374 6311
f 6332 6408 6391
f 6351 6408 6332
f 6423 6392 6312
f 6351 6427 6409
f 6352 6450 6438
f 6298 6395 6299
f 6395 6334 6314
f 5480 5509 5317
f 6387 6266 6323
f 4948 4946 5079
f 5306 5505 5572
f 6318 6358 6453
f 6379 6380 6384
f 6382 6443 6358
f 6397 6263 6338
f 6361 6263 6397
f 5668 5858 5860
f 6400 6367 6344
f 6387 6365 6401
f 6345 6367 6402
f 6345 6402 6348
f 6400 6371 6436
f 6310 6248 6390
f 6248 6405 6390
f 6449 6404 6389
f 6406 6449 6389
f 6407 6406 6389
f 6312 6374 6423
f 5646 5721 5678
f 6425 6392 6423
f 6408 6351 6409
f 6427 6426 6409
f 6376 6410 6353
f 6395 6429 6334
f 6269 6328 6227
f 6444 6397 6338
f 6413 6396 6415
f 6415 6396 6434
f 6416 6401 6386
f 6367 6400 6402
f 6402 6400 6436
f 6402 6419 6348
f 6420 6348 6419
f 5208 5308 5212
f 6349 6420 6372
f 6421 6403 6404
f 6406 6407 6437
f 6407 6424 6437
f 6408 6409 6424
f 6409 6426 6424
f 6425 6426 6392
f 6392 6426 6376
f 6427 6438 6426
f 6410 6439 6353
f 6394 6442 6393
f 6378 6442 6298
f 6298 6442 6395
f 6429 6395 6442
f 6429 6442 6356
f 6397 6444 6431
f 6397 6412 6414
f 6414 6386 6397
f 6399 6432 6418
f 6432 6433 6418
f 6388 6415 6434
f 6386 6414 6417
f 6433 6435 6418
f 6398 6388 6434
f 6418 6435 6346
f 6401 6416 6447
f 6387 6401 6447
f 6369 6446 6388
f 6446 6369 6370
f 6436 6419 6402
f 6419 6436 6454
f 6420 6419 6454
f 6404 6449 6421
f 6437 6423 6374
f 6423 6437 6424
f 6426 6438 6376
f 6410 6376 6438
f 6410 6438 6439
f 6440 6439 6438
f 6440 6441 6439
f 6393 6441 6450
f 6377 6439 6441
f 6377 6441 6378
f 6451 6378 6441
f 6442 6378 6451
f 5716 5516 5537
f 5205 5033 4989
f 6453 6358 6443
f 6458 6445 6412
f 6417 6459 6386
f 6415 6446 6435
f 6388 6446 6415
f 6346 6435 6448
f 6446 6448 6435
f 6370 6448 6446
f 6436 6460 6454
f 6406 6456 6449
f 6455 6422 6405
f 6456 6422 6455
f 6406 6437 6456
f 6437 6422 6456
f 6437 6374 6422
f 6440 6438 6450
f 6450 6441 6440
f 4716 4703 4666
f 4517 4531 4560
f 6431 6458 6397
f 6412 6397 6458
f 6417 6387 6459
f 6449 6456 6421
f 6304 6319 6260
f 5757 5722 5791
f 5653 5840 5762
f 6457 6430 6452
f 6452 6453 6457
f 6459 6447 6416
f 6416 6386 6459
f 6447 6459 6387
f 6454 6460 6465
f 6454 6466 6420
f 6403 6421 6464
f 6456 6464 6421
f 6464 6456 6455
f 4651 4707 4725
f 5557 5415 5460
f 6444 6430 6463
f 6430 6457 6463
f 6457 6458 6463
f 6444 6463 6431
f 6463 6458 6431
f 6466 6454 6465
f 6462 6464 6455
f 5534 5634 5822
f 5668 5738 5820
f 4509 4497 4520
f 5568 5250 5525
f 5698 5775 5597
f 6465 6462 6466
f 6464 6462 6465
f 6461 6466 6462
f 5530 5442 5438
f 6199 6253 6298
f 4474 4525 4499
f 6128 6104 6064
f 6164 6079 6224
f 5633 5741 5859
f 5383 5477 5448
f 4790 4899 4988
f 5671 5604 5823
f 5612 5515 5582
f 4836 5042 4920
f 5789 5453 5718
f 6189 5970 6076
f 4953 5082 5030
f 5053 4934 4894
f 6041 6117 6075
f 6432 6360 6411
f 6460 6403 6464
f 5635 5711 5606
f 6292 6291 6270
f 6322 6246 6267
f 6445 6443 6339
f 6305 6322 6339
f 6425 6423 6424
f 4722 4953 4778
f 6058 6057 6060
f 5363 5467 5468
f 5802 5770 5768
f 4800 4911 4833
f 5720 5719 5519
f 5861 5968 5857
f 6393 6428 6354
f 5681 5591 5555
f 4790 4988 4825
f 5453 5327 5487
f 5773 5656 5772
f 4603 4623 4621
f 5841 5952 5911
f 6290 6245 6140
f 5414 5415 5521
f 5463 5292 5357
f 5601 5663 5703
f 6350 6371 6292
f 5856 6040 5900
f 4704 4753 4669
f 6165 6044 5940
f 4631 4633 4605
f 6448 6370 6347
f 5986 5913 5842
f 5943 5942 6008
f 4811 4728 4699
f 4965 5046 4878
f 6252 6061 6195
f 5638 5674 5747
f 6354 6352 6296
f 5186 5132 5133
f 6086 6080 5863
f 5923 5807 5886
f 5527 5251 5500
f 5471 5572 5599
f 5777 5893 5664
f 5126 5286 5414
f 6450 6352 6428
f 4830 4776 4674
f 5254 5370 5302
f 6262 6338 6263
f 5289 5416 5353
f 4998 4918 4915
f 6234 6177 6218
f 5071 5236 5068
f 4775 4665 4770
f 6155 6134 6179
f 5241 5188 5138
f 5800 5799 5682
f 5762 5912 5951
f 5356 5465 5143
f 5598 5597 5570
f 4753 4860 4706
f 5971 5937 6079
f 6043 6122 5938
f 5410 5403 5225
f 6205 6283 6222
f 5843 5879 5683
f 5707 5667 5818
f 5792 5547 5616
f 4583 4624 4751
f 5429 5367 5300
f 4878 4785 4736
f 5222 5098 5320
f 4595 4575 4554
f 5967 5965 5819
f 5745 5744 5784
f 5724 5794 5796
f 6029 5988 6027
f 6330 6329 6349
f 5753 5651 5756
f 6288 6226 6227
f 6241 6042 6139
f 4882 4846 4883
f 6153 6108 6028
f 5483 5583 5538
f 4812 5027 4772
f 4970 5167 5051
f 5781 5937 5971
f 6188 6162 6190
f 5982 6195 6020
f 6376 6313 6375
f 5501 5570 5372
f 4725 4707 4831
f 5628 6038 5810
f 5510 5479 5386
f 6319 6301 6260
f 6371 6403 6460
f 4564 4544 4521
f 5560 5654 5595
f 4721 4863 4862
f 5645 5453 5789
f 5938 6122 6163
f 5609 5513 5641
f 4843 4807 4805
f 5625 5661 5923
f 5356 5353 5416
f 5538 5677 5611
f 5132 5076 5078
f 5656 5658 5524
f 5529 5308 5472
f 6054 5871 5792
f 4933 5012 5016
f 5518 5454 5545
f 6183 6159 6261
f 5435 5256 5503
f 5248 5423 5567
f 5863 5936 5741
f 5974 6007 5944
f 4610 4579 4644
f 4929 4933 4975
f 5605 5821 5669
f 5101 5269 5393
f 5163 5382 5158
f 5033 5372 5204
f 5785 5941 5830
f 6256 6357 6317
f 6203 6232 6175
f 6069 5882 6067
f 6462 6455 6405
f 5793 5794 5757
f 5101 4847 4925
f 4599 4618 4641
f 6247 6088 6167
f 6187 6002 5966
f 5737 5896 5898
f 6042 5858 6002
f 6248 6210 6229
f 6335 6300 6278
f 6266 6166 6225
f 5573 5705 5666
f 6015 6013 6016
f 4581 4638 4653
f 5580 5392 5481
f 5914 5913 5983
f 6122 6244 6163
f 5079 5245 5423
f 4515 4581 4554
f 5643 5719 5717
f 4620 4627 4560
f 4648 4689 4792
f 5479 5445 5386
f 4654 4662 4702
f 4724 4721 4686
f 4588 4620 4560
f 4651 4610 4676
f 6420 6461 6372
f 5739 5857 5780
f 5506 5602 5816
f 5443 5602 5507
f 6391 6293 6332
f 5719 5834 5717
f 5717 5834 5904
f 4569 4577 4654
f 5615 5614 5546
f 5585 5615 5546
f 5763 5593 5653
f 4797 4799 4906
f 4906 4799 4907
f 5277 5488 5406
f 5295 5189 5143
f 6150 6127 6151
f 6127 6150 6063
f 5675 5714 5639
f 6078 6138 6077
f 6373 6389 6404
f 4562 4548 4579
f 5280 5110 5325
f 5899 6114 5966
f 6294 6311 6312
f 6076 6186 6223
f 6223 6285 6343
f 6318 6381 6281
f 5891 5958 5888
f 6010 6051 6056
f 5630 5701 5665
f 6098 6020 6061
f 6061 6020 6195
f 6020 6098 5911
f 5911 5800 5801
f 5972 6167 6088
f 6366 6418 6346
f 5436 5308 5474
f 4486 4474 4473
f 4965 4741 4808
f 5893 5698 5598
f 6142 6144 6168
f 6168 6051 6124
f 6144 6051 6168
f 6124 6048 6090
f 6075 6183 6157
f 5947 5793 5908
f 5486 5485 5224
f 5033 5204 4955
f 5691 5730 5805
f 5886 5807 5851
f 5181 5345 5120
f 6229 6142 6330
f 5603 5859 5709
f 4857 5020 4942
f 6407 6408 6424
f 6011 6056 6013
f 4626 4719 4613
f 6444 6381 6430
f 4599 4586 4585
f 6413 6411 6380
f 6380 6411 6384
f 6411 6413 6433
f 6433 6415 6435
f 4910 5155 4964
f 4999 5155 4910
f 5796 5875 5839
f 5839 5875 5798
f 5791 5908 5793
f 4980 5110 5019
f 5110 5231 5452
f 6008 6049 6009
f 6334 6255 6314
f 5415 5286 5347
f 5347 5286 5128
f 5145 5248 5425
f 6156 6112 6073
f 5461 5459 5591
f 5773 5772 6032
f 6032 5772 5992
f 5268 5392 5449
f 5217 5222 5320
f 5268 5217 5392
f 5094 5268 5163
f 5046 5217 5004
f 5004 5217 5094
f 5217 5046 5222
f 4991 4956 5147
f 5485 5275 5171
f 6393 6451 6441
f 5827 5863 5824
f 6182 6160 6301
f 5861 5739 5669
f 5669 5739 5708
f 4726 4800 4692
f 4597 4612 4515
f 6386 6361 6397
f 6453 6430 6381
f 5241 5352 5188
f 5188 5352 5350
f 4589 4603 4621
f 5948 6057 5872
f 6057 5948 6060
f 5155 5378 4964
f 4960 5205 4959
f 5378 5375 4964
f 4964 5375 4960
f 5511 5712 5533
f 5932 5930 5777
f 6422 6390 6405
f 5898 6115 5964
f 5696 5367 5597
f 5525 5250 5367
f 5525 5367 5626
f 5480 5449 5579
f 5812 5895 5894
f 6158 6222 6133
f 6153 6232 6203
f 4567 4562 4631
f 5847 6034 6033
f 4778 4953 5030
f 4780 4867 4757
f 5985 5878 5987
f 5878 5985 5952
f 5251 5526 5469
f 4716 4772 4703
f 5971 6165 5865
f 5614 5613 5541
f 5891 5931 5894
f 5977 5978 5946
f 5640 5867 5641
f 5353 5135 5289
f 6047 6141 6046
f 6081 6077 5968
f 6414 6445 6385
f 5288 5461 5289
f 5461 5078 5130
f 6191 6121 6086
f 4480 4503 4490
f 4490 4503 4488
f 4488 4554 4575
f 6180 6183 6221
f 4850 4788 4769
f 6303 6382 6358
f 5548 5551 5587
f 4538 4621 4571
f 4538 4571 4499
f 4499 4571 4535
f 6399 6360 6432
f 5894 5929 5958
f 5157 4875 5158
f 6317 6336 6379
f 6359 6384 6383
f 6317 6379 6359
f 5874 6099 5949
f 5876 5874 5795
f 6184 6133 6186
f 6006 6163 6120
f 4584 4523 4616
f 4616 4569 4583
f 5829 5972 5867
f 5867 5972 5973
f 4931 4885 4973
f 4684 4754 4674
f 4906 5034 5085
f 5085 5034 5086
f 4648 4686 4647
f 5513 5481 5320
f 5961 5930 5998
f 5317 5268 5480
f 4643 4670 4722
f 6214 6059 6098
f 4792 4959 4721
f 4733 4736 4760
f 5573 5666 5380
f 6094 6126 6295
f 6206 6118 6240
f 6240 6118 6208
f 5738 5966 5820
f 5966 5817 5899
f 5899 5817 5897
f 5817 5738 5632
f 4678 4689 4648
f 4678 4690 4689
f 4623 4690 4678
f 5450 5323 5325
f 4732 5195 5191
f 6144 6212 6145
f 4730 4703 4749
f 4703 4732 4749
f 5708 5706 5573
f 5478 5708 5573
f 5085 5083 4903
f 5556 5554 5414
f 5277 5105 5322
f 5947 5978 5980
f 5880 5684 5913
f 5684 5880 5416
f 4782 4911 4726
f 4738 4782 4726
f 5631 5817 5632
f 5313 5213 5041
f 4818 4758 4797
f 4797 4758 4799
f 4758 4818 4760
f 5185 5123 5458
f 5195 5198 5297
f 5027 5198 5195
f 4772 5027 4732
f 6172 6129 6104
f 5219 5388 5390
f 5148 4903 5083
f 4867 4915 4794
f 4867 4998 4915
f 5957 5924 5958
f 4486 4526 4525
f 6256 6178 6219
f 6274 6093 6094
f 4665 4702 4770
f 5148 5208 4818
f 4818 5090 4870
f 5838 5799 6098
f 4988 5191 5245
f 4706 4860 4951
f 4706 4953 4722
f 4706 4951 4953
f 4953 4951 5082
f 5429 5300 5201
f 5201 5300 4950
f 4950 5300 5028
f 5454 5540 5542
f 5337 5518 5340
f 6387 6414 6324
f 5666 5504 5375
f 5372 5570 5429
f 5372 5429 5204
f 6250 6294 6375
f 5569 5567 5661
f 6239 6280 6281
f 5613 5612 5582
f 5745 5608 5744
f 5634 5532 5742
f 6110 6131 6177
f 6046 6045 5827
f 5263 5258 5440
f 5440 5258 5312
f 5258 5045 5093
f 5070 5116 5234
f 5234 5456 5490
f 5186 5128 5132
f 5132 5126 5076
f 5667 5665 5818
f 5344 5585 5520
f 5617 5553 5590
f 5544 5489 5645
f 5645 5489 5327
f 6095 6017 6016
f 5663 5503 5528
f 5528 5432 5571
f 5503 5432 5528
f 5571 5527 5776
f 5213 5505 5210
f 6320 6286 6321
f 5520 5546 5283
f 4901 4828 4948
f 4901 5193 5248
f 6366 6327 6307
f 4629 4647 4602
f 4571 4629 4602
f 6075 6117 6159
f 6159 6117 6206
f 6231 6174 6232
f 5177 5283 5410
f 5632 5440 5631
f 5440 5447 5263
f 5532 5632 5668
f 5440 5632 5447
f 4911 5038 4993
f 5697 5627 5852
f 5627 5957 5852
f 5523 5683 5592
f 5592 5683 5682
f 4618 4616 4583
f 4598 4584 4616
f 4585 4598 4618
f 4585 4618 4599
f 5578 5605 5510
f 4631 4579 4610
f 6307 6207 6342
f 6215 6170 6171
f 4739 4802 4742
f 4742 4802 4744
f 5533 5603 5509
f 4983 5117 4944
f 6221 6303 6238
f 5306 5085 5086
f 6040 5964 6074
f 6002 5820 5966
f 6405 6372 6461
f 5865 5673 5672
f 5320 5392 5217
f 6185 6279 6179
f 5322 5451 5540
f 2233 2160 5956
f 5970 6189 6084
f 6084 6189 6085
f 5589 5724 5727
f 5649 5617 5651
f 5617 5650 5552
f 5650 5649 5679
f 5579 5712 5511
f 5579 5830 5712
f 5962 5778 5734
f 4692 4800 4780
f 6281 6237 6238
f 5553 5554 5590
f 4674 4719 4626
f 6076 6116 6184
f 6003 6116 6076
f 5538 5611 5581
f 5347 5188 5350
f 4538 4589 4621
f 4776 4716 4719
f 5728 5592 5761
f 5761 5592 5799
f 5592 5462 5523
f 5523 5462 5463
f 5557 5728 5726
f 5350 5462 5347
f 5347 5462 5460
f 5460 5592 5557
f 5557 5592 5728
f 5344 5491 5584
f 4860 4901 5145
f 5066 4938 5228
f 4509 4512 4486
f 5939 5862 5970
f 6377 6353 6439
f 6170 6275 6171
f 6275 6251 6250
f 5479 5669 5445
f 5445 5478 5216
f 6052 5906 6009
f 5681 5912 5840
f 5840 5912 5762
f 6070 6032 5992
f 5790 5721 5753
f 5167 5398 5399
f 6039 5934 5965
f 6295 6427 6274
f 6276 6254 6394
f 6238 6180 6221
f 6180 6154 6156
f 6154 6237 6236
f 6237 6180 6238
f 5619 5620 5498
f 5012 4929 5051
f 5051 4929 4970
f 5883 5920 5955
f 4955 4950 4862
f 4497 4495 4508
f 5816 5819 5934
f 5934 5819 5965
f 6313 6297 6171
f 6171 6297 6215
f 5876 5725 5797
f 6111 5995 6110
f 6371 6368 6291
f 6291 6368 6326
f 6247 6141 6089
f 6212 6194 6145
f 6355 6216 6297
f 6297 6216 6215
f 6216 6355 6253
f 5910 6021 5912
f 5912 6021 5951
f 5910 6058 6021
f 5090 5042 4870
f 4684 4674 4659
f 5263 5265 5096
f 6077 6081 6082
f 6307 6399 6366
f 6363 6384 6360
f 6384 6363 6383
f 4544 4593 4606
f 5480 5511 5509
f 6387 6323 6365
f 5193 4948 5079
f 5505 5306 5210
f 5210 5086 5034
f 5306 5086 5210
f 5668 5860 5742
f 5678 5788 5750
f 5678 5721 5788
f 6269 6227 6226
f 5208 5212 5090
f 5516 5942 5718
f 5942 5516 5716
f 5205 4989 4959
f 4719 4716 4666
f 4492 4531 4517
f 6304 6260 6320
f 5757 5791 5793
f 5653 5762 5763
f 4651 4725 4633
f 5521 5415 5725
f 5725 5415 5557
f 5634 5534 5577
f 5577 5534 5607
f 5607 5534 5672
f 5668 5820 5858
f 4539 4509 4520
f 5568 5297 5250
f 5889 5775 5698
f 5889 5698 5959
f 5530 5531 5442
f 6199 6298 6299
f 4486 4525 4474
f 6128 6064 6200
f 6164 6224 6225
f 5603 5633 5859
f 5859 5936 5969
f 5741 5936 5859
f 5477 5508 5448
f 4899 5191 4988
f 5743 5671 5823
f 5582 5515 5715
f 4836 4920 4802
f 5789 5718 5943
f 5970 6005 6076
f 5053 4894 5055
f 6041 6075 6039
f 6432 6411 6433
f 6460 6464 6465
f 5636 5635 5606
f 6292 6270 6271
f 6322 6267 6306
f 6453 6458 6457
f 6445 6339 6385
f 6453 6443 6458
f 6458 6443 6445
f 6305 6339 6382
f 6322 6305 6240
f 6425 6424 6426
f 6058 6060 6021
f 5802 5768 5881
f 4726 4911 4800
f 5720 5519 5646
f 6006 5968 5861
f 6393 6354 6394
f 5591 5653 5461
f 5461 5653 5593
f 5653 5591 5840
f 5840 5591 5681
f 4770 4790 4825
f 5453 5487 5516
f 5771 5772 5656
f 5656 5806 5658
f 5773 5806 5656
f 4603 4690 4623
f 4603 4692 4690
f 4673 4694 4692
f 4606 4673 4692
f 4606 4692 4603
f 5841 5911 5801
f 6290 6140 6207
f 5414 5521 5556
f 5601 5435 5663
f 6350 6292 6271
f 5856 5737 6040
f 4704 4775 4753
f 4704 4751 4775
f 4704 4583 4751
f 4669 4683 4704
f 4669 4656 4683
f 4670 4656 4669
f 4670 4669 4706
f 6165 5940 5865
f 4631 4605 4567
f 6448 6347 6346
f 5986 5842 5762
f 5943 6008 6009
f 5046 4965 5005
f 4965 4878 4736
f 4878 5046 5004
f 6252 6195 6230
f 5638 5747 5828
f 6428 6352 6354
f 6354 6296 6214
f 6296 6352 6295
f 5186 5133 5188
f 5901 6086 5863
f 5923 5662 5807
f 5500 5251 5469
f 5370 5251 5527
f 5776 5527 5500
f 5776 5500 5697
f 5809 5599 5810
f 5810 5599 5572
f 5572 5471 5306
f 5779 5777 5664
f 5126 5414 5182
f 6450 6428 6393
f 4830 4812 4776
f 5150 5254 5302
f 5302 5370 5527
f 5254 5082 5370
f 5030 5082 5254
f 5030 5254 5147
f 6262 6263 6224
f 5416 5522 5593
f 5522 5416 5289
f 4998 5002 4918
f 6234 6218 6235
f 5068 5063 4941
f 5068 5225 5063
f 5068 5177 5225
f 5068 5236 5177
f 4775 4770 4828
f 4828 4825 4948
f 4828 4770 4825
f 6136 6179 6134
f 5241 5138 5139
f 5800 5682 5801
f 5762 5951 5986
f 5356 5143 5141
f 5598 5698 5597
f 4753 4828 4860
f 4669 4753 4706
f 5971 6079 6164
f 5410 5583 5403
f 6205 6359 6283
f 5843 5683 5618
f 5707 5531 5667
f 5760 5792 5616
f 5616 5547 5490
f 4751 4624 4665
f 5300 5367 5250
f 4785 4878 4840
f 4840 4878 4921
f 5271 5098 5005
f 5005 5098 5222
f 4595 4554 4581
f 6039 5965 6041
f 5967 6041 5965
f 5859 5967 5819
f 5831 5745 5784
f 5724 5796 5839
f 6029 6027 6106
f 6330 6349 6308
f 5753 5756 5790
f 6288 6227 6289
f 6241 6139 6187
f 4882 4883 4885
f 5994 6108 6203
f 6203 6108 6153
f 5483 5538 5581
f 4950 5028 5027
f 4950 5027 4812
f 4970 4887 5167
f 5781 5971 5865
f 6188 6190 6286
f 5982 6020 5911
f 6376 6375 6392
f 5598 5570 5501
f 4725 4831 4873
f 5628 5810 5505
f 5605 5479 5510
f 6182 6301 6282
f 6282 6301 6319
f 6371 6460 6436
f 4564 4567 4544
f 5766 5595 5688
f 5688 5595 5654
f 5654 5560 5497
f 4959 4863 4721
f 4721 4862 4754
f 5645 5789 5544
f 5609 5641 5714
f 4843 4805 4744
f 5625 5923 5850
f 5356 5416 5464
f 5583 5677 5538
f 5132 5078 5288
f 5529 5472 5629
f 6054 5792 5760
f 4929 5012 4933
f 5518 5545 5584
f 6183 6261 6221
f 5256 5150 5503
f 5193 5079 5423
f 5248 5193 5423
f 5824 5863 5741
f 5974 5944 5977
f 4610 4644 4687
f 4854 4929 4975
f 5711 5826 5821
f 5711 5821 5605
f 5101 5393 4968
f 5163 5158 4875
f 5205 5372 5033
f 6007 5941 5785
f 6357 6256 6315
f 6203 6175 6109
f 5848 5882 5920
f 5920 5882 6069
f 6462 6405 6461
f 5794 5980 5796
f 5980 5794 5793
f 4968 4847 5101
f 4641 4670 4643
f 4618 4656 4641
f 4599 4641 4643
f 6088 6247 6089
f 6247 6167 6268
f 6187 5966 6114
f 5737 5813 5896
f 6042 6002 6139
f 6212 6210 6211
f 6211 6210 6248
f 6335 6278 6316
f 6266 6225 6265
f 5573 5706 5705
f 6015 6016 6017
f 4638 4730 4653
f 5580 5481 5675
f 5914 5983 5984
f 6163 6244 6207
f 5423 5245 5421
f 4581 4612 4638
f 4515 4612 4581
f 4620 4659 4627
f 4792 4724 4648
f 4689 4757 4792
f 5386 5445 5315
f 4702 4662 4746
f 6468 6467 6471
f 6534 6570 6663
f 6483 6492 6502
f 6520 6513 6515
f 6507 6494 6509
f 6517 6497 6510
f 6509 6495 6523
f 6498 6670 6982
f 6489 6473 6471
f 6476 6469 6480
f 6469 6470 6473
f 6544 6542 6540
f 6477 6496 6495
f 7003 6530 7004
f 6518 6649 6650
f 6567 6569 6568
f 6979 6980 6467
f 6618 6563 6562
f 6474 6611 6475
f 6467 6475 6611
f 6476 6485 6481
f 6468 6475 6467
f 6468 6471 6470
f 6478 6678 6679
f 6479 6472 6473
f 6482 6495 6476
f 6485 6476 6495
f 6481 6475 6468
f 6477 6482 6483
f 6489 6479 6473
f 6482 6477 6495
f 6502 6477 6483
f 6482 6497 6483
f 6484 6488 6487
f 6612 6488 6484
f 6615 6617 6488
f 6479 6489 6505
f 6494 6485 6495
f 6494 6481 6485
f 6494 6508 6481
f 6481 6508 6475
f 6486 6499 6483
f 6484 6487 6501
f 6505 6631 6644
f 6577 6489 6484
f 6533 6659 6540
f 6475 6511 6474
f 6474 6512 6626
f 6504 6499 6486
f 6510 6497 6490
f 6500 6491 6493
f 6498 7009 6479
f 6479 6505 6498
f 6637 6577 6506
f 6501 6577 6484
f 6513 6495 6496
f 6491 6500 6490
f 6488 6633 6487
f 6626 6512 6630
f 6474 6511 6512
f 6499 6504 6503
f 6517 6504 6486
f 6617 6634 6488
f 6508 6511 6475
f 6513 6496 6502
f 6516 6492 6503
f 6492 6499 6503
f 6490 6500 6510
f 6523 6507 6509
f 6508 6507 6519
f 6508 6519 6511
f 6630 6512 6627
f 6513 6502 6515
f 6503 6504 6524
f 6504 6517 6524
f 6510 6518 6517
f 6505 6669 6498
f 6635 6578 6487
f 6487 6633 6635
f 6526 6507 6523
f 6507 6526 6519
f 6528 6516 6503
f 6519 6664 6529
f 6523 6495 6513
f 6511 6529 6512
f 6514 6974 6628
f 6579 6577 6501
f 6523 6520 6525
f 6519 6529 6511
f 6515 6521 6520
f 6527 6521 6516
f 6528 6527 6516
f 6528 6503 6522
f 6524 6522 6503
f 6517 6533 6524
f 6512 6529 6514
f 6535 6522 6524
f 6523 6525 6526
f 6525 6534 6526
f 6646 6529 6647
f 6524 6533 6535
f 6518 6651 6657
f 6526 6534 6664
f 6538 6527 6528
f 6531 6521 6527
f 6521 6531 6537
f 6647 6529 6645
f 6641 6973 6514
f 6536 6532 6528
f 6536 6528 6522
f 6535 6536 6522
f 6535 6533 6540
f 6645 6529 6664
f 6533 6656 6653
f 6538 6531 6527
f 6531 6543 6537
f 6532 6538 6528
f 6525 6648 6571
f 6535 6540 6536
f 6537 6539 6530
f 6538 6532 6536
f 6536 6540 6542
f 6537 6543 6539
f 6538 6541 6531
f 6538 6536 6541
f 6542 6541 6536
f 6543 6654 6655
f 6531 6541 6545
f 6543 6531 6545
f 6545 6541 6542
f 6545 6544 6543
f 6658 6543 6544
f 6493 6472 6479
f 6493 7009 7008
f 6517 6518 6533
f 6469 6476 6481
f 6502 6492 6516
f 6520 6530 6525
f 6490 6480 6491
f 6467 6980 6678
f 6534 6571 6570
f 6483 6499 6492
f 6520 6523 6513
f 6507 6508 6494
f 6517 6486 6497
f 6509 6494 6495
f 6471 6478 6489
f 6478 6484 6489
f 6480 6469 6472
f 6480 6482 6476
f 6470 6471 6473
f 6469 6473 6472
f 6544 6545 6542
f 6477 6502 6496
f 6514 6973 6974
f 6530 6666 7004
f 6500 6564 6566
f 6567 6564 6500
f 6480 6497 6482
f 6497 6486 6483
f 6659 6544 6540
f 6512 6629 6627
f 6526 6664 6519
f 6493 6480 6472
f 6493 7008 6569
f 6533 6657 6656
f 6470 6481 6468
f 6469 6481 6470
f 6516 6521 6515
f 6515 6502 6516
f 6521 6537 6520
f 6520 6537 6530
f 6497 6480 6490
f 6480 6493 6491
f 6478 6613 6484
f 2282 7017 1567
f 968 5401 7017
f 789 583 950
f 3428 3471 3426
f 3451 3406 3439
f 1604 1600 1592
f 5324 5326 1606
f 5285 7018 5287
f 5298 435 7018
f 1612 5296 7018
f 1612 7019 5233
f 7022 7021 5264
f 7021 127 5264
f 810 5266 7020
f 7023 7021 7022
f 926 7024 7025
f 915 7024 926
f 5255 7023 7022
f 7022 5264 5246
f 519 3100 7025
f 5255 7022 5246
f 519 7026 495
f 7024 519 7025
f 495 7026 5243
f 112 4600 105
f 516 389 455
f 4077 3992 7027
f 3926 4027 7027
f 3854 3841 3801
f 37 26 16
f 31 13 5
f 39 29 31
f 7046 58 67
f 62 46 61
f 20 31 23
f 52 58 39
f 4 5 13
f 12 2 10
f 2 4 10
f 21 10 4
f 4 8 21
f 12 5 2
f 29 4 13
f 4 16 8
f 29 35 4
f 4 35 17
f 16 4 17
f 12 31 5
f 10 20 12
f 28 8 16
f 28 16 26
f 37 16 17
f 10 21 20
f 28 21 8
f 12 23 31
f 20 23 12
f 17 35 37
f 21 34 20
f 34 21 28
f 28 26 46
f 35 39 37
f 34 39 20
f 34 28 41
f 41 28 46
f 64 48 7036
f 39 58 37
f 58 61 37
f 34 41 44
f 34 44 39
f 46 49 41
f 41 49 57
f 39 44 52
f 46 62 48
f 49 46 64
f 48 64 46
f 64 7040 7037
f 7043 7042 44
f 41 7031 7032
f 7028 57 7029
f 67 52 68
f 44 68 52
f 62 7035 7036
f 7039 7040 64
f 44 7042 7044
f 58 71 61
f 71 62 61
f 62 71 7033
f 71 7041 7034
f 37 61 26
f 31 29 13
f 39 35 29
f 46 26 61
f 20 39 31
f 57 49 7037
f 52 67 58
f 4 2 5
f 7050 64 7049
f 71 58 7046
f 57 7037 7030
f 68 7044 7045
f 67 68 7047
f 5107 6559 6558
f 6560 6561 4317
f 3465 3409 6562
f 3560 3570 6567
f 3570 6566 6564
f 6564 6565 3570
f 6565 6567 3570
f 6568 6569 3560
f 6576 6573 4511
f 6573 6572 4511
f 4511 4359 6574
f 4359 6575 6574
f 6579 6578 3562
f 3562 6577 6579
f 6583 6581 6580
f 4404 6584 6582
f 6584 6585 6582
f 6582 6583 4404
f 6583 6580 4404
f 6586 6588 4708
f 4615 6589 6587
f 6586 4708 4765
f 4765 4615 6587
f 6559 5107 6590
f 6594 6595 4773
f 6593 6592 6596
f 6596 6597 6594
f 4773 6593 6596
f 6599 6590 5107
f 5107 5000 6599
f 6602 6600 4549
f 4549 4491 6602
f 4491 6601 6602
f 6603 6604 4791
f 6604 6605 4791
f 4791 6606 6603
f 6546 6609 4992
f 6611 6610 3419
f 6610 6562 3419
f 6562 3409 3419
f 3431 6612 6613
f 6617 6615 3431
f 6615 6612 3431
f 3512 6616 6617
f 3465 6563 6618
f 6621 6622 6625
f 6622 4855 6625
f 4855 6620 6625
f 6620 6619 6623
f 6625 6620 6623
f 6619 4932 6623
f 6629 6628 3546
f 3465 6626 6630
f 6627 6629 3546
f 3465 6630 3546
f 6644 6631 6632
f 6633 6634 6616
f 6616 3512 6633
f 3512 3562 6633
f 6578 6635 3562
f 6637 6636 6577
f 6636 6644 6577
f 3562 3603 6506
f 3562 6506 6577
f 6639 6640 5047
f 5047 5035 6639
f 5035 6638 6639
f 3603 3598 6506
f 3598 6643 6506
f 3621 6642 6646
f 6647 6645 3621
f 6650 6649 3570
f 6649 6566 3570
f 3734 3621 6645
f 6658 3715 6655
f 6653 6656 6657
f 6657 6651 3570
f 6659 6653 3570
f 3658 3715 6658
f 6659 3570 3658
f 6663 6570 3676
f 6570 3646 3676
f 6664 6663 3676
f 3676 3734 6652
f 6666 6665 3708
f 6665 6655 3715
f 6667 6668 4932
f 6669 6671 6643
f 3598 6670 6669
f 6673 6674 4362
f 4290 6672 6673
f 3992 3894 3926
f 3398 3431 6679
f 3431 6614 6679
f 4214 6683 6682
f 6684 6685 4290
f 4290 4235 6684
f 6688 6687 4235
f 6687 6686 4235
f 6696 6692 6693
f 4319 6695 6694
f 6696 6693 4319
f 6697 6584 4317
f 6584 4404 4317
f 6561 6697 4317
f 6699 6698 4319
f 6710 6699 4319
f 6703 6702 4498
f 4655 6701 6700
f 6700 6703 4498
f 4498 4655 6700
f 6706 6704 4359
f 6704 6705 4359
f 4359 4362 6709
f 4362 6708 6707
f 6709 4362 6707
f 6714 6716 4456
f 6716 6713 4456
f 6713 6712 4319
f 6712 6711 4319
f 4319 4456 6713
f 4456 6715 6714
f 6718 6723 4731
f 4498 6720 6721
f 4498 6721 6722
f 6722 6719 4655
f 6719 6717 4655
f 6718 4731 4655
f 6717 6718 4655
f 6725 6715 4456
f 4604 4496 6727
f 6732 6734 4966
f 4966 6729 6732
f 6728 6733 6729
f 6735 6677 4622
f 4545 6736 6737
f 6738 6735 4622
f 4545 6737 6738
f 6742 6741 6739
f 6741 4979 6739
f 7029 7030 4997
f 4489 4511 6572
f 6745 6743 6744
f 6744 4578 6745
f 4578 4549 6745
f 6746 6748 6747
f 4549 6600 6749
f 6751 6752 5137
f 5137 5109 6751
f 5109 6753 6751
f 6755 6754 4217
f 6991 4217 6754
f 4664 4489 6756
f 6760 6736 4545
f 4755 6757 6758
f 6759 6760 4755
f 4755 6758 6759
f 6761 6762 4734
f 4615 6764 6763
f 6765 6761 4652
f 4615 6763 6765
f 6761 4734 4652
f 6730 6768 6766
f 6768 6769 6766
f 6776 6774 4752
f 6774 6773 4752
f 4752 6775 6776
f 6771 6770 4791
f 6772 6771 4791
f 4752 6773 6772
f 6782 6780 6779
f 4729 6781 6777
f 6778 6782 4494
f 4494 4729 6777
f 4494 6777 6778
f 4688 6785 6784
f 6783 4615 4630
f 4688 6784 4630
f 6789 6557 4832
f 4832 6786 6787
f 6787 6788 4832
f 6793 6792 4688
f 6792 6785 4688
f 4688 4734 6793
f 4734 6762 6791
f 6790 4734 6791
f 6796 6794 6729
f 4984 5097 6729
f 5097 6731 6729
f 6796 6729 4966
f 4984 6729 6795
f 6795 6796 4984
f 6801 6798 4705
f 6799 6800 4705
f 6800 6801 4705
f 4578 6802 6799
f 6808 4630 4615
f 6810 4793 6809
f 4793 6556 6809
f 6811 6797 4693
f 6747 6812 6811
f 6812 6813 6811
f 4813 6820 6819
f 4793 6810 6821
f 6823 6593 4773
f 4773 4705 6823
f 4705 6798 6823
f 6824 6826 4813
f 6826 6820 4813
f 4813 6825 6824
f 6828 6757 4755
f 4755 4810 6827
f 4810 6831 6827
f 6830 6831 4810
f 6834 6832 6833
f 6833 6601 4491
f 4491 4622 6834
f 4622 6676 6834
f 6835 6836 4813
f 6836 6825 4813
f 4813 4793 6835
f 6845 6841 4855
f 4855 4881 6845
f 4881 6842 6843
f 6843 6844 4881
f 6847 6848 4992
f 4992 6609 6846
f 4914 4813 6849
f 6849 6850 4914
f 6850 6851 4914
f 6854 6853 4774
f 6854 4774 4645
f 6855 6857 4731
f 6852 6858 4773
f 4810 4914 6851
f 6860 6864 6861
f 6861 6856 4731
f 4731 4871 6860
f 6865 6864 6860
f 6860 4871 6865
f 4871 4966 6865
f 6866 6868 4881
f 4855 4985 6866
f 4985 6867 6866
f 6870 6624 4932
f 4985 4855 6869
f 4855 6622 6869
f 6871 6870 4932
f 4985 6869 6871
f 6872 6874 4923
f 4923 4979 6872
f 6876 6875 4923
f 6880 6877 6874
f 6877 6878 6874
f 4923 6874 6878
f 6881 6876 4992
f 6876 4923 4992
f 4992 4923 6879
f 6888 6882 6886
f 6882 4992 6885
f 6886 6882 6887
f 4992 6848 6884
f 6885 6887 6882
f 6893 6892 6891
f 6892 6890 6891
f 6891 6894 4979
f 4979 6894 6899
f 6894 6895 6897
f 6899 6894 6897
f 6895 6896 6897
f 6903 6902 4985
f 4932 6900 6901
f 4932 6901 6904
f 4985 4932 6904
f 6905 6906 6907
f 5109 4979 6905
f 6907 6908 6753
f 5011 5111 7032
f 7034 5125 7033
f 5125 5040 7033
f 5040 7049 7036
f 5040 7036 7035
f 6911 6720 4498
f 4734 4731 6912
f 4731 6723 6910
f 6910 6912 4731
f 6911 4498 6915
f 4498 4734 6915
f 6912 6913 4734
f 6913 6914 4734
f 7038 7048 5065
f 5044 7037 7040
f 7039 7038 5065
f 5044 7040 7039
f 6917 6918 5035
f 5035 4985 6916
f 6919 6638 5035
f 5035 6918 6919
f 6918 6548 6919
f 6920 6767 5097
f 5164 6922 6920
f 6922 6923 6921
f 6920 6922 6921
f 6923 6769 6921
f 6769 6768 6921
f 5164 6925 6924
f 6926 6555 4979
f 5109 6927 6926
f 6929 6927 5159
f 6927 5109 5159
f 5159 6930 6928
f 6928 6929 5159
f 6558 6931 6932
f 6932 5154 5067
f 5166 7045 5111
f 5203 5137 6752
f 6933 6925 5164
f 5111 7044 7042
f 5125 7046 7047
f 5159 5192 6939
f 6935 6936 5202
f 5202 5154 6935
f 5154 6932 6935
f 6939 5192 6938
f 5192 5202 6938
f 5202 6936 6940
f 6775 4752 4664
f 6943 6689 4235
f 4235 4214 6944
f 6944 6945 6943
f 6948 6949 4855
f 4855 4774 6948
f 4774 6853 6947
f 6950 4774 6946
f 6947 6946 4774
f 249 6951 4294
f 6951 6691 4294
f 4294 4339 249
f 6953 6598 5000
f 6640 6953 5047
f 6954 6727 4494
f 6727 4496 4494
f 4884 4765 6956
f 6955 4919 4884
f 6955 6956 4777
f 6956 4765 4777
f 6959 6957 4456
f 6957 6725 4456
f 4456 4498 6959
f 4498 6702 6958
f 6960 6941 4729
f 4774 4855 6942
f 6960 4729 4774
f 7049 5040 7050
f 5040 5065 7050
f 5111 7043 7032
f 4992 6883 6961
f 6963 6962 4961
f 6961 6966 6965
f 6965 6964 6963
f 6963 4961 6965
f 6968 6967 4932
f 6668 6969 6968
f 6971 6970 4214
f 4214 6680 6971
f 4855 6949 6972
f 6974 6973 3621
f 6973 6641 3621
f 3546 6628 6974
f 6977 6976 4615
f 4604 6726 6975
f 6978 6977 4615
f 4604 6975 6978
f 3419 3398 6678
f 6678 6980 3419
f 6981 6867 4919
f 6867 4985 4919
f 4919 4881 6868
f 6982 6670 3560
f 6670 3598 3560
f 6984 6983 4290
f 6983 6672 4290
f 4615 6976 6987
f 6989 6988 4961
f 6988 6547 4961
f 4294 6690 6990
f 6992 6993 6683
f 6683 4214 6992
f 4214 6991 6992
f 6994 6560 4343
f 4343 4319 6994
f 6995 6996 4881
f 6996 6842 4881
f 6997 6998 4708
f 7001 6575 4359
f 4359 6705 7002
f 3708 3646 7003
f 3646 6648 7003
f 3708 7003 7004
f 7048 64 7050
f 5044 4997 7030
f 4217 4294 7006
f 4294 6990 7005
f 7006 4294 7005
f 7007 144 4217
f 7010 6982 3560
f 3560 6569 7010
f 6569 7008 7010
f 7011 6701 4655
f 4731 7015 7012
f 7012 7013 7014
f 7014 7011 4655
f 4731 7012 7014
f 4791 6605 6786
f 6808 4765 4740
f 4740 4630 6808
f 7016 6999 4777
f 6999 4881 4777
f 4777 4708 6998
f 6947 729 731
f 6941 6960 757
f 652 6777 6781
f 6781 6941 757
f 6810 6809 483
f 483 552 6821
f 456 6743 6745
f 6893 6881 6882
f 6940 6936 916
f 6936 6639 916
f 271 6713 6716
f 676 6852 6595
f 6858 6852 729
f 729 6854 6858
f 6783 6784 540
f 540 6765 6783
f 6987 6977 6978
f 6978 520 6589
f 520 6587 6589
f 6905 6899 6898
f 591 671 6719
f 85 6688 6689
f 126 6707 6674
f 6707 6708 6674
f 6674 6673 73
f 6766 6769 895
f 6769 6923 895
f 6936 6935 900
f 6640 6639 900
f 450 6758 6757
f 6863 6734 877
f 745 6865 6862
f 745 6862 877
f 126 197 6706
f 346 6576 6574
f 431 6787 6786
f 6605 6604 414
f 431 6786 6605
f 6560 6994 184
f 6561 6560 184
f 18 6945 6944
f 89 45 6993
f 97 7005 178
f 7005 6990 178
f 6672 6983 73
f 6983 78 73
f 275 7002 6705
f 178 6990 6690
f 6691 6951 242
f 6951 249 242
f 178 6690 6691
f 6704 6706 197
f 212 242 6583
f 275 6574 6575
f 6581 242 249
f 212 6582 6585
f 6585 6584 6697
f 6693 6692 244
f 184 6994 6693
f 393 6603 6606
f 6677 6735 355
f 6735 352 355
f 316 6714 6715
f 6872 6741 6742
f 388 6957 6959
f 366 513 6600
f 513 454 6600
f 6744 6743 456
f 6991 6754 89
f 89 6992 6991
f 6715 6725 388
f 6662 6675 366
f 480 510 6660
f 6662 366 480
f 6661 6660 510
f 513 366 6675
f 6661 510 513
f 6683 6993 45
f 45 27 6682
f 393 414 6603
f 416 369 6809
f 6857 6855 743
f 743 708 6857
f 533 6800 6799
f 546 504 6829
f 504 6830 6829
f 510 511 6747
f 6747 513 510
f 511 6813 6812
f 513 6747 6748
f 511 6811 6813
f 6748 6746 531
f 6779 6780 606
f 537 6954 6779
f 6850 6849 558
f 552 6824 6825
f 552 486 6824
f 6797 6811 600
f 6811 511 600
f 531 6746 4693
f 6761 6791 6762
f 7011 7014 670
f 6998 6997 658
f 6997 580 658
f 591 6914 6913
f 6592 732 676
f 6593 6823 643
f 643 732 6593
f 670 7014 7013
f 729 6947 6853
f 7013 7012 708
f 6842 6996 711
f 711 734 6843
f 6949 6948 731
f 779 6972 6949
f 734 757 6845
f 6695 6724 6698
f 244 6694 6695
f 6695 6698 245
f 6864 6865 6861
f 355 356 6676
f 847 6869 6622
f 6875 6876 6881
f 6907 6906 872
f 6906 6898 6897
f 872 6906 6897
f 6620 6972 779
f 864 6667 6619
f 6619 6620 779
f 6668 6667 864
f 864 880 6969
f 6607 6608 852
f 852 854 6988
f 6988 6989 852
f 6608 6962 852
f 6962 6963 852
f 6546 6547 874
f 874 882 6609
f 537 520 6978
f 6900 6967 880
f 6967 6968 880
f 880 888 6900
f 6624 6870 847
f 888 859 6904
f 6880 6742 890
f 6742 6739 890
f 867 852 6963
f 867 6964 6965
f 906 6551 6555
f 6927 6929 908
f 6894 6891 910
f 912 872 6895
f 6894 910 912
f 910 6891 6890
f 6890 6909 910
f 6909 6889 910
f 912 6751 6753
f 908 906 6926
f 6848 6847 882
f 859 922 6917
f 6918 6917 922
f 908 6554 6548
f 6548 6918 922
f 6550 6549 906
f 890 6739 6550
f 6553 6552 908
f 916 6919 6553
f 908 6928 6930
f 6930 6934 916
f 6934 6939 916
f 902 869 6883
f 869 6961 6883
f 6879 890 6883
f 895 910 6885
f 6922 6924 912
f 895 6923 6922
f 884 895 6884
f 6924 6925 912
f 6925 6933 912
f 6933 6752 912
f 6728 6731 6730
f 931 6921 6768
f 931 6768 6730
f 6590 6599 900
f 900 6935 6590
f 6935 6937 6931
f 6590 6935 6558
f 6931 6558 6935
f 6798 6801 533
f 533 643 6798
f 6722 6721 6911
f 6700 499 6703
f 6916 6740 6902
f 6740 6873 6902
f 552 6835 6822
f 6909 6892 6888
f 6888 6892 6893
f 916 6639 6638
f 6687 6688 6
f 6685 6684 82
f 82 78 6685
f 82 6684 6686
f 7006 97 144
f 658 711 6999
f 504 478 6831
f 6701 7011 471
f 471 6700 6701
f 85 6943 6945
f 749 729 6852
f 6852 676 749
f 877 6732 6733
f 884 6733 6728
f 352 6738 6737
f 6827 478 450
f 6703 499 6958
f 448 6759 6758
f 6680 6681 6682
f 27 32 6970
f 475 393 6770
f 606 6782 6778
f 6755 144 89
f 431 416 6789
f 6809 6556 6557
f 6557 6789 416
f 6856 6861 745
f 745 743 6856
f 6820 6826 559
f 561 558 6819
f 6820 559 561
f 356 366 6602
f 6602 6601 6833
f 671 6910 6723
f 6710 6711 6699
f 6711 6712 6699
f 6699 6712 271
f 6712 6713 271
f 6698 6699 271
f 6893 4979 6875
f 537 6975 6726
f 6726 6727 6954
f 6599 6598 6953
f 6588 6586 520
f 7000 6588 580
f 6761 540 6792
f 6722 6915 591
f 6915 6914 591
f 6805 6804 4347
f 4337 6952 6805
f 6805 6952 4383
f 4381 6817 6818
f 4386 6985 6815
f 6985 6986 6815
f 6986 6985 6839
f 6837 4383 6952
f 6838 6952 4337
f 4360 6837 6838
f 6839 6806 6807
f 4401 6807 6806
f 6806 6839 6985
f 6806 6985 4386
f 4347 6804 6803
f 4379 6803 6807
f 6814 6817 4381
f 6815 6814 4407
f 6859 6986 6837
f 6986 6840 6837
f 6837 4360 6859
f 4368 6986 6859
f 4360 4369 6818
f 6730 6767 931
f 6767 6920 931
f 6729 6794 6795
f 475 6772 6773
f 6756 6572 346
f 6572 6573 346
f 346 445 6756
f 445 6776 6775
f 6498 6669 6670
f 7003 6525 6530
f 6518 6510 6649
f 6567 6500 6569
f 6562 6610 6474
f 6474 6618 6562
f 6474 6610 6611
f 6611 6979 6467
f 6478 6471 6678
f 6612 6615 6488
f 6484 6613 6612
f 6644 6636 6637
f 6637 6506 6644
f 6506 6505 6644
f 6489 6632 6631
f 6505 6489 6631
f 6577 6632 6489
f 6533 6653 6659
f 6626 6618 6474
f 6498 7010 7009
f 6578 6579 6501
f 6501 6487 6578
f 6488 6634 6633
f 6617 6616 6634
f 6505 6671 6669
f 6643 6671 6505
f 6505 6506 6643
f 6628 6629 6514
f 6629 6512 6514
f 6982 7010 6498
f 6646 6514 6529
f 6518 6650 6651
f 6514 6646 6641
f 6646 6642 6641
f 6664 6652 6645
f 6525 7003 6648
f 6571 6534 6525
f 6664 6534 6663
f 6539 6665 6666
f 6655 6665 6543
f 6665 6539 6543
f 6658 6654 6543
f 6544 6659 6658
f 6493 6479 7009
f 6614 6478 6679
f 6471 6467 6678
f 6530 6539 6666
f 6566 6649 6510
f 6510 6500 6566
f 6567 6565 6564
f 6500 6493 6569
f 6533 6518 6657
f 6478 6614 6613
f 2282 5314 7017
f 5285 7019 7018
f 7021 7020 127
f 7023 915 7021
f 915 7023 7024
f 7024 7026 519
f 64 7036 7049
f 64 7037 49
f 7043 44 41
f 41 7032 7043
f 62 7036 48
f 7039 64 7038
f 44 7044 68
f 62 7033 7035
f 7041 71 7046
f 71 7034 7033
f 57 7030 7029
f 68 7045 7047
f 67 7047 7046
f 7031 41 57
f 7031 57 7028
f 7031 7028 4928
f 3860 3773 3799
f 1223 1416 7051
f 7051 1234 3339
f 1223 7051 3339
