# Z-Anatomy Cochlea.r evaluated surface; original world meters; not registered
o Cochlea.r
v -0.03955275193 -0.002170355525 1.582663417
v -0.03940894827 -0.00199578004 1.582788944
v -0.03973197564 -0.001804351807 1.582818508
v -0.03981018439 -0.002393638249 1.582743406
v -0.03951289877 -0.002639387269 1.582540751
v -0.03940834105 -0.00216508517 1.582506418
v -0.03933370858 -0.002038150094 1.582624674
v -0.03928684071 -0.002034074627 1.582294106
v -0.0391644761 -0.002022720873 1.582093
v -0.03926883265 -0.002033999655 1.582481623
v -0.03928250447 -0.001839180477 1.582165599
v -0.03924649954 -0.002496855799 1.582335949
v -0.03916373476 -0.001575727481 1.581959724
v -0.03862497211 -0.00127495965 1.581874371
v -0.03907080367 -0.001374212094 1.581816912
v -0.03864638135 -0.00110508129 1.581852078
v -0.03906240314 -0.001676305663 1.581869721
v -0.03897439688 -0.001959604677 1.581756711
v -0.03884875029 -0.001171884127 1.581710815
v -0.03858243674 -0.0007024081424 1.581746578
v -0.03887305781 -0.001443020068 1.581500411
v -0.03876235336 -0.0007820036262 1.581385255
v -0.03876167163 -0.00184542546 1.581238866
v -0.03883166984 -0.002332177013 1.581565261
v -0.03862703592 -0.002252313308 1.580893993
v -0.03872871399 -0.001328513492 1.580973387
v -0.03859413043 -0.001780007035 1.580571771
v -0.03877785429 -0.0008953604847 1.580668926
v -0.03885881603 -0.0004369895905 1.581014633
v -0.03864873573 -0.001333380584 1.580221415
v -0.03892598674 -0.0005454495549 1.580321193
v -0.03896610811 -0.0002841204405 1.580661535
v -0.03884263337 -0.0009328313172 1.57986474
v -0.03916989267 -0.0001980755478 1.580101371
v -0.03911511973 3.491155803e-05 1.580642104
v -0.03947736323 0.0001373928972 1.579969764
v -0.03914563358 -0.0005889516324 1.579591751
v -0.03946343064 -0.0003215838224 1.579408765
v -0.03915533423 -0.001037136652 1.579169631
v -0.03927499801 -0.001411606558 1.578881264
v -0.03945421055 -0.000809292309 1.578999519
v -0.03885045275 -0.001364010386 1.579422235
v -0.03863023221 -0.001764472574 1.579763174
v -0.03900239617 -0.0017616041 1.579075217
v -0.03877834231 -0.002166047692 1.579368949
v -0.03926414251 -0.002066607587 1.57884872
v -0.03906227648 -0.002489195205 1.579118729
v -0.03956782445 -0.00228128396 1.578730583
v -0.03950522467 -0.001658570021 1.578686237
v -0.03967962414 -0.001220779028 1.578673601
v -0.03978758678 -0.001825646032 1.578585267
v -0.04012173042 -0.001953707542 1.578593612
v -0.03995537013 -0.001293892507 1.578586698
v -0.0400518924 -0.0006912969984 1.578764558
v -0.04028888047 -0.001392239239 1.578593969
v -0.04066922143 -0.001509373542 1.578715086
v -0.04039801285 -0.0007331073284 1.57876575
v -0.04079992324 -0.0008488446474 1.578876257
v -0.04044808447 -4.214467481e-05 1.579205394
v -0.04087524116 -0.0001544672996 1.579312682
v -0.04046240821 0.0005374250468 1.579929352
v -0.04008100182 -4.635192454e-05 1.579202414
v -0.03976995498 -0.0001466390677 1.579278588
v -0.04009047896 0.0005155468825 1.579888105
v -0.0397798866 0.0003758678213 1.579907656
v -0.04000690207 0.0008733896539 1.580758214
v -0.03968174011 0.0007116945926 1.580685616
v -0.04038714245 0.0008718033787 1.580868006
v -0.03975035623 0.0008943681605 1.581663966
v -0.03942960873 0.0007485179231 1.581490517
v -0.03936266154 0.0006446456537 1.582420826
v -0.04014676809 0.000850493554 1.581835985
v -0.04059119523 0.0005761701614 1.581982732
v -0.03974191844 0.0005637346767 1.582644701
v -0.04018165916 0.0002526335884 1.582805514
v -0.03925576806 0.000160001684 1.583230376
v -0.03874365613 -0.0002819579095 1.583596826
v -0.03893282637 0.0002721503843 1.582966328
v -0.0396470651 -0.0001491629519 1.583418965
v -0.03985922784 -0.0004712939262 1.583407879
v -0.03909732029 -0.0005587823689 1.583793759
v -0.0385767594 -0.00101092644 1.583994627
v -0.03932849318 -0.0008247275837 1.583788395
v -0.039480865 -0.001077238936 1.583663344
v -0.0388254784 -0.001224683132 1.583994508
v -0.03901992366 -0.001421983819 1.583881617
v -0.03831986338 -0.001779478975 1.584059596
v -0.03854054585 -0.00193053158 1.583961487
v -0.0380650498 -0.001600343268 1.584044933
v -0.03786625713 -0.002465888392 1.583950281
v -0.03761272877 -0.00230352534 1.583908916
v -0.03748364374 -0.003190722317 1.5836308
v -0.03810247779 -0.002578392625 1.583877087
v -0.03773260117 -0.003283579834 1.583583713
v -0.03832753748 -0.002660634462 1.583735943
v -0.03853560612 -0.00272086123 1.583529592
v -0.03797910362 -0.003325258847 1.583471537
v -0.03873685002 -0.002071073744 1.583797693
v -0.03917393461 -0.001615005545 1.583707929
v -0.03889704868 -0.002203402109 1.583574414
v -0.03901444748 -0.002313892823 1.583290935
v -0.03926816955 -0.001800589729 1.583483458
v -0.0395950824 -0.001571795903 1.583248615
v -0.0392950438 -0.001981061418 1.58321321
v -0.03950913623 -0.001817977056 1.583017111
v -0.03927469254 -0.002105881926 1.58292532
v -0.03923395649 -0.00214516744 1.58273685
v -0.03907942399 -0.002371401992 1.582988143
v -0.03884781897 -0.002734299283 1.58295095
v -0.03908118978 -0.002374705859 1.582783818
v -0.0390583165 -0.002347570844 1.582599878
v -0.03888922557 -0.002689633518 1.582739592
v -0.03869328648 -0.003064812161 1.582572937
v -0.03889839724 -0.002620799001 1.58254528
v -0.0387292169 -0.002940620761 1.582376361
v -0.0388507396 -0.002461586148 1.582276821
v -0.03870389611 -0.002717112657 1.582108974
v -0.03875210509 -0.002267648932 1.582046151
v -0.03898316622 -0.002235989552 1.582354069
v -0.03887249902 -0.002081862651 1.582146883
v -0.03909284249 -0.002071589697 1.582363486
v -0.03918369859 -0.002146849874 1.582572818
v -0.03919737786 -0.001963838935 1.58231914
v -0.0389817059 -0.00194146065 1.582187653
v -0.03910844401 -0.001839771867 1.582173109
v -0.03886958584 -0.00178133091 1.582054138
v -0.03874979541 -0.001912006643 1.5819906
v -0.03874571994 -0.001617605798 1.581948638
v -0.03901657835 -0.001682109199 1.582055569
v -0.03891637176 -0.001517905854 1.581957698
v -0.03918274492 -0.001627414022 1.581988335
v -0.03910914436 -0.001462179702 1.581876159
v -0.03925568983 -0.00178752467 1.582108855
v -0.03879310563 -0.001379662193 1.581887364
v -0.03857639804 -0.001469963696 1.581871629
v -0.038350299 -0.001333722845 1.581860185
v -0.03840184212 -0.001599126961 1.581793904
v -0.03860428557 -0.001744810026 1.581870317
v -0.03814480081 -0.001479788683 1.581803083
v -0.03824336454 -0.001750858966 1.58166337
v -0.03846641257 -0.001896508969 1.581736088
v -0.03809068725 -0.001923111733 1.581467509
v -0.03796232864 -0.001658003777 1.58168292
v -0.03779635951 -0.001853823662 1.581489444
v -0.03765917942 -0.001655506436 1.581807613
v -0.03785611689 -0.001414969098 1.581933022
v -0.03748719022 -0.001895293593 1.581600547
v -0.03738440201 -0.001749315765 1.582024574
v -0.03721110523 -0.00204578042 1.581766844
v -0.03715639561 -0.00190510368 1.582308292
v -0.03759103268 -0.001429995988 1.582178712
v -0.03781400993 -0.001130003948 1.582208514
v -0.03737867996 -0.001501287334 1.582514882
v -0.03763179109 -0.001102166716 1.58255887
v -0.03723981231 -0.001612527296 1.582848549
v -0.03753282875 -0.001114307903 1.5829494
v -0.03699787334 -0.002087607048 1.582589746
v -0.03718285263 -0.00173251098 1.583150268
v -0.03690557554 -0.002279153094 1.582855582
v -0.03720388189 -0.001868311316 1.583423376
v -0.03752436116 -0.001153673977 1.583278537
v -0.03758915886 -0.001227347646 1.583566546
v -0.03791222721 -0.0006180214696 1.583228827
v -0.03786351904 -0.0006473250687 1.582878709
v -0.0380276069 -0.0006473031826 1.583527088
v -0.03830716386 -0.0001701442525 1.583017826
v -0.03819692135 -0.0002702292986 1.582646251
v -0.03869709745 0.0002204561606 1.582663298
v -0.03848019987 -0.0001598400995 1.583328366
v -0.03852568194 4.830490798e-05 1.582324982
v -0.03907280415 0.0005395011976 1.582166195
v -0.03884281591 0.0002967200708 1.581899762
v -0.03871000558 -0.0001071887091 1.581635475
v -0.03915208578 0.0004613804631 1.581331849
v -0.03895021603 5.4275617e-05 1.581192374
v -0.03936515749 0.0004057963379 1.580642581
v -0.03845428303 -0.0002589914948 1.581989169
v -0.03818187118 -0.0004628514871 1.58226788
v -0.03790269792 -0.0007393695414 1.582473755
v -0.03832792863 -0.0007490026765 1.581971407
v -0.03805457056 -0.0008802320808 1.58213532
v -0.03833197057 -0.001088018063 1.581923962
v -0.03807333857 -0.001213676762 1.58196342
v -0.03824518621 -0.0007704743184 1.58379221
v -0.03776250035 -0.001371021848 1.583830953
v -0.03733965009 -0.002055743709 1.583681583
v -0.03699208423 -0.002723305952 1.583346963
v -0.03723543137 -0.00301975105 1.583571434
v -0.03689049929 -0.002477611881 1.583105326
v -0.03670265526 -0.003309892025 1.582797766
v -0.03663670272 -0.003003341146 1.582604051
v -0.03691319004 -0.003667125478 1.582975388
v -0.03647105768 -0.003749466036 1.582011938
v -0.03665557504 -0.004165964667 1.582116008
v -0.03644300625 -0.003389218822 1.581895828
v -0.03632935137 -0.00398276886 1.581017733
v -0.03632115945 -0.003957386594 1.579899788
v -0.0363284871 -0.003581713885 1.581005216
v -0.03650167212 -0.004453005735 1.581026912
v -0.03651148081 -0.004469788168 1.579781055
v -0.03675092012 -0.004707869608 1.581025004
v -0.03689746559 -0.004389822949 1.582141757
v -0.03678148985 -0.004747140687 1.579739451
v -0.03704777732 -0.004820955452 1.581014156
v -0.03710144758 -0.004869946744 1.579742074
v -0.03736561909 -0.004827443976 1.580991507
v -0.0371732153 -0.004495299887 1.582119107
v -0.03741364181 -0.003955173772 1.582992911
v -0.0374622941 -0.004513027612 1.582063675
v -0.03774892911 -0.004442908335 1.581980586
v -0.03768025339 -0.003978462424 1.58291328
v -0.03794098273 -0.003934601787 1.582789898
v -0.03821730241 -0.003320061136 1.583300591
v -0.03819241375 -0.003822944593 1.582616687
v -0.03844297305 -0.003267154563 1.583063126
v -0.03840692714 -0.003646291792 1.582398653
v -0.03802904114 -0.004284997936 1.581861019
v -0.03797759861 -0.004536123481 1.580892444
v -0.03827020526 -0.004044274334 1.581703186
v -0.03838067874 -0.003838479053 1.58157897
v -0.03821028024 -0.004264045041 1.580808759
v -0.03824858367 -0.004271410871 1.57984376
v -0.03830764815 -0.00404568715 1.580748081
v -0.03835576773 -0.003822213504 1.580691338
v -0.03832463548 -0.004052627366 1.579850554
v -0.03848243132 -0.003810788039 1.578983903
v -0.03835706785 -0.003831071313 1.579856873
v -0.03832936659 -0.003470087424 1.579869866
v -0.0384982191 -0.003609576263 1.579050541
v -0.03874856979 -0.00317507796 1.578342676
v -0.03845495358 -0.003274382558 1.579146147
v -0.03868634254 -0.002887752838 1.578505158
v -0.03835486621 -0.002913811244 1.579236865
v -0.0382434614 -0.003099607304 1.579882145
v -0.03822348267 -0.002589374781 1.579309106
v -0.03856907785 -0.002561317757 1.578666806
v -0.03888266534 -0.002075721044 1.578224063
v -0.03842448071 -0.002254638821 1.57880199
v -0.0382547453 -0.001980829984 1.578900099
v -0.03872580826 -0.001798205543 1.578404427
v -0.03854114935 -0.001539659686 1.57853651
v -0.03911492974 -0.001254285686 1.578162551
v -0.03956247866 -0.0006486484781 1.578100562
v -0.03891955316 -0.001011328772 1.578310966
v -0.03928530961 -0.001493683551 1.577958703
v -0.0394189544 -0.001711880323 1.577714086
v -0.03974440321 -0.0008581285365 1.577893496
v -0.03989399597 -0.001037128735 1.577641726
v -0.04022898525 -0.0002272743732 1.578015089
v -0.04040071368 -0.0003824480809 1.577763677
v -0.04068114981 0.0003425378818 1.578255415
v -0.0400297083 -3.270478919e-05 1.578217268
v -0.04044914618 0.0005230908282 1.578458905
v -0.03981814161 0.0001897248439 1.578356981
v -0.04021570832 0.0007430287078 1.57859683
v -0.03960710019 0.0004261117429 1.578426003
v -0.03936148435 -0.0004218476824 1.578248143
v -0.03915248439 -0.0001916633919 1.578324199
v -0.0389451161 3.128731623e-05 1.578317404
v -0.03870899975 -0.0007781963795 1.578392744
v -0.03849250823 -0.0005644974299 1.578394055
v -0.03833505139 -0.001304859761 1.578611135
v -0.03805688024 -0.001746241935 1.578955889
v -0.03811257333 -0.001106018666 1.57861495
v -0.03788421303 -0.0009684315883 1.578522682
v -0.03783104196 -0.001570536289 1.578954697
v -0.03763765842 -0.001938005444 1.579376578
v -0.03759236261 -0.001477076672 1.578873992
v -0.03738039359 -0.001471030526 1.578714967
v -0.03739333153 -0.001889874693 1.579307914
v -0.0371768102 -0.001933468971 1.579181433
v -0.03728030249 -0.002179937903 1.579814553
v -0.03705534711 -0.002270902041 1.579726577
v -0.03753269091 -0.002181790303 1.579869151
v -0.03724816069 -0.002305575181 1.580370188
v -0.03751283139 -0.002268965822 1.580399275
v -0.03728495166 -0.002265651245 1.580888152
v -0.03701295704 -0.002438026946 1.580327034
v -0.03680877388 -0.002641364932 1.580268979
v -0.0370337069 -0.00242752675 1.580909848
v -0.03709849715 -0.002280116081 1.58139658
v -0.0368142128 -0.002663335763 1.580935478
v -0.03661723062 -0.002946106717 1.580960274
v -0.03687286377 -0.002517103218 1.581512332
v -0.03668442741 -0.002791889012 1.581644177
v -0.03698366508 -0.002256769221 1.581969261
v -0.03681018949 -0.002495023422 1.58218658
v -0.03668845445 -0.002745337784 1.582400084
v -0.03653373942 -0.003084283322 1.581773996
v -0.03644632921 -0.003252800554 1.580987096
v -0.036443647 -0.003187512513 1.580122471
v -0.03631852195 -0.003525393549 1.580021858
v -0.03661793098 -0.002895560581 1.580198646
v -0.03653595597 -0.002883136272 1.579300642
v -0.03669763356 -0.002628182061 1.579471946
v -0.03671835363 -0.002392375842 1.578577876
v -0.0364260748 -0.003202874679 1.5790869
v -0.03663919866 -0.002661013044 1.578271866
v -0.03646679223 -0.003632050008 1.578828692
v -0.03673576564 -0.003039920237 1.577915788
v -0.03671477735 -0.004142450634 1.578574419
v -0.03705956042 -0.003502503969 1.577573895
v -0.03701600805 -0.004418038297 1.57848525
v -0.03739596158 -0.003754945938 1.577454448
v -0.03735039756 -0.004548650701 1.578492761
v -0.03773700818 -0.003885207232 1.577462196
v -0.03769495338 -0.004566532094 1.57856071
v -0.03744065017 -0.004874474835 1.579767585
v -0.03807240725 -0.00392611837 1.577553153
v -0.03801202774 -0.004468921106 1.578665733
v -0.03836555779 -0.003866154235 1.57771337
v -0.03776581213 -0.004765431862 1.579800248
v -0.03826670349 -0.004267916549 1.578790069
v -0.03804885224 -0.00455143163 1.579827666
v -0.03858525306 -0.003711678553 1.577914596
v -0.03842884302 -0.004009459633 1.578909278
v -0.03871344402 -0.003504286055 1.578109741
v -0.03907984123 -0.002826928161 1.577499151
v -0.03874802589 -0.003341964912 1.578232169
v -0.03909837455 -0.002707652748 1.577653766
v -0.03908635303 -0.002580712084 1.577795863
v -0.03952362761 -0.001974322833 1.577307463
v -0.04002806172 -0.001225510612 1.577211618
v -0.03950177878 -0.001884400845 1.577469349
v -0.03951924667 -0.002053780016 1.577132583
v -0.04003914073 -0.00126904482 1.577025414
v -0.03944525495 -0.002136213705 1.5768646
v -0.03999276087 -0.001289987005 1.576741457
v -0.03898031637 -0.002970882691 1.577258706
v -0.03928363323 -0.002166557126 1.576599836
v -0.03879187256 -0.003064501099 1.577017546
v -0.03904746473 -0.002132716589 1.576394916
v -0.0398606956 -0.001258198172 1.576464295
v -0.0396534428 -0.001174989622 1.576247811
v -0.04046623036 -0.0004014619626 1.576557636
v -0.04028122872 -0.0002692211419 1.576335549
v -0.04106454924 0.0003651471343 1.576779246
v -0.04057405517 -0.0004902929068 1.576841116
v -0.04115274921 0.0002255607396 1.577065945
v -0.04059853032 -0.0005230936222 1.577131987
v -0.04115486518 0.0001471680589 1.577361345
v -0.04057235271 -0.0005119508132 1.577323675
v -0.04111130536 0.0001318641007 1.577556729
v -0.04052319378 -0.0004797619767 1.57750082
v -0.03999360278 -0.001166381873 1.577383757
v -0.04104401171 0.0001420336775 1.577736974
v -0.04152417555 0.0006838319823 1.578045607
v -0.04088970274 0.0002112577204 1.578002214
v -0.04132771119 0.0007135875057 1.578311086
v -0.04168536142 0.001131887781 1.57864511
v -0.04106728733 0.0008132485673 1.578561187
v -0.04136617482 0.001198815415 1.578869104
v -0.04078902304 0.0009762221016 1.578752756
v -0.04104758054 0.001345569734 1.579025388
v -0.04052978754 0.001184052089 1.578873873
v -0.04077861831 0.001538439654 1.579117656
v -0.04030061141 0.001421258785 1.578927994
v -0.04055453837 0.001763129374 1.579152107
v -0.04010360315 0.001683416544 1.578913689
v -0.03999442607 0.0009886380285 1.578666449
v -0.03979339451 0.001246828819 1.57866466
v -0.03962397948 0.001497796038 1.57858181
v -0.03940633312 0.0006624802481 1.578418016
v -0.03922872245 0.0008806090336 1.578324437
v -0.03875124454 0.0002299975604 1.578215837
v -0.03909375891 0.001067095203 1.578148723
v -0.03859525174 0.0003887943458 1.578025579
v -0.03902355954 0.00120791723 1.57790494
v -0.03950002417 0.00171938492 1.578417301
v -0.03943645954 0.001896132948 1.578183889
v -0.0398433879 0.002226028591 1.578660727
v -0.03979368508 0.002453999827 1.578436732
v -0.04013499245 0.002570340643 1.578856468
v -0.03994899616 0.001959361834 1.57882309
v -0.04022306949 0.002289274242 1.579013824
v -0.04036613554 0.002016292652 1.579119444
v -0.04037279263 0.002553390805 1.579218149
v -0.0405418314 0.002287911251 1.579332113
v -0.04031815007 0.002752820496 1.579473138
v -0.04028457031 0.002870286349 1.579078674
v -0.04031350836 0.003303125035 1.578938603
v -0.04019600153 0.0030780097 1.579299927
v -0.04022035375 0.003453309648 1.579137564
v -0.04035263881 0.003746952163 1.579024553
v -0.04055977613 0.003978885245 1.578946471
v -0.0408487767 0.004228019156 1.578891277
v -0.04041561112 0.00348509755 1.578713417
v -0.04057255015 0.00364192063 1.578513741
v -0.04015351832 0.003079534508 1.578428864
v -0.04011521861 0.002856016625 1.578665853
v -0.03980861977 0.002631084993 1.578166962
v -0.04027669504 0.003245340427 1.578175426
v -0.03990831226 0.002744695172 1.577886462
v -0.04052086547 0.003319246229 1.577940583
v -0.04011891037 0.002782658208 1.57763052
v -0.04082819447 0.003730090568 1.578326941
v -0.04093118757 0.003266749904 1.577727199
v -0.04123918712 0.003706552088 1.578149438
v -0.04135206714 0.003144217655 1.577588201
v -0.04048768058 0.002727978397 1.577398896
v -0.04098472744 0.00257776957 1.577180505
v -0.04008333012 0.002047677292 1.577076197
v -0.03974536061 0.002103756182 1.577335
v -0.04056118429 0.001895462396 1.576816201
v -0.03961008415 0.001260057557 1.576761723
v -0.04004747793 0.001099924091 1.576492906
v -0.03901566565 0.0004058838822 1.576541662
v -0.03930538893 0.001331451349 1.577038288
v -0.039125707 0.001335997367 1.577322006
v -0.03873365 0.0005095999222 1.576847315
v -0.03809126094 -0.0003273691982 1.576855659
v -0.03857536986 0.000548500102 1.57715261
v -0.03849945217 0.0005454553757 1.577465415
v -0.0379666388 -0.0002476922236 1.577193737
v -0.03792940825 -0.0002135243267 1.577523947
v -0.03742389008 -0.001037367154 1.577474475
v -0.03745054826 -0.0009597805329 1.577803373
v -0.03700843826 -0.001764388289 1.577963114
v -0.03748232871 -0.001167396549 1.577109694
v -0.03698878735 -0.001962997951 1.577602148
v -0.03770628944 -0.001393670682 1.576708198
v -0.0381147787 -0.001709627453 1.576336265
v -0.03835619986 -0.000483954791 1.576501608
v -0.03714933619 -0.00227057375 1.577191591
v -0.03752465919 -0.002666607033 1.576811194
v -0.03787564859 -0.002891955432 1.576693296
v -0.03820939362 -0.003017689567 1.576720476
v -0.03845603019 -0.001911017112 1.576228142
v -0.03876288608 -0.002042641863 1.5762707
v -0.03910658136 -0.0009044264443 1.57607317
v -0.03975932673 5.247443914e-05 1.576158881
v -0.03939430416 -0.001051900908 1.576114297
v -0.03877651319 -0.0007245838642 1.576171517
v -0.03943595663 0.0002196447458 1.576252699
v -0.04003792629 -0.0001116269268 1.576197505
v -0.04065661132 0.0007408512756 1.576422572
v -0.04089298472 0.00054455176 1.57655704
v -0.04037766531 0.0009292878676 1.5763942
v -0.04121573269 0.001501830993 1.576732039
v -0.04145789146 0.001269668574 1.5768646
v -0.04170393571 0.002173334826 1.577106714
v -0.04091897979 0.00171528291 1.576711059
v -0.041378472 0.002397208009 1.577083945
v -0.04175376147 0.002990757581 1.577503562
v -0.0420287326 0.003472232027 1.577970624
v -0.0420887731 0.002782681724 1.577530742
v -0.04233554378 0.003275361145 1.577997804
v -0.0423421897 0.002529238816 1.577664614
v -0.04255696014 0.00301635731 1.578119874
v -0.04248820245 0.002258751309 1.57788372
v -0.04195997119 0.00192002696 1.577240109
v -0.04212233797 0.00167048024 1.5774647
v -0.04217621312 0.001450846205 1.577749372
v -0.04162390158 0.001048904611 1.577087402
v -0.04169662669 0.0008648887742 1.577374697
v -0.04167651385 0.0007427216042 1.577670217
v -0.0421304442 0.001285321545 1.578036666
v -0.04161339626 0.0006996029988 1.577865481
v -0.04204558954 0.001205770066 1.578224301
v -0.04233194888 0.00166601385 1.578598261
v -0.04193155095 0.001153322868 1.578396082
v -0.04220145196 0.00157673331 1.578756928
v -0.04192876816 0.001507199602 1.578978539
v -0.04233188182 0.001961924136 1.579103708
v -0.04246603325 0.002073483076 1.578952312
v -0.04233116657 0.002374025527 1.579473615
v -0.04207224771 0.00186406658 1.579306364
v -0.04212245345 0.002233951353 1.579641819
v -0.04174875468 0.001861179713 1.57947731
v -0.04158404469 0.001539684832 1.579168081
v -0.0418728888 0.00216334546 1.57978034
v -0.04141953588 0.00196018233 1.579578996
v -0.04157178104 0.002190889325 1.579877257
v -0.04125022516 0.001670248806 1.579286098
v -0.04113425687 0.002116021467 1.579621315
v -0.04097896069 0.001849479042 1.579345107
v -0.04125784338 0.002311828779 1.579934597
v -0.04088890553 0.002275756095 1.579645038
v -0.04056658968 0.002524065319 1.579699755
v -0.04075254127 0.002055914607 1.579365373
v -0.04103757069 0.002389248228 1.579981804
v -0.04081225023 0.00242928951 1.58005774
v -0.04120236263 0.002430267399 1.580244899
v -0.04104572907 0.002410417423 1.580353498
v -0.04136510193 0.002418705728 1.580147982
v -0.04137067869 0.002534333151 1.580401301
v -0.0415571332 0.002733157948 1.580428958
v -0.04150222614 0.002531180158 1.580256462
v -0.04125861079 0.002507457975 1.580543756
v -0.04147087038 0.002719476819 1.580578089
v -0.04162540659 0.003008432919 1.580529094
v -0.04170627519 0.003356612287 1.580439687
v -0.04170140997 0.003003941849 1.58038795
v -0.04181243107 0.002971691545 1.580226421
v -0.04178711772 0.003347450169 1.580305934
v -0.04190672562 0.003290265333 1.580143809
v -0.04178792238 0.003753739642 1.580217123
v -0.0416245386 0.00420227088 1.580241323
v -0.04193270206 0.00374437659 1.58002007
v -0.04170515761 0.003764254507 1.58033967
v -0.04233521596 0.003240678925 1.579610586
v -0.04210625961 0.003999174573 1.579712629
v -0.04159461334 0.004476848058 1.580140233
v -0.04163264856 0.004788365215 1.579923511
v -0.04167710245 0.004921304528 1.579641342
v -0.04158245027 0.00492630573 1.579240441
v -0.04220820591 0.004140583333 1.579428792
v -0.04219477251 0.004250648897 1.579043746
v -0.04252849147 0.003595818067 1.579177976
v -0.04271880165 0.003140202258 1.578777313
v -0.04246118665 0.003441825975 1.579389691
v -0.04251667857 0.003776167287 1.578885078
v -0.04239844158 0.003904475365 1.578639627
v -0.04265389219 0.003400160465 1.578584671
v -0.04248946905 0.003643668722 1.578445673
v -0.04225312173 0.003818767844 1.578417778
v -0.04188198969 0.003981043119 1.578481555
v -0.04164156318 0.003605047707 1.57804215
v -0.04143934697 0.004134304821 1.57857573
v -0.0420758687 0.004223541822 1.578714132
v -0.04163493589 0.004471573513 1.578739643
v -0.04133246839 0.004735088907 1.578889251
v -0.04107290506 0.00417794846 1.578702569
v -0.04268400744 0.002907585818 1.578967333
v -0.04266704991 0.002456524409 1.578549504
v -0.04258840904 0.002689190442 1.579164505
v -0.04257624969 0.002215187531 1.578787088
v -0.04246859998 0.002520170994 1.579326034
v -0.04221935198 0.002997571602 1.579770803
v -0.04209990799 0.002778010676 1.579882979
v -0.04193517938 0.002556361258 1.579970002
v -0.04167096689 0.002716699382 1.58026886
v -0.04175516218 0.002405243693 1.580020308
v -0.04158889502 0.002340178937 1.580033302
v -0.04243495688 0.001784371212 1.578423023
v -0.04251176864 0.001999148633 1.578153729
v -0.0426720418 0.002733495552 1.578315616
v -0.03852531314 -0.00307847606 1.576831222
v -0.0371001251 -0.001629401464 1.578261256
v -0.03685563058 -0.002193360124 1.578823447
v -0.03722100332 -0.001532487571 1.578505754
v -0.03753754124 -0.0009157541208 1.578092813
v -0.03700432554 -0.002042641398 1.579018831
v -0.03686865419 -0.002424384002 1.579611778
v -0.03797438741 -0.0002196351998 1.577831507
v -0.03768272325 -0.0009096376598 1.578339577
v -0.03809569031 -0.0002763075754 1.578096151
v -0.03827850521 -0.0003910749219 1.578292847
v -0.03850642592 0.0004952668678 1.577765942
v -0.03903366253 0.001296576345 1.577618957
v -0.03944795206 0.002019762527 1.577902794
v -0.03954658657 0.002087903209 1.577608824
v -0.03901046515 -0.002351288218 1.578009725
v -0.03768069297 -0.004731850233 1.580954075
v -0.03736427426 -0.002111807466 1.581297636
v -0.03766311705 -0.002049267758 1.58123064
v -0.03756448254 -0.002208410297 1.580878258
v -0.03795494884 -0.00209952658 1.58122015
v -0.03783931583 -0.002261097077 1.580890059
v -0.03819546103 -0.002243622672 1.581282377
v -0.03807008639 -0.002413685434 1.580934763
v -0.03836028278 -0.002455320675 1.581410646
v -0.03832837939 -0.002066818532 1.581538916
v -0.03849392757 -0.002258562949 1.581681252
v -0.03861543909 -0.00248034345 1.581869602
v -0.0386268273 -0.002073540818 1.581869841
v -0.03847533837 -0.0027128933 1.5815804
v -0.03835168853 -0.00294160936 1.581129313
v -0.03855400905 -0.003006729763 1.581793785
v -0.03856644779 -0.003297653981 1.582038164
v -0.03843120486 -0.003279369324 1.581281424
v -0.03843979537 -0.003624711651 1.581457853
v -0.03834015131 -0.003457878716 1.580610037
v -0.03825725615 -0.003096066881 1.58054018
v -0.03813969716 -0.002780541312 1.580489635
v -0.03823326528 -0.002648949623 1.581019402
v -0.03812593967 -0.002771414351 1.579892755
v -0.03798446804 -0.002519843169 1.580452323
v -0.03797374666 -0.002494852059 1.579899192
v -0.03777074069 -0.002341879066 1.580423355
v -0.03777401894 -0.002289942466 1.579894066
v -0.03786789626 -0.002084539272 1.579390049
v -0.03806342185 -0.002309268806 1.579362035
v -0.03851007298 -0.003477913328 1.582216263
v -0.03861807287 -0.003170690965 1.582783222
v -0.03872178495 -0.002748141065 1.583255172
v -0.03715379164 -0.003861917648 1.583023906
v -0.04003249109 -0.00137480488 1.582871318
v -0.03958057612 -0.001326415222 1.583472371
v -0.04002990574 -0.001059347764 1.583080173
v -0.0399658531 -0.0007808976807 1.583281755
v -0.04052712768 -0.000709626358 1.58255136
v -0.04093205184 -0.0003632977605 1.581905961
v -0.04048054293 -0.000415223185 1.582704067
v -0.04062056169 -0.0009676236659 1.582437396
v -0.04104967415 -0.0006413953379 1.581867337
v -0.04088088498 -0.001191193704 1.582427502
v -0.04127572477 -0.000903934706 1.581897259
v -0.04039621726 -0.001568074804 1.582743883
v -0.04112838209 -0.001508142799 1.582318306
v -0.04144598916 -0.0012823781 1.581828475
v -0.04127535224 -0.001934206579 1.582045078
v -0.04070880264 -0.001813753974 1.58265233
v -0.04097141325 -0.002148374449 1.582345843
v -0.04035200924 -0.002207467798 1.582751751
v -0.04067323729 -0.002435701434 1.582478404
v -0.04012499005 -0.002605265472 1.582684755
v -0.04002870247 -0.001993157435 1.582810163
v -0.04043535143 -0.002749735489 1.582445383
v -0.03996092454 -0.00298536662 1.582474589
v -0.04028470442 -0.003080632538 1.5822438
v -0.0398680754 -0.003373470623 1.58212316
v -0.04019479454 -0.003390728496 1.581915617
v -0.03980882093 -0.003696260974 1.581622124
v -0.03940065578 -0.003173226025 1.58221972
v -0.03932370991 -0.003594320267 1.581686258
v -0.03911187872 -0.002943254542 1.58212328
v -0.03900499269 -0.003378963098 1.581625938
v -0.03894806281 -0.00269328896 1.581892371
v -0.03882551566 -0.003082337789 1.581470609
v -0.03909114748 -0.002318335231 1.582081199
v -0.03870805353 -0.002711157314 1.581228495
v -0.03878995031 -0.003359768074 1.580865383
v -0.03883292899 -0.00341730658 1.580285549
v -0.03866588324 -0.003024233971 1.58072114
v -0.0389989987 -0.003657039255 1.580961227
v -0.03906136379 -0.003687818535 1.580299854
v -0.03934235126 -0.003834518138 1.581018686
v -0.03981341422 -0.003862092737 1.581032634
v -0.03943483159 -0.003845930565 1.580352426
v -0.03989941254 -0.003842323553 1.580432653
v -0.03954675049 -0.003646720666 1.579786897
v -0.03965017572 -0.003313420806 1.579344153
v -0.04000561684 -0.003668525256 1.579897165
v -0.03916601837 -0.003489509225 1.579752922
v -0.03890067339 -0.003233976196 1.579816222
v -0.03926962987 -0.003146189265 1.579336405
v -0.03895300627 -0.002892539836 1.579450488
v -0.03938728571 -0.002728410531 1.578993559
v -0.03976765648 -0.002901622094 1.578983426
v -0.04022210464 -0.003014030401 1.579087615
v -0.03993019089 -0.002441650257 1.578723192
v -0.04036204889 -0.002567683812 1.578834295
v -0.04060488939 -0.002614156343 1.578948617
v -0.04051457345 -0.002071387134 1.578717828
v -0.04073519632 -0.00213256618 1.578840375
v -0.04082036018 -0.002157625277 1.578895807
v -0.04088256508 -0.001600301359 1.578852892
v -0.04093677551 -0.001736973878 1.57890594
v -0.04103234783 -0.0009839301929 1.579031706
v -0.04119466245 -0.001132347621 1.579206824
v -0.04111350328 -0.0003162268549 1.579461932
v -0.04125887528 -0.0005153203383 1.579626441
v -0.04111017659 0.0002045754809 1.580189347
v -0.04123094678 -4.536518827e-05 1.580322027
v -0.04088806361 0.0004082485102 1.580053926
v -0.04102015123 0.0004171226174 1.581102014
v -0.0411202535 0.0001204782166 1.581161499
v -0.04081055149 0.000677766744 1.581011176
v -0.0407990478 0.0002607970964 1.582012296
v -0.04088360444 -5.280319601e-05 1.581979275
v -0.04039337859 -9.235553443e-05 1.582799554
v -0.04119160771 -0.0001979218796 1.581191301
v -0.04133855179 -0.000326577574 1.580441952
v -0.04133526981 -0.0005088350736 1.581224084
v -0.04150443524 -0.0006317142397 1.580544591
v -0.04154121131 -0.0008307523094 1.581274629
v -0.04165744409 -0.001245754305 1.58125937
v -0.04167926684 -0.000983286649 1.580623865
v -0.04168436676 -0.001286357641 1.580090165
v -0.04175518826 -0.001369486563 1.580670357
v -0.0417465046 -0.001497606281 1.580252171
v -0.04173125327 -0.001808812376 1.580598831
v -0.04167446867 -0.00221289508 1.580498815
v -0.04166094586 -0.001761313993 1.581143022
v -0.04171230644 -0.001816944685 1.580116391
v -0.0416364409 -0.001676700078 1.57980299
v -0.04165656865 -0.002150920685 1.580018878
v -0.04162124917 -0.002319125459 1.579983115
v -0.04158094153 -0.002023309935 1.579669356
v -0.04154734313 -0.002193438355 1.579630136
v -0.04145978019 -0.001875398215 1.579428911
v -0.04142229632 -0.002067811787 1.579378128
v -0.04152048007 -0.001474119723 1.57960546
v -0.04128813744 -0.001755106729 1.579219818
v -0.04125511274 -0.001989520621 1.579181433
v -0.04109212756 -0.001740958542 1.579034925
v -0.04135563225 -0.001290577464 1.579398513
v -0.04139709473 -0.0007416587323 1.579797626
v -0.04155888781 -0.001003437676 1.579964519
v -0.04095188901 -0.002208007034 1.578980327
v -0.04112944379 -0.002014926169 1.579076529
v -0.04103868455 -0.002266714349 1.579040408
v -0.04092965648 -0.002678695135 1.579091787
v -0.04118274152 -0.002300748602 1.579146504
v -0.04135396332 -0.002369706053 1.579334974
v -0.04108132794 -0.002705506515 1.579179645
v -0.04126013443 -0.002738850657 1.579346895
v -0.04097415134 -0.003106972668 1.579329252
v -0.04081480578 -0.003097400069 1.579270482
v -0.04117008299 -0.003081883304 1.579463243
v -0.04088962078 -0.003450300079 1.579608917
v -0.04083118215 -0.003685401287 1.580023885
v -0.04110380635 -0.003367686179 1.579707026
v -0.04071445763 -0.003451942001 1.579570889
v -0.04063750803 -0.003695235588 1.579997301
v -0.04061345011 -0.003436680418 1.579559445
v -0.04072116315 -0.003083236981 1.579247952
v -0.04046364874 -0.003397316206 1.579550862
v -0.04052704573 -0.003678257577 1.579989195
v -0.04044856876 -0.003781770822 1.580484271
v -0.04036683217 -0.003630094696 1.579984307
v -0.04030400142 -0.003741027322 1.580389738
v -0.04026461393 -0.003623043187 1.579970241
v -0.04017746076 -0.003758866806 1.580469489
v -0.04036534205 -0.003385582007 1.579532743
v -0.04010680318 -0.003387323115 1.579449534
v -0.04047762975 -0.003039416857 1.579190969
v -0.04057440907 -0.003052414395 1.579221129
v -0.04069765285 -0.002631221432 1.578992605
v -0.0408391729 -0.002661332022 1.579049826
v -0.04013304785 -0.003776388709 1.580998421
v -0.04013276473 -0.003640525043 1.581497788
v -0.04039074481 -0.003739773296 1.580970645
v -0.0405356586 -0.003742331173 1.580970407
v -0.04038374498 -0.003573739436 1.58137691
v -0.04053293541 -0.003579065204 1.581340432
v -0.04042603448 -0.003351885825 1.58169806
v -0.04052191973 -0.003108437173 1.581956029
v -0.04055311903 -0.003375287168 1.58162272
v -0.0407249704 -0.003440142609 1.581553221
v -0.04065207392 -0.003167123999 1.581833124
v -0.04085253924 -0.003314117901 1.581653476
v -0.04080904275 -0.002935717814 1.581982613
v -0.04099623859 -0.002722160425 1.582000971
v -0.04067347571 -0.002845513634 1.582134247
v -0.04102708399 -0.003120584413 1.581746817
v -0.04118281603 -0.002910760231 1.581779003
v -0.04119442403 -0.003298949916 1.581412196
v -0.04099421203 -0.003486730158 1.581359982
v -0.0412443243 -0.003386856988 1.581033826
v -0.04135591537 -0.003066476434 1.581457257
v -0.04144008458 -0.002761997283 1.581554294
v -0.04141744599 -0.003120562062 1.581097722
v -0.04142326862 -0.003120390698 1.580698013
v -0.04153049737 -0.002777982969 1.581210732
v -0.041541446 -0.00245915167 1.581335306
v -0.04155031592 -0.002777150366 1.580806136
v -0.04160688072 -0.002453957219 1.580918074
v -0.04156337306 -0.00271336548 1.580363631
v -0.04163712636 -0.00241086958 1.580446124
v -0.04143685848 -0.003050846979 1.580271363
v -0.04155329615 -0.002587535419 1.579937458
v -0.0414420031 -0.00291080121 1.579889178
v -0.04148421437 -0.002464153338 1.579594493
v -0.04138887674 -0.002792541403 1.579587698
v -0.0412982218 -0.003034727648 1.579604387
v -0.04129193351 -0.003187417053 1.579819798
v -0.04127018154 -0.00333880214 1.580180287
v -0.04106632248 -0.003563810606 1.580091238
v -0.04125119746 -0.003409235273 1.580616236
v -0.0410370864 -0.003641110379 1.580555677
v -0.04078487679 -0.003777795006 1.580515981
v -0.04102966189 -0.003600405995 1.580991149
v -0.04077097401 -0.003730777651 1.580972075
v -0.04077359289 -0.003595920745 1.581323862
v -0.04057385027 -0.003793956246 1.580497265
v -0.04163005948 -0.002232999541 1.580994248
v -0.04153237864 -0.002247217577 1.581426382
v -0.04135965183 -0.002305075992 1.581783652
v -0.04150890186 -0.001797431614 1.581629395
v -0.04112500325 -0.002421741839 1.582029581
v -0.04140162095 -0.002484548837 1.581679702
v -0.04119827226 -0.002554580104 1.581906796
v -0.04129076749 -0.002729703672 1.581774473
v -0.04088488594 -0.0026122774 1.582149148
v -0.03868824989 -0.002574536484 1.579712391
v -0.03868851438 -0.002933856566 1.580041528
v -0.03855577111 -0.002196925692 1.580130219
v -0.03858408704 -0.002623233479 1.580449581
v -0.03870731592 -0.003166402224 1.580319524
v -0.03975282982 -0.0007179509848 1.578851461
v -0.03947260231 -0.001157890074 1.578803778
v -0.03947624564 -0.002033118159 1.582714677
v -0.0396383889 -0.001989392098 1.58275342
v -0.03968271613 -0.002276289742 1.582713366
v -0.03953300044 -0.002391525079 1.582608938
v -0.03946338966 -0.002172719222 1.582578778
v -0.03943315148 -0.002356748562 1.582508326
v -0.03937560692 -0.002062555868 1.582553983
v -0.03935264423 -0.002136321738 1.582427382
v -0.03921370953 -0.002028266899 1.582170129
v -0.03929615766 -0.002022722736 1.582406163
v -0.03928247467 -0.001930238679 1.58225131
v -0.03928105161 -0.002272273414 1.582336664
v -0.0392238386 -0.001816390082 1.582114935
v -0.03923422843 -0.001730967779 1.582081079
v -0.03883266822 -0.001347616315 1.581887126
v -0.03910272568 -0.001442667563 1.581863165
v -0.03885166347 -0.001311392989 1.581871629
v -0.03908729553 -0.001605027821 1.581921697
v -0.03912831098 -0.001884831581 1.581994176
v -0.03902693465 -0.001798779704 1.581817627
v -0.038968537 -0.001428255346 1.581769824
v -0.03871072456 -0.0009327004664 1.581701159
v -0.03876887262 -0.001123738475 1.581791282
v -0.03888230026 -0.00128140999 1.581612587
v -0.03881092742 -0.001146750525 1.581429958
v -0.03892585263 -0.001715652179 1.581611991
v -0.03882814944 -0.001637286507 1.581377029
v -0.03879197687 -0.002100235783 1.581395268
v -0.03868943453 -0.002051753458 1.581080079
v -0.03873822838 -0.001582390163 1.581103325
v -0.03866047785 -0.001560153905 1.580777287
v -0.03877183795 -0.001078798436 1.581166506
v -0.03874116763 -0.001098719891 1.58083117
v -0.03882488236 -0.0006715911441 1.580861807
v -0.03871085867 -0.001115209423 1.580451488
v -0.03883945197 -0.000715227332 1.580488801
v -0.03895433247 -0.0003883759491 1.580519438
v -0.03888203576 -0.0007298109122 1.580097914
v -0.03903688863 -0.0003735250793 1.580194831
v -0.03915620968 -5.756411701e-05 1.580367804
v -0.03932054713 -2.305302769e-05 1.580026627
v -0.03916118294 -0.0003789914772 1.579840302
v -0.03930582851 -0.0004440573975 1.579491615
v -0.03914000839 -0.000814451836 1.579365253
v -0.03898661584 -0.000752819702 1.57971549
v -0.03919967636 -0.001239414327 1.579010725
v -0.03930626065 -0.0009070173837 1.579078913
v -0.03899926692 -0.001190200448 1.579283476
v -0.03882937506 -0.001147571951 1.579635739
v -0.03872386739 -0.001557199284 1.579584479
v -0.03890913725 -0.001571705099 1.579234004
v -0.03914001957 -0.001578245778 1.578964472
v -0.03887697309 -0.001959694549 1.579211831
v -0.03912436962 -0.001926681027 1.578947425
v -0.03915314376 -0.002277195919 1.578972936
v -0.03941196576 -0.002183343284 1.578776717
v -0.03938666359 -0.001862607431 1.578751206
v -0.03937984258 -0.001548968256 1.578773022
v -0.03960486501 -0.001446009148 1.578659177
v -0.03964196146 -0.001749320887 1.578623295
v -0.03994373977 -0.00189153431 1.578573704
v -0.03988034278 -0.00157015631 1.57856679
v -0.0396788232 -0.002058631741 1.578640938
v -0.04001327977 -0.00100099016 1.578647852
v -0.04011170939 -0.001339124516 1.578575611
v -0.03981205821 -0.001255616546 1.578620791
v -0.04021108523 -0.001685081981 1.578576565
v -0.04048692062 -0.001451785211 1.578644633
v -0.04035165906 -0.001072898507 1.578652024
v -0.04060725495 -0.0007856548764 1.578810334
v -0.04042831436 -0.0003831801005 1.578949094
v -0.0402136445 -0.000701833982 1.578751683
v -0.04067113623 -8.756341413e-05 1.579249263
v -0.04046152905 0.0002699156757 1.579533935
v -0.04025198892 -2.942467108e-05 1.579191208
v -0.04007098451 -0.0003673066385 1.578949809
v -0.03992268816 -8.680392057e-05 1.579232693
v -0.04009057209 0.0002521807328 1.579517126
v -0.04026380181 0.0005448614247 1.579898119
v -0.03993148729 0.0004580582026 1.579892635
v -0.04006707296 0.0007302814629 1.580307484
v -0.03984226286 0.0008117551915 1.580718398
v -0.04018516839 0.0008968552575 1.580806851
v -0.03990001976 0.0009258871432 1.581219196
v -0.03958377987 0.0008409922011 1.581576705
v -0.03956661001 0.000793495914 1.582067847
v -0.03993501142 0.0009023849852 1.581750154
v -0.04028974846 0.000903513981 1.58136189
v -0.04038300365 0.000731531065 1.581919432
v -0.03996016458 0.0007304048631 1.582266569
v -0.0399742946 0.0004261133727 1.582741141
v -0.03953718767 0.000634086784 1.582536936
v -0.03950493038 0.0003697457723 1.582966328
v -0.03899976984 -5.758320913e-05 1.583438158
v -0.03907976672 0.0002423785627 1.583103061
v -0.03945967928 1.921411604e-05 1.583343744
v -0.03977616876 -0.0003129653633 1.583435416
v -0.03992275894 5.527865142e-05 1.583141685
v -0.03936927021 -0.0003531463444 1.583633065
v -0.0389232412 -0.0004111062735 1.583714247
v -0.03883507475 -0.0007728212513 1.58391273
v -0.03922955319 -0.0006962870248 1.583814025
v -0.03958928585 -0.0006488342769 1.583624601
v -0.03941083327 -0.0009512379766 1.583735943
v -0.03907632455 -0.0010107751 1.583909512
v -0.03892698511 -0.001323686913 1.583946943
v -0.03871329501 -0.001123205293 1.584017277
v -0.03857048228 -0.001481471118 1.584046245
v -0.03843265772 -0.001856496558 1.58401978
v -0.03820079193 -0.001697383355 1.584074855
v -0.03808395565 -0.00211163424 1.584028244
v -0.0377446115 -0.002395885065 1.583951712
v -0.03766743094 -0.002829351928 1.583822131
v -0.03798528016 -0.002526075114 1.58392334
v -0.0383131355 -0.00224177679 1.583941698
v -0.03791031614 -0.00292935688 1.583762646
v -0.03821690753 -0.002622644883 1.583814502
v -0.03843361139 -0.002693893854 1.583641171
v -0.0381465964 -0.002988288645 1.58363533
v -0.0385251008 -0.002352821175 1.58378768
v -0.03895724565 -0.001821618527 1.583770752
v -0.03864249587 -0.002001840621 1.583887219
v -0.03882199153 -0.00213861838 1.583693504
v -0.03896137699 -0.002263356 1.583439827
v -0.03871161863 -0.002450737171 1.583570361
v -0.03908663616 -0.001981414855 1.583545923
v -0.03943318129 -0.00167166302 1.583384514
v -0.03922952712 -0.001707989257 1.583601475
v -0.03928917646 -0.001893803477 1.583354473
v -0.03940779716 -0.001880157273 1.583127022
v -0.0391610004 -0.002129555214 1.583267093
v -0.03928908333 -0.002054155804 1.583062887
v -0.03925525025 -0.002132756636 1.582820058
v -0.03918482736 -0.002223894931 1.582968116
v -0.03934575617 -0.002025273629 1.582863092
v -0.0390550904 -0.002350488212 1.583133101
v -0.03896510974 -0.002542600967 1.582983255
v -0.03908542916 -0.002377177123 1.582875013
v -0.0390740484 -0.002368544694 1.582697868
v -0.03898760304 -0.002523266245 1.582774758
v -0.0391645059 -0.002247826662 1.582769871
v -0.03887565807 -0.002713888418 1.582834482
v -0.03879092261 -0.002870330587 1.582674503
v -0.03889842331 -0.002663109917 1.582649589
v -0.03898108751 -0.002476870082 1.58258462
v -0.03881409764 -0.002775146626 1.582477689
v -0.03888238594 -0.002550650854 1.582414746
v -0.03877872601 -0.002585332375 1.582207203
v -0.03880597651 -0.002365804277 1.58215332
v -0.03891956806 -0.002343159635 1.582324862
v -0.0389303267 -0.002161820419 1.582242727
v -0.03902727365 -0.00230111042 1.582479596
v -0.03904007375 -0.00214614626 1.582366109
v -0.03914295137 -0.002118674107 1.582469821
v -0.03914466873 -0.002009721473 1.582347989
v -0.039038077 -0.00201156782 1.582269192
v -0.03892670572 -0.002006453928 1.582174301
v -0.03904199228 -0.001884706318 1.582187533
v -0.03892572597 -0.001863594167 1.582116604
v -0.03880797327 -0.001843059901 1.582029343
v -0.0388113074 -0.001698230859 1.581998467
v -0.03893946111 -0.001726452261 1.582064033
v -0.03906265646 -0.001763579436 1.582111359
v -0.03896872699 -0.001599092968 1.582004428
v -0.0390984714 -0.001650952268 1.582027555
v -0.03914547712 -0.00154391164 1.581931114
v -0.03921996802 -0.001710041426 1.582047462
v -0.03928410634 -0.001846540254 1.582163453
v -0.0391805321 -0.001809438691 1.582144856
v -0.03901129216 -0.001486220397 1.581924438
v -0.03907811269 -0.001392110251 1.58182919
v -0.03882714361 -0.001562730875 1.581964493
v -0.03885735199 -0.001442524139 1.58191669
v -0.03867719695 -0.001415809616 1.581890106
v -0.0387218073 -0.001330953091 1.581874728
v -0.03892684728 -0.001369331963 1.581859469
v -0.03866781294 -0.001541855279 1.581904888
v -0.03847101331 -0.001400494482 1.581854582
v -0.03848576546 -0.001531775575 1.581838965
v -0.03851070255 -0.001669063233 1.581824422
v -0.03827935457 -0.001534909476 1.581784844
v -0.03832173347 -0.001672041602 1.581736326
v -0.03836321458 -0.001818814315 1.581690073
v -0.03816565499 -0.001835401636 1.581572652
v -0.03810846061 -0.001695390325 1.581660151
v -0.03787630424 -0.001754669007 1.581594706
v -0.0378100127 -0.001644107513 1.58173275
v -0.03805164248 -0.001565718092 1.581751823
v -0.03775535151 -0.001532729249 1.581881285
v -0.03756839037 -0.001777044032 1.581714869
v -0.03751679882 -0.001692042686 1.581905365
v -0.03729143739 -0.001903285272 1.581908703
v -0.03726293519 -0.001821973361 1.582162499
v -0.03748502582 -0.00158943655 1.582116127
v -0.03771826625 -0.001413545106 1.58204174
v -0.03770097718 -0.001276463736 1.582208276
v -0.03747688606 -0.00145957619 1.582341194
v -0.03750233352 -0.001299283002 1.582555532
v -0.03729910403 -0.001554028131 1.582685351
v -0.03726257384 -0.001705839299 1.582430959
v -0.03738021478 -0.001363482792 1.582919598
v -0.03711233661 -0.001855704933 1.582738042
v -0.03720159829 -0.001671842765 1.583003402
v -0.03703634068 -0.002013233956 1.583022952
v -0.03718248755 -0.001796785276 1.583289981
v -0.03734599799 -0.001442672685 1.583236337
v -0.03754687309 -0.001184732653 1.583426237
v -0.03771512955 -0.0008760034107 1.583275318
v -0.03751849756 -0.001130628865 1.583122015
v -0.03787878901 -0.0006250110455 1.58306253
v -0.03796075284 -0.0006243521348 1.583382964
v -0.03810991719 -0.0003847694024 1.583142281
v -0.03824333847 -0.0002093343064 1.582837701
v -0.0385036245 3.244960681e-05 1.582857609
v -0.03838538006 -0.0001522270031 1.583180308
v -0.03870803118 6.216531619e-05 1.583168626
v -0.0385963805 -0.0001994883642 1.583466649
v -0.03825319186 -0.0003940868191 1.583447337
v -0.03860300407 0.0001494246535 1.58249712
v -0.03888596594 0.0003898006398 1.582435131
v -0.03880648315 0.0002626194619 1.582819819
v -0.03895012662 0.0004353027325 1.582033753
v -0.03925807029 0.0006655198522 1.58185029
v -0.03920943663 0.0006106470246 1.582296252
v -0.03875654191 0.0001194593497 1.581765652
v -0.03868405893 0.0001801846083 1.582128167
v -0.03900403902 0.0003983553033 1.58163476
v -0.03903765604 0.0002723371144 1.58126092
v -0.03928462788 0.0006209269632 1.581408501
v -0.03927147761 0.0004626938608 1.580994725
v -0.0395196639 0.0005729424302 1.580659389
v -0.03943715245 0.0002982639708 1.580296397
v -0.03922916204 0.000222799601 1.580637932
v -0.03904537112 7.331604138e-05 1.580923796
v -0.03889491782 -0.000188824255 1.581117988
v -0.03883512691 -1.744600013e-05 1.581428289
v -0.03871728852 -0.0003945911303 1.58151269
v -0.03858342767 -0.0001836689189 1.581822157
v -0.03849281743 -0.0004714457318 1.581847787
v -0.03832000867 -0.0003517195582 1.582136989
v -0.03847038001 -8.598715067e-05 1.582152367
v -0.03817326576 -0.0003543486819 1.582452893
v -0.03804207593 -0.000590573065 1.582382917
v -0.03823202103 -0.0005957717076 1.582102776
v -0.03846150637 -0.0007127798162 1.581867814
v -0.03846974298 -0.000918561127 1.581886172
v -0.03818932176 -0.0008017304353 1.582062244
v -0.03793043271 -0.0009934026748 1.582184196
v -0.03796232492 -0.000801785849 1.582291365
v -0.03818162531 -0.0009793206118 1.582009435
v -0.03848843277 -0.001191444229 1.581884742
v -0.0381937474 -0.00113445241 1.581948996
v -0.03849134967 -0.001086290926 1.581893802
v -0.03796174377 -0.001308278646 1.581959605
v -0.03821476549 -0.001270677894 1.581894636
v -0.03793668002 -0.001165564172 1.582069635
v -0.03776557744 -0.0009125201032 1.582532048
v -0.03787065297 -0.0006868080236 1.582676291
v -0.03836277127 -0.0001032561995 1.582495809
v -0.03803062439 -0.0004490190186 1.582777858
v -0.03780440614 -0.0009257569909 1.583568335
v -0.03811881319 -0.0006926129572 1.583662868
v -0.0384927243 -0.0005158828571 1.583713651
v -0.03840940446 -0.0008849273436 1.583911777
v -0.03799954429 -0.001056008041 1.583833337
v -0.03765727952 -0.001286546234 1.583700418
v -0.03790868819 -0.001483649947 1.583955288
v -0.03754160553 -0.001709098928 1.583779693
v -0.03715736791 -0.002396269236 1.583538651
v -0.0374686271 -0.002181718592 1.583810091
v -0.03725274652 -0.001951914746 1.583552241
v -0.03710427135 -0.002876996528 1.583471537
v -0.03692226484 -0.002590530086 1.583224893
v -0.0368408002 -0.003030703403 1.583101392
v -0.03665069118 -0.00314591825 1.582700491
v -0.0367966108 -0.003496523947 1.582896352
v -0.03657814488 -0.003552009817 1.582433701
v -0.03654923663 -0.003967520315 1.582070231
v -0.03643736988 -0.003557184245 1.581953764
v -0.03638622537 -0.003895172384 1.581537485
v -0.03630610555 -0.004005888943 1.580464125
v -0.0363083221 -0.003767532762 1.581011772
v -0.03639896959 -0.004228372592 1.581023335
v -0.03648264706 -0.004500637297 1.580412984
v -0.03661990911 -0.004608027171 1.581027389
v -0.03656202182 -0.004339129198 1.581597686
v -0.03680642694 -0.00457866909 1.58161056
v -0.03674062341 -0.004768941086 1.580392957
v -0.03689473122 -0.004777498078 1.581020832
v -0.03704952076 -0.004886592273 1.580389261
v -0.03720583394 -0.004837408196 1.5810045
v -0.03709212318 -0.00468830904 1.581593156
v -0.03703206405 -0.004453062546 1.582134843
v -0.03728172928 -0.004247548524 1.582587957
v -0.03731738031 -0.004515375476 1.582095027
v -0.03760630637 -0.004488470498 1.582025647
v -0.03739545122 -0.004700570833 1.581552029
v -0.0375588052 -0.00426797336 1.582520843
v -0.03782224655 -0.003659661859 1.58323133
v -0.03754715249 -0.00397544587 1.582958698
v -0.03781165555 -0.003964654636 1.582857132
v -0.0380718857 -0.003632267006 1.583083987
v -0.03783162683 -0.004210587125 1.582418442
v -0.03806804493 -0.003888262901 1.582710624
v -0.03831067681 -0.003547505941 1.582877755
v -0.03831056878 -0.003738333005 1.582507968
v -0.03809737414 -0.004074851517 1.582273483
v -0.0379890725 -0.004438829143 1.581395864
v -0.03788994253 -0.004376596306 1.581926823
v -0.03816214949 -0.004167536739 1.581782222
v -0.03833799064 -0.003935091663 1.58163631
v -0.03832834587 -0.003862788435 1.582085848
v -0.03823038191 -0.00417876849 1.581271887
v -0.03821346164 -0.00429827394 1.580328822
v -0.03827130795 -0.00414689118 1.58077538
v -0.03810862452 -0.004400885198 1.580850363
v -0.03833685815 -0.003946822602 1.580721974
v -0.03833612055 -0.003964635078 1.581179261
v -0.03830065206 -0.004077804741 1.580301046
v -0.0382973291 -0.004153590184 1.579847813
v -0.03838697821 -0.003962957766 1.579407573
v -0.03834577277 -0.00395428529 1.579853058
v -0.03835172951 -0.003662590869 1.579862833
v -0.03841104358 -0.003749276977 1.579445481
v -0.03834119439 -0.003853552509 1.580275893
v -0.03861162066 -0.00341586303 1.578680396
v -0.03848492354 -0.003454734571 1.579096198
v -0.03849507868 -0.003721784335 1.579014659
v -0.03837611154 -0.003398154862 1.57950151
v -0.03855885565 -0.003102498595 1.578811407
v -0.03841026872 -0.003091234248 1.579193711
v -0.03828434274 -0.003029772546 1.579553604
v -0.03829245269 -0.002746257931 1.57927537
v -0.03844980523 -0.002756299917 1.578939199
v -0.03871354833 -0.002332944423 1.578426123
v -0.03849964216 -0.002404228318 1.578738451
v -0.03863257542 -0.002724159509 1.578588605
v -0.03834297881 -0.002113379072 1.578855991
v -0.038562987 -0.002039357554 1.578586698
v -0.03831136599 -0.00243925117 1.579043746
v -0.03863667697 -0.001666131429 1.578477144
v -0.0389110595 -0.001535706688 1.578261971
v -0.03880760446 -0.001935558394 1.57831943
v -0.03933326155 -0.0009566391818 1.578108311
v -0.03901973367 -0.001132253092 1.578244448
v -0.0392039679 -0.001375566237 1.578066707
v -0.03907479718 -0.001794346608 1.578067183
v -0.03935739771 -0.001606295351 1.577840447
v -0.0395093821 -0.001179138664 1.577900767
v -0.03965663537 -0.0007564127445 1.578003526
v -0.03982405365 -0.0009522242472 1.577772498
v -0.03998704627 -0.0005384334363 1.577934861
v -0.04031920433 -0.000310739968 1.577894926
v -0.04046171531 6.844615564e-05 1.578123808
v -0.04013182968 -0.0001341649331 1.578123212
v -0.03979788721 -0.0003375383094 1.578139067
v -0.04024824128 0.0002564999741 1.578326702
v -0.03992457688 7.586646825e-05 1.578295588
v -0.04002711549 0.0004784702323 1.578465939
v -0.03971193731 0.0003069834784 1.578400612
v -0.03959280625 -0.000114208553 1.578282356
v -0.03946362436 -0.0005364827812 1.578182578
v -0.03925736621 -0.0003065555356 1.578295827
v -0.0391349867 -0.0007225270383 1.578258157
v -0.03904802352 -7.83065334e-05 1.578332067
v -0.03938379511 0.0001177331433 1.578353763
v -0.03892495856 -0.0004913317971 1.578338146
v -0.03860120848 -0.0006678011268 1.578405023
v -0.03881551698 -0.0008930452168 1.578360796
v -0.03851090372 -0.001050597057 1.578484416
v -0.03818424419 -0.001537305303 1.578770161
v -0.03844040632 -0.001418850385 1.578581452
v -0.03822556883 -0.001199488994 1.578623652
v -0.03799740225 -0.001027982682 1.578581333
v -0.03829095885 -0.000843285583 1.578487992
v -0.03795991838 -0.001349217258 1.578772426
v -0.03794703633 -0.001649400219 1.578963995
v -0.03772353381 -0.001767755952 1.579156399
v -0.03771106154 -0.001512701623 1.578924894
v -0.03772580996 -0.001233151648 1.57868588
v -0.03748065606 -0.00146384025 1.578802705
v -0.03748181462 -0.001696842257 1.579081774
v -0.03727971017 -0.00190160377 1.579250693
v -0.03732635826 -0.002053010277 1.579552531
v -0.03751464188 -0.001901481766 1.579349875
v -0.03716287762 -0.002215755638 1.57977438
v -0.03740526736 -0.002167896368 1.579846025
v -0.03725450486 -0.002264661249 1.58009088
v -0.03737864271 -0.002274086233 1.580386043
v -0.03725973889 -0.002303635702 1.58063972
v -0.03712602705 -0.002361335792 1.580350518
v -0.03690816462 -0.002532220911 1.580299854
v -0.0370249413 -0.002377351746 1.580023646
v -0.03701687977 -0.00245314138 1.580626369
v -0.03715501353 -0.00233518891 1.580898046
v -0.0370609276 -0.002367430832 1.581167459
v -0.03692061454 -0.002538014203 1.580922723
v -0.03671307489 -0.002800455317 1.580947638
v -0.0368373096 -0.002607584931 1.581238508
v -0.03680418059 -0.00267625181 1.580607533
v -0.03677418828 -0.002651206683 1.581577301
v -0.03692097217 -0.002399438526 1.581755757
v -0.03698082268 -0.002392241266 1.58145225
v -0.03689041361 -0.002373609226 1.582077503
v -0.03709080443 -0.002146352082 1.581864834
v -0.03706264123 -0.002090601716 1.582153678
v -0.03673976287 -0.002658906393 1.581933498
v -0.03689664975 -0.002302751411 1.582405567
v -0.03674231097 -0.00261950912 1.582294226
v -0.0366031602 -0.00293306727 1.582108855
v -0.03678947687 -0.002525302116 1.582648396
v -0.03665148094 -0.002871910576 1.582503796
v -0.03660365939 -0.002936834004 1.581709981
v -0.03647788614 -0.003233742435 1.581835985
v -0.03648067638 -0.003194082063 1.581397057
v -0.03643333912 -0.003251327667 1.580556512
v -0.03637752309 -0.003412612714 1.580997229
v -0.03652749211 -0.003097356297 1.580973983
v -0.03637097403 -0.003348793369 1.580075383
v -0.03652748093 -0.003036927897 1.580162406
v -0.0364783667 -0.003062439151 1.579701185
v -0.03661419451 -0.002748844679 1.579391003
v -0.03661515191 -0.002657681704 1.578925729
v -0.03646927699 -0.003032940906 1.579199314
v -0.03651792556 -0.002955401316 1.578662395
v -0.0363586992 -0.00339541724 1.579542279
v -0.03642009199 -0.003399202134 1.57896328
v -0.03658521548 -0.003363935743 1.578350067
v -0.03657367826 -0.003898860421 1.578689098
v -0.03637679294 -0.003831910435 1.57934916
v -0.03659150377 -0.004349903669 1.579159737
v -0.03687199205 -0.00385437021 1.57804513
v -0.03686247021 -0.004309660289 1.578510523
v -0.03687594086 -0.004629701842 1.579094052
v -0.03719177097 -0.004119989928 1.577937007
v -0.03717960045 -0.004496491048 1.578480721
v -0.03753057122 -0.004251503851 1.577943206
v -0.03720426187 -0.004757160787 1.579100609
v -0.03752375394 -0.004572228994 1.578520536
v -0.03754822537 -0.004766512197 1.579149485
v -0.03787195683 -0.004280822817 1.578024268
v -0.03785926476 -0.004531610291 1.578609824
v -0.03817817196 -0.004199785646 1.578160286
v -0.03787160665 -0.004659565631 1.57921946
v -0.03814889118 -0.004380328115 1.578726411
v -0.03814161196 -0.004447594751 1.579296112
v -0.03841555119 -0.004018866923 1.578327298
v -0.03836200014 -0.00413748296 1.578853488
v -0.038560085 -0.003783111926 1.578488588
v -0.03832237795 -0.004174290691 1.579365611
v -0.03846461326 -0.003902159166 1.57895112
v -0.03888740018 -0.003182575107 1.577777267
v -0.03866224363 -0.003607583232 1.578018427
v -0.03873821348 -0.003416892141 1.578178406
v -0.03875336424 -0.003268670756 1.578282952
v -0.03891361505 -0.003041668329 1.577917337
v -0.0386037156 -0.003601144534 1.578589797
v -0.03909534216 -0.002763311844 1.577585578
v -0.03909755871 -0.002652678639 1.577718496
v -0.03930099681 -0.00234797271 1.577449322
v -0.03976766765 -0.001598056871 1.5772295
v -0.03951763362 -0.001936161425 1.577381134
v -0.03952647746 -0.002012307756 1.577229977
v -0.03977095336 -0.001659176312 1.577048063
v -0.03928952292 -0.002446738537 1.577283263
v -0.03949309513 -0.002097983379 1.577005863
v -0.03971102461 -0.001710491255 1.576770663
v -0.03920263425 -0.002559764311 1.577027321
v -0.03937498108 -0.002159603406 1.576726794
v -0.03902753815 -0.002621769905 1.576773047
v -0.03917336836 -0.002157382667 1.576488137
v -0.03956424817 -0.001709378324 1.576498628
v -0.0397650823 -0.001222385094 1.576346874
v -0.04016268253 -0.0008201333694 1.576488972
v -0.03993735462 -0.001281140372 1.576596975
v -0.0403822884 -0.0003396626562 1.576437473
v -0.04076846316 -6.785150617e-06 1.576656222
v -0.04053077102 -0.0004523741081 1.576693416
v -0.04086590931 -0.0001216665842 1.576941609
v -0.04028185084 -0.0008812458254 1.57676971
v -0.04059541598 -0.000513675157 1.576993942
v -0.04031681642 -0.0008884314448 1.577057838
v -0.04087934643 -0.0001778258011 1.577235103
v -0.04058855772 -0.0005205906928 1.577238679
v -0.04084480181 -0.0001803580672 1.577428818
v -0.04055380076 -0.000500973314 1.577404499
v -0.04029827192 -0.0008617732674 1.577247143
v -0.04025677219 -0.0008167289197 1.577422142
v -0.04047084972 -0.0004398860037 1.577625751
v -0.04078703374 -0.0001594084315 1.577607751
v -0.0412905328 0.0004230737686 1.577884316
v -0.04097722843 0.0001681649592 1.577863336
v -0.04108482599 0.000132383313 1.577639222
v -0.0411167182 0.0004743840545 1.578150749
v -0.04064984992 -7.561175153e-05 1.577871799
v -0.04078974947 0.0002699696925 1.578134298
v -0.04151909798 0.0009306860156 1.578477025
v -0.04143863916 0.000690898858 1.578172088
v -0.04120208323 0.0007545880508 1.578442454
v -0.04122767225 0.001014183974 1.578716755
v -0.04092778638 0.0008879068773 1.578665257
v -0.04088419303 0.0005904247519 1.578404307
v -0.04092698917 0.001168752322 1.578892827
v -0.04062979296 0.0007623452693 1.578604817
v -0.04065584764 0.001075715059 1.578822136
v -0.04066097736 0.001368835801 1.579000711
v -0.04038245231 0.0009772675112 1.578736544
v -0.04041140527 0.00129933306 1.578909159
v -0.04043345153 0.001599790063 1.5790447
v -0.04019751027 0.001549673732 1.578929901
v -0.04015584663 0.001220393227 1.578800201
v -0.04010303319 0.000863391906 1.578640223
v -0.03989075124 0.001117254375 1.578675151
v -0.03981159627 0.0007207447197 1.578535795
v -0.03995570913 0.001482925378 1.57879436
v -0.03970389813 0.001374660758 1.578633666
v -0.03961100802 0.0009686695412 1.578531861
v -0.03950475529 0.0005454488564 1.578432202
v -0.03918056935 0.0003459963482 1.578344822
v -0.03931353241 0.0007747139316 1.578382015
v -0.03899600729 0.0005536274984 1.578246236
v -0.03915450349 0.0009787271265 1.578246236
v -0.0394375436 0.001202123472 1.578444719
v -0.0388520658 0.0007271377835 1.578063011
v -0.03904931992 0.00114382524 1.578033924
v -0.03930817544 0.001403696602 1.578275681
v -0.03945974261 0.001813997747 1.578308225
v -0.03955540061 0.001613401342 1.578509212
v -0.03967719153 0.001996059204 1.578547597
v -0.03981117159 0.002345845336 1.578555703
v -0.03999895975 0.002409810899 1.578759074
v -0.03988964483 0.002095873235 1.578750253
v -0.040020518 0.001820837613 1.578877926
v -0.03979285434 0.001749462215 1.578710079
v -0.04009481147 0.002135592047 1.578921437
v -0.04017093778 0.002428009175 1.578939795
v -0.04028844461 0.002151431516 1.579074979
v -0.04032218829 0.002429397311 1.579110384
v -0.04044957459 0.002416128758 1.579282522
v -0.04036293179 0.00265850313 1.579341173
v -0.04031638056 0.002701742575 1.579149246
v -0.04028105363 0.003066583071 1.579007864
v -0.04023787752 0.002727968153 1.578964829
v -0.04026068747 0.002983124461 1.579190254
v -0.04019220546 0.003268618835 1.579214811
v -0.04023732245 0.002904860303 1.5793854
v -0.04027522355 0.003374570981 1.579059005
v -0.04027472436 0.003610678948 1.579075217
v -0.04034762084 0.003557918593 1.578979969
v -0.04045072198 0.003871530062 1.578981161
v -0.04067922011 0.00407514954 1.578920364
v -0.04049737751 0.003722944064 1.578835607
v -0.04048582539 0.003567503998 1.57861197
v -0.04029973224 0.003276373725 1.578573227
v -0.04035973921 0.003401547438 1.57881701
v -0.04012587667 0.00297601684 1.578552127
v -0.03998598456 0.002871124074 1.578294396
v -0.04020316154 0.003170639509 1.578301191
v -0.04009545594 0.003015325172 1.578026175
v -0.04037783667 0.003297348507 1.578056097
v -0.04043681175 0.003443398513 1.578338265
v -0.04032270238 0.00307074422 1.577779293
v -0.04068903252 0.003531066235 1.578123212
v -0.0407140553 0.003306438215 1.577827334
v -0.04110582545 0.003493696218 1.577925444
v -0.04114418849 0.003210331779 1.577649713
v -0.04071383551 0.00301402621 1.577556372
v -0.04073589668 0.002660478 1.577281356
v -0.0402806662 0.002768480219 1.577514291
v -0.04028340429 0.002404321916 1.577239275
v -0.03989169374 0.00208774046 1.577207685
v -0.04032210633 0.001979514491 1.576936364
v -0.03986186162 0.00166454725 1.576913238
v -0.03982809559 0.001186309382 1.576615453
v -0.03932562843 0.0008389605209 1.576634169
v -0.03943677992 0.001307229744 1.576902151
v -0.03954054415 0.001726381714 1.577181458
v -0.03920342773 0.00133985118 1.577177763
v -0.03903410211 0.000924064545 1.576922774
v -0.03841486201 9.243097156e-05 1.576822758
v -0.03885343298 0.0004691176582 1.576696992
v -0.03864298761 0.0005349065177 1.576998711
v -0.03852743283 0.0005522097927 1.577308893
v -0.03886488453 0.0009443310555 1.577215075
v -0.03827014565 0.0001510945149 1.577143788
v -0.03801605478 -0.000280553475 1.577025652
v -0.03793787584 -0.0002257023007 1.577360392
v -0.03768150136 -0.0006465590559 1.577304602
v -0.03742902726 -0.000993677415 1.577643633
v -0.03719959036 -0.001411394216 1.577698231
v -0.03743852675 -0.001093630213 1.577296495
v -0.03777652979 -0.0007493668236 1.576951027
v -0.0372183919 -0.001574089751 1.577329755
v -0.0375668481 -0.001264678314 1.576913834
v -0.03790368885 -0.001554097049 1.57650125
v -0.03802465647 -0.0009387498721 1.576570988
v -0.03741206601 -0.001840919722 1.576916456
v -0.03703873605 -0.002099176403 1.577402234
v -0.03732504323 -0.002475274727 1.576980114
v -0.03692350537 -0.002672757953 1.577527404
v -0.03770689666 -0.002800992224 1.576722264
v -0.03780623153 -0.002197716385 1.576534748
v -0.03727627546 -0.003103904426 1.577160358
v -0.03804310039 -0.002962659579 1.576695442
v -0.0381539911 -0.00241075689 1.576421618
v -0.03762353212 -0.003342557233 1.577038884
v -0.03861098364 -0.001981927082 1.576237798
v -0.03829626366 -0.001825716812 1.576251507
v -0.03877690434 -0.001405382063 1.576114774
v -0.0394352749 -0.0004170509055 1.576091766
v -0.03925266489 -0.0009803688154 1.576081514
v -0.03895426542 -0.0008229417726 1.576095104
v -0.038562987 -0.0006032530218 1.576318622
v -0.03910954297 -0.0002453536727 1.576186895
v -0.03844169155 -0.001215289347 1.57621789
v -0.03975126892 0.0006687897258 1.57635808
v -0.03961069509 0.0001329141669 1.576181889
v -0.03922397643 0.0003166552633 1.576382637
v -0.03907256201 -0.001544462983 1.576157808
v -0.03971744329 -0.0005723712966 1.576132059
v -0.03952885792 -0.00111747114 1.576169968
v -0.03990138322 -2.918671817e-05 1.576165318
v -0.0403527692 0.0003260816447 1.576297045
v -0.04016552493 -0.0001924280077 1.576254845
v -0.04078163952 0.0006421436556 1.576477408
v -0.04052069038 0.0008374981117 1.576395035
v -0.04094453156 0.001133304555 1.576568365
v -0.04134520888 0.001386201242 1.576785326
v -0.04146983102 0.001846124651 1.576912284
v -0.0410721451 0.001612633467 1.576707602
v -0.04115844145 0.002068043686 1.576891303
v -0.04065898433 0.001334950328 1.576544642
v -0.04075590149 0.001808108762 1.576743245
v -0.04119608924 0.002491116989 1.577115178
v -0.04154789075 0.002290778793 1.577081203
v -0.04157884791 0.002706293017 1.577288032
v -0.04189979658 0.003245624946 1.577731013
v -0.04155788198 0.003072516993 1.577536106
v -0.04193103686 0.002893833444 1.577502131
v -0.04222464561 0.003044614103 1.577758551
v -0.04222704098 0.002659969497 1.577585578
v -0.04191336781 0.002488739323 1.577313185
v -0.04246554151 0.00278968364 1.577887177
v -0.04243006557 0.002394248731 1.577765584
v -0.04217142984 0.002234287094 1.57744801
v -0.04205400124 0.00179288676 1.577342868
v -0.04171930999 0.001600560965 1.577044845
v -0.04184236005 0.002048302442 1.577160358
v -0.04216328636 0.001555880066 1.577601552
v -0.04232743382 0.001973608509 1.577671766
v -0.04188426584 0.001363975462 1.57726872
v -0.04167276993 0.0009509532247 1.577224851
v -0.04135003313 0.0007167090662 1.576923609
v -0.04155155271 0.001156146172 1.576966405
v -0.04194886237 0.001162110129 1.577555537
v -0.04143024236 0.0005536670797 1.577210903
v -0.04169568047 0.0007937457412 1.577529907
v -0.04191692173 0.001018913463 1.577848077
v -0.04164694995 0.0007145064883 1.577778697
v -0.04142126814 0.0004531554878 1.577507138
v -0.04157761484 0.0006885020994 1.577947855
v -0.04184304923 0.0009586880915 1.578040481
v -0.04136822745 0.0004247159231 1.577703238
v -0.04220956936 0.001443214482 1.578412414
v -0.04199946672 0.001177982893 1.578302979
v -0.0420894064 0.001237838063 1.578141093
v -0.04182398692 0.001134774648 1.57851553
v -0.04174121842 0.0009256720077 1.578217506
v -0.0420854874 0.001370902406 1.578577638
v -0.04208148271 0.001534288051 1.578864217
v -0.04227849841 0.001620990457 1.578671575
v -0.04228122905 0.001770348288 1.578930616
v -0.04240944982 0.00201767846 1.579023123
v -0.04235576838 0.002162262797 1.579282999
v -0.04221628234 0.001906347927 1.579202414
v -0.04211954027 0.002048827475 1.579474092
v -0.04200939462 0.001685218187 1.579141974
v -0.04191414267 0.001848485088 1.579399705
v -0.04166832939 0.001702112146 1.579320788
v -0.04182889685 0.002016508719 1.579635024
v -0.04158144817 0.001900057774 1.579536915
v -0.04150563478 0.002083918313 1.579737425
v -0.04133560881 0.001820915844 1.579427004
v -0.04126970842 0.002035209676 1.579605222
v -0.04106146842 0.001989476848 1.579474568
v -0.04119953513 0.002225575037 1.579782248
v -0.04101157933 0.00219530426 1.579633236
v -0.04075087979 0.002367497422 1.579661012
v -0.04082400724 0.002177568851 1.579494357
v -0.04095986485 0.002346196212 1.579814553
v -0.04092794657 0.002411333378 1.580016851
v -0.04111950472 0.002410306595 1.580126047
v -0.04114049673 0.002358361613 1.579956174
v -0.04112643003 0.002421340439 1.580296993
v -0.04127428681 0.002433272544 1.580198526
v -0.04128437489 0.002469945932 1.580338717
v -0.04146483913 0.002623436972 1.580428243
v -0.04142364487 0.002542697359 1.58033669
v -0.04131647944 0.002521335147 1.580470204
v -0.04115285724 0.002442963421 1.580465794
v -0.04136772081 0.002601501066 1.580577374
v -0.04151541367 0.002726541134 1.58050108
v -0.04155741259 0.002855825238 1.580560327
v -0.04167503491 0.003175947582 1.58048737
v -0.04166465253 0.003006113693 1.580456138
v -0.0417400524 0.002998447511 1.580321789
v -0.04163670912 0.002859620145 1.580414176
v -0.04175135866 0.003167467192 1.58035183
v -0.04182841256 0.003337315982 1.580242038
v -0.0417480208 0.003351881169 1.580370665
v -0.04180550203 0.003541625338 1.580254197
v -0.04172063991 0.003981559537 1.5802145
v -0.04182667285 0.003766392823 1.580152154
v -0.04175321385 0.003741465043 1.58027792
v -0.04171803221 0.003550355788 1.580390334
v -0.04166694731 0.003996458836 1.580288172
v -0.04214648902 0.003485413035 1.579823256
v -0.04193680361 0.003477954771 1.580084205
v -0.04202423617 0.003892738605 1.579857945
v -0.04176434129 0.004123139661 1.580084205
v -0.04160666466 0.004638075829 1.580043912
v -0.04159966856 0.004346752539 1.580199361
v -0.04166475311 0.004878879525 1.579793692
v -0.04187935963 0.004370527342 1.579826713
v -0.04164699093 0.004937102087 1.579452872
v -0.04196185991 0.004509206396 1.579535365
v -0.04216906801 0.004077243153 1.579577804
v -0.04222002625 0.004200947471 1.579244375
v -0.04238978773 0.003844929161 1.579316854
v -0.04264649376 0.003360918956 1.578994155
v -0.04250380024 0.003519082442 1.579289079
v -0.04253550991 0.003684445983 1.579036593
v -0.04246649146 0.003855879419 1.578749895
v -0.04239003733 0.003990252037 1.578971505
v -0.04261028767 0.003583619138 1.578759432
v -0.04258105159 0.003529779846 1.57850492
v -0.04262818396 0.003215590492 1.578361988
v -0.04270009696 0.0032677704 1.578678846
v -0.04243213311 0.003476802493 1.578240871
v -0.04247879982 0.003776605474 1.578573704
v -0.04238432273 0.003734646598 1.578414083
v -0.04208391532 0.003899607807 1.578443766
v -0.04232806712 0.003899727482 1.578546762
v -0.04215059057 0.003669299185 1.578214169
v -0.0417657271 0.003805476241 1.578281522
v -0.0416595377 0.004064281471 1.578524709
v -0.04199012741 0.004123266786 1.578608751
v -0.04226858541 0.004050520249 1.578680634
v -0.04182520136 0.004399887286 1.578740954
v -0.04213495925 0.004269815516 1.578857541
v -0.0415379554 0.004586438183 1.578800321
v -0.04154301807 0.004346488044 1.578683257
v -0.0414891243 0.004875023849 1.579031587
v -0.04121271148 0.004436727148 1.578785062
v -0.04109262675 0.004482977558 1.578860044
v -0.04124252498 0.004174481612 1.578637362
v -0.04094868898 0.003941909876 1.578538179
v -0.0409370251 0.004161946941 1.578769326
v -0.04134358093 0.00391721772 1.578383803
v -0.04144373164 0.003661424387 1.578089237
v -0.04150565714 0.003385809716 1.577808738
v -0.04184042662 0.003543896135 1.577998877
v -0.04229851067 0.003703286871 1.579567432
v -0.04259758815 0.003171194578 1.579184413
v -0.04240110144 0.003349556588 1.57950139
v -0.04271173477 0.003021588549 1.578872085
v -0.04270022735 0.002673455281 1.578754544
v -0.04264131561 0.002794435248 1.579067469
v -0.04260803387 0.002439623 1.578968287
v -0.04249146208 0.002966559492 1.579384208
v -0.0425296165 0.002598948777 1.579249978
v -0.04249281436 0.002287701005 1.579131126
v -0.04237070307 0.002767429687 1.579544663
v -0.04240601137 0.002446885221 1.579398036
v -0.04227494076 0.003119066358 1.579699636
v -0.04204883054 0.003176559461 1.579980493
v -0.04216366261 0.002886627335 1.579830647
v -0.04223962873 0.002590798773 1.579677224
v -0.0420220755 0.002663851948 1.579930067
v -0.0419430919 0.002903348301 1.580074549
v -0.04179323465 0.002659039572 1.580132246
v -0.04184572771 0.002469635103 1.580000162
v -0.04205520824 0.002409219276 1.579806089
v -0.04166458547 0.002361928113 1.580030799
v -0.04162526876 0.002485312987 1.580144525
v -0.04184571654 0.002295479178 1.579903483
v -0.04148796201 0.002379750367 1.580085993
v -0.04159620404 0.002279720735 1.579975486
v -0.04174747691 0.002836052794 1.580252647
v -0.04159947485 0.002735559829 1.580360293
v -0.04158610478 0.002614262048 1.580272436
v -0.04262806103 0.002325998386 1.578673601
v -0.04252106324 0.002003166359 1.57860744
v -0.04252097756 0.002134639304 1.578877568
v -0.0423835218 0.001716095721 1.578520656
v -0.04230478778 0.001543255989 1.578230739
v -0.04248142242 0.001881470904 1.578295827
v -0.04251514375 0.002126235748 1.578014255
v -0.04260740429 0.002236921806 1.578351378
v -0.04236678407 0.001733719837 1.577951193
v -0.04268352687 0.0025934109 1.578429103
v -0.04272024333 0.002936713165 1.578546047
v -0.04259829223 0.002510930877 1.57809639
v -0.04262937605 0.002875607461 1.578210831
v -0.04190601781 0.004572906531 1.579129457
v -0.0418648757 0.003123331349 1.580191016
v -0.0414282158 0.002468352905 1.580214977
v -0.04131069407 0.002371814568 1.58005631
v -0.04093122482 0.002409132663 1.580218434
v -0.04069209099 0.002463604789 1.579872966
v -0.04064449668 0.002168261446 1.579358339
v -0.04086271673 0.001949684694 1.579360127
v -0.04066227004 0.001916129608 1.579255104
v -0.04043506086 0.002622748259 1.579570889
v -0.04057219625 0.00240057474 1.579477191
v -0.04140738025 0.002248337958 1.579909801
v -0.04088465124 0.001698616194 1.579229236
v -0.0411067009 0.001755777746 1.579321384
v -0.04141145572 0.001595872222 1.579235792
v -0.0411549136 0.001511965413 1.579154253
v -0.04172895849 0.002162673976 1.579834104
v -0.04200275242 0.002187612467 1.579716444
v -0.04175946489 0.001508876216 1.579081655
v -0.04148447141 0.001372798346 1.579018593
v -0.04223452136 0.002299719024 1.579557657
v -0.04241402075 0.001871470362 1.578777075
v -0.04182178155 0.00132341939 1.578812838
v -0.04216248542 0.001358073438 1.577900767
v -0.04245766625 0.003151472192 1.578048229
v -0.04219350591 0.003382909345 1.577970624
v -0.04118208215 0.0009180672932 1.576701403
v -0.0402267091 0.001015072456 1.576421976
v -0.040075697 0.0005015057977 1.576262951
v -0.04059128091 0.0001494032331 1.576433778
v -0.04098811746 0.0004512639716 1.576658487
v -0.03847514093 -0.002537751105 1.576458573
v -0.03890946507 -0.002093635499 1.576322794
v -0.03796358779 -0.003470120486 1.577054739
v -0.03837144002 -0.003056732472 1.576765895
v -0.03866685554 -0.003081442323 1.57691586
v -0.03877587244 -0.002612045035 1.576576829
v -0.03829085454 -0.003520687576 1.577155828
v -0.03820007667 -0.0003925710917 1.576682091
v -0.03868959472 -3.534182906e-05 1.576494575
v -0.03698376939 -0.001853415743 1.577789903
v -0.03679567203 -0.002327706665 1.577917576
v -0.03684869036 -0.002092922106 1.578257084
v -0.0370493941 -0.001690895762 1.578119993
v -0.03696612269 -0.001925855875 1.578531384
v -0.03726023436 -0.001306686085 1.578015089
v -0.03715699166 -0.001577084884 1.57838881
v -0.03736516461 -0.001236418728 1.578283906
v -0.03729448095 -0.001495624892 1.578615069
v -0.03710165992 -0.001802003477 1.578751564
v -0.0370859094 -0.001981798094 1.579103827
v -0.03692678362 -0.002251578495 1.579305887
v -0.03692853078 -0.002112927847 1.578926086
v -0.03682973981 -0.002556112129 1.579934478
v -0.03678235412 -0.002520130016 1.579545259
v -0.03695837781 -0.002341019455 1.579672217
v -0.03748686239 -0.000933857169 1.5779531
v -0.03774083778 -0.0005737971514 1.577939868
v -0.03760261089 -0.0009064329788 1.578222394
v -0.03777780011 -0.000929438509 1.578441024
v -0.03787572309 -0.0005993312225 1.578198552
v -0.03751806915 -0.001201366074 1.578513741
v -0.03833893314 5.381833762e-05 1.578037381
v -0.03802615032 -0.0002410761081 1.577970624
v -0.03818107024 -0.000326092355 1.57820487
v -0.03806908056 -0.0006865034811 1.578390598
v -0.03838374466 -0.0004712976515 1.578356504
v -0.03850863874 -8.530030027e-05 1.578232884
v -0.03823420778 0.0001377104782 1.577772856
v -0.03794179484 -0.0002110144123 1.57768178
v -0.03854117543 0.0004490909632 1.577902794
v -0.03877480328 0.0008519175462 1.577811241
v -0.03849240392 0.0005269844551 1.577618957
v -0.03676659241 -0.002428827342 1.579137206
v -0.03678423539 -0.002285727765 1.578708053
v -0.03767426312 -0.0005921586417 1.577637553
v -0.03821003065 0.0001665744931 1.577466488
v -0.03877910972 0.0009222605731 1.577518463
v -0.03901830688 0.001258780248 1.577765226
v -0.03925340623 0.00166600314 1.577755332
v -0.03906939179 0.001321859425 1.577469945
v -0.03943200782 0.001964916242 1.578047395
v -0.03948573396 0.002060448285 1.577755094
v -0.03963041306 0.002345268149 1.578039289
v -0.03935006633 0.00171953789 1.577460289
v -0.0397281535 0.002432881156 1.577749968
v -0.03963208199 0.002102815546 1.577468276
v -0.04031747207 0.001510313945 1.576647758
v -0.04078132659 0.002251367783 1.576993465
v -0.03993120417 0.002458163071 1.577484369
v -0.04117666185 0.002875274979 1.57737875
v -0.04102392495 0.003731546225 1.578232408
v -0.0406810604 0.003698609537 1.578420043
v -0.03999701887 0.002773990389 1.577754259
v -0.0398465693 0.002696581651 1.57802546
v -0.03979196399 0.002549632918 1.578305721
v -0.04011740163 0.002716963179 1.578766227
v -0.03996259347 0.002663637511 1.578548789
v -0.04023794085 0.003062630771 1.578797102
v -0.04069131613 0.003878871677 1.578697205
v -0.04047035053 0.002159859054 1.579218626
v -0.04045544565 0.001886453247 1.579144955
v -0.04024158791 0.001858930569 1.5790205
v -0.03961869702 0.002197537106 1.578317165
v -0.03924164176 0.001560837263 1.578038096
v -0.0386665538 0.0003152585123 1.578130722
v -0.03884522989 0.0001347213984 1.578278422
v -0.04066192359 0.001647057012 1.579142451
v -0.04090640694 0.001437562052 1.579078913
v -0.04120286554 0.00126446574 1.578955889
v -0.04152967408 0.001153473044 1.578764915
v -0.03995205835 -0.001110434067 1.577506065
v -0.04001611471 -0.001201587263 1.577290058
v -0.03973988816 -0.001524138264 1.577397466
v -0.04113557562 0.0001345593482 1.577469826
v -0.04116270691 0.0001775438432 1.577221036
v -0.04111997411 0.0002889856696 1.576916218
v -0.03996758536 -0.0007122699171 1.576268911
v -0.03934311867 -0.001650950871 1.576287031
v -0.03889676183 -0.003027129453 1.577133417
v -0.03857096285 -0.003483378794 1.577331543
v -0.03904178366 -0.002899946645 1.577385902
v -0.03877420723 -0.003358562477 1.577556372
v -0.04002576321 -0.001284590457 1.576890826
v -0.04003740847 -0.001248179469 1.577129126
v -0.0394682996 -0.001807588618 1.577584743
v -0.03928408399 -0.002240279689 1.577602625
v -0.03905680031 -0.002477301285 1.577896714
v -0.03890742362 -0.002894625068 1.578045011
v -0.03895121813 -0.002215540037 1.578120232
v -0.03920501471 -0.002040378284 1.577834487
v -0.03883717209 -0.002635663375 1.578235507
v -0.03848576546 -0.003799688537 1.577810884
v -0.03816365451 -0.004410780501 1.579837203
v -0.03799558058 -0.0045773522 1.580364943
v -0.03791447729 -0.004671220202 1.579815149
v -0.03760675341 -0.004833558109 1.579783916
v -0.03770246729 -0.004785469268 1.580385208
v -0.03783288971 -0.004647247028 1.580927134
v -0.03769735619 -0.004617219325 1.581489325
v -0.03752439842 -0.004791987594 1.580975056
v -0.0382265076 -0.003908731509 1.577626109
v -0.03790763766 -0.00391778117 1.57749784
v -0.03727088496 -0.004886955488 1.579752922
v -0.03737974912 -0.004890220705 1.580389738
v -0.0375651978 -0.003830344882 1.577447534
v -0.0372303389 -0.003654858563 1.577488422
v -0.03688215837 -0.003281033132 1.577727675
v -0.0366569832 -0.002832474653 1.578099728
v -0.03666516766 -0.002516114153 1.578431845
v -0.03664789349 -0.002786392812 1.579826713
v -0.03671205416 -0.002763176803 1.580234528
v -0.03660818562 -0.002948799636 1.580581665
v -0.0363089554 -0.003587046638 1.580515981
v -0.03629724309 -0.00372412242 1.579963207
v -0.03664320707 -0.002890713513 1.581317663
v -0.03722626343 -0.002184796147 1.581344485
v -0.03714749962 -0.002172085457 1.581596375
v -0.03751159087 -0.002066151239 1.581258655
v -0.03741944209 -0.00200849399 1.581461787
v -0.03731981665 -0.002199544106 1.581107259
v -0.03772536293 -0.001953241415 1.581369042
v -0.03760910034 -0.002137054224 1.581069708
v -0.03781281412 -0.002061147243 1.581216931
v -0.03789327666 -0.002185775898 1.581070304
v -0.03808405623 -0.00216147257 1.581241965
v -0.03802065179 -0.002011350822 1.581350803
v -0.03813027218 -0.002332264092 1.581123948
v -0.03828630969 -0.002342591994 1.581339836
v -0.03826146573 -0.002154713031 1.581418991
v -0.03841884807 -0.002157847863 1.581603169
v -0.03839696199 -0.001980174799 1.581645012
v -0.03821847215 -0.001987645868 1.581492543
v -0.03842687234 -0.002355884761 1.581558228
v -0.03855853528 -0.002366867382 1.581769824
v -0.03856106475 -0.002163928933 1.581784606
v -0.03869254142 -0.002169474959 1.581952453
v -0.03868979961 -0.001989112236 1.581937909
v -0.03855293617 -0.001981979702 1.581797004
v -0.03854441643 -0.00259475084 1.581742883
v -0.03866548091 -0.002597028855 1.581982255
v -0.03868529201 -0.00237127766 1.581969023
v -0.03841101751 -0.00283143064 1.581375122
v -0.03842225671 -0.002579175401 1.581490874
v -0.03852075711 -0.00285561569 1.581680417
v -0.03856993094 -0.00316139916 1.581919432
v -0.03862725198 -0.002859609667 1.581974149
v -0.03848898783 -0.00314989686 1.581561685
v -0.03844542429 -0.003462126479 1.581372738
v -0.03839819133 -0.003104511183 1.581199288
v -0.03837978467 -0.003385214601 1.580960393
v -0.03835737705 -0.003651274368 1.580651999
v -0.03830499575 -0.003271065652 1.580572486
v -0.03831993416 -0.003488438204 1.580242753
v -0.03829830885 -0.003033273388 1.580848336
v -0.03820210695 -0.002932404168 1.580512881
v -0.03823630512 -0.003120361362 1.58021462
v -0.03817953542 -0.002727746498 1.580768585
v -0.03812008724 -0.002796883695 1.580194235
v -0.03806839511 -0.002641784027 1.580469608
v -0.03796776012 -0.002526649274 1.580178857
v -0.03788479045 -0.002418810967 1.580436945
v -0.03801998869 -0.002479323652 1.580708146
v -0.03764522821 -0.002291615121 1.580411196
v -0.03776204586 -0.002334613819 1.580160379
v -0.03779742867 -0.002315462567 1.580671191
v -0.03780896589 -0.002205774188 1.579635143
v -0.0376570709 -0.002222732175 1.579884768
v -0.03787998483 -0.002381755039 1.579898596
v -0.03795103729 -0.001929942053 1.579163074
v -0.03775639832 -0.001999876462 1.579389453
v -0.03797032312 -0.002188723069 1.579380035
v -0.03800552711 -0.00242169667 1.579624057
v -0.0381474793 -0.002443354111 1.579338074
v -0.03814688697 -0.002160995267 1.579120159
v -0.03805514053 -0.002625681926 1.579896927
v -0.0381882377 -0.00292972615 1.579887748
v -0.03816091269 -0.00270138355 1.579594612
v -0.0382967554 -0.002789352089 1.581070542
v -0.03815918416 -0.002522570081 1.580973148
v -0.0382948108 -0.002555259503 1.581232667
v -0.03839082643 -0.003743994515 1.581090569
v -0.03849818558 -0.003471470438 1.581777453
v -0.03841578215 -0.003743727226 1.581523776
v -0.03854400292 -0.003397740889 1.582133532
v -0.03864500672 -0.003117277753 1.582234263
v -0.03843814135 -0.00367194647 1.58193028
v -0.03859733045 -0.003271018155 1.582426071
v -0.03846916184 -0.003559023142 1.582301974
v -0.03796251863 -0.002325782552 1.580907345
v -0.03770499304 -0.002221470233 1.580880761
v -0.03753124177 -0.002254713327 1.580651641
v -0.03742280975 -0.002223087009 1.580881119
v -0.03751269728 -0.002245429903 1.580134153
v -0.03757412732 -0.002077790443 1.579614997
v -0.03710603714 -0.002120750491 1.579444766
v -0.03726752475 -0.001715846825 1.578937888
v -0.03815945983 -0.001857675612 1.578933954
v -0.03871287778 -0.0002727829851 1.578335404
v -0.04033156112 0.0006289598532 1.57853651
v -0.04056661576 0.0004272598308 1.578364372
v -0.04014652967 -0.0007045501843 1.57768321
v -0.03964989632 -0.001375047956 1.577650428
v -0.03872013837 -0.001284807455 1.578404546
v -0.03838600963 -0.001772669144 1.578703642
v -0.03829182312 -0.003280216828 1.579876304
v -0.03872601688 -0.003043930046 1.578419685
v -0.03850653395 -0.003409798723 1.582626581
v -0.03873214871 -0.002944165375 1.582887292
v -0.03854164854 -0.003222466446 1.582920551
v -0.0386647135 -0.003117221408 1.582669258
v -0.03833301738 -0.003299832344 1.583190799
v -0.03858049959 -0.002998297568 1.583184481
v -0.0388668552 -0.002520380542 1.583288312
v -0.03863321245 -0.00273939874 1.583400846
v -0.03879546002 -0.002746260725 1.583097816
v -0.03809921071 -0.003328446299 1.583393693
v -0.0383714661 -0.003012974281 1.583444476
v -0.03756571561 -0.003629681189 1.583326578
v -0.03728153929 -0.00391733041 1.583015203
v -0.03701469302 -0.004148378503 1.58261466
v -0.03703224286 -0.003785069566 1.583015084
v -0.03731149435 -0.003538893536 1.583364367
v -0.03693664446 -0.004822907504 1.579737186
v -0.0366399847 -0.004638576414 1.579751253
v -0.03677230328 -0.004301975016 1.582138062
v -0.03639853001 -0.004224874545 1.579834461
v -0.03637426719 -0.003513342701 1.581469178
v -0.03653141856 -0.003217105288 1.58227551
v -0.0367744267 -0.003939494956 1.582576871
v -0.03706760332 -0.003357112408 1.583307385
v -0.03675659373 -0.002754264977 1.582879424
v -0.03688672557 -0.002375884447 1.58298254
v -0.0370387733 -0.002180768177 1.583286047
v -0.03741598874 -0.002665511798 1.583768845
v -0.037361525 -0.003121311776 1.583621144
v -0.03769581392 -0.0008718841709 1.582936287
v -0.0373878926 -0.00154602807 1.583517671
v -0.03694329038 -0.002182995435 1.582724571
v -0.03706838563 -0.001994408201 1.582451224
v -0.03757116944 -0.00110439118 1.582756639
v -0.03771239892 -0.001109633129 1.582373619
v -0.0373435095 -0.001959606074 1.581678271
v -0.0376402624 -0.001859638374 1.581535935
v -0.03800103068 -0.001438153908 1.581852794
v -0.03794836625 -0.001876668073 1.581466317
v -0.03853568435 -0.001817711629 1.581810713
v -0.03824345395 -0.001402057242 1.581838846
v -0.0386822708 -0.001826632302 1.581926227
v -0.03867281973 -0.001678326633 1.581916571
v -0.03847136721 -0.001281522214 1.581869483
v -0.03881248459 -0.001997880172 1.582063556
v -0.03915430233 -0.001907218713 1.582242489
v -0.03923505545 -0.002007441595 1.582401156
v -0.0392492637 -0.001928616315 1.582271576
v -0.03912621737 -0.002237370703 1.582594872
v -0.03921212256 -0.002152575646 1.582659125
v -0.03923074529 -0.002076956909 1.582536101
v -0.03881459683 -0.002169960178 1.582104683
v -0.03872553632 -0.002837602515 1.5822469
v -0.03871617466 -0.003011693712 1.582481265
v -0.03928827867 -0.002071032766 1.582687974
v -0.03961313888 -0.001786833629 1.582900882
v -0.03956009448 -0.001697484404 1.583133936
v -0.03945671394 -0.001922382042 1.582898259
v -0.03977559507 -0.00147558609 1.583077908
v -0.03960122913 -0.001448550727 1.58336246
v -0.03953875601 -0.001202571671 1.583574176
v -0.03937793896 -0.001456561498 1.583609462
v -0.03979605809 -0.001200022642 1.583294868
v -0.04003611952 -0.001198495273 1.582972884
v -0.04000483081 -0.0009230370633 1.583186746
v -0.0402805917 -0.0008929963224 1.582831979
v -0.04074712098 -0.0005250098184 1.582240224
v -0.0405055359 -0.0005660923198 1.582630634
v -0.04055661336 -0.0008450997993 1.582480907
v -0.04035053402 -0.001156858169 1.582671404
v -0.04085402191 -0.0007893703878 1.582165599
v -0.04073779657 -0.001076402143 1.582429886
v -0.04109527543 -0.001028597821 1.582180977
v -0.04063740745 -0.001372126397 1.582618475
v -0.04101580754 -0.001333109569 1.582395077
v -0.0413024798 -0.001378993969 1.582086921
v -0.04121262208 -0.001714479644 1.582194686
v -0.04092244059 -0.001651001628 1.582511902
v -0.04055760801 -0.001680502202 1.582718253
v -0.04084996879 -0.001976293977 1.582519889
v -0.04051441327 -0.002003684174 1.582728386
v -0.04051911458 -0.002322255168 1.582638502
v -0.0402263999 -0.002409452107 1.582736373
v -0.0401881896 -0.002100267448 1.582803488
v -0.03987331688 -0.001883478835 1.582799792
v -0.03991131485 -0.00220279675 1.582790375
v -0.04018982872 -0.001777930651 1.582801342
v -0.04028519616 -0.002685228363 1.58258605
v -0.03996104375 -0.00250696158 1.582736135
v -0.04003506526 -0.002795008477 1.582597136
v -0.03974755853 -0.002864424139 1.582528353
v -0.04013666138 -0.003050604369 1.582377791
v -0.0399078466 -0.003181202803 1.58231771
v -0.0400506407 -0.003401400056 1.582028508
v -0.03983364627 -0.003549526911 1.581888676
v -0.03963248804 -0.003288782667 1.582192183
v -0.03935284913 -0.003397300839 1.581979513
v -0.0394568257 -0.002938255202 1.582395196
v -0.03923034668 -0.003056969959 1.582193494
v -0.03904792294 -0.003170192707 1.581905127
v -0.03902167454 -0.002826567274 1.58202219
v -0.03918450326 -0.002719084267 1.582267284
v -0.03887874261 -0.002892596181 1.581711054
v -0.03888431937 -0.002529998776 1.581735849
v -0.03902320191 -0.002501133829 1.582014203
v -0.03913998604 -0.002147992142 1.582101226
v -0.0390285179 -0.002164146397 1.581920147
v -0.03916346654 -0.002419325523 1.582220912
v -0.0389042832 -0.003239685204 1.581558347
v -0.03876145184 -0.002907915507 1.581362724
v -0.03879598901 -0.003243171144 1.581178308
v -0.03880437836 -0.003419599961 1.580563903
v -0.03872047737 -0.003197866492 1.580805779
v -0.03888132051 -0.003517185804 1.580917001
v -0.03899048269 -0.003545752726 1.581303716
v -0.03902325779 -0.003704183269 1.580621362
v -0.0391484946 -0.003764056135 1.580995202
v -0.03958149627 -0.003867549356 1.581031561
v -0.03938279301 -0.003868954722 1.580677986
v -0.03932093084 -0.003742263187 1.581360102
v -0.03967453167 -0.003862352576 1.580393195
v -0.0394911021 -0.00376834115 1.580053806
v -0.03922775388 -0.003786264453 1.580321193
v -0.03959891573 -0.003492545336 1.579552889
v -0.03978433087 -0.003672692459 1.57983911
v -0.03933851793 -0.003584018443 1.579758167
v -0.03902409971 -0.003370707855 1.579769373
v -0.03921849281 -0.003330879845 1.579531908
v -0.03911138698 -0.003612540197 1.580008864
v -0.03910661489 -0.003028693143 1.579377294
v -0.03932321444 -0.002943603788 1.579156876
v -0.03944618255 -0.003241340164 1.57932508
v -0.03922169656 -0.002618355211 1.579042077
v -0.03956430033 -0.002821944188 1.578972697
v -0.03946901485 -0.002505529206 1.578849792
v -0.03970470652 -0.003115327097 1.579153657
v -0.04000211135 -0.00296811806 1.579026937
v -0.03984314203 -0.002675439231 1.578838348
v -0.04015315697 -0.002512207255 1.578769445
v -0.04002552852 -0.002203216311 1.57864213
v -0.03973623738 -0.002365542576 1.578711033
v -0.04028957337 -0.002798169386 1.578944683
v -0.04051291943 -0.002599393018 1.578899264
v -0.04043731838 -0.00232577417 1.578760386
v -0.04065157473 -0.002109680325 1.578787327
v -0.04032485187 -0.002016427927 1.578646898
v -0.04059286043 -0.001801490784 1.578701258
v -0.04077969119 -0.002145135775 1.578869939
v -0.04066916555 -0.002380063757 1.578878522
v -0.04080577567 -0.001871786546 1.578829885
v -0.04092695192 -0.001653729938 1.57889235
v -0.04096309841 -0.001312486827 1.578917503
v -0.04079989344 -0.001557644922 1.578789473
v -0.04111260176 -0.001063017175 1.579114199
v -0.04093693197 -0.0009130625986 1.578951955
v -0.04108320177 -0.0006428142078 1.579209805
v -0.04119049013 -0.0004117526114 1.579543114
v -0.04101734608 -0.0002309032716 1.579384685
v -0.04112216458 -2.66158022e-05 1.5797925
v -0.04117617011 8.459994569e-05 1.580256462
v -0.04102352634 0.0003127427772 1.580122232
v -0.04107778519 0.0003574269358 1.580634356
v -0.04107754678 0.0002729778644 1.581135273
v -0.04094066843 0.000551732257 1.581063151
v -0.04093045741 0.0003773593344 1.58156693
v -0.04084957018 0.0001042862423 1.582001805
v -0.04072329029 0.0004175433423 1.582010388
v -0.04061852396 9.618047625e-05 1.582425117
v -0.04044504091 -0.0002569691278 1.582760334
v -0.04013359547 -0.0002845828421 1.58313036
v -0.04031542689 7.755542174e-05 1.582820415
v -0.04102128372 6.959447637e-05 1.581579089
v -0.04090645164 -0.000210095197 1.581944227
v -0.0407022424 -0.0002229129896 1.582356334
v -0.04061147943 0.0007919347845 1.580941319
v -0.04072302207 0.0006668688729 1.581507564
v -0.04086329415 0.0005885174032 1.580517173
v -0.041187644 8.152844384e-05 1.580735445
v -0.04115308821 -3.80622223e-05 1.581178784
v -0.04127658904 -0.0002229032107 1.580814242
v -0.0412511304 -0.0003548450768 1.581204653
v -0.04107875749 -0.0002487795427 1.581556082
v -0.0414340049 -0.0005362820812 1.580882192
v -0.04143985733 -0.0006632711738 1.581251502
v -0.04120858014 -0.0005452949554 1.581553221
v -0.04161545634 -0.001023842953 1.581279397
v -0.04162771627 -0.0008831117302 1.580945611
v -0.04142393172 -0.0008368310519 1.581593513
v -0.04169410095 -0.00111986883 1.58033061
v -0.04173199087 -0.001170880161 1.58065784
v -0.04159833118 -0.0008024368435 1.580586076
v -0.04175966233 -0.001443659887 1.580419183
v -0.04175223038 -0.001583328936 1.580646753
v -0.0417213738 -0.00129624689 1.580959082
v -0.04170183465 -0.002032937482 1.580544472
v -0.04170725495 -0.001780582592 1.580872416
v -0.04173142463 -0.001827642322 1.580340862
v -0.04173630476 -0.001633964479 1.580187201
v -0.04167946428 -0.001762648579 1.579938293
v -0.04168273881 -0.002002129797 1.580058455
v -0.04167355224 -0.002189588267 1.580248475
v -0.04163902253 -0.00224065315 1.579998016
v -0.04162476584 -0.002093486022 1.579826236
v -0.04156407714 -0.002114561852 1.579644561
v -0.04152699932 -0.001948419027 1.579541445
v -0.04160657898 -0.001870468725 1.579721093
v -0.04144102335 -0.001979254186 1.579396486
v -0.04148809612 -0.001699730288 1.579496741
v -0.04137741029 -0.00180987874 1.579320431
v -0.04127136618 -0.001884192694 1.579193711
v -0.04119872302 -0.001718917396 1.57913053
v -0.0413187854 -0.001550464891 1.579285026
v -0.04144080728 -0.001378963236 1.579503059
v -0.04127462953 -0.001207424793 1.579300761
v -0.04138584808 -0.001011691522 1.579566598
v -0.04147820175 -0.0008678198792 1.57988596
v -0.04132531583 -0.0006248005666 1.57971096
v -0.04138023779 -0.0005056620575 1.58009541
v -0.04154563323 -0.0007942644879 1.580231786
v -0.04162823036 -0.001146282069 1.58002615
v -0.04154749587 -0.001235592645 1.579757929
v -0.04101179913 -0.001981735695 1.578988075
v -0.04111660272 -0.001927836798 1.579060912
v -0.04100009799 -0.001692982856 1.578954697
v -0.04114041477 -0.001438375097 1.57909286
v -0.04118090868 -0.001998516265 1.579116344
v -0.04109118134 -0.002115197945 1.579056025
v -0.04098478332 -0.00246166531 1.579050422
v -0.04099650681 -0.00223994907 1.579011083
v -0.04110207409 -0.002283318434 1.579083681
v -0.04127002135 -0.002330445684 1.579231143
v -0.04122488573 -0.002127484418 1.57916224
v -0.04113409668 -0.002497969195 1.579150081
v -0.04117295891 -0.002721510362 1.579253197
v -0.0410265848 -0.002910681069 1.579238892
v -0.04099627212 -0.002690594643 1.579126596
v -0.04088398442 -0.003104305826 1.579291463
v -0.04107410461 -0.003099241294 1.579388976
v -0.04092811421 -0.003289066255 1.579451799
v -0.04085836932 -0.003584081307 1.57980144
v -0.0409970209 -0.003421203699 1.579651833
v -0.04079120234 -0.00345664937 1.579583645
v -0.04067376256 -0.003590026405 1.579770207
v -0.04066455364 -0.00344669586 1.579564095
v -0.04076169059 -0.00328565808 1.579404831
v -0.04066484421 -0.003271309659 1.579389095
v -0.04053747654 -0.003417309839 1.579554796
v -0.04056814685 -0.003573481459 1.579761147
v -0.04048769921 -0.003748334479 1.580235004
v -0.04058243707 -0.003689999226 1.579992294
v -0.04044566303 -0.003654645756 1.579986453
v -0.04032387584 -0.003702982329 1.580218434
v -0.04031756893 -0.003617715091 1.579981565
v -0.04041430354 -0.003528262489 1.579756021
v -0.04016605392 -0.00364561379 1.579942346
v -0.04021551833 -0.003703369759 1.580215931
v -0.04031453654 -0.003517872654 1.579740763
v -0.04026722908 -0.003390534781 1.579499364
v -0.04041934386 -0.003224725369 1.579349995
v -0.04041716829 -0.003386497498 1.579546809
v -0.04038093612 -0.003034065012 1.579146981
v -0.04054032639 -0.002834751736 1.579054832
v -0.04052864388 -0.003043539356 1.579211354
v -0.04064701498 -0.003067953512 1.579234123
v -0.04051689804 -0.003237022087 1.57937336
v -0.04063557461 -0.00284928875 1.579092145
v -0.04075848311 -0.002400646918 1.578928471
v -0.04076766223 -0.002646216657 1.579020619
v -0.04065359384 -0.002622120082 1.578974128
v -0.04078026861 -0.002878491301 1.57913363
v -0.04088595882 -0.002670714632 1.57907033
v -0.04089571908 -0.002435951028 1.578999758
v -0.03988556936 -0.003362308722 1.579391599
v -0.04016149789 -0.003211318981 1.579257131
v -0.04005600512 -0.003539974336 1.579662561
v -0.04025451094 -0.003743753303 1.580451727
v -0.04006493092 -0.003798894119 1.580459237
v -0.04015533626 -0.003786603455 1.580727696
v -0.04012384638 -0.003726029769 1.58125782
v -0.03998984769 -0.00382268196 1.581020713
v -0.04027218744 -0.003749235068 1.580974817
v -0.04046586901 -0.003738598432 1.580970883
v -0.04041212052 -0.003777979407 1.580727577
v -0.04038154706 -0.003668466583 1.581187367
v -0.04045837745 -0.003568021581 1.581351638
v -0.04039834067 -0.003466368187 1.581546187
v -0.04026996344 -0.003600340337 1.581429839
v -0.04046728835 -0.003233257215 1.581834316
v -0.04032403603 -0.003368328791 1.581794977
v -0.04049075395 -0.003353899345 1.581649303
v -0.04064384848 -0.003410756588 1.581588387
v -0.04053666815 -0.003478476312 1.58149159
v -0.04059265554 -0.003273240291 1.581734776
v -0.04058807343 -0.003128573298 1.58188343
v -0.04074736312 -0.003231424373 1.581759095
v -0.04072539136 -0.003052343149 1.581920028
v -0.04090016335 -0.002825243399 1.582007885
v -0.0407409817 -0.002883152105 1.582049847
v -0.04091150686 -0.003019578289 1.581882
v -0.04110855609 -0.003016633447 1.581769824
v -0.04093882069 -0.003221565392 1.581705809
v -0.04112533852 -0.003218465485 1.581587434
v -0.04109697416 -0.003398504574 1.581387401
v -0.04123064131 -0.003353046253 1.581227541
v -0.0412815921 -0.00319075631 1.581432223
v -0.04141316563 -0.002920161001 1.581498027
v -0.04139926285 -0.003103584982 1.581281543
v -0.04128005356 -0.003000375349 1.581625819
v -0.04133598506 -0.003262387123 1.581061125
v -0.04142206907 -0.003126913216 1.580903292
v -0.04148580879 -0.002956096549 1.581148386
v -0.0415443331 -0.002602295019 1.581277966
v -0.04149688035 -0.00277225906 1.581392527
v -0.04154467583 -0.002782078926 1.581014633
v -0.04158627987 -0.002599976957 1.580866694
v -0.04155718163 -0.002754854038 1.580587149
v -0.04149451852 -0.002954148687 1.580748796
v -0.04160711169 -0.002546149772 1.58040905
v -0.04150598869 -0.002885666676 1.580317259
v -0.04156393185 -0.002654428128 1.580143571
v -0.04150269926 -0.0027499157 1.579913735
v -0.0415931046 -0.002437199 1.579962134
v -0.04152683914 -0.002522686962 1.579754472
v -0.04152100906 -0.002312041819 1.579611659
v -0.0414262265 -0.002413811628 1.579455614
v -0.0414388366 -0.002629827242 1.579586864
v -0.04133886099 -0.002936140168 1.579594374
v -0.04133342206 -0.002759797033 1.579459548
v -0.04142468795 -0.002844094764 1.579729438
v -0.04124878347 -0.003057807684 1.579541445
v -0.04129800946 -0.003102188464 1.579687953
v -0.04120261595 -0.003290171269 1.579766393
v -0.04137172177 -0.003059173003 1.579859614
v -0.04128190875 -0.003269738983 1.579985976
v -0.04117335379 -0.003461199813 1.58013463
v -0.04125894979 -0.003386344761 1.580395103
v -0.04135802761 -0.003202005755 1.580225825
v -0.04124827683 -0.003407273907 1.580829978
v -0.04134196788 -0.003271759022 1.580654144
v -0.04115012288 -0.003533774987 1.580583453
v -0.04091237485 -0.003725158982 1.580533028
v -0.04103213549 -0.003632528242 1.580780983
v -0.04104969278 -0.003618393093 1.580320597
v -0.04102123901 -0.003552174661 1.581184149
v -0.04090384394 -0.00368047785 1.580978632
v -0.04114285856 -0.003500483464 1.581010222
v -0.04077613354 -0.003671568818 1.581161022
v -0.04077298194 -0.003768848721 1.580754638
v -0.04064109921 -0.003745908383 1.580970168
v -0.04075148702 -0.003510484472 1.581461668
v -0.04088902473 -0.003556856886 1.581336021
v -0.04064527526 -0.003596440889 1.58132863
v -0.04066665843 -0.003795342986 1.580504417
v -0.04080559686 -0.003750348929 1.580267072
v -0.04051304236 -0.003790119197 1.580492377
v -0.04060373455 -0.003763794433 1.580243945
v -0.04055021331 -0.003785505425 1.58074367
v -0.0409495011 -0.003640238196 1.580052972
v -0.04108308256 -0.003479060717 1.579883575
v -0.04144373164 -0.002984649036 1.580070853
v -0.04142862558 -0.003096167929 1.580484033
v -0.04162621498 -0.002438883297 1.58068645
v -0.04165593162 -0.002319877036 1.58047092
v -0.04163620621 -0.002370567061 1.580206275
v -0.04158079624 -0.002457562834 1.581134677
v -0.04161897302 -0.002354553901 1.580953002
v -0.0416591242 -0.002226171084 1.580751419
v -0.04164543375 -0.002024120186 1.581062913
v -0.04158908501 -0.002237442881 1.581219196
v -0.04145581275 -0.002269429155 1.581616402
v -0.04152315482 -0.002050610725 1.581516504
v -0.04153741896 -0.00236245757 1.581375122
v -0.04159478098 -0.001765936147 1.581395268
v -0.04148706421 -0.001531157177 1.581739783
v -0.04140274972 -0.001854940318 1.581847787
v -0.0412466377 -0.002354530152 1.581922174
v -0.04138120636 -0.002401509788 1.58172214
v -0.0413245149 -0.002142758574 1.581897616
v -0.04142874107 -0.002608398907 1.581620693
v -0.04148187861 -0.002467980143 1.581519246
v -0.04130364582 -0.002509719227 1.581810117
v -0.04116246477 -0.002492159139 1.581955671
v -0.04109543562 -0.002628299873 1.581968665
v -0.04124925658 -0.002644952852 1.5818398
v -0.04136229306 -0.002744580153 1.581688046
v -0.04124854505 -0.002806693781 1.581779838
v -0.04100317135 -0.002509495243 1.582104921
v -0.04106328636 -0.002304168418 1.582168341
v -0.04094050825 -0.002664875705 1.582064509
v -0.04079712927 -0.002535503358 1.582298875
v -0.04077323899 -0.002724122722 1.582161784
v -0.04093775526 -0.003403694835 1.581518292
v -0.04108107835 -0.002809810452 1.581907034
v -0.04059002548 -0.002976437565 1.582061052
v -0.04056961462 -0.002802646719 1.58227849
v -0.04077789932 -0.003391126171 1.581598282
v -0.04041773453 -0.003095864784 1.582087874
v -0.0405315496 -0.003670296632 1.581168413
v -0.04015871137 -0.003526318353 1.581717134
v -0.03998946398 -0.003681040369 1.581564069
v -0.04035836086 -0.003763684537 1.580456734
v -0.04076962173 -0.003091750666 1.579258442
v -0.04072242975 -0.003698588349 1.580006361
v -0.04113299027 -0.00323379552 1.579567552
v -0.04121319577 -0.002916106954 1.579390526
v -0.04087200016 -0.002893446479 1.579165697
v -0.04130832106 -0.002553561237 1.579329967
v -0.04139309749 -0.002200456802 1.57935524
v -0.04088518769 -0.002179004718 1.578937054
v -0.04133974761 -0.002015735954 1.579271197
v -0.04158484191 -0.001576359384 1.579699278
v -0.04149160907 -0.002128857654 1.579495549
v -0.04159107804 -0.002258507069 1.579791069
v -0.04166354239 -0.001476069912 1.579919457
v -0.04166897014 -0.001495081931 1.581212044
v -0.04172606766 -0.001411016565 1.580174208
v -0.04156474024 -0.001238210592 1.581551313
v -0.04141454399 -0.0004745069891 1.580496073
v -0.04128085449 -0.0001832055859 1.580383897
v -0.04089061543 0.0001540682279 1.579648018
v -0.04068633914 0.0004878058098 1.579985261
v -0.0412556529 -0.0002507758327 1.579945087
v -0.04123733938 -0.0008168835193 1.579382062
v -0.04088433459 -0.001913870219 1.578889966
v -0.03899649531 -0.002695431933 1.579280257
v -0.03892542422 -0.003076139372 1.579625368
v -0.03880973905 -0.002741231583 1.579560161
v -0.03868234903 -0.00276343897 1.579879761
v -0.03871712089 -0.002373245079 1.57953918
v -0.03860121593 -0.002392116934 1.579908967
v -0.0385761261 -0.001979650464 1.579949498
v -0.03855535015 -0.001992323436 1.580354452
v -0.0385607034 -0.002411626279 1.580295205
v -0.03861867264 -0.002782923169 1.580229521
v -0.03862017393 -0.00283039175 1.580597281
v -0.03858878836 -0.002444982994 1.580678344
v -0.03869760409 -0.003076761961 1.580197096
v -0.03878622502 -0.003085745499 1.579904318
v -0.03875547647 -0.003277603537 1.580298066
v -0.03868147358 -0.003119591624 1.580482006
v -0.03886804357 -0.003352059983 1.580035686
v -0.03995287791 -0.003771391232 1.5801543
v -0.03984946758 -0.00387432659 1.58072865
v -0.03980043903 -0.003802096006 1.581333637
v -0.03893255815 -0.003559571225 1.580287099
v -0.03867468238 -0.002883125097 1.580984116
v -0.03876275942 -0.002524616662 1.58142066
v -0.03866290674 -0.00248886412 1.581065655
v -0.03913808987 -0.003497766331 1.581671
v -0.03956767544 -0.003664761782 1.581666708
v -0.04023526981 -0.003240677994 1.582092524
v -0.04034978896 -0.002914914861 1.582363725
v -0.04054423049 -0.00259027537 1.582483053
v -0.04081749916 -0.00228574127 1.582433462
v -0.04112799466 -0.002031469718 1.582213998
v -0.04137491062 -0.001073108055 1.581881404
v -0.04022356868 -0.001465122681 1.582770944
v -0.0411580354 -0.0007669138722 1.581883073
v -0.04097572342 -0.0005077682436 1.581876397
v -0.04022743553 -0.0006060707383 1.583015442
v -0.03991893306 -0.000628778711 1.583355784
v -0.03971697018 -0.0009329062887 1.583496213
v -0.0398568362 -0.001612000167 1.582867265
v -0.03910313547 -0.001519456506 1.583801627
v -0.03785675019 -0.003310522065 1.583534956
v -0.0376075618 -0.003243728075 1.583616495
v -0.03782917932 -0.001943693962 1.584000826
v -0.03831742331 -0.001287168358 1.584040761
v -0.03877989575 -0.001654889435 1.58393991
v -0.03925155103 -0.001234099735 1.583790302
v -0.03915092722 0.0004679861013 1.582718968
v -0.04040834308 0.0004316845443 1.582417727
v -0.03957353905 0.0007676924579 1.581095457
v -0.04044138268 0.0007447863463 1.580381632
v -0.03974948823 0.0005762411747 1.58028388
v -0.03963002935 0.0002700756304 1.579931736
v -0.03978063539 0.0001293197274 1.57957077
v -0.03976309299 -0.0004352685064 1.579035401
v -0.03961769864 -0.0002236729488 1.579337835
v -0.03972743452 -0.0009795562364 1.578733802
v -0.03990072757 -0.0006980234757 1.578798294
v -0.03960353881 -0.000750459265 1.578921437
v -0.04084506258 -0.0004965532571 1.579055905
v -0.04073990136 -0.001190016046 1.578768015
v -0.03955978528 -0.001186371315 1.578740358
v -0.0393925868 -0.001264441293 1.578826666
v -0.03946341947 -0.001016335096 1.578871369
v -0.03890965506 -0.002338708844 1.579225659
v -0.03868365288 -0.001972243655 1.579551816
v -0.03861926123 -0.001550387591 1.579989314
v -0.03945361078 -0.0005718143657 1.579181552
v -0.03947911039 -7.6609198e-05 1.579672694
v -0.03902484104 -0.0001455289312 1.580651045
v -0.03872799873 -0.0011266605 1.580037832
v -0.03891876712 -0.00033619022 1.58081615
v -0.03860655054 -0.001552017871 1.580401301
v -0.03880441189 -0.0005840356462 1.581198692
v -0.03860275075 -0.0020144023 1.580732107
v -0.03890601173 -0.002140976489 1.581674933
v -0.0386839509 -0.0007272479124 1.581598401
v -0.03934640065 -0.002578301355 1.582430363
v -0.03930109739 -0.002041539643 1.582554579
v -0.03936864063 -0.002028781455 1.582699656
v -0.0396925807 -0.002548026387 1.582665563
v -0.03942181543 -0.002065307461 1.582630277
v -0.03953899443 -0.001929547638 1.582807779
v -0.03976647183 -0.002087709028 1.582763433
v -0.03962143511 -0.002418516669 1.582666159
v -0.03947630525 -0.002314159647 1.582560301
v -0.03935942799 -0.002331432886 1.582431674
v -0.03933286294 -0.002050261479 1.582480431
v -0.03917455673 -0.001827943139 1.58205092
v -0.03920587897 -0.002222606447 1.582225442
v -0.03927190974 -0.001980217174 1.582339168
v -0.03925495967 -0.00183283817 1.582156062
v -0.03867494315 -0.001235868316 1.581881046
v -0.03889735788 -0.001366205979 1.581869125
v -0.03893747181 -0.001361110248 1.581831455
v -0.03908354789 -0.002004106529 1.58196032
v -0.03896284476 -0.001550400164 1.58169663
v -0.03860292211 -0.0009102248587 1.581802964
v -0.0387820974 -0.001009097323 1.581576705
v -0.03879200295 -0.001354175154 1.581270337
v -0.03886470571 -0.001903230324 1.581513524
v -0.03872102872 -0.00229699444 1.581249595
v -0.03866789117 -0.001803074032 1.580925822
v -0.03867260367 -0.001329923049 1.580621004
v -0.03878564015 -0.0008531273343 1.581028104
v -0.03888201714 -0.0005241930485 1.580677986
v -0.03878071904 -0.0009165969677 1.580270171
v -0.0390444845 -0.0002318737097 1.580424905
v -0.03901180252 -0.0005505136214 1.57995522
v -0.03928928077 0.0001239958219 1.580325246
v -0.03932007775 -0.0002181297168 1.579747081
v -0.03929817304 -0.0006799451075 1.579266191
v -0.0389790684 -0.0009710467421 1.579488039
v -0.03905345127 -0.001395452302 1.57910955
v -0.03933581337 -0.001107404009 1.578935504
v -0.03870664537 -0.001341960393 1.579805732
v -0.03878136724 -0.001766022295 1.579383492
v -0.03925422952 -0.001733353827 1.578845143
v -0.03900543228 -0.002130500507 1.579075933
v -0.03930759802 -0.002400876023 1.578898191
v -0.0395286046 -0.001969687641 1.578683138
v -0.03948605061 -0.001369510312 1.578734994
v -0.03973724693 -0.001511030365 1.578602195
v -0.04003527761 -0.001626947429 1.578556418
v -0.03984031454 -0.002134141512 1.57862556
v -0.04017173126 -0.00102963578 1.578635931
v -0.03986679763 -0.0009855600074 1.578681469
v -0.04040921479 -0.001745928545 1.578629732
v -0.04055389762 -0.001129520591 1.578699589
v -0.0406454429 -0.0004316307604 1.578992009
v -0.04023766518 -0.0003623827361 1.578936338
v -0.04068636522 0.0002250429243 1.579582334
v -0.04026323929 0.0002775180619 1.57951355
v -0.03991539776 -0.0003929617815 1.578983545
v -0.039931871 0.0002013342455 1.579537511
v -0.04024212435 0.0007585689891 1.580335855
v -0.03990573436 0.0006691981107 1.580291271
v -0.03973302245 0.0008668620139 1.581155062
v -0.04008243233 0.0009422611911 1.581287503
v -0.03940465674 0.0007485924289 1.58196032
v -0.03974879906 0.0007925699465 1.582169771
v -0.04051990062 0.0008029425517 1.581440806
v -0.04019793123 0.0005994923413 1.582355499
v -0.03972450644 0.0002287100069 1.583072066
v -0.0393130593 0.0004472190049 1.582847357
v -0.03883912787 2.62549147e-05 1.583307862
v -0.03919000551 -0.00019396469 1.583554864
v -0.03949901089 -0.0005045784637 1.583651662
v -0.0400540866 -0.0001171873882 1.583156228
v -0.03866433725 -0.0006368947215 1.583831787
v -0.03896991163 -0.00089680776 1.583933949
v -0.03965938836 -0.0007922276855 1.583571196
v -0.03916932642 -0.00112246396 1.583859324
v -0.03867848963 -0.001568981912 1.584002018
v -0.03845415264 -0.001390528399 1.584066153
v -0.03820020705 -0.002179299947 1.583994389
v -0.03796323761 -0.002036795951 1.584037066
v -0.03754527867 -0.002761003096 1.583816767
v -0.03778907284 -0.002884637564 1.583801985
v -0.0384218581 -0.002299125306 1.583872557
v -0.03802977502 -0.002963456325 1.583706856
v -0.03826031461 -0.003005055245 1.583548188
v -0.03862173483 -0.002403963357 1.583687067
v -0.03902869672 -0.001902110875 1.583665013
v -0.03887356073 -0.001739181578 1.583862543
v -0.0387942642 -0.002490516752 1.583437085
v -0.03913042322 -0.002059150487 1.583413363
v -0.0394285582 -0.001779328566 1.583259821
v -0.03941594437 -0.001564394683 1.583501458
v -0.03937808797 -0.001965007745 1.582988739
v -0.03917933255 -0.002186016645 1.583111167
v -0.03931573778 -0.002056591678 1.582765698
v -0.03917789832 -0.002241608687 1.582857728
v -0.03892559558 -0.002537860069 1.583129764
v -0.03898265213 -0.002535868436 1.582868099
v -0.03914930299 -0.00224961713 1.582687497
v -0.03898884356 -0.002507691272 1.582686543
v -0.03876962513 -0.002907980233 1.582770705
v -0.03880720958 -0.002831158228 1.58258307
v -0.03895754367 -0.002419475932 1.5824579
v -0.03880483657 -0.002689321991 1.582346559
v -0.03873734921 -0.002478132956 1.582080483
v -0.03887064382 -0.002258640248 1.582206607
v -0.0389848873 -0.002080298029 1.582262993
v -0.0390888229 -0.002201119903 1.582482576
v -0.03919124231 -0.00205268478 1.582443357
v -0.0390939936 -0.001952785999 1.582262397
v -0.03886789456 -0.001926466357 1.582097054
v -0.03899070993 -0.001808077097 1.582122087
v -0.0387448445 -0.001759244595 1.58196938
v -0.0388863273 -0.001643540338 1.5820117
v -0.03913992643 -0.001732837409 1.58208406
v -0.03905591741 -0.001567714382 1.581974268
v -0.03921889514 -0.001875698566 1.582208991
v -0.03896540031 -0.001413024962 1.581881285
v -0.03875787184 -0.001486723777 1.58192277
v -0.03858351707 -0.001348862424 1.581870794
v -0.03858656064 -0.001602817327 1.581871271
v -0.03837127984 -0.001464165747 1.581825972
v -0.03843669221 -0.001741061918 1.581764817
v -0.03819245845 -0.001612052321 1.581730604
v -0.0382899791 -0.001901769079 1.58159852
v -0.0380262807 -0.001784384251 1.581570983
v -0.03772119433 -0.001751797274 1.58164382
v -0.03790332004 -0.001538096461 1.581802607
v -0.03761521727 -0.001551283523 1.58198595
v -0.03742457181 -0.00182943698 1.581803679
v -0.03716989234 -0.001992061269 1.582027674
v -0.03736616671 -0.001641940325 1.582269073
v -0.03782539442 -0.001284640282 1.582068682
v -0.03759282082 -0.001281631179 1.582374096
v -0.03743059561 -0.001328078564 1.582740784
v -0.03717791662 -0.00177842658 1.582587719
v -0.03735299781 -0.001401396468 1.583083987
v -0.03706520796 -0.001934124622 1.582883239
v -0.03702636436 -0.002094098367 1.583157063
v -0.03735656291 -0.001489694696 1.583380461
v -0.03775024042 -0.0008940161206 1.583425879
v -0.03769584 -0.0008683963679 1.583114862
v -0.03806145862 -0.0004076319747 1.582967401
v -0.03817288578 -0.0003789858893 1.583301187
v -0.03842462599 -2.246582881e-05 1.582680821
v -0.03859751672 6.203120574e-05 1.583019614
v -0.03835634887 -0.0004362440668 1.583584189
v -0.03877688944 0.0003015457187 1.582283616
v -0.03900993615 0.000446528662 1.582580924
v -0.03912406415 0.0005488251336 1.581741452
v -0.03890287131 0.0002117557451 1.581530333
v -0.03861312941 2.153869718e-05 1.581971645
v -0.03914614767 0.0002749541309 1.580956936
v -0.03941710666 0.0006301116664 1.581041217
v -0.03959237039 0.0004512751475 1.580284119
v -0.0389707461 -0.0001348895021 1.580886245
v -0.03881007433 -0.000291287899 1.581324697
v -0.03861091286 -0.0004404024221 1.581690311
v -0.03836550191 -0.0005229138769 1.581983805
v -0.03832337633 -0.0002119289711 1.582311392
v -0.03802224249 -0.0005107070319 1.582578182
v -0.03809599578 -0.0006866790354 1.58220768
v -0.0383243002 -0.0009373626672 1.581954837
v -0.03783490881 -0.0009459848516 1.58234632
v -0.0380534865 -0.001059012953 1.582048655
v -0.03833778575 -0.001209800597 1.581892014
v -0.03810415417 -0.001348610502 1.581882834
v -0.03771911189 -0.0008873646148 1.582735658
v -0.03788378462 -0.0009765876457 1.583703279
v -0.03815505281 -0.001167605165 1.58395505
v -0.03744592145 -0.001616411377 1.583649397
v -0.03767896071 -0.001826445106 1.583906531
v -0.03707899526 -0.002278735396 1.583411336
v -0.03727810085 -0.002534787636 1.583667278
v -0.03694387525 -0.003200734966 1.583215594
v -0.03677975014 -0.002882233355 1.582989454
v -0.03653551638 -0.003373254556 1.582354426
v -0.03666365892 -0.003754800651 1.582513452
v -0.03645871207 -0.004127363209 1.581571341
v -0.03636017814 -0.003690924961 1.581503272
v -0.0362861231 -0.003780364525 1.580491185
v -0.03637698293 -0.004264118616 1.58043611
v -0.03660479933 -0.004663926084 1.580399394
v -0.03667876869 -0.004484744277 1.581609726
v -0.03694529086 -0.004645266104 1.581604838
v -0.03689016774 -0.004841775168 1.580390096
v -0.0372140035 -0.004902489018 1.5803895
v -0.03724307567 -0.004706712905 1.581575394
v -0.03714547679 -0.004207552876 1.582606792
v -0.03742019087 -0.00426770607 1.58255899
v -0.0376960896 -0.004248612095 1.582474113
v -0.03754715621 -0.004670394119 1.581523657
v -0.03794808313 -0.003652947955 1.583164334
v -0.03769450635 -0.003652061336 1.58328557
v -0.03819334507 -0.00359758921 1.582989097
v -0.03796533495 -0.004154005554 1.582352757
v -0.03841950744 -0.00348222442 1.582751274
v -0.03822434321 -0.003972345497 1.582180262
v -0.03784527257 -0.004541245755 1.581447601
v -0.03812346607 -0.00431068195 1.581333518
v -0.03829598054 -0.004064351786 1.581221342
v -0.03839495778 -0.003762641456 1.582003117
v -0.03811954707 -0.004437778611 1.5803473
v -0.03826866671 -0.004179725889 1.580313563
v -0.03836879879 -0.003867044579 1.581138968
v -0.03832595423 -0.003978407476 1.580289245
v -0.03836450353 -0.004060280975 1.579389334
v -0.03840380535 -0.003868197557 1.579424858
v -0.03833950311 -0.003682635259 1.580259681
v -0.03840190172 -0.003586154431 1.579472303
v -0.03861254081 -0.003519435879 1.57863152
v -0.03859369084 -0.0032719546 1.578742743
v -0.03833557665 -0.003210139927 1.579528928
v -0.03850949556 -0.002927716821 1.578877807
v -0.0382260941 -0.002859910484 1.579575539
v -0.03838359192 -0.002593110316 1.578994751
v -0.03864128515 -0.002183454111 1.578511119
v -0.03877999634 -0.00248521613 1.578333735
v -0.03847779706 -0.001902376767 1.578651071
v -0.03823271766 -0.002294982783 1.579085708
v -0.03881850466 -0.001408549957 1.57834053
v -0.03899664804 -0.001665189862 1.5781703
v -0.03942492604 -0.00107035134 1.578010798
v -0.03923619539 -0.0008400119841 1.578191161
v -0.03914488479 -0.001920241863 1.57795465
v -0.03958480805 -0.00128113525 1.577780008
v -0.03989530727 -0.0004415549338 1.578043699
v -0.04007134959 -0.0006267395802 1.577814341
v -0.04056004807 -9.965151548e-06 1.578003287
v -0.04035700113 0.0001576258801 1.578232288
v -0.03969652578 -0.0002278024331 1.578219056
v -0.04013768956 0.0003640374634 1.578404784
v -0.03991805762 0.0005979109555 1.578509688
v -0.03948817775 1.405365765e-06 1.578327537
v -0.03903079033 -0.0006060083397 1.578307509
v -0.03881875426 -0.0003794739023 1.578348398
v -0.03928080201 0.0002333703451 1.578360081
v -0.03840201721 -0.0009422888979 1.578497529
v -0.03861724585 -0.001165205147 1.578452945
v -0.03807454929 -0.001435792539 1.578781009
v -0.03828812391 -0.001650395337 1.578743696
v -0.03817869723 -0.0007569645531 1.578452229
v -0.03784211725 -0.001280913595 1.578740835
v -0.03784072399 -0.001838556491 1.579167247
v -0.03760197014 -0.001720439177 1.579128265
v -0.03761623427 -0.001207192894 1.57860899
v -0.03736908734 -0.001696129795 1.579017043
v -0.03721105307 -0.002077087294 1.579503536
v -0.03744924068 -0.002052587923 1.579589605
v -0.03713497519 -0.002311075572 1.580060244
v -0.03738202527 -0.002242017072 1.580115318
v -0.03739358485 -0.002265612129 1.580645323
v -0.03713398054 -0.002367344685 1.580633521
v -0.03692428395 -0.002459660172 1.579981565
v -0.03690769151 -0.002557107247 1.580618024
v -0.037185736 -0.00227211928 1.581135511
v -0.03694508225 -0.002480492927 1.581201911
v -0.03670429066 -0.002807781566 1.580594778
v -0.03673674166 -0.002745359205 1.58127737
v -0.03682492673 -0.00252640713 1.581843615
v -0.03702847287 -0.002280224115 1.581673145
v -0.03697196767 -0.002194717526 1.582280397
v -0.03666526452 -0.002795032226 1.582022071
v -0.03683532402 -0.002413530834 1.582528234
v -0.03655646741 -0.003072456457 1.582193613
v -0.03676176816 -0.002637417987 1.582765818
v -0.03655713424 -0.003040868323 1.581357956
v -0.03641733155 -0.003350073006 1.581434011
v -0.03651697934 -0.003096844535 1.580569863
v -0.03636131808 -0.003413112368 1.580538273
v -0.03640772775 -0.003219854087 1.579626203
v -0.03656022996 -0.002918525599 1.579767108
v -0.03668838367 -0.002536031418 1.579037666
v -0.03655382991 -0.002796046901 1.578800559
v -0.03652286157 -0.003141487483 1.578512311
v -0.03634350374 -0.003595677204 1.579449773
v -0.03671214357 -0.003620103467 1.578182697
v -0.036466524 -0.004102547187 1.57924509
v -0.03672857583 -0.004519991111 1.579112291
v -0.03703173995 -0.004015151877 1.577968121
v -0.03703571111 -0.004707493354 1.579091191
v -0.0373586826 -0.00419750018 1.577930212
v -0.03770326078 -0.004279787187 1.577975392
v -0.03737662733 -0.004776819143 1.579120994
v -0.03771462291 -0.004726944957 1.579182863
v -0.03803179786 -0.004253764171 1.578086853
v -0.03830693662 -0.004120699596 1.578241467
v -0.03801513463 -0.004565967713 1.579257607
v -0.03824666515 -0.0043098717 1.579333544
v -0.03850141913 -0.003900052514 1.578413129
v -0.03859009221 -0.003684898373 1.578545451
v -0.03890733793 -0.003107008524 1.577855706
v -0.0388430506 -0.003270828631 1.577673554
v -0.03891571611 -0.002977484837 1.57797575
v -0.03930091113 -0.002394458745 1.57737577
v -0.03929758444 -0.002301745117 1.577519059
v -0.03975880891 -0.001567227766 1.577305913
v -0.03977369517 -0.001628192607 1.577149153
v -0.03975132108 -0.001688875724 1.576916695
v -0.03925735131 -0.002505215816 1.577162385
v -0.03964821249 -0.001717527863 1.576629043
v -0.03912569582 -0.002599588595 1.576895118
v -0.038909778 -0.002625687979 1.576665878
v -0.03946150467 -0.001686903648 1.576383471
v -0.04007339478 -0.0007711667567 1.576369762
v -0.04023286328 -0.0008573755622 1.576623321
v -0.04068878293 6.742216647e-05 1.576535583
v -0.04082807153 -7.065199316e-05 1.576792717
v -0.0408815816 -0.0001576668583 1.577095747
v -0.04030874372 -0.0008908812888 1.576921105
v -0.04031095654 -0.0008771559224 1.577163219
v -0.04086487368 -0.0001831138507 1.577342749
v -0.04082246125 -0.0001747915521 1.577510595
v -0.04028313607 -0.00084457919 1.577326894
v -0.04021016881 -0.0007693460211 1.57754612
v -0.04072796181 -0.0001262291335 1.577733397
v -0.04133729637 0.0004199142568 1.577786088
v -0.04121503606 0.0004406205844 1.578011155
v -0.04100496322 0.0005246854853 1.578283429
v -0.04164436832 0.0009204156231 1.578341484
v -0.04137773812 0.0009621686768 1.578603983
v -0.04107516259 0.001084213844 1.578813314
v -0.04075777158 0.000670138048 1.57851243
v -0.040788766 0.001264357241 1.578954935
v -0.04050405324 0.0008654305711 1.578679442
v -0.04054281116 0.001480669016 1.579030752
v -0.04026621953 0.001095877262 1.578776717
v -0.04033255205 0.00172622758 1.579041719
v -0.0400518626 0.001349993283 1.57880652
v -0.03970877454 0.0008452071343 1.578543663
v -0.03986896202 0.00161703187 1.578762174
v -0.03951990232 0.001088400371 1.57849896
v -0.03908476979 0.0004532621242 1.578306675
v -0.03891725838 0.0006456093397 1.578164458
v -0.03936617449 0.001307775965 1.578369856
v -0.03880383074 0.0007962407544 1.57794416
v -0.03926592693 0.00148841599 1.57816422
v -0.03964005783 0.00210320414 1.578439832
v -0.03972854093 0.001877048751 1.578638077
v -0.03997356817 0.00254091667 1.578659892
v -0.04003983736 0.00227403501 1.578847051
v -0.04016220197 0.001996297622 1.578979969
v -0.04027025774 0.002572365338 1.57904017
v -0.04038967937 0.002291901503 1.579171777
v -0.04045775533 0.002523399424 1.579416871
v -0.04029604793 0.002809631638 1.579265475
v -0.04025686905 0.003180093365 1.579116821
v -0.04022815451 0.002899560845 1.578885794
v -0.0402976498 0.003517321544 1.579035759
v -0.0404169932 0.003635543631 1.578907967
v -0.0405876711 0.003805865068 1.57876718
v -0.04035766423 0.003365222132 1.578454256
v -0.04026107863 0.003181428881 1.578689575
v -0.03996545821 0.002774302848 1.578425765
v -0.04002856091 0.002952454844 1.578159332
v -0.04019010812 0.003056217916 1.577899575
v -0.04054171219 0.003501686733 1.578229427
v -0.04050069302 0.003055766691 1.577664137
v -0.0408879891 0.003525876673 1.578017354
v -0.04130935669 0.00344465021 1.577859521
v -0.04094617441 0.002950754948 1.577459455
v -0.04053192586 0.002336025238 1.57710743
v -0.04008351266 0.002443857724 1.577363253
v -0.03967964277 0.00170714478 1.577049494
v -0.04008942097 0.001594702248 1.57676971
v -0.03953720629 0.0007590495516 1.57648313
v -0.03915903345 0.0008928021416 1.576780677
v -0.03943236917 0.001729369862 1.577317953
v -0.03893790394 0.0009400798008 1.577067137
v -0.03853004798 4.054233432e-05 1.576661468
v -0.03833047673 0.0001280223951 1.576982975
v -0.03881203011 0.0009386681486 1.577366471
v -0.03822990134 0.0001639071852 1.577305794
v -0.03771518171 -0.0006901253946 1.577130437
v -0.03766841814 -0.0006145639345 1.577474117
v -0.03722336888 -0.001353697851 1.577863097
v -0.03719406202 -0.001483113039 1.577520132
v -0.03787506744 -0.0008295807056 1.576765299
v -0.03728611767 -0.001690568868 1.577128291
v -0.03822836652 -0.001077614725 1.57637465
v -0.03759975359 -0.002023903187 1.576703906
v -0.03682864457 -0.002482356038 1.577728033
v -0.03708586842 -0.002896748949 1.577324271
v -0.03745466098 -0.003247334156 1.577071428
v -0.03798902407 -0.002323004417 1.576447248
v -0.03779333085 -0.003415354528 1.577035546
v -0.03831569105 -0.002480777912 1.576428652
v -0.03892662749 -0.0014785612 1.57612443
v -0.038621407 -0.001322163269 1.576137066
v -0.03928532079 -0.0003367448226 1.576113939
v -0.03957884759 -0.0004955576733 1.576099396
v -0.03889710456 -0.0001378441229 1.576324463
v -0.03992694616 0.0005839786027 1.576287985
v -0.03921239823 -0.001602674369 1.576211929
v -0.03984798864 -0.0006453171372 1.576189041
v -0.04021733254 0.0004152664915 1.576266885
v -0.04047838598 0.0002365431283 1.576353312
v -0.04107082635 0.001025669742 1.576622128
v -0.04080588371 0.001237418503 1.576542854
v -0.04160399362 0.001724255504 1.576965451
v -0.0413196981 0.001961885486 1.576887846
v -0.0409860909 0.002162925666 1.576923132
v -0.04050320387 0.001424436225 1.57657516
v -0.04138747975 0.002795083448 1.577320099
v -0.04175439849 0.002603764879 1.577286005
v -0.04170620069 0.003321188735 1.577761769
v -0.04207282141 0.003153258702 1.577730298
v -0.04235668108 0.002922151703 1.57781148
v -0.04205355421 0.002364270855 1.577368021
v -0.04254700989 0.002651310991 1.577983856
v -0.04226345941 0.002102839295 1.57755065
v -0.04181345552 0.00147931627 1.577147126
v -0.04236185551 0.001849878812 1.577806592
v -0.04192979634 0.001257551368 1.577406168
v -0.04140200466 0.0006289654411 1.577060819
v -0.04127596319 0.0008140548598 1.57680285
v -0.04194212332 0.001080407994 1.577709436
v -0.04143472388 0.0004938165657 1.577366352
v -0.04188175499 0.0009815904777 1.577955127
v -0.04139696807 0.0004330605734 1.577616096
v -0.04180203751 0.0009398073889 1.578121424
v -0.04215907305 0.001406171592 1.578488469
v -0.04225792736 0.001484900247 1.578331947
v -0.04196988419 0.00133933383 1.578691006
v -0.04216118902 0.001720459666 1.579033136
v -0.04235919192 0.00182082667 1.578848362
v -0.04243269563 0.002224804135 1.579203367
v -0.04224873707 0.00209996826 1.579376936
v -0.04197907448 0.002020233078 1.579561234
v -0.04184189066 0.001678786241 1.579239726
v -0.04149680585 0.001751877367 1.579382777
v -0.0416693911 0.002037713537 1.579694152
v -0.04134501517 0.002151940949 1.579764843
v -0.04119106382 0.001901745563 1.579456091
v -0.04094208404 0.00208097836 1.579486966
v -0.04107649624 0.002289654221 1.579796791
v -0.04083175585 0.002402111422 1.579840422
v -0.04069942608 0.002282836707 1.579495668
v -0.04102794081 0.002411676571 1.580169559
v -0.04120628536 0.002400064142 1.580090642
v -0.04122074693 0.002456980757 1.580400109
v -0.04134527966 0.002478287555 1.580281973
v -0.04141787067 0.002612827811 1.580500364
v -0.04151164368 0.002629438881 1.580360174
v -0.04159836099 0.002857784741 1.580484867
v -0.04171444476 0.003171568504 1.580417395
v -0.04179041833 0.00315918657 1.580287576
v -0.04167639464 0.002857911633 1.580346346
v -0.04184989631 0.003533431794 1.580188036
v -0.04176386446 0.00354367774 1.580320239
v -0.04171850532 0.003909899388 1.580256224
v -0.04173130542 0.004047330469 1.58016336
v -0.04222243652 0.003608813975 1.579698086
v -0.04209410772 0.00333082024 1.579913616
v -0.04181829467 0.004247065168 1.579963923
v -0.04193204641 0.004454704467 1.57968986
v -0.04195581004 0.004549610894 1.579344511
v -0.04235462099 0.003776929108 1.579448342
v -0.04240465537 0.003919264767 1.579150319
v -0.04264130816 0.003469398012 1.578878641
v -0.04263103753 0.003264573403 1.579091907
v -0.04255151376 0.003691856749 1.578654885
v -0.04233999178 0.004041159991 1.578810573
v -0.04254117608 0.003352278378 1.578291416
v -0.0426886566 0.003075334709 1.578448892
v -0.04230389744 0.003582014935 1.578213811
v -0.04241276532 0.003817793448 1.57852149
v -0.04196784645 0.003741190303 1.578240514
v -0.04218331352 0.004004382063 1.57857585
v -0.04155609757 0.00386753818 1.578327298
v -0.04175991938 0.004247003701 1.578644753
v -0.04179811105 0.004562838934 1.578900576
v -0.0413710773 0.00441982178 1.578733325
v -0.04107609764 0.004370010924 1.578816772
v -0.04113444313 0.003942802548 1.578457236
v -0.04080406576 0.003918181639 1.578617811
v -0.04254899174 0.003070907667 1.579284906
v -0.04272247478 0.002803038107 1.578647971
v -0.04265982658 0.002548649441 1.578864813
v -0.04255110398 0.002355516888 1.579055548
v -0.04243115708 0.002863882575 1.579470277
v -0.04230975732 0.00267902948 1.579612017
v -0.04200038686 0.003035552334 1.580032825
v -0.04215285182 0.002496877452 1.579743624
v -0.04187303036 0.002775588771 1.580107927
v -0.04170869663 0.002561692614 1.580145597
v -0.04195353389 0.002341376152 1.579859376
v -0.0417277813 0.002272298094 1.579940557
v -0.04154898971 0.002428263426 1.580126047
v -0.04144941643 0.002322649583 1.580016136
v -0.04257147014 0.002109620254 1.578486204
v -0.04246719554 0.001927510602 1.578701615
v -0.04234452546 0.001628407277 1.578098774
v -0.0426178053 0.002372062765 1.578219771
v -0.04056209698 0.002034653211 1.579245925
v -0.04076908156 0.001803953899 1.579248667
v -0.04101213813 0.001600903459 1.579198241
v -0.04131446406 0.00143396901 1.579095006
v -0.04165654629 0.001334670465 1.578923941
v -0.03862972185 -0.002582066227 1.576507926
v -0.03813088313 -0.003505776171 1.577095151
v -0.03843897954 -0.003513355739 1.577235699
v -0.0368078202 -0.002199764829 1.578094721
v -0.03690383583 -0.002002718858 1.578402281
v -0.03703159839 -0.001859556884 1.578646779
v -0.03730740771 -0.001267891843 1.578154683
v -0.03743472695 -0.001212756615 1.578404307
v -0.03717917949 -0.001752741635 1.578848839
v -0.03701230139 -0.002179794479 1.579378724
v -0.03684573248 -0.00233441079 1.579226017
v -0.03673790023 -0.0026653721 1.579882622
v -0.03769864887 -0.0005783219822 1.577793241
v -0.03780006245 -0.0005800039507 1.578075886
v -0.03796663135 -0.0006342343986 1.578304768
v -0.0382771641 0.000102870632 1.577911973
v -0.03841739148 -9.089242667e-06 1.578145385
v -0.03860842437 -0.0001739030704 1.578296661
v -0.03821156546 0.000158413779 1.577623248
v -0.03876656294 0.0008936964441 1.577667952
v -0.03923720494 0.001620110357 1.57790041
v -0.03929079697 0.001698713051 1.577607274
v -0.03961481899 0.00227856636 1.578182101
v -0.03966752067 0.002396713942 1.577893496
v -0.03981471062 0.002453719731 1.577612877
v -0.03970291093 -0.001458485611 1.577517033
v -0.03868315369 -0.003431075718 1.577440023
v -0.03925266489 -0.002150673419 1.57771194
v -0.03888084739 -0.002777176909 1.578135014
v -0.03785452992 -0.004694499541 1.580377579
v -0.03754336759 -0.00485090306 1.580388784
v -0.03727794066 -0.002079251222 1.581525445
v -0.03746241331 -0.002154159825 1.581084609
v -0.03757051751 -0.001966020558 1.581408143
v -0.03787732124 -0.001969581936 1.581349254
v -0.03775451332 -0.002148111351 1.581064224
v -0.03802013397 -0.002248005942 1.581089735
v -0.03815009445 -0.00207425328 1.581374645
v -0.0382206589 -0.002435766626 1.581172943
v -0.03835241869 -0.002249479294 1.581481576
v -0.03848600015 -0.002068145201 1.581708312
v -0.03848983347 -0.002471559681 1.58164537
v -0.03862672299 -0.00226578163 1.581871152
v -0.03875446692 -0.00207942538 1.582015991
v -0.03861853853 -0.001901094336 1.581869245
v -0.03859179094 -0.002724148799 1.581851721
v -0.03835738823 -0.002687705681 1.581299663
v -0.0384564437 -0.002985412721 1.581461787
v -0.03850347549 -0.003320299089 1.581672907
v -0.03864553198 -0.002997275908 1.582108021
v -0.03839507326 -0.003575272858 1.581027865
v -0.03834572062 -0.003203073982 1.580899835
v -0.03828390315 -0.003299046773 1.580227613
v -0.03824285418 -0.00287454389 1.580805421
v -0.03818173707 -0.002952780109 1.580203533
v -0.03810663894 -0.002594747115 1.580735803
v -0.0380497463 -0.00265379576 1.580186486
v -0.03787163645 -0.002419065684 1.580170274
v -0.0379161872 -0.002385383472 1.580686808
v -0.03766752779 -0.002271532547 1.580659866
v -0.037641 -0.002276364714 1.580148697
v -0.03769525886 -0.002129426226 1.579629779
v -0.03791260347 -0.002304293215 1.57963264
v -0.03805311397 -0.002038445789 1.579146624
v -0.03808787093 -0.002554773353 1.579611063
v -0.03847391903 -0.0035827416 1.581859946
v -0.03862654045 -0.003203518689 1.582336545
v -0.03856175765 -0.00333867548 1.582519412
v -0.03866744787 -0.002975276206 1.583031654
v -0.03847974539 -0.003010907676 1.583323359
v -0.03743719682 -0.00359206181 1.583353639
v -0.03689176589 -0.004066307563 1.582608223
v -0.03718990833 -0.003466442227 1.583353877
v -0.03926162794 -0.002080141101 1.582615376
v -0.03969985619 -0.001632212661 1.582989216
v -0.03980335593 -0.00133286044 1.583183408
v -0.03932204843 -0.001346023753 1.58370626
v -0.03976459429 -0.001068159938 1.583401799
v -0.04029875994 -0.001029122155 1.582740664
v -0.04025847465 -0.0007531531155 1.5829283
v -0.04078435153 -0.0006635333411 1.582190156
v -0.04072446376 -0.0003770580515 1.582300186
v -0.04047847167 -0.001264469232 1.58263576
v -0.04096609727 -0.0009040911682 1.582173109
v -0.04121168703 -0.001184762456 1.582155108
v -0.04078854993 -0.001497656573 1.582586288
v -0.04136278853 -0.001609223895 1.581978559
v -0.0410358943 -0.001835272182 1.582379699
v -0.04035306349 -0.001885417849 1.582785845
v -0.04067435488 -0.002142340411 1.582604051
v -0.04039002582 -0.002503658179 1.582631946
v -0.04006548226 -0.002310394309 1.582787037
v -0.04002247006 -0.001674735919 1.582813263
v -0.04020126536 -0.00286790356 1.582500815
v -0.0398513563 -0.002685958054 1.582648635
v -0.03968023881 -0.003074392211 1.582380176
v -0.04008897394 -0.003230701201 1.582219362
v -0.0400156714 -0.003554584458 1.581808686
v -0.0395931825 -0.003491428681 1.581950903
v -0.03917361423 -0.003288891166 1.581961632
v -0.03929561004 -0.002822259907 1.582350612
v -0.03895363957 -0.003039815463 1.581820846
v -0.03909695148 -0.002619546838 1.58215487
v -0.03881545737 -0.002722605597 1.581576586
v -0.03895910457 -0.002341958228 1.581848383
v -0.03888122365 -0.003403729293 1.581248045
v -0.03872928396 -0.003071875777 1.581094265
v -0.03889935836 -0.003569537308 1.580592155
v -0.0387330614 -0.003270220943 1.580535173
v -0.03913138807 -0.003659535665 1.581342101
v -0.03918202221 -0.0038061128 1.580649734
v -0.03956309333 -0.003791833762 1.58135581
v -0.03962169215 -0.003890523221 1.580706477
v -0.03973021731 -0.00378671987 1.580102682
v -0.03928181529 -0.003708412871 1.580022573
v -0.03939308226 -0.003425478004 1.57952857
v -0.03983503953 -0.003529581707 1.579603672
v -0.03897729144 -0.003490094561 1.580011249
v -0.03906536102 -0.003212869633 1.579561949
v -0.03915636241 -0.002828944009 1.579203486
v -0.03950087726 -0.003038608935 1.579139471
v -0.0396428965 -0.002595721278 1.578828216
v -0.03994015604 -0.003174390644 1.57919836
v -0.04007359594 -0.002745944075 1.578882217
v -0.04023814574 -0.002270109951 1.578692317
v -0.04044543952 -0.002824660856 1.579007387
v -0.04058127478 -0.002361102495 1.5788275
v -0.04072498158 -0.001843477599 1.57877326
v -0.04071588814 -0.00239024451 1.578906059
v -0.0408485122 -0.001891692635 1.578862429
v -0.0410335958 -0.001422081608 1.578983307
v -0.04087295756 -0.001247346401 1.578843832
v -0.04116342962 -0.0007275058888 1.579294086
v -0.0409857966 -0.00056659244 1.579129815
v -0.04119382054 -0.0001340596937 1.579868436
v -0.04103029892 6.945896894e-05 1.579718828
v -0.04113920778 0.0002244273201 1.580687046
v -0.04099521041 0.000478877686 1.580579042
v -0.04098378122 0.0002259551547 1.581577778
v -0.04085348919 0.0005237245932 1.581547022
v -0.04066877067 -6.516091526e-05 1.582397938
v -0.04054208845 0.0002616792917 1.5824368
v -0.04018770531 -0.0004487512633 1.583082914
v -0.04104786739 -9.029265493e-05 1.581569552
v -0.04066418111 0.0006829409394 1.58044672
v -0.04122854769 -6.888620555e-05 1.580777407
v -0.04134524614 -0.0003776890226 1.580848455
v -0.04112974927 -0.0004009357654 1.581547856
v -0.04153535143 -0.0007032104768 1.580916286
v -0.04131487757 -0.0006848340854 1.581574917
v -0.04150963947 -0.001019213814 1.581587672
v -0.04169053957 -0.001080116257 1.580963016
v -0.04162679985 -0.000955383759 1.580281854
v -0.0417396538 -0.001280233264 1.580386519
v -0.04175429791 -0.00162711367 1.58039403
v -0.04172378033 -0.001531589311 1.580926776
v -0.04168250784 -0.002028072719 1.580807686
v -0.04170112312 -0.002028195187 1.58028841
v -0.04170565307 -0.001576263923 1.580033302
v -0.04165014252 -0.001946787816 1.579870105
v -0.0416549854 -0.002286521718 1.580225348
v -0.04160794243 -0.002181649208 1.57980454
v -0.04150927067 -0.002045518253 1.579512239
v -0.04155383632 -0.001784958411 1.579602361
v -0.04135843366 -0.001921609975 1.579288483
v -0.04140689224 -0.001621774863 1.579389572
v -0.04119002819 -0.001879735384 1.579118371
v -0.04123158008 -0.001486429945 1.579188585
v -0.04146860912 -0.001119658351 1.57966578
v -0.04130963981 -0.000911151059 1.579472184
v -0.04145982116 -0.000644642394 1.580168247
v -0.04131450504 -0.0003746664152 1.580020785
v -0.04161190242 -0.001357777044 1.579835534
v -0.04094580933 -0.001933485735 1.578935981
v -0.04105375707 -0.002059489023 1.579024673
v -0.04114904627 -0.002126039471 1.579099298
v -0.0410506241 -0.002477372065 1.579090714
v -0.04094152525 -0.002449480817 1.57902503
v -0.04131004587 -0.002154103946 1.579249382
v -0.04122326523 -0.00252367137 1.579229832
v -0.0411221981 -0.00291495584 1.579305887
v -0.04093939066 -0.002902302891 1.579193473
v -0.04083421454 -0.00329124881 1.579420805
v -0.04103163257 -0.003270118963 1.579503179
v -0.0407547541 -0.003594093025 1.579780579
v -0.04097107053 -0.003546066117 1.579837084
v -0.04062119871 -0.003584688064 1.579764605
v -0.04071443528 -0.003280352335 1.579396009
v -0.04058996588 -0.003254381474 1.579380751
v -0.04049002752 -0.003551281523 1.579758286
v -0.04040250927 -0.003726275172 1.580228209
v -0.04054619372 -0.003759124782 1.580239058
v -0.04027231038 -0.003693262581 1.580222249
v -0.04036678374 -0.003516187891 1.57975316
v -0.04011462256 -0.003735928796 1.580193162
v -0.04021628574 -0.003530784976 1.579710364
v -0.04032165557 -0.00322397612 1.57931149
v -0.04047084227 -0.003227373585 1.579367042
v -0.04059045389 -0.002840651665 1.579078078
v -0.04070719332 -0.002863929141 1.579112411
v -0.04082629085 -0.002417676151 1.578963399
v -0.04082786664 -0.002887021285 1.579149008
v -0.04029046372 -0.003770933021 1.580681801
v -0.04002128541 -0.003830074798 1.580737233
v -0.04026423022 -0.003689337522 1.581216812
v -0.03997946158 -0.00377213629 1.581299067
v -0.04048491269 -0.00378233334 1.580739737
v -0.04045749083 -0.003663579002 1.581173897
v -0.04046790302 -0.00346290553 1.581509352
v -0.04029105976 -0.003491246141 1.581621528
v -0.04036550969 -0.003236238845 1.581951022
v -0.04053139687 -0.003243712708 1.581772804
v -0.04068287089 -0.003323804121 1.581680298
v -0.04063916206 -0.003503330983 1.581471443
v -0.04065805674 -0.003005745355 1.581980944
v -0.04082624614 -0.003128092736 1.581829667
v -0.04099680483 -0.002912787255 1.581906557
v -0.04083631933 -0.002769362181 1.582075715
v -0.04120837897 -0.003114241641 1.581608176
v -0.04103244096 -0.003316232469 1.581556201
v -0.04113044217 -0.003458776977 1.58120501
v -0.04132087901 -0.003237444442 1.581250072
v -0.04146179557 -0.00294481311 1.581330061
v -0.04133719951 -0.002874731552 1.581649542
v -0.04133996367 -0.003274817485 1.580862641
v -0.04149303958 -0.002960679121 1.580954432
v -0.04157089815 -0.002603922505 1.581079364
v -0.04149742424 -0.002603980713 1.581460834
v -0.04159896821 -0.002581176814 1.58064127
v -0.04149938375 -0.00293015223 1.580533862
v -0.04160640761 -0.002496422734 1.580178142
v -0.04150943831 -0.002821429633 1.580107927
v -0.04147950932 -0.002684424631 1.579740763
v -0.04156443477 -0.002374263946 1.579773068
v -0.04146395624 -0.002253912389 1.579474449
v -0.04138122499 -0.00258753309 1.579449534
v -0.04136435688 -0.002987630665 1.579715371
v -0.04128756747 -0.002918266691 1.579487443
v -0.04122226685 -0.003180254716 1.57963419
v -0.04118710011 -0.003385644406 1.579935312
v -0.04136763886 -0.003135243896 1.580030918
v -0.04115990922 -0.00351151824 1.580355883
v -0.04134833813 -0.003248052672 1.580437779
v -0.04114644229 -0.003527664579 1.580802679
v -0.04092864692 -0.003700309433 1.580290318
v -0.04090483859 -0.003715920262 1.580765247
v -0.04090344533 -0.003626849037 1.581168532
v -0.0406434983 -0.003680003807 1.58116281
v -0.04064874351 -0.003786706831 1.580747724
v -0.04084741697 -0.003473528195 1.581481934
v -0.04069229215 -0.003766142298 1.58025229
v -0.04164298251 -0.002342428081 1.580716848
v -0.04158549011 -0.002358144615 1.581172585
v -0.04159297794 -0.002030145377 1.581298947
v -0.04146932811 -0.002376578283 1.581560254
v -0.04143357277 -0.002088157926 1.581717849
v -0.04158940911 -0.001492963172 1.581484079
v -0.04119837657 -0.002214194275 1.58204937
v -0.04127592593 -0.002437790856 1.581854701
v -0.04134140909 -0.002616239246 1.581749678
v -0.04104976729 -0.002569976728 1.582024813
v -0.04116450623 -0.002714653965 1.581887603
v -0.04092788324 -0.002413245849 1.582251549
v -0.0406755507 -0.002665052656 1.582309842
v -0.04048442841 -0.002948726527 1.582201004
v -0.03884556144 -0.002543915063 1.57938993
v -0.03879439831 -0.002925221808 1.579729676
v -0.0386018008 -0.00259284256 1.580074787
v -0.03862544894 -0.002183250152 1.579731107
v -0.03857110813 -0.001768591348 1.580175757
v -0.03856319934 -0.002218035981 1.580518961
v -0.03864505887 -0.002959697042 1.580372453
v -0.03862722591 -0.002670708578 1.580839515
v -0.03877354413 -0.003209942952 1.580091834
v -0.03963157162 3.812275827e-05 1.579614997
v -0.03960895911 -0.0004925434478 1.579103351
v -0.03959264979 -0.000982878264 1.578800797
f 1 784 2339
f 1 2339 788
f 784 2 2337
f 784 2337 2339
f 2339 2337 7
f 2339 7 790
f 788 2339 790
f 788 790 6
f 1 785 2340
f 1 2340 784
f 785 3 1890
f 785 1890 2340
f 2340 1890 105
f 2340 105 1892
f 784 2340 1892
f 784 1892 2
f 1 786 2341
f 1 2341 785
f 786 4 1920
f 786 1920 2341
f 2341 1920 608
f 2341 608 1919
f 785 2341 1919
f 785 1919 3
f 1 787 2342
f 1 2342 786
f 5 2338 2342
f 5 2342 787
f 4 786 2342
f 4 2342 2338
f 1 788 2343
f 1 2343 787
f 6 789 2343
f 6 2343 788
f 5 787 2343
f 5 2343 789
f 5 789 2344
f 5 2344 2335
f 789 6 791
f 789 791 2344
f 2344 791 8
f 2344 8 795
f 2335 2344 795
f 2335 795 12
f 6 790 2345
f 6 2345 791
f 790 7 2336
f 790 2336 2345
f 2345 2336 10
f 2345 10 793
f 791 2345 793
f 791 793 8
f 9 792 2346
f 9 2346 802
f 792 8 796
f 792 796 2346
f 2346 796 13
f 2346 13 801
f 802 2346 801
f 802 801 17
f 9 1940 2347
f 9 2347 792
f 1940 621 1942
f 1940 1942 2347
f 2347 1942 12
f 2347 12 795
f 792 2347 795
f 792 795 8
f 123 1882 2348
f 123 2348 1881
f 1882 11 794
f 1882 794 2348
f 2348 794 8
f 2348 8 793
f 1881 2348 793
f 1881 793 10
f 13 796 2349
f 13 2349 797
f 8 794 2349
f 8 2349 796
f 11 797 2349
f 11 2349 794
f 13 798 800
f 798 2350 800
f 798 14 1034
f 798 1034 2350
f 2350 1034 182
f 2350 182 1036
f 800 2350 1036
f 800 1036 16
f 15 959 799
f 959 2351 799
f 959 134 2351
f 134 958 2351
f 2351 958 798
f 958 14 798
f 799 2351 798
f 799 798 13
f 16 806 2352
f 16 2352 800
f 806 19 804
f 806 804 2352
f 2352 804 17
f 2352 17 801
f 800 2352 13
f 2352 801 13
f 9 802 2353
f 9 2353 1940
f 802 17 803
f 802 803 2353
f 2353 803 18
f 2353 18 1941
f 1940 2353 1941
f 1940 1941 621
f 19 807 2354
f 19 2354 804
f 807 21 809
f 807 809 2354
f 2354 809 18
f 2354 18 803
f 804 2354 803
f 804 803 17
f 180 1028 2355
f 180 2355 1029
f 1028 20 805
f 1028 805 2355
f 2355 805 19
f 2355 19 806
f 1029 2355 806
f 1029 806 16
f 22 808 2356
f 22 2356 2334
f 808 21 807
f 808 807 2356
f 2356 807 19
f 2356 19 805
f 2334 2356 805
f 2334 805 20
f 22 815 2357
f 22 2357 808
f 815 26 813
f 815 813 2357
f 2357 813 23
f 2357 23 810
f 808 2357 810
f 808 810 21
f 24 2333 2358
f 24 2358 811
f 2333 18 809
f 2333 809 2358
f 2358 809 21
f 2358 21 810
f 811 2358 810
f 811 810 23
f 622 2281 2359
f 622 2359 2282
f 2281 24 811
f 2281 811 2359
f 2359 811 23
f 2359 23 812
f 2282 2359 812
f 2282 812 25
f 25 812 2360
f 25 2360 2332
f 812 23 813
f 812 813 2360
f 2360 813 26
f 2360 26 814
f 2332 2360 814
f 2332 814 27
f 27 814 2361
f 27 2361 2330
f 814 26 816
f 814 816 2361
f 2361 816 28
f 2361 28 818
f 2330 2361 818
f 2330 818 30
f 22 2331 2362
f 22 2362 815
f 2331 29 817
f 2331 817 2362
f 2362 817 28
f 2362 28 816
f 815 2362 816
f 815 816 26
f 32 820 2363
f 32 2363 2329
f 820 31 819
f 820 819 2363
f 2363 819 28
f 2363 28 817
f 2329 2363 817
f 2329 817 29
f 30 818 2364
f 30 2364 2328
f 818 28 819
f 818 819 2364
f 2364 819 31
f 2364 31 821
f 2328 2364 821
f 2328 821 33
f 32 2327 2365
f 32 2365 820
f 2327 35 823
f 2327 823 2365
f 2365 823 34
f 2365 34 822
f 820 2365 822
f 820 822 31
f 37 828 2366
f 37 2366 825
f 828 33 821
f 828 821 2366
f 2366 821 31
f 2366 31 822
f 825 2366 822
f 825 822 34
f 176 1015 2367
f 176 2367 1016
f 1015 36 824
f 1015 824 2367
f 2367 824 34
f 2367 34 823
f 1016 2367 823
f 1016 823 35
f 36 2326 2368
f 36 2368 824
f 2326 38 826
f 2326 826 2368
f 2368 826 37
f 2368 37 825
f 824 2368 825
f 824 825 34
f 37 826 2369
f 37 2369 827
f 826 38 2325
f 826 2325 2369
f 2369 2325 41
f 2369 41 830
f 827 2369 830
f 827 830 39
f 37 827 2370
f 37 2370 828
f 827 39 831
f 827 831 2370
f 2370 831 42
f 2370 42 832
f 828 2370 832
f 828 832 33
f 42 831 2371
f 42 2371 834
f 831 39 829
f 831 829 2371
f 2371 829 40
f 2371 40 835
f 834 2371 835
f 834 835 44
f 783 2320 2372
f 783 2372 2321
f 2320 40 829
f 2320 829 2372
f 2372 829 39
f 2372 39 830
f 2321 2372 830
f 2321 830 41
f 42 833 2373
f 42 2373 832
f 833 43 2324
f 833 2324 2373
f 2373 2324 30
f 2373 30 2328
f 832 2373 2328
f 832 2328 33
f 42 834 2374
f 42 2374 833
f 834 44 836
f 834 836 2374
f 2374 836 45
f 2374 45 2323
f 833 2374 2323
f 833 2323 43
f 46 837 2375
f 46 2375 840
f 837 44 835
f 837 835 2375
f 2375 835 40
f 2375 40 841
f 840 2375 841
f 840 841 49
f 45 836 2376
f 45 2376 2322
f 836 44 837
f 836 837 2376
f 2376 837 46
f 2376 46 838
f 2322 2376 838
f 2322 838 47
f 48 1969 2377
f 48 2377 839
f 1969 639 1967
f 1969 1967 2377
f 2377 1967 47
f 2377 47 838
f 839 2377 838
f 839 838 46
f 51 846 2378
f 51 2378 843
f 846 48 839
f 846 839 2378
f 2378 839 46
f 2378 46 840
f 843 2378 840
f 843 840 49
f 783 2319 2379
f 783 2379 2320
f 2319 50 842
f 2319 842 2379
f 2379 842 49
f 2379 49 841
f 2320 2379 841
f 2320 841 40
f 53 845 2380
f 53 2380 849
f 845 51 843
f 845 843 2380
f 2380 843 49
f 2380 49 842
f 849 2380 842
f 849 842 50
f 53 848 2381
f 53 2381 845
f 848 55 850
f 848 850 2381
f 2381 850 52
f 2381 52 844
f 845 2381 844
f 845 844 51
f 51 844 2382
f 51 2382 846
f 844 52 1974
f 844 1974 2382
f 2382 1974 642
f 2382 642 1975
f 846 2382 1975
f 846 1975 48
f 54 855 2383
f 54 2383 847
f 855 57 852
f 855 852 2383
f 2383 852 55
f 2383 55 848
f 847 2383 848
f 847 848 53
f 54 847 2384
f 54 2384 2315
f 847 53 849
f 847 849 2384
f 2384 849 50
f 2384 50 2314
f 2315 2384 2314
f 2315 2314 782
f 645 1980 2385
f 645 2385 1981
f 1980 52 850
f 1980 850 2385
f 2385 850 55
f 2385 55 851
f 1981 2385 851
f 1981 851 56
f 56 851 2386
f 56 2386 2318
f 851 55 852
f 851 852 2386
f 2386 852 57
f 2386 57 853
f 2318 2386 853
f 2318 853 58
f 58 853 2387
f 58 2387 2317
f 853 57 854
f 853 854 2387
f 2387 854 59
f 2387 59 856
f 2317 2387 856
f 2317 856 60
f 62 858 2388
f 62 2388 859
f 858 59 854
f 858 854 2388
f 2388 854 57
f 2388 57 855
f 859 2388 855
f 859 855 54
f 60 856 2389
f 60 2389 2254
f 856 59 857
f 856 857 2389
f 2389 857 61
f 2389 61 2255
f 2254 2389 2255
f 2254 2255 656
f 64 862 2390
f 64 2390 861
f 862 61 857
f 862 857 2390
f 2390 857 59
f 2390 59 858
f 861 2390 858
f 861 858 62
f 62 859 2391
f 62 2391 860
f 859 54 2315
f 859 2315 2391
f 2391 2315 782
f 2391 782 2312
f 860 2391 2312
f 860 2312 63
f 64 861 2392
f 64 2392 863
f 861 62 860
f 861 860 2392
f 2392 860 63
f 2392 63 2311
f 863 2392 2311
f 863 2311 65
f 66 866 2393
f 66 2393 864
f 866 68 2308
f 866 2308 2393
f 2393 2308 61
f 2393 61 862
f 864 2393 862
f 864 862 64
f 66 864 2394
f 66 2394 865
f 864 64 863
f 864 863 2394
f 2394 863 65
f 2394 65 2309
f 865 2394 2309
f 865 2309 67
f 69 867 2395
f 69 2395 868
f 867 66 865
f 867 865 2395
f 2395 865 67
f 2395 67 2307
f 868 2395 2307
f 868 2307 70
f 69 870 2396
f 69 2396 867
f 870 72 871
f 870 871 2396
f 2396 871 68
f 2396 68 866
f 867 2396 866
f 867 866 66
f 71 869 2397
f 71 2397 1007
f 869 69 868
f 869 868 2397
f 2397 868 70
f 2397 70 1006
f 1007 2397 1006
f 1007 1006 171
f 71 875 2398
f 71 2398 869
f 875 74 873
f 875 873 2398
f 2398 873 72
f 2398 72 870
f 869 2398 870
f 869 870 69
f 659 2009 2399
f 659 2399 2010
f 2009 68 871
f 2009 871 2399
f 2399 871 72
f 2399 72 872
f 2010 2399 872
f 2010 872 73
f 73 872 2400
f 73 2400 2306
f 872 72 873
f 872 873 2400
f 2400 873 74
f 2400 74 874
f 2306 2400 874
f 2306 874 75
f 75 874 2401
f 75 2401 881
f 874 74 876
f 874 876 2401
f 2401 876 76
f 2401 76 879
f 881 2401 879
f 881 879 79
f 78 878 2402
f 78 2402 2305
f 878 76 876
f 878 876 2402
f 2402 876 74
f 2402 74 875
f 2305 2402 875
f 2305 875 71
f 169 1000 2403
f 169 2403 999
f 1000 77 877
f 1000 877 2403
f 2403 877 76
f 2403 76 878
f 999 2403 878
f 999 878 78
f 79 879 2404
f 79 2404 882
f 879 76 877
f 879 877 2404
f 2404 877 77
f 2404 77 883
f 882 2404 883
f 882 883 81
f 79 882 2405
f 79 2405 880
f 882 81 885
f 882 885 2405
f 2405 885 83
f 2405 83 886
f 880 2405 886
f 880 886 80
f 75 881 2406
f 75 2406 2005
f 881 79 880
f 881 880 2406
f 2406 880 80
f 2406 80 2004
f 2005 2406 2004
f 2005 2004 662
f 81 883 2407
f 81 2407 884
f 883 77 1046
f 883 1046 2407
f 2407 1046 184
f 2407 184 1047
f 884 2407 1047
f 884 1047 82
f 81 884 2408
f 81 2408 885
f 884 82 890
f 884 890 2408
f 2408 890 85
f 2408 85 888
f 885 2408 888
f 885 888 83
f 591 2295 2409
f 591 2409 2296
f 2295 80 886
f 2295 886 2409
f 2409 886 83
f 2409 83 887
f 2296 2409 887
f 2296 887 84
f 84 887 2410
f 84 2410 2304
f 887 83 888
f 887 888 2410
f 2410 888 85
f 2410 85 889
f 2304 2410 889
f 2304 889 86
f 87 892 2411
f 87 2411 891
f 892 88 2303
f 892 2303 2411
f 2411 2303 86
f 2411 86 889
f 891 2411 889
f 891 889 85
f 82 2302 2412
f 82 2412 890
f 2302 89 893
f 2302 893 2412
f 2412 893 87
f 2412 87 891
f 890 2412 891
f 890 891 85
f 87 894 2413
f 87 2413 892
f 894 90 897
f 894 897 2413
f 2413 897 93
f 2413 93 898
f 892 2413 898
f 892 898 88
f 87 893 2414
f 87 2414 894
f 893 89 2301
f 893 2301 2414
f 2414 2301 91
f 2414 91 895
f 894 2414 895
f 894 895 90
f 92 896 2415
f 92 2415 1863
f 896 90 895
f 896 895 2415
f 2415 895 91
f 2415 91 1862
f 1863 2415 1862
f 1863 1862 188
f 93 897 2416
f 93 2416 899
f 897 90 896
f 897 896 2416
f 2416 896 92
f 2416 92 2300
f 899 2416 2300
f 899 2300 94
f 93 900 2417
f 93 2417 898
f 900 95 903
f 900 903 2417
f 2417 903 98
f 2417 98 905
f 898 2417 905
f 898 905 88
f 93 899 2418
f 93 2418 900
f 899 94 2299
f 899 2299 2418
f 2418 2299 97
f 2418 97 902
f 900 2418 902
f 900 902 95
f 97 1844 2419
f 97 2419 902
f 1844 213 1845
f 1844 1845 2419
f 2419 1845 96
f 2419 96 901
f 902 2419 901
f 902 901 95
f 100 906 2420
f 100 2420 908
f 906 98 903
f 906 903 2420
f 2420 903 95
f 2420 95 901
f 908 2420 901
f 908 901 96
f 99 904 2421
f 99 2421 911
f 904 98 906
f 904 906 2421
f 2421 906 100
f 2421 100 909
f 911 2421 909
f 911 909 102
f 99 2298 2422
f 99 2422 904
f 2298 86 2303
f 2298 2303 2422
f 2422 2303 88
f 2422 88 905
f 904 2422 905
f 904 905 98
f 100 908 2423
f 100 2423 907
f 908 96 1842
f 908 1842 2423
f 2423 1842 586
f 2423 586 1841
f 907 2423 1841
f 907 1841 101
f 100 907 2424
f 100 2424 909
f 907 101 914
f 907 914 2424
f 2424 914 104
f 2424 104 912
f 909 2424 912
f 909 912 102
f 104 913 2425
f 104 2425 912
f 913 105 1891
f 913 1891 2425
f 2425 1891 103
f 2425 103 910
f 912 2425 910
f 912 910 102
f 99 911 2426
f 99 2426 1896
f 911 102 910
f 911 910 2426
f 2426 910 103
f 2426 103 1894
f 1896 2426 1894
f 1896 1894 589
f 106 918 2427
f 106 2427 915
f 918 2 1892
f 918 1892 2427
f 2427 1892 105
f 2427 105 913
f 915 2427 913
f 915 913 104
f 106 915 2428
f 106 2428 917
f 915 104 914
f 915 914 2428
f 2428 914 101
f 2428 101 919
f 917 2428 919
f 917 919 108
f 106 916 2429
f 106 2429 918
f 916 107 1889
f 916 1889 2429
f 2429 1889 7
f 2429 7 2337
f 918 2429 2337
f 918 2337 2
f 110 924 2430
f 110 2430 921
f 924 107 916
f 924 916 2430
f 2430 916 106
f 2430 106 917
f 921 2430 917
f 921 917 108
f 586 1843 2431
f 586 2431 1841
f 1843 109 920
f 1843 920 2431
f 2431 920 108
f 2431 108 919
f 1841 2431 919
f 1841 919 101
f 110 921 2432
f 110 2432 923
f 921 108 920
f 921 920 2432
f 2432 920 109
f 2432 109 925
f 923 2432 925
f 923 925 112
f 111 1883 2433
f 111 2433 922
f 1883 122 1884
f 1883 1884 2433
f 2433 1884 107
f 2433 107 924
f 922 2433 924
f 922 924 110
f 111 922 2434
f 111 2434 928
f 922 110 923
f 922 923 2434
f 2434 923 112
f 2434 112 927
f 928 2434 927
f 928 927 114
f 585 1838 2435
f 585 2435 1836
f 1838 113 926
f 1838 926 2435
f 2435 926 112
f 2435 112 925
f 1836 2435 925
f 1836 925 109
f 112 926 2436
f 112 2436 927
f 926 113 1888
f 926 1888 2436
f 2436 1888 115
f 2436 115 929
f 927 2436 929
f 927 929 114
f 116 933 2437
f 116 2437 930
f 933 119 935
f 933 935 2437
f 2437 935 111
f 2437 111 928
f 930 2437 928
f 930 928 114
f 116 930 2438
f 116 2438 931
f 930 114 929
f 930 929 2438
f 2438 929 115
f 2438 115 1887
f 931 2438 1887
f 931 1887 117
f 565 1769 2439
f 565 2439 1768
f 1769 118 932
f 1769 932 2439
f 2439 932 116
f 2439 116 931
f 1768 2439 931
f 1768 931 117
f 116 932 2440
f 116 2440 933
f 932 118 1886
f 932 1886 2440
f 2440 1886 120
f 2440 120 934
f 933 2440 934
f 933 934 119
f 124 939 2441
f 124 2441 940
f 939 121 936
f 939 936 2441
f 2441 936 119
f 2441 119 934
f 940 2441 934
f 940 934 120
f 111 935 2442
f 111 2442 1883
f 935 119 936
f 935 936 2442
f 2442 936 121
f 2442 121 937
f 1883 2442 937
f 1883 937 122
f 122 937 2443
f 122 2443 1885
f 937 121 938
f 937 938 2443
f 2443 938 123
f 2443 123 1881
f 1885 2443 1881
f 1885 1881 10
f 123 938 2444
f 123 2444 1880
f 938 121 939
f 938 939 2444
f 2444 939 124
f 2444 124 941
f 1880 2444 941
f 1880 941 125
f 124 940 2445
f 124 2445 942
f 940 120 1879
f 940 1879 2445
f 2445 1879 127
f 2445 127 943
f 942 2445 943
f 942 943 126
f 124 942 2446
f 124 2446 941
f 942 126 945
f 942 945 2446
f 2446 945 129
f 2446 129 946
f 941 2446 946
f 941 946 125
f 127 1876 2447
f 127 2447 943
f 1876 138 1877
f 1876 1877 2447
f 2447 1877 128
f 2447 128 944
f 943 2447 944
f 943 944 126
f 130 947 2448
f 130 2448 955
f 947 129 945
f 947 945 2448
f 2448 945 126
f 2448 126 944
f 955 2448 944
f 955 944 128
f 131 950 2449
f 131 2449 948
f 950 133 952
f 950 952 2449
f 2449 952 125
f 2449 125 946
f 948 2449 946
f 948 946 129
f 130 953 2450
f 130 2450 947
f 953 132 949
f 953 949 2450
f 2450 949 131
f 2450 131 948
f 947 2450 948
f 947 948 129
f 123 1880 2451
f 123 2451 1882
f 1880 125 952
f 1880 952 2451
f 2451 952 133
f 2451 133 951
f 1882 2451 11
f 2451 951 11
f 130 956 2452
f 130 2452 953
f 956 134 959
f 956 959 2452
f 2452 959 15
f 2452 15 954
f 953 2452 954
f 953 954 132
f 135 957 2453
f 135 2453 960
f 957 134 956
f 957 956 2453
f 2453 956 130
f 2453 130 955
f 960 2453 955
f 960 955 128
f 135 961 2454
f 135 2454 957
f 961 136 1878
f 961 1878 2454
f 2454 1878 14
f 2454 14 958
f 957 2454 958
f 957 958 134
f 135 960 2455
f 135 2455 962
f 960 128 1877
f 960 1877 2455
f 2455 1877 138
f 2455 138 963
f 962 2455 963
f 962 963 137
f 139 1875 2456
f 139 2456 964
f 1875 136 961
f 1875 961 2456
f 2456 961 135
f 2456 135 962
f 964 2456 962
f 964 962 137
f 141 966 2457
f 141 2457 1874
f 966 140 965
f 966 965 2457
f 2457 965 137
f 2457 137 963
f 1874 2457 963
f 1874 963 138
f 139 964 2458
f 139 2458 971
f 964 137 965
f 964 965 2458
f 2458 965 140
f 2458 140 968
f 971 2458 968
f 971 968 143
f 141 1759 2459
f 141 2459 966
f 1759 563 1760
f 1759 1760 2459
f 2459 1760 142
f 2459 142 967
f 966 2459 967
f 966 967 140
f 142 1873 2460
f 142 2460 967
f 1873 144 969
f 1873 969 2460
f 2460 969 143
f 2460 143 968
f 967 2460 968
f 967 968 140
f 145 970 2461
f 145 2461 973
f 970 143 969
f 970 969 2461
f 2461 969 144
f 2461 144 1871
f 973 2461 1871
f 973 1871 147
f 145 972 2462
f 145 2462 970
f 972 146 1872
f 972 1872 2462
f 2462 1872 139
f 2462 139 971
f 970 2462 971
f 970 971 143
f 145 974 2463
f 145 2463 972
f 974 148 977
f 974 977 2463
f 2463 977 151
f 2463 151 978
f 972 2463 978
f 972 978 146
f 149 975 2464
f 149 2464 1870
f 975 148 974
f 975 974 2464
f 2464 974 145
f 2464 145 973
f 1870 2464 973
f 1870 973 147
f 149 1188 2465
f 149 2465 975
f 1188 286 1189
f 1188 1189 2465
f 2465 1189 150
f 2465 150 976
f 975 2465 976
f 975 976 148
f 153 980 2466
f 153 2466 983
f 980 151 977
f 980 977 2466
f 2466 977 148
f 2466 148 976
f 983 2466 976
f 983 976 150
f 152 1039 2467
f 152 2467 979
f 1039 183 1037
f 1039 1037 2467
f 2467 1037 146
f 2467 146 978
f 979 2467 978
f 979 978 151
f 152 979 2468
f 152 2468 1869
f 979 151 980
f 979 980 2468
f 2468 980 153
f 2468 153 981
f 1869 2468 981
f 1869 981 154
f 153 982 2469
f 153 2469 981
f 982 155 984
f 982 984 2469
f 2469 984 156
f 2469 156 1868
f 981 2469 1868
f 981 1868 154
f 153 983 2470
f 153 2470 982
f 983 150 1867
f 983 1867 2470
f 2470 1867 157
f 2470 157 985
f 982 2470 985
f 982 985 155
f 161 992 2471
f 161 2471 989
f 992 156 984
f 992 984 2471
f 2471 984 155
f 2471 155 986
f 989 2471 986
f 989 986 158
f 157 1866 2472
f 157 2472 985
f 1866 159 987
f 1866 987 2472
f 2472 987 158
f 2472 158 986
f 985 2472 986
f 985 986 155
f 160 988 2473
f 160 2473 1861
f 988 158 987
f 988 987 2473
f 2473 987 159
f 2473 159 1860
f 1861 2473 1860
f 1861 1860 189
f 160 1865 2474
f 160 2474 988
f 1865 162 990
f 1865 990 2474
f 2474 990 161
f 2474 161 989
f 988 2474 989
f 988 989 158
f 161 990 2475
f 161 2475 991
f 990 162 1044
f 990 1044 2475
f 2475 1044 165
f 2475 165 994
f 991 2475 994
f 991 994 163
f 161 991 2476
f 161 2476 992
f 991 163 993
f 991 993 2476
f 2476 993 164
f 2476 164 1864
f 992 2476 1864
f 992 1864 156
f 164 993 2477
f 164 2477 1043
f 993 163 995
f 993 995 2477
f 2477 995 166
f 2477 166 996
f 1043 2477 996
f 1043 996 167
f 169 998 2478
f 169 2478 1001
f 998 166 995
f 998 995 2478
f 2478 995 163
f 2478 163 994
f 1001 2478 994
f 1001 994 165
f 170 1042 2479
f 170 2479 1002
f 1042 167 996
f 1042 996 2479
f 2479 996 166
f 2479 166 997
f 1002 2479 997
f 1002 997 168
f 169 999 2480
f 169 2480 998
f 999 78 1004
f 999 1004 2480
f 2480 1004 168
f 2480 168 997
f 998 2480 997
f 998 997 166
f 184 1046 2481
f 184 2481 1045
f 1046 77 1000
f 1046 1000 2481
f 2481 1000 169
f 2481 169 1001
f 1045 2481 1001
f 1045 1001 165
f 170 1002 2482
f 170 2482 1009
f 1002 168 1003
f 1002 1003 2482
f 2482 1003 171
f 2482 171 1005
f 1009 2482 1005
f 1009 1005 172
f 78 2305 2483
f 78 2483 1004
f 2305 71 1007
f 2305 1007 2483
f 2483 1007 171
f 2483 171 1003
f 1004 2483 1003
f 1004 1003 168
f 172 1005 2484
f 172 2484 1010
f 1005 171 1006
f 1005 1006 2484
f 2484 1006 70
f 2484 70 1012
f 1010 2484 1012
f 1010 1012 174
f 172 1010 2485
f 172 2485 1008
f 1010 174 1011
f 1010 1011 2485
f 2485 1011 175
f 2485 175 1019
f 1008 2485 1019
f 1008 1019 173
f 170 1009 2486
f 170 2486 1024
f 1009 172 1008
f 1009 1008 2486
f 2486 1008 173
f 2486 173 1021
f 1024 2486 1021
f 1024 1021 177
f 174 1013 2487
f 174 2487 1011
f 1013 176 1016
f 1013 1016 2487
f 2487 1016 35
f 2487 35 1017
f 1011 2487 1017
f 1011 1017 175
f 174 1012 2488
f 174 2488 1013
f 1012 70 2307
f 1012 2307 2488
f 2488 2307 67
f 2488 67 1014
f 1013 2488 1014
f 1013 1014 176
f 176 1014 2489
f 176 2489 1015
f 1014 67 2309
f 1014 2309 2489
f 2489 2309 65
f 2489 65 2310
f 1015 2489 2310
f 1015 2310 36
f 32 2329 2490
f 32 2490 2327
f 2329 29 1018
f 2329 1018 2490
f 2490 1018 175
f 2490 175 1017
f 2327 2490 1017
f 2327 1017 35
f 22 1020 2491
f 22 2491 2331
f 1020 173 1019
f 1020 1019 2491
f 2491 1019 175
f 2491 175 1018
f 2331 2491 1018
f 2331 1018 29
f 22 2334 2492
f 22 2492 1020
f 2334 20 1022
f 2334 1022 2492
f 2492 1022 177
f 2492 177 1021
f 1020 2492 1021
f 1020 1021 173
f 178 1023 2493
f 178 2493 1027
f 1023 177 1022
f 1023 1022 2493
f 2493 1022 20
f 2493 20 1028
f 1027 2493 1028
f 1027 1028 180
f 178 1025 2494
f 178 2494 1023
f 1025 167 1042
f 1025 1042 2494
f 2494 1042 170
f 2494 170 1024
f 1023 2494 1024
f 1023 1024 177
f 164 1043 2495
f 164 2495 1041
f 1043 167 1025
f 1043 1025 2495
f 2495 1025 178
f 2495 178 1026
f 1041 2495 1026
f 1041 1026 179
f 178 1027 2496
f 178 2496 1026
f 1027 180 1030
f 1027 1030 2496
f 2496 1030 181
f 2496 181 1032
f 1026 2496 1032
f 1026 1032 179
f 182 1033 2497
f 182 2497 1036
f 1033 181 1030
f 1033 1030 2497
f 2497 1030 180
f 2497 180 1029
f 1036 2497 1029
f 1036 1029 16
f 152 1869 2498
f 152 2498 1031
f 1869 154 1040
f 1869 1040 2498
f 2498 1040 179
f 2498 179 1032
f 1031 2498 1032
f 1031 1032 181
f 182 1035 2499
f 182 2499 1033
f 1035 183 1039
f 1035 1039 2499
f 2499 1039 152
f 2499 152 1031
f 1033 2499 1031
f 1033 1031 181
f 182 1034 2500
f 182 2500 1035
f 1034 14 1878
f 1034 1878 2500
f 2500 1878 136
f 2500 136 1038
f 1035 2500 1038
f 1035 1038 183
f 139 1872 2501
f 139 2501 1875
f 1872 146 1037
f 1872 1037 2501
f 2501 1037 183
f 2501 183 1038
f 1875 2501 1038
f 1875 1038 136
f 164 1041 2502
f 164 2502 1864
f 1041 179 1040
f 1041 1040 2502
f 2502 1040 154
f 2502 154 1868
f 1864 2502 1868
f 1864 1868 156
f 185 1048 2503
f 185 2503 1049
f 1048 184 1045
f 1048 1045 2503
f 2503 1045 165
f 2503 165 1044
f 1049 2503 1044
f 1049 1044 162
f 82 1047 2504
f 82 2504 2302
f 1047 184 1048
f 1047 1048 2504
f 2504 1048 185
f 2504 185 1050
f 2302 2504 1050
f 2302 1050 89
f 160 1054 2505
f 160 2505 1865
f 1054 186 1051
f 1054 1051 2505
f 2505 1051 185
f 2505 185 1049
f 1865 2505 1049
f 1865 1049 162
f 91 2301 2506
f 91 2506 1053
f 2301 89 1050
f 2301 1050 2506
f 2506 1050 185
f 2506 185 1051
f 1053 2506 1051
f 1053 1051 186
f 187 1052 2507
f 187 2507 1056
f 1052 186 1054
f 1052 1054 2507
f 2507 1054 160
f 2507 160 1861
f 1056 2507 1861
f 1056 1861 189
f 91 1053 2508
f 91 2508 1862
f 1053 186 1052
f 1053 1052 2508
f 2508 1052 187
f 2508 187 1055
f 1862 2508 1055
f 1862 1055 188
f 190 1059 2509
f 190 2509 1057
f 1059 192 1858
f 1059 1858 2509
f 2509 1858 188
f 2509 188 1055
f 1057 2509 1055
f 1057 1055 187
f 190 1057 2510
f 190 2510 1058
f 1057 187 1056
f 1057 1056 2510
f 2510 1056 189
f 2510 189 1859
f 1058 2510 1859
f 1058 1859 191
f 195 1062 2511
f 195 2511 1856
f 1062 193 1060
f 1062 1060 2511
f 2511 1060 190
f 2511 190 1058
f 1856 2511 1058
f 1856 1058 191
f 194 1857 2512
f 194 2512 1061
f 1857 192 1059
f 1857 1059 2512
f 2512 1059 190
f 2512 190 1060
f 1061 2512 1060
f 1061 1060 193
f 194 1061 2513
f 194 2513 1069
f 1061 193 1063
f 1061 1063 2513
f 2513 1063 196
f 2513 196 1066
f 1069 2513 1066
f 1069 1066 199
f 195 1855 2514
f 195 2514 1062
f 1855 198 1065
f 1855 1065 2514
f 2514 1065 196
f 2514 196 1063
f 1062 2514 1063
f 1062 1063 193
f 197 1064 2515
f 197 2515 1742
f 1064 196 1065
f 1064 1065 2515
f 2515 1065 198
f 2515 198 1741
f 1742 2515 1741
f 1742 1741 292
f 197 1854 2516
f 197 2516 1064
f 1854 200 1067
f 1854 1067 2516
f 2516 1067 199
f 2516 199 1066
f 1064 2516 1066
f 1064 1066 196
f 201 1068 2517
f 201 2517 1071
f 1068 199 1067
f 1068 1067 2517
f 2517 1067 200
f 2517 200 1852
f 1071 2517 1852
f 1071 1852 203
f 201 1070 2518
f 201 2518 1068
f 1070 202 1853
f 1070 1853 2518
f 2518 1853 194
f 2518 194 1069
f 1068 2518 1069
f 1068 1069 199
f 204 1075 2519
f 204 2519 1072
f 1075 207 1076
f 1075 1076 2519
f 2519 1076 202
f 2519 202 1070
f 1072 2519 1070
f 1072 1070 201
f 204 1072 2520
f 204 2520 1073
f 1072 201 1071
f 1072 1071 2520
f 2520 1071 203
f 2520 203 1851
f 1073 2520 1851
f 1073 1851 205
f 206 1074 2521
f 206 2521 1732
f 1074 204 1073
f 1074 1073 2521
f 2521 1073 205
f 2521 205 1731
f 1732 2521 1731
f 1732 1731 308
f 206 1080 2522
f 206 2522 1074
f 1080 209 1078
f 1080 1078 2522
f 2522 1078 207
f 2522 207 1075
f 1074 2522 1075
f 1074 1075 204
f 208 1847 2523
f 208 2523 1077
f 1847 587 1848
f 1847 1848 2523
f 2523 1848 202
f 2523 202 1076
f 1077 2523 1076
f 1077 1076 207
f 211 1083 2524
f 211 2524 1081
f 1083 208 1077
f 1083 1077 2524
f 2524 1077 207
f 2524 207 1078
f 1081 2524 1078
f 1081 1078 209
f 212 1084 2525
f 212 2525 1086
f 1084 211 1081
f 1084 1081 2525
f 2525 1081 209
f 2525 209 1079
f 1086 2525 1079
f 1086 1079 210
f 554 1727 2526
f 554 2526 1728
f 1727 210 1079
f 1727 1079 2526
f 2526 1079 209
f 2526 209 1080
f 1728 2526 1080
f 1728 1080 206
f 97 1082 2527
f 97 2527 1844
f 1082 211 1084
f 1082 1084 2527
f 2527 1084 212
f 2527 212 1085
f 1844 2527 1085
f 1844 1085 213
f 97 2299 2528
f 97 2528 1082
f 2299 94 1846
f 2299 1846 2528
f 2528 1846 208
f 2528 208 1083
f 1082 2528 1083
f 1082 1083 211
f 212 1087 2529
f 212 2529 1085
f 1087 214 1088
f 1087 1088 2529
f 2529 1088 215
f 2529 215 1839
f 1085 2529 1839
f 1085 1839 213
f 212 1086 2530
f 212 2530 1087
f 1086 210 1092
f 1086 1092 2530
f 2530 1092 217
f 2530 217 1090
f 1087 2530 1090
f 1087 1090 214
f 585 1837 2531
f 585 2531 1835
f 1837 215 1088
f 1837 1088 2531
f 2531 1088 214
f 2531 214 1089
f 1835 2531 1089
f 1835 1089 216
f 217 1093 2532
f 217 2532 1090
f 1093 219 1095
f 1093 1095 2532
f 2532 1095 216
f 2532 216 1089
f 1090 2532 1089
f 1090 1089 214
f 218 1091 2533
f 218 2533 1726
f 1091 217 1092
f 1091 1092 2533
f 2533 1092 210
f 2533 210 1727
f 1726 2533 1727
f 1726 1727 554
f 218 1099 2534
f 218 2534 1091
f 1099 221 1096
f 1099 1096 2534
f 2534 1096 219
f 2534 219 1093
f 1091 2534 1093
f 1091 1093 217
f 221 1098 2535
f 221 2535 1096
f 1098 223 1101
f 1098 1101 2535
f 2535 1101 220
f 2535 220 1094
f 1096 2535 1094
f 1096 1094 219
f 584 1816 2536
f 584 2536 1814
f 1816 216 1095
f 1816 1095 2536
f 2536 1095 219
f 2536 219 1094
f 1814 2536 1094
f 1814 1094 220
f 222 1097 2537
f 222 2537 1721
f 1097 221 1099
f 1097 1099 2537
f 2537 1099 218
f 2537 218 1722
f 1721 2537 1722
f 1721 1722 314
f 222 1103 2538
f 222 2538 1097
f 1103 225 1102
f 1103 1102 2538
f 2538 1102 223
f 2538 223 1098
f 1097 2538 1098
f 1097 1098 221
f 220 1101 2539
f 220 2539 1811
f 1101 223 1100
f 1101 1100 2539
f 2539 1100 224
f 2539 224 1809
f 1811 2539 1809
f 1811 1809 572
f 223 1102 2540
f 223 2540 1100
f 1102 225 1105
f 1102 1105 2540
f 2540 1105 227
f 2540 227 1108
f 1100 2540 1108
f 1100 1108 224
f 316 1234 2541
f 316 2541 1233
f 1234 226 1104
f 1234 1104 2541
f 2541 1104 225
f 2541 225 1103
f 1233 2541 1103
f 1233 1103 222
f 225 1104 2542
f 225 2542 1105
f 1104 226 1111
f 1104 1111 2542
f 2542 1111 229
f 2542 229 1107
f 1105 2542 1107
f 1105 1107 227
f 227 1106 2543
f 227 2543 1108
f 1106 228 1781
f 1106 1781 2543
f 2543 1781 573
f 2543 573 1779
f 1108 2543 1779
f 1108 1779 224
f 231 1112 2544
f 231 2544 1110
f 1112 228 1106
f 1112 1106 2544
f 2544 1106 227
f 2544 227 1107
f 1110 2544 1107
f 1110 1107 229
f 226 1240 2545
f 226 2545 1111
f 1240 319 1238
f 1240 1238 2545
f 2545 1238 230
f 2545 230 1109
f 1111 2545 1109
f 1111 1109 229
f 230 1834 2546
f 230 2546 1109
f 1834 232 1113
f 1834 1113 2546
f 2546 1113 231
f 2546 231 1110
f 1109 2546 1110
f 1109 1110 229
f 231 1114 2547
f 231 2547 1112
f 1114 233 1115
f 1114 1115 2547
f 2547 1115 234
f 2547 234 1833
f 1112 2547 1833
f 1112 1833 228
f 231 1113 2548
f 231 2548 1114
f 1113 232 1120
f 1113 1120 2548
f 2548 1120 236
f 2548 236 1117
f 1114 2548 1117
f 1114 1117 233
f 577 1804 2549
f 577 2549 1805
f 1804 234 1115
f 1804 1115 2549
f 2549 1115 233
f 2549 233 1116
f 1805 2549 1116
f 1805 1116 235
f 236 1119 2550
f 236 2550 1117
f 1119 238 1123
f 1119 1123 2550
f 2550 1123 235
f 2550 235 1116
f 1117 2550 1116
f 1117 1116 233
f 236 1118 2551
f 236 2551 1119
f 1118 237 1126
f 1118 1126 2551
f 2551 1126 240
f 2551 240 1122
f 1119 2551 1122
f 1119 1122 238
f 236 1120 2552
f 236 2552 1118
f 1120 232 1719
f 1120 1719 2552
f 2552 1719 553
f 2552 553 1717
f 1118 2552 1717
f 1118 1717 237
f 240 1124 2553
f 240 2553 1122
f 1124 241 1832
f 1124 1832 2553
f 2553 1832 239
f 2553 239 1121
f 1122 2553 1121
f 1122 1121 238
f 583 1801 2554
f 583 2554 1802
f 1801 235 1123
f 1801 1123 2554
f 2554 1123 238
f 2554 238 1121
f 1802 2554 1121
f 1802 1121 239
f 242 1128 2555
f 242 2555 1125
f 1128 244 1831
f 1128 1831 2555
f 2555 1831 241
f 2555 241 1124
f 1125 2555 1124
f 1125 1124 240
f 242 1125 2556
f 242 2556 1129
f 1125 240 1126
f 1125 1126 2556
f 2556 1126 237
f 2556 237 1130
f 1129 2556 1130
f 1129 1130 245
f 242 1129 2557
f 242 2557 1127
f 1129 245 1132
f 1129 1132 2557
f 2557 1132 247
f 2557 247 1133
f 1127 2557 1133
f 1127 1133 243
f 257 1147 2558
f 257 2558 1145
f 1147 244 1128
f 1147 1128 2558
f 2558 1128 242
f 2558 242 1127
f 1145 2558 1127
f 1145 1127 243
f 245 1130 2559
f 245 2559 1131
f 1130 237 1717
f 1130 1717 2559
f 2559 1717 553
f 2559 553 1718
f 1131 2559 1718
f 1131 1718 246
f 245 1131 2560
f 245 2560 1132
f 1131 246 1830
f 1131 1830 2560
f 2560 1830 248
f 2560 248 1134
f 1132 2560 1134
f 1132 1134 247
f 249 1138 2561
f 249 2561 1135
f 1138 252 1139
f 1138 1139 2561
f 2561 1139 243
f 2561 243 1133
f 1135 2561 1133
f 1135 1133 247
f 249 1135 2562
f 249 2562 1136
f 1135 247 1134
f 1135 1134 2562
f 2562 1134 248
f 2562 248 1829
f 1136 2562 1829
f 1136 1829 250
f 348 1279 2563
f 348 2563 1278
f 1279 251 1137
f 1279 1137 2563
f 2563 1137 249
f 2563 249 1136
f 1278 2563 1136
f 1278 1136 250
f 249 1137 2564
f 249 2564 1138
f 1137 251 1828
f 1137 1828 2564
f 2564 1828 253
f 2564 253 1140
f 1138 2564 1140
f 1138 1140 252
f 257 1145 2565
f 257 2565 1144
f 1145 243 1139
f 1145 1139 2565
f 2565 1139 252
f 2565 252 1141
f 1144 2565 1141
f 1144 1141 254
f 253 1827 2566
f 253 2566 1140
f 1827 255 1142
f 1827 1142 2566
f 2566 1142 254
f 2566 254 1141
f 1140 2566 1141
f 1140 1141 252
f 256 1143 2567
f 256 2567 1297
f 1143 254 1142
f 1143 1142 2567
f 2567 1142 255
f 2567 255 1295
f 1297 2567 1295
f 1297 1295 360
f 256 1149 2568
f 256 2568 1143
f 1149 258 1146
f 1149 1146 2568
f 2568 1146 257
f 2568 257 1144
f 1143 2568 1144
f 1143 1144 254
f 257 1146 2569
f 257 2569 1147
f 1146 258 1150
f 1146 1150 2569
f 2569 1150 260
f 2569 260 1152
f 1147 2569 1152
f 1147 1152 244
f 258 1148 2570
f 258 2570 1150
f 1148 259 1826
f 1148 1826 2570
f 2570 1826 261
f 2570 261 1151
f 1150 2570 1151
f 1150 1151 260
f 256 1301 2571
f 256 2571 1149
f 1301 363 1302
f 1301 1302 2571
f 2571 1302 259
f 2571 259 1148
f 1149 2571 1148
f 1149 1148 258
f 264 1156 2572
f 264 2572 1158
f 1156 262 1153
f 1156 1153 2572
f 2572 1153 260
f 2572 260 1151
f 1158 2572 1151
f 1158 1151 261
f 244 1152 2573
f 244 2573 1831
f 1152 260 1153
f 1152 1153 2573
f 2573 1153 262
f 2573 262 1155
f 1831 2573 1155
f 1831 1155 241
f 263 1154 2574
f 263 2574 1160
f 1154 262 1156
f 1154 1156 2574
f 2574 1156 264
f 2574 264 1159
f 1160 2574 1159
f 1160 1159 266
f 263 1825 2575
f 263 2575 1154
f 1825 239 1832
f 1825 1832 2575
f 2575 1832 241
f 2575 241 1155
f 1154 2575 1155
f 1154 1155 262
f 264 1158 2576
f 264 2576 1157
f 1158 261 1654
f 1158 1654 2576
f 2576 1654 548
f 2576 548 1653
f 1157 2576 1653
f 1157 1653 265
f 264 1157 2577
f 264 2577 1159
f 1157 265 1163
f 1157 1163 2577
f 2577 1163 268
f 2577 268 1162
f 1159 2577 1162
f 1159 1162 266
f 263 1160 2578
f 263 2578 1797
f 1160 266 1161
f 1160 1161 2578
f 2578 1161 267
f 2578 267 1798
f 1797 2578 1798
f 1797 1798 582
f 270 1168 2579
f 270 2579 1165
f 1168 267 1161
f 1168 1161 2579
f 2579 1161 266
f 2579 266 1162
f 1165 2579 1162
f 1165 1162 268
f 269 1164 2580
f 269 2580 1649
f 1164 268 1163
f 1164 1163 2580
f 2580 1163 265
f 2580 265 1647
f 1649 2580 1647
f 1649 1647 546
f 269 1824 2581
f 269 2581 1164
f 1824 271 1166
f 1824 1166 2581
f 2581 1166 270
f 2581 270 1165
f 1164 2581 1165
f 1164 1165 268
f 270 1166 2582
f 270 2582 1167
f 1166 271 1823
f 1166 1823 2582
f 2582 1823 273
f 2582 273 1169
f 1167 2582 1169
f 1167 1169 272
f 270 1167 2583
f 270 2583 1168
f 1167 272 1170
f 1167 1170 2583
f 2583 1170 274
f 2583 274 1822
f 1168 2583 1822
f 1168 1822 267
f 278 1174 2584
f 278 2584 1176
f 1174 275 1171
f 1174 1171 2584
f 2584 1171 272
f 2584 272 1169
f 1176 2584 1169
f 1176 1169 273
f 274 1170 2585
f 274 2585 1821
f 1170 272 1171
f 1170 1171 2585
f 2585 1171 275
f 2585 275 1172
f 1821 2585 1172
f 1821 1172 276
f 277 1820 2586
f 277 2586 1173
f 1820 557 1819
f 1820 1819 2586
f 2586 1819 276
f 2586 276 1172
f 1173 2586 1172
f 1173 1172 275
f 277 1173 2587
f 277 2587 1178
f 1173 275 1174
f 1173 1174 2587
f 2587 1174 278
f 2587 278 1177
f 1178 2587 1177
f 1178 1177 280
f 278 1176 2588
f 278 2588 1175
f 1176 273 1643
f 1176 1643 2588
f 2588 1643 544
f 2588 544 1641
f 1175 2588 1641
f 1175 1641 279
f 278 1175 2589
f 278 2589 1177
f 1175 279 1183
f 1175 1183 2589
f 2589 1183 282
f 2589 282 1180
f 1177 2589 1180
f 1177 1180 280
f 277 1178 2590
f 277 2590 1748
f 1178 280 1179
f 1178 1179 2590
f 2590 1179 281
f 2590 281 1744
f 1748 2590 1744
f 1748 1744 555
f 284 1186 2591
f 284 2591 1182
f 1186 281 1179
f 1186 1179 2591
f 2591 1179 280
f 2591 280 1180
f 1182 2591 1180
f 1182 1180 282
f 283 1181 2592
f 283 2592 1740
f 1181 282 1183
f 1181 1183 2592
f 2592 1183 279
f 2592 279 1739
f 1740 2592 1739
f 1740 1739 293
f 283 1743 2593
f 283 2593 1181
f 1743 285 1184
f 1743 1184 2593
f 2593 1184 284
f 2593 284 1182
f 1181 2593 1182
f 1181 1182 282
f 284 1184 2594
f 284 2594 1185
f 1184 285 1190
f 1184 1190 2594
f 2594 1190 287
f 2594 287 1187
f 1185 2594 1187
f 1185 1187 286
f 284 1185 2595
f 284 2595 1186
f 1185 286 1188
f 1185 1188 2595
f 2595 1188 149
f 2595 149 1745
f 1186 2595 1745
f 1186 1745 281
f 157 1867 2596
f 157 2596 1191
f 1867 150 1189
f 1867 1189 2596
f 2596 1189 286
f 2596 286 1187
f 1191 2596 1187
f 1191 1187 287
f 288 1192 2597
f 288 2597 1193
f 1192 287 1190
f 1192 1190 2597
f 2597 1190 285
f 2597 285 1196
f 1193 2597 1196
f 1193 1196 289
f 157 1191 2598
f 157 2598 1866
f 1191 287 1192
f 1191 1192 2598
f 2598 1192 288
f 2598 288 1194
f 1866 2598 1194
f 1866 1194 159
f 288 1193 2599
f 288 2599 1195
f 1193 289 1197
f 1193 1197 2599
f 2599 1197 195
f 2599 195 1856
f 1195 2599 1856
f 1195 1856 191
f 288 1195 2600
f 288 2600 1194
f 1195 191 1859
f 1195 1859 2600
f 2600 1859 189
f 2600 189 1860
f 1194 2600 1860
f 1194 1860 159
f 283 1201 2601
f 283 2601 1743
f 1201 290 1198
f 1201 1198 2601
f 2601 1198 289
f 2601 289 1196
f 1743 2601 1196
f 1743 1196 285
f 195 1197 2602
f 195 2602 1855
f 1197 289 1198
f 1197 1198 2602
f 2602 1198 290
f 2602 290 1200
f 1855 2602 1200
f 1855 1200 198
f 291 1199 2603
f 291 2603 1203
f 1199 290 1201
f 1199 1201 2603
f 2603 1201 283
f 2603 283 1740
f 1203 2603 1740
f 1203 1740 293
f 291 1202 2604
f 291 2604 1199
f 1202 292 1741
f 1202 1741 2604
f 2604 1741 198
f 2604 198 1200
f 1199 2604 1200
f 1199 1200 290
f 297 1209 2605
f 297 2605 1207
f 1209 292 1202
f 1209 1202 2605
f 2605 1202 291
f 2605 291 1204
f 1207 2605 1204
f 1207 1204 294
f 291 1203 2606
f 291 2606 1204
f 1203 293 1738
f 1203 1738 2606
f 2606 1738 295
f 2606 295 1205
f 1204 2606 1205
f 1204 1205 294
f 540 1662 2607
f 540 2607 1661
f 1662 296 1206
f 1662 1206 2607
f 2607 1206 294
f 2607 294 1205
f 1661 2607 1205
f 1661 1205 295
f 297 1207 2608
f 297 2608 1208
f 1207 294 1206
f 1207 1206 2608
f 2608 1206 296
f 2608 296 1737
f 1208 2608 1737
f 1208 1737 298
f 300 1211 2609
f 300 2609 1736
f 1211 299 1210
f 1211 1210 2609
f 2609 1210 297
f 2609 297 1208
f 1736 2609 1208
f 1736 1208 298
f 297 1210 2610
f 297 2610 1209
f 1210 299 1213
f 1210 1213 2610
f 2610 1213 197
f 2610 197 1742
f 1209 2610 1742
f 1209 1742 292
f 301 1212 2611
f 301 2611 1215
f 1212 299 1211
f 1212 1211 2611
f 2611 1211 300
f 2611 300 1735
f 1215 2611 1735
f 1215 1735 302
f 197 1213 2612
f 197 2612 1854
f 1213 299 1212
f 1213 1212 2612
f 2612 1212 301
f 2612 301 1214
f 1854 2612 1214
f 1854 1214 200
f 301 1216 2613
f 301 2613 1214
f 1216 303 1217
f 1216 1217 2613
f 2613 1217 203
f 2613 203 1852
f 1214 2613 1852
f 1214 1852 200
f 301 1215 2614
f 301 2614 1216
f 1215 302 1734
f 1215 1734 2614
f 2614 1734 304
f 2614 304 1218
f 1216 2614 1218
f 1216 1218 303
f 305 1221 2615
f 305 2615 1219
f 1221 205 1851
f 1221 1851 2615
f 2615 1851 203
f 2615 203 1217
f 1219 2615 1217
f 1219 1217 303
f 304 1733 2616
f 304 2616 1218
f 1733 306 1220
f 1733 1220 2616
f 2616 1220 305
f 2616 305 1219
f 1218 2616 1219
f 1218 1219 303
f 305 1220 2617
f 305 2617 1222
f 1220 306 1730
f 1220 1730 2617
f 2617 1730 309
f 2617 309 1224
f 1222 2617 1224
f 1222 1224 307
f 305 1222 2618
f 305 2618 1221
f 1222 307 1223
f 1222 1223 2618
f 2618 1223 308
f 2618 308 1731
f 1221 2618 1731
f 1221 1731 205
f 310 1227 2619
f 310 2619 1225
f 1227 312 1724
f 1227 1724 2619
f 2619 1724 308
f 2619 308 1223
f 1225 2619 1223
f 1225 1223 307
f 309 1729 2620
f 309 2620 1224
f 1729 311 1226
f 1729 1226 2620
f 2620 1226 310
f 2620 310 1225
f 1224 2620 1225
f 1224 1225 307
f 310 1226 2621
f 310 2621 1228
f 1226 311 1720
f 1226 1720 2621
f 2621 1720 315
f 2621 315 1230
f 1228 2621 1230
f 1228 1230 313
f 310 1228 2622
f 310 2622 1227
f 1228 313 1229
f 1228 1229 2622
f 2622 1229 314
f 2622 314 1723
f 1227 2622 1723
f 1227 1723 312
f 316 1233 2623
f 316 2623 1231
f 1233 222 1721
f 1233 1721 2623
f 2623 1721 314
f 2623 314 1229
f 1231 2623 1229
f 1231 1229 313
f 315 1236 2624
f 315 2624 1230
f 1236 317 1232
f 1236 1232 2624
f 2624 1232 316
f 2624 316 1231
f 1230 2624 1231
f 1230 1231 313
f 316 1232 2625
f 316 2625 1234
f 1232 317 1237
f 1232 1237 2625
f 2625 1237 319
f 2625 319 1240
f 1234 2625 1240
f 1234 1240 226
f 319 1237 2626
f 319 2626 1239
f 1237 317 1235
f 1237 1235 2626
f 2626 1235 318
f 2626 318 1241
f 1239 2626 1241
f 1239 1241 320
f 315 1710 2627
f 315 2627 1236
f 1710 329 1709
f 1710 1709 2627
f 2627 1709 318
f 2627 318 1235
f 1236 2627 1235
f 1236 1235 317
f 230 1238 2628
f 230 2628 1716
f 1238 319 1239
f 1238 1239 2628
f 2628 1239 320
f 2628 320 1242
f 1716 2628 1242
f 1716 1242 321
f 322 1243 2629
f 322 2629 1246
f 1243 320 1241
f 1243 1241 2629
f 2629 1241 318
f 2629 318 1248
f 1246 2629 1248
f 1246 1248 325
f 324 1714 2630
f 324 2630 1245
f 1714 321 1242
f 1714 1242 2630
f 2630 1242 320
f 2630 320 1243
f 1245 2630 1243
f 1245 1243 322
f 324 1245 2631
f 324 2631 1701
f 1245 322 1244
f 1245 1244 2631
f 2631 1244 323
f 2631 323 1700
f 1701 2631 1700
f 1701 1700 345
f 322 1246 2632
f 322 2632 1244
f 1246 325 1247
f 1246 1247 2632
f 2632 1247 326
f 2632 326 1712
f 1244 2632 1712
f 1244 1712 323
f 325 1249 2633
f 325 2633 1247
f 1249 327 1250
f 1249 1250 2633
f 2633 1250 328
f 2633 328 1711
f 1247 2633 1711
f 1247 1711 326
f 325 1248 2634
f 325 2634 1249
f 1248 318 1709
f 1248 1709 2634
f 2634 1709 329
f 2634 329 1251
f 1249 2634 1251
f 1249 1251 327
f 327 1252 2635
f 327 2635 1250
f 1252 330 1255
f 1252 1255 2635
f 2635 1255 333
f 2635 333 1258
f 1250 2635 1258
f 1250 1258 328
f 327 1251 2636
f 327 2636 1252
f 1251 329 1707
f 1251 1707 2636
f 2636 1707 331
f 2636 331 1253
f 1252 2636 1253
f 1252 1253 330
f 330 1253 2637
f 330 2637 1254
f 1253 331 1623
f 1253 1623 2637
f 2637 1623 538
f 2637 538 1624
f 1254 2637 1624
f 1254 1624 332
f 330 1254 2638
f 330 2638 1255
f 1254 332 1706
f 1254 1706 2638
f 2638 1706 334
f 2638 334 1256
f 1255 2638 1256
f 1255 1256 333
f 336 1259 2639
f 336 2639 1705
f 1259 335 1257
f 1259 1257 2639
f 2639 1257 333
f 2639 333 1256
f 1705 2639 1256
f 1705 1256 334
f 338 1263 2640
f 338 2640 1261
f 1263 328 1258
f 1263 1258 2640
f 2640 1258 333
f 2640 333 1257
f 1261 2640 1257
f 1261 1257 335
f 336 1617 2641
f 336 2641 1259
f 1617 437 1618
f 1617 1618 2641
f 2641 1618 337
f 2641 337 1260
f 1259 2641 1260
f 1259 1260 335
f 337 1704 2642
f 337 2642 1260
f 1704 339 1262
f 1704 1262 2642
f 2642 1262 338
f 2642 338 1261
f 1260 2642 1261
f 1260 1261 335
f 338 1262 2643
f 338 2643 1264
f 1262 339 1703
f 1262 1703 2643
f 2643 1703 341
f 2643 341 1266
f 1264 2643 1266
f 1264 1266 340
f 338 1264 2644
f 338 2644 1263
f 1264 340 1265
f 1264 1265 2644
f 2644 1265 326
f 2644 326 1711
f 1263 2644 1711
f 1263 1711 328
f 342 1270 2645
f 342 2645 1267
f 1270 323 1712
f 1270 1712 2645
f 2645 1712 326
f 2645 326 1265
f 1267 2645 1265
f 1267 1265 340
f 341 1702 2646
f 341 2646 1266
f 1702 343 1268
f 1702 1268 2646
f 2646 1268 342
f 2646 342 1267
f 1266 2646 1267
f 1266 1267 340
f 342 1268 2647
f 342 2647 1269
f 1268 343 1276
f 1268 1276 2647
f 2647 1276 346
f 2647 346 1273
f 1269 2647 1273
f 1269 1273 344
f 344 1271 2648
f 344 2648 1269
f 1271 345 1700
f 1271 1700 2648
f 2648 1700 323
f 2648 323 1270
f 1269 2648 1270
f 1269 1270 342
f 344 1272 2649
f 344 2649 1271
f 1272 250 1829
f 1272 1829 2649
f 2649 1829 248
f 2649 248 1699
f 1271 2649 1699
f 1271 1699 345
f 344 1273 2650
f 344 2650 1272
f 1273 346 1275
f 1273 1275 2650
f 2650 1275 348
f 2650 348 1278
f 1272 2650 1278
f 1272 1278 250
f 343 1446 2651
f 343 2651 1276
f 1446 458 1444
f 1446 1444 2651
f 2651 1444 347
f 2651 347 1274
f 1276 2651 1274
f 1276 1274 346
f 348 1275 2652
f 348 2652 1277
f 1275 346 1274
f 1275 1274 2652
f 2652 1274 347
f 2652 347 1281
f 1277 2652 1281
f 1277 1281 349
f 348 1277 2653
f 348 2653 1279
f 1277 349 1282
f 1277 1282 2653
f 2653 1282 351
f 2653 351 1285
f 1279 2653 1285
f 1279 1285 251
f 350 1280 2654
f 350 2654 1450
f 1280 349 1281
f 1280 1281 2654
f 2654 1281 347
f 2654 347 1451
f 1450 2654 1451
f 1450 1451 461
f 352 1283 2655
f 352 2655 1698
f 1283 351 1282
f 1283 1282 2655
f 2655 1282 349
f 2655 349 1280
f 1698 2655 1280
f 1698 1280 350
f 352 1697 2656
f 352 2656 1283
f 1697 354 1286
f 1697 1286 2656
f 2656 1286 353
f 2656 353 1284
f 1283 2656 1284
f 1283 1284 351
f 253 1828 2657
f 253 2657 1287
f 1828 251 1285
f 1828 1285 2657
f 2657 1285 351
f 2657 351 1284
f 1287 2657 1284
f 1287 1284 353
f 355 1288 2658
f 355 2658 1289
f 1288 353 1286
f 1288 1286 2658
f 2658 1286 354
f 2658 354 1696
f 1289 2658 1696
f 1289 1696 356
f 253 1287 2659
f 253 2659 1827
f 1287 353 1288
f 1287 1288 2659
f 2659 1288 355
f 2659 355 1290
f 1827 2659 1290
f 1827 1290 255
f 355 1289 2660
f 355 2660 1291
f 1289 356 1695
f 1289 1695 2660
f 2660 1695 358
f 2660 358 1292
f 1291 2660 1292
f 1291 1292 357
f 355 1291 2661
f 355 2661 1290
f 1291 357 1294
f 1291 1294 2661
f 2661 1294 360
f 2661 360 1295
f 1290 2661 1295
f 1290 1295 255
f 358 1689 2662
f 358 2662 1292
f 1689 376 1690
f 1689 1690 2662
f 2662 1690 359
f 2662 359 1293
f 1292 2662 1293
f 1292 1293 357
f 359 1298 2663
f 359 2663 1293
f 1298 361 1296
f 1298 1296 2663
f 2663 1296 360
f 2663 360 1294
f 1293 2663 1294
f 1293 1294 357
f 361 1300 2664
f 361 2664 1296
f 1300 363 1301
f 1300 1301 2664
f 2664 1301 256
f 2664 256 1297
f 1296 2664 1297
f 1296 1297 360
f 359 1316 2665
f 359 2665 1298
f 1316 374 1317
f 1316 1317 2665
f 2665 1317 362
f 2665 362 1299
f 1298 2665 1299
f 1298 1299 361
f 361 1299 2666
f 361 2666 1300
f 1299 362 1306
f 1299 1306 2666
f 2666 1306 364
f 2666 364 1303
f 1300 2666 1303
f 1300 1303 363
f 363 1303 2667
f 363 2667 1302
f 1303 364 1304
f 1303 1304 2667
f 2667 1304 365
f 2667 365 1694
f 1302 2667 1694
f 1302 1694 259
f 367 1693 2668
f 367 2668 1307
f 1693 365 1304
f 1693 1304 2668
f 2668 1304 364
f 2668 364 1305
f 1307 2668 1305
f 1307 1305 366
f 362 1311 2669
f 362 2669 1306
f 1311 369 1309
f 1311 1309 2669
f 2669 1309 366
f 2669 366 1305
f 1306 2669 1305
f 1306 1305 364
f 367 1307 2670
f 367 2670 1658
f 1307 366 1308
f 1307 1308 2670
f 2670 1308 368
f 2670 368 1659
f 1658 2670 1659
f 1658 1659 549
f 368 1308 2671
f 368 2671 1692
f 1308 366 1309
f 1308 1309 2671
f 2671 1309 369
f 2671 369 1310
f 1692 2671 1310
f 1692 1310 370
f 371 1313 2672
f 371 2672 1312
f 1313 372 1691
f 1313 1691 2672
f 2672 1691 370
f 2672 370 1310
f 1312 2672 1310
f 1312 1310 369
f 371 1312 2673
f 371 2673 1315
f 1312 369 1311
f 1312 1311 2673
f 2673 1311 362
f 2673 362 1317
f 1315 2673 1317
f 1315 1317 374
f 371 1314 2674
f 371 2674 1313
f 1314 373 1684
f 1314 1684 2674
f 2674 1684 390
f 2674 390 1685
f 1313 2674 1685
f 1313 1685 372
f 375 1319 2675
f 375 2675 1318
f 1319 373 1314
f 1319 1314 2675
f 2675 1314 371
f 2675 371 1315
f 1318 2675 1315
f 1318 1315 374
f 359 1690 2676
f 359 2676 1316
f 1690 376 1320
f 1690 1320 2676
f 2676 1320 375
f 2676 375 1318
f 1316 2676 1318
f 1316 1318 374
f 375 1321 2677
f 375 2677 1319
f 1321 377 1324
f 1321 1324 2677
f 2677 1324 380
f 2677 380 1326
f 1319 2677 1326
f 1319 1326 373
f 375 1320 2678
f 375 2678 1321
f 1320 376 1688
f 1320 1688 2678
f 2678 1688 378
f 2678 378 1322
f 1321 2678 1322
f 1321 1322 377
f 479 1597 2679
f 479 2679 1598
f 1597 379 1323
f 1597 1323 2679
f 2679 1323 377
f 2679 377 1322
f 1598 2679 1322
f 1598 1322 378
f 382 1327 2680
f 382 2680 1329
f 1327 380 1324
f 1327 1324 2680
f 2680 1324 377
f 2680 377 1323
f 1329 2680 1323
f 1329 1323 379
f 381 1325 2681
f 381 2681 1330
f 1325 380 1327
f 1325 1327 2681
f 2681 1327 382
f 2681 382 1328
f 1330 2681 1328
f 1330 1328 383
f 381 1686 2682
f 381 2682 1325
f 1686 390 1684
f 1686 1684 2682
f 2682 1684 373
f 2682 373 1326
f 1325 2682 1326
f 1325 1326 380
f 381 1330 2683
f 381 2683 1332
f 383 1331 2683
f 383 2683 1330
f 384 1332 2683
f 384 2683 1331
f 381 1332 2684
f 381 2684 1338
f 1332 384 1333
f 1332 1333 2684
f 2684 1333 385
f 2684 385 1335
f 1338 2684 1335
f 1338 1335 387
f 386 1687 2685
f 386 2685 1334
f 1687 388 1336
f 1687 1336 2685
f 2685 1336 387
f 2685 387 1335
f 1334 2685 1335
f 1334 1335 385
f 388 1344 2686
f 388 2686 1336
f 1344 392 1341
f 1344 1341 2686
f 2686 1341 389
f 2686 389 1337
f 1336 2686 1337
f 1336 1337 387
f 381 1338 2687
f 381 2687 1686
f 1338 387 1337
f 1338 1337 2687
f 2687 1337 389
f 2687 389 1339
f 1686 2687 1339
f 1686 1339 390
f 391 1683 2688
f 391 2688 1340
f 1683 372 1685
f 1683 1685 2688
f 2688 1685 390
f 2688 390 1339
f 1340 2688 1339
f 1340 1339 389
f 393 1682 2689
f 393 2689 1342
f 1682 391 1340
f 1682 1340 2689
f 2689 1340 389
f 2689 389 1341
f 1342 2689 1341
f 1342 1341 392
f 393 1342 2690
f 393 2690 1681
f 1342 392 1343
f 1342 1343 2690
f 2690 1343 394
f 2690 394 1345
f 1681 2690 1345
f 1681 1345 395
f 394 1343 2691
f 394 2691 1346
f 1343 392 1344
f 1343 1344 2691
f 2691 1344 388
f 2691 388 1680
f 1346 2691 1680
f 1346 1680 396
f 394 1347 2692
f 394 2692 1345
f 1347 397 1350
f 1347 1350 2692
f 2692 1350 400
f 2692 400 1352
f 1345 2692 1352
f 1345 1352 395
f 394 1346 2693
f 394 2693 1347
f 1346 396 1679
f 1346 1679 2693
f 2693 1679 398
f 2693 398 1348
f 1347 2693 1348
f 1347 1348 397
f 398 1543 2694
f 398 2694 1348
f 1543 518 1544
f 1543 1544 2694
f 2694 1544 399
f 2694 399 1349
f 1348 2694 1349
f 1348 1349 397
f 397 1349 2695
f 397 2695 1350
f 1349 399 1678
f 1349 1678 2695
f 2695 1678 401
f 2695 401 1351
f 1350 2695 1351
f 1350 1351 400
f 401 1676 2696
f 401 2696 1351
f 1676 404 1355
f 1676 1355 2696
f 2696 1355 402
f 2696 402 1353
f 1351 2696 1353
f 1351 1353 400
f 400 1353 2697
f 400 2697 1352
f 1353 402 1354
f 1353 1354 2697
f 2697 1354 403
f 2697 403 1677
f 1352 2697 1677
f 1352 1677 395
f 402 1356 2698
f 402 2698 1354
f 1356 405 1359
f 1356 1359 2698
f 2698 1359 408
f 2698 408 1360
f 1354 2698 1360
f 1354 1360 403
f 406 1357 2699
f 406 2699 1675
f 1357 405 1356
f 1357 1356 2699
f 2699 1356 402
f 2699 402 1355
f 1675 2699 1355
f 1675 1355 404
f 407 1358 2700
f 407 2700 1401
f 1358 405 1357
f 1358 1357 2700
f 2700 1357 406
f 2700 406 1399
f 1401 2700 1399
f 1401 1399 434
f 408 1359 2701
f 408 2701 1362
f 1359 405 1358
f 1359 1358 2701
f 2701 1358 407
f 2701 407 1364
f 1362 2701 1364
f 1362 1364 410
f 408 1361 2702
f 408 2702 1360
f 1361 409 1672
f 1361 1672 2702
f 2702 1672 552
f 2702 552 1674
f 1360 2702 1674
f 1360 1674 403
f 408 1362 2703
f 408 2703 1361
f 1362 410 1365
f 1362 1365 2703
f 2703 1365 412
f 2703 412 1367
f 1361 2703 1367
f 1361 1367 409
f 407 1627 2704
f 407 2704 1364
f 1627 423 1626
f 1627 1626 2704
f 2704 1626 411
f 2704 411 1363
f 1364 2704 1363
f 1364 1363 410
f 412 1365 2705
f 412 2705 1368
f 1365 410 1363
f 1365 1363 2705
f 2705 1363 411
f 2705 411 1369
f 1368 2705 1369
f 1368 1369 414
f 412 1366 2706
f 412 2706 1367
f 1366 413 1665
f 1366 1665 2706
f 2706 1665 550
f 2706 550 1668
f 1367 2706 1668
f 1367 1668 409
f 412 1368 2707
f 412 2707 1366
f 1368 414 1370
f 1368 1370 2707
f 2707 1370 415
f 2707 415 1664
f 1366 2707 1664
f 1366 1664 413
f 419 1374 2708
f 419 2708 1375
f 1374 416 1371
f 1374 1371 2708
f 2708 1371 414
f 2708 414 1369
f 1375 2708 1369
f 1375 1369 411
f 415 1370 2709
f 415 2709 1663
f 1370 414 1371
f 1370 1371 2709
f 2709 1371 416
f 2709 416 1372
f 1663 2709 1372
f 1663 1372 417
f 418 1631 2710
f 418 2710 1373
f 1631 539 1633
f 1631 1633 2710
f 2710 1633 417
f 2710 417 1372
f 1373 2710 1372
f 1373 1372 416
f 418 1373 2711
f 418 2711 1628
f 1373 416 1374
f 1373 1374 2711
f 2711 1374 419
f 2711 419 1376
f 1628 2711 1376
f 1628 1376 420
f 419 1375 2712
f 419 2712 1377
f 1375 411 1626
f 1375 1626 2712
f 2712 1626 423
f 2712 423 1379
f 1377 2712 1379
f 1377 1379 421
f 419 1377 2713
f 419 2713 1376
f 1377 421 1380
f 1377 1380 2713
f 2713 1380 424
f 2713 424 1381
f 1376 2713 1381
f 1376 1381 420
f 422 1378 2714
f 422 2714 1398
f 1378 421 1379
f 1378 1379 2714
f 2714 1379 423
f 2714 423 1396
f 1398 2714 1396
f 1398 1396 433
f 422 1385 2715
f 422 2715 1378
f 1385 425 1382
f 1385 1382 2715
f 2715 1382 424
f 2715 424 1380
f 1378 2715 1380
f 1378 1380 421
f 424 1383 2716
f 424 2716 1381
f 1383 300 1736
f 1383 1736 2716
f 2716 1736 298
f 2716 298 1629
f 1381 2716 1629
f 1381 1629 420
f 424 1382 2717
f 424 2717 1383
f 1382 425 1386
f 1382 1386 2717
f 2717 1386 302
f 2717 302 1735
f 1383 2717 1735
f 1383 1735 300
f 304 1734 2718
f 304 2718 1389
f 1734 302 1386
f 1734 1386 2718
f 2718 1386 425
f 2718 425 1384
f 1389 2718 1384
f 1389 1384 426
f 428 1388 2719
f 428 2719 1391
f 1388 426 1384
f 1388 1384 2719
f 2719 1384 425
f 2719 425 1385
f 1391 2719 1385
f 1391 1385 422
f 304 1389 2720
f 304 2720 1733
f 1389 426 1387
f 1389 1387 2720
f 2720 1387 427
f 2720 427 1621
f 1733 2720 1621
f 1733 1621 306
f 429 1619 2721
f 429 2721 1390
f 1619 427 1387
f 1619 1387 2721
f 2721 1387 426
f 2721 426 1388
f 1390 2721 1388
f 1390 1388 428
f 429 1390 2722
f 429 2722 1402
f 1390 428 1392
f 1390 1392 2722
f 2722 1392 430
f 2722 430 1394
f 1402 2722 1394
f 1402 1394 432
f 428 1391 2723
f 428 2723 1392
f 1391 422 1398
f 1391 1398 2723
f 2723 1398 433
f 2723 433 1395
f 1392 2723 1395
f 1392 1395 430
f 431 1393 2724
f 431 2724 1400
f 1393 430 1395
f 1393 1395 2724
f 2724 1395 433
f 2724 433 1397
f 1400 2724 1397
f 1400 1397 434
f 431 1405 2725
f 431 2725 1393
f 1405 435 1403
f 1405 1403 2725
f 2725 1403 432
f 2725 432 1394
f 1393 2725 1394
f 1393 1394 430
f 407 1401 2726
f 407 2726 1627
f 1401 434 1397
f 1401 1397 2726
f 2726 1397 433
f 2726 433 1396
f 1627 2726 1396
f 1627 1396 423
f 406 1615 2727
f 406 2727 1399
f 1615 438 1616
f 1615 1616 2727
f 2727 1616 431
f 2727 431 1400
f 1399 2727 1400
f 1399 1400 434
f 332 1620 2728
f 332 2728 1706
f 1620 429 1402
f 1620 1402 2728
f 2728 1402 432
f 2728 432 1404
f 1706 2728 1404
f 1706 1404 334
f 336 1705 2729
f 336 2729 1407
f 1705 334 1404
f 1705 1404 2729
f 2729 1404 432
f 2729 432 1403
f 1407 2729 1403
f 1407 1403 435
f 431 1616 2730
f 431 2730 1405
f 1616 438 1409
f 1616 1409 2730
f 2730 1409 436
f 2730 436 1406
f 1405 2730 1406
f 1405 1406 435
f 436 1408 2731
f 436 2731 1406
f 1408 437 1617
f 1408 1617 2731
f 2731 1617 336
f 2731 336 1407
f 1406 2731 1407
f 1406 1407 435
f 436 1410 2732
f 436 2732 1408
f 1410 439 1411
f 1410 1411 2732
f 2732 1411 440
f 2732 440 1614
f 1408 2732 1614
f 1408 1614 437
f 436 1409 2733
f 436 2733 1410
f 1409 438 1415
f 1409 1415 2733
f 2733 1415 442
f 2733 442 1413
f 1410 2733 1413
f 1410 1413 439
f 451 1430 2734
f 451 2734 1431
f 1430 440 1411
f 1430 1411 2734
f 2734 1411 439
f 2734 439 1412
f 1431 2734 1412
f 1431 1412 441
f 441 1412 2735
f 441 2735 1418
f 1412 439 1413
f 1412 1413 2735
f 2735 1413 442
f 2735 442 1414
f 1418 2735 1414
f 1418 1414 443
f 443 1414 2736
f 443 2736 1417
f 1414 442 1416
f 1414 1416 2736
f 2736 1416 404
f 2736 404 1676
f 1417 2736 1676
f 1417 1676 401
f 406 1675 2737
f 406 2737 1615
f 1675 404 1416
f 1675 1416 2737
f 2737 1416 442
f 2737 442 1415
f 1615 2737 1415
f 1615 1415 438
f 401 1678 2738
f 401 2738 1417
f 1678 399 1421
f 1678 1421 2738
f 2738 1421 444
f 2738 444 1419
f 1417 2738 1419
f 1417 1419 443
f 441 1418 2739
f 441 2739 1425
f 1418 443 1419
f 1418 1419 2739
f 2739 1419 444
f 2739 444 1422
f 1425 2739 1422
f 1425 1422 446
f 399 1544 2740
f 399 2740 1421
f 1544 518 1545
f 1544 1545 2740
f 2740 1545 445
f 2740 445 1420
f 1421 2740 1420
f 1421 1420 444
f 447 1423 2741
f 447 2741 1613
f 1423 446 1422
f 1423 1422 2741
f 2741 1422 444
f 2741 444 1420
f 1613 2741 1420
f 1613 1420 445
f 447 1612 2742
f 447 2742 1423
f 1612 449 1426
f 1612 1426 2742
f 2742 1426 448
f 2742 448 1424
f 1423 2742 1424
f 1423 1424 446
f 451 1431 2743
f 451 2743 1428
f 1431 441 1425
f 1431 1425 2743
f 2743 1425 446
f 2743 446 1424
f 1428 2743 1424
f 1428 1424 448
f 537 1586 2744
f 537 2744 1587
f 1586 450 1427
f 1586 1427 2744
f 2744 1427 448
f 2744 448 1426
f 1587 2744 1426
f 1587 1426 449
f 452 1429 2745
f 452 2745 1433
f 1429 451 1428
f 1429 1428 2745
f 2745 1428 448
f 2745 448 1427
f 1433 2745 1427
f 1433 1427 450
f 452 1434 2746
f 452 2746 1429
f 1434 454 1437
f 1434 1437 2746
f 2746 1437 440
f 2746 440 1430
f 1429 2746 1430
f 1429 1430 451
f 453 1432 2747
f 453 2747 1583
f 1432 452 1433
f 1432 1433 2747
f 2747 1433 450
f 2747 450 1581
f 1583 2747 1581
f 1583 1581 536
f 453 1438 2748
f 453 2748 1432
f 1438 455 1435
f 1438 1435 2748
f 2748 1435 454
f 2748 454 1434
f 1432 2748 1434
f 1432 1434 452
f 337 1436 2749
f 337 2749 1704
f 1436 454 1435
f 1436 1435 2749
f 2749 1435 455
f 2749 455 1439
f 1704 2749 1439
f 1704 1439 339
f 337 1618 2750
f 337 2750 1436
f 1618 437 1614
f 1618 1614 2750
f 2750 1614 440
f 2750 440 1437
f 1436 2750 1437
f 1436 1437 454
f 457 1441 2751
f 457 2751 1611
f 1441 456 1440
f 1441 1440 2751
f 2751 1440 455
f 2751 455 1438
f 1611 2751 1438
f 1611 1438 453
f 341 1703 2752
f 341 2752 1443
f 1703 339 1439
f 1703 1439 2752
f 2752 1439 455
f 2752 455 1440
f 1443 2752 1440
f 1443 1440 456
f 459 1445 2753
f 459 2753 1449
f 1445 458 1442
f 1445 1442 2753
f 2753 1442 456
f 2753 456 1441
f 1449 2753 1441
f 1449 1441 457
f 341 1443 2754
f 341 2754 1702
f 1443 456 1442
f 1443 1442 2754
f 2754 1442 458
f 2754 458 1446
f 1702 2754 1446
f 1702 1446 343
f 461 1451 2755
f 461 2755 1448
f 1451 347 1444
f 1451 1444 2755
f 2755 1444 458
f 2755 458 1445
f 1448 2755 1445
f 1448 1445 459
f 461 1448 2756
f 461 2756 1452
f 1448 459 1447
f 1448 1447 2756
f 2756 1447 460
f 2756 460 1454
f 1452 2756 1454
f 1452 1454 462
f 459 1449 2757
f 459 2757 1447
f 1449 457 1579
f 1449 1579 2757
f 2757 1579 535
f 2757 535 1578
f 1447 2757 1578
f 1447 1578 460
f 350 1450 2758
f 350 2758 1610
f 1450 461 1452
f 1450 1452 2758
f 2758 1452 462
f 2758 462 1453
f 1610 2758 1453
f 1610 1453 463
f 467 1460 2759
f 467 2759 1458
f 1460 463 1453
f 1460 1453 2759
f 2759 1453 462
f 2759 462 1455
f 1458 2759 1455
f 1458 1455 464
f 460 1609 2760
f 460 2760 1454
f 1609 465 1456
f 1609 1456 2760
f 2760 1456 464
f 2760 464 1455
f 1454 2760 1455
f 1454 1455 462
f 465 1555 2761
f 465 2761 1456
f 1555 528 1557
f 1555 1557 2761
f 2761 1557 466
f 2761 466 1457
f 1456 2761 1457
f 1456 1457 464
f 466 1608 2762
f 466 2762 1457
f 1608 468 1459
f 1608 1459 2762
f 2762 1459 467
f 2762 467 1458
f 1457 2762 1458
f 1457 1458 464
f 467 1459 2763
f 467 2763 1461
f 1459 468 1605
f 1459 1605 2763
f 2763 1605 471
f 2763 471 1463
f 1461 2763 1463
f 1461 1463 469
f 467 1461 2764
f 467 2764 1460
f 1461 469 1462
f 1461 1462 2764
f 2764 1462 470
f 2764 470 1606
f 1460 2764 1606
f 1460 1606 463
f 472 1466 2765
f 472 2765 1464
f 1466 474 1602
f 1466 1602 2765
f 2765 1602 470
f 2765 470 1462
f 1464 2765 1462
f 1464 1462 469
f 471 1604 2766
f 471 2766 1463
f 1604 473 1465
f 1604 1465 2766
f 2766 1465 472
f 2766 472 1464
f 1463 2766 1464
f 1463 1464 469
f 472 1465 2767
f 472 2767 1467
f 1465 473 1599
f 1465 1599 2767
f 2767 1599 477
f 2767 477 1469
f 1467 2767 1469
f 1467 1469 475
f 472 1467 2768
f 472 2768 1466
f 1467 475 1468
f 1467 1468 2768
f 2768 1468 476
f 2768 476 1601
f 1466 2768 1601
f 1466 1601 474
f 476 1468 2769
f 476 2769 1595
f 1468 475 1470
f 1468 1470 2769
f 2769 1470 478
f 2769 478 1472
f 1595 2769 1472
f 1595 1472 480
f 477 1476 2770
f 477 2770 1469
f 1476 481 1473
f 1476 1473 2770
f 2770 1473 478
f 2770 478 1470
f 1469 2770 1470
f 1469 1470 475
f 479 1471 2771
f 479 2771 1593
f 1471 478 1473
f 1471 1473 2771
f 2771 1473 481
f 2771 481 1474
f 1593 2771 1474
f 1593 1474 482
f 479 1598 2772
f 479 2772 1471
f 1598 378 1594
f 1598 1594 2772
f 2772 1594 480
f 2772 480 1472
f 1471 2772 1472
f 1471 1472 478
f 484 1592 2773
f 484 2773 1477
f 1592 482 1474
f 1592 1474 2773
f 2773 1474 481
f 2773 481 1475
f 1477 2773 1475
f 1477 1475 483
f 483 1475 2774
f 483 2774 1478
f 1475 481 1476
f 1475 1476 2774
f 2774 1476 477
f 2774 477 1591
f 1478 2774 1591
f 1478 1591 485
f 489 1483 2775
f 489 2775 1482
f 1483 484 1477
f 1483 1477 2775
f 2775 1477 483
f 2775 483 1479
f 1482 2775 1479
f 1482 1479 486
f 486 1479 2776
f 486 2776 1481
f 1479 483 1478
f 1479 1478 2776
f 2776 1478 485
f 2776 485 1590
f 1481 2776 1590
f 1481 1590 488
f 486 1480 2777
f 486 2777 1482
f 1480 487 1485
f 1480 1485 2777
f 2777 1485 490
f 2777 490 1484
f 1482 2777 1484
f 1482 1484 489
f 532 1573 2778
f 532 2778 1574
f 1573 487 1480
f 1573 1480 2778
f 2778 1480 486
f 2778 486 1481
f 1574 2778 1481
f 1574 1481 488
f 487 1490 2779
f 487 2779 1485
f 1490 493 1488
f 1490 1488 2779
f 2779 1488 491
f 2779 491 1486
f 1485 2779 1486
f 1485 1486 490
f 491 1488 2780
f 491 2780 1487
f 1488 493 1491
f 1488 1491 2780
f 2780 1491 495
f 2780 495 1493
f 1487 2780 1493
f 1487 1493 492
f 493 1489 2781
f 493 2781 1491
f 1489 494 1589
f 1489 1589 2781
f 2781 1589 496
f 2781 496 1492
f 1491 2781 1492
f 1491 1492 495
f 532 1572 2782
f 532 2782 1573
f 1572 494 1489
f 1572 1489 2782
f 2782 1489 493
f 2782 493 1490
f 1573 2782 1490
f 1573 1490 487
f 499 1496 2783
f 499 2783 1501
f 1496 497 1494
f 1496 1494 2783
f 2783 1494 495
f 2783 495 1492
f 1501 2783 1492
f 1501 1492 496
f 495 1494 2784
f 495 2784 1493
f 1494 497 1497
f 1494 1497 2784
f 2784 1497 500
f 2784 500 1498
f 1493 2784 1498
f 1493 1498 492
f 497 1495 2785
f 497 2785 1497
f 498 1499 2785
f 498 2785 1495
f 500 1497 2785
f 500 2785 1499
f 499 1503 2786
f 499 2786 1496
f 1503 503 1505
f 1503 1505 2786
f 2786 1505 498
f 2786 498 1495
f 1496 2786 1495
f 1496 1495 497
f 499 1500 2787
f 499 2787 1502
f 1500 501 1548
f 1500 1548 2787
f 2787 1548 511
f 2787 511 1546
f 1502 2787 1546
f 1502 1546 502
f 499 1501 2788
f 499 2788 1500
f 1501 496 1559
f 1501 1559 2788
f 2788 1559 529
f 2788 529 1558
f 1500 2788 1558
f 1500 1558 501
f 499 1502 2789
f 499 2789 1503
f 1502 502 1507
f 1502 1507 2789
f 2789 1507 504
f 2789 504 1504
f 1503 2789 1504
f 1503 1504 503
f 507 1509 2790
f 507 2790 1510
f 1509 505 1506
f 1509 1506 2790
f 2790 1506 504
f 2790 504 1507
f 1510 2790 1507
f 1510 1507 502
f 508 1588 2791
f 508 2791 1511
f 1588 506 1508
f 1588 1508 2791
f 2791 1508 505
f 2791 505 1509
f 1511 2791 1509
f 1511 1509 507
f 507 1510 2792
f 507 2792 1512
f 1510 502 1546
f 1510 1546 2792
f 2792 1546 511
f 2792 511 1514
f 1512 2792 1514
f 1512 1514 509
f 507 1512 2793
f 507 2793 1511
f 1512 509 1515
f 1512 1515 2793
f 2793 1515 512
f 2793 512 1517
f 1511 2793 1517
f 1511 1517 508
f 510 1521 2794
f 510 2794 1513
f 1521 514 1518
f 1521 1518 2794
f 2794 1518 512
f 2794 512 1515
f 1513 2794 1515
f 1513 1515 509
f 510 1513 2795
f 510 2795 1549
f 1513 509 1514
f 1513 1514 2795
f 2795 1514 511
f 2795 511 1547
f 1549 2795 1547
f 1549 1547 524
f 512 1518 2796
f 512 2796 1516
f 1518 514 1519
f 1518 1519 2796
f 2796 1519 515
f 2796 515 1523
f 1516 2796 1523
f 1516 1523 513
f 508 1517 2797
f 508 2797 1533
f 1517 512 1516
f 1517 1516 2797
f 2797 1516 513
f 2797 513 1531
f 1533 2797 1531
f 1533 1531 520
f 447 1522 2798
f 447 2798 1612
f 1522 515 1519
f 1522 1519 2798
f 2798 1519 514
f 2798 514 1520
f 1612 2798 1520
f 1612 1520 449
f 514 1521 2799
f 514 2799 1520
f 1521 510 1585
f 1521 1585 2799
f 2799 1585 537
f 2799 537 1587
f 1520 2799 1587
f 1520 1587 449
f 516 1524 2800
f 516 2800 1527
f 1524 515 1522
f 1524 1522 2800
f 2800 1522 447
f 2800 447 1613
f 1527 2800 1613
f 1527 1613 445
f 513 1523 2801
f 513 2801 1526
f 515 1524 2801
f 515 2801 1523
f 516 1526 2801
f 516 2801 1524
f 518 1528 2802
f 518 2802 1545
f 1528 517 1525
f 1528 1525 2802
f 2802 1525 516
f 2802 516 1527
f 1545 2802 1527
f 1545 1527 445
f 520 1531 2803
f 520 2803 1530
f 1531 513 1526
f 1531 1526 2803
f 2803 1526 516
f 2803 516 1525
f 1530 2803 1525
f 1530 1525 517
f 398 1542 2804
f 398 2804 1543
f 1542 519 1529
f 1542 1529 2804
f 2804 1529 517
f 2804 517 1528
f 1543 2804 1528
f 1543 1528 518
f 520 1530 2805
f 520 2805 1532
f 1530 517 1529
f 1530 1529 2805
f 2805 1529 519
f 2805 519 1535
f 1532 2805 1535
f 1532 1535 521
f 508 1533 2806
f 508 2806 1588
f 520 1532 2806
f 520 2806 1533
f 521 1534 2806
f 521 2806 1532
f 522 1536 2806
f 522 2806 1534
f 506 1588 2806
f 506 2806 1536
f 521 1535 2807
f 521 2807 1534
f 1535 519 1539
f 1535 1539 2807
f 2807 1539 523
f 2807 523 1537
f 1534 2807 1537
f 1534 1537 522
f 522 1537 2808
f 522 2808 1538
f 523 1541 2808
f 523 2808 1537
f 386 1538 2808
f 386 2808 1541
f 519 1542 2809
f 519 2809 1539
f 1542 398 1679
f 1542 1679 2809
f 2809 1679 396
f 2809 396 1540
f 1539 2809 1540
f 1539 1540 523
f 523 1540 2810
f 523 2810 1541
f 1540 396 1680
f 1540 1680 2810
f 2810 1680 388
f 2810 388 1687
f 1541 2810 1687
f 1541 1687 386
f 524 1547 2811
f 524 2811 1551
f 1547 511 1548
f 1547 1548 2811
f 2811 1548 501
f 2811 501 1553
f 1551 2811 1553
f 1551 1553 526
f 537 1585 2812
f 537 2812 1584
f 1585 510 1549
f 1585 1549 2812
f 2812 1549 524
f 2812 524 1550
f 1584 2812 1550
f 1584 1550 525
f 524 1551 2813
f 524 2813 1550
f 1551 526 1552
f 1551 1552 2813
f 2813 1552 527
f 2813 527 1575
f 1550 2813 1575
f 1550 1575 525
f 527 1552 2814
f 527 2814 1577
f 1552 526 1554
f 1552 1554 2814
f 2814 1554 528
f 2814 528 1555
f 1577 2814 1555
f 1577 1555 465
f 526 1553 2815
f 526 2815 1554
f 1553 501 1558
f 1553 1558 2815
f 2815 1558 529
f 2815 529 1556
f 1554 2815 1556
f 1554 1556 528
f 528 1556 2816
f 528 2816 1557
f 1556 529 1560
f 1556 1560 2816
f 2816 1560 530
f 2816 530 1561
f 1557 2816 1561
f 1557 1561 466
f 494 1563 2817
f 494 2817 1589
f 1563 530 1560
f 1563 1560 2817
f 2817 1560 529
f 2817 529 1559
f 1589 2817 1559
f 1589 1559 496
f 466 1561 2818
f 466 2818 1608
f 1561 530 1562
f 1561 1562 2818
f 2818 1562 531
f 2818 531 1566
f 1608 2818 1566
f 1608 1566 468
f 531 1562 2819
f 531 2819 1564
f 1562 530 1563
f 1562 1563 2819
f 2819 1563 494
f 2819 494 1572
f 1564 2819 1572
f 1564 1572 532
f 531 1564 2820
f 531 2820 1565
f 1564 532 1574
f 1564 1574 2820
f 2820 1574 488
f 2820 488 1568
f 1565 2820 1568
f 1565 1568 533
f 468 1566 2821
f 468 2821 1605
f 1566 531 1565
f 1566 1565 2821
f 2821 1565 533
f 2821 533 1569
f 1605 2821 1569
f 1605 1569 471
f 534 1571 2822
f 534 2822 1567
f 1571 473 1604
f 1571 1604 2822
f 2822 1604 471
f 2822 471 1569
f 1567 2822 1569
f 1567 1569 533
f 534 1567 2823
f 534 2823 1570
f 1567 533 1568
f 1567 1568 2823
f 2823 1568 488
f 2823 488 1590
f 1570 2823 1590
f 1570 1590 485
f 534 1570 2824
f 534 2824 1571
f 1570 485 1591
f 1570 1591 2824
f 2824 1591 477
f 2824 477 1599
f 1571 2824 1599
f 1571 1599 473
f 527 1576 2825
f 527 2825 1575
f 1576 535 1580
f 1576 1580 2825
f 2825 1580 536
f 2825 536 1582
f 1575 2825 1582
f 1575 1582 525
f 527 1577 2826
f 527 2826 1576
f 1577 465 1609
f 1577 1609 2826
f 2826 1609 460
f 2826 460 1578
f 1576 2826 1578
f 1576 1578 535
f 457 1611 2827
f 457 2827 1579
f 1611 453 1583
f 1611 1583 2827
f 2827 1583 536
f 2827 536 1580
f 1579 2827 1580
f 1579 1580 535
f 537 1584 2828
f 537 2828 1586
f 1584 525 1582
f 1584 1582 2828
f 2828 1582 536
f 2828 536 1581
f 1586 2828 1581
f 1586 1581 450
f 358 1596 2829
f 358 2829 1689
f 1596 480 1594
f 1596 1594 2829
f 2829 1594 378
f 2829 378 1688
f 1689 2829 1688
f 1689 1688 376
f 358 1695 2830
f 358 2830 1596
f 1695 356 1600
f 1695 1600 2830
f 2830 1600 476
f 2830 476 1595
f 1596 2830 1595
f 1596 1595 480
f 474 1601 2831
f 474 2831 1603
f 1601 476 1600
f 1601 1600 2831
f 2831 1600 356
f 2831 356 1696
f 1603 2831 1696
f 1603 1696 354
f 474 1603 2832
f 474 2832 1602
f 1603 354 1697
f 1603 1697 2832
f 2832 1697 352
f 2832 352 1607
f 1602 2832 1607
f 1602 1607 470
f 352 1698 2833
f 352 2833 1607
f 1698 350 1610
f 1698 1610 2833
f 2833 1610 463
f 2833 463 1606
f 1607 2833 1606
f 1607 1606 470
f 332 1624 2834
f 332 2834 1620
f 1624 538 1622
f 1624 1622 2834
f 2834 1622 427
f 2834 427 1619
f 1620 2834 1619
f 1620 1619 429
f 309 1730 2835
f 309 2835 1625
f 1730 306 1621
f 1730 1621 2835
f 2835 1621 427
f 2835 427 1622
f 1625 2835 1622
f 1625 1622 538
f 309 1625 2836
f 309 2836 1729
f 1625 538 1623
f 1625 1623 2836
f 2836 1623 331
f 2836 331 1708
f 1729 2836 1708
f 1729 1708 311
f 418 1628 2837
f 418 2837 1630
f 1628 420 1629
f 1628 1629 2837
f 2837 1629 298
f 2837 298 1737
f 1630 2837 1737
f 1630 1737 296
f 540 1632 2838
f 540 2838 1662
f 1632 539 1631
f 1632 1631 2838
f 2838 1631 418
f 2838 418 1630
f 1662 2838 1630
f 1662 1630 296
f 540 1640 2839
f 540 2839 1632
f 1640 543 1637
f 1640 1637 2839
f 2839 1637 541
f 2839 541 1634
f 1632 2839 1634
f 1632 1634 539
f 542 1644 2840
f 542 2840 1635
f 1644 417 1633
f 1644 1633 2840
f 2840 1633 539
f 2840 539 1634
f 1635 2840 1634
f 1635 1634 541
f 542 1635 2841
f 542 2841 1646
f 1635 541 1636
f 1635 1636 2841
f 2841 1636 269
f 2841 269 1649
f 1646 2841 1649
f 1646 1649 546
f 269 1636 2842
f 269 2842 1824
f 1636 541 1637
f 1636 1637 2842
f 2842 1637 543
f 2842 543 1638
f 1824 2842 1638
f 1824 1638 271
f 544 1643 2843
f 544 2843 1639
f 1643 273 1823
f 1643 1823 2843
f 2843 1823 271
f 2843 271 1638
f 1639 2843 1638
f 1639 1638 543
f 544 1639 2844
f 544 2844 1642
f 1639 543 1640
f 1639 1640 2844
f 2844 1640 540
f 2844 540 1661
f 1642 2844 1661
f 1642 1661 295
f 544 1642 2845
f 544 2845 1641
f 1642 295 1738
f 1642 1738 2845
f 2845 1738 293
f 2845 293 1739
f 1641 2845 1739
f 1641 1739 279
f 415 1663 2846
f 415 2846 1657
f 1663 417 1644
f 1663 1644 2846
f 2846 1644 542
f 2846 542 1645
f 1657 2846 1645
f 1657 1645 545
f 542 1646 2847
f 542 2847 1645
f 1646 546 1648
f 1646 1648 2847
f 2847 1648 547
f 2847 547 1651
f 1645 2847 1651
f 1645 1651 545
f 548 1652 2848
f 548 2848 1653
f 1652 547 1648
f 1652 1648 2848
f 2848 1648 546
f 2848 546 1647
f 1653 2848 1647
f 1653 1647 265
f 367 1658 2849
f 367 2849 1650
f 1658 549 1656
f 1658 1656 2849
f 2849 1656 545
f 2849 545 1651
f 1650 2849 1651
f 1650 1651 547
f 548 1655 2850
f 548 2850 1652
f 1655 365 1693
f 1655 1693 2850
f 2850 1693 367
f 2850 367 1650
f 1652 2850 1650
f 1652 1650 547
f 548 1654 2851
f 548 2851 1655
f 1654 261 1826
f 1654 1826 2851
f 2851 1826 259
f 2851 259 1694
f 1655 2851 1694
f 1655 1694 365
f 415 1657 2852
f 415 2852 1664
f 1657 545 1656
f 1657 1656 2852
f 2852 1656 549
f 2852 549 1660
f 1664 2852 1660
f 1664 1660 413
f 368 1666 2853
f 368 2853 1659
f 1666 550 1665
f 1666 1665 2853
f 2853 1665 413
f 2853 413 1660
f 1659 2853 1660
f 1659 1660 549
f 368 1692 2854
f 368 2854 1666
f 1692 370 1669
f 1692 1669 2854
f 2854 1669 551
f 2854 551 1667
f 1666 2854 1667
f 1666 1667 550
f 551 1670 2855
f 551 2855 1667
f 1670 552 1672
f 1670 1672 2855
f 2855 1672 409
f 2855 409 1668
f 1667 2855 1668
f 1667 1668 550
f 551 1669 2856
f 551 2856 1671
f 1669 370 1691
f 1669 1691 2856
f 2856 1691 372
f 2856 372 1683
f 1671 2856 1683
f 1671 1683 391
f 551 1671 2857
f 551 2857 1670
f 1671 391 1682
f 1671 1682 2857
f 2857 1682 393
f 2857 393 1673
f 1670 2857 1673
f 1670 1673 552
f 393 1681 2858
f 393 2858 1673
f 1681 395 1677
f 1681 1677 2858
f 2858 1677 403
f 2858 403 1674
f 1673 2858 1674
f 1673 1674 552
f 246 1713 2859
f 246 2859 1830
f 1713 324 1701
f 1713 1701 2859
f 2859 1701 345
f 2859 345 1699
f 1830 2859 1699
f 1830 1699 248
f 315 1720 2860
f 315 2860 1710
f 1720 311 1708
f 1720 1708 2860
f 2860 1708 331
f 2860 331 1707
f 1710 2860 1707
f 1710 1707 329
f 246 1718 2861
f 246 2861 1713
f 1718 553 1715
f 1718 1715 2861
f 2861 1715 321
f 2861 321 1714
f 1713 2861 1714
f 1713 1714 324
f 230 1716 2862
f 230 2862 1834
f 1716 321 1715
f 1716 1715 2862
f 2862 1715 553
f 2862 553 1719
f 1834 2862 1719
f 1834 1719 232
f 218 1726 2863
f 218 2863 1722
f 1726 554 1725
f 1726 1725 2863
f 2863 1725 312
f 2863 312 1723
f 1722 2863 1723
f 1722 1723 314
f 554 1728 2864
f 554 2864 1725
f 1728 206 1732
f 1728 1732 2864
f 2864 1732 308
f 2864 308 1724
f 1725 2864 1724
f 1725 1724 312
f 149 1870 2865
f 149 2865 1745
f 1870 147 1747
f 1870 1747 2865
f 2865 1747 555
f 2865 555 1744
f 1745 2865 1744
f 1745 1744 281
f 556 1750 2866
f 556 2866 1746
f 1750 557 1820
f 1750 1820 2866
f 2866 1820 277
f 2866 277 1748
f 1746 2866 1748
f 1746 1748 555
f 556 1746 2867
f 556 2867 1749
f 1746 555 1747
f 1746 1747 2867
f 2867 1747 147
f 2867 147 1871
f 1749 2867 1871
f 1749 1871 144
f 142 1754 2868
f 142 2868 1873
f 1754 558 1751
f 1754 1751 2868
f 2868 1751 556
f 2868 556 1749
f 1873 2868 1749
f 1873 1749 144
f 556 1751 2869
f 556 2869 1750
f 1751 558 1752
f 1751 1752 2869
f 2869 1752 559
f 2869 559 1818
f 1750 2869 1818
f 1750 1818 557
f 561 1817 2870
f 561 2870 1755
f 1817 559 1752
f 1817 1752 2870
f 2870 1752 558
f 2870 558 1753
f 1755 2870 1753
f 1755 1753 560
f 142 1760 2871
f 142 2871 1754
f 1760 563 1757
f 1760 1757 2871
f 2871 1757 560
f 2871 560 1753
f 1754 2871 1753
f 1754 1753 558
f 561 1755 2872
f 561 2872 1807
f 1755 560 1756
f 1755 1756 2872
f 2872 1756 562
f 2872 562 1808
f 1807 2872 1808
f 1807 1808 576
f 562 1756 2873
f 562 2873 1761
f 1756 560 1757
f 1756 1757 2873
f 2873 1757 563
f 2873 563 1758
f 1761 2873 1758
f 1761 1758 564
f 141 1766 2874
f 141 2874 1759
f 1766 566 1763
f 1766 1763 2874
f 2874 1763 564
f 2874 564 1758
f 1759 2874 1758
f 1759 1758 563
f 562 1761 2875
f 562 2875 1771
f 1761 564 1762
f 1761 1762 2875
f 2875 1762 565
f 2875 565 1767
f 1771 2875 1767
f 1771 1767 567
f 565 1762 2876
f 565 2876 1769
f 1762 564 1763
f 1762 1763 2876
f 2876 1763 566
f 2876 566 1764
f 1769 2876 1764
f 1769 1764 118
f 127 1879 2877
f 127 2877 1765
f 1879 120 1886
f 1879 1886 2877
f 2877 1886 118
f 2877 118 1764
f 1765 2877 1764
f 1765 1764 566
f 127 1765 2878
f 127 2878 1876
f 1765 566 1766
f 1765 1766 2878
f 2878 1766 141
f 2878 141 1874
f 1876 2878 1874
f 1876 1874 138
f 565 1768 2879
f 565 2879 1767
f 1768 117 1774
f 1768 1774 2879
f 2879 1774 569
f 2879 569 1772
f 1767 2879 1772
f 1767 1772 567
f 562 1771 2880
f 562 2880 1808
f 1771 567 1770
f 1771 1770 2880
f 2880 1770 568
f 2880 568 1806
f 1808 2880 1806
f 1808 1806 576
f 571 1777 2881
f 571 2881 1775
f 1777 568 1770
f 1777 1770 2881
f 2881 1770 567
f 2881 567 1772
f 1775 2881 1772
f 1775 1772 569
f 570 1810 2882
f 570 2882 1773
f 1810 572 1776
f 1810 1776 2882
f 2882 1776 571
f 2882 571 1775
f 1773 2882 1775
f 1773 1775 569
f 570 1773 2883
f 570 2883 1813
f 1773 569 1774
f 1773 1774 2883
f 2883 1774 117
f 2883 117 1887
f 1813 2883 1887
f 1813 1887 115
f 571 1776 2884
f 571 2884 1778
f 1776 572 1809
f 1776 1809 2884
f 2884 1809 224
f 2884 224 1779
f 1778 2884 1779
f 1778 1779 573
f 571 1778 2885
f 571 2885 1777
f 1778 573 1780
f 1778 1780 2885
f 2885 1780 574
f 2885 574 1782
f 1777 2885 1782
f 1777 1782 568
f 574 1780 2886
f 574 2886 1784
f 1780 573 1781
f 1780 1781 2886
f 2886 1781 228
f 2886 228 1833
f 1784 2886 1833
f 1784 1833 234
f 574 1783 2887
f 574 2887 1782
f 1783 575 1785
f 1783 1785 2887
f 2887 1785 576
f 2887 576 1806
f 1782 2887 1806
f 1782 1806 568
f 574 1784 2888
f 574 2888 1783
f 1784 234 1804
f 1784 1804 2888
f 2888 1804 577
f 2888 577 1786
f 1783 2888 1786
f 1783 1786 575
f 561 1807 2889
f 561 2889 1790
f 1807 576 1785
f 1807 1785 2889
f 2889 1785 575
f 2889 575 1787
f 1790 2889 1787
f 1790 1787 578
f 577 1803 2890
f 577 2890 1786
f 1803 579 1788
f 1803 1788 2890
f 2890 1788 578
f 2890 578 1787
f 1786 2890 1787
f 1786 1787 575
f 580 1789 2891
f 580 2891 1792
f 1789 578 1788
f 1789 1788 2891
f 2891 1788 579
f 2891 579 1796
f 1792 2891 1796
f 1792 1796 581
f 580 1793 2892
f 580 2892 1789
f 1793 559 1817
f 1793 1817 2892
f 2892 1817 561
f 2892 561 1790
f 1789 2892 1790
f 1789 1790 578
f 580 1791 2893
f 580 2893 1793
f 1791 276 1819
f 1791 1819 2893
f 2893 1819 557
f 2893 557 1818
f 1793 2893 1818
f 1793 1818 559
f 274 1821 2894
f 274 2894 1795
f 1821 276 1791
f 1821 1791 2894
f 2894 1791 580
f 2894 580 1792
f 1795 2894 1792
f 1795 1792 581
f 274 1795 2895
f 274 2895 1822
f 1795 581 1794
f 1795 1794 2895
f 2895 1794 582
f 2895 582 1798
f 1822 2895 1798
f 1822 1798 267
f 583 1799 2896
f 583 2896 1800
f 1799 582 1794
f 1799 1794 2896
f 2896 1794 581
f 2896 581 1796
f 1800 2896 1796
f 1800 1796 579
f 583 1802 2897
f 583 2897 1799
f 1802 239 1825
f 1802 1825 2897
f 2897 1825 263
f 2897 263 1797
f 1799 2897 1797
f 1799 1797 582
f 577 1805 2898
f 577 2898 1803
f 1805 235 1801
f 1805 1801 2898
f 2898 1801 583
f 2898 583 1800
f 1803 2898 1800
f 1803 1800 579
f 570 1812 2899
f 570 2899 1810
f 1812 584 1814
f 1812 1814 2899
f 2899 1814 220
f 2899 220 1811
f 1810 2899 1811
f 1810 1811 572
f 113 1815 2900
f 113 2900 1888
f 1815 584 1812
f 1815 1812 2900
f 2900 1812 570
f 2900 570 1813
f 1888 2900 1813
f 1888 1813 115
f 585 1835 2901
f 585 2901 1838
f 1835 216 1816
f 1835 1816 2901
f 2901 1816 584
f 2901 584 1815
f 1838 2901 1815
f 1838 1815 113
f 586 1840 2902
f 586 2902 1843
f 1840 215 1837
f 1840 1837 2902
f 2902 1837 585
f 2902 585 1836
f 1843 2902 1836
f 1843 1836 109
f 586 1842 2903
f 586 2903 1840
f 1842 96 1845
f 1842 1845 2903
f 2903 1845 213
f 2903 213 1839
f 1840 2903 1839
f 1840 1839 215
f 208 1846 2904
f 208 2904 1847
f 1846 94 2300
f 1846 2300 2904
f 2904 2300 92
f 2904 92 1850
f 1847 2904 1850
f 1847 1850 587
f 194 1853 2905
f 194 2905 1857
f 1853 202 1848
f 1853 1848 2905
f 2905 1848 587
f 2905 587 1849
f 1857 2905 1849
f 1857 1849 192
f 92 1863 2906
f 92 2906 1850
f 1863 188 1858
f 1863 1858 2906
f 2906 1858 192
f 2906 192 1849
f 1850 2906 1849
f 1850 1849 587
f 7 1889 2907
f 7 2907 2336
f 1889 107 1884
f 1889 1884 2907
f 2907 1884 122
f 2907 122 1885
f 2336 2907 1885
f 2336 1885 10
f 588 1893 2908
f 588 2908 2297
f 1893 103 1891
f 1893 1891 2908
f 2908 1891 105
f 2908 105 1890
f 2297 2908 1890
f 2297 1890 3
f 588 1898 2909
f 588 2909 1893
f 1898 590 1897
f 1898 1897 2909
f 2909 1897 589
f 2909 589 1894
f 1893 2909 1894
f 1893 1894 103
f 84 2304 2910
f 84 2910 1895
f 2304 86 2298
f 2304 2298 2910
f 2910 2298 99
f 2910 99 1896
f 1895 2910 1896
f 1895 1896 589
f 591 2296 2911
f 591 2911 1899
f 2296 84 1895
f 2296 1895 2911
f 2911 1895 589
f 2911 589 1897
f 1899 2911 1897
f 1899 1897 590
f 588 1904 2912
f 588 2912 1898
f 1904 595 1903
f 1904 1903 2912
f 2912 1903 592
f 2912 592 1900
f 1898 2912 1900
f 1898 1900 590
f 594 2294 2913
f 594 2913 1902
f 2294 591 1899
f 2294 1899 2913
f 2913 1899 590
f 2913 590 1900
f 1902 2913 1900
f 1902 1900 592
f 593 1901 2914
f 593 2914 2293
f 1901 592 1903
f 1901 1903 2914
f 2914 1903 595
f 2914 595 1905
f 2293 2914 1905
f 2293 1905 596
f 593 2007 2915
f 593 2915 1901
f 2007 661 2008
f 2007 2008 2915
f 2915 2008 594
f 2915 594 1902
f 1901 2915 1902
f 1901 1902 592
f 597 1906 2916
f 597 2916 1908
f 1906 595 1904
f 1906 1904 2916
f 2916 1904 588
f 2916 588 2291
f 1908 2916 2291
f 1908 2291 599
f 597 1907 2917
f 597 2917 1906
f 1907 598 2292
f 1907 2292 2917
f 2917 2292 596
f 2917 596 1905
f 1906 2917 1905
f 1906 1905 595
f 601 2290 2918
f 601 2918 1910
f 2290 598 1907
f 2290 1907 2918
f 2918 1907 597
f 2918 597 1909
f 1910 2918 1909
f 1910 1909 600
f 603 1912 2919
f 603 2919 1913
f 1912 600 1909
f 1912 1909 2919
f 2919 1909 597
f 2919 597 1908
f 1913 2919 1908
f 1913 1908 599
f 601 1910 2920
f 601 2920 2208
f 1910 600 1911
f 1910 1911 2920
f 2920 1911 602
f 2920 602 2209
f 2208 2920 2209
f 2208 2209 771
f 602 1911 2921
f 602 2921 2289
f 1911 600 1912
f 1911 1912 2921
f 2921 1912 603
f 2921 603 1914
f 2289 2921 1914
f 2289 1914 604
f 605 1915 2922
f 605 2922 1918
f 1915 603 1913
f 1915 1913 2922
f 2922 1913 599
f 2922 599 1921
f 1918 2922 1921
f 1918 1921 608
f 604 1914 2923
f 604 2923 2288
f 1914 603 1915
f 1914 1915 2923
f 2923 1915 605
f 2923 605 1916
f 2288 2923 1916
f 2288 1916 606
f 606 1916 2924
f 606 2924 2287
f 1916 605 1917
f 1916 1917 2924
f 2924 1917 607
f 2924 607 1922
f 2287 2924 1922
f 2287 1922 609
f 607 1917 2925
f 607 2925 1923
f 1917 605 1918
f 1917 1918 2925
f 2925 1918 608
f 2925 608 1920
f 1923 2925 1920
f 1923 1920 4
f 588 2297 2926
f 588 2926 2291
f 2297 3 1919
f 2297 1919 2926
f 2926 1919 608
f 2926 608 1921
f 2291 2926 1921
f 2291 1921 599
f 611 2286 2927
f 611 2927 1926
f 2286 609 1922
f 2286 1922 2927
f 2927 1922 607
f 2927 607 1924
f 1926 2927 1924
f 1926 1924 610
f 610 1924 2928
f 610 2928 1925
f 1924 607 1923
f 1924 1923 2928
f 2928 1923 4
f 2928 4 2338
f 1925 2928 2338
f 1925 2338 5
f 615 1930 2929
f 615 2929 1932
f 1930 612 1927
f 1930 1927 2929
f 2929 1927 610
f 2929 610 1925
f 1932 2929 1925
f 1932 1925 5
f 611 1926 2930
f 611 2930 2285
f 1926 610 1927
f 1926 1927 2930
f 2930 1927 612
f 2930 612 1928
f 2285 2930 1928
f 2285 1928 613
f 613 1928 2931
f 613 2931 2233
f 1928 612 1929
f 1928 1929 2931
f 2931 1929 614
f 2931 614 2234
f 2233 2931 2234
f 2233 2234 723
f 615 1931 2932
f 615 2932 1930
f 1931 616 2284
f 1931 2284 2932
f 2932 2284 614
f 2932 614 1929
f 1930 2932 1929
f 1930 1929 612
f 617 1934 2933
f 617 2933 1933
f 1934 618 2283
f 1934 2283 2933
f 2933 2283 616
f 2933 616 1931
f 1933 2933 1931
f 1933 1931 615
f 617 1933 2934
f 617 2934 1936
f 1933 615 1932
f 1933 1932 2934
f 2934 1932 5
f 2934 5 2335
f 1936 2934 2335
f 1936 2335 12
f 620 1943 2935
f 620 2935 1937
f 1943 618 1934
f 1943 1934 2935
f 2935 1934 617
f 2935 617 1935
f 1937 2935 1935
f 1937 1935 619
f 619 1935 2936
f 619 2936 1939
f 1935 617 1936
f 1935 1936 2936
f 2936 1936 12
f 2936 12 1942
f 1939 2936 1942
f 1939 1942 621
f 620 1937 2937
f 620 2937 1944
f 1937 619 1938
f 1937 1938 2937
f 2937 1938 24
f 2937 24 2281
f 1944 2937 2281
f 1944 2281 622
f 24 1938 2938
f 24 2938 2333
f 1938 619 1939
f 1938 1939 2938
f 2938 1939 621
f 2938 621 1941
f 2333 2938 1941
f 2333 1941 18
f 626 1949 2939
f 626 2939 1948
f 1949 618 1943
f 1949 1943 2939
f 2939 1943 620
f 2939 620 1945
f 1948 2939 1945
f 1948 1945 623
f 620 1944 2940
f 620 2940 1945
f 1944 622 2280
f 1944 2280 2940
f 2940 2280 625
f 2940 625 1947
f 1945 2940 1947
f 1945 1947 623
f 626 1948 2941
f 626 2941 1950
f 1948 623 1946
f 1948 1946 2941
f 2941 1946 624
f 2941 624 2279
f 1950 2941 2279
f 1950 2279 627
f 781 2273 2942
f 781 2942 2274
f 2273 624 1946
f 2273 1946 2942
f 2942 1946 623
f 2942 623 1947
f 2274 2942 1947
f 2274 1947 625
f 628 1954 2943
f 628 2943 1951
f 1954 616 2283
f 1954 2283 2943
f 2943 2283 618
f 2943 618 1949
f 1951 2943 1949
f 1951 1949 626
f 630 1953 2944
f 630 2944 1957
f 1953 628 1951
f 1953 1951 2944
f 2944 1951 626
f 2944 626 1950
f 1957 2944 1950
f 1957 1950 627
f 616 1954 2945
f 616 2945 2284
f 1954 628 1952
f 1954 1952 2945
f 2945 1952 629
f 2945 629 2278
f 2284 2945 2278
f 2284 2278 614
f 630 1955 2946
f 630 2946 1953
f 1955 631 2277
f 1955 2277 2946
f 2946 2277 629
f 2946 629 1952
f 1953 2946 1952
f 1953 1952 628
f 634 2276 2947
f 634 2947 1959
f 2276 631 1955
f 2276 1955 2947
f 2947 1955 630
f 2947 630 1956
f 1959 2947 1956
f 1959 1956 632
f 635 1960 2948
f 635 2948 1963
f 1960 632 1956
f 1960 1956 2948
f 2948 1956 630
f 2948 630 1957
f 1963 2948 1957
f 1963 1957 627
f 635 1962 2949
f 635 2949 1960
f 1962 637 1966
f 1962 1966 2949
f 2949 1966 633
f 2949 633 1958
f 1960 2949 1958
f 1960 1958 632
f 634 1959 2950
f 634 2950 2109
f 1959 632 1958
f 1959 1958 2950
f 2950 1958 633
f 2950 633 2107
f 2109 2950 2107
f 2109 2107 717
f 635 1963 2951
f 635 2951 1961
f 1963 627 2279
f 1963 2279 2951
f 2951 2279 624
f 2951 624 2275
f 1961 2951 2275
f 1961 2275 636
f 638 1964 2952
f 638 2952 2260
f 1964 637 1962
f 1964 1962 2952
f 2952 1962 635
f 2952 635 1961
f 2260 2952 1961
f 2260 1961 636
f 638 2259 2953
f 638 2953 1964
f 2259 47 1967
f 2259 1967 2953
f 2953 1967 639
f 2953 639 1965
f 1964 2953 1965
f 1964 1965 637
f 640 1970 2954
f 640 2954 1968
f 1970 633 1966
f 1970 1966 2954
f 2954 1966 637
f 2954 637 1965
f 1968 2954 1965
f 1968 1965 639
f 48 1975 2955
f 48 2955 1969
f 1975 642 1972
f 1975 1972 2955
f 2955 1972 640
f 2955 640 1968
f 1969 2955 1968
f 1969 1968 639
f 640 1971 2956
f 640 2956 1970
f 1971 641 2108
f 1971 2108 2956
f 2956 2108 717
f 2956 717 2107
f 1970 2956 2107
f 1970 2107 633
f 640 1972 2957
f 640 2957 1971
f 1972 642 1973
f 1972 1973 2957
f 2957 1973 643
f 2957 643 1976
f 1971 2957 1976
f 1971 1976 641
f 643 1973 2958
f 643 2958 1978
f 1973 642 1974
f 1973 1974 2958
f 2958 1974 52
f 2958 52 1980
f 1978 2958 1980
f 1978 1980 645
f 643 1977 2959
f 643 2959 1976
f 1977 644 2096
f 1977 2096 2959
f 2959 2096 718
f 2959 718 2095
f 1976 2959 2095
f 1976 2095 641
f 643 1978 2960
f 643 2960 1977
f 1978 645 1979
f 1978 1979 2960
f 2960 1979 646
f 2960 646 1983
f 1977 2960 1983
f 1977 1983 644
f 645 1981 2961
f 645 2961 1979
f 1981 56 1987
f 1981 1987 2961
f 2961 1987 648
f 2961 648 1984
f 1979 2961 1984
f 1979 1984 646
f 644 1983 2962
f 644 2962 2103
f 1983 646 1982
f 1983 1982 2962
f 2962 1982 647
f 2962 647 2101
f 2103 2962 2101
f 2103 2101 720
f 649 2258 2963
f 649 2963 1985
f 2258 647 1982
f 2258 1982 2963
f 2963 1982 646
f 2963 646 1984
f 1985 2963 1984
f 1985 1984 648
f 687 2058 2964
f 687 2964 2059
f 649 1985 2964
f 649 2964 2058
f 648 1986 2964
f 648 2964 1985
f 650 1988 2964
f 650 2964 1986
f 651 2059 2964
f 651 2964 1988
f 56 2318 2965
f 56 2965 1987
f 2318 58 1989
f 2318 1989 2965
f 2965 1989 650
f 2965 650 1986
f 1987 2965 1986
f 1987 1986 648
f 651 1988 2966
f 651 2966 2257
f 1988 650 1990
f 1988 1990 2966
f 2966 1990 652
f 2966 652 1991
f 2257 2966 1991
f 2257 1991 653
f 58 2317 2967
f 58 2967 1989
f 2317 60 1992
f 2317 1992 2967
f 2967 1992 652
f 2967 652 1990
f 1989 2967 1990
f 1989 1990 650
f 653 1991 2968
f 653 2968 2256
f 1991 652 1993
f 1991 1993 2968
f 2968 1993 654
f 2968 654 1994
f 2256 2968 1994
f 2256 1994 655
f 60 2254 2969
f 60 2969 1992
f 2254 656 1995
f 2254 1995 2969
f 2969 1995 654
f 2969 654 1993
f 1992 2969 1993
f 1992 1993 652
f 655 1994 2970
f 655 2970 2012
f 1994 654 1996
f 1994 1996 2970
f 2970 1996 657
f 2970 657 1997
f 2012 2970 1997
f 2012 1997 658
f 656 2011 2971
f 656 2971 1995
f 2011 659 1998
f 2011 1998 2971
f 2971 1998 657
f 2971 657 1996
f 1995 2971 1996
f 1995 1996 654
f 658 1997 2972
f 658 2972 2006
f 1997 657 1999
f 1997 1999 2972
f 2972 1999 660
f 2972 660 2000
f 2006 2972 2000
f 2006 2000 661
f 659 2010 2973
f 659 2973 1998
f 2010 73 2001
f 2010 2001 2973
f 2973 2001 660
f 2973 660 1999
f 1998 2973 1999
f 1998 1999 657
f 594 2008 2974
f 594 2974 2003
f 2008 661 2000
f 2008 2000 2974
f 2974 2000 660
f 2974 660 2002
f 2003 2974 2002
f 2003 2002 662
f 73 2306 2975
f 73 2975 2001
f 2306 75 2005
f 2306 2005 2975
f 2975 2005 662
f 2975 662 2002
f 2001 2975 2002
f 2001 2002 660
f 594 2003 2976
f 594 2976 2294
f 2003 662 2004
f 2003 2004 2976
f 2976 2004 80
f 2976 80 2295
f 2294 2976 2295
f 2294 2295 591
f 658 2006 2977
f 658 2977 2013
f 2006 661 2007
f 2006 2007 2977
f 2977 2007 593
f 2977 593 2016
f 2013 2977 2016
f 2013 2016 663
f 656 2255 2978
f 656 2978 2011
f 2255 61 2308
f 2255 2308 2978
f 2978 2308 68
f 2978 68 2009
f 2011 2978 2009
f 2011 2009 659
f 655 2012 2979
f 655 2979 2253
f 2012 658 2013
f 2012 2013 2979
f 2979 2013 663
f 2979 663 2014
f 2253 2979 2014
f 2253 2014 664
f 666 2252 2980
f 666 2980 2017
f 2252 664 2014
f 2252 2014 2980
f 2980 2014 663
f 2980 663 2015
f 2017 2980 2015
f 2017 2015 665
f 593 2293 2981
f 593 2981 2016
f 2293 596 2019
f 2293 2019 2981
f 2981 2019 665
f 2981 665 2015
f 2016 2981 2015
f 2016 2015 663
f 666 2017 2982
f 666 2982 2025
f 2017 665 2018
f 2017 2018 2982
f 2982 2018 667
f 2982 667 2021
f 2025 2982 2021
f 2025 2021 669
f 667 2018 2983
f 667 2983 2022
f 2018 665 2019
f 2018 2019 2983
f 2983 2019 596
f 2983 596 2292
f 2022 2983 2292
f 2022 2292 598
f 667 2022 2984
f 667 2984 2020
f 2022 598 2290
f 2022 2290 2984
f 2984 2290 601
f 2984 601 2251
f 2020 2984 2251
f 2020 2251 668
f 667 2020 2985
f 667 2985 2021
f 2020 668 2028
f 2020 2028 2985
f 2985 2028 671
f 2985 671 2024
f 2021 2985 2024
f 2021 2024 669
f 690 2053 2986
f 690 2986 2054
f 2053 666 2025
f 2053 2025 2986
f 2986 2025 669
f 2986 669 2023
f 2054 2986 2023
f 2054 2023 670
f 672 2250 2987
f 672 2987 2026
f 2250 670 2023
f 2250 2023 2987
f 2987 2023 669
f 2987 669 2024
f 2026 2987 2024
f 2026 2024 671
f 672 2026 2988
f 672 2988 2032
f 2026 671 2027
f 2026 2027 2988
f 2988 2027 673
f 2988 673 2031
f 2032 2988 2031
f 2032 2031 676
f 673 2027 2989
f 673 2989 2030
f 2027 671 2028
f 2027 2028 2989
f 2989 2028 668
f 2989 668 2249
f 2030 2989 2249
f 2030 2249 675
f 673 2030 2990
f 673 2990 2029
f 2030 675 2202
f 2030 2202 2990
f 2990 2202 768
f 2990 768 2201
f 2029 2990 2201
f 2029 2201 674
f 673 2029 2991
f 673 2991 2031
f 2029 674 2035
f 2029 2035 2991
f 2991 2035 678
f 2991 678 2034
f 2031 2991 2034
f 2031 2034 676
f 672 2032 2992
f 672 2992 2250
f 2032 676 2033
f 2032 2033 2992
f 2992 2033 677
f 2992 677 2248
f 2250 2992 2248
f 2250 2248 670
f 680 2040 2993
f 680 2993 2037
f 2040 677 2033
f 2040 2033 2993
f 2993 2033 676
f 2993 676 2034
f 2037 2993 2034
f 2037 2034 678
f 751 2198 2994
f 751 2994 2197
f 2198 679 2036
f 2198 2036 2994
f 2994 2036 678
f 2994 678 2035
f 2197 2994 2035
f 2197 2035 674
f 679 2247 2995
f 679 2995 2036
f 2247 681 2038
f 2247 2038 2995
f 2995 2038 680
f 2995 680 2037
f 2036 2995 2037
f 2036 2037 678
f 680 2038 2996
f 680 2996 2039
f 2038 681 2246
f 2038 2246 2996
f 2996 2246 683
f 2996 683 2041
f 2039 2996 2041
f 2039 2041 682
f 680 2039 2997
f 680 2997 2040
f 2039 682 2042
f 2039 2042 2997
f 2997 2042 684
f 2997 684 2245
f 2040 2997 2245
f 2040 2245 677
f 686 2044 2998
f 686 2998 2244
f 2044 685 2043
f 2044 2043 2998
f 2998 2043 682
f 2998 682 2041
f 2244 2998 2041
f 2244 2041 683
f 684 2042 2999
f 684 2999 2047
f 2042 682 2043
f 2042 2043 2999
f 2999 2043 685
f 2999 685 2046
f 2047 2999 2046
f 2047 2046 688
f 692 2057 3000
f 692 3000 2060
f 2057 687 2045
f 2057 2045 3000
f 3000 2045 685
f 3000 685 2044
f 2060 3000 2044
f 2060 2044 686
f 687 2059 3001
f 687 3001 2045
f 2059 651 2048
f 2059 2048 3001
f 3001 2048 688
f 3001 688 2046
f 2045 3001 2046
f 2045 2046 685
f 684 2047 3002
f 684 3002 2055
f 2047 688 2049
f 2047 2049 3002
f 3002 2049 689
f 3002 689 2050
f 2055 3002 2050
f 2055 2050 690
f 651 2257 3003
f 651 3003 2048
f 2257 653 2051
f 2257 2051 3003
f 3003 2051 689
f 3003 689 2049
f 2048 3003 2049
f 2048 2049 688
f 690 2050 3004
f 690 3004 2053
f 2050 689 2052
f 2050 2052 3004
f 3004 2052 664
f 3004 664 2252
f 2053 3004 2252
f 2053 2252 666
f 653 2256 3005
f 653 3005 2051
f 2256 655 2253
f 2256 2253 3005
f 3005 2253 664
f 3005 664 2052
f 2051 3005 2052
f 2051 2052 689
f 684 2055 3006
f 684 3006 2245
f 2055 690 2054
f 2055 2054 3006
f 3006 2054 670
f 3006 670 2248
f 2245 3006 2248
f 2245 2248 677
f 687 2056 3007
f 687 3007 2058
f 2056 691 2243
f 2056 2243 3007
f 3007 2243 647
f 3007 647 2258
f 2058 3007 2258
f 2058 2258 649
f 693 2063 3008
f 693 3008 2061
f 2063 691 2056
f 2063 2056 3008
f 3008 2056 687
f 3008 687 2057
f 2061 3008 2057
f 2061 2057 692
f 695 2064 3009
f 695 3009 2066
f 2064 693 2061
f 2064 2061 3009
f 3009 2061 692
f 3009 692 2060
f 2066 3009 2060
f 2066 2060 686
f 697 2070 3010
f 697 3010 2067
f 2070 694 2062
f 2070 2062 3010
f 3010 2062 693
f 3010 693 2064
f 2067 3010 2064
f 2067 2064 695
f 694 2105 3011
f 694 3011 2062
f 2105 721 2106
f 2105 2106 3011
f 3011 2106 691
f 3011 691 2063
f 2062 3011 2063
f 2062 2063 693
f 695 2066 3012
f 695 3012 2065
f 2066 686 2244
f 2066 2244 3012
f 3012 2244 683
f 3012 683 2242
f 2065 3012 2242
f 2065 2242 696
f 697 2067 3013
f 697 3013 2068
f 2067 695 2065
f 2067 2065 3013
f 3013 2065 696
f 3013 696 2241
f 2068 3013 2241
f 2068 2241 698
f 699 2069 3014
f 699 3014 2072
f 2069 697 2068
f 2069 2068 3014
f 3014 2068 698
f 3014 698 2239
f 2072 3014 2239
f 2072 2239 701
f 699 2071 3015
f 699 3015 2069
f 2071 700 2240
f 2071 2240 3015
f 3015 2240 694
f 3015 694 2070
f 2069 3015 2070
f 2069 2070 697
f 702 2076 3016
f 702 3016 2073
f 2076 705 2079
f 2076 2079 3016
f 3016 2079 700
f 3016 700 2071
f 2073 3016 2071
f 2073 2071 699
f 702 2073 3017
f 702 3017 2075
f 2073 699 2072
f 2073 2072 3017
f 3017 2072 701
f 3017 701 2238
f 2075 3017 2238
f 2075 2238 704
f 702 2074 3018
f 702 3018 2076
f 2074 703 2237
f 2074 2237 3018
f 3018 2237 706
f 3018 706 2077
f 2076 3018 2077
f 2076 2077 705
f 760 2192 3019
f 760 3019 2193
f 2192 703 2074
f 2192 2074 3019
f 3019 2074 702
f 3019 702 2075
f 2193 3019 2075
f 2193 2075 704
f 705 2077 3020
f 705 3020 2078
f 2077 706 2084
f 2077 2084 3020
f 3020 2084 710
f 3020 710 2082
f 2078 3020 2082
f 2078 2082 707
f 705 2078 3021
f 705 3021 2079
f 2078 707 2080
f 2078 2080 3021
f 3021 2080 708
f 3021 708 2236
f 2079 3021 2236
f 2079 2236 700
f 709 2099 3022
f 709 3022 2081
f 2099 719 2098
f 2099 2098 3022
f 3022 2098 708
f 3022 708 2080
f 2081 3022 2080
f 2081 2080 707
f 712 2088 3023
f 712 3023 2085
f 2088 709 2081
f 2088 2081 3023
f 3023 2081 707
f 3023 707 2082
f 2085 3023 2082
f 2085 2082 710
f 713 2086 3024
f 713 3024 2235
f 2086 712 2085
f 2086 2085 3024
f 3024 2085 710
f 3024 710 2083
f 2235 3024 2083
f 2235 2083 711
f 767 2189 3025
f 767 3025 2190
f 2189 711 2083
f 2189 2083 3025
f 3025 2083 710
f 3025 710 2084
f 2190 3025 2084
f 2190 2084 706
f 714 2087 3026
f 714 3026 2090
f 2087 712 2086
f 2087 2086 3026
f 3026 2086 713
f 3026 713 2110
f 2090 3026 2110
f 2090 2110 715
f 716 2094 3027
f 716 3027 2091
f 2094 709 2088
f 2094 2088 3027
f 3027 2088 712
f 3027 712 2087
f 2091 3027 2087
f 2091 2087 714
f 634 2089 3028
f 634 3028 2276
f 2089 714 2090
f 2089 2090 3028
f 3028 2090 715
f 3028 715 2111
f 2276 3028 2111
f 2276 2111 631
f 716 2091 3029
f 716 3029 2092
f 2091 714 2089
f 2091 2089 3029
f 3029 2089 634
f 3029 634 2109
f 2092 3029 2109
f 2092 2109 717
f 718 2093 3030
f 718 3030 2095
f 2093 716 2092
f 2093 2092 3030
f 3030 2092 717
f 3030 717 2108
f 2095 3030 2108
f 2095 2108 641
f 718 2097 3031
f 718 3031 2093
f 2097 719 2099
f 2097 2099 3031
f 3031 2099 709
f 3031 709 2094
f 2093 3031 2094
f 2093 2094 716
f 718 2096 3032
f 718 3032 2097
f 2096 644 2103
f 2096 2103 3032
f 3032 2103 720
f 3032 720 2100
f 2097 3032 2100
f 2097 2100 719
f 719 2100 3033
f 719 3033 2098
f 2100 720 2102
f 2100 2102 3033
f 3033 2102 721
f 3033 721 2104
f 2098 3033 2104
f 2098 2104 708
f 720 2101 3034
f 720 3034 2102
f 2101 647 2243
f 2101 2243 3034
f 3034 2243 691
f 3034 691 2106
f 2102 3034 2106
f 2102 2106 721
f 700 2236 3035
f 700 3035 2240
f 2236 708 2104
f 2236 2104 3035
f 3035 2104 721
f 3035 721 2105
f 2240 3035 2105
f 2240 2105 694
f 724 2115 3036
f 724 3036 2117
f 722 2112 3036
f 722 3036 2115
f 715 2110 3036
f 715 3036 2112
f 713 2235 3036
f 713 3036 2110
f 711 2117 3036
f 711 3036 2235
f 631 2111 3037
f 631 3037 2277
f 2111 715 2112
f 2111 2112 3037
f 3037 2112 722
f 3037 722 2114
f 2277 3037 2114
f 2277 2114 629
f 723 2113 3038
f 723 3038 2121
f 2113 722 2115
f 2113 2115 3038
f 3038 2115 724
f 3038 724 2118
f 2121 3038 2118
f 2121 2118 726
f 723 2234 3039
f 723 3039 2113
f 2234 614 2278
f 2234 2278 3039
f 3039 2278 629
f 3039 629 2114
f 2113 3039 2114
f 2113 2114 722
f 724 2117 3040
f 724 3040 2116
f 2117 711 2189
f 2117 2189 3040
f 3040 2189 767
f 3040 767 2191
f 2116 3040 2191
f 2116 2191 725
f 724 2116 3041
f 724 3041 2118
f 2116 725 2232
f 2116 2232 3041
f 3041 2232 727
f 3041 727 2119
f 2118 3041 2119
f 2118 2119 726
f 730 2124 3042
f 730 3042 2126
f 2124 728 2120
f 2124 2120 3042
f 3042 2120 726
f 3042 726 2119
f 2126 3042 2119
f 2126 2119 727
f 613 2233 3043
f 613 3043 2123
f 2233 723 2121
f 2233 2121 3043
f 3043 2121 726
f 3043 726 2120
f 2123 3043 2120
f 2123 2120 728
f 611 2285 3044
f 611 3044 2231
f 2285 613 2123
f 2285 2123 3044
f 3044 2123 728
f 3044 728 2122
f 2231 3044 2122
f 2231 2122 729
f 730 2127 3045
f 730 3045 2124
f 2127 732 2128
f 2127 2128 3045
f 3045 2128 729
f 3045 729 2122
f 2124 3045 2122
f 2124 2122 728
f 731 2230 3046
f 731 3046 2125
f 2230 733 2129
f 2230 2129 3046
f 3046 2129 732
f 3046 732 2127
f 2125 3046 2127
f 2125 2127 730
f 731 2125 3047
f 731 3047 2184
f 2125 730 2126
f 2125 2126 3047
f 3047 2126 727
f 3047 727 2186
f 2184 3047 2186
f 2184 2186 766
f 736 2228 3048
f 736 3048 2132
f 2228 729 2128
f 2228 2128 3048
f 3048 2128 732
f 3048 732 2130
f 2132 3048 2130
f 2132 2130 734
f 734 2130 3049
f 734 3049 2133
f 2130 732 2129
f 2130 2129 3049
f 3049 2129 733
f 3049 733 2135
f 2133 3049 2135
f 2133 2135 737
f 735 2131 3050
f 735 3050 2227
f 2131 734 2133
f 2131 2133 3050
f 3050 2133 737
f 3050 737 2134
f 2227 3050 2134
f 2227 2134 738
f 736 2132 3051
f 736 3051 2225
f 2132 734 2131
f 2132 2131 3051
f 3051 2131 735
f 3051 735 2223
f 2225 3051 2223
f 2225 2223 776
f 739 2139 3052
f 739 3052 2136
f 2139 742 2142
f 2139 2142 3052
f 3052 2142 738
f 3052 738 2134
f 2136 3052 2134
f 2136 2134 737
f 739 2136 3053
f 739 3053 2137
f 2136 737 2135
f 2136 2135 3053
f 3053 2135 733
f 3053 733 2226
f 2137 3053 2226
f 2137 2226 740
f 741 2138 3054
f 741 3054 2180
f 2138 739 2137
f 2138 2137 3054
f 3054 2137 740
f 3054 740 2178
f 2180 3054 2178
f 2180 2178 764
f 741 2143 3055
f 741 3055 2138
f 2143 744 2141
f 2143 2141 3055
f 3055 2141 742
f 3055 742 2139
f 2138 3055 2139
f 2138 2139 739
f 744 2145 3056
f 744 3056 2141
f 2145 746 2147
f 2145 2147 3056
f 3056 2147 743
f 3056 743 2140
f 2141 3056 2140
f 2141 2140 742
f 775 2220 3057
f 775 3057 2219
f 2220 738 2142
f 2220 2142 3057
f 3057 2142 742
f 3057 742 2140
f 2219 3057 2140
f 2219 2140 743
f 761 2173 3058
f 761 3058 2172
f 2173 745 2144
f 2173 2144 3058
f 3058 2144 744
f 3058 744 2143
f 2172 3058 2143
f 2172 2143 741
f 744 2144 3059
f 744 3059 2145
f 2144 745 2151
f 2144 2151 3059
f 3059 2151 748
f 3059 748 2148
f 2145 3059 2148
f 2145 2148 746
f 749 2199 3060
f 749 3060 2149
f 2199 747 2146
f 2199 2146 3060
f 3060 2146 746
f 3060 746 2148
f 2149 3060 2148
f 2149 2148 748
f 746 2146 3061
f 746 3061 2147
f 2146 747 2214
f 2146 2214 3061
f 3061 2214 773
f 3061 773 2213
f 2147 3061 2213
f 2147 2213 743
f 751 2196 3062
f 751 3062 2152
f 2196 749 2149
f 2196 2149 3062
f 3062 2149 748
f 3062 748 2150
f 2152 3062 2150
f 2152 2150 750
f 750 2150 3063
f 750 3063 2153
f 2150 748 2151
f 2150 2151 3063
f 3063 2151 745
f 3063 745 2195
f 2153 3063 2195
f 2153 2195 752
f 750 2154 3064
f 750 3064 2152
f 2154 753 2156
f 2154 2156 3064
f 3064 2156 679
f 3064 679 2198
f 2152 3064 2198
f 2152 2198 751
f 750 2153 3065
f 750 3065 2154
f 2153 752 2194
f 2153 2194 3065
f 3065 2194 754
f 3065 754 2155
f 2154 3065 2155
f 2154 2155 753
f 753 2155 3066
f 753 3066 2157
f 2155 754 2163
f 2155 2163 3066
f 3066 2163 756
f 3066 756 2160
f 2157 3066 2160
f 2157 2160 755
f 753 2157 3067
f 753 3067 2156
f 2157 755 2158
f 2157 2158 3067
f 3067 2158 681
f 3067 681 2247
f 2156 3067 2247
f 2156 2247 679
f 683 2246 3068
f 683 3068 2242
f 2246 681 2158
f 2246 2158 3068
f 3068 2158 755
f 3068 755 2159
f 2242 3068 2159
f 2242 2159 696
f 696 2159 3069
f 696 3069 2241
f 2159 755 2160
f 2159 2160 3069
f 3069 2160 756
f 3069 756 2162
f 2241 3069 2162
f 2241 2162 698
f 757 2161 3070
f 757 3070 2165
f 2161 756 2163
f 2161 2163 3070
f 3070 2163 754
f 3070 754 2167
f 2165 3070 2167
f 2165 2167 758
f 757 2164 3071
f 757 3071 2161
f 2164 701 2239
f 2164 2239 3071
f 3071 2239 698
f 3071 698 2162
f 2161 3071 2162
f 2161 2162 756
f 757 2165 3072
f 757 3072 2164
f 2165 758 2166
f 2165 2166 3072
f 3072 2166 704
f 3072 704 2238
f 2164 3072 2238
f 2164 2238 701
f 760 2193 3073
f 760 3073 2169
f 2193 704 2166
f 2193 2166 3073
f 3073 2166 758
f 3073 758 2168
f 2169 3073 2168
f 2169 2168 759
f 759 2168 3074
f 759 3074 2171
f 2168 758 2167
f 2168 2167 3074
f 3074 2167 754
f 3074 754 2194
f 2171 3074 2194
f 2171 2194 752
f 760 2169 3075
f 760 3075 2177
f 2169 759 2170
f 2169 2170 3075
f 3075 2170 761
f 3075 761 2174
f 2177 3075 2174
f 2177 2174 762
f 761 2170 3076
f 761 3076 2173
f 2170 759 2171
f 2170 2171 3076
f 3076 2171 752
f 3076 752 2195
f 2173 3076 2195
f 2173 2195 745
f 761 2172 3077
f 761 3077 2174
f 2172 741 2180
f 2172 2180 3077
f 3077 2180 764
f 3077 764 2176
f 2174 3077 2176
f 2174 2176 762
f 763 2188 3078
f 763 3078 2175
f 2188 703 2192
f 2188 2192 3078
f 3078 2192 760
f 3078 760 2177
f 2175 3078 2177
f 2175 2177 762
f 763 2175 3079
f 763 3079 2182
f 2175 762 2176
f 2175 2176 3079
f 3079 2176 764
f 3079 764 2179
f 2182 3079 2179
f 2182 2179 765
f 764 2178 3080
f 764 3080 2179
f 2178 740 2185
f 2178 2185 3080
f 3080 2185 766
f 3080 766 2181
f 2179 3080 2181
f 2179 2181 765
f 727 2232 3081
f 727 3081 2186
f 2232 725 2183
f 2232 2183 3081
f 3081 2183 765
f 3081 765 2181
f 2186 3081 2181
f 2186 2181 766
f 725 2191 3082
f 725 3082 2183
f 2191 767 2187
f 2191 2187 3082
f 3082 2187 763
f 3082 763 2182
f 2183 3082 2182
f 2183 2182 765
f 731 2184 3083
f 731 3083 2230
f 2184 766 2185
f 2184 2185 3083
f 3083 2185 740
f 3083 740 2226
f 2230 3083 2226
f 2230 2226 733
f 763 2187 3084
f 763 3084 2188
f 2187 767 2190
f 2187 2190 3084
f 3084 2190 706
f 3084 706 2237
f 2188 3084 2237
f 2188 2237 703
f 768 2200 3085
f 768 3085 2201
f 2200 749 2196
f 2200 2196 3085
f 3085 2196 751
f 3085 751 2197
f 2201 3085 2197
f 2201 2197 674
f 768 2203 3086
f 768 3086 2200
f 2203 769 2206
f 2203 2206 3086
f 3086 2206 747
f 3086 747 2199
f 2200 3086 2199
f 2200 2199 749
f 768 2202 3087
f 768 3087 2203
f 2202 675 2207
f 2202 2207 3087
f 3087 2207 771
f 3087 771 2205
f 2203 3087 2205
f 2203 2205 769
f 747 2206 3088
f 747 3088 2214
f 2206 769 2204
f 2206 2204 3088
f 3088 2204 770
f 3088 770 2211
f 2214 3088 2211
f 2214 2211 773
f 602 2212 3089
f 602 3089 2209
f 2212 770 2204
f 2212 2204 3089
f 3089 2204 769
f 3089 769 2205
f 2209 3089 2205
f 2209 2205 771
f 601 2208 3090
f 601 3090 2251
f 2208 771 2207
f 2208 2207 3090
f 3090 2207 675
f 3090 675 2249
f 2251 3090 2249
f 2251 2249 668
f 602 2289 3091
f 602 3091 2212
f 2289 604 2222
f 2289 2222 3091
f 3091 2222 772
f 3091 772 2210
f 2212 3091 2210
f 2212 2210 770
f 774 2215 3092
f 774 3092 2216
f 2215 773 2211
f 2215 2211 3092
f 3092 2211 770
f 3092 770 2210
f 2216 3092 2210
f 2216 2210 772
f 775 2219 3093
f 775 3093 2218
f 2219 743 2213
f 2219 2213 3093
f 3093 2213 773
f 3093 773 2215
f 2218 3093 2215
f 2218 2215 774
f 774 2216 3094
f 774 3094 2217
f 2216 772 2221
f 2216 2221 3094
f 3094 2221 776
f 3094 776 2223
f 2217 3094 2223
f 2217 2223 735
f 775 2218 3095
f 775 3095 2220
f 2218 774 2217
f 2218 2217 3095
f 3095 2217 735
f 3095 735 2227
f 2220 3095 2227
f 2220 2227 738
f 604 2288 3096
f 604 3096 2222
f 2288 606 2224
f 2288 2224 3096
f 3096 2224 776
f 3096 776 2221
f 2222 3096 2221
f 2222 2221 772
f 606 2287 3097
f 606 3097 2224
f 2287 609 2229
f 2287 2229 3097
f 3097 2229 736
f 3097 736 2225
f 2224 3097 2225
f 2224 2225 776
f 736 2229 3098
f 736 3098 2228
f 2229 609 2286
f 2229 2286 3098
f 3098 2286 611
f 3098 611 2231
f 2228 3098 2231
f 2228 2231 729
f 45 2322 3099
f 45 3099 2263
f 2322 47 2259
f 2322 2259 3099
f 3099 2259 638
f 3099 638 2261
f 2263 3099 2261
f 2263 2261 777
f 638 2260 3100
f 638 3100 2261
f 2260 636 2272
f 2260 2272 3100
f 3100 2272 778
f 3100 778 2262
f 2261 3100 2262
f 2261 2262 777
f 779 2264 3101
f 779 3101 2267
f 2264 777 2262
f 2264 2262 3101
f 3101 2262 778
f 3101 778 2268
f 2267 3101 2268
f 2267 2268 780
f 45 2263 3102
f 45 3102 2323
f 2263 777 2264
f 2263 2264 3102
f 3102 2264 779
f 3102 779 2265
f 2323 3102 2265
f 2323 2265 43
f 27 2330 3103
f 27 3103 2266
f 2330 30 2324
f 2330 2324 3103
f 3103 2324 43
f 3103 43 2265
f 2266 3103 2265
f 2266 2265 779
f 25 2332 3104
f 25 3104 2270
f 2332 27 2266
f 2332 2266 3104
f 3104 2266 779
f 3104 779 2267
f 2270 3104 2267
f 2270 2267 780
f 781 2274 3105
f 781 3105 2271
f 2274 625 2269
f 2274 2269 3105
f 3105 2269 780
f 3105 780 2268
f 2271 3105 2268
f 2271 2268 778
f 622 2282 3106
f 622 3106 2280
f 2282 25 2270
f 2282 2270 3106
f 3106 2270 780
f 3106 780 2269
f 2280 3106 2269
f 2280 2269 625
f 781 2271 3107
f 781 3107 2273
f 2271 778 2272
f 2271 2272 3107
f 3107 2272 636
f 3107 636 2275
f 2273 3107 2275
f 2273 2275 624
f 36 2310 3108
f 36 3108 2326
f 2310 65 2311
f 2310 2311 3108
f 3108 2311 63
f 3108 63 2313
f 2326 3108 2313
f 2326 2313 38
f 38 2313 3109
f 38 3109 2325
f 2313 63 2312
f 2313 2312 3109
f 3109 2312 782
f 3109 782 2316
f 2325 3109 2316
f 2325 2316 41
f 783 2321 3110
f 783 3110 2319
f 2321 41 2316
f 2321 2316 3110
f 3110 2316 782
f 3110 782 2314
f 2319 3110 2314
f 2319 2314 50
