# Z-Anatomy Cochlea.l evaluated surface; original world meters; not registered
o Cochlea.l
v 0.03955273703 -0.002170328051 1.582663178
v 0.03940893337 -0.001995752566 1.582788706
v 0.03973196074 -0.001804324333 1.58281827
v 0.03981016949 -0.002393611241 1.582743168
v 0.03951288387 -0.00263936026 1.582540512
v 0.03940832615 -0.002165057696 1.58250618
v 0.03933369368 -0.00203812262 1.582624435
v 0.03928682581 -0.002034047153 1.582293868
v 0.0391644612 -0.002022693399 1.582092762
v 0.03926881775 -0.002033972181 1.582481384
v 0.03928248957 -0.001839153003 1.58216536
v 0.03924648464 -0.002496828791 1.582335711
v 0.03916371986 -0.001575699542 1.581959486
v 0.0386249572 -0.001274932176 1.581874132
v 0.03907078877 -0.00137418462 1.581816673
v 0.03864636645 -0.001105053816 1.58185184
v 0.03906238824 -0.001676278189 1.581869483
v 0.03897438198 -0.001959577203 1.581756473
v 0.03884873539 -0.001171856653 1.581710577
v 0.03858242184 -0.0007023802027 1.58174634
v 0.03887304291 -0.001442992128 1.581500173
v 0.03876233846 -0.0007819756866 1.581385016
v 0.03876165673 -0.001845397986 1.581238627
v 0.03883165494 -0.002332150005 1.581565022
v 0.03862702101 -0.0022522863 1.580893755
v 0.03872869909 -0.001328486018 1.580973148
v 0.03859411553 -0.001779979561 1.580571532
v 0.03877783939 -0.000895332545 1.580668688
v 0.03885880113 -0.0004369616508 1.581014395
v 0.03864872083 -0.00133335311 1.580221176
v 0.03892597184 -0.0005454216152 1.580320954
v 0.03896609321 -0.0002840920351 1.580661297
v 0.03884261847 -0.0009328033775 1.579864502
v 0.03916987777 -0.0001980471425 1.580101132
v 0.03911510482 3.493996337e-05 1.580641866
v 0.03947734833 0.0001374213025 1.579969525
v 0.03914561868 -0.0005889236927 1.579591513
v 0.03946341574 -0.000321555417 1.579408526
v 0.03915531933 -0.001037108712 1.579169393
v 0.03927498311 -0.001411578618 1.578881025
v 0.03945419565 -0.0008092643693 1.578999281
v 0.03885043785 -0.001363982912 1.579421997
v 0.03863021731 -0.0017644451 1.579762936
v 0.03900238127 -0.001761576626 1.579074979
v 0.03877832741 -0.002166020218 1.579368711
v 0.03926412761 -0.002066580113 1.578848481
v 0.03906226158 -0.002489168197 1.57911849
v 0.03956780955 -0.002281256951 1.578730345
v 0.03950520977 -0.001658542547 1.578685999
v 0.03967960924 -0.001220751554 1.578673363
v 0.03978757188 -0.001825618558 1.578585029
v 0.04012171552 -0.001953680068 1.578593373
v 0.03995535523 -0.001293865032 1.578586459
v 0.0400518775 -0.0006912690587 1.578764319
v 0.04028886557 -0.001392211765 1.578593731
v 0.04066920653 -0.001509345602 1.578714848
v 0.04039799795 -0.0007330793887 1.578765512
v 0.04079990834 -0.0008488167077 1.578876019
v 0.04044806957 -4.211626947e-05 1.579205155
v 0.04087522626 -0.0001544388942 1.579312444
v 0.04046239331 0.000537453685 1.579929113
v 0.04008098692 -4.63235192e-05 1.579202175
v 0.03976994008 -0.0001466106623 1.57927835
v 0.04009046406 0.0005155755207 1.579887867
v 0.0397798717 0.0003758964594 1.579907417
v 0.04000688717 0.000873418292 1.580757976
v 0.0396817252 0.0007117232308 1.580685377
v 0.04038712755 0.0008718320169 1.580867767
v 0.03975034133 0.0008943967987 1.581663728
v 0.03942959383 0.0007485465612 1.581490278
v 0.03936264664 0.0006446742918 1.582420588
v 0.04014675319 0.0008505221922 1.581835747
v 0.04059118032 0.0005761985667 1.581982493
v 0.03974190354 0.000563763082 1.582644463
v 0.04018164426 0.0002526619937 1.582805276
v 0.03925575316 0.0001600300893 1.583230138
v 0.03874364123 -0.0002819295041 1.583596587
v 0.03893281147 0.0002721787896 1.582966089
v 0.0396470502 -0.0001491345465 1.583418727
v 0.03985921293 -0.0004712659866 1.58340764
v 0.03909730539 -0.0005587544292 1.583793521
v 0.0385767445 -0.001010898501 1.583994389
v 0.03932847828 -0.000824699644 1.583788157
v 0.0394808501 -0.001077211462 1.583663106
v 0.0388254635 -0.001224655658 1.583994269
v 0.03901990876 -0.00142195588 1.583881378
v 0.03831984848 -0.001779451501 1.584059358
v 0.03854053095 -0.001930504106 1.583961248
v 0.0380650349 -0.001600315329 1.584044695
v 0.03786624223 -0.002465861384 1.583950043
v 0.03761271387 -0.002303498331 1.583908677
v 0.03748362884 -0.003190695308 1.583630562
v 0.03810246289 -0.002578365617 1.583876848
v 0.03773258626 -0.003283552825 1.583583474
v 0.03832752258 -0.002660607453 1.583735704
v 0.03853559121 -0.002720834222 1.583529353
v 0.03797908872 -0.003325231839 1.583471298
v 0.03873683512 -0.00207104627 1.583797455
v 0.03917391971 -0.001614977606 1.58370769
v 0.03889703378 -0.002203374635 1.583574176
v 0.03901443258 -0.002313865814 1.583290696
v 0.03926815465 -0.001800562255 1.583483219
v 0.0395950675 -0.001571767963 1.583248377
v 0.0392950289 -0.001981033944 1.583212972
v 0.03950912133 -0.001817949582 1.583016872
v 0.03927467763 -0.002105854452 1.582925081
v 0.03923394158 -0.002145139966 1.582736611
v 0.03907940909 -0.002371374983 1.582987905
v 0.03884780407 -0.002734272275 1.582950711
v 0.03908117488 -0.00237467885 1.58278358
v 0.0390583016 -0.002347543836 1.58259964
v 0.03888921067 -0.00268960651 1.582739353
v 0.03869327158 -0.003064785153 1.582572699
v 0.03889838234 -0.002620771993 1.582545042
v 0.038729202 -0.002940594219 1.582376122
v 0.0388507247 -0.002461559139 1.582276583
v 0.0387038812 -0.002717085648 1.582108736
v 0.03875209019 -0.002267621923 1.582045913
v 0.03898315132 -0.002235962078 1.58235383
v 0.03887248412 -0.002081835177 1.582146645
v 0.03909282759 -0.002071562223 1.582363248
v 0.03918368369 -0.0021468224 1.582572579
v 0.03919736296 -0.001963811461 1.582318902
v 0.038981691 -0.001941433176 1.582187414
v 0.0391084291 -0.001839744393 1.582172871
v 0.03886957094 -0.001781303436 1.5820539
v 0.03874978051 -0.001911979169 1.581990361
v 0.03874570504 -0.001617577858 1.5819484
v 0.03901656345 -0.001682081725 1.58205533
v 0.03891635686 -0.001517877914 1.581957459
v 0.03918273002 -0.001627386082 1.581988096
v 0.03910912946 -0.001462151762 1.58187592
v 0.03925567493 -0.001787497196 1.582108617
v 0.03879309073 -0.001379634719 1.581887126
v 0.03857638314 -0.001469935756 1.58187139
v 0.0383502841 -0.001333695371 1.581859946
v 0.03840182722 -0.001599099021 1.581793666
v 0.03860427067 -0.001744782552 1.581870079
v 0.03814478591 -0.001479760744 1.581802845
v 0.03824334964 -0.001750831492 1.581663132
v 0.03846639767 -0.001896481495 1.581735849
v 0.03809067234 -0.001923084259 1.581467271
v 0.03796231374 -0.001657976303 1.581682682
v 0.03779634461 -0.001853796188 1.581489205
v 0.03765916452 -0.001655478962 1.581807375
v 0.03785610199 -0.001414941158 1.581932783
v 0.03748717532 -0.001895266119 1.581600308
v 0.03738438711 -0.001749288291 1.582024336
v 0.03721109033 -0.002045752946 1.581766725
v 0.03715638071 -0.001905076206 1.582308054
v 0.03759101778 -0.001429968048 1.582178473
v 0.03781399503 -0.001129976474 1.582208276
v 0.03737866506 -0.001501259394 1.582514644
v 0.03763177618 -0.001102139242 1.582558632
v 0.03723979741 -0.001612499356 1.58284831
v 0.03753281385 -0.001114280429 1.582949162
v 0.03699785843 -0.002087579574 1.582589507
v 0.03718283772 -0.001732483506 1.583150029
v 0.03690556064 -0.002279126085 1.582855344
v 0.03720386699 -0.001868283842 1.583423138
v 0.03752434626 -0.001153646503 1.583278298
v 0.03758914396 -0.001227320172 1.583566308
v 0.03791221231 -0.0006179935299 1.583228588
v 0.03786350414 -0.000647297129 1.58287847
v 0.038027592 -0.000647275243 1.58352685
v 0.03830714896 -0.0001701158471 1.583017588
v 0.03819690645 -0.0002702008933 1.582646012
v 0.03869708255 0.0002204845659 1.582663059
v 0.03848018497 -0.0001598116942 1.583328128
v 0.03852566704 4.833331332e-05 1.582324743
v 0.03907278925 0.0005395298358 1.582165956
v 0.038842801 0.0002967484761 1.581899524
v 0.03870999068 -0.0001071603037 1.581635237
v 0.03915207088 0.0004614091013 1.581331611
v 0.03895020112 5.430402234e-05 1.581192136
v 0.03936514258 0.000405824976 1.580642343
v 0.03845426813 -0.0002589630894 1.581988931
v 0.03818185627 -0.0004628235474 1.582267642
v 0.03790268302 -0.0007393416017 1.582473516
v 0.03832791373 -0.0007489747368 1.581971169
v 0.03805455565 -0.0008802041411 1.582135081
v 0.03833195567 -0.001087990589 1.581923723
v 0.03807332367 -0.001213649288 1.581963181
v 0.03824517131 -0.0007704463787 1.583791971
v 0.03776248544 -0.001370994374 1.583830714
v 0.03733963519 -0.002055716235 1.583681345
v 0.03699206933 -0.002723278943 1.583346725
v 0.03723541647 -0.003019724041 1.583571196
v 0.03689048439 -0.002477584872 1.583105087
v 0.03670264035 -0.003309865016 1.582797527
v 0.03663668782 -0.003003314137 1.582603812
v 0.03691317514 -0.003667098936 1.582975149
v 0.03647104278 -0.003749439493 1.582011819
v 0.03665556014 -0.004165938124 1.582115769
v 0.03644299135 -0.003389191814 1.58189559
v 0.03632933646 -0.003982742317 1.581017494
v 0.03632114455 -0.003957360052 1.579899549
v 0.0363284722 -0.003581687342 1.581004977
v 0.03650165722 -0.004452979192 1.581026673
v 0.03651146591 -0.004469761625 1.579780817
v 0.03675090522 -0.004707843065 1.581024766
v 0.03689745069 -0.004389796406 1.582141519
v 0.03678147495 -0.004747114144 1.579739213
v 0.03704776242 -0.004820928909 1.581013918
v 0.03710143268 -0.004869920202 1.579741836
v 0.03736560419 -0.004827417433 1.580991268
v 0.0371732004 -0.004495273344 1.582118869
v 0.03741362691 -0.003955147229 1.582992673
v 0.0374622792 -0.004513001069 1.582063437
v 0.03774891421 -0.004442881793 1.581980348
v 0.03768023849 -0.003978435881 1.582913041
v 0.03794096783 -0.003934575245 1.58278966
v 0.03821728751 -0.003320034128 1.583300352
v 0.03819239885 -0.00382291805 1.582616448
v 0.03844295815 -0.003267127555 1.583062887
v 0.03840691224 -0.00364626525 1.582398415
v 0.03802902624 -0.004284971394 1.581860781
v 0.03797758371 -0.004536096938 1.580892205
v 0.03827019036 -0.004044247791 1.581702948
v 0.03838066384 -0.003838452511 1.581578732
v 0.03821026534 -0.004264018498 1.58080852
v 0.03824856877 -0.004271384329 1.579843521
v 0.03830763325 -0.004045660608 1.580747843
v 0.03835575283 -0.003822186962 1.580691099
v 0.03832462057 -0.004052600823 1.579850316
v 0.03848241642 -0.003810761496 1.578983665
v 0.03835705295 -0.003831044771 1.579856634
v 0.03832935169 -0.003470060881 1.579869628
v 0.0384982042 -0.00360954972 1.579050303
v 0.03874855489 -0.003175050952 1.578342438
v 0.03845493868 -0.003274355549 1.579145908
v 0.03868632764 -0.002887726296 1.57850492
v 0.03835485131 -0.002913784701 1.579236627
v 0.0382434465 -0.003099580295 1.579881907
v 0.03822346777 -0.002589347772 1.579308867
v 0.03856906295 -0.002561290748 1.578666568
v 0.03888265043 -0.00207569357 1.578223825
v 0.03842446581 -0.002254611813 1.578801751
v 0.0382547304 -0.00198080251 1.57889986
v 0.03872579336 -0.001798178069 1.578404188
v 0.03854113445 -0.001539631747 1.578536272
v 0.03911491483 -0.001254258212 1.578162313
v 0.03956246376 -0.0006486205384 1.578100324
v 0.03891953826 -0.001011300832 1.578310728
v 0.03928529471 -0.001493655611 1.577958465
v 0.0394189395 -0.001711852849 1.577713847
v 0.03974438831 -0.0008581005968 1.577893257
v 0.03989398107 -0.001037100796 1.577641487
v 0.04022897035 -0.0002272459678 1.578014851
v 0.04040069878 -0.0003824196756 1.577763438
v 0.04068113491 0.00034256652 1.578255177
v 0.04002969339 -3.267638385e-05 1.57821703
v 0.04044913128 0.0005231194664 1.578458667
v 0.03981812671 0.0001897532493 1.578356743
v 0.04021569341 0.000743057346 1.578596592
v 0.03960708529 0.000426140381 1.578425765
v 0.03936146945 -0.0004218192771 1.578247905
v 0.03915246949 -0.0001916349865 1.57832396
v 0.0389451012 3.131572157e-05 1.578317165
v 0.03870898485 -0.0007781684399 1.578392506
v 0.03849249333 -0.0005644694902 1.578393817
v 0.03833503649 -0.001304832287 1.578610897
v 0.03805686533 -0.001746214461 1.57895565
v 0.03811255842 -0.001105991192 1.578614712
v 0.03788419813 -0.0009684036486 1.578522444
v 0.03783102706 -0.00157050835 1.578954458
v 0.03763764352 -0.00193797797 1.57937634
v 0.03759234771 -0.001477048732 1.578873754
v 0.03738037869 -0.001471002586 1.578714728
v 0.03739331663 -0.001889847219 1.579307675
v 0.0371767953 -0.001933441497 1.579181194
v 0.03728028759 -0.002179910429 1.579814315
v 0.03705533221 -0.002270875033 1.579726338
v 0.03753267601 -0.002181762829 1.579868913
v 0.03724814579 -0.002305548172 1.580369949
v 0.03751281649 -0.002268938813 1.580399036
v 0.03728493676 -0.002265624236 1.580887914
v 0.03701294214 -0.002437999938 1.580326796
v 0.03680875897 -0.002641337924 1.580268741
v 0.037033692 -0.002427499741 1.58090961
v 0.03709848225 -0.002280089073 1.581396341
v 0.0368141979 -0.002663308755 1.58093524
v 0.03661721572 -0.002946080174 1.580960035
v 0.03687284887 -0.002517076209 1.581512094
v 0.03668441251 -0.002791862004 1.581643939
v 0.03698365018 -0.002256742213 1.581969023
v 0.03681017458 -0.002494996414 1.582186341
v 0.03668843955 -0.002745310776 1.582399845
v 0.03653372452 -0.003084256314 1.581773758
v 0.03644631431 -0.003252773546 1.580986857
v 0.0364436321 -0.003187485505 1.580122232
v 0.03631850705 -0.003525367007 1.58002162
v 0.03661791608 -0.002895534039 1.580198288
v 0.03653594106 -0.00288310973 1.579300404
v 0.03669761866 -0.002628155053 1.579471707
v 0.03671833873 -0.002392348833 1.578577638
v 0.0364260599 -0.003202847671 1.579086661
v 0.03663918376 -0.002660986036 1.578271627
v 0.03646677732 -0.003632023465 1.578828454
v 0.03673575073 -0.003039893229 1.577915549
v 0.03671476245 -0.004142424092 1.578574181
v 0.03705954552 -0.003502477426 1.577573657
v 0.03701599315 -0.004418011755 1.578485012
v 0.03739594668 -0.003754919395 1.577454209
v 0.03735038266 -0.004548624158 1.578492522
v 0.03773699328 -0.003885180689 1.577461958
v 0.03769493848 -0.004566505551 1.578560472
v 0.03744063526 -0.004874448292 1.579767346
v 0.03807239234 -0.003926091827 1.577552915
v 0.03801201284 -0.004468894564 1.578665495
v 0.03836554289 -0.003866127692 1.577713132
v 0.03776579723 -0.00476540532 1.57980001
v 0.03826668859 -0.004267890006 1.57878983
v 0.03804883733 -0.004551405087 1.579827428
v 0.03858523816 -0.003711652011 1.577914357
v 0.03842882812 -0.004009433091 1.578909039
v 0.03871342912 -0.003504259512 1.578109503
v 0.03907982633 -0.002826901153 1.577498913
v 0.03874801099 -0.003341937903 1.578231931
v 0.03909835964 -0.002707625739 1.577653527
v 0.03908633813 -0.002580685075 1.577795625
v 0.03952361271 -0.001974295359 1.577307224
v 0.04002804682 -0.001225483138 1.57721138
v 0.03950176388 -0.001884373371 1.57746911
v 0.03951923177 -0.002053752542 1.577132344
v 0.04003912583 -0.001269017346 1.577025175
v 0.03944524005 -0.002136186231 1.576864362
v 0.03999274597 -0.001289959531 1.576741219
v 0.03898030147 -0.002970855683 1.577258468
v 0.03928361833 -0.002166529652 1.576599598
v 0.03879185766 -0.003064474091 1.577017307
v 0.03904744983 -0.002132689115 1.576394677
v 0.0398606807 -0.001258170698 1.576464057
v 0.0396534279 -0.001174962148 1.576247573
v 0.04046621546 -0.0004014335573 1.576557398
v 0.04028121382 -0.0002691927366 1.576335311
v 0.04106453434 0.0003651757725 1.576779008
v 0.04057404026 -0.0004902649671 1.576840878
v 0.04115273431 0.000225589145 1.577065706
v 0.04059851542 -0.0005230656825 1.577131748
v 0.04115485027 0.0001471964642 1.577361107
v 0.04057233781 -0.0005119228736 1.577323437
v 0.04111129045 0.000131892506 1.577556491
v 0.04052317888 -0.0004797340371 1.577500582
v 0.03999358788 -0.001166354399 1.577383518
v 0.04104399681 0.0001420620829 1.577736735
v 0.04152416065 0.0006838606205 1.578045368
v 0.04088968784 0.0002112861257 1.578001976
v 0.04132769629 0.0007136161439 1.578310847
v 0.04168534651 0.001131916652 1.578644872
v 0.04106727242 0.0008132772055 1.578560948
v 0.04136615992 0.001198844286 1.578868866
v 0.04078900814 0.0009762509726 1.578752518
v 0.04104756564 0.001345598605 1.579025149
v 0.04052977264 0.00118408096 1.578873634
v 0.0407786034 0.001538468758 1.579117417
v 0.04030059651 0.001421287656 1.578927755
v 0.04055452347 0.001763158478 1.579151869
v 0.04010358825 0.001683445647 1.57891345
v 0.03999441117 0.0009886668995 1.57866621
v 0.0397933796 0.001246857923 1.578664422
v 0.03962396458 0.001497824909 1.578581572
v 0.03940631822 0.0006625088863 1.578417778
v 0.03922870755 0.0008806376718 1.578324199
v 0.03875122964 0.0002300259657 1.578215599
v 0.03909374401 0.001067124074 1.578148484
v 0.03859523684 0.000388822984 1.578025341
v 0.03902354464 0.001207946101 1.577904701
v 0.03950000927 0.001719414024 1.578417063
v 0.03943644464 0.001896162285 1.578183651
v 0.039843373 0.002226058161 1.578660488
v 0.03979367018 0.002454029163 1.578436494
v 0.04013497755 0.002570370212 1.57885623
v 0.03994898126 0.001959391171 1.578822851
v 0.04022305459 0.002289303811 1.579013586
v 0.04036612064 0.002016321989 1.579119205
v 0.04037277773 0.002553420141 1.579217911
v 0.0405418165 0.002287940588 1.579331875
v 0.04031813517 0.002752850065 1.579472899
v 0.04028455541 0.002870316152 1.579078436
v 0.04031349346 0.003303154837 1.578938365
v 0.04019598663 0.003078039503 1.579299688
v 0.04022033885 0.003453339683 1.579137325
v 0.04035262391 0.003746982198 1.579024315
v 0.04055976123 0.003978915513 1.578946233
v 0.0408487618 0.004228049424 1.578891039
v 0.04041559622 0.003485127352 1.578713179
v 0.04057253525 0.003641950665 1.578513503
v 0.04015350342 0.003079564311 1.578428626
v 0.04011520371 0.002856046194 1.578665614
v 0.03980860487 0.002631114563 1.578166723
v 0.04027668014 0.00324537023 1.578175187
v 0.03990829736 0.002744724741 1.577886224
v 0.04052085057 0.003319276031 1.577940345
v 0.04011889547 0.002782687778 1.577630281
v 0.04082817957 0.003730120603 1.578326702
v 0.04093117267 0.003266779706 1.577726841
v 0.04123917222 0.003706582123 1.578149199
v 0.04135205224 0.003144247457 1.577587962
v 0.04048766568 0.002728007967 1.577398658
v 0.04098471254 0.00257779914 1.577180266
v 0.04008331522 0.002047706628 1.577075958
v 0.03974534571 0.002103785519 1.577334762
v 0.04056116939 0.001895491732 1.576815963
v 0.03961006925 0.001260086661 1.576761484
v 0.04004746303 0.001099952962 1.576492667
v 0.03901565075 0.0004059125204 1.576541424
v 0.03930537403 0.001331480453 1.57703805
v 0.0391256921 0.001336026471 1.577321768
v 0.0387336351 0.0005096285604 1.576847076
v 0.03809124604 -0.0003273407929 1.576855421
v 0.03857535496 0.0005485287402 1.577152371
v 0.03849943727 0.0005454840139 1.577465177
v 0.0379666239 -0.0002476638183 1.577193379
v 0.03792939335 -0.0002134959213 1.577523708
v 0.03742387518 -0.00103733968 1.577474236
v 0.03745053336 -0.0009597525932 1.577803135
v 0.03700842336 -0.001764360815 1.577962875
v 0.03748231381 -0.001167369075 1.577109456
v 0.03698877245 -0.001962970477 1.57760191
v 0.03770627454 -0.001393643208 1.576707959
v 0.0381147638 -0.001709599979 1.576336026
v 0.03835618496 -0.0004839268513 1.576501369
v 0.03714932129 -0.002270546742 1.577191353
v 0.03752464429 -0.002666580025 1.576810956
v 0.03787563369 -0.002891928889 1.576693058
v 0.03820937872 -0.003017662559 1.576720238
v 0.03845601529 -0.001910989638 1.576227903
v 0.03876287118 -0.002042614389 1.576270461
v 0.03910656646 -0.0009043985046 1.576072931
v 0.03975931183 5.250284448e-05 1.576158643
v 0.03939428926 -0.001051873434 1.576114058
v 0.03877649829 -0.0007245559245 1.576171279
v 0.03943594173 0.0002196731512 1.57625246
v 0.04003791139 -0.0001115985215 1.576197267
v 0.04065659642 0.0007408799138 1.576422334
v 0.04089296982 0.0005445803981 1.576556802
v 0.04037765041 0.0009293167386 1.576393962
v 0.04121571779 0.001501859864 1.576731801
v 0.04145787656 0.001269697677 1.576864362
v 0.04170392081 0.002173364162 1.577106476
v 0.04091896489 0.001715312013 1.57671082
v 0.0413784571 0.002397237578 1.577083707
v 0.04175374657 0.002990787383 1.577503324
v 0.0420287177 0.003472262062 1.577970386
v 0.0420887582 0.002782711294 1.577530503
v 0.04233552888 0.003275390947 1.577997565
v 0.0423421748 0.002529268386 1.577664375
v 0.04255694523 0.00301638688 1.578119636
v 0.04248818755 0.002258780645 1.577883482
v 0.04195995629 0.001920056297 1.577239871
v 0.04212232307 0.001670509344 1.577464461
v 0.04217619821 0.001450875076 1.577749133
v 0.04162388667 0.001048933482 1.577087164
v 0.04169661179 0.0008649174124 1.577374458
v 0.04167649895 0.0007427502424 1.577669978
v 0.0421304293 0.001285350649 1.578036427
v 0.04161338136 0.000699631637 1.577865243
v 0.04204557464 0.001205798937 1.578224063
v 0.04233193398 0.001666042954 1.578598022
v 0.04193153605 0.001153351739 1.578395844
v 0.04220143706 0.001576762414 1.57875669
v 0.04192875326 0.001507228473 1.5789783
v 0.04233186692 0.001961953472 1.57910347
v 0.04246601835 0.002073512413 1.578952074
v 0.04233115166 0.002374054864 1.579473376
v 0.04207223281 0.001864095917 1.579306126
v 0.04212243855 0.002233980922 1.579641581
v 0.04174873978 0.00186120905 1.579477072
v 0.04158402979 0.001539713936 1.579167843
v 0.0418728739 0.002163374797 1.579780102
v 0.04141952097 0.001960211666 1.579578757
v 0.04157176614 0.002190918429 1.579877019
v 0.04125021026 0.00167027791 1.57928586
v 0.04113424197 0.002116050804 1.579621077
v 0.04097894579 0.001849508379 1.579344869
v 0.04125782847 0.002311858116 1.579934359
v 0.04088889062 0.002275785431 1.579644799
v 0.04056657478 0.002524094889 1.579699516
v 0.04075252637 0.002055943944 1.579365134
v 0.04103755578 0.002389277564 1.579981565
v 0.04081223533 0.002429318847 1.580057502
v 0.04120234773 0.002430296736 1.58024466
v 0.04104571417 0.002410446992 1.58035326
v 0.04136508703 0.002418735065 1.580147743
v 0.04137066379 0.002534362487 1.580401063
v 0.0415571183 0.002733187517 1.58042872
v 0.04150221124 0.002531209728 1.580256224
v 0.04125859588 0.002507487312 1.580543518
v 0.04147085547 0.002719506156 1.58057785
v 0.04162539169 0.003008462721 1.580528855
v 0.04170626029 0.003356642323 1.580439448
v 0.04170139506 0.003003971651 1.580387712
v 0.04181241617 0.002971721347 1.580226183
v 0.04178710282 0.003347479971 1.580305696
v 0.04190671071 0.003290295135 1.580143571
v 0.04178790748 0.003753769677 1.580216885
v 0.0416245237 0.004202301614 1.580241084
v 0.04193268716 0.003744406626 1.580019832
v 0.04170514271 0.003764284542 1.580339432
v 0.04233520105 0.003240708727 1.579610348
v 0.04210624471 0.003999204841 1.579712391
v 0.04159459844 0.004476878326 1.580139995
v 0.04163263366 0.004788395949 1.579923272
v 0.04167708755 0.004921335261 1.579641104
v 0.04158243537 0.004926336464 1.579240203
v 0.04220819101 0.004140613601 1.579428554
v 0.04219475761 0.004250679165 1.579043508
v 0.04252847657 0.003595848102 1.579177737
v 0.04271878675 0.00314023206 1.578777075
v 0.04246117175 0.003441855777 1.579389453
v 0.04251666367 0.003776197555 1.57888484
v 0.04239842668 0.003904505633 1.578639388
v 0.04265387729 0.003400190501 1.578584433
v 0.04248945415 0.003643698758 1.578445435
v 0.04225310683 0.003818798112 1.57841754
v 0.04188197479 0.003981073387 1.578481317
v 0.04164154828 0.003605077742 1.578041911
v 0.04143933207 0.004134335089 1.578575492
v 0.04207585379 0.00422357209 1.578713894
v 0.04163492098 0.004471604247 1.578739405
v 0.04133245349 0.004735119175 1.578889012
v 0.04107289016 0.004177978728 1.578702331
v 0.04268399253 0.002907615388 1.578967094
v 0.04266703501 0.002456553746 1.578549266
v 0.04258839414 0.002689220011 1.579164267
v 0.04257623479 0.0022152171 1.57878685
v 0.04246858507 0.002520200564 1.579325795
v 0.04221933708 0.002997601172 1.579770565
v 0.04209989309 0.002778040245 1.579882741
v 0.04193516448 0.002556390828 1.579969764
v 0.04167095199 0.002716728952 1.580268621
v 0.04175514728 0.00240527303 1.58002007
v 0.04158888012 0.002340208273 1.580033064
v 0.04243494198 0.001784400316 1.578422785
v 0.04251175374 0.00199917797 1.578153491
v 0.0426720269 0.002733525122 1.578315377
v 0.03852529824 -0.003078449052 1.576830983
v 0.0371001102 -0.001629373524 1.578261018
v 0.03685561568 -0.00219333265 1.578823209
v 0.03722098842 -0.001532459632 1.578505516
v 0.03753752634 -0.0009157261811 1.578092575
v 0.03700431064 -0.002042613924 1.579018593
v 0.03686863929 -0.002424356993 1.57961154
v 0.03797437251 -0.0002196067944 1.577831268
v 0.03768270835 -0.0009096097201 1.578339338
v 0.03809567541 -0.0002762791701 1.578095913
v 0.0382784903 -0.0003910465166 1.578292608
v 0.03850641102 0.000495295506 1.577765703
v 0.03903364763 0.001296605449 1.577618718
v 0.03944793716 0.002019791864 1.577902555
v 0.03954657167 0.002087932546 1.577608585
v 0.03901045024 -0.00235126121 1.578009486
v 0.03768067807 -0.00473182369 1.580953836
v 0.03736425936 -0.002111779992 1.581297398
v 0.03766310215 -0.002049240284 1.581230402
v 0.03756446764 -0.002208382823 1.580878019
v 0.03795493394 -0.002099499106 1.581219912
v 0.03783930093 -0.002261070069 1.580889821
v 0.03819544613 -0.002243595663 1.581282139
v 0.03807007149 -0.002413658425 1.580934525
v 0.03836026788 -0.002455293667 1.581410408
v 0.03832836449 -0.002066791058 1.581538677
v 0.03849391267 -0.00225853594 1.581681013
v 0.03861542419 -0.002480316442 1.581869364
v 0.0386268124 -0.002073513344 1.581869602
v 0.03847532347 -0.002712866291 1.581580162
v 0.03835167363 -0.002941582818 1.581129074
v 0.03855399415 -0.003006702755 1.581793547
v 0.03856643289 -0.003297626972 1.582037926
v 0.03843118995 -0.003279342316 1.581281185
v 0.03843978047 -0.003624685109 1.581457615
v 0.03834013641 -0.003457852174 1.580609798
v 0.03825724125 -0.003096039873 1.580539942
v 0.03813968226 -0.002780514304 1.580489397
v 0.03823325038 -0.002648922615 1.581019163
v 0.03812592477 -0.002771387342 1.579892516
v 0.03798445314 -0.00251981616 1.580452085
v 0.03797373176 -0.00249482505 1.579898953
v 0.03777072579 -0.002341852058 1.580423117
v 0.03777400404 -0.002289915457 1.579893827
v 0.03786788136 -0.002084511798 1.579389811
v 0.03806340694 -0.002309241798 1.579361796
v 0.03851005808 -0.003477886785 1.582216024
v 0.03861805797 -0.003170663957 1.582782984
v 0.03872177005 -0.002748114057 1.583254933
v 0.03715377674 -0.003861891106 1.583023667
v 0.04003247619 -0.001374777406 1.582871079
v 0.03958056122 -0.001326387748 1.583472133
v 0.04002989084 -0.00105932029 1.583079934
v 0.03996583819 -0.000780869741 1.583281517
v 0.04052711278 -0.0007095984183 1.582551122
v 0.04093203694 -0.0003632693551 1.581905723
v 0.04048052803 -0.0004151947796 1.582703829
v 0.04062054679 -0.0009675957263 1.582437158
v 0.04104965925 -0.0006413673982 1.581867099
v 0.04088087007 -0.00119116623 1.582427263
v 0.04127570987 -0.0009039067663 1.58189702
v 0.04039620236 -0.001568046864 1.582743645
v 0.04112836719 -0.001508114859 1.582318068
v 0.04144597426 -0.001282350626 1.581828237
v 0.04127533734 -0.001934179105 1.58204484
v 0.04070878774 -0.0018137265 1.582652092
v 0.04097139835 -0.002148346975 1.582345605
v 0.04035199434 -0.002207440324 1.582751513
v 0.04067322239 -0.002435674425 1.582478166
v 0.04012497514 -0.002605238464 1.582684517
v 0.04002868757 -0.001993129961 1.582809925
v 0.04043533653 -0.002749708481 1.582445145
v 0.03996090963 -0.002985339612 1.582474351
v 0.04028468952 -0.003080605529 1.582243562
v 0.0398680605 -0.003373443615 1.582122922
v 0.04019477963 -0.003390701488 1.581915379
v 0.03980880603 -0.003696234431 1.581621885
v 0.03940064088 -0.003173199017 1.582219481
v 0.039323695 -0.003594293725 1.58168602
v 0.03911186382 -0.002943227999 1.582123041
v 0.03900497779 -0.00337893609 1.5816257
v 0.03894804791 -0.002693261951 1.581892133
v 0.03882550076 -0.003082310781 1.58147037
v 0.03909113258 -0.002318308223 1.58208096
v 0.03870803863 -0.002711130306 1.581228256
v 0.03878993541 -0.003359741066 1.580865145
v 0.03883291408 -0.003417279571 1.580285311
v 0.03866586834 -0.003024206962 1.580720901
v 0.0389989838 -0.003657012712 1.580960989
v 0.03906134889 -0.003687791992 1.580299616
v 0.03934233636 -0.003834491596 1.581018448
v 0.03981339931 -0.003862066194 1.581032395
v 0.03943481669 -0.003845904022 1.580352187
v 0.03989939764 -0.00384229701 1.580432415
v 0.03954673558 -0.003646694124 1.579786658
v 0.03965016082 -0.003313393798 1.579343915
v 0.04000560194 -0.003668498714 1.579896927
v 0.03916600347 -0.003489482682 1.579752684
v 0.03890065849 -0.003233949188 1.579815984
v 0.03926961496 -0.003146162257 1.579336166
v 0.03895299137 -0.002892513294 1.57945025
v 0.03938727081 -0.002728383522 1.57899332
v 0.03976764157 -0.002901595552 1.578983188
v 0.04022208974 -0.003014003392 1.579087377
v 0.03993017599 -0.002441623248 1.578722954
v 0.04036203399 -0.002567656804 1.578834057
v 0.04060487449 -0.002614129335 1.578948379
v 0.04051455855 -0.00207135966 1.578717589
v 0.04073518142 -0.002132538706 1.578840137
v 0.04082034528 -0.002157597803 1.578895569
v 0.04088255018 -0.001600273419 1.578852654
v 0.0409367606 -0.001736946404 1.578905702
v 0.04103233293 -0.0009839022532 1.579031467
v 0.04119464755 -0.001132320147 1.579206586
v 0.04111348838 -0.0003161984496 1.579461694
v 0.04125886038 -0.0005152923986 1.579626203
v 0.04111016169 0.0002046038862 1.580189109
v 0.04123093188 -4.533678293e-05 1.580321789
v 0.04088804871 0.0004082771484 1.580053687
v 0.04102013633 0.0004171512555 1.581101775
v 0.0411202386 0.0001205066219 1.581161261
v 0.04081053659 0.0006777953822 1.581010938
v 0.0407990329 0.0002608255018 1.582012057
v 0.04088358954 -5.277479067e-05 1.581979036
v 0.04039336368 -9.23271291e-05 1.582799315
v 0.04119159281 -0.0001978934743 1.581191063
v 0.04133853689 -0.0003265491687 1.580441713
v 0.04133525491 -0.0005088071339 1.581223845
v 0.04150442034 -0.0006316863 1.580544353
v 0.04154119641 -0.0008307243697 1.58127439
v 0.04165742919 -0.001245726831 1.581259131
v 0.04167925194 -0.0009832587093 1.580623627
v 0.04168435186 -0.001286330167 1.580089927
v 0.04175517336 -0.001369459089 1.580670118
v 0.0417464897 -0.001497578342 1.580251932
v 0.04173123837 -0.001808784902 1.580598593
v 0.04167445377 -0.002212867606 1.580498576
v 0.04166093096 -0.001761286519 1.581142783
v 0.04171229154 -0.001816917211 1.580116153
v 0.041636426 -0.001676672604 1.579802752
v 0.04165655375 -0.002150893211 1.58001864
v 0.04162123427 -0.00231909845 1.579982877
v 0.04158092663 -0.002023282461 1.579669118
v 0.04154732823 -0.002193410881 1.579629898
v 0.04145976529 -0.001875370741 1.579428673
v 0.04142228141 -0.002067784313 1.57937789
v 0.04152046517 -0.001474091783 1.579605222
v 0.04128812253 -0.001755079255 1.57921958
v 0.04125509784 -0.001989493147 1.579181194
v 0.04109211266 -0.001740931068 1.579034686
v 0.04135561734 -0.00129054999 1.579398274
v 0.04139707983 -0.0007416307926 1.579797387
v 0.04155887291 -0.001003409736 1.57996428
v 0.04095187411 -0.00220797956 1.578980088
v 0.04112942889 -0.002014898695 1.57907629
v 0.04103866965 -0.002266687341 1.57904017
v 0.04092964157 -0.002678668126 1.579091549
v 0.04118272662 -0.002300721593 1.579146266
v 0.04135394841 -0.002369679045 1.579334736
v 0.04108131304 -0.002705479506 1.579179406
v 0.04126011953 -0.002738823649 1.579346657
v 0.04097413644 -0.00310694566 1.579329014
v 0.04081479087 -0.003097373061 1.579270244
v 0.04117006809 -0.003081856295 1.579463005
v 0.04088960588 -0.003450273536 1.579608679
v 0.04083116725 -0.003685374744 1.580023646
v 0.04110379145 -0.00336765917 1.579706788
v 0.04071444273 -0.003451915458 1.579570651
v 0.04063749313 -0.003695209045 1.579997063
v 0.04061343521 -0.003436653409 1.579559207
v 0.04072114825 -0.003083209973 1.579247713
v 0.04046363384 -0.003397289198 1.579550624
v 0.04052703083 -0.003678231034 1.579988956
v 0.04044855386 -0.003781744279 1.580484033
v 0.04036681727 -0.003630068153 1.579984069
v 0.04030398652 -0.003741000779 1.5803895
v 0.04026459903 -0.003623016644 1.579970002
v 0.04017744586 -0.003758840263 1.580469251
v 0.04036532715 -0.003385554999 1.579532504
v 0.04010678828 -0.003387296107 1.579449296
v 0.04047761485 -0.003039389849 1.579190731
v 0.04057439417 -0.003052387387 1.579220891
v 0.04069763795 -0.002631194424 1.578992367
v 0.040839158 -0.002661305014 1.579049587
v 0.04013303295 -0.003776362166 1.580998182
v 0.04013274983 -0.0036404985 1.58149755
v 0.0403907299 -0.003739746753 1.580970407
v 0.0405356437 -0.003742304631 1.580970168
v 0.04038373008 -0.003573712893 1.581376672
v 0.04053292051 -0.003579038661 1.581340194
v 0.04042601958 -0.003351858817 1.581697822
v 0.04052190483 -0.003108410165 1.581955791
v 0.04055310413 -0.003375260159 1.581622481
v 0.0407249555 -0.003440115601 1.581552982
v 0.04065205902 -0.003167096991 1.581832886
v 0.04085252434 -0.003314090893 1.581653237
v 0.04080902785 -0.002935691271 1.581982374
v 0.04099622369 -0.002722133417 1.582000732
v 0.04067346081 -0.002845487092 1.582134008
v 0.04102706909 -0.003120557405 1.581746578
v 0.04118280113 -0.002910733689 1.581778765
v 0.04119440913 -0.003298922908 1.581411958
v 0.04099419713 -0.003486703616 1.581359744
v 0.0412443094 -0.00338682998 1.581033587
v 0.04135590047 -0.003066449426 1.581457019
v 0.04144006968 -0.002761970274 1.581554055
v 0.04141743109 -0.003120535053 1.581097484
v 0.04142325372 -0.00312036369 1.580697775
v 0.04153048247 -0.00277795596 1.581210494
v 0.0415414311 -0.002459124662 1.581335068
v 0.04155030102 -0.002777123358 1.580805898
v 0.04160686582 -0.00245393021 1.580917835
v 0.04156335816 -0.002713338472 1.580363393
v 0.04163711146 -0.002410842571 1.580445886
v 0.04143684357 -0.003050819971 1.580271125
v 0.04155328125 -0.00258750841 1.57993722
v 0.0414419882 -0.002910774667 1.57988894
v 0.04148419946 -0.00246412633 1.579594254
v 0.04138886184 -0.002792514395 1.57958746
v 0.0412982069 -0.00303470064 1.579604149
v 0.04129191861 -0.003187390044 1.57981956
v 0.04127016664 -0.003338775132 1.580180049
v 0.04106630757 -0.003563784063 1.580091
v 0.04125118256 -0.003409208264 1.580615997
v 0.0410370715 -0.003641083837 1.580555439
v 0.04078486189 -0.003777768463 1.580515742
v 0.04102964699 -0.003600379452 1.580990911
v 0.04077095911 -0.003730751108 1.580971837
v 0.04077357799 -0.003595894203 1.581323624
v 0.04057383537 -0.003793929704 1.580497026
v 0.04163004458 -0.002232972067 1.58099401
v 0.04153236374 -0.002247190569 1.581426144
v 0.04135963693 -0.002305048984 1.581783414
v 0.04150888696 -0.00179740414 1.581629157
v 0.04112498835 -0.002421714831 1.582029343
v 0.04140160605 -0.002484521829 1.581679463
v 0.04119825736 -0.002554553095 1.581906557
v 0.04129075259 -0.002729676664 1.581774235
v 0.04088487104 -0.002612250391 1.58214891
v 0.03868823498 -0.002574509475 1.579712152
v 0.03868849948 -0.002933830023 1.580041289
v 0.03855575621 -0.002196898218 1.580129981
v 0.03858407214 -0.00262320647 1.580449343
v 0.03870730102 -0.003166375216 1.580319285
v 0.03975281492 -0.0007179230452 1.578851223
v 0.03947258741 -0.0011578626 1.578803539
v 0.03947623074 -0.002033090685 1.582714438
v 0.039638374 -0.001989364624 1.582753181
v 0.03968270123 -0.002276262734 1.582713127
v 0.03953298554 -0.00239149807 1.5826087
v 0.03946337476 -0.002172691748 1.58257854
v 0.03943313658 -0.002356721554 1.582508087
v 0.03937559202 -0.002062528394 1.582553744
v 0.03935262933 -0.002136294264 1.582427144
v 0.03921369463 -0.002028239425 1.58216989
v 0.03929614276 -0.002022695262 1.582405925
v 0.03928245977 -0.001930211205 1.582251072
v 0.0392810367 -0.002272246405 1.582336426
v 0.0392238237 -0.001816362608 1.582114697
v 0.03923421353 -0.001730940305 1.582080841
v 0.03883265331 -0.001347588841 1.581886888
v 0.03910271078 -0.001442639623 1.581862926
v 0.03885164857 -0.001311365515 1.58187139
v 0.03908728063 -0.001604999881 1.581921458
v 0.03912829608 -0.001884804107 1.581993937
v 0.03902691975 -0.00179875223 1.581817389
v 0.0389685221 -0.001428227406 1.581769586
v 0.03871070966 -0.0009326725267 1.581700921
v 0.03876885772 -0.001123711001 1.581791043
v 0.03888228536 -0.001281382516 1.581612349
v 0.03881091252 -0.001146723051 1.58142972
v 0.03892583773 -0.001715624705 1.581611753
v 0.03882813454 -0.001637258567 1.581376791
v 0.03879196197 -0.002100208309 1.58139503
v 0.03868941963 -0.002051725984 1.581079841
v 0.03873821348 -0.001582362223 1.581103086
v 0.03866046295 -0.001560125966 1.580777049
v 0.03877182305 -0.001078770962 1.581166267
v 0.03874115273 -0.001098692417 1.580830932
v 0.03882486746 -0.0006715632044 1.580861568
v 0.03871084377 -0.001115181949 1.58045125
v 0.03883943707 -0.0007151993923 1.580488563
v 0.03895431757 -0.0003883475438 1.580519199
v 0.03888202086 -0.0007297829725 1.580097675
v 0.03903687373 -0.000373496674 1.580194592
v 0.03915619478 -5.753571168e-05 1.580367565
v 0.03932053223 -2.302462235e-05 1.580026388
v 0.03916116804 -0.0003789630719 1.579840064
v 0.03930581361 -0.0004440294579 1.579491377
v 0.03913999349 -0.0008144238964 1.579365015
v 0.03898660094 -0.0007527917624 1.579715252
v 0.03919966146 -0.001239386853 1.579010487
v 0.03930624574 -0.000906989444 1.579078674
v 0.03899925202 -0.001190172974 1.579283237
v 0.03882936016 -0.001147544477 1.579635501
v 0.03872385249 -0.001557171345 1.579584241
v 0.03890912235 -0.00157167716 1.579233766
v 0.03914000466 -0.001578217838 1.578964233
v 0.03887695819 -0.001959667075 1.579211593
v 0.03912435472 -0.001926653553 1.578947186
v 0.03915312886 -0.002277168911 1.578972697
v 0.03941195086 -0.00218331581 1.578776479
v 0.03938664868 -0.001862579957 1.578750968
v 0.03937982768 -0.001548940316 1.578772783
v 0.03960485011 -0.001445981208 1.578658938
v 0.03964194655 -0.001749293413 1.578623056
v 0.03994372487 -0.001891506836 1.578573465
v 0.03988032788 -0.00157012837 1.578566551
v 0.0396788083 -0.002058604266 1.578640699
v 0.04001326486 -0.00100096222 1.578647614
v 0.04011169448 -0.001339097042 1.578575373
v 0.03981204331 -0.001255589072 1.578620553
v 0.04021107033 -0.001685054507 1.578576326
v 0.04048690572 -0.001451757271 1.578644395
v 0.04035164416 -0.001072871033 1.578651786
v 0.04060724005 -0.0007856269367 1.578810096
v 0.04042829946 -0.0003831516951 1.578948855
v 0.0402136296 -0.0007018060423 1.578751445
v 0.04067112133 -8.753500879e-05 1.579249024
v 0.04046151415 0.0002699440811 1.579533696
v 0.04025197402 -2.939626575e-05 1.579190969
v 0.04007096961 -0.0003672782332 1.578949571
v 0.03992267326 -8.677551523e-05 1.579232454
v 0.04009055719 0.0002522091381 1.579516888
v 0.04026378691 0.0005448900629 1.579897881
v 0.03993147239 0.0004580868408 1.579892397
v 0.04006705806 0.0007303101011 1.580307245
v 0.03984224796 0.0008117838297 1.58071816
v 0.04018515348 0.0008968838956 1.580806613
v 0.03990000486 0.0009259160142 1.581218958
v 0.03958376497 0.0008410208393 1.581576467
v 0.03956659511 0.0007935245521 1.582067609
v 0.03993499652 0.0009024136234 1.581749916
v 0.04028973356 0.0009035426192 1.581361651
v 0.04038298875 0.0007315597031 1.581919193
v 0.03996014968 0.0007304335013 1.582266331
v 0.0399742797 0.0004261420108 1.582740903
v 0.03953717276 0.0006341154221 1.582536697
v 0.03950491548 0.0003697744105 1.582966089
v 0.03899975494 -5.755480379e-05 1.58343792
v 0.03907975182 0.000242406968 1.583102822
v 0.03945966437 1.924252138e-05 1.583343506
v 0.03977615386 -0.0003129369579 1.583435178
v 0.03992274404 5.530705675e-05 1.583141446
v 0.0393692553 -0.0003531179391 1.583632827
v 0.0389232263 -0.0004110778682 1.583714008
v 0.03883505985 -0.0007727933116 1.583912492
v 0.03922953829 -0.0006962590851 1.583813787
v 0.03958927095 -0.0006488063373 1.583624363
v 0.03941081837 -0.0009512100369 1.583735704
v 0.03907630965 -0.001010747161 1.583909273
v 0.03892697021 -0.001323659439 1.583946705
v 0.03871328011 -0.001123177819 1.584017038
v 0.03857046738 -0.001481443178 1.584046006
v 0.03843264282 -0.001856469084 1.584019542
v 0.03820077702 -0.001697355881 1.584074616
v 0.03808394074 -0.002111606766 1.584028006
v 0.0377445966 -0.002395858057 1.583951473
v 0.03766741604 -0.00282932492 1.583821893
v 0.03798526525 -0.002526048105 1.583923101
v 0.0383131206 -0.002241749782 1.58394146
v 0.03791030124 -0.002929330338 1.583762407
v 0.03821689263 -0.002622617874 1.583814263
v 0.03843359649 -0.002693866845 1.583640933
v 0.0381465815 -0.002988261636 1.583635092
v 0.0385250859 -0.002352794167 1.583787441
v 0.03895723075 -0.001821591053 1.583770514
v 0.03864248097 -0.002001813147 1.583886981
v 0.03882197663 -0.002138590906 1.583693385
v 0.03896136209 -0.002263328992 1.583439589
v 0.03871160373 -0.002450710163 1.583570123
v 0.03908662125 -0.001981387381 1.583545685
v 0.03943316638 -0.001671635546 1.583384275
v 0.03922951221 -0.001707961783 1.583601236
v 0.03928916156 -0.001893776003 1.583354235
v 0.03940778226 -0.001880129799 1.583126783
v 0.0391609855 -0.00212952774 1.583266854
v 0.03928906843 -0.00205412833 1.583062649
v 0.03925523534 -0.002132729162 1.582819819
v 0.03918481246 -0.002223867457 1.582967877
v 0.03934574127 -0.002025246155 1.582862854
v 0.0390550755 -0.002350461204 1.583132863
v 0.03896509483 -0.002542573959 1.582983017
v 0.03908541426 -0.002377150115 1.582874775
v 0.0390740335 -0.002368517686 1.58269763
v 0.03898758814 -0.002523239236 1.58277452
v 0.039164491 -0.002247799654 1.582769632
v 0.03887564316 -0.00271386141 1.582834244
v 0.03879090771 -0.002870304044 1.582674265
v 0.03889840841 -0.002663082909 1.58264935
v 0.0389810726 -0.002476843074 1.582584381
v 0.03881408274 -0.002775119618 1.58247745
v 0.03888237104 -0.002550623845 1.582414508
v 0.03877871111 -0.002585305367 1.582206964
v 0.03880596161 -0.002365777269 1.582153082
v 0.03891955316 -0.002343132626 1.582324624
v 0.0389303118 -0.002161792945 1.582242489
v 0.03902725875 -0.002301083412 1.582479358
v 0.03904005885 -0.002146118786 1.58236587
v 0.03914293647 -0.002118646633 1.582469583
v 0.03914465383 -0.002009693999 1.582347751
v 0.0390380621 -0.002011540346 1.582268953
v 0.03892669082 -0.002006426454 1.582174063
v 0.03904197738 -0.001884678844 1.582187295
v 0.03892571107 -0.001863566693 1.582116365
v 0.03880795836 -0.001843032427 1.582029104
v 0.0388112925 -0.001698203385 1.581998229
v 0.03893944621 -0.001726424787 1.582063794
v 0.03906264156 -0.001763551962 1.58211112
v 0.03896871209 -0.001599065028 1.582004189
v 0.0390984565 -0.001650924794 1.582027316
v 0.03914546221 -0.0015438837 1.581930876
v 0.03921995312 -0.001710013952 1.582047224
v 0.03928409144 -0.00184651278 1.582163215
v 0.0391805172 -0.001809411217 1.582144618
v 0.03901127726 -0.001486192457 1.5819242
v 0.03907809779 -0.001392082777 1.581828952
v 0.03882712871 -0.001562702935 1.581964254
v 0.03885733709 -0.001442496199 1.581916451
v 0.03867718205 -0.001415781677 1.581889868
v 0.0387217924 -0.001330925617 1.58187449
v 0.03892683238 -0.001369304489 1.581859231
v 0.03866779804 -0.00154182734 1.58190465
v 0.03847099841 -0.001400466543 1.581854343
v 0.03848575056 -0.001531747635 1.581838727
v 0.03851068765 -0.001669035759 1.581824183
v 0.03827933967 -0.001534881536 1.581784606
v 0.03832171857 -0.001672014128 1.581736088
v 0.03836319968 -0.001818786841 1.581689835
v 0.03816564009 -0.001835374162 1.581572413
v 0.0381084457 -0.001695362851 1.581659913
v 0.03787628934 -0.001754641533 1.581594467
v 0.0378099978 -0.001644080039 1.581732512
v 0.03805162758 -0.001565690152 1.581751585
v 0.03775533661 -0.00153270131 1.581881046
v 0.03756837547 -0.001777016558 1.58171463
v 0.03751678392 -0.001692015212 1.581905127
v 0.03729142249 -0.001903257798 1.581908464
v 0.03726292029 -0.001821945887 1.582162261
v 0.03748501092 -0.00158940861 1.582115889
v 0.03771825135 -0.001413517166 1.582041502
v 0.03770096228 -0.001276436262 1.582208037
v 0.03747687116 -0.00145954825 1.582340956
v 0.03750231862 -0.001299255528 1.582555294
v 0.03729908913 -0.001554000191 1.582685113
v 0.03726255894 -0.001705811825 1.58243072
v 0.03738019988 -0.001363455318 1.582919359
v 0.0371123217 -0.001855677459 1.582737803
v 0.03720158339 -0.001671815291 1.583003163
v 0.03703632578 -0.002013206482 1.583022714
v 0.03718247265 -0.001796757802 1.583289742
v 0.03734598309 -0.001442644745 1.583236098
v 0.03754685819 -0.001184705179 1.583425999
v 0.03771511465 -0.000875975471 1.58327508
v 0.03751848266 -0.001130601391 1.583121777
v 0.03787877411 -0.0006249831058 1.583062291
v 0.03796073794 -0.0006243241951 1.583382726
v 0.03810990229 -0.0003847409971 1.583142042
v 0.03824332356 -0.0002093059011 1.582837462
v 0.0385036096 3.247801214e-05 1.58285737
v 0.03838536516 -0.0001521985978 1.58318007
v 0.03870801628 6.219372153e-05 1.583168387
v 0.0385963656 -0.0001994599588 1.583466411
v 0.03825317696 -0.0003940584138 1.583447099
v 0.03860298917 0.0001494530588 1.582496881
v 0.03888595104 0.000389829278 1.582434893
v 0.03880646825 0.0002626478672 1.582819581
v 0.03895011172 0.0004353313707 1.582033515
v 0.03925805539 0.0006655484904 1.581850052
v 0.03920942172 0.0006106754299 1.582296014
v 0.03875652701 0.000119487755 1.581765413
v 0.03868404403 0.0001802130137 1.582127929
v 0.03900402412 0.0003983839415 1.581634521
v 0.03903764114 0.0002723655198 1.581260681
v 0.03928461298 0.0006209556013 1.581408262
v 0.03927146271 0.0004627224989 1.580994487
v 0.039519649 0.0005729708355 1.580659151
v 0.03943713754 0.0002982923761 1.580296159
v 0.03922914714 0.0002228280064 1.580637693
v 0.03904535621 7.334444672e-05 1.580923557
v 0.03889490291 -0.0001887958497 1.581117749
v 0.03883511201 -1.741759479e-05 1.581428051
v 0.03871727362 -0.000394562725 1.581512451
v 0.03858341277 -0.0001836405136 1.581821918
v 0.03849280253 -0.0004714177921 1.581847548
v 0.03831999376 -0.0003516911529 1.58213675
v 0.03847036511 -8.595874533e-05 1.582152128
v 0.03817325085 -0.0003543202765 1.582452655
v 0.03804206103 -0.0005905451253 1.582382679
v 0.03823200613 -0.0005957437679 1.582102537
v 0.03846149147 -0.0007127518766 1.581867576
v 0.03846972808 -0.0009185331874 1.581885934
v 0.03818930686 -0.0008017024957 1.582062006
v 0.03793041781 -0.0009933747351 1.582183957
v 0.03796231002 -0.0008017579094 1.582291126
v 0.03818161041 -0.0009792926721 1.582009196
v 0.03848841786 -0.001191416755 1.581884503
v 0.0381937325 -0.001134424936 1.581948757
v 0.03849133477 -0.001086263452 1.581893563
v 0.03796172887 -0.001308251172 1.581959367
v 0.03821475059 -0.00127065042 1.581894398
v 0.03793666512 -0.001165536698 1.582069397
v 0.03776556253 -0.0009124921635 1.58253181
v 0.03787063807 -0.0006867800839 1.582676053
v 0.03836275637 -0.0001032277942 1.58249557
v 0.03803060949 -0.0004489910789 1.582777619
v 0.03780439124 -0.0009257290512 1.583568096
v 0.03811879829 -0.0006925850175 1.583662629
v 0.0384927094 -0.0005158549175 1.583713412
v 0.03840938956 -0.0008848994039 1.583911538
v 0.03799952939 -0.001055980567 1.583833098
v 0.03765726462 -0.00128651876 1.58370018
v 0.03790867329 -0.001483622007 1.58395505
v 0.03754159063 -0.001709071454 1.583779454
v 0.03715735301 -0.002396242227 1.583538413
v 0.03746861219 -0.002181691118 1.583809853
v 0.03725273162 -0.001951887272 1.583552003
v 0.03710425645 -0.002876969986 1.583471298
v 0.03692224994 -0.002590503078 1.583224654
v 0.03684078529 -0.003030676395 1.583101153
v 0.03665067628 -0.003145891242 1.582700253
v 0.0367965959 -0.003496497404 1.582896113
v 0.03657812998 -0.003551983275 1.582433462
v 0.03654922172 -0.003967493773 1.582069993
v 0.03643735498 -0.003557157703 1.581953526
v 0.03638621047 -0.003895145841 1.581537247
v 0.03630609065 -0.0040058624 1.580463886
v 0.0363083072 -0.003767506219 1.581011534
v 0.03639895469 -0.00422834605 1.581023097
v 0.03648263216 -0.004500610754 1.580412745
v 0.03661989421 -0.004608000629 1.58102715
v 0.03656200692 -0.004339102656 1.581597447
v 0.03680641204 -0.004578642547 1.581610322
v 0.03674060851 -0.004768914543 1.580392718
v 0.03689471632 -0.004777471535 1.581020594
v 0.03704950586 -0.00488656573 1.580389023
v 0.03720581904 -0.004837381653 1.581004262
v 0.03709210828 -0.004688282497 1.581592917
v 0.03703204915 -0.004453036003 1.582134604
v 0.03728171438 -0.004247521982 1.582587719
v 0.03731736541 -0.004515348934 1.582094789
v 0.03760629147 -0.004488443956 1.582025409
v 0.03739543632 -0.00470054429 1.58155179
v 0.0375587903 -0.004267946817 1.582520604
v 0.03782223165 -0.003659635317 1.583231091
v 0.03754713759 -0.003975419328 1.58295846
v 0.03781164065 -0.003964628093 1.582856894
v 0.0380718708 -0.003632240463 1.583083749
v 0.03783161193 -0.004210560583 1.582418203
v 0.03806803003 -0.003888236359 1.582710385
v 0.03831066191 -0.003547479399 1.582877517
v 0.03831055388 -0.003738306463 1.58250773
v 0.03809735924 -0.004074824974 1.582273364
v 0.0379890576 -0.0044388026 1.581395626
v 0.03788992763 -0.004376569763 1.581926584
v 0.03816213459 -0.004167510197 1.581781983
v 0.03833797574 -0.00393506512 1.581636071
v 0.03832833096 -0.003862761892 1.582085609
v 0.038230367 -0.004178741947 1.581271648
v 0.03821344674 -0.004298247397 1.580328584
v 0.03827129304 -0.004146864638 1.580775142
v 0.03810860962 -0.004400858656 1.580850124
v 0.03833684325 -0.00394679606 1.580721736
v 0.03833610564 -0.003964608535 1.581179023
v 0.03830063716 -0.004077778198 1.580300808
v 0.0382973142 -0.004153563641 1.579847574
v 0.03838696331 -0.003962931223 1.579407334
v 0.03834575787 -0.003954258747 1.579852819
v 0.03835171461 -0.003662564326 1.579862595
v 0.03841102868 -0.003749250434 1.579445243
v 0.03834117949 -0.003853525966 1.580275655
v 0.03861160576 -0.003415836021 1.578680158
v 0.03848490864 -0.003454708029 1.57909596
v 0.03849506378 -0.003721757792 1.579014421
v 0.03837609664 -0.003398127854 1.579501271
v 0.03855884075 -0.003102471586 1.578811169
v 0.03841025382 -0.00309120724 1.579193473
v 0.03828432783 -0.003029745538 1.579553366
v 0.03829243779 -0.002746230923 1.579275131
v 0.03844979033 -0.002756272908 1.578938961
v 0.03871353343 -0.002332917415 1.578425884
v 0.03849962726 -0.00240420131 1.578738213
v 0.03863256052 -0.002724132501 1.578588367
v 0.0383429639 -0.002113351598 1.578855753
v 0.0385629721 -0.00203933008 1.578586459
v 0.03831135109 -0.002439224161 1.579043508
v 0.03863666207 -0.001666103955 1.578476906
v 0.0389110446 -0.001535678748 1.578261733
v 0.03880758956 -0.00193553092 1.578319192
v 0.03933324665 -0.0009566112421 1.578108072
v 0.03901971877 -0.001132225618 1.578244209
v 0.039203953 -0.001375538763 1.578066468
v 0.03907478228 -0.001794319134 1.578066945
v 0.0393573828 -0.001606267411 1.577840209
v 0.0395093672 -0.00117911119 1.577900529
v 0.03965662047 -0.0007563848048 1.578003287
v 0.03982403874 -0.0009521963075 1.57777226
v 0.03998703137 -0.0005384054966 1.577934623
v 0.04031918943 -0.0003107115626 1.577894688
v 0.04046170041 6.847456098e-05 1.578123569
v 0.04013181478 -0.0001341365278 1.578122973
v 0.0397978723 -0.0003375099041 1.578138828
v 0.04024822637 0.0002565283794 1.578326464
v 0.03992456198 7.589487359e-05 1.57829535
v 0.04002710059 0.0004784988705 1.5784657
v 0.03971192241 0.0003070118837 1.578400373
v 0.03959279135 -0.0001141801476 1.578282118
v 0.03946360946 -0.0005364548415 1.57818234
v 0.03925735131 -0.0003065271303 1.578295588
v 0.0391349718 -0.0007224990986 1.578257918
v 0.03904800862 -7.827812806e-05 1.578331828
v 0.03938378021 0.0001177615486 1.578353524
v 0.03892494366 -0.0004913038574 1.578337908
v 0.03860119358 -0.0006677731872 1.578404784
v 0.03881550208 -0.0008930172771 1.578360558
v 0.03851088881 -0.001050569583 1.578484178
v 0.03818422928 -0.001537277363 1.578769922
v 0.03844039142 -0.001418822445 1.578581214
v 0.03822555393 -0.00119946152 1.578623414
v 0.03799738735 -0.001027954742 1.578581095
v 0.03829094395 -0.0008432576433 1.578487754
v 0.03795990348 -0.001349189784 1.578772187
v 0.03794702142 -0.001649372745 1.578963757
v 0.03772351891 -0.001767728478 1.57915616
v 0.03771104664 -0.001512673683 1.578924656
v 0.03772579506 -0.001233124174 1.578685641
v 0.03748064116 -0.00146381231 1.578802466
v 0.03748179972 -0.001696814783 1.579081535
v 0.03727969527 -0.001901576295 1.579250455
v 0.03732634336 -0.002052982803 1.579552293
v 0.03751462698 -0.001901454292 1.579349637
v 0.03716286272 -0.002215728164 1.579774141
v 0.03740525246 -0.002167868894 1.579845786
v 0.03725448996 -0.00226463424 1.580090642
v 0.03737862781 -0.002274059225 1.580385804
v 0.03725972399 -0.002303608693 1.580639482
v 0.03712601215 -0.002361308783 1.58035028
v 0.03690814972 -0.002532193903 1.580299616
v 0.03702492639 -0.002377324738 1.580023408
v 0.03701686487 -0.002453114372 1.58062613
v 0.03715499863 -0.002335161902 1.580897808
v 0.0370609127 -0.002367403824 1.581167221
v 0.03692059964 -0.002537987195 1.580922484
v 0.03671305999 -0.002800428309 1.580947399
v 0.0368372947 -0.002607557923 1.58123827
v 0.03680416569 -0.002676224802 1.580607295
v 0.03677417338 -0.002651179675 1.581577063
v 0.03692095727 -0.002399411518 1.581755519
v 0.03698080778 -0.002392214257 1.581452012
v 0.03689039871 -0.002373582218 1.582077265
v 0.03709078953 -0.002146324608 1.581864595
v 0.03706262633 -0.002090574242 1.58215344
v 0.03673974797 -0.002658879384 1.58193326
v 0.03689663485 -0.002302724402 1.582405329
v 0.03674229607 -0.002619482111 1.582293987
v 0.0366031453 -0.002933040727 1.582108617
v 0.03678946197 -0.002525275107 1.582648158
v 0.03665146604 -0.002871884033 1.582503557
v 0.03660364449 -0.002936807461 1.581709743
v 0.03647787124 -0.003233715426 1.581835747
v 0.03648066148 -0.003194055054 1.581396818
v 0.03643332422 -0.003251300659 1.580556273
v 0.03637750819 -0.003412585706 1.58099699
v 0.0365274772 -0.003097329289 1.580973744
v 0.03637095913 -0.00334876636 1.580075145
v 0.03652746603 -0.003036900889 1.580162168
v 0.0364783518 -0.003062412143 1.579700947
v 0.03661417961 -0.002748817671 1.579390764
v 0.03661513701 -0.002657654695 1.57892549
v 0.03646926209 -0.003032913897 1.579199076
v 0.03651791066 -0.002955374774 1.578662157
v 0.0363586843 -0.003395390231 1.579542041
v 0.03642007709 -0.003399175126 1.578963041
v 0.03658520058 -0.003363908734 1.578349829
v 0.03657366335 -0.003898833878 1.57868886
v 0.03637677804 -0.003831883892 1.579348922
v 0.03659148887 -0.004349877127 1.579159498
v 0.03687197715 -0.003854343668 1.578044891
v 0.03686245531 -0.004309633747 1.578510284
v 0.03687592596 -0.004629675299 1.579093814
v 0.03719175607 -0.004119963385 1.577936769
v 0.03717958555 -0.004496464506 1.578480482
v 0.03753055632 -0.004251477309 1.577942967
v 0.03720424697 -0.004757134244 1.57910037
v 0.03752373904 -0.004572202452 1.578520298
v 0.03754821047 -0.004766485654 1.579149246
v 0.03787194192 -0.004280796275 1.57802403
v 0.03785924986 -0.004531583749 1.578609586
v 0.03817815706 -0.004199759103 1.578160048
v 0.03787159175 -0.004659539089 1.579219222
v 0.03814887628 -0.004380301572 1.578726172
v 0.03814159706 -0.004447568208 1.579295874
v 0.03841553628 -0.00401884038 1.57832706
v 0.03836198524 -0.004137456417 1.57885325
v 0.0385600701 -0.003783085383 1.57848835
v 0.03832236305 -0.004174264148 1.579365373
v 0.03846459836 -0.003902132623 1.578950882
v 0.03888738528 -0.003182548098 1.577777028
v 0.03866222873 -0.00360755669 1.578018188
v 0.03873819858 -0.003416865133 1.578178167
v 0.03875334933 -0.003268643748 1.578282714
v 0.03891360015 -0.003041641321 1.577917099
v 0.0386037007 -0.003601117991 1.578589559
v 0.03909532726 -0.002763284836 1.57758534
v 0.03909754381 -0.00265265163 1.577718258
v 0.03930098191 -0.002347945701 1.577449083
v 0.03976765275 -0.001598028932 1.577229261
v 0.03951761872 -0.001936133951 1.577380896
v 0.03952646255 -0.002012280282 1.577229738
v 0.03977093846 -0.001659148838 1.577047825
v 0.03928950801 -0.002446711529 1.577283025
v 0.03949308023 -0.002097955905 1.577005625
v 0.03971100971 -0.001710463781 1.576770425
v 0.03920261934 -0.002559737302 1.577027082
v 0.03937496617 -0.002159575932 1.576726556
v 0.03902752325 -0.002621742897 1.576772809
v 0.03917335346 -0.002157355193 1.576487899
v 0.03956423327 -0.00170935085 1.576498389
v 0.0397650674 -0.00122235762 1.576346636
v 0.04016266763 -0.0008201054297 1.576488733
v 0.03993733972 -0.001281112898 1.576596737
v 0.0403822735 -0.0003396342508 1.576437235
v 0.04076844826 -6.756745279e-06 1.576655984
v 0.04053075612 -0.0004523461685 1.576693177
v 0.04086589441 -0.0001216381788 1.576941371
v 0.04028183594 -0.0008812178858 1.576769471
v 0.04059540108 -0.0005136472173 1.576993704
v 0.04031680152 -0.0008884035051 1.5770576
v 0.04087933153 -0.0001777973957 1.577234864
v 0.04058854282 -0.0005205627531 1.577238441
v 0.04084478691 -0.0001803296618 1.577428579
v 0.04055378586 -0.0005009453744 1.577404261
v 0.04029825702 -0.0008617453277 1.577246904
v 0.04025675729 -0.0008167009801 1.577421904
v 0.04047083482 -0.0004398580641 1.577625513
v 0.04078701884 -0.0001593800262 1.577607512
v 0.0412905179 0.0004231024068 1.577884078
v 0.04097721353 0.0001681933645 1.577863097
v 0.04108481109 0.0001324117184 1.577638984
v 0.0411167033 0.0004744126927 1.578150511
v 0.04064983502 -7.558334619e-05 1.577871561
v 0.04078973457 0.0002699980978 1.57813406
v 0.04151908308 0.0009307148866 1.578476787
v 0.04143862426 0.0006909274962 1.578171849
v 0.04120206833 0.0007546166889 1.578442216
v 0.04122765735 0.001014212845 1.578716516
v 0.04092777148 0.0008879355155 1.578665018
v 0.04088417813 0.0005904531572 1.578404069
v 0.04092697427 0.001168781193 1.578892589
v 0.04062977806 0.0007623739075 1.578604579
v 0.04065583274 0.00107574393 1.578821898
v 0.04066096246 0.001368864672 1.579000473
v 0.04038243741 0.0009772963822 1.578736305
v 0.04041139036 0.001299362164 1.57890892
v 0.04043343663 0.001599819167 1.579044461
v 0.04019749537 0.001549702836 1.578929663
v 0.04015583172 0.001220422331 1.578799963
v 0.04010301828 0.0008634205442 1.578639984
v 0.03989073634 0.001117283246 1.578674912
v 0.03981158137 0.0007207733579 1.578535557
v 0.03995569423 0.001482954249 1.578794122
v 0.03970388323 0.001374689629 1.578633428
v 0.03961099312 0.0009686984122 1.578531623
v 0.03950474039 0.0005454774946 1.578431964
v 0.03918055445 0.0003460249864 1.578344584
v 0.03931351751 0.0007747425698 1.578381777
v 0.03899599239 0.0005536561366 1.578245997
v 0.03915448859 0.0009787559975 1.578245997
v 0.0394375287 0.001202152343 1.578444481
v 0.0388520509 0.0007271664217 1.578062773
v 0.03904930502 0.001143854111 1.578033686
v 0.03930816054 0.001403725473 1.578275442
v 0.0394597277 0.001814026851 1.578307986
v 0.03955538571 0.001613430446 1.578508973
v 0.03967717662 0.00199608854 1.578547359
v 0.03981115669 0.002345874673 1.578555465
v 0.03999894485 0.002409840235 1.578758836
v 0.03988962993 0.002095902571 1.578750014
v 0.0400205031 0.00182086695 1.578877687
v 0.03979283944 0.001749491319 1.578709841
v 0.04009479657 0.002135621384 1.578921199
v 0.04017092288 0.002428038744 1.578939557
v 0.04028842971 0.002151460852 1.57907474
v 0.04032217339 0.002429426881 1.579110146
v 0.04044955969 0.002416158095 1.579282284
v 0.04036291689 0.0026585327 1.579340935
v 0.04031636566 0.002701772144 1.579149008
v 0.04028103873 0.003066612873 1.579007626
v 0.04023786262 0.002727997722 1.578964591
v 0.04026067257 0.002983154031 1.579190016
v 0.04019219056 0.003268648637 1.579214573
v 0.04023730755 0.002904889872 1.579385161
v 0.04027520865 0.003374600783 1.579058766
v 0.04027470946 0.003610708984 1.579074979
v 0.04034760594 0.003557948628 1.578979611
v 0.04045070708 0.00387156033 1.578980923
v 0.04067920521 0.004075179808 1.578920126
v 0.04049736261 0.003722974099 1.578835368
v 0.04048581049 0.003567534033 1.578611732
v 0.04029971734 0.003276403528 1.578572989
v 0.04035972431 0.00340157724 1.578816772
v 0.04012586176 0.002976046642 1.578551888
v 0.03998596966 0.002871153643 1.578294158
v 0.04020314664 0.003170669312 1.578300953
v 0.04009544104 0.003015354974 1.578025937
v 0.04037782177 0.003297378309 1.578055859
v 0.04043679684 0.003443428548 1.578338027
v 0.04032268748 0.00307077379 1.577779055
v 0.04068901762 0.00353109627 1.578122973
v 0.0407140404 0.00330646825 1.577827096
v 0.04110581055 0.003493726021 1.577925205
v 0.04114417359 0.003210361581 1.577649474
v 0.04071382061 0.003014056012 1.577556133
v 0.04073588178 0.002660507569 1.577281117
v 0.0402806513 0.002768509556 1.577514052
v 0.04028338939 0.002404351486 1.577239037
v 0.03989167884 0.002087769797 1.577207446
v 0.04032209143 0.001979543827 1.576936126
v 0.03986184672 0.001664576354 1.576912999
v 0.03982808068 0.001186338253 1.576615214
v 0.03932561353 0.0008389891591 1.57663393
v 0.03943676502 0.001307258848 1.576901913
v 0.03954052925 0.001726410817 1.57718122
v 0.03920341283 0.001339880051 1.577177525
v 0.03903408721 0.000924093416 1.576922536
v 0.03841484711 9.24593769e-05 1.576822519
v 0.03885341808 0.0004691462964 1.576696754
v 0.03864297271 0.0005349351559 1.576998472
v 0.03852741793 0.0005522384308 1.577308655
v 0.03886486962 0.0009443599265 1.577214837
v 0.03827013075 0.0001511229202 1.57714355
v 0.03801603988 -0.0002805250697 1.577025414
v 0.03793786094 -0.0002256738953 1.577360153
v 0.03768148646 -0.0006465311162 1.577304363
v 0.03742901236 -0.0009936494753 1.577643394
v 0.03719957545 -0.001411366276 1.577697992
v 0.03743851185 -0.001093602739 1.577296257
v 0.03777651489 -0.0007493388839 1.576950788
v 0.03721837699 -0.001574061811 1.577329516
v 0.0375668332 -0.00126465084 1.576913595
v 0.03790367395 -0.001554069109 1.576501012
v 0.03802464157 -0.0009387219325 1.576570749
v 0.03741205111 -0.001840892248 1.576916218
v 0.03703872114 -0.002099148929 1.577401996
v 0.03732502833 -0.002475247718 1.576979876
v 0.03692349046 -0.002672730945 1.577527165
v 0.03770688176 -0.002800965216 1.576722026
v 0.03780621663 -0.002197688911 1.57653451
v 0.03727626055 -0.003103877418 1.57716012
v 0.03804308549 -0.00296263257 1.576695204
v 0.0381539762 -0.002410729881 1.57642138
v 0.03762351722 -0.003342530224 1.577038646
v 0.03861096874 -0.001981899608 1.576237559
v 0.03829624876 -0.001825689338 1.576251268
v 0.03877688944 -0.001405354124 1.576114535
v 0.03943526 -0.0004170225002 1.576091528
v 0.03925264999 -0.0009803408757 1.576081276
v 0.03895425051 -0.000822913833 1.576094866
v 0.0385629721 -0.0006032250822 1.576318383
v 0.03910952806 -0.0002453252673 1.576186657
v 0.03844167665 -0.001215261873 1.576217651
v 0.03975125402 0.0006688183639 1.576357841
v 0.03961068019 0.0001329425722 1.57618165
v 0.03922396153 0.0003166839015 1.576382399
v 0.03907254711 -0.001544435043 1.57615757
v 0.03971742839 -0.0005723433569 1.576131821
v 0.03952884302 -0.001117443666 1.576169729
v 0.03990136832 -2.915831283e-05 1.57616508
v 0.04035275429 0.0003261102829 1.576296806
v 0.04016551003 -0.0001923996024 1.576254606
v 0.04078162462 0.0006421722937 1.57647717
v 0.04052067548 0.0008375267498 1.576394796
v 0.04094451666 0.001133333426 1.576568127
v 0.04134519398 0.001386230113 1.576785088
v 0.04146981612 0.001846153988 1.576912045
v 0.0410721302 0.001612662571 1.576707363
v 0.04115842655 0.002068073023 1.576891065
v 0.04065896943 0.001334979432 1.576544404
v 0.04075588658 0.001808137866 1.576743007
v 0.04119607434 0.002491146559 1.57711494
v 0.04154787585 0.00229080813 1.577080965
v 0.04157883301 0.002706322586 1.577287793
v 0.04189978167 0.003245654749 1.577730775
v 0.04155786708 0.003072546795 1.577535868
v 0.04193102196 0.002893863246 1.577501893
v 0.04222463071 0.003044643905 1.577758312
v 0.04222702608 0.002659999067 1.57758534
v 0.04191335291 0.00248876866 1.577312946
v 0.04246552661 0.002789713209 1.577886939
v 0.04243005067 0.002394278068 1.577765346
v 0.04217141494 0.002234316431 1.577447772
v 0.04205398634 0.001792915864 1.577342629
v 0.04171929508 0.001600590069 1.577044606
v 0.04184234515 0.002048331778 1.57716012
v 0.04216327146 0.00155590917 1.577601314
v 0.04232741892 0.001973637845 1.577671528
v 0.04188425094 0.001364004333 1.577268481
v 0.04167275503 0.0009509820957 1.577224612
v 0.04135001823 0.0007167377044 1.57692337
v 0.04155153781 0.001156175043 1.576966047
v 0.04194884747 0.001162139 1.577555299
v 0.04143022746 0.0005536957178 1.577210665
v 0.04169566557 0.0007937743794 1.577529669
v 0.04191690683 0.001018942334 1.577847838
v 0.04164693505 0.0007145351265 1.577778459
v 0.04142125323 0.0004531841259 1.5775069
v 0.04157759994 0.0006885307375 1.577947617
v 0.04184303433 0.0009587169625 1.578040242
v 0.04136821255 0.0004247445613 1.577702999
v 0.04220955446 0.001443243353 1.578412175
v 0.04199945182 0.001178011764 1.578302741
v 0.0420893915 0.001237867167 1.578140855
v 0.04182397202 0.001134803519 1.578515291
v 0.04174120352 0.0009257008787 1.578217268
v 0.04208547249 0.001370931277 1.578577399
v 0.04208146781 0.001534317154 1.578863978
v 0.04227848351 0.001621019561 1.578671336
v 0.04228121415 0.001770377392 1.578930378
v 0.04240943491 0.002017707797 1.579022884
v 0.04235575348 0.002162292134 1.579282761
v 0.04221626744 0.001906377263 1.579202175
v 0.04211952537 0.002048856812 1.579473853
v 0.04200937971 0.001685247291 1.579141736
v 0.04191412777 0.001848514425 1.579399467
v 0.04166831449 0.00170214125 1.57932055
v 0.04182888195 0.002016538056 1.579634786
v 0.04158143327 0.001900087111 1.579536676
v 0.04150561988 0.002083947649 1.579737186
v 0.04133559391 0.001820945181 1.579426765
v 0.04126969352 0.002035239013 1.579604983
v 0.04106145352 0.001989506185 1.57947433
v 0.04119952023 0.002225604374 1.579782009
v 0.04101156443 0.002195333596 1.579632998
v 0.04075086489 0.002367526758 1.579660773
v 0.04082399234 0.002177598188 1.579494119
v 0.04095984995 0.002346225549 1.579814315
v 0.04092793167 0.002411362715 1.580016613
v 0.04111948982 0.002410336165 1.580125809
v 0.04114048183 0.00235839095 1.579955935
v 0.04112641513 0.002421369776 1.580296755
v 0.04127427191 0.002433301881 1.580198288
v 0.04128435999 0.002469975268 1.580338478
v 0.04146482423 0.002623466309 1.580428004
v 0.04142362997 0.002542726928 1.580336452
v 0.04131646454 0.002521364717 1.580469966
v 0.04115284234 0.002442992758 1.580465555
v 0.04136770591 0.002601530636 1.580577135
v 0.04151539877 0.002726570703 1.580500841
v 0.04155739769 0.002855854807 1.580560088
v 0.04167502001 0.003175977385 1.580487132
v 0.04166463763 0.003006143495 1.580455899
v 0.0417400375 0.002998477081 1.58032155
v 0.04163669422 0.002859649714 1.580413938
v 0.04175134376 0.003167496994 1.580351591
v 0.04182839766 0.003337345785 1.580241799
v 0.0417480059 0.003351911204 1.580370426
v 0.04180548713 0.003541655373 1.580253959
v 0.04172062501 0.003981589805 1.580214262
v 0.04182665795 0.003766423091 1.580151916
v 0.04175319895 0.003741495078 1.580277681
v 0.04171801731 0.003550385823 1.580390096
v 0.0416669324 0.003996489104 1.580287933
v 0.04214647412 0.003485442838 1.579823017
v 0.04193678871 0.003477984807 1.580083966
v 0.04202422127 0.00389276864 1.579857707
v 0.04176432639 0.004123169929 1.580083966
v 0.04160664976 0.004638106097 1.580043674
v 0.04159965366 0.004346782807 1.580199122
v 0.04166473821 0.004878910258 1.579793453
v 0.04187934473 0.00437055761 1.579826474
v 0.04164697602 0.00493713282 1.579452634
v 0.04196184501 0.004509237129 1.579535127
v 0.04216905311 0.004077273421 1.579577565
v 0.04222001135 0.004200977739 1.579244137
v 0.04238977283 0.003844959196 1.579316616
v 0.04264647886 0.003360948991 1.578993917
v 0.04250378534 0.003519112477 1.57928884
v 0.04253549501 0.003684476018 1.579036355
v 0.04246647656 0.003855909687 1.578749657
v 0.04239002243 0.003990282305 1.578971267
v 0.04261027277 0.003583649173 1.578759193
v 0.04258103669 0.003529809881 1.578504682
v 0.04262816906 0.003215620294 1.57836175
v 0.04270008206 0.003267800203 1.578678608
v 0.04243211821 0.003476832295 1.578240633
v 0.04247878492 0.003776635509 1.578573465
v 0.04238430783 0.003734676633 1.578413844
v 0.04208390042 0.003899638075 1.578443527
v 0.04232805222 0.00389975775 1.578546524
v 0.04215057567 0.00366932922 1.57821393
v 0.0417657122 0.003805506509 1.578281283
v 0.0416595228 0.004064311739 1.57852447
v 0.04199011251 0.004123297054 1.578608513
v 0.04226857051 0.004050550517 1.578680396
v 0.04182518646 0.004399917554 1.578740716
v 0.04213494435 0.004269845784 1.578857303
v 0.0415379405 0.004586468451 1.578800082
v 0.04154300317 0.004346518312 1.578683019
v 0.0414891094 0.004875054117 1.579031348
v 0.04121269658 0.004436757416 1.578784823
v 0.04109261185 0.004483008292 1.578859806
v 0.04124251008 0.00417451188 1.578637123
v 0.04094867408 0.003941939678 1.578537941
v 0.0409370102 0.004161977209 1.578769088
v 0.04134356603 0.003917247523 1.578383565
v 0.04144371673 0.003661454422 1.578088999
v 0.04150564224 0.003385839518 1.577808499
v 0.04184041172 0.00354392617 1.577998638
v 0.04229849577 0.003703317139 1.579567075
v 0.04259757325 0.00317122438 1.579184175
v 0.04240108654 0.00334958639 1.579501152
v 0.04271171987 0.003021618119 1.578871846
v 0.04270021245 0.002673484851 1.578754306
v 0.04264130071 0.00279446505 1.57906723
v 0.04260801896 0.002439652337 1.578968048
v 0.04249144718 0.002966589062 1.579383969
v 0.0425296016 0.002598978346 1.57924974
v 0.04249279946 0.002287730342 1.579130888
v 0.04237068817 0.002767459257 1.579544425
v 0.04240599647 0.002446914557 1.579397798
v 0.04227492586 0.00311909616 1.579699397
v 0.04204881564 0.003176589264 1.579980254
v 0.04216364771 0.002886657137 1.579830408
v 0.04223961383 0.00259082811 1.579676986
v 0.0420220606 0.002663881518 1.579929829
v 0.041943077 0.002903378103 1.58007431
v 0.04179321975 0.002659069141 1.580132008
v 0.04184571281 0.00246966444 1.579999924
v 0.04205519333 0.002409248846 1.579805851
v 0.04166457057 0.002361957449 1.58003056
v 0.04162525386 0.002485342324 1.580144286
v 0.04184570163 0.002295508515 1.579903245
v 0.04148794711 0.002379779704 1.580085754
v 0.04159618914 0.002279750071 1.579975247
v 0.041747462 0.002836082364 1.580252409
v 0.04159945995 0.002735589165 1.580360055
v 0.04158608988 0.002614291385 1.580272198
v 0.04262804613 0.002326027723 1.578673363
v 0.04252104834 0.002003195696 1.578607202
v 0.04252096266 0.002134668408 1.57887733
v 0.04238350689 0.001716124825 1.578520417
v 0.04230477288 0.001543285092 1.5782305
v 0.04248140752 0.00188150024 1.578295588
v 0.04251512885 0.002126265084 1.578014016
v 0.04260738939 0.002236951375 1.57835114
v 0.04236676916 0.001733748941 1.577950954
v 0.04268351197 0.002593440469 1.578428864
v 0.04272022843 0.002936742734 1.578545809
v 0.04259827733 0.002510960214 1.578096151
v 0.04262936115 0.00287563703 1.578210592
v 0.04190600291 0.004572937265 1.579129219
v 0.0418648608 0.003123361152 1.580190778
v 0.0414282009 0.002468382241 1.580214739
v 0.04131067917 0.002371844137 1.580056071
v 0.04093120992 0.002409162 1.580218196
v 0.04069207609 0.002463634126 1.579872727
v 0.04064448178 0.00216829055 1.579358101
v 0.04086270183 0.001949714031 1.579359889
v 0.04066225514 0.001916158944 1.579254866
v 0.04043504596 0.002622777829 1.579570651
v 0.04057218134 0.00240060431 1.579476953
v 0.04140736535 0.002248367527 1.579909563
v 0.04088463634 0.001698645297 1.579228997
v 0.041106686 0.00175580685 1.579321146
v 0.04141144082 0.001595901325 1.579235554
v 0.0411548987 0.001511994284 1.579154015
v 0.04172894359 0.002162703313 1.579833865
v 0.04200273752 0.002187641803 1.579716206
v 0.04175944999 0.001508905087 1.579081416
v 0.04148445651 0.001372827217 1.579018354
v 0.04223450646 0.002299748361 1.579557419
v 0.04241400585 0.001871499699 1.578776836
v 0.04182176664 0.001323448494 1.578812599
v 0.04216247052 0.001358102309 1.577900529
v 0.04245765135 0.003151502227 1.578047872
v 0.04219349101 0.00338293938 1.577970386
v 0.04118206725 0.0009180961642 1.576701164
v 0.0402266942 0.001015101327 1.576421618
v 0.0400756821 0.0005015344359 1.576262712
v 0.04059126601 0.0001494316384 1.576433539
v 0.04098810256 0.0004512926098 1.576658249
v 0.03847512603 -0.002537724096 1.576458335
v 0.03890945017 -0.002093608025 1.576322556
v 0.03796357289 -0.003470093943 1.577054501
v 0.03837142512 -0.003056705464 1.576765656
v 0.03866684064 -0.003081415314 1.576915622
v 0.03877585754 -0.002612018026 1.576576591
v 0.03829083964 -0.003520661034 1.57715559
v 0.03820006177 -0.0003925426863 1.576681852
v 0.03868957981 -3.531342372e-05 1.576494336
v 0.03698375449 -0.001853388269 1.577789664
v 0.03679565713 -0.002327679656 1.577917337
v 0.03684867546 -0.002092894632 1.578256845
v 0.0370493792 -0.001690868288 1.578119755
v 0.03696610779 -0.001925828401 1.578531146
v 0.03726021945 -0.001306658611 1.578014851
v 0.03715697676 -0.001577056944 1.578388572
v 0.03736514971 -0.001236391254 1.578283668
v 0.03729446605 -0.001495596953 1.578614831
v 0.03710164502 -0.001801976003 1.578751326
v 0.0370858945 -0.00198177062 1.579103589
v 0.03692676872 -0.002251551487 1.579305649
v 0.03692851588 -0.002112900373 1.578925848
v 0.03682972491 -0.002556085121 1.579934239
v 0.03678233922 -0.002520103008 1.579545021
v 0.03695836291 -0.002340992447 1.579671979
v 0.03748684749 -0.0009338292293 1.577952743
v 0.03774082288 -0.0005737692118 1.57793963
v 0.03760259598 -0.0009064050391 1.578222156
v 0.03777778521 -0.0009294105694 1.578440785
v 0.03787570819 -0.0005993032828 1.578198314
v 0.03751805425 -0.0012013386 1.578513503
v 0.03833891824 5.384674296e-05 1.578037143
v 0.03802613541 -0.0002410477027 1.577970386
v 0.03818105534 -0.0003260639496 1.578204632
v 0.03806906566 -0.0006864755414 1.57839036
v 0.03838372976 -0.0004712697119 1.578356266
v 0.03850862384 -8.527189493e-05 1.578232646
v 0.03823419288 0.0001377388835 1.577772617
v 0.03794177994 -0.000210986007 1.577681541
v 0.03854116052 0.0004491196014 1.577902555
v 0.03877478838 0.0008519461844 1.577811003
v 0.03849238902 0.0005270130932 1.577618718
v 0.03676657751 -0.002428800333 1.579136968
v 0.03678422049 -0.002285700757 1.578707814
v 0.03767424822 -0.000592130702 1.577637315
v 0.03821001574 0.0001666028984 1.577466249
v 0.03877909482 0.0009222894441 1.577518225
v 0.03901829198 0.001258809352 1.577764988
v 0.03925339133 0.001666032244 1.577755094
v 0.03906937689 0.001321888529 1.577469707
v 0.03943199292 0.001964945579 1.578047156
v 0.03948571905 0.002060477622 1.577754855
v 0.03963039815 0.002345297486 1.57803905
v 0.03935005143 0.001719566993 1.577460051
v 0.0397281386 0.002432910493 1.577749729
v 0.03963206708 0.002102844883 1.577468038
v 0.04031745717 0.001510342816 1.57664752
v 0.04078131169 0.00225139712 1.576993227
v 0.03993118927 0.002458192641 1.577484131
v 0.04117664695 0.002875304548 1.577378511
v 0.04102391005 0.00373157626 1.578232169
v 0.0406810455 0.003698639572 1.578419805
v 0.03999700397 0.002774019958 1.577754021
v 0.0398465544 0.00269661122 1.578025222
v 0.03979194909 0.002549662488 1.578305483
v 0.04011738673 0.002716992516 1.578765988
v 0.03996257856 0.002663667314 1.578548551
v 0.04023792595 0.003062660573 1.578796864
v 0.04069130123 0.003878901945 1.578696966
v 0.04047033563 0.002159888158 1.579218388
v 0.04045543075 0.001886482583 1.579144716
v 0.04024157301 0.001858959906 1.579020262
v 0.03961868212 0.002197566675 1.578316927
v 0.03924162686 0.001560866367 1.578037858
v 0.03866653889 0.0003152871504 1.578130484
v 0.03884521499 0.0001347498037 1.578278184
v 0.04066190869 0.001647086116 1.579142213
v 0.04090639204 0.001437590923 1.579078674
v 0.04120285064 0.001264494844 1.57895565
v 0.04152965918 0.001153501915 1.578764677
v 0.03995204344 -0.001110406592 1.577505827
v 0.04001609981 -0.001201559789 1.57728982
v 0.03973987326 -0.001524110325 1.577397227
v 0.04113556072 0.0001345877536 1.577469587
v 0.04116269201 0.0001775722485 1.577220798
v 0.04111995921 0.000289014075 1.576915979
v 0.03996757045 -0.0007122419775 1.576268673
v 0.03934310377 -0.001650923397 1.576286793
v 0.03889674693 -0.003027102444 1.577133179
v 0.03857094795 -0.003483352251 1.577331305
v 0.03904176876 -0.002899920102 1.577385664
v 0.03877419233 -0.003358535469 1.577556133
v 0.04002574831 -0.001284562983 1.576890588
v 0.04003739357 -0.001248151995 1.577128887
v 0.0394682847 -0.001807561144 1.577584505
v 0.03928406909 -0.002240252681 1.577602386
v 0.0390567854 -0.002477274276 1.577896476
v 0.03890740871 -0.002894598525 1.578044772
v 0.03895120323 -0.002215512563 1.578119993
v 0.0392049998 -0.00204035081 1.577834249
v 0.03883715719 -0.002635636367 1.578235269
v 0.03848575056 -0.003799661994 1.577810645
v 0.03816363961 -0.004410753958 1.579836965
v 0.03799556568 -0.004577325657 1.580364704
v 0.03791446239 -0.004671193659 1.579814911
v 0.03760673851 -0.004833531566 1.579783678
v 0.03770245239 -0.004785442725 1.58038497
v 0.0378328748 -0.004647220485 1.580926895
v 0.03769734129 -0.004617192782 1.581489086
v 0.03752438352 -0.004791961052 1.580974817
v 0.0382264927 -0.003908704966 1.577625871
v 0.03790762275 -0.003917754628 1.577497602
v 0.03727087006 -0.004886928946 1.579752684
v 0.03737973422 -0.004890194163 1.5803895
v 0.03756518289 -0.003830318339 1.577447295
v 0.037230324 -0.00365483202 1.577488184
v 0.03688214347 -0.003281006124 1.577727437
v 0.0366569683 -0.002832447644 1.578099489
v 0.03666515276 -0.002516087145 1.578431606
v 0.03664787859 -0.002786365803 1.579826474
v 0.03671203926 -0.002763149794 1.580234289
v 0.03660817072 -0.002948773094 1.580581427
v 0.0363089405 -0.003587020095 1.580515742
v 0.03629722819 -0.003724095877 1.579962969
v 0.03664319217 -0.00289068697 1.581317425
v 0.03722624853 -0.002184768673 1.581344247
v 0.03714748472 -0.002172057983 1.581596136
v 0.03751157597 -0.002066123765 1.581258416
v 0.03741942719 -0.002008466516 1.581461549
v 0.03731980175 -0.002199516632 1.58110702
v 0.03772534803 -0.001953213941 1.581368804
v 0.03760908544 -0.00213702675 1.581069469
v 0.03781279922 -0.002061119769 1.581216693
v 0.03789326176 -0.002185748424 1.581070065
v 0.03808404133 -0.002161445096 1.581241727
v 0.03802063689 -0.002011323348 1.581350565
v 0.03813025728 -0.002332237083 1.58112371
v 0.03828629479 -0.002342564985 1.581339598
v 0.03826145083 -0.002154685557 1.581418753
v 0.03841883317 -0.002157820389 1.581602931
v 0.03839694709 -0.001980147325 1.581644773
v 0.03821845725 -0.001987618394 1.581492305
v 0.03842685744 -0.002355857752 1.581557989
v 0.03855852038 -0.002366840374 1.581769586
v 0.03856104985 -0.002163901459 1.581784368
v 0.03869252652 -0.002169447485 1.581952214
v 0.03868978471 -0.001989084762 1.581937671
v 0.03855292127 -0.001981952228 1.581796765
v 0.03854440153 -0.002594723832 1.581742644
v 0.03866546601 -0.002597001847 1.581982017
v 0.0386852771 -0.002371250652 1.581968784
v 0.03841100261 -0.002831403632 1.581374884
v 0.03842224181 -0.002579148393 1.581490636
v 0.03852074221 -0.002855589148 1.581680179
v 0.03856991604 -0.003161372151 1.581919193
v 0.03862723708 -0.002859583125 1.58197391
v 0.03848897293 -0.003149869852 1.581561446
v 0.03844540939 -0.003462099936 1.581372499
v 0.03839817643 -0.003104484174 1.58119905
v 0.03837976977 -0.003385187592 1.580960155
v 0.03835736215 -0.003651247825 1.58065176
v 0.03830498084 -0.003271038644 1.580572248
v 0.03831991926 -0.003488411661 1.580242515
v 0.03829829395 -0.003033246379 1.580848098
v 0.03820209205 -0.002932377625 1.580512643
v 0.03823629022 -0.003120334353 1.580214381
v 0.03817952052 -0.002727719489 1.580768347
v 0.03812007234 -0.002796856686 1.580193996
v 0.03806838021 -0.002641757019 1.58046937
v 0.03796774521 -0.002526622266 1.580178618
v 0.03788477555 -0.002418783959 1.580436707
v 0.03801997378 -0.002479296643 1.580707908
v 0.03764521331 -0.002291588113 1.580410957
v 0.03776203096 -0.00233458681 1.580160141
v 0.03779741377 -0.002315435559 1.580670953
v 0.03780895099 -0.002205746714 1.579634905
v 0.037657056 -0.002222704701 1.579884529
v 0.03787996992 -0.002381728031 1.579898357
v 0.03795102239 -0.001929914579 1.579162836
v 0.03775638342 -0.001999848988 1.579389215
v 0.03797030821 -0.002188695595 1.579379797
v 0.03800551221 -0.002421669662 1.579623818
v 0.03814746439 -0.002443327103 1.579337835
v 0.03814687207 -0.002160967793 1.579119921
v 0.03805512562 -0.002625654917 1.579896688
v 0.0381882228 -0.002929699607 1.579887509
v 0.03816089779 -0.002701356541 1.579594374
v 0.0382967405 -0.002789325081 1.581070304
v 0.03815916926 -0.002522543073 1.58097291
v 0.0382947959 -0.002555232495 1.581232429
v 0.03839081153 -0.003743967973 1.581090331
v 0.03849817067 -0.003471443895 1.581777215
v 0.03841576725 -0.003743700683 1.581523538
v 0.03854398802 -0.003397713881 1.582133293
v 0.03864499182 -0.003117250744 1.582234025
v 0.03843812644 -0.003671919927 1.581930041
v 0.03859731555 -0.003270991147 1.582425833
v 0.03846914694 -0.003558996599 1.582301736
v 0.03796250373 -0.002325755544 1.580907106
v 0.03770497814 -0.002221442759 1.580880523
v 0.03753122687 -0.002254686318 1.580651402
v 0.03742279485 -0.002223059535 1.58088088
v 0.03751268238 -0.002245402895 1.580133915
v 0.03757411242 -0.002077762969 1.579614758
v 0.03710602224 -0.002120723017 1.579444528
v 0.03726750985 -0.001715819351 1.57893765
v 0.03815944493 -0.001857648138 1.578933716
v 0.03871286288 -0.0002727545798 1.578335166
v 0.04033154622 0.0006289884914 1.578536272
v 0.04056660086 0.0004272884689 1.578364134
v 0.04014651477 -0.0007045222446 1.577682972
v 0.03964988142 -0.001375020482 1.577650189
v 0.03872012347 -0.001284779981 1.578404307
v 0.03838599473 -0.00177264167 1.578703403
v 0.03829180822 -0.00328018982 1.579876065
v 0.03872600198 -0.003043903038 1.578419447
v 0.03850651905 -0.003409771714 1.582626343
v 0.03873213381 -0.002944138832 1.582887053
v 0.03854163364 -0.003222439438 1.582920313
v 0.0386646986 -0.003117194399 1.58266902
v 0.03833300248 -0.003299805336 1.58319056
v 0.03858048469 -0.00299827056 1.583184242
v 0.0388668403 -0.002520353533 1.583288074
v 0.03863319755 -0.002739371732 1.583400607
v 0.03879544511 -0.002746233717 1.583097577
v 0.03809919581 -0.00332841929 1.583393455
v 0.0383714512 -0.003012947273 1.583444238
v 0.03756570071 -0.003629654646 1.58332634
v 0.03728152439 -0.003917303868 1.583014965
v 0.03701467812 -0.00414835196 1.582614422
v 0.03703222796 -0.003785043024 1.583014846
v 0.03731147945 -0.003538866993 1.583364129
v 0.03693662956 -0.004822880961 1.579736948
v 0.0366399698 -0.004638549872 1.579751015
v 0.03677228838 -0.004301948473 1.582137823
v 0.03639851511 -0.004224848002 1.579834223
v 0.03637425229 -0.003513316158 1.58146894
v 0.03653140366 -0.00321707828 1.582275271
v 0.0367744118 -0.003939468414 1.582576632
v 0.03706758842 -0.003357085399 1.583307147
v 0.03675657883 -0.002754237968 1.582879186
v 0.03688671067 -0.002375857439 1.582982302
v 0.0370387584 -0.002180740703 1.583285809
v 0.03741597384 -0.00266548479 1.583768606
v 0.0373615101 -0.003121284768 1.583620906
v 0.03769579902 -0.0008718562312 1.582936049
v 0.0373878777 -0.00154600013 1.583517432
v 0.03694327548 -0.002182967961 1.582724333
v 0.03706837073 -0.001994380727 1.582450986
v 0.03757115453 -0.001104363706 1.5827564
v 0.03771238402 -0.001109605655 1.582373381
v 0.03734349459 -0.0019595786 1.581678033
v 0.03764024749 -0.0018596109 1.581535697
v 0.03800101578 -0.001438125968 1.581852555
v 0.03794835135 -0.001876640599 1.581466079
v 0.03853566945 -0.001817684155 1.581810474
v 0.03824343905 -0.001402029302 1.581838608
v 0.03868225589 -0.001826604828 1.581925988
v 0.03867280483 -0.001678299159 1.581916332
v 0.03847135231 -0.00128149474 1.581869245
v 0.03881246969 -0.001997852698 1.582063317
v 0.03915428743 -0.001907191239 1.58224225
v 0.03923504055 -0.002007414121 1.582400918
v 0.0392492488 -0.001928588841 1.582271338
v 0.03912620246 -0.002237343229 1.582594633
v 0.03921210766 -0.002152548172 1.582658887
v 0.03923073038 -0.002076929435 1.582535863
v 0.03881458193 -0.002169932704 1.582104445
v 0.03872552142 -0.002837575506 1.582246661
v 0.03871615976 -0.003011666704 1.582481027
v 0.03928826377 -0.002071005292 1.582687736
v 0.03961312398 -0.001786806155 1.582900643
v 0.03956007957 -0.00169745693 1.583133698
v 0.03945669904 -0.001922354568 1.582898021
v 0.03977558017 -0.001475558151 1.583077669
v 0.03960121423 -0.001448522788 1.583362222
v 0.03953874111 -0.001202544197 1.583573937
v 0.03937792405 -0.001456533559 1.583609223
v 0.03979604319 -0.001199995168 1.58329463
v 0.04003610462 -0.001198467799 1.582972646
v 0.04000481591 -0.0009230091237 1.583186507
v 0.0402805768 -0.0008929683827 1.58283174
v 0.04074710608 -0.0005249818787 1.582239985
v 0.040505521 -0.0005660643801 1.582630396
v 0.04055659845 -0.0008450718597 1.582480669
v 0.04035051912 -0.001156830695 1.582671165
v 0.04085400701 -0.0007893424481 1.58216536
v 0.04073778167 -0.001076374669 1.582429647
v 0.04109526053 -0.001028569881 1.582180738
v 0.04063739255 -0.001372098923 1.582618237
v 0.04101579264 -0.001333082095 1.582394838
v 0.0413024649 -0.001378966495 1.582086682
v 0.04121260718 -0.00171445217 1.582194448
v 0.04092242569 -0.001650974154 1.582511663
v 0.04055759311 -0.001680474728 1.582718015
v 0.04084995389 -0.001976266503 1.58251965
v 0.04051439837 -0.0020036567 1.582728148
v 0.04051909968 -0.00232222816 1.582638264
v 0.040226385 -0.002409425098 1.582736135
v 0.04018817469 -0.002100239974 1.582803249
v 0.03987330198 -0.001883451361 1.582799554
v 0.03991129994 -0.002202769276 1.582790136
v 0.04018981382 -0.001777903177 1.582801104
v 0.04028518125 -0.002685201354 1.582585812
v 0.03996102884 -0.002506934572 1.582735896
v 0.04003505036 -0.002794981468 1.582596898
v 0.03974754363 -0.002864397597 1.582528114
v 0.04013664648 -0.003050577361 1.582377553
v 0.0399078317 -0.003181175794 1.582317472
v 0.0400506258 -0.003401373047 1.58202827
v 0.03983363137 -0.003549500369 1.581888437
v 0.03963247314 -0.003288755659 1.582191944
v 0.03935283422 -0.003397273831 1.581979275
v 0.0394568108 -0.002938228659 1.582394958
v 0.03923033178 -0.003056942951 1.582193255
v 0.03904790804 -0.003170165699 1.581904888
v 0.03902165964 -0.002826540265 1.582021952
v 0.03918448836 -0.002719057258 1.582267046
v 0.0388787277 -0.002892569639 1.581710815
v 0.03888430446 -0.002529971767 1.581735611
v 0.03902318701 -0.002501106821 1.582013965
v 0.03913997114 -0.002147964668 1.582100987
v 0.039028503 -0.002164118923 1.581919909
v 0.03916345164 -0.002419298515 1.582220674
v 0.03890426829 -0.003239658196 1.581558108
v 0.03876143694 -0.002907888964 1.581362486
v 0.03879597411 -0.003243144136 1.581178069
v 0.03880436346 -0.003419572953 1.580563664
v 0.03872046247 -0.003197839484 1.58080554
v 0.03888130561 -0.003517159261 1.580916762
v 0.03899046779 -0.003545726184 1.581303477
v 0.03902324289 -0.003704156727 1.580621123
v 0.0391484797 -0.003764029592 1.580994964
v 0.03958148137 -0.003867522813 1.581031322
v 0.03938277811 -0.003868928179 1.580677748
v 0.03932091594 -0.003742236644 1.581359863
v 0.03967451677 -0.003862326033 1.580392957
v 0.0394910872 -0.003768314607 1.580053568
v 0.03922773898 -0.00378623791 1.580320954
v 0.03959890082 -0.003492518794 1.57955265
v 0.03978431597 -0.003672665916 1.579838872
v 0.03933850303 -0.0035839919 1.579757929
v 0.03902408481 -0.003370680846 1.579769135
v 0.0392184779 -0.003330852836 1.57953167
v 0.03911137208 -0.003612513654 1.580008626
v 0.03910659999 -0.003028666135 1.579377055
v 0.03932319954 -0.002943577245 1.579156637
v 0.03944616765 -0.003241313156 1.579324841
v 0.03922168165 -0.002618328203 1.579041839
v 0.03956428543 -0.00282191718 1.578972459
v 0.03946899995 -0.002505502198 1.578849554
v 0.03970469162 -0.003115300089 1.579153419
v 0.04000209644 -0.002968091052 1.579026699
v 0.03984312713 -0.002675412223 1.57883811
v 0.04015314206 -0.002512180246 1.578769207
v 0.04002551362 -0.002203188837 1.578641891
v 0.03973622248 -0.002365515567 1.578710794
v 0.04028955847 -0.002798142377 1.578944445
v 0.04051290452 -0.002599366009 1.578899026
v 0.04043730348 -0.002325747162 1.578760147
v 0.04065155983 -0.002109652851 1.578787088
v 0.04032483697 -0.002016400453 1.57864666
v 0.04059284553 -0.00180146331 1.578701019
v 0.04077967629 -0.002145108301 1.5788697
v 0.04066915065 -0.002380036749 1.578878284
v 0.04080576077 -0.001871759072 1.578829646
v 0.04092693701 -0.001653702464 1.578892112
v 0.04096308351 -0.001312459353 1.578917265
v 0.04079987854 -0.001557616983 1.578789234
v 0.04111258686 -0.001062989701 1.57911396
v 0.04093691707 -0.0009130346589 1.578951716
v 0.04108318686 -0.0006427862681 1.579209566
v 0.04119047523 -0.0004117242061 1.579542875
v 0.04101733118 -0.0002308748662 1.579384446
v 0.04112214968 -2.658739686e-05 1.579792261
v 0.04117615521 8.462835103e-05 1.580256224
v 0.04102351144 0.0003127711825 1.580121994
v 0.04107777029 0.000357455574 1.580634117
v 0.04107753187 0.0002730062697 1.581135035
v 0.04094065353 0.0005517608952 1.581062913
v 0.04093044251 0.0003773879725 1.581566691
v 0.04084955528 0.0001043146476 1.582001567
v 0.04072327539 0.0004175719805 1.58201015
v 0.04061850905 9.620888159e-05 1.582424879
v 0.04044502601 -0.0002569407225 1.582760096
v 0.04013358057 -0.0002845544368 1.583130121
v 0.04031541198 7.758382708e-05 1.582820177
v 0.04102126881 6.962288171e-05 1.581578851
v 0.04090643674 -0.0002100667916 1.581943989
v 0.0407022275 -0.0002228845842 1.582356095
v 0.04061146453 0.0007919634227 1.580941081
v 0.04072300717 0.0006668975111 1.581507325
v 0.04086327925 0.0005885458086 1.580516934
v 0.0411876291 8.155684918e-05 1.580735207
v 0.04115307331 -3.803381696e-05 1.581178546
v 0.04127657413 -0.0002228748053 1.580814004
v 0.0412511155 -0.0003548166715 1.581204414
v 0.04107874259 -0.0002487511374 1.581555843
v 0.04143399 -0.0005362541415 1.580881953
v 0.04143984243 -0.0006632432342 1.581251264
v 0.04120856524 -0.0005452670157 1.581552982
v 0.04161544144 -0.001023815013 1.581279159
v 0.04162770137 -0.0008830837905 1.580945373
v 0.04142391682 -0.0008368031122 1.581593275
v 0.04169408605 -0.001119841356 1.580330372
v 0.04173197597 -0.001170852687 1.580657601
v 0.04159831628 -0.0008024089038 1.580585837
v 0.04175964743 -0.001443631947 1.580418944
v 0.04175221547 -0.001583300997 1.580646515
v 0.0417213589 -0.001296219416 1.580958843
v 0.04170181975 -0.002032910008 1.580544233
v 0.04170724005 -0.001780555118 1.580872178
v 0.04173140973 -0.001827614848 1.580340624
v 0.04173628986 -0.001633936539 1.580186963
v 0.04167944938 -0.001762621105 1.579938054
v 0.04168272391 -0.002002102323 1.580058217
v 0.04167353734 -0.002189560793 1.580248237
v 0.04163900763 -0.002240626141 1.579997778
v 0.04162475094 -0.002093458548 1.579825997
v 0.04156406224 -0.002114534378 1.579644322
v 0.04152698442 -0.001948391553 1.579541206
v 0.04160656407 -0.001870441251 1.579720855
v 0.04144100845 -0.001979226712 1.579396248
v 0.04148808122 -0.001699702814 1.579496503
v 0.04137739539 -0.001809851266 1.579320192
v 0.04127135128 -0.00188416522 1.579193473
v 0.04119870812 -0.001718889922 1.579130292
v 0.0413187705 -0.001550436951 1.579284787
v 0.04144079238 -0.001378935762 1.579502821
v 0.04127461463 -0.001207397319 1.579300523
v 0.04138583317 -0.001011663582 1.57956636
v 0.04147818685 -0.0008677919395 1.579885721
v 0.04132530093 -0.0006247726269 1.579710722
v 0.04138022289 -0.0005056341179 1.580095172
v 0.04154561833 -0.0007942365482 1.580231547
v 0.04162821546 -0.001146254595 1.580025911
v 0.04154748097 -0.001235565171 1.57975769
v 0.04101178423 -0.001981708221 1.578987837
v 0.04111658782 -0.001927809324 1.579060674
v 0.04100008309 -0.001692955382 1.578954458
v 0.04114039987 -0.001438347157 1.579092622
v 0.04118089378 -0.001998488791 1.579116106
v 0.04109116644 -0.002115170471 1.579055786
v 0.04098476842 -0.002461638302 1.579050183
v 0.04099649191 -0.002239922062 1.579010844
v 0.04110205919 -0.002283291426 1.579083443
v 0.04127000645 -0.002330418676 1.579230905
v 0.04122487083 -0.002127456944 1.579162002
v 0.04113408178 -0.002497942187 1.579149842
v 0.04117294401 -0.002721483354 1.579252958
v 0.0410265699 -0.002910654526 1.579238653
v 0.04099625722 -0.002690567635 1.579126358
v 0.04088396952 -0.003104278818 1.579291224
v 0.04107408971 -0.003099214286 1.579388738
v 0.0409280993 -0.003289039247 1.579451561
v 0.04085835442 -0.003584054764 1.579801202
v 0.040997006 -0.003421176691 1.579651594
v 0.04079118744 -0.003456622828 1.579583406
v 0.04067374766 -0.003589999862 1.579769969
v 0.04066453874 -0.003446669318 1.579563856
v 0.04076167569 -0.003285631072 1.579404593
v 0.04066482931 -0.003271282651 1.579388857
v 0.04053746164 -0.003417282831 1.579554558
v 0.04056813195 -0.003573454916 1.579760909
v 0.04048768431 -0.003748307936 1.580234766
v 0.04058242217 -0.003689972684 1.579992056
v 0.04044564813 -0.003654619213 1.579986215
v 0.04032386094 -0.003702955786 1.580218196
v 0.04031755403 -0.003617688548 1.579981327
v 0.04041428864 -0.003528235946 1.579755783
v 0.04016603902 -0.003645587247 1.579942107
v 0.04021550342 -0.003703343216 1.580215693
v 0.04031452164 -0.003517846111 1.579740524
v 0.04026721418 -0.003390507773 1.579499125
v 0.04041932896 -0.003224698361 1.579349756
v 0.04041715339 -0.003386470489 1.579546571
v 0.04038092121 -0.003034038004 1.579146743
v 0.04054031149 -0.002834724728 1.579054594
v 0.04052862898 -0.003043512348 1.579211116
v 0.04064700007 -0.003067926504 1.579233885
v 0.04051688313 -0.003236995079 1.579373121
v 0.04063555971 -0.002849262208 1.579091907
v 0.04075846821 -0.002400619909 1.578928232
v 0.04076764733 -0.002646189649 1.579020381
v 0.04065357894 -0.002622093074 1.578973889
v 0.04078025371 -0.002878464758 1.579133391
v 0.04088594392 -0.002670687623 1.579070091
v 0.04089570418 -0.00243592402 1.578999519
v 0.03988555446 -0.003362281714 1.57939136
v 0.04016148299 -0.003211291973 1.579256892
v 0.04005599022 -0.003539947793 1.579662323
v 0.04025449604 -0.00374372676 1.580451488
v 0.04006491601 -0.003798867576 1.580458999
v 0.04015532136 -0.003786576912 1.580727458
v 0.04012383148 -0.003726003226 1.581257582
v 0.03998983279 -0.003822655417 1.581020474
v 0.04027217254 -0.003749208525 1.580974579
v 0.04046585411 -0.00373857189 1.580970645
v 0.04041210562 -0.003777952865 1.580727339
v 0.04038153216 -0.00366844004 1.581187129
v 0.04045836255 -0.003567995038 1.581351399
v 0.04039832577 -0.003466341645 1.581545949
v 0.04026994854 -0.003600313794 1.581429601
v 0.04046727344 -0.003233230207 1.581834078
v 0.04032402113 -0.003368301783 1.581794739
v 0.04049073905 -0.003353872336 1.581649065
v 0.04064383358 -0.00341072958 1.581588149
v 0.04053665325 -0.003478449769 1.581491351
v 0.04059264064 -0.003273213282 1.581734538
v 0.04058805853 -0.00312854629 1.581883192
v 0.04074734822 -0.003231397364 1.581758857
v 0.04072537646 -0.00305231614 1.581919789
v 0.04090014845 -0.00282521639 1.582007647
v 0.0407409668 -0.002883125562 1.582049608
v 0.04091149196 -0.003019551281 1.581881762
v 0.04110854119 -0.003016606439 1.581769586
v 0.04093880579 -0.003221538384 1.58170557
v 0.04112532362 -0.003218438476 1.581587195
v 0.04109695926 -0.003398477565 1.581387162
v 0.0412306264 -0.003353019245 1.581227303
v 0.0412815772 -0.003190729301 1.581431985
v 0.04141315073 -0.002920134459 1.581497788
v 0.04139924794 -0.003103557974 1.581281304
v 0.04128003865 -0.003000348341 1.581625581
v 0.04133597016 -0.003262360115 1.581060886
v 0.04142205417 -0.003126886208 1.580903053
v 0.04148579389 -0.002956070006 1.581148148
v 0.0415443182 -0.00260226801 1.581277728
v 0.04149686545 -0.002772232052 1.581392288
v 0.04154466093 -0.002782051917 1.581014395
v 0.04158626497 -0.002599949948 1.580866456
v 0.04155716673 -0.00275482703 1.58058691
v 0.04149450362 -0.002954122145 1.580748558
v 0.04160709679 -0.002546122763 1.580408812
v 0.04150597379 -0.002885640133 1.58031702
v 0.04156391695 -0.00265440112 1.580143332
v 0.04150268435 -0.002749888692 1.579913497
v 0.0415930897 -0.002437171992 1.579961896
v 0.04152682424 -0.002522659954 1.579754233
v 0.04152099416 -0.002312014811 1.579611421
v 0.0414262116 -0.002413784619 1.579455376
v 0.0414388217 -0.002629800234 1.579586625
v 0.04133884609 -0.002936113626 1.579594135
v 0.04133340716 -0.002759770025 1.57945931
v 0.04142467305 -0.002844068222 1.579729199
v 0.04124876857 -0.003057780676 1.579541206
v 0.04129799455 -0.003102161456 1.579687715
v 0.04120260105 -0.003290144261 1.579766154
v 0.04137170687 -0.003059145994 1.579859376
v 0.04128189385 -0.003269711975 1.579985738
v 0.04117333889 -0.00346117327 1.580134392
v 0.04125893489 -0.003386317752 1.580394864
v 0.04135801271 -0.003201978747 1.580225587
v 0.04124826193 -0.003407246899 1.58082974
v 0.04134195298 -0.003271732014 1.580653906
v 0.04115010798 -0.003533748444 1.580583215
v 0.04091235995 -0.003725132439 1.580532789
v 0.04103212059 -0.003632501699 1.580780745
v 0.04104967788 -0.003618366551 1.580320358
v 0.04102122411 -0.003552148119 1.58118391
v 0.04090382904 -0.003680451307 1.580978394
v 0.04114284366 -0.003500456922 1.581009984
v 0.04077611864 -0.003671542276 1.581160784
v 0.04077296704 -0.003768822178 1.580754399
v 0.04064108431 -0.003745881841 1.58096993
v 0.04075147212 -0.003510457929 1.58146143
v 0.04088900983 -0.003556830343 1.581335783
v 0.04064526036 -0.003596414346 1.581328392
v 0.04066664353 -0.003795316443 1.580504179
v 0.04080558196 -0.003750322387 1.580266833
v 0.04051302746 -0.003790092655 1.580492139
v 0.04060371965 -0.003763767891 1.580243707
v 0.04055019841 -0.003785478882 1.580743432
v 0.0409494862 -0.003640211653 1.580052733
v 0.04108306766 -0.003479034174 1.579883337
v 0.04144371673 -0.002984622028 1.580070615
v 0.04142861068 -0.003096140921 1.580483794
v 0.04162620008 -0.002438856289 1.580686212
v 0.04165591672 -0.002319850028 1.580470681
v 0.04163619131 -0.002370540053 1.580206037
v 0.04158078134 -0.002457535826 1.581134439
v 0.04161895812 -0.002354526892 1.580952764
v 0.04165910929 -0.00222614361 1.580751181
v 0.04164541885 -0.002024092712 1.581062675
v 0.04158907011 -0.002237415407 1.581218958
v 0.04145579785 -0.002269402146 1.581616163
v 0.04152313992 -0.002050583251 1.581516266
v 0.04153740406 -0.002362430561 1.581374884
v 0.04159476608 -0.001765908673 1.58139503
v 0.04148704931 -0.001531129237 1.581739545
v 0.04140273482 -0.001854912844 1.581847548
v 0.0412466228 -0.002354503144 1.581921935
v 0.04138119146 -0.00240148278 1.581721902
v 0.04132449999 -0.0021427311 1.581897378
v 0.04142872617 -0.002608371899 1.581620455
v 0.04148186371 -0.002467953134 1.581519008
v 0.04130363092 -0.002509692218 1.581809878
v 0.04116244987 -0.002492132131 1.581955433
v 0.04109542072 -0.002628272865 1.581968427
v 0.04124924168 -0.002644925844 1.581839561
v 0.04136227816 -0.002744553145 1.581687808
v 0.04124853015 -0.002806666773 1.581779599
v 0.04100315645 -0.002509468235 1.582104683
v 0.04106327146 -0.00230414141 1.582168102
v 0.04094049335 -0.002664848696 1.582064271
v 0.04079711437 -0.002535476349 1.582298636
v 0.04077322409 -0.002724095713 1.582161546
v 0.04093774036 -0.003403667826 1.581518054
v 0.04108106345 -0.002809783444 1.581906796
v 0.04059001058 -0.002976410557 1.582060814
v 0.04056959972 -0.002802619711 1.582278252
v 0.04077788442 -0.003391099162 1.581598043
v 0.04041771963 -0.003095837776 1.582087636
v 0.0405315347 -0.003670270089 1.581168175
v 0.04015869647 -0.00352629181 1.581716895
v 0.03998944908 -0.003681013826 1.58156383
v 0.04035834596 -0.003763657995 1.580456495
v 0.04076960683 -0.003091723658 1.579258204
v 0.04072241485 -0.003698561806 1.580006123
v 0.04113297537 -0.003233768512 1.579567313
v 0.04121318087 -0.002916080412 1.579390287
v 0.04087198526 -0.002893419936 1.579165459
v 0.04130830616 -0.002553534228 1.579329729
v 0.04139308259 -0.002200429328 1.579355001
v 0.04088517278 -0.002178977244 1.578936815
v 0.04133973271 -0.00201570848 1.579270959
v 0.04158482701 -0.001576331444 1.579699039
v 0.04149159417 -0.00212883018 1.579495311
v 0.04159106314 -0.002258480061 1.579790831
v 0.04166352749 -0.001476041973 1.579919219
v 0.04166895524 -0.001495053992 1.581211805
v 0.04172605276 -0.001410988625 1.580173969
v 0.04156472534 -0.001238183118 1.581551075
v 0.04141452909 -0.0004744790494 1.580495834
v 0.04128083959 -0.0001831771806 1.580383658
v 0.04089060053 0.0001540966332 1.579647779
v 0.04068632424 0.000487834448 1.579985023
v 0.041255638 -0.0002507474273 1.579944849
v 0.04123732448 -0.0008168555796 1.579381824
v 0.04088431969 -0.001913842745 1.578889728
v 0.03899648041 -0.002695404924 1.579280019
v 0.03892540932 -0.003076112363 1.57962513
v 0.03880972415 -0.002741204575 1.579559922
v 0.03868233413 -0.002763411961 1.579879522
v 0.03871710598 -0.002373218071 1.579538941
v 0.03860120103 -0.002392089926 1.579908729
v 0.0385761112 -0.00197962299 1.57994926
v 0.03855533525 -0.001992295962 1.580354214
v 0.0385606885 -0.002411599271 1.580294967
v 0.03861865774 -0.002782896161 1.580229282
v 0.03862015903 -0.002830364741 1.580597043
v 0.03858877346 -0.002444955986 1.580678105
v 0.03869758919 -0.003076734953 1.580196857
v 0.03878621012 -0.00308571849 1.579904079
v 0.03875546157 -0.003277576528 1.580297828
v 0.03868145868 -0.003119564615 1.580481768
v 0.03886802867 -0.003352032974 1.580035448
v 0.03995286301 -0.003771364689 1.580154061
v 0.03984945267 -0.003874300048 1.580728412
v 0.03980042413 -0.003802069463 1.581333399
v 0.03893254325 -0.003559544683 1.58028686
v 0.03867466748 -0.002883098554 1.580983877
v 0.03876274452 -0.002524589654 1.581420422
v 0.03866289183 -0.002488837112 1.581065416
v 0.03913807496 -0.003497739788 1.581670761
v 0.03956766054 -0.003664735239 1.58166647
v 0.04023525491 -0.003240650985 1.582092285
v 0.04034977406 -0.002914888319 1.582363486
v 0.04054421559 -0.002590248361 1.582482815
v 0.04081748426 -0.002285714261 1.582433224
v 0.04112797976 -0.002031442244 1.582213759
v 0.04137489572 -0.001073080581 1.581881166
v 0.04022355378 -0.001465094741 1.582770705
v 0.0411580205 -0.0007668859325 1.581882834
v 0.04097570851 -0.0005077403039 1.581876159
v 0.04022742063 -0.0006060427986 1.583015203
v 0.03991891816 -0.0006287507713 1.583355546
v 0.03971695527 -0.000932878349 1.583495975
v 0.0398568213 -0.001611972228 1.582867026
v 0.03910312057 -0.001519428566 1.583801389
v 0.03785673529 -0.003310495056 1.583534718
v 0.0376075469 -0.003243701067 1.583616257
v 0.03782916442 -0.001943666488 1.584000587
v 0.03831740841 -0.001287140884 1.584040523
v 0.03877988085 -0.001654861961 1.583939672
v 0.03925153613 -0.001234072261 1.583790064
v 0.03915091231 0.0004680147395 1.58271873
v 0.04040832818 0.0004317131825 1.582417488
v 0.03957352415 0.0007677210961 1.581095219
v 0.04044136778 0.0007448149845 1.580381393
v 0.03974947333 0.0005762695801 1.580283642
v 0.03963001445 0.0002701040357 1.579931498
v 0.03978062049 0.0001293481328 1.579570532
v 0.03976307809 -0.0004352401011 1.579035163
v 0.03961768374 -0.0002236445434 1.579337597
v 0.03972741961 -0.0009795282967 1.578733563
v 0.03990071267 -0.000697995536 1.578798056
v 0.03960352391 -0.0007504313253 1.578921199
v 0.04084504768 -0.0004965253174 1.579055667
v 0.04073988646 -0.001189988572 1.578767776
v 0.03955977038 -0.001186343841 1.57874012
v 0.0393925719 -0.001264413819 1.578826427
v 0.03946340457 -0.001016307157 1.578871131
v 0.03890964016 -0.002338681836 1.579225421
v 0.03868363798 -0.001972216181 1.579551578
v 0.03861924633 -0.001550359651 1.579989076
v 0.03945359588 -0.000571786426 1.579181314
v 0.03947909549 -7.658079267e-05 1.579672456
v 0.03902482614 -0.0001455005258 1.580650806
v 0.03872798383 -0.001126633026 1.580037594
v 0.03891875222 -0.0003361618146 1.580815911
v 0.03860653564 -0.001551989932 1.580401063
v 0.03880439699 -0.0005840077065 1.581198454
v 0.03860273585 -0.002014374826 1.580731869
v 0.03890599683 -0.002140949015 1.581674695
v 0.038683936 -0.0007272199728 1.581598163
v 0.03934638575 -0.002578274347 1.582430124
v 0.03930108249 -0.002041512169 1.58255434
v 0.03936862573 -0.002028753981 1.582699418
v 0.0396925658 -0.002547999378 1.582665324
v 0.03942180052 -0.002065279987 1.582630038
v 0.03953897953 -0.001929520164 1.582807541
v 0.03976645693 -0.002087681554 1.582763195
v 0.0396214202 -0.002418489661 1.58266592
v 0.03947629035 -0.002314132638 1.582560062
v 0.03935941309 -0.002331405878 1.582431436
v 0.03933284804 -0.002050234005 1.582480192
v 0.03917454183 -0.001827915665 1.582050681
v 0.03920586407 -0.002222578973 1.582225204
v 0.03927189484 -0.0019801897 1.582338929
v 0.03925494477 -0.001832810696 1.582155824
v 0.03867492825 -0.001235840842 1.581880808
v 0.03889734298 -0.001366178505 1.581868887
v 0.03893745691 -0.001361082774 1.581831217
v 0.03908353299 -0.002004079055 1.581960082
v 0.03896282986 -0.001550372224 1.581696391
v 0.03860290721 -0.000910196919 1.581802726
v 0.0387820825 -0.001009069383 1.581576467
v 0.03879198804 -0.00135414768 1.581270099
v 0.03886469081 -0.00190320285 1.581513286
v 0.03872101381 -0.002296967432 1.581249356
v 0.03866787627 -0.001803046558 1.580925584
v 0.03867258877 -0.001329895575 1.580620766
v 0.03878562525 -0.0008530993946 1.581027865
v 0.03888200223 -0.0005241651088 1.580677748
v 0.03878070414 -0.000916569028 1.580269933
v 0.03904446959 -0.0002318453044 1.580424666
v 0.03901178762 -0.0005504856817 1.579954982
v 0.03928926587 0.0001240242273 1.580325007
v 0.03932006285 -0.0002181013115 1.579746842
v 0.03929815814 -0.0006799171679 1.579265952
v 0.0389790535 -0.0009710188024 1.579487801
v 0.03905343637 -0.001395424828 1.579109311
v 0.03933579847 -0.001107376534 1.578935266
v 0.03870663047 -0.001341932919 1.579805493
v 0.03878135234 -0.001765994821 1.579383254
v 0.03925421461 -0.001733326353 1.578844905
v 0.03900541738 -0.002130473033 1.579075694
v 0.03930758312 -0.002400849015 1.578897953
v 0.0395285897 -0.001969660167 1.578682899
v 0.0394860357 -0.001369482838 1.578734756
v 0.03973723203 -0.001511002425 1.578601956
v 0.0400352627 -0.001626919489 1.57855618
v 0.03984029964 -0.002134114038 1.578625321
v 0.04017171636 -0.00102960784 1.578635693
v 0.03986678272 -0.0009855320677 1.578681231
v 0.04040919989 -0.001745901071 1.578629494
v 0.04055388272 -0.001129493117 1.57869935
v 0.040645428 -0.0004316023551 1.578991771
v 0.04023765028 -0.0003623543307 1.5789361
v 0.04068635032 0.0002250713296 1.579582095
v 0.04026322439 0.0002775464673 1.579513311
v 0.03991538286 -0.0003929333761 1.578983307
v 0.0399318561 0.0002013626508 1.579537272
v 0.04024210945 0.0007585976273 1.580335617
v 0.03990571946 0.0006692267489 1.580291033
v 0.03973300755 0.0008668906521 1.581154823
v 0.04008241743 0.0009422900621 1.581287265
v 0.03940464184 0.000748621067 1.581960082
v 0.03974878415 0.0007925985847 1.582169533
v 0.04051988572 0.0008029711898 1.581440568
v 0.04019791633 0.0005995207466 1.582355261
v 0.03972449154 0.0002287384123 1.583071828
v 0.0393130444 0.000447247643 1.582847118
v 0.03883911297 2.628332004e-05 1.583307624
v 0.03918999061 -0.0001939362846 1.583554626
v 0.03949899599 -0.0005045505241 1.583651423
v 0.04005407169 -0.0001171589829 1.58315599
v 0.03866432235 -0.0006368667819 1.583831549
v 0.03896989673 -0.0008967798203 1.583933711
v 0.03965937346 -0.0007921997458 1.583570957
v 0.03916931152 -0.001122436486 1.583859086
v 0.03867847472 -0.001568953972 1.58400178
v 0.03845413774 -0.001390500925 1.584065914
v 0.03820019215 -0.002179272473 1.58399415
v 0.03796322271 -0.002036768477 1.584036827
v 0.03754526377 -0.002760976087 1.583816528
v 0.03778905794 -0.002884611022 1.583801746
v 0.0384218432 -0.002299098298 1.583872318
v 0.03802976012 -0.002963429317 1.583706617
v 0.03826029971 -0.003005028237 1.58354795
v 0.03862171993 -0.002403936349 1.583686829
v 0.03902868181 -0.001902083401 1.583664775
v 0.03887354583 -0.001739154104 1.583862305
v 0.0387942493 -0.002490489744 1.583436847
v 0.03913040832 -0.002059123013 1.583413124
v 0.0394285433 -0.001779301092 1.583259583
v 0.03941592947 -0.001564366743 1.58350122
v 0.03937807307 -0.001964980271 1.582988501
v 0.03917931765 -0.002185989171 1.583110929
v 0.03931572288 -0.002056564204 1.58276546
v 0.03917788342 -0.002241581678 1.58285749
v 0.03892558068 -0.002537833061 1.583129525
v 0.03898263723 -0.002535841428 1.582867861
v 0.03914928809 -0.002249590121 1.582687259
v 0.03898882866 -0.002507664263 1.582686305
v 0.03876961023 -0.002907953691 1.582770467
v 0.03880719468 -0.00283113122 1.582582831
v 0.03895752877 -0.002419448923 1.582457662
v 0.03880482167 -0.002689294983 1.58234632
v 0.03873733431 -0.002478105947 1.582080245
v 0.03887062892 -0.00225861324 1.582206368
v 0.0389848724 -0.002080270555 1.582262754
v 0.039088808 -0.002201092429 1.582482338
v 0.03919122741 -0.002052657306 1.582443118
v 0.0390939787 -0.001952758525 1.582262158
v 0.03886787966 -0.001926438883 1.582096815
v 0.03899069503 -0.001808049623 1.582121849
v 0.0387448296 -0.001759217121 1.581969142
v 0.0388863124 -0.001643512864 1.582011461
v 0.03913991153 -0.001732809935 1.582083821
v 0.03905590251 -0.001567686442 1.58197403
v 0.03921888024 -0.001875671092 1.582208753
v 0.03896538541 -0.001412997022 1.581881046
v 0.03875785694 -0.001486695837 1.581922531
v 0.03858350217 -0.00134883495 1.581870556
v 0.03858654574 -0.001602789387 1.581871033
v 0.03837126493 -0.001464137807 1.581825733
v 0.03843667731 -0.001741034444 1.581764579
v 0.03819244355 -0.001612024382 1.581730366
v 0.0382899642 -0.001901741605 1.581598282
v 0.0380262658 -0.001784356777 1.581570745
v 0.03772117943 -0.0017517698 1.581643581
v 0.03790330514 -0.001538068522 1.581802368
v 0.03761520237 -0.001551255584 1.581985712
v 0.03742455691 -0.001829409506 1.581803441
v 0.03716987744 -0.001992033795 1.582027435
v 0.03736615181 -0.001641912851 1.582268834
v 0.03782537952 -0.001284612808 1.582068443
v 0.03759280592 -0.001281603705 1.582373857
v 0.03743058071 -0.00132805109 1.582740545
v 0.03717790172 -0.001778399106 1.582587481
v 0.03735298291 -0.001401368529 1.583083749
v 0.03706519306 -0.001934097148 1.582883
v 0.03702634946 -0.002094070893 1.583156824
v 0.03735654801 -0.001489666756 1.583380222
v 0.03775022551 -0.0008939881809 1.583425641
v 0.0376958251 -0.0008683684282 1.583114624
v 0.03806144372 -0.0004076035693 1.582967162
v 0.03817287087 -0.0003789574839 1.583300948
v 0.03842461109 -2.243742347e-05 1.582680583
v 0.03859750181 6.205961108e-05 1.583019376
v 0.03835633397 -0.0004362161271 1.583583951
v 0.03877687454 0.000301574124 1.582283378
v 0.03900992125 0.0004465573002 1.582580686
v 0.03912404925 0.0005488537718 1.581741214
v 0.03890285641 0.0002117841505 1.581530094
v 0.03861311451 2.156710252e-05 1.581971407
v 0.03914613277 0.0002749825362 1.580956697
v 0.03941709176 0.0006301403046 1.581040978
v 0.03959235549 0.0004513037857 1.58028388
v 0.0389707312 -0.0001348610967 1.580886006
v 0.03881005943 -0.0002912594937 1.581324458
v 0.03861089796 -0.0004403744824 1.581690073
v 0.03836548701 -0.0005228859372 1.581983566
v 0.03832336143 -0.0002119005658 1.582311153
v 0.03802222759 -0.0005106790923 1.582577944
v 0.03809598088 -0.0006866510957 1.582207441
v 0.0383242853 -0.0009373347275 1.581954598
v 0.03783489391 -0.0009459569119 1.582346082
v 0.0380534716 -0.001058985479 1.582048416
v 0.03833777085 -0.001209773123 1.581891775
v 0.03810413927 -0.001348583028 1.581882596
v 0.03771909699 -0.0008873366751 1.582735419
v 0.03788376972 -0.000976559706 1.583703041
v 0.03815503791 -0.001167577691 1.583954811
v 0.03744590655 -0.001616383437 1.583649158
v 0.03767894581 -0.001826417632 1.583906293
v 0.03707898036 -0.002278708387 1.583411098
v 0.03727808595 -0.002534760628 1.58366704
v 0.03694386035 -0.003200707957 1.583215356
v 0.03677973524 -0.002882206813 1.582989216
v 0.03653550148 -0.003373227548 1.582354188
v 0.03666364402 -0.003754774109 1.582513213
v 0.03645869717 -0.004127336666 1.581571102
v 0.03636016324 -0.003690898418 1.581503034
v 0.0362861082 -0.003780337982 1.580490947
v 0.03637696803 -0.004264092073 1.580435872
v 0.03660478443 -0.004663899541 1.580399156
v 0.03667875379 -0.004484717734 1.581609488
v 0.03694527596 -0.004645239562 1.5816046
v 0.03689015284 -0.004841748625 1.580389857
v 0.0372139886 -0.004902462475 1.580389261
v 0.03724306077 -0.004706686363 1.581575155
v 0.03714546189 -0.004207526334 1.582606554
v 0.03742017597 -0.004267679527 1.582558751
v 0.03769607469 -0.004248585552 1.582473874
v 0.03754714131 -0.004670367576 1.581523418
v 0.03794806823 -0.003652921412 1.583164096
v 0.03769449145 -0.003652034793 1.583285332
v 0.03819333017 -0.003597562667 1.582988858
v 0.03796532005 -0.004153979011 1.582352519
v 0.03841949254 -0.003482197877 1.582751036
v 0.03822432831 -0.003972318955 1.582180023
v 0.03784525767 -0.004541219212 1.581447363
v 0.03812345117 -0.004310655408 1.58133328
v 0.03829596564 -0.004064325243 1.581221104
v 0.03839494288 -0.003762614913 1.582002878
v 0.03811953217 -0.004437752068 1.580347061
v 0.03826865181 -0.004179699346 1.580313325
v 0.03836878389 -0.003867018037 1.58113873
v 0.03832593933 -0.003978380933 1.580289006
v 0.03836448863 -0.004060254432 1.579389095
v 0.03840379044 -0.003868171014 1.57942462
v 0.03833948821 -0.003682608716 1.580259442
v 0.03840188682 -0.003586127888 1.579471946
v 0.03861252591 -0.003519409336 1.578631282
v 0.03859367594 -0.003271927591 1.578742504
v 0.03833556175 -0.003210112918 1.579528689
v 0.03850948066 -0.002927690279 1.578877449
v 0.0382260792 -0.002859883942 1.5795753
v 0.03838357702 -0.002593083307 1.578994513
v 0.03864127025 -0.002183426637 1.57851088
v 0.03877998143 -0.002485189121 1.578333497
v 0.03847778216 -0.001902349293 1.578650832
v 0.03823270276 -0.002294955775 1.579085469
v 0.03881848976 -0.001408522017 1.578340292
v 0.03899663314 -0.001665162388 1.578170061
v 0.03942491114 -0.001070323866 1.578010559
v 0.03923618048 -0.0008399840444 1.578190923
v 0.03914486989 -0.001920214389 1.577954292
v 0.03958479315 -0.001281107776 1.57777977
v 0.03989529237 -0.0004415269941 1.578043461
v 0.04007133469 -0.0006267116405 1.577814102
v 0.04056003317 -9.93674621e-06 1.578003049
v 0.04035698622 0.0001576542854 1.57823205
v 0.03969651088 -0.0002277740277 1.578218818
v 0.04013767466 0.0003640661016 1.578404546
v 0.03991804272 0.0005979393609 1.57850945
v 0.03948816285 1.433771104e-06 1.578327298
v 0.03903077543 -0.0006059804 1.578307271
v 0.03881873935 -0.0003794454969 1.57834816
v 0.03928078711 0.0002333987504 1.578359842
v 0.0384020023 -0.0009422609583 1.578497291
v 0.03861723095 -0.001165177673 1.578452706
v 0.03807453439 -0.0014357646 1.57878077
v 0.038288109 -0.001650367863 1.578743458
v 0.03817868233 -0.0007569366135 1.578451991
v 0.03784210235 -0.001280886121 1.578740597
v 0.03784070909 -0.001838529017 1.579167008
v 0.03760195524 -0.001720411703 1.579128027
v 0.03761621937 -0.00120716542 1.578608751
v 0.03736907244 -0.001696102321 1.579016805
v 0.03721103817 -0.00207705982 1.579503298
v 0.03744922578 -0.002052560449 1.579589367
v 0.03713496029 -0.002311048564 1.580060005
v 0.03738201037 -0.002241990063 1.58011508
v 0.03739356995 -0.002265585121 1.580645084
v 0.03713396564 -0.002367317677 1.580633283
v 0.03692426905 -0.002459633164 1.579981327
v 0.03690767661 -0.002557080239 1.580617785
v 0.0371857211 -0.002272092272 1.581135273
v 0.03694506735 -0.002480465919 1.581201673
v 0.03670427576 -0.002807754558 1.58059454
v 0.03673672676 -0.002745332196 1.581277132
v 0.03682491183 -0.002526380122 1.581843376
v 0.03702845797 -0.002280197106 1.581672907
v 0.03697195277 -0.002194690052 1.582280159
v 0.03666524962 -0.002795005217 1.582021832
v 0.03683530912 -0.002413503826 1.582527995
v 0.03655645251 -0.003072429448 1.582193375
v 0.03676175326 -0.002637390979 1.582765579
v 0.03655711934 -0.003040841315 1.581357718
v 0.03641731665 -0.003350045998 1.581433773
v 0.03651696444 -0.003096817527 1.580569625
v 0.03636130318 -0.00341308536 1.580538034
v 0.03640771285 -0.003219827078 1.579625964
v 0.03656021506 -0.002918499056 1.57976687
v 0.03668836877 -0.002536004409 1.579037428
v 0.03655381501 -0.002796019893 1.578800321
v 0.03652284667 -0.003141460475 1.578512073
v 0.03634348884 -0.003595650662 1.579449534
v 0.03671212867 -0.003620076925 1.578182459
v 0.0364665091 -0.004102520645 1.579244852
v 0.03672856092 -0.004519964568 1.579112053
v 0.03703172505 -0.004015125334 1.577967882
v 0.03703569621 -0.004707466811 1.579090953
v 0.0373586677 -0.004197473638 1.577929974
v 0.03770324588 -0.004279760644 1.577975154
v 0.03737661242 -0.004776792601 1.579120755
v 0.03771460801 -0.004726918414 1.579182625
v 0.03803178295 -0.004253737628 1.578086615
v 0.03830692172 -0.004120673053 1.578241229
v 0.03801511973 -0.00456594117 1.579257369
v 0.03824665025 -0.004309845157 1.579333305
v 0.03850140423 -0.003900025971 1.57841289
v 0.03859007731 -0.00368487183 1.578545213
v 0.03890732303 -0.003106981516 1.577855468
v 0.0388430357 -0.003270801622 1.577673316
v 0.03891570121 -0.002977457829 1.577975512
v 0.03930089623 -0.002394431736 1.577375531
v 0.03929756954 -0.002301718108 1.577518821
v 0.03975879401 -0.001567199826 1.577305675
v 0.03977368027 -0.001628164668 1.577148914
v 0.03975130618 -0.00168884825 1.576916456
v 0.03925733641 -0.002505188808 1.577162147
v 0.03964819759 -0.001717500389 1.576628804
v 0.03912568092 -0.002599561587 1.576894879
v 0.0389097631 -0.002625660971 1.57666564
v 0.03946148977 -0.001686876174 1.576383233
v 0.04007337987 -0.0007711388171 1.576369524
v 0.04023284838 -0.0008573476225 1.576623082
v 0.04068876803 6.745057181e-05 1.576535344
v 0.04082805663 -7.062358782e-05 1.576792479
v 0.0408815667 -0.0001576384529 1.577095509
v 0.04030872881 -0.0008908533491 1.576920867
v 0.04031094164 -0.0008771279827 1.577162981
v 0.04086485878 -0.0001830854453 1.57734251
v 0.04082244635 -0.0001747631468 1.577510357
v 0.04028312117 -0.0008445512503 1.577326655
v 0.04021015391 -0.0007693180814 1.577545881
v 0.04072794691 -0.0001262007281 1.577733159
v 0.04133728147 0.000419942895 1.57778585
v 0.04121502116 0.0004406492226 1.578010917
v 0.04100494832 0.0005247141235 1.578283072
v 0.04164435342 0.0009204444941 1.578341246
v 0.04137772322 0.0009621975478 1.578603745
v 0.04107514769 0.001084242715 1.578813076
v 0.04075775668 0.0006701666862 1.578512192
v 0.0407887511 0.001264386345 1.578954697
v 0.04050403833 0.0008654592093 1.578679204
v 0.04054279625 0.001480697887 1.579030514
v 0.04026620463 0.001095906133 1.578776479
v 0.04033253714 0.001726256683 1.579041481
v 0.0400518477 0.001350022154 1.578806281
v 0.03970875964 0.0008452357724 1.578543425
v 0.03986894712 0.001617060974 1.578761935
v 0.03951988742 0.001088429242 1.578498721
v 0.03908475488 0.0004532907624 1.578306437
v 0.03891724348 0.0006456379779 1.57816422
v 0.03936615959 0.001307805069 1.578369617
v 0.03880381584 0.0007962693926 1.577943921
v 0.03926591203 0.001488444861 1.578163981
v 0.03964004293 0.002103233477 1.578439593
v 0.03972852603 0.001877078088 1.578637838
v 0.03997355327 0.00254094624 1.578659654
v 0.04003982246 0.002274064347 1.578846812
v 0.04016218707 0.001996326959 1.578979731
v 0.04027024284 0.002572394907 1.579039931
v 0.04038966447 0.002291930839 1.579171538
v 0.04045774043 0.002523428993 1.579416633
v 0.04029603302 0.002809661208 1.579265237
v 0.04025685415 0.003180123167 1.579116583
v 0.04022813961 0.002899590414 1.578885555
v 0.0402976349 0.003517351579 1.579035521
v 0.0404169783 0.003635573667 1.578907728
v 0.0405876562 0.003805895336 1.578766942
v 0.04035764933 0.003365251934 1.578454018
v 0.04026106372 0.003181458684 1.578689337
v 0.03996544331 0.002774332417 1.578425527
v 0.04002854601 0.002952484647 1.578159094
v 0.04019009322 0.003056247719 1.577899337
v 0.04054169729 0.003501716536 1.578229189
v 0.04050067812 0.00305579626 1.577663898
v 0.0408879742 0.003525906708 1.578017116
v 0.04130934179 0.003444680013 1.577859282
v 0.04094615951 0.002950784517 1.577459216
v 0.04053191096 0.002336054575 1.577107191
v 0.04008349776 0.002443887061 1.577363014
v 0.03967962787 0.001707173884 1.577049255
v 0.04008940607 0.001594731351 1.576769471
v 0.03953719139 0.0007590781897 1.576482892
v 0.03915901855 0.0008928307798 1.576780438
v 0.03943235427 0.001729398966 1.577317715
v 0.03893788904 0.0009401086718 1.577066898
v 0.03853003308 4.057073966e-05 1.576661229
v 0.03833046183 0.0001280508004 1.576982737
v 0.03881201521 0.0009386970196 1.577366233
v 0.03822988644 0.0001639355905 1.577305555
v 0.03771516681 -0.0006900974549 1.577130198
v 0.03766840324 -0.0006145359948 1.577473879
v 0.03722335398 -0.001353670377 1.577862859
v 0.03719404712 -0.0014830851 1.577519894
v 0.03787505254 -0.0008295527659 1.57676506
v 0.03728610277 -0.001690541394 1.577128053
v 0.03822835162 -0.001077587251 1.576374412
v 0.03759973869 -0.002023875713 1.576703668
v 0.03682862967 -0.00248232903 1.577727795
v 0.03708585352 -0.002896722406 1.577324033
v 0.03745464608 -0.003247307148 1.57707119
v 0.03798900917 -0.002322977409 1.57644701
v 0.03779331595 -0.003415327519 1.577035308
v 0.03831567615 -0.002480750903 1.576428294
v 0.03892661259 -0.001478533261 1.576124191
v 0.0386213921 -0.001322135795 1.576136827
v 0.03928530589 -0.0003367164172 1.576113701
v 0.03957883269 -0.0004955297336 1.576099157
v 0.03889708966 -0.0001378157176 1.576324224
v 0.03992693126 0.000584007008 1.576287746
v 0.03921238333 -0.001602646429 1.576211691
v 0.03984797373 -0.0006452891976 1.576188803
v 0.04021731764 0.0004152951296 1.576266646
v 0.04047837108 0.0002365715336 1.576353073
v 0.04107081145 0.001025698613 1.57662189
v 0.0408058688 0.001237447606 1.576542616
v 0.04160397872 0.001724284608 1.576965213
v 0.04131968319 0.001961914822 1.576887608
v 0.040986076 0.002162955003 1.576922894
v 0.04050318897 0.001424465096 1.576574922
v 0.04138746485 0.002795113251 1.57731986
v 0.04175438359 0.002603794448 1.577285767
v 0.04170618579 0.003321218537 1.577761531
v 0.04207280651 0.003153288504 1.57773006
v 0.04235666618 0.002922181273 1.577811241
v 0.04205353931 0.002364300191 1.577367783
v 0.04254699498 0.002651340561 1.577983618
v 0.04226344451 0.002102868631 1.577550411
v 0.04181344062 0.001479345141 1.577146888
v 0.04236184061 0.001849908149 1.577806354
v 0.04192978144 0.001257580472 1.57740593
v 0.04140198976 0.0006289940793 1.57706058
v 0.04127594829 0.000814083498 1.576802611
v 0.04194210842 0.001080436865 1.577709198
v 0.04143470898 0.0004938452039 1.577366114
v 0.04188174009 0.0009816193487 1.577954888
v 0.04139695317 0.0004330892116 1.577615857
v 0.04180202261 0.0009398362599 1.578121185
v 0.04215905815 0.001406200463 1.578488231
v 0.04225791246 0.001484929118 1.578331709
v 0.04196986929 0.001339362701 1.578690767
v 0.04216117412 0.00172048877 1.579032898
v 0.04235917702 0.001820856007 1.578848124
v 0.04243268073 0.002224833472 1.579203129
v 0.04224872217 0.002099997597 1.579376698
v 0.04197905958 0.002020262415 1.579560995
v 0.04184187576 0.001678815344 1.579239488
v 0.04149679095 0.001751906471 1.579382539
v 0.04166937619 0.002037742874 1.579693913
v 0.04134500027 0.002151970053 1.579764605
v 0.04119104892 0.0019017749 1.579455853
v 0.04094206914 0.002081007697 1.579486728
v 0.04107648134 0.002289683791 1.579796553
v 0.04083174095 0.002402140759 1.579840183
v 0.04069941118 0.002282866044 1.57949543
v 0.04102792591 0.00241170614 1.58016932
v 0.04120627046 0.002400093479 1.580090404
v 0.04122073203 0.002457010094 1.580399871
v 0.04134526476 0.002478316892 1.580281734
v 0.04141785577 0.002612857381 1.580500126
v 0.04151162878 0.002629468217 1.580359936
v 0.04159834608 0.00285781431 1.580484629
v 0.04171442986 0.003171598306 1.580417156
v 0.04179040343 0.003159216372 1.580287337
v 0.04167637974 0.002857941203 1.580346107
v 0.04184988141 0.00353346183 1.580187798
v 0.04176384956 0.003543707775 1.580320001
v 0.04171849042 0.003909929655 1.580255985
v 0.04173129052 0.004047360737 1.580163121
v 0.04222242162 0.00360884401 1.579697847
v 0.04209409282 0.003330850042 1.579913378
v 0.04181827977 0.004247095436 1.579963684
v 0.04193203151 0.004454735201 1.579689622
v 0.04195579514 0.004549641162 1.579344273
v 0.04235460609 0.003776959144 1.579448104
v 0.04240464047 0.003919295035 1.579150081
v 0.04264129326 0.003469427815 1.578878403
v 0.04263102263 0.003264603205 1.579091668
v 0.04255149886 0.003691886785 1.578654647
v 0.04233997688 0.004041190259 1.578810334
v 0.04254116118 0.00335230818 1.578291178
v 0.0426886417 0.003075364511 1.578448653
v 0.04230388254 0.00358204497 1.578213573
v 0.04241275042 0.003817823483 1.578521252
v 0.04196783155 0.003741220338 1.578240275
v 0.04218329862 0.004004412331 1.578575611
v 0.04155608267 0.003867568448 1.57832706
v 0.04175990447 0.004247033969 1.578644514
v 0.04179809615 0.004562869668 1.578900337
v 0.0413710624 0.004419852048 1.578733087
v 0.04107608274 0.004370041657 1.578816533
v 0.04113442823 0.003942832816 1.578456998
v 0.04080405086 0.003918211907 1.578617573
v 0.04254897684 0.00307093747 1.579284668
v 0.04272245988 0.002803067677 1.578647733
v 0.04265981168 0.002548678778 1.578864574
v 0.04255108908 0.002355546225 1.579055309
v 0.04243114218 0.002863912145 1.579470038
v 0.04230974242 0.002679059282 1.579611778
v 0.04200037196 0.003035582136 1.580032587
v 0.04215283692 0.002496907022 1.579743385
v 0.04187301546 0.002775618341 1.580107689
v 0.04170868173 0.002561721951 1.580145359
v 0.04195351899 0.002341405489 1.579859138
v 0.04172776639 0.002272327431 1.579940319
v 0.04154897481 0.002428292995 1.580125809
v 0.04144940153 0.00232267892 1.580015898
v 0.04257145524 0.002109649591 1.578485966
v 0.04246718064 0.001927539939 1.578701377
v 0.04234451056 0.001628436381 1.578098536
v 0.0426177904 0.002372092335 1.578219533
v 0.04056208208 0.002034682548 1.579245687
v 0.04076906666 0.001803983003 1.579248428
v 0.04101212323 0.001600932563 1.579198003
v 0.04131444916 0.001433997881 1.579094768
v 0.04165653139 0.001334699569 1.578923702
v 0.03862970695 -0.002582039218 1.576507688
v 0.03813086823 -0.003505749628 1.577094913
v 0.03843896464 -0.003513329197 1.57723546
v 0.0368078053 -0.002199737355 1.578094482
v 0.03690382093 -0.002002691384 1.578402042
v 0.03703158349 -0.00185952941 1.578646541
v 0.03730739281 -0.001267864369 1.578154445
v 0.03743471205 -0.001212729141 1.578404069
v 0.03717916459 -0.001752714161 1.5788486
v 0.03701228648 -0.002179767005 1.579378486
v 0.03684571758 -0.002334383782 1.579225779
v 0.03673788533 -0.002665345091 1.579882383
v 0.03769863397 -0.0005782940425 1.577793002
v 0.03780004755 -0.0005799760111 1.578075647
v 0.03796661645 -0.0006342064589 1.578304529
v 0.0382771492 0.0001028990373 1.577911735
v 0.03841737658 -9.060837328e-06 1.578145146
v 0.03860840946 -0.0001738746651 1.578296423
v 0.03821155056 0.0001584421843 1.57762301
v 0.03876654804 0.0008937250823 1.577667713
v 0.03923719004 0.001620139461 1.577900171
v 0.03929078206 0.001698742155 1.577607036
v 0.03961480409 0.00227859593 1.578181863
v 0.03966750577 0.002396743279 1.577893257
v 0.03981469572 0.002453749301 1.577612638
v 0.03970289603 -0.001458457671 1.577516794
v 0.03868313879 -0.00343104871 1.577439785
v 0.03925264999 -0.002150645945 1.577711701
v 0.03888083249 -0.002777149901 1.578134775
v 0.03785451502 -0.004694472998 1.58037734
v 0.03754335269 -0.004850876518 1.580388546
v 0.03727792576 -0.002079223748 1.581525207
v 0.03746239841 -0.002154132351 1.581084371
v 0.03757050261 -0.001965993084 1.581407905
v 0.03787730634 -0.001969554462 1.581349015
v 0.03775449842 -0.002148083877 1.581063986
v 0.03802011907 -0.002247978933 1.581089497
v 0.03815007955 -0.002074225806 1.581374407
v 0.038220644 -0.002435739618 1.581172705
v 0.03835240379 -0.002249452285 1.581481338
v 0.03848598525 -0.002068117727 1.581708074
v 0.03848981857 -0.002471532673 1.581645131
v 0.03862670809 -0.002265754621 1.581870914
v 0.03875445202 -0.002079397906 1.582015753
v 0.03861852363 -0.001901066862 1.581869006
v 0.03859177604 -0.00272412179 1.581851482
v 0.03835737333 -0.002687678672 1.581299424
v 0.0384564288 -0.002985385712 1.581461549
v 0.03850346059 -0.003320272081 1.581672668
v 0.03864551708 -0.002997248899 1.582107782
v 0.03839505836 -0.003575246315 1.581027627
v 0.03834570572 -0.003203046974 1.580899596
v 0.03828388825 -0.003299019765 1.580227375
v 0.03824283928 -0.002874517348 1.580805182
v 0.03818172216 -0.002952753566 1.580203295
v 0.03810662404 -0.002594720107 1.580735564
v 0.0380497314 -0.002653768752 1.580186248
v 0.03787162155 -0.002419038676 1.580170035
v 0.0379161723 -0.002385356463 1.580686569
v 0.03766751289 -0.002271505538 1.580659628
v 0.0376409851 -0.002276337706 1.580148458
v 0.03769524395 -0.002129398752 1.57962954
v 0.03791258857 -0.002304266207 1.579632401
v 0.03805309907 -0.002038418315 1.579146385
v 0.03808785602 -0.002554746345 1.579610825
v 0.03847390413 -0.003582715057 1.581859708
v 0.03862652555 -0.00320349168 1.582336307
v 0.03856174275 -0.003338648472 1.582519174
v 0.03866743296 -0.002975249197 1.583031416
v 0.03847973049 -0.003010880668 1.583323121
v 0.03743718192 -0.003592035268 1.5833534
v 0.03689175099 -0.004066281021 1.582607985
v 0.03718989342 -0.003466415685 1.583353639
v 0.03926161304 -0.002080113627 1.582615137
v 0.03969984129 -0.001632184722 1.582988977
v 0.03980334103 -0.001332832966 1.583183169
v 0.03932203352 -0.001345996279 1.583706021
v 0.03976457939 -0.001068132464 1.583401561
v 0.04029874504 -0.001029094215 1.582740426
v 0.04025845975 -0.0007531251758 1.582928061
v 0.04078433663 -0.0006635054015 1.582189918
v 0.04072444886 -0.0003770296462 1.582299948
v 0.04047845677 -0.001264441758 1.582635522
v 0.04096608236 -0.0009040632285 1.582172871
v 0.04121167213 -0.001184734982 1.58215487
v 0.04078853503 -0.001497628633 1.58258605
v 0.04136277363 -0.001609195955 1.581978321
v 0.0410358794 -0.001835244708 1.58237946
v 0.04035304859 -0.001885390375 1.582785606
v 0.04067433998 -0.002142312936 1.582603812
v 0.04039001092 -0.002503631171 1.582631707
v 0.04006546736 -0.002310367301 1.582786798
v 0.04002245516 -0.001674708445 1.582813025
v 0.04020125046 -0.002867877018 1.582500577
v 0.0398513414 -0.002685931046 1.582648396
v 0.03968022391 -0.003074365202 1.582379937
v 0.04008895904 -0.003230674192 1.582219124
v 0.0400156565 -0.003554557916 1.581808448
v 0.0395931676 -0.003491402138 1.581950665
v 0.03917359933 -0.003288864158 1.581961393
v 0.03929559514 -0.002822232898 1.582350373
v 0.03895362467 -0.003039788455 1.581820607
v 0.03909693658 -0.00261951983 1.582154632
v 0.03881544247 -0.002722578589 1.581576347
v 0.03895908967 -0.00234193122 1.581848145
v 0.03888120875 -0.003403702285 1.581247807
v 0.03872926906 -0.003071848769 1.581094027
v 0.03889934346 -0.003569510765 1.580591917
v 0.0387330465 -0.003270193934 1.580534935
v 0.03913137317 -0.003659509122 1.581341863
v 0.03918200731 -0.003806086257 1.580649495
v 0.03956307843 -0.003791807219 1.581355572
v 0.03962167725 -0.003890496679 1.580706239
v 0.03973020241 -0.003786693327 1.580102444
v 0.03928180039 -0.003708386328 1.580022335
v 0.03939306736 -0.003425450996 1.579528332
v 0.03983502463 -0.003529555164 1.579603434
v 0.03897727653 -0.003490068018 1.58001101
v 0.03906534612 -0.003212842625 1.57956171
v 0.03915634751 -0.002828917 1.579203248
v 0.03950086236 -0.003038581926 1.579139233
v 0.0396428816 -0.00259569427 1.578827977
v 0.03994014114 -0.003174363635 1.579198122
v 0.04007358104 -0.002745917067 1.578881979
v 0.04023813084 -0.002270082943 1.578692079
v 0.04044542462 -0.002824633848 1.579007149
v 0.04058125988 -0.002361075487 1.578827262
v 0.04072496668 -0.001843450125 1.578773022
v 0.04071587324 -0.002390217502 1.578905821
v 0.0408484973 -0.001891665161 1.57886219
v 0.0410335809 -0.001422053669 1.578983068
v 0.04087294266 -0.001247318927 1.578843594
v 0.04116341472 -0.0007274779491 1.579293847
v 0.0409857817 -0.0005665645003 1.579129577
v 0.04119380563 -0.0001340312883 1.579868197
v 0.04103028402 6.948737428e-05 1.57971859
v 0.04113919288 0.0002244557254 1.580686808
v 0.04099519551 0.0004789063241 1.580578804
v 0.04098376632 0.0002259835601 1.581577539
v 0.04085347429 0.0005237532314 1.581546783
v 0.04066875577 -6.513250992e-05 1.582397699
v 0.04054207355 0.0002617076971 1.582436562
v 0.04018769041 -0.0004487233236 1.583082676
v 0.04104785249 -9.026424959e-05 1.581569314
v 0.04066416621 0.0006829695776 1.580446482
v 0.04122853279 -6.885780022e-05 1.580777168
v 0.04134523124 -0.0003776606172 1.580848217
v 0.04112973437 -0.00040090736 1.581547618
v 0.04153533652 -0.0007031825371 1.580916047
v 0.04131486267 -0.0006848061457 1.581574678
v 0.04150962457 -0.001019185875 1.581587434
v 0.04169052467 -0.001080088783 1.580962777
v 0.04162678495 -0.0009553558193 1.580281615
v 0.04173963889 -0.00128020579 1.580386281
v 0.04175428301 -0.00162708573 1.580393791
v 0.04172376543 -0.001531561371 1.580926538
v 0.04168249294 -0.002028045245 1.580807447
v 0.04170110822 -0.002028167713 1.580288172
v 0.04170563817 -0.001576235984 1.580033064
v 0.04165012762 -0.001946760342 1.579869866
v 0.0416549705 -0.00228649471 1.58022511
v 0.04160792753 -0.002181621734 1.579804301
v 0.04150925577 -0.002045490779 1.579512
v 0.04155382141 -0.001784930937 1.579602122
v 0.04135841876 -0.001921582501 1.579288244
v 0.04140687734 -0.001621746924 1.579389334
v 0.04119001329 -0.00187970791 1.579118133
v 0.04123156518 -0.001486402005 1.579188347
v 0.04146859422 -0.001119630877 1.579665542
v 0.04130962491 -0.0009111231193 1.579471946
v 0.04145980626 -0.0006446144544 1.580168009
v 0.04131449014 -0.0003746380098 1.580020547
v 0.04161188751 -0.00135774957 1.579835296
v 0.04094579443 -0.001933458261 1.578935742
v 0.04105374217 -0.002059461549 1.579024434
v 0.04114903137 -0.002126011997 1.579099059
v 0.0410506092 -0.002477345057 1.579090476
v 0.04094151035 -0.002449453808 1.579024792
v 0.04131003097 -0.002154076472 1.579249144
v 0.04122325033 -0.002523644362 1.579229593
v 0.0411221832 -0.002914929297 1.579305649
v 0.04093937576 -0.002902276348 1.579193234
v 0.04083419964 -0.003291221801 1.579420567
v 0.04103161767 -0.003270091955 1.57950294
v 0.0407547392 -0.003594066482 1.57978034
v 0.04097105563 -0.003546039574 1.579836845
v 0.04062118381 -0.003584661521 1.579764366
v 0.04071442038 -0.003280325327 1.579395771
v 0.04058995098 -0.003254354466 1.579380512
v 0.04049001262 -0.00355125498 1.579758048
v 0.04040249437 -0.003726248629 1.580227971
v 0.04054617882 -0.003759098239 1.580238819
v 0.04027229548 -0.003693236038 1.580222011
v 0.04036676884 -0.003516161349 1.579752922
v 0.04011460766 -0.003735902254 1.580192924
v 0.04021627083 -0.003530758433 1.579710126
v 0.04032164067 -0.003223949112 1.579311252
v 0.04047082737 -0.003227346577 1.579366803
v 0.04059043899 -0.002840625122 1.57907784
v 0.04070717841 -0.002863902599 1.579112172
v 0.04082627594 -0.002417649142 1.578963161
v 0.04082785174 -0.002886994742 1.579148769
v 0.04029044881 -0.003770906478 1.580681562
v 0.04002127051 -0.003830048256 1.580736995
v 0.04026421532 -0.003689310979 1.581216574
v 0.03997944668 -0.003772109747 1.581298828
v 0.04048489779 -0.003782306798 1.580739498
v 0.04045747593 -0.003663552459 1.581173658
v 0.04046788812 -0.003462878987 1.581509113
v 0.04029104486 -0.003491219599 1.581621289
v 0.04036549479 -0.003236211836 1.581950784
v 0.04053138196 -0.0032436857 1.581772566
v 0.04068285599 -0.003323777113 1.581680059
v 0.04063914716 -0.003503304441 1.581471205
v 0.04065804183 -0.003005718347 1.581980705
v 0.04082623124 -0.003128065728 1.581829429
v 0.04099678993 -0.002912760712 1.581906319
v 0.04083630443 -0.002769335173 1.582075477
v 0.04120836407 -0.003114214633 1.581607938
v 0.04103242606 -0.003316205461 1.581555963
v 0.04113042727 -0.003458750434 1.581204772
v 0.04132086411 -0.003237417433 1.581249833
v 0.04146178067 -0.002944786567 1.581329823
v 0.04133718461 -0.002874705009 1.581649303
v 0.04133994877 -0.003274790477 1.580862403
v 0.04149302468 -0.002960652113 1.580954194
v 0.04157088324 -0.002603895497 1.581079125
v 0.04149740934 -0.002603953704 1.581460595
v 0.04159895331 -0.002581149805 1.580641031
v 0.04149936885 -0.002930125687 1.580533624
v 0.04160639271 -0.002496395726 1.580177903
v 0.0415094234 -0.002821402624 1.580107689
v 0.04147949442 -0.002684397623 1.579740524
v 0.04156441987 -0.002374236938 1.57977283
v 0.04146394134 -0.002253885381 1.579474211
v 0.04138121009 -0.002587506082 1.579449296
v 0.04136434197 -0.002987603657 1.579715133
v 0.04128755257 -0.002918240149 1.579487205
v 0.04122225195 -0.003180227708 1.579633951
v 0.04118708521 -0.003385617398 1.579935074
v 0.04136762396 -0.003135216888 1.58003068
v 0.04115989432 -0.003511491697 1.580355644
v 0.04134832323 -0.003248025663 1.580437541
v 0.04114642739 -0.003527638037 1.580802441
v 0.04092863202 -0.00370028289 1.580290079
v 0.04090482369 -0.003715893719 1.580765009
v 0.04090343043 -0.003626822494 1.581168294
v 0.0406434834 -0.003679977264 1.581162572
v 0.04064872861 -0.003786680289 1.580747485
v 0.04084740207 -0.003473501652 1.581481695
v 0.04069227725 -0.003766115755 1.580252051
v 0.04164296761 -0.002342401072 1.58071661
v 0.04158547521 -0.002358117606 1.581172347
v 0.04159296304 -0.002030117903 1.581298709
v 0.0414693132 -0.002376551274 1.581560016
v 0.04143355787 -0.002088130452 1.58171761
v 0.04158939421 -0.001492935233 1.581483841
v 0.04119836167 -0.002214166801 1.582049131
v 0.04127591103 -0.002437763847 1.581854463
v 0.04134139419 -0.002616212238 1.581749439
v 0.04104975238 -0.00256994972 1.582024574
v 0.04116449133 -0.002714626957 1.581887364
v 0.04092786834 -0.002413218841 1.58225131
v 0.0406755358 -0.002665025648 1.582309604
v 0.0404844135 -0.002948699985 1.582200766
v 0.03884554654 -0.002543888055 1.579389691
v 0.03879438341 -0.002925195266 1.579729438
v 0.0386017859 -0.002592815552 1.580074549
v 0.03862543404 -0.002183222678 1.579730868
v 0.03857109323 -0.001768563874 1.580175519
v 0.03856318444 -0.002218008507 1.580518723
v 0.03864504397 -0.002959670499 1.580372214
v 0.038627211 -0.00267068157 1.580839276
v 0.03877352923 -0.003209915943 1.580091596
v 0.03963155672 3.815116361e-05 1.579614758
v 0.03960894421 -0.0004925155081 1.579103112
v 0.03959263489 -0.0009828503244 1.578800559
f 1 2339 784
f 1 788 2339
f 784 2337 2
f 784 2339 2337
f 2339 7 2337
f 2339 790 7
f 788 790 2339
f 788 6 790
f 1 2340 785
f 1 784 2340
f 785 1890 3
f 785 2340 1890
f 2340 105 1890
f 2340 1892 105
f 784 1892 2340
f 784 2 1892
f 1 2341 786
f 1 785 2341
f 786 1920 4
f 786 2341 1920
f 2341 608 1920
f 2341 1919 608
f 785 1919 2341
f 785 3 1919
f 1 2342 787
f 1 786 2342
f 5 2342 2338
f 5 787 2342
f 4 2342 786
f 4 2338 2342
f 1 2343 788
f 1 787 2343
f 6 2343 789
f 6 788 2343
f 5 2343 787
f 5 789 2343
f 5 2344 789
f 5 2335 2344
f 789 791 6
f 789 2344 791
f 2344 8 791
f 2344 795 8
f 2335 795 2344
f 2335 12 795
f 6 2345 790
f 6 791 2345
f 790 2336 7
f 790 2345 2336
f 2345 10 2336
f 2345 793 10
f 791 793 2345
f 791 8 793
f 9 2346 792
f 9 802 2346
f 792 796 8
f 792 2346 796
f 2346 13 796
f 2346 801 13
f 802 801 2346
f 802 17 801
f 9 2347 1940
f 9 792 2347
f 1940 1942 621
f 1940 2347 1942
f 2347 12 1942
f 2347 795 12
f 792 795 2347
f 792 8 795
f 123 2348 1882
f 123 1881 2348
f 1882 794 11
f 1882 2348 794
f 2348 8 794
f 2348 793 8
f 1881 793 2348
f 1881 10 793
f 13 2349 796
f 13 797 2349
f 8 2349 794
f 8 796 2349
f 11 2349 797
f 11 794 2349
f 13 800 798
f 798 800 2350
f 798 1034 14
f 798 2350 1034
f 2350 182 1034
f 2350 1036 182
f 800 1036 2350
f 800 16 1036
f 15 799 959
f 959 799 2351
f 959 2351 134
f 134 2351 958
f 2351 798 958
f 958 798 14
f 799 798 2351
f 799 13 798
f 16 2352 806
f 16 800 2352
f 806 804 19
f 806 2352 804
f 2352 17 804
f 2352 801 17
f 800 13 2352
f 2352 13 801
f 9 2353 802
f 9 1940 2353
f 802 803 17
f 802 2353 803
f 2353 18 803
f 2353 1941 18
f 1940 1941 2353
f 1940 621 1941
f 19 2354 807
f 19 804 2354
f 807 809 21
f 807 2354 809
f 2354 18 809
f 2354 803 18
f 804 803 2354
f 804 17 803
f 180 2355 1028
f 180 1029 2355
f 1028 805 20
f 1028 2355 805
f 2355 19 805
f 2355 806 19
f 1029 806 2355
f 1029 16 806
f 22 2356 808
f 22 2334 2356
f 808 807 21
f 808 2356 807
f 2356 19 807
f 2356 805 19
f 2334 805 2356
f 2334 20 805
f 22 2357 815
f 22 808 2357
f 815 813 26
f 815 2357 813
f 2357 23 813
f 2357 810 23
f 808 810 2357
f 808 21 810
f 24 2358 2333
f 24 811 2358
f 2333 809 18
f 2333 2358 809
f 2358 21 809
f 2358 810 21
f 811 810 2358
f 811 23 810
f 622 2359 2281
f 622 2282 2359
f 2281 811 24
f 2281 2359 811
f 2359 23 811
f 2359 812 23
f 2282 812 2359
f 2282 25 812
f 25 2360 812
f 25 2332 2360
f 812 813 23
f 812 2360 813
f 2360 26 813
f 2360 814 26
f 2332 814 2360
f 2332 27 814
f 27 2361 814
f 27 2330 2361
f 814 816 26
f 814 2361 816
f 2361 28 816
f 2361 818 28
f 2330 818 2361
f 2330 30 818
f 22 2362 2331
f 22 815 2362
f 2331 817 29
f 2331 2362 817
f 2362 28 817
f 2362 816 28
f 815 816 2362
f 815 26 816
f 32 2363 820
f 32 2329 2363
f 820 819 31
f 820 2363 819
f 2363 28 819
f 2363 817 28
f 2329 817 2363
f 2329 29 817
f 30 2364 818
f 30 2328 2364
f 818 819 28
f 818 2364 819
f 2364 31 819
f 2364 821 31
f 2328 821 2364
f 2328 33 821
f 32 2365 2327
f 32 820 2365
f 2327 823 35
f 2327 2365 823
f 2365 34 823
f 2365 822 34
f 820 822 2365
f 820 31 822
f 37 2366 828
f 37 825 2366
f 828 821 33
f 828 2366 821
f 2366 31 821
f 2366 822 31
f 825 822 2366
f 825 34 822
f 176 2367 1015
f 176 1016 2367
f 1015 824 36
f 1015 2367 824
f 2367 34 824
f 2367 823 34
f 1016 823 2367
f 1016 35 823
f 36 2368 2326
f 36 824 2368
f 2326 826 38
f 2326 2368 826
f 2368 37 826
f 2368 825 37
f 824 825 2368
f 824 34 825
f 37 2369 826
f 37 827 2369
f 826 2325 38
f 826 2369 2325
f 2369 41 2325
f 2369 830 41
f 827 830 2369
f 827 39 830
f 37 2370 827
f 37 828 2370
f 827 831 39
f 827 2370 831
f 2370 42 831
f 2370 832 42
f 828 832 2370
f 828 33 832
f 42 2371 831
f 42 834 2371
f 831 829 39
f 831 2371 829
f 2371 40 829
f 2371 835 40
f 834 835 2371
f 834 44 835
f 783 2372 2320
f 783 2321 2372
f 2320 829 40
f 2320 2372 829
f 2372 39 829
f 2372 830 39
f 2321 830 2372
f 2321 41 830
f 42 2373 833
f 42 832 2373
f 833 2324 43
f 833 2373 2324
f 2373 30 2324
f 2373 2328 30
f 832 2328 2373
f 832 33 2328
f 42 2374 834
f 42 833 2374
f 834 836 44
f 834 2374 836
f 2374 45 836
f 2374 2323 45
f 833 2323 2374
f 833 43 2323
f 46 2375 837
f 46 840 2375
f 837 835 44
f 837 2375 835
f 2375 40 835
f 2375 841 40
f 840 841 2375
f 840 49 841
f 45 2376 836
f 45 2322 2376
f 836 837 44
f 836 2376 837
f 2376 46 837
f 2376 838 46
f 2322 838 2376
f 2322 47 838
f 48 2377 1969
f 48 839 2377
f 1969 1967 639
f 1969 2377 1967
f 2377 47 1967
f 2377 838 47
f 839 838 2377
f 839 46 838
f 51 2378 846
f 51 843 2378
f 846 839 48
f 846 2378 839
f 2378 46 839
f 2378 840 46
f 843 840 2378
f 843 49 840
f 783 2379 2319
f 783 2320 2379
f 2319 842 50
f 2319 2379 842
f 2379 49 842
f 2379 841 49
f 2320 841 2379
f 2320 40 841
f 53 2380 845
f 53 849 2380
f 845 843 51
f 845 2380 843
f 2380 49 843
f 2380 842 49
f 849 842 2380
f 849 50 842
f 53 2381 848
f 53 845 2381
f 848 850 55
f 848 2381 850
f 2381 52 850
f 2381 844 52
f 845 844 2381
f 845 51 844
f 51 2382 844
f 51 846 2382
f 844 1974 52
f 844 2382 1974
f 2382 642 1974
f 2382 1975 642
f 846 1975 2382
f 846 48 1975
f 54 2383 855
f 54 847 2383
f 855 852 57
f 855 2383 852
f 2383 55 852
f 2383 848 55
f 847 848 2383
f 847 53 848
f 54 2384 847
f 54 2315 2384
f 847 849 53
f 847 2384 849
f 2384 50 849
f 2384 2314 50
f 2315 2314 2384
f 2315 782 2314
f 645 2385 1980
f 645 1981 2385
f 1980 850 52
f 1980 2385 850
f 2385 55 850
f 2385 851 55
f 1981 851 2385
f 1981 56 851
f 56 2386 851
f 56 2318 2386
f 851 852 55
f 851 2386 852
f 2386 57 852
f 2386 853 57
f 2318 853 2386
f 2318 58 853
f 58 2387 853
f 58 2317 2387
f 853 854 57
f 853 2387 854
f 2387 59 854
f 2387 856 59
f 2317 856 2387
f 2317 60 856
f 62 2388 858
f 62 859 2388
f 858 854 59
f 858 2388 854
f 2388 57 854
f 2388 855 57
f 859 855 2388
f 859 54 855
f 60 2389 856
f 60 2254 2389
f 856 857 59
f 856 2389 857
f 2389 61 857
f 2389 2255 61
f 2254 2255 2389
f 2254 656 2255
f 64 2390 862
f 64 861 2390
f 862 857 61
f 862 2390 857
f 2390 59 857
f 2390 858 59
f 861 858 2390
f 861 62 858
f 62 2391 859
f 62 860 2391
f 859 2315 54
f 859 2391 2315
f 2391 782 2315
f 2391 2312 782
f 860 2312 2391
f 860 63 2312
f 64 2392 861
f 64 863 2392
f 861 860 62
f 861 2392 860
f 2392 63 860
f 2392 2311 63
f 863 2311 2392
f 863 65 2311
f 66 2393 866
f 66 864 2393
f 866 2308 68
f 866 2393 2308
f 2393 61 2308
f 2393 862 61
f 864 862 2393
f 864 64 862
f 66 2394 864
f 66 865 2394
f 864 863 64
f 864 2394 863
f 2394 65 863
f 2394 2309 65
f 865 2309 2394
f 865 67 2309
f 69 2395 867
f 69 868 2395
f 867 865 66
f 867 2395 865
f 2395 67 865
f 2395 2307 67
f 868 2307 2395
f 868 70 2307
f 69 2396 870
f 69 867 2396
f 870 871 72
f 870 2396 871
f 2396 68 871
f 2396 866 68
f 867 866 2396
f 867 66 866
f 71 2397 869
f 71 1007 2397
f 869 868 69
f 869 2397 868
f 2397 70 868
f 2397 1006 70
f 1007 1006 2397
f 1007 171 1006
f 71 2398 875
f 71 869 2398
f 875 873 74
f 875 2398 873
f 2398 72 873
f 2398 870 72
f 869 870 2398
f 869 69 870
f 659 2399 2009
f 659 2010 2399
f 2009 871 68
f 2009 2399 871
f 2399 72 871
f 2399 872 72
f 2010 872 2399
f 2010 73 872
f 73 2400 872
f 73 2306 2400
f 872 873 72
f 872 2400 873
f 2400 74 873
f 2400 874 74
f 2306 874 2400
f 2306 75 874
f 75 2401 874
f 75 881 2401
f 874 876 74
f 874 2401 876
f 2401 76 876
f 2401 879 76
f 881 879 2401
f 881 79 879
f 78 2402 878
f 78 2305 2402
f 878 876 76
f 878 2402 876
f 2402 74 876
f 2402 875 74
f 2305 875 2402
f 2305 71 875
f 169 2403 1000
f 169 999 2403
f 1000 877 77
f 1000 2403 877
f 2403 76 877
f 2403 878 76
f 999 878 2403
f 999 78 878
f 79 2404 879
f 79 882 2404
f 879 877 76
f 879 2404 877
f 2404 77 877
f 2404 883 77
f 882 883 2404
f 882 81 883
f 79 2405 882
f 79 880 2405
f 882 885 81
f 882 2405 885
f 2405 83 885
f 2405 886 83
f 880 886 2405
f 880 80 886
f 75 2406 881
f 75 2005 2406
f 881 880 79
f 881 2406 880
f 2406 80 880
f 2406 2004 80
f 2005 2004 2406
f 2005 662 2004
f 81 2407 883
f 81 884 2407
f 883 1046 77
f 883 2407 1046
f 2407 184 1046
f 2407 1047 184
f 884 1047 2407
f 884 82 1047
f 81 2408 884
f 81 885 2408
f 884 890 82
f 884 2408 890
f 2408 85 890
f 2408 888 85
f 885 888 2408
f 885 83 888
f 591 2409 2295
f 591 2296 2409
f 2295 886 80
f 2295 2409 886
f 2409 83 886
f 2409 887 83
f 2296 887 2409
f 2296 84 887
f 84 2410 887
f 84 2304 2410
f 887 888 83
f 887 2410 888
f 2410 85 888
f 2410 889 85
f 2304 889 2410
f 2304 86 889
f 87 2411 892
f 87 891 2411
f 892 2303 88
f 892 2411 2303
f 2411 86 2303
f 2411 889 86
f 891 889 2411
f 891 85 889
f 82 2412 2302
f 82 890 2412
f 2302 893 89
f 2302 2412 893
f 2412 87 893
f 2412 891 87
f 890 891 2412
f 890 85 891
f 87 2413 894
f 87 892 2413
f 894 897 90
f 894 2413 897
f 2413 93 897
f 2413 898 93
f 892 898 2413
f 892 88 898
f 87 2414 893
f 87 894 2414
f 893 2301 89
f 893 2414 2301
f 2414 91 2301
f 2414 895 91
f 894 895 2414
f 894 90 895
f 92 2415 896
f 92 1863 2415
f 896 895 90
f 896 2415 895
f 2415 91 895
f 2415 1862 91
f 1863 1862 2415
f 1863 188 1862
f 93 2416 897
f 93 899 2416
f 897 896 90
f 897 2416 896
f 2416 92 896
f 2416 2300 92
f 899 2300 2416
f 899 94 2300
f 93 2417 900
f 93 898 2417
f 900 903 95
f 900 2417 903
f 2417 98 903
f 2417 905 98
f 898 905 2417
f 898 88 905
f 93 2418 899
f 93 900 2418
f 899 2299 94
f 899 2418 2299
f 2418 97 2299
f 2418 902 97
f 900 902 2418
f 900 95 902
f 97 2419 1844
f 97 902 2419
f 1844 1845 213
f 1844 2419 1845
f 2419 96 1845
f 2419 901 96
f 902 901 2419
f 902 95 901
f 100 2420 906
f 100 908 2420
f 906 903 98
f 906 2420 903
f 2420 95 903
f 2420 901 95
f 908 901 2420
f 908 96 901
f 99 2421 904
f 99 911 2421
f 904 906 98
f 904 2421 906
f 2421 100 906
f 2421 909 100
f 911 909 2421
f 911 102 909
f 99 2422 2298
f 99 904 2422
f 2298 2303 86
f 2298 2422 2303
f 2422 88 2303
f 2422 905 88
f 904 905 2422
f 904 98 905
f 100 2423 908
f 100 907 2423
f 908 1842 96
f 908 2423 1842
f 2423 586 1842
f 2423 1841 586
f 907 1841 2423
f 907 101 1841
f 100 2424 907
f 100 909 2424
f 907 914 101
f 907 2424 914
f 2424 104 914
f 2424 912 104
f 909 912 2424
f 909 102 912
f 104 2425 913
f 104 912 2425
f 913 1891 105
f 913 2425 1891
f 2425 103 1891
f 2425 910 103
f 912 910 2425
f 912 102 910
f 99 2426 911
f 99 1896 2426
f 911 910 102
f 911 2426 910
f 2426 103 910
f 2426 1894 103
f 1896 1894 2426
f 1896 589 1894
f 106 2427 918
f 106 915 2427
f 918 1892 2
f 918 2427 1892
f 2427 105 1892
f 2427 913 105
f 915 913 2427
f 915 104 913
f 106 2428 915
f 106 917 2428
f 915 914 104
f 915 2428 914
f 2428 101 914
f 2428 919 101
f 917 919 2428
f 917 108 919
f 106 2429 916
f 106 918 2429
f 916 1889 107
f 916 2429 1889
f 2429 7 1889
f 2429 2337 7
f 918 2337 2429
f 918 2 2337
f 110 2430 924
f 110 921 2430
f 924 916 107
f 924 2430 916
f 2430 106 916
f 2430 917 106
f 921 917 2430
f 921 108 917
f 586 2431 1843
f 586 1841 2431
f 1843 920 109
f 1843 2431 920
f 2431 108 920
f 2431 919 108
f 1841 919 2431
f 1841 101 919
f 110 2432 921
f 110 923 2432
f 921 920 108
f 921 2432 920
f 2432 109 920
f 2432 925 109
f 923 925 2432
f 923 112 925
f 111 2433 1883
f 111 922 2433
f 1883 1884 122
f 1883 2433 1884
f 2433 107 1884
f 2433 924 107
f 922 924 2433
f 922 110 924
f 111 2434 922
f 111 928 2434
f 922 923 110
f 922 2434 923
f 2434 112 923
f 2434 927 112
f 928 927 2434
f 928 114 927
f 585 2435 1838
f 585 1836 2435
f 1838 926 113
f 1838 2435 926
f 2435 112 926
f 2435 925 112
f 1836 925 2435
f 1836 109 925
f 112 2436 926
f 112 927 2436
f 926 1888 113
f 926 2436 1888
f 2436 115 1888
f 2436 929 115
f 927 929 2436
f 927 114 929
f 116 2437 933
f 116 930 2437
f 933 935 119
f 933 2437 935
f 2437 111 935
f 2437 928 111
f 930 928 2437
f 930 114 928
f 116 2438 930
f 116 931 2438
f 930 929 114
f 930 2438 929
f 2438 115 929
f 2438 1887 115
f 931 1887 2438
f 931 117 1887
f 565 2439 1769
f 565 1768 2439
f 1769 932 118
f 1769 2439 932
f 2439 116 932
f 2439 931 116
f 1768 931 2439
f 1768 117 931
f 116 2440 932
f 116 933 2440
f 932 1886 118
f 932 2440 1886
f 2440 120 1886
f 2440 934 120
f 933 934 2440
f 933 119 934
f 124 2441 939
f 124 940 2441
f 939 936 121
f 939 2441 936
f 2441 119 936
f 2441 934 119
f 940 934 2441
f 940 120 934
f 111 2442 935
f 111 1883 2442
f 935 936 119
f 935 2442 936
f 2442 121 936
f 2442 937 121
f 1883 937 2442
f 1883 122 937
f 122 2443 937
f 122 1885 2443
f 937 938 121
f 937 2443 938
f 2443 123 938
f 2443 1881 123
f 1885 1881 2443
f 1885 10 1881
f 123 2444 938
f 123 1880 2444
f 938 939 121
f 938 2444 939
f 2444 124 939
f 2444 941 124
f 1880 941 2444
f 1880 125 941
f 124 2445 940
f 124 942 2445
f 940 1879 120
f 940 2445 1879
f 2445 127 1879
f 2445 943 127
f 942 943 2445
f 942 126 943
f 124 2446 942
f 124 941 2446
f 942 945 126
f 942 2446 945
f 2446 129 945
f 2446 946 129
f 941 946 2446
f 941 125 946
f 127 2447 1876
f 127 943 2447
f 1876 1877 138
f 1876 2447 1877
f 2447 128 1877
f 2447 944 128
f 943 944 2447
f 943 126 944
f 130 2448 947
f 130 955 2448
f 947 945 129
f 947 2448 945
f 2448 126 945
f 2448 944 126
f 955 944 2448
f 955 128 944
f 131 2449 950
f 131 948 2449
f 950 952 133
f 950 2449 952
f 2449 125 952
f 2449 946 125
f 948 946 2449
f 948 129 946
f 130 2450 953
f 130 947 2450
f 953 949 132
f 953 2450 949
f 2450 131 949
f 2450 948 131
f 947 948 2450
f 947 129 948
f 123 2451 1880
f 123 1882 2451
f 1880 952 125
f 1880 2451 952
f 2451 133 952
f 2451 951 133
f 1882 11 2451
f 2451 11 951
f 130 2452 956
f 130 953 2452
f 956 959 134
f 956 2452 959
f 2452 15 959
f 2452 954 15
f 953 954 2452
f 953 132 954
f 135 2453 957
f 135 960 2453
f 957 956 134
f 957 2453 956
f 2453 130 956
f 2453 955 130
f 960 955 2453
f 960 128 955
f 135 2454 961
f 135 957 2454
f 961 1878 136
f 961 2454 1878
f 2454 14 1878
f 2454 958 14
f 957 958 2454
f 957 134 958
f 135 2455 960
f 135 962 2455
f 960 1877 128
f 960 2455 1877
f 2455 138 1877
f 2455 963 138
f 962 963 2455
f 962 137 963
f 139 2456 1875
f 139 964 2456
f 1875 961 136
f 1875 2456 961
f 2456 135 961
f 2456 962 135
f 964 962 2456
f 964 137 962
f 141 2457 966
f 141 1874 2457
f 966 965 140
f 966 2457 965
f 2457 137 965
f 2457 963 137
f 1874 963 2457
f 1874 138 963
f 139 2458 964
f 139 971 2458
f 964 965 137
f 964 2458 965
f 2458 140 965
f 2458 968 140
f 971 968 2458
f 971 143 968
f 141 2459 1759
f 141 966 2459
f 1759 1760 563
f 1759 2459 1760
f 2459 142 1760
f 2459 967 142
f 966 967 2459
f 966 140 967
f 142 2460 1873
f 142 967 2460
f 1873 969 144
f 1873 2460 969
f 2460 143 969
f 2460 968 143
f 967 968 2460
f 967 140 968
f 145 2461 970
f 145 973 2461
f 970 969 143
f 970 2461 969
f 2461 144 969
f 2461 1871 144
f 973 1871 2461
f 973 147 1871
f 145 2462 972
f 145 970 2462
f 972 1872 146
f 972 2462 1872
f 2462 139 1872
f 2462 971 139
f 970 971 2462
f 970 143 971
f 145 2463 974
f 145 972 2463
f 974 977 148
f 974 2463 977
f 2463 151 977
f 2463 978 151
f 972 978 2463
f 972 146 978
f 149 2464 975
f 149 1870 2464
f 975 974 148
f 975 2464 974
f 2464 145 974
f 2464 973 145
f 1870 973 2464
f 1870 147 973
f 149 2465 1188
f 149 975 2465
f 1188 1189 286
f 1188 2465 1189
f 2465 150 1189
f 2465 976 150
f 975 976 2465
f 975 148 976
f 153 2466 980
f 153 983 2466
f 980 977 151
f 980 2466 977
f 2466 148 977
f 2466 976 148
f 983 976 2466
f 983 150 976
f 152 2467 1039
f 152 979 2467
f 1039 1037 183
f 1039 2467 1037
f 2467 146 1037
f 2467 978 146
f 979 978 2467
f 979 151 978
f 152 2468 979
f 152 1869 2468
f 979 980 151
f 979 2468 980
f 2468 153 980
f 2468 981 153
f 1869 981 2468
f 1869 154 981
f 153 2469 982
f 153 981 2469
f 982 984 155
f 982 2469 984
f 2469 156 984
f 2469 1868 156
f 981 1868 2469
f 981 154 1868
f 153 2470 983
f 153 982 2470
f 983 1867 150
f 983 2470 1867
f 2470 157 1867
f 2470 985 157
f 982 985 2470
f 982 155 985
f 161 2471 992
f 161 989 2471
f 992 984 156
f 992 2471 984
f 2471 155 984
f 2471 986 155
f 989 986 2471
f 989 158 986
f 157 2472 1866
f 157 985 2472
f 1866 987 159
f 1866 2472 987
f 2472 158 987
f 2472 986 158
f 985 986 2472
f 985 155 986
f 160 2473 988
f 160 1861 2473
f 988 987 158
f 988 2473 987
f 2473 159 987
f 2473 1860 159
f 1861 1860 2473
f 1861 189 1860
f 160 2474 1865
f 160 988 2474
f 1865 990 162
f 1865 2474 990
f 2474 161 990
f 2474 989 161
f 988 989 2474
f 988 158 989
f 161 2475 990
f 161 991 2475
f 990 1044 162
f 990 2475 1044
f 2475 165 1044
f 2475 994 165
f 991 994 2475
f 991 163 994
f 161 2476 991
f 161 992 2476
f 991 993 163
f 991 2476 993
f 2476 164 993
f 2476 1864 164
f 992 1864 2476
f 992 156 1864
f 164 2477 993
f 164 1043 2477
f 993 995 163
f 993 2477 995
f 2477 166 995
f 2477 996 166
f 1043 996 2477
f 1043 167 996
f 169 2478 998
f 169 1001 2478
f 998 995 166
f 998 2478 995
f 2478 163 995
f 2478 994 163
f 1001 994 2478
f 1001 165 994
f 170 2479 1042
f 170 1002 2479
f 1042 996 167
f 1042 2479 996
f 2479 166 996
f 2479 997 166
f 1002 997 2479
f 1002 168 997
f 169 2480 999
f 169 998 2480
f 999 1004 78
f 999 2480 1004
f 2480 168 1004
f 2480 997 168
f 998 997 2480
f 998 166 997
f 184 2481 1046
f 184 1045 2481
f 1046 1000 77
f 1046 2481 1000
f 2481 169 1000
f 2481 1001 169
f 1045 1001 2481
f 1045 165 1001
f 170 2482 1002
f 170 1009 2482
f 1002 1003 168
f 1002 2482 1003
f 2482 171 1003
f 2482 1005 171
f 1009 1005 2482
f 1009 172 1005
f 78 2483 2305
f 78 1004 2483
f 2305 1007 71
f 2305 2483 1007
f 2483 171 1007
f 2483 1003 171
f 1004 1003 2483
f 1004 168 1003
f 172 2484 1005
f 172 1010 2484
f 1005 1006 171
f 1005 2484 1006
f 2484 70 1006
f 2484 1012 70
f 1010 1012 2484
f 1010 174 1012
f 172 2485 1010
f 172 1008 2485
f 1010 1011 174
f 1010 2485 1011
f 2485 175 1011
f 2485 1019 175
f 1008 1019 2485
f 1008 173 1019
f 170 2486 1009
f 170 1024 2486
f 1009 1008 172
f 1009 2486 1008
f 2486 173 1008
f 2486 1021 173
f 1024 1021 2486
f 1024 177 1021
f 174 2487 1013
f 174 1011 2487
f 1013 1016 176
f 1013 2487 1016
f 2487 35 1016
f 2487 1017 35
f 1011 1017 2487
f 1011 175 1017
f 174 2488 1012
f 174 1013 2488
f 1012 2307 70
f 1012 2488 2307
f 2488 67 2307
f 2488 1014 67
f 1013 1014 2488
f 1013 176 1014
f 176 2489 1014
f 176 1015 2489
f 1014 2309 67
f 1014 2489 2309
f 2489 65 2309
f 2489 2310 65
f 1015 2310 2489
f 1015 36 2310
f 32 2490 2329
f 32 2327 2490
f 2329 1018 29
f 2329 2490 1018
f 2490 175 1018
f 2490 1017 175
f 2327 1017 2490
f 2327 35 1017
f 22 2491 1020
f 22 2331 2491
f 1020 1019 173
f 1020 2491 1019
f 2491 175 1019
f 2491 1018 175
f 2331 1018 2491
f 2331 29 1018
f 22 2492 2334
f 22 1020 2492
f 2334 1022 20
f 2334 2492 1022
f 2492 177 1022
f 2492 1021 177
f 1020 1021 2492
f 1020 173 1021
f 178 2493 1023
f 178 1027 2493
f 1023 1022 177
f 1023 2493 1022
f 2493 20 1022
f 2493 1028 20
f 1027 1028 2493
f 1027 180 1028
f 178 2494 1025
f 178 1023 2494
f 1025 1042 167
f 1025 2494 1042
f 2494 170 1042
f 2494 1024 170
f 1023 1024 2494
f 1023 177 1024
f 164 2495 1043
f 164 1041 2495
f 1043 1025 167
f 1043 2495 1025
f 2495 178 1025
f 2495 1026 178
f 1041 1026 2495
f 1041 179 1026
f 178 2496 1027
f 178 1026 2496
f 1027 1030 180
f 1027 2496 1030
f 2496 181 1030
f 2496 1032 181
f 1026 1032 2496
f 1026 179 1032
f 182 2497 1033
f 182 1036 2497
f 1033 1030 181
f 1033 2497 1030
f 2497 180 1030
f 2497 1029 180
f 1036 1029 2497
f 1036 16 1029
f 152 2498 1869
f 152 1031 2498
f 1869 1040 154
f 1869 2498 1040
f 2498 179 1040
f 2498 1032 179
f 1031 1032 2498
f 1031 181 1032
f 182 2499 1035
f 182 1033 2499
f 1035 1039 183
f 1035 2499 1039
f 2499 152 1039
f 2499 1031 152
f 1033 1031 2499
f 1033 181 1031
f 182 2500 1034
f 182 1035 2500
f 1034 1878 14
f 1034 2500 1878
f 2500 136 1878
f 2500 1038 136
f 1035 1038 2500
f 1035 183 1038
f 139 2501 1872
f 139 1875 2501
f 1872 1037 146
f 1872 2501 1037
f 2501 183 1037
f 2501 1038 183
f 1875 1038 2501
f 1875 136 1038
f 164 2502 1041
f 164 1864 2502
f 1041 1040 179
f 1041 2502 1040
f 2502 154 1040
f 2502 1868 154
f 1864 1868 2502
f 1864 156 1868
f 185 2503 1048
f 185 1049 2503
f 1048 1045 184
f 1048 2503 1045
f 2503 165 1045
f 2503 1044 165
f 1049 1044 2503
f 1049 162 1044
f 82 2504 1047
f 82 2302 2504
f 1047 1048 184
f 1047 2504 1048
f 2504 185 1048
f 2504 1050 185
f 2302 1050 2504
f 2302 89 1050
f 160 2505 1054
f 160 1865 2505
f 1054 1051 186
f 1054 2505 1051
f 2505 185 1051
f 2505 1049 185
f 1865 1049 2505
f 1865 162 1049
f 91 2506 2301
f 91 1053 2506
f 2301 1050 89
f 2301 2506 1050
f 2506 185 1050
f 2506 1051 185
f 1053 1051 2506
f 1053 186 1051
f 187 2507 1052
f 187 1056 2507
f 1052 1054 186
f 1052 2507 1054
f 2507 160 1054
f 2507 1861 160
f 1056 1861 2507
f 1056 189 1861
f 91 2508 1053
f 91 1862 2508
f 1053 1052 186
f 1053 2508 1052
f 2508 187 1052
f 2508 1055 187
f 1862 1055 2508
f 1862 188 1055
f 190 2509 1059
f 190 1057 2509
f 1059 1858 192
f 1059 2509 1858
f 2509 188 1858
f 2509 1055 188
f 1057 1055 2509
f 1057 187 1055
f 190 2510 1057
f 190 1058 2510
f 1057 1056 187
f 1057 2510 1056
f 2510 189 1056
f 2510 1859 189
f 1058 1859 2510
f 1058 191 1859
f 195 2511 1062
f 195 1856 2511
f 1062 1060 193
f 1062 2511 1060
f 2511 190 1060
f 2511 1058 190
f 1856 1058 2511
f 1856 191 1058
f 194 2512 1857
f 194 1061 2512
f 1857 1059 192
f 1857 2512 1059
f 2512 190 1059
f 2512 1060 190
f 1061 1060 2512
f 1061 193 1060
f 194 2513 1061
f 194 1069 2513
f 1061 1063 193
f 1061 2513 1063
f 2513 196 1063
f 2513 1066 196
f 1069 1066 2513
f 1069 199 1066
f 195 2514 1855
f 195 1062 2514
f 1855 1065 198
f 1855 2514 1065
f 2514 196 1065
f 2514 1063 196
f 1062 1063 2514
f 1062 193 1063
f 197 2515 1064
f 197 1742 2515
f 1064 1065 196
f 1064 2515 1065
f 2515 198 1065
f 2515 1741 198
f 1742 1741 2515
f 1742 292 1741
f 197 2516 1854
f 197 1064 2516
f 1854 1067 200
f 1854 2516 1067
f 2516 199 1067
f 2516 1066 199
f 1064 1066 2516
f 1064 196 1066
f 201 2517 1068
f 201 1071 2517
f 1068 1067 199
f 1068 2517 1067
f 2517 200 1067
f 2517 1852 200
f 1071 1852 2517
f 1071 203 1852
f 201 2518 1070
f 201 1068 2518
f 1070 1853 202
f 1070 2518 1853
f 2518 194 1853
f 2518 1069 194
f 1068 1069 2518
f 1068 199 1069
f 204 2519 1075
f 204 1072 2519
f 1075 1076 207
f 1075 2519 1076
f 2519 202 1076
f 2519 1070 202
f 1072 1070 2519
f 1072 201 1070
f 204 2520 1072
f 204 1073 2520
f 1072 1071 201
f 1072 2520 1071
f 2520 203 1071
f 2520 1851 203
f 1073 1851 2520
f 1073 205 1851
f 206 2521 1074
f 206 1732 2521
f 1074 1073 204
f 1074 2521 1073
f 2521 205 1073
f 2521 1731 205
f 1732 1731 2521
f 1732 308 1731
f 206 2522 1080
f 206 1074 2522
f 1080 1078 209
f 1080 2522 1078
f 2522 207 1078
f 2522 1075 207
f 1074 1075 2522
f 1074 204 1075
f 208 2523 1847
f 208 1077 2523
f 1847 1848 587
f 1847 2523 1848
f 2523 202 1848
f 2523 1076 202
f 1077 1076 2523
f 1077 207 1076
f 211 2524 1083
f 211 1081 2524
f 1083 1077 208
f 1083 2524 1077
f 2524 207 1077
f 2524 1078 207
f 1081 1078 2524
f 1081 209 1078
f 212 2525 1084
f 212 1086 2525
f 1084 1081 211
f 1084 2525 1081
f 2525 209 1081
f 2525 1079 209
f 1086 1079 2525
f 1086 210 1079
f 554 2526 1727
f 554 1728 2526
f 1727 1079 210
f 1727 2526 1079
f 2526 209 1079
f 2526 1080 209
f 1728 1080 2526
f 1728 206 1080
f 97 2527 1082
f 97 1844 2527
f 1082 1084 211
f 1082 2527 1084
f 2527 212 1084
f 2527 1085 212
f 1844 1085 2527
f 1844 213 1085
f 97 2528 2299
f 97 1082 2528
f 2299 1846 94
f 2299 2528 1846
f 2528 208 1846
f 2528 1083 208
f 1082 1083 2528
f 1082 211 1083
f 212 2529 1087
f 212 1085 2529
f 1087 1088 214
f 1087 2529 1088
f 2529 215 1088
f 2529 1839 215
f 1085 1839 2529
f 1085 213 1839
f 212 2530 1086
f 212 1087 2530
f 1086 1092 210
f 1086 2530 1092
f 2530 217 1092
f 2530 1090 217
f 1087 1090 2530
f 1087 214 1090
f 585 2531 1837
f 585 1835 2531
f 1837 1088 215
f 1837 2531 1088
f 2531 214 1088
f 2531 1089 214
f 1835 1089 2531
f 1835 216 1089
f 217 2532 1093
f 217 1090 2532
f 1093 1095 219
f 1093 2532 1095
f 2532 216 1095
f 2532 1089 216
f 1090 1089 2532
f 1090 214 1089
f 218 2533 1091
f 218 1726 2533
f 1091 1092 217
f 1091 2533 1092
f 2533 210 1092
f 2533 1727 210
f 1726 1727 2533
f 1726 554 1727
f 218 2534 1099
f 218 1091 2534
f 1099 1096 221
f 1099 2534 1096
f 2534 219 1096
f 2534 1093 219
f 1091 1093 2534
f 1091 217 1093
f 221 2535 1098
f 221 1096 2535
f 1098 1101 223
f 1098 2535 1101
f 2535 220 1101
f 2535 1094 220
f 1096 1094 2535
f 1096 219 1094
f 584 2536 1816
f 584 1814 2536
f 1816 1095 216
f 1816 2536 1095
f 2536 219 1095
f 2536 1094 219
f 1814 1094 2536
f 1814 220 1094
f 222 2537 1097
f 222 1721 2537
f 1097 1099 221
f 1097 2537 1099
f 2537 218 1099
f 2537 1722 218
f 1721 1722 2537
f 1721 314 1722
f 222 2538 1103
f 222 1097 2538
f 1103 1102 225
f 1103 2538 1102
f 2538 223 1102
f 2538 1098 223
f 1097 1098 2538
f 1097 221 1098
f 220 2539 1101
f 220 1811 2539
f 1101 1100 223
f 1101 2539 1100
f 2539 224 1100
f 2539 1809 224
f 1811 1809 2539
f 1811 572 1809
f 223 2540 1102
f 223 1100 2540
f 1102 1105 225
f 1102 2540 1105
f 2540 227 1105
f 2540 1108 227
f 1100 1108 2540
f 1100 224 1108
f 316 2541 1234
f 316 1233 2541
f 1234 1104 226
f 1234 2541 1104
f 2541 225 1104
f 2541 1103 225
f 1233 1103 2541
f 1233 222 1103
f 225 2542 1104
f 225 1105 2542
f 1104 1111 226
f 1104 2542 1111
f 2542 229 1111
f 2542 1107 229
f 1105 1107 2542
f 1105 227 1107
f 227 2543 1106
f 227 1108 2543
f 1106 1781 228
f 1106 2543 1781
f 2543 573 1781
f 2543 1779 573
f 1108 1779 2543
f 1108 224 1779
f 231 2544 1112
f 231 1110 2544
f 1112 1106 228
f 1112 2544 1106
f 2544 227 1106
f 2544 1107 227
f 1110 1107 2544
f 1110 229 1107
f 226 2545 1240
f 226 1111 2545
f 1240 1238 319
f 1240 2545 1238
f 2545 230 1238
f 2545 1109 230
f 1111 1109 2545
f 1111 229 1109
f 230 2546 1834
f 230 1109 2546
f 1834 1113 232
f 1834 2546 1113
f 2546 231 1113
f 2546 1110 231
f 1109 1110 2546
f 1109 229 1110
f 231 2547 1114
f 231 1112 2547
f 1114 1115 233
f 1114 2547 1115
f 2547 234 1115
f 2547 1833 234
f 1112 1833 2547
f 1112 228 1833
f 231 2548 1113
f 231 1114 2548
f 1113 1120 232
f 1113 2548 1120
f 2548 236 1120
f 2548 1117 236
f 1114 1117 2548
f 1114 233 1117
f 577 2549 1804
f 577 1805 2549
f 1804 1115 234
f 1804 2549 1115
f 2549 233 1115
f 2549 1116 233
f 1805 1116 2549
f 1805 235 1116
f 236 2550 1119
f 236 1117 2550
f 1119 1123 238
f 1119 2550 1123
f 2550 235 1123
f 2550 1116 235
f 1117 1116 2550
f 1117 233 1116
f 236 2551 1118
f 236 1119 2551
f 1118 1126 237
f 1118 2551 1126
f 2551 240 1126
f 2551 1122 240
f 1119 1122 2551
f 1119 238 1122
f 236 2552 1120
f 236 1118 2552
f 1120 1719 232
f 1120 2552 1719
f 2552 553 1719
f 2552 1717 553
f 1118 1717 2552
f 1118 237 1717
f 240 2553 1124
f 240 1122 2553
f 1124 1832 241
f 1124 2553 1832
f 2553 239 1832
f 2553 1121 239
f 1122 1121 2553
f 1122 238 1121
f 583 2554 1801
f 583 1802 2554
f 1801 1123 235
f 1801 2554 1123
f 2554 238 1123
f 2554 1121 238
f 1802 1121 2554
f 1802 239 1121
f 242 2555 1128
f 242 1125 2555
f 1128 1831 244
f 1128 2555 1831
f 2555 241 1831
f 2555 1124 241
f 1125 1124 2555
f 1125 240 1124
f 242 2556 1125
f 242 1129 2556
f 1125 1126 240
f 1125 2556 1126
f 2556 237 1126
f 2556 1130 237
f 1129 1130 2556
f 1129 245 1130
f 242 2557 1129
f 242 1127 2557
f 1129 1132 245
f 1129 2557 1132
f 2557 247 1132
f 2557 1133 247
f 1127 1133 2557
f 1127 243 1133
f 257 2558 1147
f 257 1145 2558
f 1147 1128 244
f 1147 2558 1128
f 2558 242 1128
f 2558 1127 242
f 1145 1127 2558
f 1145 243 1127
f 245 2559 1130
f 245 1131 2559
f 1130 1717 237
f 1130 2559 1717
f 2559 553 1717
f 2559 1718 553
f 1131 1718 2559
f 1131 246 1718
f 245 2560 1131
f 245 1132 2560
f 1131 1830 246
f 1131 2560 1830
f 2560 248 1830
f 2560 1134 248
f 1132 1134 2560
f 1132 247 1134
f 249 2561 1138
f 249 1135 2561
f 1138 1139 252
f 1138 2561 1139
f 2561 243 1139
f 2561 1133 243
f 1135 1133 2561
f 1135 247 1133
f 249 2562 1135
f 249 1136 2562
f 1135 1134 247
f 1135 2562 1134
f 2562 248 1134
f 2562 1829 248
f 1136 1829 2562
f 1136 250 1829
f 348 2563 1279
f 348 1278 2563
f 1279 1137 251
f 1279 2563 1137
f 2563 249 1137
f 2563 1136 249
f 1278 1136 2563
f 1278 250 1136
f 249 2564 1137
f 249 1138 2564
f 1137 1828 251
f 1137 2564 1828
f 2564 253 1828
f 2564 1140 253
f 1138 1140 2564
f 1138 252 1140
f 257 2565 1145
f 257 1144 2565
f 1145 1139 243
f 1145 2565 1139
f 2565 252 1139
f 2565 1141 252
f 1144 1141 2565
f 1144 254 1141
f 253 2566 1827
f 253 1140 2566
f 1827 1142 255
f 1827 2566 1142
f 2566 254 1142
f 2566 1141 254
f 1140 1141 2566
f 1140 252 1141
f 256 2567 1143
f 256 1297 2567
f 1143 1142 254
f 1143 2567 1142
f 2567 255 1142
f 2567 1295 255
f 1297 1295 2567
f 1297 360 1295
f 256 2568 1149
f 256 1143 2568
f 1149 1146 258
f 1149 2568 1146
f 2568 257 1146
f 2568 1144 257
f 1143 1144 2568
f 1143 254 1144
f 257 2569 1146
f 257 1147 2569
f 1146 1150 258
f 1146 2569 1150
f 2569 260 1150
f 2569 1152 260
f 1147 1152 2569
f 1147 244 1152
f 258 2570 1148
f 258 1150 2570
f 1148 1826 259
f 1148 2570 1826
f 2570 261 1826
f 2570 1151 261
f 1150 1151 2570
f 1150 260 1151
f 256 2571 1301
f 256 1149 2571
f 1301 1302 363
f 1301 2571 1302
f 2571 259 1302
f 2571 1148 259
f 1149 1148 2571
f 1149 258 1148
f 264 2572 1156
f 264 1158 2572
f 1156 1153 262
f 1156 2572 1153
f 2572 260 1153
f 2572 1151 260
f 1158 1151 2572
f 1158 261 1151
f 244 2573 1152
f 244 1831 2573
f 1152 1153 260
f 1152 2573 1153
f 2573 262 1153
f 2573 1155 262
f 1831 1155 2573
f 1831 241 1155
f 263 2574 1154
f 263 1160 2574
f 1154 1156 262
f 1154 2574 1156
f 2574 264 1156
f 2574 1159 264
f 1160 1159 2574
f 1160 266 1159
f 263 2575 1825
f 263 1154 2575
f 1825 1832 239
f 1825 2575 1832
f 2575 241 1832
f 2575 1155 241
f 1154 1155 2575
f 1154 262 1155
f 264 2576 1158
f 264 1157 2576
f 1158 1654 261
f 1158 2576 1654
f 2576 548 1654
f 2576 1653 548
f 1157 1653 2576
f 1157 265 1653
f 264 2577 1157
f 264 1159 2577
f 1157 1163 265
f 1157 2577 1163
f 2577 268 1163
f 2577 1162 268
f 1159 1162 2577
f 1159 266 1162
f 263 2578 1160
f 263 1797 2578
f 1160 1161 266
f 1160 2578 1161
f 2578 267 1161
f 2578 1798 267
f 1797 1798 2578
f 1797 582 1798
f 270 2579 1168
f 270 1165 2579
f 1168 1161 267
f 1168 2579 1161
f 2579 266 1161
f 2579 1162 266
f 1165 1162 2579
f 1165 268 1162
f 269 2580 1164
f 269 1649 2580
f 1164 1163 268
f 1164 2580 1163
f 2580 265 1163
f 2580 1647 265
f 1649 1647 2580
f 1649 546 1647
f 269 2581 1824
f 269 1164 2581
f 1824 1166 271
f 1824 2581 1166
f 2581 270 1166
f 2581 1165 270
f 1164 1165 2581
f 1164 268 1165
f 270 2582 1166
f 270 1167 2582
f 1166 1823 271
f 1166 2582 1823
f 2582 273 1823
f 2582 1169 273
f 1167 1169 2582
f 1167 272 1169
f 270 2583 1167
f 270 1168 2583
f 1167 1170 272
f 1167 2583 1170
f 2583 274 1170
f 2583 1822 274
f 1168 1822 2583
f 1168 267 1822
f 278 2584 1174
f 278 1176 2584
f 1174 1171 275
f 1174 2584 1171
f 2584 272 1171
f 2584 1169 272
f 1176 1169 2584
f 1176 273 1169
f 274 2585 1170
f 274 1821 2585
f 1170 1171 272
f 1170 2585 1171
f 2585 275 1171
f 2585 1172 275
f 1821 1172 2585
f 1821 276 1172
f 277 2586 1820
f 277 1173 2586
f 1820 1819 557
f 1820 2586 1819
f 2586 276 1819
f 2586 1172 276
f 1173 1172 2586
f 1173 275 1172
f 277 2587 1173
f 277 1178 2587
f 1173 1174 275
f 1173 2587 1174
f 2587 278 1174
f 2587 1177 278
f 1178 1177 2587
f 1178 280 1177
f 278 2588 1176
f 278 1175 2588
f 1176 1643 273
f 1176 2588 1643
f 2588 544 1643
f 2588 1641 544
f 1175 1641 2588
f 1175 279 1641
f 278 2589 1175
f 278 1177 2589
f 1175 1183 279
f 1175 2589 1183
f 2589 282 1183
f 2589 1180 282
f 1177 1180 2589
f 1177 280 1180
f 277 2590 1178
f 277 1748 2590
f 1178 1179 280
f 1178 2590 1179
f 2590 281 1179
f 2590 1744 281
f 1748 1744 2590
f 1748 555 1744
f 284 2591 1186
f 284 1182 2591
f 1186 1179 281
f 1186 2591 1179
f 2591 280 1179
f 2591 1180 280
f 1182 1180 2591
f 1182 282 1180
f 283 2592 1181
f 283 1740 2592
f 1181 1183 282
f 1181 2592 1183
f 2592 279 1183
f 2592 1739 279
f 1740 1739 2592
f 1740 293 1739
f 283 2593 1743
f 283 1181 2593
f 1743 1184 285
f 1743 2593 1184
f 2593 284 1184
f 2593 1182 284
f 1181 1182 2593
f 1181 282 1182
f 284 2594 1184
f 284 1185 2594
f 1184 1190 285
f 1184 2594 1190
f 2594 287 1190
f 2594 1187 287
f 1185 1187 2594
f 1185 286 1187
f 284 2595 1185
f 284 1186 2595
f 1185 1188 286
f 1185 2595 1188
f 2595 149 1188
f 2595 1745 149
f 1186 1745 2595
f 1186 281 1745
f 157 2596 1867
f 157 1191 2596
f 1867 1189 150
f 1867 2596 1189
f 2596 286 1189
f 2596 1187 286
f 1191 1187 2596
f 1191 287 1187
f 288 2597 1192
f 288 1193 2597
f 1192 1190 287
f 1192 2597 1190
f 2597 285 1190
f 2597 1196 285
f 1193 1196 2597
f 1193 289 1196
f 157 2598 1191
f 157 1866 2598
f 1191 1192 287
f 1191 2598 1192
f 2598 288 1192
f 2598 1194 288
f 1866 1194 2598
f 1866 159 1194
f 288 2599 1193
f 288 1195 2599
f 1193 1197 289
f 1193 2599 1197
f 2599 195 1197
f 2599 1856 195
f 1195 1856 2599
f 1195 191 1856
f 288 2600 1195
f 288 1194 2600
f 1195 1859 191
f 1195 2600 1859
f 2600 189 1859
f 2600 1860 189
f 1194 1860 2600
f 1194 159 1860
f 283 2601 1201
f 283 1743 2601
f 1201 1198 290
f 1201 2601 1198
f 2601 289 1198
f 2601 1196 289
f 1743 1196 2601
f 1743 285 1196
f 195 2602 1197
f 195 1855 2602
f 1197 1198 289
f 1197 2602 1198
f 2602 290 1198
f 2602 1200 290
f 1855 1200 2602
f 1855 198 1200
f 291 2603 1199
f 291 1203 2603
f 1199 1201 290
f 1199 2603 1201
f 2603 283 1201
f 2603 1740 283
f 1203 1740 2603
f 1203 293 1740
f 291 2604 1202
f 291 1199 2604
f 1202 1741 292
f 1202 2604 1741
f 2604 198 1741
f 2604 1200 198
f 1199 1200 2604
f 1199 290 1200
f 297 2605 1209
f 297 1207 2605
f 1209 1202 292
f 1209 2605 1202
f 2605 291 1202
f 2605 1204 291
f 1207 1204 2605
f 1207 294 1204
f 291 2606 1203
f 291 1204 2606
f 1203 1738 293
f 1203 2606 1738
f 2606 295 1738
f 2606 1205 295
f 1204 1205 2606
f 1204 294 1205
f 540 2607 1662
f 540 1661 2607
f 1662 1206 296
f 1662 2607 1206
f 2607 294 1206
f 2607 1205 294
f 1661 1205 2607
f 1661 295 1205
f 297 2608 1207
f 297 1208 2608
f 1207 1206 294
f 1207 2608 1206
f 2608 296 1206
f 2608 1737 296
f 1208 1737 2608
f 1208 298 1737
f 300 2609 1211
f 300 1736 2609
f 1211 1210 299
f 1211 2609 1210
f 2609 297 1210
f 2609 1208 297
f 1736 1208 2609
f 1736 298 1208
f 297 2610 1210
f 297 1209 2610
f 1210 1213 299
f 1210 2610 1213
f 2610 197 1213
f 2610 1742 197
f 1209 1742 2610
f 1209 292 1742
f 301 2611 1212
f 301 1215 2611
f 1212 1211 299
f 1212 2611 1211
f 2611 300 1211
f 2611 1735 300
f 1215 1735 2611
f 1215 302 1735
f 197 2612 1213
f 197 1854 2612
f 1213 1212 299
f 1213 2612 1212
f 2612 301 1212
f 2612 1214 301
f 1854 1214 2612
f 1854 200 1214
f 301 2613 1216
f 301 1214 2613
f 1216 1217 303
f 1216 2613 1217
f 2613 203 1217
f 2613 1852 203
f 1214 1852 2613
f 1214 200 1852
f 301 2614 1215
f 301 1216 2614
f 1215 1734 302
f 1215 2614 1734
f 2614 304 1734
f 2614 1218 304
f 1216 1218 2614
f 1216 303 1218
f 305 2615 1221
f 305 1219 2615
f 1221 1851 205
f 1221 2615 1851
f 2615 203 1851
f 2615 1217 203
f 1219 1217 2615
f 1219 303 1217
f 304 2616 1733
f 304 1218 2616
f 1733 1220 306
f 1733 2616 1220
f 2616 305 1220
f 2616 1219 305
f 1218 1219 2616
f 1218 303 1219
f 305 2617 1220
f 305 1222 2617
f 1220 1730 306
f 1220 2617 1730
f 2617 309 1730
f 2617 1224 309
f 1222 1224 2617
f 1222 307 1224
f 305 2618 1222
f 305 1221 2618
f 1222 1223 307
f 1222 2618 1223
f 2618 308 1223
f 2618 1731 308
f 1221 1731 2618
f 1221 205 1731
f 310 2619 1227
f 310 1225 2619
f 1227 1724 312
f 1227 2619 1724
f 2619 308 1724
f 2619 1223 308
f 1225 1223 2619
f 1225 307 1223
f 309 2620 1729
f 309 1224 2620
f 1729 1226 311
f 1729 2620 1226
f 2620 310 1226
f 2620 1225 310
f 1224 1225 2620
f 1224 307 1225
f 310 2621 1226
f 310 1228 2621
f 1226 1720 311
f 1226 2621 1720
f 2621 315 1720
f 2621 1230 315
f 1228 1230 2621
f 1228 313 1230
f 310 2622 1228
f 310 1227 2622
f 1228 1229 313
f 1228 2622 1229
f 2622 314 1229
f 2622 1723 314
f 1227 1723 2622
f 1227 312 1723
f 316 2623 1233
f 316 1231 2623
f 1233 1721 222
f 1233 2623 1721
f 2623 314 1721
f 2623 1229 314
f 1231 1229 2623
f 1231 313 1229
f 315 2624 1236
f 315 1230 2624
f 1236 1232 317
f 1236 2624 1232
f 2624 316 1232
f 2624 1231 316
f 1230 1231 2624
f 1230 313 1231
f 316 2625 1232
f 316 1234 2625
f 1232 1237 317
f 1232 2625 1237
f 2625 319 1237
f 2625 1240 319
f 1234 1240 2625
f 1234 226 1240
f 319 2626 1237
f 319 1239 2626
f 1237 1235 317
f 1237 2626 1235
f 2626 318 1235
f 2626 1241 318
f 1239 1241 2626
f 1239 320 1241
f 315 2627 1710
f 315 1236 2627
f 1710 1709 329
f 1710 2627 1709
f 2627 318 1709
f 2627 1235 318
f 1236 1235 2627
f 1236 317 1235
f 230 2628 1238
f 230 1716 2628
f 1238 1239 319
f 1238 2628 1239
f 2628 320 1239
f 2628 1242 320
f 1716 1242 2628
f 1716 321 1242
f 322 2629 1243
f 322 1246 2629
f 1243 1241 320
f 1243 2629 1241
f 2629 318 1241
f 2629 1248 318
f 1246 1248 2629
f 1246 325 1248
f 324 2630 1714
f 324 1245 2630
f 1714 1242 321
f 1714 2630 1242
f 2630 320 1242
f 2630 1243 320
f 1245 1243 2630
f 1245 322 1243
f 324 2631 1245
f 324 1701 2631
f 1245 1244 322
f 1245 2631 1244
f 2631 323 1244
f 2631 1700 323
f 1701 1700 2631
f 1701 345 1700
f 322 2632 1246
f 322 1244 2632
f 1246 1247 325
f 1246 2632 1247
f 2632 326 1247
f 2632 1712 326
f 1244 1712 2632
f 1244 323 1712
f 325 2633 1249
f 325 1247 2633
f 1249 1250 327
f 1249 2633 1250
f 2633 328 1250
f 2633 1711 328
f 1247 1711 2633
f 1247 326 1711
f 325 2634 1248
f 325 1249 2634
f 1248 1709 318
f 1248 2634 1709
f 2634 329 1709
f 2634 1251 329
f 1249 1251 2634
f 1249 327 1251
f 327 2635 1252
f 327 1250 2635
f 1252 1255 330
f 1252 2635 1255
f 2635 333 1255
f 2635 1258 333
f 1250 1258 2635
f 1250 328 1258
f 327 2636 1251
f 327 1252 2636
f 1251 1707 329
f 1251 2636 1707
f 2636 331 1707
f 2636 1253 331
f 1252 1253 2636
f 1252 330 1253
f 330 2637 1253
f 330 1254 2637
f 1253 1623 331
f 1253 2637 1623
f 2637 538 1623
f 2637 1624 538
f 1254 1624 2637
f 1254 332 1624
f 330 2638 1254
f 330 1255 2638
f 1254 1706 332
f 1254 2638 1706
f 2638 334 1706
f 2638 1256 334
f 1255 1256 2638
f 1255 333 1256
f 336 2639 1259
f 336 1705 2639
f 1259 1257 335
f 1259 2639 1257
f 2639 333 1257
f 2639 1256 333
f 1705 1256 2639
f 1705 334 1256
f 338 2640 1263
f 338 1261 2640
f 1263 1258 328
f 1263 2640 1258
f 2640 333 1258
f 2640 1257 333
f 1261 1257 2640
f 1261 335 1257
f 336 2641 1617
f 336 1259 2641
f 1617 1618 437
f 1617 2641 1618
f 2641 337 1618
f 2641 1260 337
f 1259 1260 2641
f 1259 335 1260
f 337 2642 1704
f 337 1260 2642
f 1704 1262 339
f 1704 2642 1262
f 2642 338 1262
f 2642 1261 338
f 1260 1261 2642
f 1260 335 1261
f 338 2643 1262
f 338 1264 2643
f 1262 1703 339
f 1262 2643 1703
f 2643 341 1703
f 2643 1266 341
f 1264 1266 2643
f 1264 340 1266
f 338 2644 1264
f 338 1263 2644
f 1264 1265 340
f 1264 2644 1265
f 2644 326 1265
f 2644 1711 326
f 1263 1711 2644
f 1263 328 1711
f 342 2645 1270
f 342 1267 2645
f 1270 1712 323
f 1270 2645 1712
f 2645 326 1712
f 2645 1265 326
f 1267 1265 2645
f 1267 340 1265
f 341 2646 1702
f 341 1266 2646
f 1702 1268 343
f 1702 2646 1268
f 2646 342 1268
f 2646 1267 342
f 1266 1267 2646
f 1266 340 1267
f 342 2647 1268
f 342 1269 2647
f 1268 1276 343
f 1268 2647 1276
f 2647 346 1276
f 2647 1273 346
f 1269 1273 2647
f 1269 344 1273
f 344 2648 1271
f 344 1269 2648
f 1271 1700 345
f 1271 2648 1700
f 2648 323 1700
f 2648 1270 323
f 1269 1270 2648
f 1269 342 1270
f 344 2649 1272
f 344 1271 2649
f 1272 1829 250
f 1272 2649 1829
f 2649 248 1829
f 2649 1699 248
f 1271 1699 2649
f 1271 345 1699
f 344 2650 1273
f 344 1272 2650
f 1273 1275 346
f 1273 2650 1275
f 2650 348 1275
f 2650 1278 348
f 1272 1278 2650
f 1272 250 1278
f 343 2651 1446
f 343 1276 2651
f 1446 1444 458
f 1446 2651 1444
f 2651 347 1444
f 2651 1274 347
f 1276 1274 2651
f 1276 346 1274
f 348 2652 1275
f 348 1277 2652
f 1275 1274 346
f 1275 2652 1274
f 2652 347 1274
f 2652 1281 347
f 1277 1281 2652
f 1277 349 1281
f 348 2653 1277
f 348 1279 2653
f 1277 1282 349
f 1277 2653 1282
f 2653 351 1282
f 2653 1285 351
f 1279 1285 2653
f 1279 251 1285
f 350 2654 1280
f 350 1450 2654
f 1280 1281 349
f 1280 2654 1281
f 2654 347 1281
f 2654 1451 347
f 1450 1451 2654
f 1450 461 1451
f 352 2655 1283
f 352 1698 2655
f 1283 1282 351
f 1283 2655 1282
f 2655 349 1282
f 2655 1280 349
f 1698 1280 2655
f 1698 350 1280
f 352 2656 1697
f 352 1283 2656
f 1697 1286 354
f 1697 2656 1286
f 2656 353 1286
f 2656 1284 353
f 1283 1284 2656
f 1283 351 1284
f 253 2657 1828
f 253 1287 2657
f 1828 1285 251
f 1828 2657 1285
f 2657 351 1285
f 2657 1284 351
f 1287 1284 2657
f 1287 353 1284
f 355 2658 1288
f 355 1289 2658
f 1288 1286 353
f 1288 2658 1286
f 2658 354 1286
f 2658 1696 354
f 1289 1696 2658
f 1289 356 1696
f 253 2659 1287
f 253 1827 2659
f 1287 1288 353
f 1287 2659 1288
f 2659 355 1288
f 2659 1290 355
f 1827 1290 2659
f 1827 255 1290
f 355 2660 1289
f 355 1291 2660
f 1289 1695 356
f 1289 2660 1695
f 2660 358 1695
f 2660 1292 358
f 1291 1292 2660
f 1291 357 1292
f 355 2661 1291
f 355 1290 2661
f 1291 1294 357
f 1291 2661 1294
f 2661 360 1294
f 2661 1295 360
f 1290 1295 2661
f 1290 255 1295
f 358 2662 1689
f 358 1292 2662
f 1689 1690 376
f 1689 2662 1690
f 2662 359 1690
f 2662 1293 359
f 1292 1293 2662
f 1292 357 1293
f 359 2663 1298
f 359 1293 2663
f 1298 1296 361
f 1298 2663 1296
f 2663 360 1296
f 2663 1294 360
f 1293 1294 2663
f 1293 357 1294
f 361 2664 1300
f 361 1296 2664
f 1300 1301 363
f 1300 2664 1301
f 2664 256 1301
f 2664 1297 256
f 1296 1297 2664
f 1296 360 1297
f 359 2665 1316
f 359 1298 2665
f 1316 1317 374
f 1316 2665 1317
f 2665 362 1317
f 2665 1299 362
f 1298 1299 2665
f 1298 361 1299
f 361 2666 1299
f 361 1300 2666
f 1299 1306 362
f 1299 2666 1306
f 2666 364 1306
f 2666 1303 364
f 1300 1303 2666
f 1300 363 1303
f 363 2667 1303
f 363 1302 2667
f 1303 1304 364
f 1303 2667 1304
f 2667 365 1304
f 2667 1694 365
f 1302 1694 2667
f 1302 259 1694
f 367 2668 1693
f 367 1307 2668
f 1693 1304 365
f 1693 2668 1304
f 2668 364 1304
f 2668 1305 364
f 1307 1305 2668
f 1307 366 1305
f 362 2669 1311
f 362 1306 2669
f 1311 1309 369
f 1311 2669 1309
f 2669 366 1309
f 2669 1305 366
f 1306 1305 2669
f 1306 364 1305
f 367 2670 1307
f 367 1658 2670
f 1307 1308 366
f 1307 2670 1308
f 2670 368 1308
f 2670 1659 368
f 1658 1659 2670
f 1658 549 1659
f 368 2671 1308
f 368 1692 2671
f 1308 1309 366
f 1308 2671 1309
f 2671 369 1309
f 2671 1310 369
f 1692 1310 2671
f 1692 370 1310
f 371 2672 1313
f 371 1312 2672
f 1313 1691 372
f 1313 2672 1691
f 2672 370 1691
f 2672 1310 370
f 1312 1310 2672
f 1312 369 1310
f 371 2673 1312
f 371 1315 2673
f 1312 1311 369
f 1312 2673 1311
f 2673 362 1311
f 2673 1317 362
f 1315 1317 2673
f 1315 374 1317
f 371 2674 1314
f 371 1313 2674
f 1314 1684 373
f 1314 2674 1684
f 2674 390 1684
f 2674 1685 390
f 1313 1685 2674
f 1313 372 1685
f 375 2675 1319
f 375 1318 2675
f 1319 1314 373
f 1319 2675 1314
f 2675 371 1314
f 2675 1315 371
f 1318 1315 2675
f 1318 374 1315
f 359 2676 1690
f 359 1316 2676
f 1690 1320 376
f 1690 2676 1320
f 2676 375 1320
f 2676 1318 375
f 1316 1318 2676
f 1316 374 1318
f 375 2677 1321
f 375 1319 2677
f 1321 1324 377
f 1321 2677 1324
f 2677 380 1324
f 2677 1326 380
f 1319 1326 2677
f 1319 373 1326
f 375 2678 1320
f 375 1321 2678
f 1320 1688 376
f 1320 2678 1688
f 2678 378 1688
f 2678 1322 378
f 1321 1322 2678
f 1321 377 1322
f 479 2679 1597
f 479 1598 2679
f 1597 1323 379
f 1597 2679 1323
f 2679 377 1323
f 2679 1322 377
f 1598 1322 2679
f 1598 378 1322
f 382 2680 1327
f 382 1329 2680
f 1327 1324 380
f 1327 2680 1324
f 2680 377 1324
f 2680 1323 377
f 1329 1323 2680
f 1329 379 1323
f 381 2681 1325
f 381 1330 2681
f 1325 1327 380
f 1325 2681 1327
f 2681 382 1327
f 2681 1328 382
f 1330 1328 2681
f 1330 383 1328
f 381 2682 1686
f 381 1325 2682
f 1686 1684 390
f 1686 2682 1684
f 2682 373 1684
f 2682 1326 373
f 1325 1326 2682
f 1325 380 1326
f 381 2683 1330
f 381 1332 2683
f 383 2683 1331
f 383 1330 2683
f 384 2683 1332
f 384 1331 2683
f 381 2684 1332
f 381 1338 2684
f 1332 1333 384
f 1332 2684 1333
f 2684 385 1333
f 2684 1335 385
f 1338 1335 2684
f 1338 387 1335
f 386 2685 1687
f 386 1334 2685
f 1687 1336 388
f 1687 2685 1336
f 2685 387 1336
f 2685 1335 387
f 1334 1335 2685
f 1334 385 1335
f 388 2686 1344
f 388 1336 2686
f 1344 1341 392
f 1344 2686 1341
f 2686 389 1341
f 2686 1337 389
f 1336 1337 2686
f 1336 387 1337
f 381 2687 1338
f 381 1686 2687
f 1338 1337 387
f 1338 2687 1337
f 2687 389 1337
f 2687 1339 389
f 1686 1339 2687
f 1686 390 1339
f 391 2688 1683
f 391 1340 2688
f 1683 1685 372
f 1683 2688 1685
f 2688 390 1685
f 2688 1339 390
f 1340 1339 2688
f 1340 389 1339
f 393 2689 1682
f 393 1342 2689
f 1682 1340 391
f 1682 2689 1340
f 2689 389 1340
f 2689 1341 389
f 1342 1341 2689
f 1342 392 1341
f 393 2690 1342
f 393 1681 2690
f 1342 1343 392
f 1342 2690 1343
f 2690 394 1343
f 2690 1345 394
f 1681 1345 2690
f 1681 395 1345
f 394 2691 1343
f 394 1346 2691
f 1343 1344 392
f 1343 2691 1344
f 2691 388 1344
f 2691 1680 388
f 1346 1680 2691
f 1346 396 1680
f 394 2692 1347
f 394 1345 2692
f 1347 1350 397
f 1347 2692 1350
f 2692 400 1350
f 2692 1352 400
f 1345 1352 2692
f 1345 395 1352
f 394 2693 1346
f 394 1347 2693
f 1346 1679 396
f 1346 2693 1679
f 2693 398 1679
f 2693 1348 398
f 1347 1348 2693
f 1347 397 1348
f 398 2694 1543
f 398 1348 2694
f 1543 1544 518
f 1543 2694 1544
f 2694 399 1544
f 2694 1349 399
f 1348 1349 2694
f 1348 397 1349
f 397 2695 1349
f 397 1350 2695
f 1349 1678 399
f 1349 2695 1678
f 2695 401 1678
f 2695 1351 401
f 1350 1351 2695
f 1350 400 1351
f 401 2696 1676
f 401 1351 2696
f 1676 1355 404
f 1676 2696 1355
f 2696 402 1355
f 2696 1353 402
f 1351 1353 2696
f 1351 400 1353
f 400 2697 1353
f 400 1352 2697
f 1353 1354 402
f 1353 2697 1354
f 2697 403 1354
f 2697 1677 403
f 1352 1677 2697
f 1352 395 1677
f 402 2698 1356
f 402 1354 2698
f 1356 1359 405
f 1356 2698 1359
f 2698 408 1359
f 2698 1360 408
f 1354 1360 2698
f 1354 403 1360
f 406 2699 1357
f 406 1675 2699
f 1357 1356 405
f 1357 2699 1356
f 2699 402 1356
f 2699 1355 402
f 1675 1355 2699
f 1675 404 1355
f 407 2700 1358
f 407 1401 2700
f 1358 1357 405
f 1358 2700 1357
f 2700 406 1357
f 2700 1399 406
f 1401 1399 2700
f 1401 434 1399
f 408 2701 1359
f 408 1362 2701
f 1359 1358 405
f 1359 2701 1358
f 2701 407 1358
f 2701 1364 407
f 1362 1364 2701
f 1362 410 1364
f 408 2702 1361
f 408 1360 2702
f 1361 1672 409
f 1361 2702 1672
f 2702 552 1672
f 2702 1674 552
f 1360 1674 2702
f 1360 403 1674
f 408 2703 1362
f 408 1361 2703
f 1362 1365 410
f 1362 2703 1365
f 2703 412 1365
f 2703 1367 412
f 1361 1367 2703
f 1361 409 1367
f 407 2704 1627
f 407 1364 2704
f 1627 1626 423
f 1627 2704 1626
f 2704 411 1626
f 2704 1363 411
f 1364 1363 2704
f 1364 410 1363
f 412 2705 1365
f 412 1368 2705
f 1365 1363 410
f 1365 2705 1363
f 2705 411 1363
f 2705 1369 411
f 1368 1369 2705
f 1368 414 1369
f 412 2706 1366
f 412 1367 2706
f 1366 1665 413
f 1366 2706 1665
f 2706 550 1665
f 2706 1668 550
f 1367 1668 2706
f 1367 409 1668
f 412 2707 1368
f 412 1366 2707
f 1368 1370 414
f 1368 2707 1370
f 2707 415 1370
f 2707 1664 415
f 1366 1664 2707
f 1366 413 1664
f 419 2708 1374
f 419 1375 2708
f 1374 1371 416
f 1374 2708 1371
f 2708 414 1371
f 2708 1369 414
f 1375 1369 2708
f 1375 411 1369
f 415 2709 1370
f 415 1663 2709
f 1370 1371 414
f 1370 2709 1371
f 2709 416 1371
f 2709 1372 416
f 1663 1372 2709
f 1663 417 1372
f 418 2710 1631
f 418 1373 2710
f 1631 1633 539
f 1631 2710 1633
f 2710 417 1633
f 2710 1372 417
f 1373 1372 2710
f 1373 416 1372
f 418 2711 1373
f 418 1628 2711
f 1373 1374 416
f 1373 2711 1374
f 2711 419 1374
f 2711 1376 419
f 1628 1376 2711
f 1628 420 1376
f 419 2712 1375
f 419 1377 2712
f 1375 1626 411
f 1375 2712 1626
f 2712 423 1626
f 2712 1379 423
f 1377 1379 2712
f 1377 421 1379
f 419 2713 1377
f 419 1376 2713
f 1377 1380 421
f 1377 2713 1380
f 2713 424 1380
f 2713 1381 424
f 1376 1381 2713
f 1376 420 1381
f 422 2714 1378
f 422 1398 2714
f 1378 1379 421
f 1378 2714 1379
f 2714 423 1379
f 2714 1396 423
f 1398 1396 2714
f 1398 433 1396
f 422 2715 1385
f 422 1378 2715
f 1385 1382 425
f 1385 2715 1382
f 2715 424 1382
f 2715 1380 424
f 1378 1380 2715
f 1378 421 1380
f 424 2716 1383
f 424 1381 2716
f 1383 1736 300
f 1383 2716 1736
f 2716 298 1736
f 2716 1629 298
f 1381 1629 2716
f 1381 420 1629
f 424 2717 1382
f 424 1383 2717
f 1382 1386 425
f 1382 2717 1386
f 2717 302 1386
f 2717 1735 302
f 1383 1735 2717
f 1383 300 1735
f 304 2718 1734
f 304 1389 2718
f 1734 1386 302
f 1734 2718 1386
f 2718 425 1386
f 2718 1384 425
f 1389 1384 2718
f 1389 426 1384
f 428 2719 1388
f 428 1391 2719
f 1388 1384 426
f 1388 2719 1384
f 2719 425 1384
f 2719 1385 425
f 1391 1385 2719
f 1391 422 1385
f 304 2720 1389
f 304 1733 2720
f 1389 1387 426
f 1389 2720 1387
f 2720 427 1387
f 2720 1621 427
f 1733 1621 2720
f 1733 306 1621
f 429 2721 1619
f 429 1390 2721
f 1619 1387 427
f 1619 2721 1387
f 2721 426 1387
f 2721 1388 426
f 1390 1388 2721
f 1390 428 1388
f 429 2722 1390
f 429 1402 2722
f 1390 1392 428
f 1390 2722 1392
f 2722 430 1392
f 2722 1394 430
f 1402 1394 2722
f 1402 432 1394
f 428 2723 1391
f 428 1392 2723
f 1391 1398 422
f 1391 2723 1398
f 2723 433 1398
f 2723 1395 433
f 1392 1395 2723
f 1392 430 1395
f 431 2724 1393
f 431 1400 2724
f 1393 1395 430
f 1393 2724 1395
f 2724 433 1395
f 2724 1397 433
f 1400 1397 2724
f 1400 434 1397
f 431 2725 1405
f 431 1393 2725
f 1405 1403 435
f 1405 2725 1403
f 2725 432 1403
f 2725 1394 432
f 1393 1394 2725
f 1393 430 1394
f 407 2726 1401
f 407 1627 2726
f 1401 1397 434
f 1401 2726 1397
f 2726 433 1397
f 2726 1396 433
f 1627 1396 2726
f 1627 423 1396
f 406 2727 1615
f 406 1399 2727
f 1615 1616 438
f 1615 2727 1616
f 2727 431 1616
f 2727 1400 431
f 1399 1400 2727
f 1399 434 1400
f 332 2728 1620
f 332 1706 2728
f 1620 1402 429
f 1620 2728 1402
f 2728 432 1402
f 2728 1404 432
f 1706 1404 2728
f 1706 334 1404
f 336 2729 1705
f 336 1407 2729
f 1705 1404 334
f 1705 2729 1404
f 2729 432 1404
f 2729 1403 432
f 1407 1403 2729
f 1407 435 1403
f 431 2730 1616
f 431 1405 2730
f 1616 1409 438
f 1616 2730 1409
f 2730 436 1409
f 2730 1406 436
f 1405 1406 2730
f 1405 435 1406
f 436 2731 1408
f 436 1406 2731
f 1408 1617 437
f 1408 2731 1617
f 2731 336 1617
f 2731 1407 336
f 1406 1407 2731
f 1406 435 1407
f 436 2732 1410
f 436 1408 2732
f 1410 1411 439
f 1410 2732 1411
f 2732 440 1411
f 2732 1614 440
f 1408 1614 2732
f 1408 437 1614
f 436 2733 1409
f 436 1410 2733
f 1409 1415 438
f 1409 2733 1415
f 2733 442 1415
f 2733 1413 442
f 1410 1413 2733
f 1410 439 1413
f 451 2734 1430
f 451 1431 2734
f 1430 1411 440
f 1430 2734 1411
f 2734 439 1411
f 2734 1412 439
f 1431 1412 2734
f 1431 441 1412
f 441 2735 1412
f 441 1418 2735
f 1412 1413 439
f 1412 2735 1413
f 2735 442 1413
f 2735 1414 442
f 1418 1414 2735
f 1418 443 1414
f 443 2736 1414
f 443 1417 2736
f 1414 1416 442
f 1414 2736 1416
f 2736 404 1416
f 2736 1676 404
f 1417 1676 2736
f 1417 401 1676
f 406 2737 1675
f 406 1615 2737
f 1675 1416 404
f 1675 2737 1416
f 2737 442 1416
f 2737 1415 442
f 1615 1415 2737
f 1615 438 1415
f 401 2738 1678
f 401 1417 2738
f 1678 1421 399
f 1678 2738 1421
f 2738 444 1421
f 2738 1419 444
f 1417 1419 2738
f 1417 443 1419
f 441 2739 1418
f 441 1425 2739
f 1418 1419 443
f 1418 2739 1419
f 2739 444 1419
f 2739 1422 444
f 1425 1422 2739
f 1425 446 1422
f 399 2740 1544
f 399 1421 2740
f 1544 1545 518
f 1544 2740 1545
f 2740 445 1545
f 2740 1420 445
f 1421 1420 2740
f 1421 444 1420
f 447 2741 1423
f 447 1613 2741
f 1423 1422 446
f 1423 2741 1422
f 2741 444 1422
f 2741 1420 444
f 1613 1420 2741
f 1613 445 1420
f 447 2742 1612
f 447 1423 2742
f 1612 1426 449
f 1612 2742 1426
f 2742 448 1426
f 2742 1424 448
f 1423 1424 2742
f 1423 446 1424
f 451 2743 1431
f 451 1428 2743
f 1431 1425 441
f 1431 2743 1425
f 2743 446 1425
f 2743 1424 446
f 1428 1424 2743
f 1428 448 1424
f 537 2744 1586
f 537 1587 2744
f 1586 1427 450
f 1586 2744 1427
f 2744 448 1427
f 2744 1426 448
f 1587 1426 2744
f 1587 449 1426
f 452 2745 1429
f 452 1433 2745
f 1429 1428 451
f 1429 2745 1428
f 2745 448 1428
f 2745 1427 448
f 1433 1427 2745
f 1433 450 1427
f 452 2746 1434
f 452 1429 2746
f 1434 1437 454
f 1434 2746 1437
f 2746 440 1437
f 2746 1430 440
f 1429 1430 2746
f 1429 451 1430
f 453 2747 1432
f 453 1583 2747
f 1432 1433 452
f 1432 2747 1433
f 2747 450 1433
f 2747 1581 450
f 1583 1581 2747
f 1583 536 1581
f 453 2748 1438
f 453 1432 2748
f 1438 1435 455
f 1438 2748 1435
f 2748 454 1435
f 2748 1434 454
f 1432 1434 2748
f 1432 452 1434
f 337 2749 1436
f 337 1704 2749
f 1436 1435 454
f 1436 2749 1435
f 2749 455 1435
f 2749 1439 455
f 1704 1439 2749
f 1704 339 1439
f 337 2750 1618
f 337 1436 2750
f 1618 1614 437
f 1618 2750 1614
f 2750 440 1614
f 2750 1437 440
f 1436 1437 2750
f 1436 454 1437
f 457 2751 1441
f 457 1611 2751
f 1441 1440 456
f 1441 2751 1440
f 2751 455 1440
f 2751 1438 455
f 1611 1438 2751
f 1611 453 1438
f 341 2752 1703
f 341 1443 2752
f 1703 1439 339
f 1703 2752 1439
f 2752 455 1439
f 2752 1440 455
f 1443 1440 2752
f 1443 456 1440
f 459 2753 1445
f 459 1449 2753
f 1445 1442 458
f 1445 2753 1442
f 2753 456 1442
f 2753 1441 456
f 1449 1441 2753
f 1449 457 1441
f 341 2754 1443
f 341 1702 2754
f 1443 1442 456
f 1443 2754 1442
f 2754 458 1442
f 2754 1446 458
f 1702 1446 2754
f 1702 343 1446
f 461 2755 1451
f 461 1448 2755
f 1451 1444 347
f 1451 2755 1444
f 2755 458 1444
f 2755 1445 458
f 1448 1445 2755
f 1448 459 1445
f 461 2756 1448
f 461 1452 2756
f 1448 1447 459
f 1448 2756 1447
f 2756 460 1447
f 2756 1454 460
f 1452 1454 2756
f 1452 462 1454
f 459 2757 1449
f 459 1447 2757
f 1449 1579 457
f 1449 2757 1579
f 2757 535 1579
f 2757 1578 535
f 1447 1578 2757
f 1447 460 1578
f 350 2758 1450
f 350 1610 2758
f 1450 1452 461
f 1450 2758 1452
f 2758 462 1452
f 2758 1453 462
f 1610 1453 2758
f 1610 463 1453
f 467 2759 1460
f 467 1458 2759
f 1460 1453 463
f 1460 2759 1453
f 2759 462 1453
f 2759 1455 462
f 1458 1455 2759
f 1458 464 1455
f 460 2760 1609
f 460 1454 2760
f 1609 1456 465
f 1609 2760 1456
f 2760 464 1456
f 2760 1455 464
f 1454 1455 2760
f 1454 462 1455
f 465 2761 1555
f 465 1456 2761
f 1555 1557 528
f 1555 2761 1557
f 2761 466 1557
f 2761 1457 466
f 1456 1457 2761
f 1456 464 1457
f 466 2762 1608
f 466 1457 2762
f 1608 1459 468
f 1608 2762 1459
f 2762 467 1459
f 2762 1458 467
f 1457 1458 2762
f 1457 464 1458
f 467 2763 1459
f 467 1461 2763
f 1459 1605 468
f 1459 2763 1605
f 2763 471 1605
f 2763 1463 471
f 1461 1463 2763
f 1461 469 1463
f 467 2764 1461
f 467 1460 2764
f 1461 1462 469
f 1461 2764 1462
f 2764 470 1462
f 2764 1606 470
f 1460 1606 2764
f 1460 463 1606
f 472 2765 1466
f 472 1464 2765
f 1466 1602 474
f 1466 2765 1602
f 2765 470 1602
f 2765 1462 470
f 1464 1462 2765
f 1464 469 1462
f 471 2766 1604
f 471 1463 2766
f 1604 1465 473
f 1604 2766 1465
f 2766 472 1465
f 2766 1464 472
f 1463 1464 2766
f 1463 469 1464
f 472 2767 1465
f 472 1467 2767
f 1465 1599 473
f 1465 2767 1599
f 2767 477 1599
f 2767 1469 477
f 1467 1469 2767
f 1467 475 1469
f 472 2768 1467
f 472 1466 2768
f 1467 1468 475
f 1467 2768 1468
f 2768 476 1468
f 2768 1601 476
f 1466 1601 2768
f 1466 474 1601
f 476 2769 1468
f 476 1595 2769
f 1468 1470 475
f 1468 2769 1470
f 2769 478 1470
f 2769 1472 478
f 1595 1472 2769
f 1595 480 1472
f 477 2770 1476
f 477 1469 2770
f 1476 1473 481
f 1476 2770 1473
f 2770 478 1473
f 2770 1470 478
f 1469 1470 2770
f 1469 475 1470
f 479 2771 1471
f 479 1593 2771
f 1471 1473 478
f 1471 2771 1473
f 2771 481 1473
f 2771 1474 481
f 1593 1474 2771
f 1593 482 1474
f 479 2772 1598
f 479 1471 2772
f 1598 1594 378
f 1598 2772 1594
f 2772 480 1594
f 2772 1472 480
f 1471 1472 2772
f 1471 478 1472
f 484 2773 1592
f 484 1477 2773
f 1592 1474 482
f 1592 2773 1474
f 2773 481 1474
f 2773 1475 481
f 1477 1475 2773
f 1477 483 1475
f 483 2774 1475
f 483 1478 2774
f 1475 1476 481
f 1475 2774 1476
f 2774 477 1476
f 2774 1591 477
f 1478 1591 2774
f 1478 485 1591
f 489 2775 1483
f 489 1482 2775
f 1483 1477 484
f 1483 2775 1477
f 2775 483 1477
f 2775 1479 483
f 1482 1479 2775
f 1482 486 1479
f 486 2776 1479
f 486 1481 2776
f 1479 1478 483
f 1479 2776 1478
f 2776 485 1478
f 2776 1590 485
f 1481 1590 2776
f 1481 488 1590
f 486 2777 1480
f 486 1482 2777
f 1480 1485 487
f 1480 2777 1485
f 2777 490 1485
f 2777 1484 490
f 1482 1484 2777
f 1482 489 1484
f 532 2778 1573
f 532 1574 2778
f 1573 1480 487
f 1573 2778 1480
f 2778 486 1480
f 2778 1481 486
f 1574 1481 2778
f 1574 488 1481
f 487 2779 1490
f 487 1485 2779
f 1490 1488 493
f 1490 2779 1488
f 2779 491 1488
f 2779 1486 491
f 1485 1486 2779
f 1485 490 1486
f 491 2780 1488
f 491 1487 2780
f 1488 1491 493
f 1488 2780 1491
f 2780 495 1491
f 2780 1493 495
f 1487 1493 2780
f 1487 492 1493
f 493 2781 1489
f 493 1491 2781
f 1489 1589 494
f 1489 2781 1589
f 2781 496 1589
f 2781 1492 496
f 1491 1492 2781
f 1491 495 1492
f 532 2782 1572
f 532 1573 2782
f 1572 1489 494
f 1572 2782 1489
f 2782 493 1489
f 2782 1490 493
f 1573 1490 2782
f 1573 487 1490
f 499 2783 1496
f 499 1501 2783
f 1496 1494 497
f 1496 2783 1494
f 2783 495 1494
f 2783 1492 495
f 1501 1492 2783
f 1501 496 1492
f 495 2784 1494
f 495 1493 2784
f 1494 1497 497
f 1494 2784 1497
f 2784 500 1497
f 2784 1498 500
f 1493 1498 2784
f 1493 492 1498
f 497 2785 1495
f 497 1497 2785
f 498 2785 1499
f 498 1495 2785
f 500 2785 1497
f 500 1499 2785
f 499 2786 1503
f 499 1496 2786
f 1503 1505 503
f 1503 2786 1505
f 2786 498 1505
f 2786 1495 498
f 1496 1495 2786
f 1496 497 1495
f 499 2787 1500
f 499 1502 2787
f 1500 1548 501
f 1500 2787 1548
f 2787 511 1548
f 2787 1546 511
f 1502 1546 2787
f 1502 502 1546
f 499 2788 1501
f 499 1500 2788
f 1501 1559 496
f 1501 2788 1559
f 2788 529 1559
f 2788 1558 529
f 1500 1558 2788
f 1500 501 1558
f 499 2789 1502
f 499 1503 2789
f 1502 1507 502
f 1502 2789 1507
f 2789 504 1507
f 2789 1504 504
f 1503 1504 2789
f 1503 503 1504
f 507 2790 1509
f 507 1510 2790
f 1509 1506 505
f 1509 2790 1506
f 2790 504 1506
f 2790 1507 504
f 1510 1507 2790
f 1510 502 1507
f 508 2791 1588
f 508 1511 2791
f 1588 1508 506
f 1588 2791 1508
f 2791 505 1508
f 2791 1509 505
f 1511 1509 2791
f 1511 507 1509
f 507 2792 1510
f 507 1512 2792
f 1510 1546 502
f 1510 2792 1546
f 2792 511 1546
f 2792 1514 511
f 1512 1514 2792
f 1512 509 1514
f 507 2793 1512
f 507 1511 2793
f 1512 1515 509
f 1512 2793 1515
f 2793 512 1515
f 2793 1517 512
f 1511 1517 2793
f 1511 508 1517
f 510 2794 1521
f 510 1513 2794
f 1521 1518 514
f 1521 2794 1518
f 2794 512 1518
f 2794 1515 512
f 1513 1515 2794
f 1513 509 1515
f 510 2795 1513
f 510 1549 2795
f 1513 1514 509
f 1513 2795 1514
f 2795 511 1514
f 2795 1547 511
f 1549 1547 2795
f 1549 524 1547
f 512 2796 1518
f 512 1516 2796
f 1518 1519 514
f 1518 2796 1519
f 2796 515 1519
f 2796 1523 515
f 1516 1523 2796
f 1516 513 1523
f 508 2797 1517
f 508 1533 2797
f 1517 1516 512
f 1517 2797 1516
f 2797 513 1516
f 2797 1531 513
f 1533 1531 2797
f 1533 520 1531
f 447 2798 1522
f 447 1612 2798
f 1522 1519 515
f 1522 2798 1519
f 2798 514 1519
f 2798 1520 514
f 1612 1520 2798
f 1612 449 1520
f 514 2799 1521
f 514 1520 2799
f 1521 1585 510
f 1521 2799 1585
f 2799 537 1585
f 2799 1587 537
f 1520 1587 2799
f 1520 449 1587
f 516 2800 1524
f 516 1527 2800
f 1524 1522 515
f 1524 2800 1522
f 2800 447 1522
f 2800 1613 447
f 1527 1613 2800
f 1527 445 1613
f 513 2801 1523
f 513 1526 2801
f 515 2801 1524
f 515 1523 2801
f 516 2801 1526
f 516 1524 2801
f 518 2802 1528
f 518 1545 2802
f 1528 1525 517
f 1528 2802 1525
f 2802 516 1525
f 2802 1527 516
f 1545 1527 2802
f 1545 445 1527
f 520 2803 1531
f 520 1530 2803
f 1531 1526 513
f 1531 2803 1526
f 2803 516 1526
f 2803 1525 516
f 1530 1525 2803
f 1530 517 1525
f 398 2804 1542
f 398 1543 2804
f 1542 1529 519
f 1542 2804 1529
f 2804 517 1529
f 2804 1528 517
f 1543 1528 2804
f 1543 518 1528
f 520 2805 1530
f 520 1532 2805
f 1530 1529 517
f 1530 2805 1529
f 2805 519 1529
f 2805 1535 519
f 1532 1535 2805
f 1532 521 1535
f 508 2806 1533
f 508 1588 2806
f 520 2806 1532
f 520 1533 2806
f 521 2806 1534
f 521 1532 2806
f 522 2806 1536
f 522 1534 2806
f 506 2806 1588
f 506 1536 2806
f 521 2807 1535
f 521 1534 2807
f 1535 1539 519
f 1535 2807 1539
f 2807 523 1539
f 2807 1537 523
f 1534 1537 2807
f 1534 522 1537
f 522 2808 1537
f 522 1538 2808
f 523 2808 1541
f 523 1537 2808
f 386 2808 1538
f 386 1541 2808
f 519 2809 1542
f 519 1539 2809
f 1542 1679 398
f 1542 2809 1679
f 2809 396 1679
f 2809 1540 396
f 1539 1540 2809
f 1539 523 1540
f 523 2810 1540
f 523 1541 2810
f 1540 1680 396
f 1540 2810 1680
f 2810 388 1680
f 2810 1687 388
f 1541 1687 2810
f 1541 386 1687
f 524 2811 1547
f 524 1551 2811
f 1547 1548 511
f 1547 2811 1548
f 2811 501 1548
f 2811 1553 501
f 1551 1553 2811
f 1551 526 1553
f 537 2812 1585
f 537 1584 2812
f 1585 1549 510
f 1585 2812 1549
f 2812 524 1549
f 2812 1550 524
f 1584 1550 2812
f 1584 525 1550
f 524 2813 1551
f 524 1550 2813
f 1551 1552 526
f 1551 2813 1552
f 2813 527 1552
f 2813 1575 527
f 1550 1575 2813
f 1550 525 1575
f 527 2814 1552
f 527 1577 2814
f 1552 1554 526
f 1552 2814 1554
f 2814 528 1554
f 2814 1555 528
f 1577 1555 2814
f 1577 465 1555
f 526 2815 1553
f 526 1554 2815
f 1553 1558 501
f 1553 2815 1558
f 2815 529 1558
f 2815 1556 529
f 1554 1556 2815
f 1554 528 1556
f 528 2816 1556
f 528 1557 2816
f 1556 1560 529
f 1556 2816 1560
f 2816 530 1560
f 2816 1561 530
f 1557 1561 2816
f 1557 466 1561
f 494 2817 1563
f 494 1589 2817
f 1563 1560 530
f 1563 2817 1560
f 2817 529 1560
f 2817 1559 529
f 1589 1559 2817
f 1589 496 1559
f 466 2818 1561
f 466 1608 2818
f 1561 1562 530
f 1561 2818 1562
f 2818 531 1562
f 2818 1566 531
f 1608 1566 2818
f 1608 468 1566
f 531 2819 1562
f 531 1564 2819
f 1562 1563 530
f 1562 2819 1563
f 2819 494 1563
f 2819 1572 494
f 1564 1572 2819
f 1564 532 1572
f 531 2820 1564
f 531 1565 2820
f 1564 1574 532
f 1564 2820 1574
f 2820 488 1574
f 2820 1568 488
f 1565 1568 2820
f 1565 533 1568
f 468 2821 1566
f 468 1605 2821
f 1566 1565 531
f 1566 2821 1565
f 2821 533 1565
f 2821 1569 533
f 1605 1569 2821
f 1605 471 1569
f 534 2822 1571
f 534 1567 2822
f 1571 1604 473
f 1571 2822 1604
f 2822 471 1604
f 2822 1569 471
f 1567 1569 2822
f 1567 533 1569
f 534 2823 1567
f 534 1570 2823
f 1567 1568 533
f 1567 2823 1568
f 2823 488 1568
f 2823 1590 488
f 1570 1590 2823
f 1570 485 1590
f 534 2824 1570
f 534 1571 2824
f 1570 1591 485
f 1570 2824 1591
f 2824 477 1591
f 2824 1599 477
f 1571 1599 2824
f 1571 473 1599
f 527 2825 1576
f 527 1575 2825
f 1576 1580 535
f 1576 2825 1580
f 2825 536 1580
f 2825 1582 536
f 1575 1582 2825
f 1575 525 1582
f 527 2826 1577
f 527 1576 2826
f 1577 1609 465
f 1577 2826 1609
f 2826 460 1609
f 2826 1578 460
f 1576 1578 2826
f 1576 535 1578
f 457 2827 1611
f 457 1579 2827
f 1611 1583 453
f 1611 2827 1583
f 2827 536 1583
f 2827 1580 536
f 1579 1580 2827
f 1579 535 1580
f 537 2828 1584
f 537 1586 2828
f 1584 1582 525
f 1584 2828 1582
f 2828 536 1582
f 2828 1581 536
f 1586 1581 2828
f 1586 450 1581
f 358 2829 1596
f 358 1689 2829
f 1596 1594 480
f 1596 2829 1594
f 2829 378 1594
f 2829 1688 378
f 1689 1688 2829
f 1689 376 1688
f 358 2830 1695
f 358 1596 2830
f 1695 1600 356
f 1695 2830 1600
f 2830 476 1600
f 2830 1595 476
f 1596 1595 2830
f 1596 480 1595
f 474 2831 1601
f 474 1603 2831
f 1601 1600 476
f 1601 2831 1600
f 2831 356 1600
f 2831 1696 356
f 1603 1696 2831
f 1603 354 1696
f 474 2832 1603
f 474 1602 2832
f 1603 1697 354
f 1603 2832 1697
f 2832 352 1697
f 2832 1607 352
f 1602 1607 2832
f 1602 470 1607
f 352 2833 1698
f 352 1607 2833
f 1698 1610 350
f 1698 2833 1610
f 2833 463 1610
f 2833 1606 463
f 1607 1606 2833
f 1607 470 1606
f 332 2834 1624
f 332 1620 2834
f 1624 1622 538
f 1624 2834 1622
f 2834 427 1622
f 2834 1619 427
f 1620 1619 2834
f 1620 429 1619
f 309 2835 1730
f 309 1625 2835
f 1730 1621 306
f 1730 2835 1621
f 2835 427 1621
f 2835 1622 427
f 1625 1622 2835
f 1625 538 1622
f 309 2836 1625
f 309 1729 2836
f 1625 1623 538
f 1625 2836 1623
f 2836 331 1623
f 2836 1708 331
f 1729 1708 2836
f 1729 311 1708
f 418 2837 1628
f 418 1630 2837
f 1628 1629 420
f 1628 2837 1629
f 2837 298 1629
f 2837 1737 298
f 1630 1737 2837
f 1630 296 1737
f 540 2838 1632
f 540 1662 2838
f 1632 1631 539
f 1632 2838 1631
f 2838 418 1631
f 2838 1630 418
f 1662 1630 2838
f 1662 296 1630
f 540 2839 1640
f 540 1632 2839
f 1640 1637 543
f 1640 2839 1637
f 2839 541 1637
f 2839 1634 541
f 1632 1634 2839
f 1632 539 1634
f 542 2840 1644
f 542 1635 2840
f 1644 1633 417
f 1644 2840 1633
f 2840 539 1633
f 2840 1634 539
f 1635 1634 2840
f 1635 541 1634
f 542 2841 1635
f 542 1646 2841
f 1635 1636 541
f 1635 2841 1636
f 2841 269 1636
f 2841 1649 269
f 1646 1649 2841
f 1646 546 1649
f 269 2842 1636
f 269 1824 2842
f 1636 1637 541
f 1636 2842 1637
f 2842 543 1637
f 2842 1638 543
f 1824 1638 2842
f 1824 271 1638
f 544 2843 1643
f 544 1639 2843
f 1643 1823 273
f 1643 2843 1823
f 2843 271 1823
f 2843 1638 271
f 1639 1638 2843
f 1639 543 1638
f 544 2844 1639
f 544 1642 2844
f 1639 1640 543
f 1639 2844 1640
f 2844 540 1640
f 2844 1661 540
f 1642 1661 2844
f 1642 295 1661
f 544 2845 1642
f 544 1641 2845
f 1642 1738 295
f 1642 2845 1738
f 2845 293 1738
f 2845 1739 293
f 1641 1739 2845
f 1641 279 1739
f 415 2846 1663
f 415 1657 2846
f 1663 1644 417
f 1663 2846 1644
f 2846 542 1644
f 2846 1645 542
f 1657 1645 2846
f 1657 545 1645
f 542 2847 1646
f 542 1645 2847
f 1646 1648 546
f 1646 2847 1648
f 2847 547 1648
f 2847 1651 547
f 1645 1651 2847
f 1645 545 1651
f 548 2848 1652
f 548 1653 2848
f 1652 1648 547
f 1652 2848 1648
f 2848 546 1648
f 2848 1647 546
f 1653 1647 2848
f 1653 265 1647
f 367 2849 1658
f 367 1650 2849
f 1658 1656 549
f 1658 2849 1656
f 2849 545 1656
f 2849 1651 545
f 1650 1651 2849
f 1650 547 1651
f 548 2850 1655
f 548 1652 2850
f 1655 1693 365
f 1655 2850 1693
f 2850 367 1693
f 2850 1650 367
f 1652 1650 2850
f 1652 547 1650
f 548 2851 1654
f 548 1655 2851
f 1654 1826 261
f 1654 2851 1826
f 2851 259 1826
f 2851 1694 259
f 1655 1694 2851
f 1655 365 1694
f 415 2852 1657
f 415 1664 2852
f 1657 1656 545
f 1657 2852 1656
f 2852 549 1656
f 2852 1660 549
f 1664 1660 2852
f 1664 413 1660
f 368 2853 1666
f 368 1659 2853
f 1666 1665 550
f 1666 2853 1665
f 2853 413 1665
f 2853 1660 413
f 1659 1660 2853
f 1659 549 1660
f 368 2854 1692
f 368 1666 2854
f 1692 1669 370
f 1692 2854 1669
f 2854 551 1669
f 2854 1667 551
f 1666 1667 2854
f 1666 550 1667
f 551 2855 1670
f 551 1667 2855
f 1670 1672 552
f 1670 2855 1672
f 2855 409 1672
f 2855 1668 409
f 1667 1668 2855
f 1667 550 1668
f 551 2856 1669
f 551 1671 2856
f 1669 1691 370
f 1669 2856 1691
f 2856 372 1691
f 2856 1683 372
f 1671 1683 2856
f 1671 391 1683
f 551 2857 1671
f 551 1670 2857
f 1671 1682 391
f 1671 2857 1682
f 2857 393 1682
f 2857 1673 393
f 1670 1673 2857
f 1670 552 1673
f 393 2858 1681
f 393 1673 2858
f 1681 1677 395
f 1681 2858 1677
f 2858 403 1677
f 2858 1674 403
f 1673 1674 2858
f 1673 552 1674
f 246 2859 1713
f 246 1830 2859
f 1713 1701 324
f 1713 2859 1701
f 2859 345 1701
f 2859 1699 345
f 1830 1699 2859
f 1830 248 1699
f 315 2860 1720
f 315 1710 2860
f 1720 1708 311
f 1720 2860 1708
f 2860 331 1708
f 2860 1707 331
f 1710 1707 2860
f 1710 329 1707
f 246 2861 1718
f 246 1713 2861
f 1718 1715 553
f 1718 2861 1715
f 2861 321 1715
f 2861 1714 321
f 1713 1714 2861
f 1713 324 1714
f 230 2862 1716
f 230 1834 2862
f 1716 1715 321
f 1716 2862 1715
f 2862 553 1715
f 2862 1719 553
f 1834 1719 2862
f 1834 232 1719
f 218 2863 1726
f 218 1722 2863
f 1726 1725 554
f 1726 2863 1725
f 2863 312 1725
f 2863 1723 312
f 1722 1723 2863
f 1722 314 1723
f 554 2864 1728
f 554 1725 2864
f 1728 1732 206
f 1728 2864 1732
f 2864 308 1732
f 2864 1724 308
f 1725 1724 2864
f 1725 312 1724
f 149 2865 1870
f 149 1745 2865
f 1870 1747 147
f 1870 2865 1747
f 2865 555 1747
f 2865 1744 555
f 1745 1744 2865
f 1745 281 1744
f 556 2866 1750
f 556 1746 2866
f 1750 1820 557
f 1750 2866 1820
f 2866 277 1820
f 2866 1748 277
f 1746 1748 2866
f 1746 555 1748
f 556 2867 1746
f 556 1749 2867
f 1746 1747 555
f 1746 2867 1747
f 2867 147 1747
f 2867 1871 147
f 1749 1871 2867
f 1749 144 1871
f 142 2868 1754
f 142 1873 2868
f 1754 1751 558
f 1754 2868 1751
f 2868 556 1751
f 2868 1749 556
f 1873 1749 2868
f 1873 144 1749
f 556 2869 1751
f 556 1750 2869
f 1751 1752 558
f 1751 2869 1752
f 2869 559 1752
f 2869 1818 559
f 1750 1818 2869
f 1750 557 1818
f 561 2870 1817
f 561 1755 2870
f 1817 1752 559
f 1817 2870 1752
f 2870 558 1752
f 2870 1753 558
f 1755 1753 2870
f 1755 560 1753
f 142 2871 1760
f 142 1754 2871
f 1760 1757 563
f 1760 2871 1757
f 2871 560 1757
f 2871 1753 560
f 1754 1753 2871
f 1754 558 1753
f 561 2872 1755
f 561 1807 2872
f 1755 1756 560
f 1755 2872 1756
f 2872 562 1756
f 2872 1808 562
f 1807 1808 2872
f 1807 576 1808
f 562 2873 1756
f 562 1761 2873
f 1756 1757 560
f 1756 2873 1757
f 2873 563 1757
f 2873 1758 563
f 1761 1758 2873
f 1761 564 1758
f 141 2874 1766
f 141 1759 2874
f 1766 1763 566
f 1766 2874 1763
f 2874 564 1763
f 2874 1758 564
f 1759 1758 2874
f 1759 563 1758
f 562 2875 1761
f 562 1771 2875
f 1761 1762 564
f 1761 2875 1762
f 2875 565 1762
f 2875 1767 565
f 1771 1767 2875
f 1771 567 1767
f 565 2876 1762
f 565 1769 2876
f 1762 1763 564
f 1762 2876 1763
f 2876 566 1763
f 2876 1764 566
f 1769 1764 2876
f 1769 118 1764
f 127 2877 1879
f 127 1765 2877
f 1879 1886 120
f 1879 2877 1886
f 2877 118 1886
f 2877 1764 118
f 1765 1764 2877
f 1765 566 1764
f 127 2878 1765
f 127 1876 2878
f 1765 1766 566
f 1765 2878 1766
f 2878 141 1766
f 2878 1874 141
f 1876 1874 2878
f 1876 138 1874
f 565 2879 1768
f 565 1767 2879
f 1768 1774 117
f 1768 2879 1774
f 2879 569 1774
f 2879 1772 569
f 1767 1772 2879
f 1767 567 1772
f 562 2880 1771
f 562 1808 2880
f 1771 1770 567
f 1771 2880 1770
f 2880 568 1770
f 2880 1806 568
f 1808 1806 2880
f 1808 576 1806
f 571 2881 1777
f 571 1775 2881
f 1777 1770 568
f 1777 2881 1770
f 2881 567 1770
f 2881 1772 567
f 1775 1772 2881
f 1775 569 1772
f 570 2882 1810
f 570 1773 2882
f 1810 1776 572
f 1810 2882 1776
f 2882 571 1776
f 2882 1775 571
f 1773 1775 2882
f 1773 569 1775
f 570 2883 1773
f 570 1813 2883
f 1773 1774 569
f 1773 2883 1774
f 2883 117 1774
f 2883 1887 117
f 1813 1887 2883
f 1813 115 1887
f 571 2884 1776
f 571 1778 2884
f 1776 1809 572
f 1776 2884 1809
f 2884 224 1809
f 2884 1779 224
f 1778 1779 2884
f 1778 573 1779
f 571 2885 1778
f 571 1777 2885
f 1778 1780 573
f 1778 2885 1780
f 2885 574 1780
f 2885 1782 574
f 1777 1782 2885
f 1777 568 1782
f 574 2886 1780
f 574 1784 2886
f 1780 1781 573
f 1780 2886 1781
f 2886 228 1781
f 2886 1833 228
f 1784 1833 2886
f 1784 234 1833
f 574 2887 1783
f 574 1782 2887
f 1783 1785 575
f 1783 2887 1785
f 2887 576 1785
f 2887 1806 576
f 1782 1806 2887
f 1782 568 1806
f 574 2888 1784
f 574 1783 2888
f 1784 1804 234
f 1784 2888 1804
f 2888 577 1804
f 2888 1786 577
f 1783 1786 2888
f 1783 575 1786
f 561 2889 1807
f 561 1790 2889
f 1807 1785 576
f 1807 2889 1785
f 2889 575 1785
f 2889 1787 575
f 1790 1787 2889
f 1790 578 1787
f 577 2890 1803
f 577 1786 2890
f 1803 1788 579
f 1803 2890 1788
f 2890 578 1788
f 2890 1787 578
f 1786 1787 2890
f 1786 575 1787
f 580 2891 1789
f 580 1792 2891
f 1789 1788 578
f 1789 2891 1788
f 2891 579 1788
f 2891 1796 579
f 1792 1796 2891
f 1792 581 1796
f 580 2892 1793
f 580 1789 2892
f 1793 1817 559
f 1793 2892 1817
f 2892 561 1817
f 2892 1790 561
f 1789 1790 2892
f 1789 578 1790
f 580 2893 1791
f 580 1793 2893
f 1791 1819 276
f 1791 2893 1819
f 2893 557 1819
f 2893 1818 557
f 1793 1818 2893
f 1793 559 1818
f 274 2894 1821
f 274 1795 2894
f 1821 1791 276
f 1821 2894 1791
f 2894 580 1791
f 2894 1792 580
f 1795 1792 2894
f 1795 581 1792
f 274 2895 1795
f 274 1822 2895
f 1795 1794 581
f 1795 2895 1794
f 2895 582 1794
f 2895 1798 582
f 1822 1798 2895
f 1822 267 1798
f 583 2896 1799
f 583 1800 2896
f 1799 1794 582
f 1799 2896 1794
f 2896 581 1794
f 2896 1796 581
f 1800 1796 2896
f 1800 579 1796
f 583 2897 1802
f 583 1799 2897
f 1802 1825 239
f 1802 2897 1825
f 2897 263 1825
f 2897 1797 263
f 1799 1797 2897
f 1799 582 1797
f 577 2898 1805
f 577 1803 2898
f 1805 1801 235
f 1805 2898 1801
f 2898 583 1801
f 2898 1800 583
f 1803 1800 2898
f 1803 579 1800
f 570 2899 1812
f 570 1810 2899
f 1812 1814 584
f 1812 2899 1814
f 2899 220 1814
f 2899 1811 220
f 1810 1811 2899
f 1810 572 1811
f 113 2900 1815
f 113 1888 2900
f 1815 1812 584
f 1815 2900 1812
f 2900 570 1812
f 2900 1813 570
f 1888 1813 2900
f 1888 115 1813
f 585 2901 1835
f 585 1838 2901
f 1835 1816 216
f 1835 2901 1816
f 2901 584 1816
f 2901 1815 584
f 1838 1815 2901
f 1838 113 1815
f 586 2902 1840
f 586 1843 2902
f 1840 1837 215
f 1840 2902 1837
f 2902 585 1837
f 2902 1836 585
f 1843 1836 2902
f 1843 109 1836
f 586 2903 1842
f 586 1840 2903
f 1842 1845 96
f 1842 2903 1845
f 2903 213 1845
f 2903 1839 213
f 1840 1839 2903
f 1840 215 1839
f 208 2904 1846
f 208 1847 2904
f 1846 2300 94
f 1846 2904 2300
f 2904 92 2300
f 2904 1850 92
f 1847 1850 2904
f 1847 587 1850
f 194 2905 1853
f 194 1857 2905
f 1853 1848 202
f 1853 2905 1848
f 2905 587 1848
f 2905 1849 587
f 1857 1849 2905
f 1857 192 1849
f 92 2906 1863
f 92 1850 2906
f 1863 1858 188
f 1863 2906 1858
f 2906 192 1858
f 2906 1849 192
f 1850 1849 2906
f 1850 587 1849
f 7 2907 1889
f 7 2336 2907
f 1889 1884 107
f 1889 2907 1884
f 2907 122 1884
f 2907 1885 122
f 2336 1885 2907
f 2336 10 1885
f 588 2908 1893
f 588 2297 2908
f 1893 1891 103
f 1893 2908 1891
f 2908 105 1891
f 2908 1890 105
f 2297 1890 2908
f 2297 3 1890
f 588 2909 1898
f 588 1893 2909
f 1898 1897 590
f 1898 2909 1897
f 2909 589 1897
f 2909 1894 589
f 1893 1894 2909
f 1893 103 1894
f 84 2910 2304
f 84 1895 2910
f 2304 2298 86
f 2304 2910 2298
f 2910 99 2298
f 2910 1896 99
f 1895 1896 2910
f 1895 589 1896
f 591 2911 2296
f 591 1899 2911
f 2296 1895 84
f 2296 2911 1895
f 2911 589 1895
f 2911 1897 589
f 1899 1897 2911
f 1899 590 1897
f 588 2912 1904
f 588 1898 2912
f 1904 1903 595
f 1904 2912 1903
f 2912 592 1903
f 2912 1900 592
f 1898 1900 2912
f 1898 590 1900
f 594 2913 2294
f 594 1902 2913
f 2294 1899 591
f 2294 2913 1899
f 2913 590 1899
f 2913 1900 590
f 1902 1900 2913
f 1902 592 1900
f 593 2914 1901
f 593 2293 2914
f 1901 1903 592
f 1901 2914 1903
f 2914 595 1903
f 2914 1905 595
f 2293 1905 2914
f 2293 596 1905
f 593 2915 2007
f 593 1901 2915
f 2007 2008 661
f 2007 2915 2008
f 2915 594 2008
f 2915 1902 594
f 1901 1902 2915
f 1901 592 1902
f 597 2916 1906
f 597 1908 2916
f 1906 1904 595
f 1906 2916 1904
f 2916 588 1904
f 2916 2291 588
f 1908 2291 2916
f 1908 599 2291
f 597 2917 1907
f 597 1906 2917
f 1907 2292 598
f 1907 2917 2292
f 2917 596 2292
f 2917 1905 596
f 1906 1905 2917
f 1906 595 1905
f 601 2918 2290
f 601 1910 2918
f 2290 1907 598
f 2290 2918 1907
f 2918 597 1907
f 2918 1909 597
f 1910 1909 2918
f 1910 600 1909
f 603 2919 1912
f 603 1913 2919
f 1912 1909 600
f 1912 2919 1909
f 2919 597 1909
f 2919 1908 597
f 1913 1908 2919
f 1913 599 1908
f 601 2920 1910
f 601 2208 2920
f 1910 1911 600
f 1910 2920 1911
f 2920 602 1911
f 2920 2209 602
f 2208 2209 2920
f 2208 771 2209
f 602 2921 1911
f 602 2289 2921
f 1911 1912 600
f 1911 2921 1912
f 2921 603 1912
f 2921 1914 603
f 2289 1914 2921
f 2289 604 1914
f 605 2922 1915
f 605 1918 2922
f 1915 1913 603
f 1915 2922 1913
f 2922 599 1913
f 2922 1921 599
f 1918 1921 2922
f 1918 608 1921
f 604 2923 1914
f 604 2288 2923
f 1914 1915 603
f 1914 2923 1915
f 2923 605 1915
f 2923 1916 605
f 2288 1916 2923
f 2288 606 1916
f 606 2924 1916
f 606 2287 2924
f 1916 1917 605
f 1916 2924 1917
f 2924 607 1917
f 2924 1922 607
f 2287 1922 2924
f 2287 609 1922
f 607 2925 1917
f 607 1923 2925
f 1917 1918 605
f 1917 2925 1918
f 2925 608 1918
f 2925 1920 608
f 1923 1920 2925
f 1923 4 1920
f 588 2926 2297
f 588 2291 2926
f 2297 1919 3
f 2297 2926 1919
f 2926 608 1919
f 2926 1921 608
f 2291 1921 2926
f 2291 599 1921
f 611 2927 2286
f 611 1926 2927
f 2286 1922 609
f 2286 2927 1922
f 2927 607 1922
f 2927 1924 607
f 1926 1924 2927
f 1926 610 1924
f 610 2928 1924
f 610 1925 2928
f 1924 1923 607
f 1924 2928 1923
f 2928 4 1923
f 2928 2338 4
f 1925 2338 2928
f 1925 5 2338
f 615 2929 1930
f 615 1932 2929
f 1930 1927 612
f 1930 2929 1927
f 2929 610 1927
f 2929 1925 610
f 1932 1925 2929
f 1932 5 1925
f 611 2930 1926
f 611 2285 2930
f 1926 1927 610
f 1926 2930 1927
f 2930 612 1927
f 2930 1928 612
f 2285 1928 2930
f 2285 613 1928
f 613 2931 1928
f 613 2233 2931
f 1928 1929 612
f 1928 2931 1929
f 2931 614 1929
f 2931 2234 614
f 2233 2234 2931
f 2233 723 2234
f 615 2932 1931
f 615 1930 2932
f 1931 2284 616
f 1931 2932 2284
f 2932 614 2284
f 2932 1929 614
f 1930 1929 2932
f 1930 612 1929
f 617 2933 1934
f 617 1933 2933
f 1934 2283 618
f 1934 2933 2283
f 2933 616 2283
f 2933 1931 616
f 1933 1931 2933
f 1933 615 1931
f 617 2934 1933
f 617 1936 2934
f 1933 1932 615
f 1933 2934 1932
f 2934 5 1932
f 2934 2335 5
f 1936 2335 2934
f 1936 12 2335
f 620 2935 1943
f 620 1937 2935
f 1943 1934 618
f 1943 2935 1934
f 2935 617 1934
f 2935 1935 617
f 1937 1935 2935
f 1937 619 1935
f 619 2936 1935
f 619 1939 2936
f 1935 1936 617
f 1935 2936 1936
f 2936 12 1936
f 2936 1942 12
f 1939 1942 2936
f 1939 621 1942
f 620 2937 1937
f 620 1944 2937
f 1937 1938 619
f 1937 2937 1938
f 2937 24 1938
f 2937 2281 24
f 1944 2281 2937
f 1944 622 2281
f 24 2938 1938
f 24 2333 2938
f 1938 1939 619
f 1938 2938 1939
f 2938 621 1939
f 2938 1941 621
f 2333 1941 2938
f 2333 18 1941
f 626 2939 1949
f 626 1948 2939
f 1949 1943 618
f 1949 2939 1943
f 2939 620 1943
f 2939 1945 620
f 1948 1945 2939
f 1948 623 1945
f 620 2940 1944
f 620 1945 2940
f 1944 2280 622
f 1944 2940 2280
f 2940 625 2280
f 2940 1947 625
f 1945 1947 2940
f 1945 623 1947
f 626 2941 1948
f 626 1950 2941
f 1948 1946 623
f 1948 2941 1946
f 2941 624 1946
f 2941 2279 624
f 1950 2279 2941
f 1950 627 2279
f 781 2942 2273
f 781 2274 2942
f 2273 1946 624
f 2273 2942 1946
f 2942 623 1946
f 2942 1947 623
f 2274 1947 2942
f 2274 625 1947
f 628 2943 1954
f 628 1951 2943
f 1954 2283 616
f 1954 2943 2283
f 2943 618 2283
f 2943 1949 618
f 1951 1949 2943
f 1951 626 1949
f 630 2944 1953
f 630 1957 2944
f 1953 1951 628
f 1953 2944 1951
f 2944 626 1951
f 2944 1950 626
f 1957 1950 2944
f 1957 627 1950
f 616 2945 1954
f 616 2284 2945
f 1954 1952 628
f 1954 2945 1952
f 2945 629 1952
f 2945 2278 629
f 2284 2278 2945
f 2284 614 2278
f 630 2946 1955
f 630 1953 2946
f 1955 2277 631
f 1955 2946 2277
f 2946 629 2277
f 2946 1952 629
f 1953 1952 2946
f 1953 628 1952
f 634 2947 2276
f 634 1959 2947
f 2276 1955 631
f 2276 2947 1955
f 2947 630 1955
f 2947 1956 630
f 1959 1956 2947
f 1959 632 1956
f 635 2948 1960
f 635 1963 2948
f 1960 1956 632
f 1960 2948 1956
f 2948 630 1956
f 2948 1957 630
f 1963 1957 2948
f 1963 627 1957
f 635 2949 1962
f 635 1960 2949
f 1962 1966 637
f 1962 2949 1966
f 2949 633 1966
f 2949 1958 633
f 1960 1958 2949
f 1960 632 1958
f 634 2950 1959
f 634 2109 2950
f 1959 1958 632
f 1959 2950 1958
f 2950 633 1958
f 2950 2107 633
f 2109 2107 2950
f 2109 717 2107
f 635 2951 1963
f 635 1961 2951
f 1963 2279 627
f 1963 2951 2279
f 2951 624 2279
f 2951 2275 624
f 1961 2275 2951
f 1961 636 2275
f 638 2952 1964
f 638 2260 2952
f 1964 1962 637
f 1964 2952 1962
f 2952 635 1962
f 2952 1961 635
f 2260 1961 2952
f 2260 636 1961
f 638 2953 2259
f 638 1964 2953
f 2259 1967 47
f 2259 2953 1967
f 2953 639 1967
f 2953 1965 639
f 1964 1965 2953
f 1964 637 1965
f 640 2954 1970
f 640 1968 2954
f 1970 1966 633
f 1970 2954 1966
f 2954 637 1966
f 2954 1965 637
f 1968 1965 2954
f 1968 639 1965
f 48 2955 1975
f 48 1969 2955
f 1975 1972 642
f 1975 2955 1972
f 2955 640 1972
f 2955 1968 640
f 1969 1968 2955
f 1969 639 1968
f 640 2956 1971
f 640 1970 2956
f 1971 2108 641
f 1971 2956 2108
f 2956 717 2108
f 2956 2107 717
f 1970 2107 2956
f 1970 633 2107
f 640 2957 1972
f 640 1971 2957
f 1972 1973 642
f 1972 2957 1973
f 2957 643 1973
f 2957 1976 643
f 1971 1976 2957
f 1971 641 1976
f 643 2958 1973
f 643 1978 2958
f 1973 1974 642
f 1973 2958 1974
f 2958 52 1974
f 2958 1980 52
f 1978 1980 2958
f 1978 645 1980
f 643 2959 1977
f 643 1976 2959
f 1977 2096 644
f 1977 2959 2096
f 2959 718 2096
f 2959 2095 718
f 1976 2095 2959
f 1976 641 2095
f 643 2960 1978
f 643 1977 2960
f 1978 1979 645
f 1978 2960 1979
f 2960 646 1979
f 2960 1983 646
f 1977 1983 2960
f 1977 644 1983
f 645 2961 1981
f 645 1979 2961
f 1981 1987 56
f 1981 2961 1987
f 2961 648 1987
f 2961 1984 648
f 1979 1984 2961
f 1979 646 1984
f 644 2962 1983
f 644 2103 2962
f 1983 1982 646
f 1983 2962 1982
f 2962 647 1982
f 2962 2101 647
f 2103 2101 2962
f 2103 720 2101
f 649 2963 2258
f 649 1985 2963
f 2258 1982 647
f 2258 2963 1982
f 2963 646 1982
f 2963 1984 646
f 1985 1984 2963
f 1985 648 1984
f 687 2964 2058
f 687 2059 2964
f 649 2964 1985
f 649 2058 2964
f 648 2964 1986
f 648 1985 2964
f 650 2964 1988
f 650 1986 2964
f 651 2964 2059
f 651 1988 2964
f 56 2965 2318
f 56 1987 2965
f 2318 1989 58
f 2318 2965 1989
f 2965 650 1989
f 2965 1986 650
f 1987 1986 2965
f 1987 648 1986
f 651 2966 1988
f 651 2257 2966
f 1988 1990 650
f 1988 2966 1990
f 2966 652 1990
f 2966 1991 652
f 2257 1991 2966
f 2257 653 1991
f 58 2967 2317
f 58 1989 2967
f 2317 1992 60
f 2317 2967 1992
f 2967 652 1992
f 2967 1990 652
f 1989 1990 2967
f 1989 650 1990
f 653 2968 1991
f 653 2256 2968
f 1991 1993 652
f 1991 2968 1993
f 2968 654 1993
f 2968 1994 654
f 2256 1994 2968
f 2256 655 1994
f 60 2969 2254
f 60 1992 2969
f 2254 1995 656
f 2254 2969 1995
f 2969 654 1995
f 2969 1993 654
f 1992 1993 2969
f 1992 652 1993
f 655 2970 1994
f 655 2012 2970
f 1994 1996 654
f 1994 2970 1996
f 2970 657 1996
f 2970 1997 657
f 2012 1997 2970
f 2012 658 1997
f 656 2971 2011
f 656 1995 2971
f 2011 1998 659
f 2011 2971 1998
f 2971 657 1998
f 2971 1996 657
f 1995 1996 2971
f 1995 654 1996
f 658 2972 1997
f 658 2006 2972
f 1997 1999 657
f 1997 2972 1999
f 2972 660 1999
f 2972 2000 660
f 2006 2000 2972
f 2006 661 2000
f 659 2973 2010
f 659 1998 2973
f 2010 2001 73
f 2010 2973 2001
f 2973 660 2001
f 2973 1999 660
f 1998 1999 2973
f 1998 657 1999
f 594 2974 2008
f 594 2003 2974
f 2008 2000 661
f 2008 2974 2000
f 2974 660 2000
f 2974 2002 660
f 2003 2002 2974
f 2003 662 2002
f 73 2975 2306
f 73 2001 2975
f 2306 2005 75
f 2306 2975 2005
f 2975 662 2005
f 2975 2002 662
f 2001 2002 2975
f 2001 660 2002
f 594 2976 2003
f 594 2294 2976
f 2003 2004 662
f 2003 2976 2004
f 2976 80 2004
f 2976 2295 80
f 2294 2295 2976
f 2294 591 2295
f 658 2977 2006
f 658 2013 2977
f 2006 2007 661
f 2006 2977 2007
f 2977 593 2007
f 2977 2016 593
f 2013 2016 2977
f 2013 663 2016
f 656 2978 2255
f 656 2011 2978
f 2255 2308 61
f 2255 2978 2308
f 2978 68 2308
f 2978 2009 68
f 2011 2009 2978
f 2011 659 2009
f 655 2979 2012
f 655 2253 2979
f 2012 2013 658
f 2012 2979 2013
f 2979 663 2013
f 2979 2014 663
f 2253 2014 2979
f 2253 664 2014
f 666 2980 2252
f 666 2017 2980
f 2252 2014 664
f 2252 2980 2014
f 2980 663 2014
f 2980 2015 663
f 2017 2015 2980
f 2017 665 2015
f 593 2981 2293
f 593 2016 2981
f 2293 2019 596
f 2293 2981 2019
f 2981 665 2019
f 2981 2015 665
f 2016 2015 2981
f 2016 663 2015
f 666 2982 2017
f 666 2025 2982
f 2017 2018 665
f 2017 2982 2018
f 2982 667 2018
f 2982 2021 667
f 2025 2021 2982
f 2025 669 2021
f 667 2983 2018
f 667 2022 2983
f 2018 2019 665
f 2018 2983 2019
f 2983 596 2019
f 2983 2292 596
f 2022 2292 2983
f 2022 598 2292
f 667 2984 2022
f 667 2020 2984
f 2022 2290 598
f 2022 2984 2290
f 2984 601 2290
f 2984 2251 601
f 2020 2251 2984
f 2020 668 2251
f 667 2985 2020
f 667 2021 2985
f 2020 2028 668
f 2020 2985 2028
f 2985 671 2028
f 2985 2024 671
f 2021 2024 2985
f 2021 669 2024
f 690 2986 2053
f 690 2054 2986
f 2053 2025 666
f 2053 2986 2025
f 2986 669 2025
f 2986 2023 669
f 2054 2023 2986
f 2054 670 2023
f 672 2987 2250
f 672 2026 2987
f 2250 2023 670
f 2250 2987 2023
f 2987 669 2023
f 2987 2024 669
f 2026 2024 2987
f 2026 671 2024
f 672 2988 2026
f 672 2032 2988
f 2026 2027 671
f 2026 2988 2027
f 2988 673 2027
f 2988 2031 673
f 2032 2031 2988
f 2032 676 2031
f 673 2989 2027
f 673 2030 2989
f 2027 2028 671
f 2027 2989 2028
f 2989 668 2028
f 2989 2249 668
f 2030 2249 2989
f 2030 675 2249
f 673 2990 2030
f 673 2029 2990
f 2030 2202 675
f 2030 2990 2202
f 2990 768 2202
f 2990 2201 768
f 2029 2201 2990
f 2029 674 2201
f 673 2991 2029
f 673 2031 2991
f 2029 2035 674
f 2029 2991 2035
f 2991 678 2035
f 2991 2034 678
f 2031 2034 2991
f 2031 676 2034
f 672 2992 2032
f 672 2250 2992
f 2032 2033 676
f 2032 2992 2033
f 2992 677 2033
f 2992 2248 677
f 2250 2248 2992
f 2250 670 2248
f 680 2993 2040
f 680 2037 2993
f 2040 2033 677
f 2040 2993 2033
f 2993 676 2033
f 2993 2034 676
f 2037 2034 2993
f 2037 678 2034
f 751 2994 2198
f 751 2197 2994
f 2198 2036 679
f 2198 2994 2036
f 2994 678 2036
f 2994 2035 678
f 2197 2035 2994
f 2197 674 2035
f 679 2995 2247
f 679 2036 2995
f 2247 2038 681
f 2247 2995 2038
f 2995 680 2038
f 2995 2037 680
f 2036 2037 2995
f 2036 678 2037
f 680 2996 2038
f 680 2039 2996
f 2038 2246 681
f 2038 2996 2246
f 2996 683 2246
f 2996 2041 683
f 2039 2041 2996
f 2039 682 2041
f 680 2997 2039
f 680 2040 2997
f 2039 2042 682
f 2039 2997 2042
f 2997 684 2042
f 2997 2245 684
f 2040 2245 2997
f 2040 677 2245
f 686 2998 2044
f 686 2244 2998
f 2044 2043 685
f 2044 2998 2043
f 2998 682 2043
f 2998 2041 682
f 2244 2041 2998
f 2244 683 2041
f 684 2999 2042
f 684 2047 2999
f 2042 2043 682
f 2042 2999 2043
f 2999 685 2043
f 2999 2046 685
f 2047 2046 2999
f 2047 688 2046
f 692 3000 2057
f 692 2060 3000
f 2057 2045 687
f 2057 3000 2045
f 3000 685 2045
f 3000 2044 685
f 2060 2044 3000
f 2060 686 2044
f 687 3001 2059
f 687 2045 3001
f 2059 2048 651
f 2059 3001 2048
f 3001 688 2048
f 3001 2046 688
f 2045 2046 3001
f 2045 685 2046
f 684 3002 2047
f 684 2055 3002
f 2047 2049 688
f 2047 3002 2049
f 3002 689 2049
f 3002 2050 689
f 2055 2050 3002
f 2055 690 2050
f 651 3003 2257
f 651 2048 3003
f 2257 2051 653
f 2257 3003 2051
f 3003 689 2051
f 3003 2049 689
f 2048 2049 3003
f 2048 688 2049
f 690 3004 2050
f 690 2053 3004
f 2050 2052 689
f 2050 3004 2052
f 3004 664 2052
f 3004 2252 664
f 2053 2252 3004
f 2053 666 2252
f 653 3005 2256
f 653 2051 3005
f 2256 2253 655
f 2256 3005 2253
f 3005 664 2253
f 3005 2052 664
f 2051 2052 3005
f 2051 689 2052
f 684 3006 2055
f 684 2245 3006
f 2055 2054 690
f 2055 3006 2054
f 3006 670 2054
f 3006 2248 670
f 2245 2248 3006
f 2245 677 2248
f 687 3007 2056
f 687 2058 3007
f 2056 2243 691
f 2056 3007 2243
f 3007 647 2243
f 3007 2258 647
f 2058 2258 3007
f 2058 649 2258
f 693 3008 2063
f 693 2061 3008
f 2063 2056 691
f 2063 3008 2056
f 3008 687 2056
f 3008 2057 687
f 2061 2057 3008
f 2061 692 2057
f 695 3009 2064
f 695 2066 3009
f 2064 2061 693
f 2064 3009 2061
f 3009 692 2061
f 3009 2060 692
f 2066 2060 3009
f 2066 686 2060
f 697 3010 2070
f 697 2067 3010
f 2070 2062 694
f 2070 3010 2062
f 3010 693 2062
f 3010 2064 693
f 2067 2064 3010
f 2067 695 2064
f 694 3011 2105
f 694 2062 3011
f 2105 2106 721
f 2105 3011 2106
f 3011 691 2106
f 3011 2063 691
f 2062 2063 3011
f 2062 693 2063
f 695 3012 2066
f 695 2065 3012
f 2066 2244 686
f 2066 3012 2244
f 3012 683 2244
f 3012 2242 683
f 2065 2242 3012
f 2065 696 2242
f 697 3013 2067
f 697 2068 3013
f 2067 2065 695
f 2067 3013 2065
f 3013 696 2065
f 3013 2241 696
f 2068 2241 3013
f 2068 698 2241
f 699 3014 2069
f 699 2072 3014
f 2069 2068 697
f 2069 3014 2068
f 3014 698 2068
f 3014 2239 698
f 2072 2239 3014
f 2072 701 2239
f 699 3015 2071
f 699 2069 3015
f 2071 2240 700
f 2071 3015 2240
f 3015 694 2240
f 3015 2070 694
f 2069 2070 3015
f 2069 697 2070
f 702 3016 2076
f 702 2073 3016
f 2076 2079 705
f 2076 3016 2079
f 3016 700 2079
f 3016 2071 700
f 2073 2071 3016
f 2073 699 2071
f 702 3017 2073
f 702 2075 3017
f 2073 2072 699
f 2073 3017 2072
f 3017 701 2072
f 3017 2238 701
f 2075 2238 3017
f 2075 704 2238
f 702 3018 2074
f 702 2076 3018
f 2074 2237 703
f 2074 3018 2237
f 3018 706 2237
f 3018 2077 706
f 2076 2077 3018
f 2076 705 2077
f 760 3019 2192
f 760 2193 3019
f 2192 2074 703
f 2192 3019 2074
f 3019 702 2074
f 3019 2075 702
f 2193 2075 3019
f 2193 704 2075
f 705 3020 2077
f 705 2078 3020
f 2077 2084 706
f 2077 3020 2084
f 3020 710 2084
f 3020 2082 710
f 2078 2082 3020
f 2078 707 2082
f 705 3021 2078
f 705 2079 3021
f 2078 2080 707
f 2078 3021 2080
f 3021 708 2080
f 3021 2236 708
f 2079 2236 3021
f 2079 700 2236
f 709 3022 2099
f 709 2081 3022
f 2099 2098 719
f 2099 3022 2098
f 3022 708 2098
f 3022 2080 708
f 2081 2080 3022
f 2081 707 2080
f 712 3023 2088
f 712 2085 3023
f 2088 2081 709
f 2088 3023 2081
f 3023 707 2081
f 3023 2082 707
f 2085 2082 3023
f 2085 710 2082
f 713 3024 2086
f 713 2235 3024
f 2086 2085 712
f 2086 3024 2085
f 3024 710 2085
f 3024 2083 710
f 2235 2083 3024
f 2235 711 2083
f 767 3025 2189
f 767 2190 3025
f 2189 2083 711
f 2189 3025 2083
f 3025 710 2083
f 3025 2084 710
f 2190 2084 3025
f 2190 706 2084
f 714 3026 2087
f 714 2090 3026
f 2087 2086 712
f 2087 3026 2086
f 3026 713 2086
f 3026 2110 713
f 2090 2110 3026
f 2090 715 2110
f 716 3027 2094
f 716 2091 3027
f 2094 2088 709
f 2094 3027 2088
f 3027 712 2088
f 3027 2087 712
f 2091 2087 3027
f 2091 714 2087
f 634 3028 2089
f 634 2276 3028
f 2089 2090 714
f 2089 3028 2090
f 3028 715 2090
f 3028 2111 715
f 2276 2111 3028
f 2276 631 2111
f 716 3029 2091
f 716 2092 3029
f 2091 2089 714
f 2091 3029 2089
f 3029 634 2089
f 3029 2109 634
f 2092 2109 3029
f 2092 717 2109
f 718 3030 2093
f 718 2095 3030
f 2093 2092 716
f 2093 3030 2092
f 3030 717 2092
f 3030 2108 717
f 2095 2108 3030
f 2095 641 2108
f 718 3031 2097
f 718 2093 3031
f 2097 2099 719
f 2097 3031 2099
f 3031 709 2099
f 3031 2094 709
f 2093 2094 3031
f 2093 716 2094
f 718 3032 2096
f 718 2097 3032
f 2096 2103 644
f 2096 3032 2103
f 3032 720 2103
f 3032 2100 720
f 2097 2100 3032
f 2097 719 2100
f 719 3033 2100
f 719 2098 3033
f 2100 2102 720
f 2100 3033 2102
f 3033 721 2102
f 3033 2104 721
f 2098 2104 3033
f 2098 708 2104
f 720 3034 2101
f 720 2102 3034
f 2101 2243 647
f 2101 3034 2243
f 3034 691 2243
f 3034 2106 691
f 2102 2106 3034
f 2102 721 2106
f 700 3035 2236
f 700 2240 3035
f 2236 2104 708
f 2236 3035 2104
f 3035 721 2104
f 3035 2105 721
f 2240 2105 3035
f 2240 694 2105
f 724 3036 2115
f 724 2117 3036
f 722 3036 2112
f 722 2115 3036
f 715 3036 2110
f 715 2112 3036
f 713 3036 2235
f 713 2110 3036
f 711 3036 2117
f 711 2235 3036
f 631 3037 2111
f 631 2277 3037
f 2111 2112 715
f 2111 3037 2112
f 3037 722 2112
f 3037 2114 722
f 2277 2114 3037
f 2277 629 2114
f 723 3038 2113
f 723 2121 3038
f 2113 2115 722
f 2113 3038 2115
f 3038 724 2115
f 3038 2118 724
f 2121 2118 3038
f 2121 726 2118
f 723 3039 2234
f 723 2113 3039
f 2234 2278 614
f 2234 3039 2278
f 3039 629 2278
f 3039 2114 629
f 2113 2114 3039
f 2113 722 2114
f 724 3040 2117
f 724 2116 3040
f 2117 2189 711
f 2117 3040 2189
f 3040 767 2189
f 3040 2191 767
f 2116 2191 3040
f 2116 725 2191
f 724 3041 2116
f 724 2118 3041
f 2116 2232 725
f 2116 3041 2232
f 3041 727 2232
f 3041 2119 727
f 2118 2119 3041
f 2118 726 2119
f 730 3042 2124
f 730 2126 3042
f 2124 2120 728
f 2124 3042 2120
f 3042 726 2120
f 3042 2119 726
f 2126 2119 3042
f 2126 727 2119
f 613 3043 2233
f 613 2123 3043
f 2233 2121 723
f 2233 3043 2121
f 3043 726 2121
f 3043 2120 726
f 2123 2120 3043
f 2123 728 2120
f 611 3044 2285
f 611 2231 3044
f 2285 2123 613
f 2285 3044 2123
f 3044 728 2123
f 3044 2122 728
f 2231 2122 3044
f 2231 729 2122
f 730 3045 2127
f 730 2124 3045
f 2127 2128 732
f 2127 3045 2128
f 3045 729 2128
f 3045 2122 729
f 2124 2122 3045
f 2124 728 2122
f 731 3046 2230
f 731 2125 3046
f 2230 2129 733
f 2230 3046 2129
f 3046 732 2129
f 3046 2127 732
f 2125 2127 3046
f 2125 730 2127
f 731 3047 2125
f 731 2184 3047
f 2125 2126 730
f 2125 3047 2126
f 3047 727 2126
f 3047 2186 727
f 2184 2186 3047
f 2184 766 2186
f 736 3048 2228
f 736 2132 3048
f 2228 2128 729
f 2228 3048 2128
f 3048 732 2128
f 3048 2130 732
f 2132 2130 3048
f 2132 734 2130
f 734 3049 2130
f 734 2133 3049
f 2130 2129 732
f 2130 3049 2129
f 3049 733 2129
f 3049 2135 733
f 2133 2135 3049
f 2133 737 2135
f 735 3050 2131
f 735 2227 3050
f 2131 2133 734
f 2131 3050 2133
f 3050 737 2133
f 3050 2134 737
f 2227 2134 3050
f 2227 738 2134
f 736 3051 2132
f 736 2225 3051
f 2132 2131 734
f 2132 3051 2131
f 3051 735 2131
f 3051 2223 735
f 2225 2223 3051
f 2225 776 2223
f 739 3052 2139
f 739 2136 3052
f 2139 2142 742
f 2139 3052 2142
f 3052 738 2142
f 3052 2134 738
f 2136 2134 3052
f 2136 737 2134
f 739 3053 2136
f 739 2137 3053
f 2136 2135 737
f 2136 3053 2135
f 3053 733 2135
f 3053 2226 733
f 2137 2226 3053
f 2137 740 2226
f 741 3054 2138
f 741 2180 3054
f 2138 2137 739
f 2138 3054 2137
f 3054 740 2137
f 3054 2178 740
f 2180 2178 3054
f 2180 764 2178
f 741 3055 2143
f 741 2138 3055
f 2143 2141 744
f 2143 3055 2141
f 3055 742 2141
f 3055 2139 742
f 2138 2139 3055
f 2138 739 2139
f 744 3056 2145
f 744 2141 3056
f 2145 2147 746
f 2145 3056 2147
f 3056 743 2147
f 3056 2140 743
f 2141 2140 3056
f 2141 742 2140
f 775 3057 2220
f 775 2219 3057
f 2220 2142 738
f 2220 3057 2142
f 3057 742 2142
f 3057 2140 742
f 2219 2140 3057
f 2219 743 2140
f 761 3058 2173
f 761 2172 3058
f 2173 2144 745
f 2173 3058 2144
f 3058 744 2144
f 3058 2143 744
f 2172 2143 3058
f 2172 741 2143
f 744 3059 2144
f 744 2145 3059
f 2144 2151 745
f 2144 3059 2151
f 3059 748 2151
f 3059 2148 748
f 2145 2148 3059
f 2145 746 2148
f 749 3060 2199
f 749 2149 3060
f 2199 2146 747
f 2199 3060 2146
f 3060 746 2146
f 3060 2148 746
f 2149 2148 3060
f 2149 748 2148
f 746 3061 2146
f 746 2147 3061
f 2146 2214 747
f 2146 3061 2214
f 3061 773 2214
f 3061 2213 773
f 2147 2213 3061
f 2147 743 2213
f 751 3062 2196
f 751 2152 3062
f 2196 2149 749
f 2196 3062 2149
f 3062 748 2149
f 3062 2150 748
f 2152 2150 3062
f 2152 750 2150
f 750 3063 2150
f 750 2153 3063
f 2150 2151 748
f 2150 3063 2151
f 3063 745 2151
f 3063 2195 745
f 2153 2195 3063
f 2153 752 2195
f 750 3064 2154
f 750 2152 3064
f 2154 2156 753
f 2154 3064 2156
f 3064 679 2156
f 3064 2198 679
f 2152 2198 3064
f 2152 751 2198
f 750 3065 2153
f 750 2154 3065
f 2153 2194 752
f 2153 3065 2194
f 3065 754 2194
f 3065 2155 754
f 2154 2155 3065
f 2154 753 2155
f 753 3066 2155
f 753 2157 3066
f 2155 2163 754
f 2155 3066 2163
f 3066 756 2163
f 3066 2160 756
f 2157 2160 3066
f 2157 755 2160
f 753 3067 2157
f 753 2156 3067
f 2157 2158 755
f 2157 3067 2158
f 3067 681 2158
f 3067 2247 681
f 2156 2247 3067
f 2156 679 2247
f 683 3068 2246
f 683 2242 3068
f 2246 2158 681
f 2246 3068 2158
f 3068 755 2158
f 3068 2159 755
f 2242 2159 3068
f 2242 696 2159
f 696 3069 2159
f 696 2241 3069
f 2159 2160 755
f 2159 3069 2160
f 3069 756 2160
f 3069 2162 756
f 2241 2162 3069
f 2241 698 2162
f 757 3070 2161
f 757 2165 3070
f 2161 2163 756
f 2161 3070 2163
f 3070 754 2163
f 3070 2167 754
f 2165 2167 3070
f 2165 758 2167
f 757 3071 2164
f 757 2161 3071
f 2164 2239 701
f 2164 3071 2239
f 3071 698 2239
f 3071 2162 698
f 2161 2162 3071
f 2161 756 2162
f 757 3072 2165
f 757 2164 3072
f 2165 2166 758
f 2165 3072 2166
f 3072 704 2166
f 3072 2238 704
f 2164 2238 3072
f 2164 701 2238
f 760 3073 2193
f 760 2169 3073
f 2193 2166 704
f 2193 3073 2166
f 3073 758 2166
f 3073 2168 758
f 2169 2168 3073
f 2169 759 2168
f 759 3074 2168
f 759 2171 3074
f 2168 2167 758
f 2168 3074 2167
f 3074 754 2167
f 3074 2194 754
f 2171 2194 3074
f 2171 752 2194
f 760 3075 2169
f 760 2177 3075
f 2169 2170 759
f 2169 3075 2170
f 3075 761 2170
f 3075 2174 761
f 2177 2174 3075
f 2177 762 2174
f 761 3076 2170
f 761 2173 3076
f 2170 2171 759
f 2170 3076 2171
f 3076 752 2171
f 3076 2195 752
f 2173 2195 3076
f 2173 745 2195
f 761 3077 2172
f 761 2174 3077
f 2172 2180 741
f 2172 3077 2180
f 3077 764 2180
f 3077 2176 764
f 2174 2176 3077
f 2174 762 2176
f 763 3078 2188
f 763 2175 3078
f 2188 2192 703
f 2188 3078 2192
f 3078 760 2192
f 3078 2177 760
f 2175 2177 3078
f 2175 762 2177
f 763 3079 2175
f 763 2182 3079
f 2175 2176 762
f 2175 3079 2176
f 3079 764 2176
f 3079 2179 764
f 2182 2179 3079
f 2182 765 2179
f 764 3080 2178
f 764 2179 3080
f 2178 2185 740
f 2178 3080 2185
f 3080 766 2185
f 3080 2181 766
f 2179 2181 3080
f 2179 765 2181
f 727 3081 2232
f 727 2186 3081
f 2232 2183 725
f 2232 3081 2183
f 3081 765 2183
f 3081 2181 765
f 2186 2181 3081
f 2186 766 2181
f 725 3082 2191
f 725 2183 3082
f 2191 2187 767
f 2191 3082 2187
f 3082 763 2187
f 3082 2182 763
f 2183 2182 3082
f 2183 765 2182
f 731 3083 2184
f 731 2230 3083
f 2184 2185 766
f 2184 3083 2185
f 3083 740 2185
f 3083 2226 740
f 2230 2226 3083
f 2230 733 2226
f 763 3084 2187
f 763 2188 3084
f 2187 2190 767
f 2187 3084 2190
f 3084 706 2190
f 3084 2237 706
f 2188 2237 3084
f 2188 703 2237
f 768 3085 2200
f 768 2201 3085
f 2200 2196 749
f 2200 3085 2196
f 3085 751 2196
f 3085 2197 751
f 2201 2197 3085
f 2201 674 2197
f 768 3086 2203
f 768 2200 3086
f 2203 2206 769
f 2203 3086 2206
f 3086 747 2206
f 3086 2199 747
f 2200 2199 3086
f 2200 749 2199
f 768 3087 2202
f 768 2203 3087
f 2202 2207 675
f 2202 3087 2207
f 3087 771 2207
f 3087 2205 771
f 2203 2205 3087
f 2203 769 2205
f 747 3088 2206
f 747 2214 3088
f 2206 2204 769
f 2206 3088 2204
f 3088 770 2204
f 3088 2211 770
f 2214 2211 3088
f 2214 773 2211
f 602 3089 2212
f 602 2209 3089
f 2212 2204 770
f 2212 3089 2204
f 3089 769 2204
f 3089 2205 769
f 2209 2205 3089
f 2209 771 2205
f 601 3090 2208
f 601 2251 3090
f 2208 2207 771
f 2208 3090 2207
f 3090 675 2207
f 3090 2249 675
f 2251 2249 3090
f 2251 668 2249
f 602 3091 2289
f 602 2212 3091
f 2289 2222 604
f 2289 3091 2222
f 3091 772 2222
f 3091 2210 772
f 2212 2210 3091
f 2212 770 2210
f 774 3092 2215
f 774 2216 3092
f 2215 2211 773
f 2215 3092 2211
f 3092 770 2211
f 3092 2210 770
f 2216 2210 3092
f 2216 772 2210
f 775 3093 2219
f 775 2218 3093
f 2219 2213 743
f 2219 3093 2213
f 3093 773 2213
f 3093 2215 773
f 2218 2215 3093
f 2218 774 2215
f 774 3094 2216
f 774 2217 3094
f 2216 2221 772
f 2216 3094 2221
f 3094 776 2221
f 3094 2223 776
f 2217 2223 3094
f 2217 735 2223
f 775 3095 2218
f 775 2220 3095
f 2218 2217 774
f 2218 3095 2217
f 3095 735 2217
f 3095 2227 735
f 2220 2227 3095
f 2220 738 2227
f 604 3096 2288
f 604 2222 3096
f 2288 2224 606
f 2288 3096 2224
f 3096 776 2224
f 3096 2221 776
f 2222 2221 3096
f 2222 772 2221
f 606 3097 2287
f 606 2224 3097
f 2287 2229 609
f 2287 3097 2229
f 3097 736 2229
f 3097 2225 736
f 2224 2225 3097
f 2224 776 2225
f 736 3098 2229
f 736 2228 3098
f 2229 2286 609
f 2229 3098 2286
f 3098 611 2286
f 3098 2231 611
f 2228 2231 3098
f 2228 729 2231
f 45 3099 2322
f 45 2263 3099
f 2322 2259 47
f 2322 3099 2259
f 3099 638 2259
f 3099 2261 638
f 2263 2261 3099
f 2263 777 2261
f 638 3100 2260
f 638 2261 3100
f 2260 2272 636
f 2260 3100 2272
f 3100 778 2272
f 3100 2262 778
f 2261 2262 3100
f 2261 777 2262
f 779 3101 2264
f 779 2267 3101
f 2264 2262 777
f 2264 3101 2262
f 3101 778 2262
f 3101 2268 778
f 2267 2268 3101
f 2267 780 2268
f 45 3102 2263
f 45 2323 3102
f 2263 2264 777
f 2263 3102 2264
f 3102 779 2264
f 3102 2265 779
f 2323 2265 3102
f 2323 43 2265
f 27 3103 2330
f 27 2266 3103
f 2330 2324 30
f 2330 3103 2324
f 3103 43 2324
f 3103 2265 43
f 2266 2265 3103
f 2266 779 2265
f 25 3104 2332
f 25 2270 3104
f 2332 2266 27
f 2332 3104 2266
f 3104 779 2266
f 3104 2267 779
f 2270 2267 3104
f 2270 780 2267
f 781 3105 2274
f 781 2271 3105
f 2274 2269 625
f 2274 3105 2269
f 3105 780 2269
f 3105 2268 780
f 2271 2268 3105
f 2271 778 2268
f 622 3106 2282
f 622 2280 3106
f 2282 2270 25
f 2282 3106 2270
f 3106 780 2270
f 3106 2269 780
f 2280 2269 3106
f 2280 625 2269
f 781 3107 2271
f 781 2273 3107
f 2271 2272 778
f 2271 3107 2272
f 3107 636 2272
f 3107 2275 636
f 2273 2275 3107
f 2273 624 2275
f 36 3108 2310
f 36 2326 3108
f 2310 2311 65
f 2310 3108 2311
f 3108 63 2311
f 3108 2313 63
f 2326 2313 3108
f 2326 38 2313
f 38 3109 2313
f 38 2325 3109
f 2313 2312 63
f 2313 3109 2312
f 3109 782 2312
f 3109 2316 782
f 2325 2316 3109
f 2325 41 2316
f 783 3110 2321
f 783 2319 3110
f 2321 2316 41
f 2321 3110 2316
f 3110 782 2316
f 3110 2314 782
f 2319 2314 3110
f 2319 50 2314
